correct,example_id,failure_reason,label,model_seed,oracle_substitution,prediction,split,stage,target,target_margin,template,unrestricted_correct,unrestricted_prediction
1,F2:validation:558,,binding,23,22=19,19,validation,F2,19,2.253458023071289,reversed_predicate_control,1,19
1,F2:validation:467,symbol_mismatch,failure,23,,28,validation,F2,28,12.720646381378174,reversed_predicate_control,1,28
1,F2:validation:257,symbol_mismatch,failure,23,,28,validation,F2,28,9.598649978637695,canonical_predicate_control,1,28
1,F2:validation:633,symbol_mismatch,failure,23,,28,validation,F2,28,10.280067443847656,canonical_predicate_control,1,28
1,F2:validation:617,symbol_mismatch,failure,23,,28,validation,F2,28,3.979342460632324,reversed_functor_control,1,28
1,F2:validation:732,,binding,23,16=22,22,validation,F2,22,2.483065605163574,canonical_predicate_control,1,22
1,F2:validation:70,,binding,23,23=27,27,validation,F2,27,2.1849727630615234,canonical_predicate_control,1,27
1,F2:validation:127,symbol_mismatch,failure,23,,28,validation,F2,28,8.210741519927979,reversed_functor_control,1,28
0,F2:validation:390,,binding,23,18=19,27,validation,F2,19,-3.206653594970703,canonical_functor_control,0,27
1,F2:validation:232,,binding,23,26=24,24,validation,F2,24,4.869998931884766,reversed_functor_control,1,24
1,F2:validation:593,symbol_mismatch,failure,23,,28,validation,F2,28,7.890810489654541,canonical_functor_control,1,28
1,F2:validation:395,symbol_mismatch,failure,23,,28,validation,F2,28,8.810793399810791,canonical_functor_control,1,28
1,F2:validation:284,,binding,23,17=26,26,validation,F2,26,2.4428110122680664,reversed_predicate_control,1,26
1,F2:validation:650,,binding,23,16=17,17,validation,F2,17,1.4076452255249023,reversed_predicate_control,1,17
1,F2:validation:133,symbol_mismatch,failure,23,,28,validation,F2,28,9.403894901275635,reversed_functor_control,1,28
1,F2:validation:726,,binding,23,24=19,19,validation,F2,19,1.150670051574707,canonical_predicate_control,1,19
1,F2:validation:695,symbol_mismatch,failure,23,,28,validation,F2,28,5.679320335388184,canonical_functor_control,1,28
1,F2:validation:84,,binding,23,27=22,22,validation,F2,22,2.43210506439209,reversed_predicate_control,1,22
1,F2:validation:80,,binding,23,22=20,20,validation,F2,20,3.8586292266845703,reversed_predicate_control,1,20
1,F2:validation:728,,binding,23,23=20,20,validation,F2,20,2.0389270782470703,canonical_predicate_control,1,20
1,F2:validation:208,,binding,23,20=24,24,validation,F2,24,6.018228054046631,canonical_functor_control,1,24
1,F2:validation:203,symbol_mismatch,failure,23,,28,validation,F2,28,8.646410942077637,canonical_functor_control,1,28
1,F2:validation:105,symbol_mismatch,failure,23,,28,validation,F2,28,10.493061065673828,canonical_functor_control,1,28
1,F2:validation:525,symbol_mismatch,failure,23,,28,validation,F2,28,7.333364486694336,reversed_functor_control,1,28
1,F2:validation:716,,binding,23,24=26,26,validation,F2,26,0.2894105911254883,reversed_functor_control,1,26
1,F2:validation:340,,binding,23,25=18,18,validation,F2,18,4.4159440994262695,canonical_predicate_control,1,18
1,F2:validation:490,,binding,23,23=21,21,validation,F2,21,2.143507957458496,canonical_functor_control,1,21
0,F2:validation:370,,binding,23,16=21,28,validation,F2,21,-1.038619041442871,reversed_predicate_control,0,28
1,F2:validation:486,,binding,23,18=19,19,validation,F2,19,0.9344348907470703,canonical_functor_control,1,19
1,F2:validation:34,,binding,23,16=21,21,validation,F2,21,0.8156538009643555,reversed_functor_control,1,21
1,F2:validation:252,,binding,23,19=22,22,validation,F2,22,1.9339466094970703,canonical_predicate_control,1,22
1,F2:validation:342,,binding,23,25=19,19,validation,F2,19,1.6439590454101562,canonical_predicate_control,1,19
1,F2:validation:520,,binding,23,23=24,24,validation,F2,24,4.944969177246094,reversed_functor_control,1,24
1,F2:validation:288,,binding,23,22=16,16,validation,F2,16,3.4464521408081055,canonical_functor_control,1,16
1,F2:validation:12,,binding,23,19=22,22,validation,F2,22,3.6979379653930664,canonical_functor_control,1,22
1,F2:validation:713,symbol_mismatch,failure,23,,28,validation,F2,28,9.879404544830322,reversed_functor_control,1,28
1,F2:validation:121,symbol_mismatch,failure,23,,28,validation,F2,28,11.168321132659912,reversed_functor_control,1,28
1,F2:validation:191,symbol_mismatch,failure,23,,28,validation,F2,28,9.007950782775879,reversed_predicate_control,1,28
1,F2:validation:707,symbol_mismatch,failure,23,,28,validation,F2,28,1.29144287109375,reversed_functor_control,1,28
0,F2:validation:421,symbol_mismatch,failure,23,,22,validation,F2,28,-3.174266815185547,reversed_functor_control,0,22
1,F2:validation:400,,binding,23,20=24,24,validation,F2,24,5.769628524780273,canonical_functor_control,1,24
0,F2:validation:559,symbol_mismatch,failure,23,,19,validation,F2,28,-0.3416118621826172,reversed_predicate_control,0,19
1,F2:validation:514,,binding,23,22=21,21,validation,F2,21,1.1977958679199219,reversed_functor_control,1,21
1,F2:validation:487,symbol_mismatch,failure,23,,28,validation,F2,28,7.8325958251953125,canonical_functor_control,1,28
1,F2:validation:78,,binding,23,23=19,19,validation,F2,19,1.8338804244995117,reversed_predicate_control,1,19
1,F2:validation:577,symbol_mismatch,failure,23,,28,validation,F2,28,10.1354079246521,canonical_functor_control,1,28
1,F2:validation:406,,binding,23,24=27,27,validation,F2,27,2.4413137435913086,canonical_functor_control,1,27
1,F2:validation:361,symbol_mismatch,failure,23,,28,validation,F2,28,7.953384876251221,reversed_predicate_control,1,28
1,F2:validation:115,symbol_mismatch,failure,23,,28,validation,F2,28,6.420524597167969,canonical_functor_control,1,28
1,F2:validation:349,symbol_mismatch,failure,23,,28,validation,F2,28,6.399166584014893,canonical_predicate_control,1,28
1,F2:validation:602,,binding,23,20=17,17,validation,F2,17,2.6736831665039062,reversed_functor_control,1,17
1,F2:validation:767,symbol_mismatch,failure,23,,28,validation,F2,28,9.342761993408203,reversed_predicate_control,1,28
1,F2:validation:428,,binding,23,27=26,26,validation,F2,26,4.472751617431641,reversed_functor_control,1,26
1,F2:validation:479,symbol_mismatch,failure,23,,28,validation,F2,28,6.790468215942383,reversed_predicate_control,1,28
1,F2:validation:664,,binding,23,20=24,24,validation,F2,24,5.627079963684082,reversed_predicate_control,1,24
1,F2:validation:64,,binding,23,18=24,24,validation,F2,24,4.722442150115967,canonical_predicate_control,1,24
1,F2:validation:437,symbol_mismatch,failure,23,,28,validation,F2,28,8.757081985473633,canonical_predicate_control,1,28
1,F2:validation:334,,binding,23,18=27,27,validation,F2,27,4.947916030883789,reversed_functor_control,1,27
0,F2:validation:548,,binding,23,19=26,28,validation,F2,26,-3.6995038986206055,canonical_predicate_control,0,28
1,F2:validation:543,symbol_mismatch,failure,23,,28,validation,F2,28,9.05038070678711,canonical_predicate_control,1,28
1,F2:validation:229,symbol_mismatch,failure,23,,28,validation,F2,28,3.7257213592529297,reversed_functor_control,1,28
1,F2:validation:681,symbol_mismatch,failure,23,,28,validation,F2,28,10.905343532562256,canonical_functor_control,1,28
1,F2:validation:341,symbol_mismatch,failure,23,,28,validation,F2,28,9.460649013519287,canonical_predicate_control,1,28
1,F2:validation:456,,binding,23,26=16,16,validation,F2,16,3.945812225341797,reversed_predicate_control,1,16
0,F2:validation:691,symbol_mismatch,failure,23,,25,validation,F2,28,-3.4333133697509766,canonical_functor_control,0,25
1,F2:validation:571,symbol_mismatch,failure,23,,28,validation,F2,28,8.555918216705322,reversed_predicate_control,1,28
1,F2:validation:291,symbol_mismatch,failure,23,,28,validation,F2,28,3.0027217864990234,canonical_functor_control,1,28
1,F2:validation:118,,binding,23,21=27,27,validation,F2,27,3.712124824523926,canonical_functor_control,1,27
1,F2:validation:269,symbol_mismatch,failure,23,,28,validation,F2,28,12.360036849975586,reversed_predicate_control,1,28
1,F2:validation:211,symbol_mismatch,failure,23,,28,validation,F2,28,2.7682838439941406,canonical_functor_control,1,28
1,F2:validation:108,,binding,23,18=22,22,validation,F2,22,3.2418594360351562,canonical_functor_control,1,22
1,F2:validation:363,symbol_mismatch,failure,23,,28,validation,F2,28,10.684954643249512,reversed_predicate_control,1,28
1,F2:validation:248,,binding,23,22=20,20,validation,F2,20,4.210951805114746,canonical_predicate_control,1,20
1,F2:validation:241,symbol_mismatch,failure,23,,28,validation,F2,28,8.759490966796875,canonical_predicate_control,1,28
1,F2:validation:612,,binding,23,19=22,22,validation,F2,22,1.423203468322754,reversed_functor_control,1,22
1,F2:validation:419,symbol_mismatch,failure,23,,28,validation,F2,28,7.340205192565918,reversed_functor_control,1,28
1,F2:validation:150,,binding,23,21=19,19,validation,F2,19,1.6420574188232422,canonical_predicate_control,1,19
1,F2:validation:249,symbol_mismatch,failure,23,,28,validation,F2,28,9.871488094329834,canonical_predicate_control,1,28
0,F2:validation:755,symbol_mismatch,failure,23,,21,validation,F2,28,-1.3126964569091797,reversed_predicate_control,0,21
0,F2:validation:562,,binding,23,17=21,28,validation,F2,21,-0.1778249740600586,reversed_predicate_control,0,28
1,F2:validation:227,symbol_mismatch,failure,23,,28,validation,F2,28,7.635438919067383,reversed_functor_control,1,28
1,F2:validation:365,symbol_mismatch,failure,23,,28,validation,F2,28,11.589653015136719,reversed_predicate_control,1,28
1,F2:validation:47,symbol_mismatch,failure,23,,28,validation,F2,28,3.0111522674560547,reversed_functor_control,1,28
1,F2:validation:534,,binding,23,27=19,19,validation,F2,19,2.563065528869629,canonical_predicate_control,1,19
1,F2:validation:611,symbol_mismatch,failure,23,,28,validation,F2,28,7.3527984619140625,reversed_functor_control,1,28
1,F2:validation:392,,binding,23,18=20,20,validation,F2,20,5.422138690948486,canonical_functor_control,1,20
1,F2:validation:492,,binding,23,19=22,22,validation,F2,22,0.9633102416992188,canonical_functor_control,1,22
0,F2:validation:647,symbol_mismatch,failure,23,,27,validation,F2,28,-2.5822696685791016,canonical_predicate_control,0,27
1,F2:validation:565,symbol_mismatch,failure,23,,28,validation,F2,28,7.454834938049316,reversed_predicate_control,1,28
1,F2:validation:484,,binding,23,19=18,18,validation,F2,18,2.9516353607177734,canonical_functor_control,1,18
1,F2:validation:442,,binding,23,23=21,21,validation,F2,21,3.504304885864258,canonical_predicate_control,1,21
1,F2:validation:140,,binding,23,18=26,26,validation,F2,26,2.6351547241210938,reversed_functor_control,1,26
1,F2:validation:336,,binding,23,23=16,16,validation,F2,16,2.6550779342651367,canonical_predicate_control,1,16
1,F2:validation:306,,binding,23,22=25,25,validation,F2,25,4.3557891845703125,canonical_functor_control,1,25
1,F2:validation:330,,binding,23,16=25,25,validation,F2,25,4.192403793334961,reversed_functor_control,1,25
1,F2:validation:273,symbol_mismatch,failure,23,,28,validation,F2,28,12.93119740486145,reversed_predicate_control,1,28
1,F2:validation:642,,binding,23,22=25,25,validation,F2,25,4.750715732574463,canonical_predicate_control,1,25
1,F2:validation:762,,binding,23,22=25,25,validation,F2,25,3.902864456176758,reversed_predicate_control,1,25
1,F2:validation:130,,binding,23,26=21,21,validation,F2,21,2.1331911087036133,reversed_functor_control,1,21
1,F2:validation:734,,binding,23,25=23,23,validation,F2,23,3.487079620361328,canonical_predicate_control,1,23
1,F2:validation:694,,binding,23,20=27,27,validation,F2,27,5.177260398864746,canonical_functor_control,1,27
1,F2:validation:151,symbol_mismatch,failure,23,,28,validation,F2,28,7.977806091308594,canonical_predicate_control,1,28
1,F2:validation:687,symbol_mismatch,failure,23,,28,validation,F2,28,9.928192138671875,canonical_functor_control,1,28
1,F2:validation:378,,binding,23,24=25,25,validation,F2,25,4.8813676834106445,reversed_predicate_control,1,25
1,F2:validation:469,symbol_mismatch,failure,23,,28,validation,F2,28,11.040213584899902,reversed_predicate_control,1,28
0,F2:validation:557,symbol_mismatch,failure,23,,18,validation,F2,28,-2.1567392349243164,reversed_predicate_control,0,18
1,F2:validation:180,,binding,23,24=22,22,validation,F2,22,4.360106468200684,reversed_predicate_control,1,22
1,F2:validation:436,,binding,23,24=18,18,validation,F2,18,0.28697872161865234,canonical_predicate_control,1,18
1,F2:validation:292,,binding,23,19=18,18,validation,F2,18,4.252374649047852,canonical_functor_control,1,18
1,F2:validation:166,,binding,23,24=27,27,validation,F2,27,1.3426494598388672,canonical_predicate_control,1,27
1,F2:validation:362,,binding,23,19=17,17,validation,F2,17,2.85189151763916,reversed_predicate_control,1,17
1,F2:validation:521,symbol_mismatch,failure,23,,28,validation,F2,28,8.469107151031494,reversed_functor_control,1,28
1,F2:validation:114,,binding,23,27=25,25,validation,F2,25,4.583888053894043,canonical_functor_control,1,25
1,F2:validation:264,,binding,23,18=16,16,validation,F2,16,4.8334808349609375,reversed_predicate_control,1,16
1,F2:validation:528,,binding,23,19=16,16,validation,F2,16,2.108959197998047,canonical_predicate_control,1,16
1,F2:validation:305,symbol_mismatch,failure,23,,28,validation,F2,28,8.451142311096191,canonical_functor_control,1,28
1,F2:validation:299,symbol_mismatch,failure,23,,28,validation,F2,28,11.370457172393799,canonical_functor_control,1,28
1,F2:validation:50,,binding,23,20=17,17,validation,F2,17,3.519709587097168,canonical_predicate_control,1,17
1,F2:validation:134,,binding,23,25=23,23,validation,F2,23,4.7953948974609375,reversed_functor_control,1,23
1,F2:validation:644,,binding,23,24=26,26,validation,F2,26,1.2459096908569336,canonical_predicate_control,1,26
1,F2:validation:352,,binding,23,16=24,24,validation,F2,24,4.698031425476074,canonical_predicate_control,1,24
1,F2:validation:744,,binding,23,27=16,16,validation,F2,16,1.9020652770996094,reversed_predicate_control,1,16
1,F2:validation:329,symbol_mismatch,failure,23,,28,validation,F2,28,9.904604434967041,reversed_functor_control,1,28
1,F2:validation:684,,binding,23,24=22,22,validation,F2,22,2.4201202392578125,canonical_functor_control,1,22
1,F2:validation:391,symbol_mismatch,failure,23,,28,validation,F2,28,9.658841609954834,canonical_functor_control,1,28
1,F2:validation:447,symbol_mismatch,failure,23,,28,validation,F2,28,9.371206760406494,canonical_predicate_control,1,28
1,F2:validation:173,symbol_mismatch,failure,23,,28,validation,F2,28,10.69519853591919,reversed_predicate_control,1,28
1,F2:validation:137,symbol_mismatch,failure,23,,28,validation,F2,28,9.879175186157227,reversed_functor_control,1,28
0,F2:validation:195,symbol_mismatch,failure,23,,17,validation,F2,28,-2.396718978881836,canonical_functor_control,0,17
1,F2:validation:79,symbol_mismatch,failure,23,,28,validation,F2,28,8.691519260406494,reversed_predicate_control,1,28
1,F2:validation:374,,binding,23,16=23,23,validation,F2,23,0.5761899948120117,reversed_predicate_control,1,23
1,F2:validation:72,,binding,23,25=16,16,validation,F2,16,4.274333953857422,reversed_predicate_control,1,16
1,F2:validation:48,,binding,23,27=16,16,validation,F2,16,2.5425968170166016,canonical_predicate_control,1,16
0,F2:validation:706,,binding,23,27=21,28,validation,F2,21,-0.09519290924072266,reversed_functor_control,0,28
1,F2:validation:63,symbol_mismatch,failure,23,,28,validation,F2,28,10.434782981872559,canonical_predicate_control,1,28
1,F2:validation:23,symbol_mismatch,failure,23,,28,validation,F2,28,2.846363067626953,canonical_functor_control,1,28
0,F2:validation:641,symbol_mismatch,failure,23,,24,validation,F2,28,-3.3422183990478516,canonical_predicate_control,0,24
1,F2:validation:678,,binding,23,25=19,19,validation,F2,19,0.7453594207763672,canonical_functor_control,1,19
1,F2:validation:418,,binding,23,24=21,21,validation,F2,21,1.8098154067993164,reversed_functor_control,1,21
1,F2:validation:483,symbol_mismatch,failure,23,,28,validation,F2,28,5.560407638549805,canonical_functor_control,1,28
1,F2:validation:555,symbol_mismatch,failure,23,,28,validation,F2,28,7.934812545776367,reversed_predicate_control,1,28
1,F2:validation:752,,binding,23,18=20,20,validation,F2,20,3.6218338012695312,reversed_predicate_control,1,20
1,F2:validation:324,,binding,23,23=22,22,validation,F2,22,4.123342514038086,reversed_functor_control,1,22
1,F2:validation:458,,binding,23,26=17,17,validation,F2,17,2.5808868408203125,reversed_predicate_control,1,17
1,F2:validation:619,symbol_mismatch,failure,23,,28,validation,F2,28,9.075968265533447,reversed_functor_control,1,28
1,F2:validation:539,symbol_mismatch,failure,23,,28,validation,F2,28,8.927226543426514,canonical_predicate_control,1,28
1,F2:validation:616,,binding,23,25=24,24,validation,F2,24,4.349765777587891,reversed_functor_control,1,24
1,F2:validation:77,symbol_mismatch,failure,23,,28,validation,F2,28,13.429410934448242,reversed_predicate_control,1,28
1,F2:validation:125,symbol_mismatch,failure,23,,28,validation,F2,28,11.015220165252686,reversed_functor_control,1,28
1,F2:validation:583,symbol_mismatch,failure,23,,28,validation,F2,28,8.10028076171875,canonical_functor_control,1,28
1,F2:validation:231,symbol_mismatch,failure,23,,28,validation,F2,28,7.4529876708984375,reversed_functor_control,1,28
1,F2:validation:182,,binding,23,24=23,23,validation,F2,23,4.544730186462402,reversed_predicate_control,1,23
1,F2:validation:668,,binding,23,21=26,26,validation,F2,26,5.184589385986328,reversed_predicate_control,1,26
1,F2:validation:500,,binding,23,22=26,26,validation,F2,26,4.875424385070801,canonical_functor_control,1,26
1,F2:validation:572,,binding,23,24=26,26,validation,F2,26,2.3010454177856445,reversed_predicate_control,1,26
1,F2:validation:549,symbol_mismatch,failure,23,,28,validation,F2,28,7.99406623840332,canonical_predicate_control,1,28
1,F2:validation:298,,binding,23,20=21,21,validation,F2,21,2.822416305541992,canonical_functor_control,1,21
1,F2:validation:74,,binding,23,24=17,17,validation,F2,17,4.942593574523926,reversed_predicate_control,1,17
1,F2:validation:733,symbol_mismatch,failure,23,,28,validation,F2,28,6.951969623565674,canonical_predicate_control,1,28
1,F2:validation:748,,binding,23,27=18,18,validation,F2,18,3.1869049072265625,reversed_predicate_control,1,18
1,F2:validation:383,symbol_mismatch,failure,23,,28,validation,F2,28,7.720494270324707,reversed_predicate_control,1,28
1,F2:validation:594,,binding,23,24=25,25,validation,F2,25,4.0271806716918945,canonical_functor_control,1,25
0,F2:validation:369,symbol_mismatch,failure,23,,20,validation,F2,28,-3.0023202896118164,reversed_predicate_control,0,20
1,F2:validation:669,symbol_mismatch,failure,23,,28,validation,F2,28,2.5752077102661133,reversed_predicate_control,1,28
1,F2:validation:498,,binding,23,23=25,25,validation,F2,25,6.1387763023376465,canonical_functor_control,1,25
0,F2:validation:204,,binding,23,24=22,28,validation,F2,22,-0.3272819519042969,canonical_functor_control,0,28
1,F2:validation:613,symbol_mismatch,failure,23,,28,validation,F2,28,9.376075744628906,reversed_functor_control,1,28
1,F2:validation:220,,binding,23,20=18,18,validation,F2,18,4.203118324279785,reversed_functor_control,1,18
1,F2:validation:6,,binding,23,22=19,19,validation,F2,19,1.4028940200805664,canonical_functor_control,1,19
1,F2:validation:685,symbol_mismatch,failure,23,,28,validation,F2,28,5.514887809753418,canonical_functor_control,1,28
1,F2:validation:435,symbol_mismatch,failure,23,,28,validation,F2,28,6.1016035079956055,canonical_predicate_control,1,28
1,F2:validation:441,symbol_mismatch,failure,23,,28,validation,F2,28,9.921700954437256,canonical_predicate_control,1,28
1,F2:validation:575,symbol_mismatch,failure,23,,28,validation,F2,28,6.383352756500244,reversed_predicate_control,1,28
1,F2:validation:217,symbol_mismatch,failure,23,,28,validation,F2,28,9.088199615478516,reversed_functor_control,1,28
0,F2:validation:464,,binding,23,25=20,28,validation,F2,20,-0.5410861968994141,reversed_predicate_control,0,28
1,F2:validation:670,,binding,23,23=27,27,validation,F2,27,3.3220224380493164,reversed_predicate_control,1,27
1,F2:validation:345,symbol_mismatch,failure,23,,28,validation,F2,28,9.52991533279419,canonical_predicate_control,1,28
1,F2:validation:628,,binding,23,25=18,18,validation,F2,18,3.770112991333008,canonical_predicate_control,1,18
1,F2:validation:123,symbol_mismatch,failure,23,,28,validation,F2,28,6.743603706359863,reversed_functor_control,1,28
0,F2:validation:54,,binding,23,16=19,28,validation,F2,19,-0.43722057342529297,canonical_predicate_control,0,28
0,F2:validation:652,,binding,23,16=18,28,validation,F2,18,-1.746145248413086,reversed_predicate_control,0,28
1,F2:validation:49,symbol_mismatch,failure,23,,28,validation,F2,28,7.551741123199463,canonical_predicate_control,1,28
1,F2:validation:765,symbol_mismatch,failure,23,,28,validation,F2,28,9.47966194152832,reversed_predicate_control,1,28
1,F2:validation:226,,binding,23,18=21,21,validation,F2,21,1.7976999282836914,reversed_functor_control,1,21
1,F2:validation:624,,binding,23,26=16,16,validation,F2,16,2.6290283203125,canonical_predicate_control,1,16
1,F2:validation:271,symbol_mismatch,failure,23,,28,validation,F2,28,6.639314651489258,reversed_predicate_control,1,28
0,F2:validation:3,symbol_mismatch,failure,23,,17,validation,F2,28,-1.451766014099121,canonical_functor_control,0,17
1,F2:validation:139,symbol_mismatch,failure,23,,28,validation,F2,28,5.152833938598633,reversed_functor_control,1,28
1,F2:validation:540,,binding,23,26=22,22,validation,F2,22,0.1810474395751953,canonical_predicate_control,1,22
1,F2:validation:199,symbol_mismatch,failure,23,,28,validation,F2,28,8.635615825653076,canonical_functor_control,1,28
1,F2:validation:766,,binding,23,16=27,27,validation,F2,27,1.6448259353637695,reversed_predicate_control,1,27
1,F2:validation:517,symbol_mismatch,failure,23,,28,validation,F2,28,5.804518699645996,reversed_functor_control,1,28
1,F2:validation:317,symbol_mismatch,failure,23,,28,validation,F2,28,7.013251781463623,reversed_functor_control,1,28
0,F2:validation:560,,binding,23,16=20,28,validation,F2,20,-2.04183292388916,reversed_predicate_control,0,28
1,F2:validation:321,symbol_mismatch,failure,23,,28,validation,F2,28,1.01922607421875,reversed_functor_control,1,28
1,F2:validation:397,symbol_mismatch,failure,23,,28,validation,F2,28,3.924929618835449,canonical_functor_control,1,28
1,F2:validation:625,symbol_mismatch,failure,23,,28,validation,F2,28,5.4892473220825195,canonical_predicate_control,1,28
1,F2:validation:422,,binding,23,20=23,23,validation,F2,23,4.41397762298584,reversed_functor_control,1,23
1,F2:validation:699,symbol_mismatch,failure,23,,28,validation,F2,28,9.003175735473633,reversed_functor_control,1,28
1,F2:validation:703,symbol_mismatch,failure,23,,28,validation,F2,28,5.991769790649414,reversed_functor_control,1,28
1,F2:validation:547,symbol_mismatch,failure,23,,28,validation,F2,28,8.349006175994873,canonical_predicate_control,1,28
0,F2:validation:561,symbol_mismatch,failure,23,,20,validation,F2,28,-2.8424835205078125,reversed_predicate_control,0,20
1,F2:validation:234,,binding,23,16=25,25,validation,F2,25,3.973443031311035,reversed_functor_control,1,25
1,F2:validation:505,symbol_mismatch,failure,23,,28,validation,F2,28,10.87448501586914,reversed_functor_control,1,28
1,F2:validation:477,symbol_mismatch,failure,23,,28,validation,F2,28,10.1242036819458,reversed_predicate_control,1,28
1,F2:validation:13,symbol_mismatch,failure,23,,28,validation,F2,28,10.885685443878174,canonical_functor_control,1,28
1,F2:validation:439,symbol_mismatch,failure,23,,28,validation,F2,28,9.009117603302002,canonical_predicate_control,1,28
1,F2:validation:323,symbol_mismatch,failure,23,,28,validation,F2,28,7.577212333679199,reversed_functor_control,1,28
1,F2:validation:410,,binding,23,21=17,17,validation,F2,17,3.2650146484375,reversed_functor_control,1,17
1,F2:validation:215,symbol_mismatch,failure,23,,28,validation,F2,28,5.2283430099487305,canonical_functor_control,1,28
1,F2:validation:200,,binding,23,23=20,20,validation,F2,20,2.525899887084961,canonical_functor_control,1,20
1,F2:validation:531,symbol_mismatch,failure,23,,28,validation,F2,28,6.587974548339844,canonical_predicate_control,1,28
1,F2:validation:600,,binding,23,27=16,16,validation,F2,16,1.9975662231445312,reversed_functor_control,1,16
1,F2:validation:293,symbol_mismatch,failure,23,,28,validation,F2,28,5.732975006103516,canonical_functor_control,1,28
1,F2:validation:346,,binding,23,27=21,21,validation,F2,21,0.9869041442871094,canonical_predicate_control,1,21
1,F2:validation:700,,binding,23,17=18,18,validation,F2,18,2.4990768432617188,reversed_functor_control,1,18
1,F2:validation:5,symbol_mismatch,failure,23,,28,validation,F2,28,7.705280303955078,canonical_functor_control,1,28
1,F2:validation:81,symbol_mismatch,failure,23,,28,validation,F2,28,10.979753017425537,reversed_predicate_control,1,28
1,F2:validation:152,,binding,23,18=20,20,validation,F2,20,3.9402732849121094,canonical_predicate_control,1,20
1,F2:validation:727,symbol_mismatch,failure,23,,28,validation,F2,28,5.486771583557129,canonical_predicate_control,1,28
1,F2:validation:705,symbol_mismatch,failure,23,,28,validation,F2,28,4.6953887939453125,reversed_functor_control,1,28
1,F2:validation:738,,binding,23,22=25,25,validation,F2,25,4.71907901763916,canonical_predicate_control,1,25
1,F2:validation:569,symbol_mismatch,failure,23,,28,validation,F2,28,10.911931991577148,reversed_predicate_control,1,28
1,F2:validation:444,,binding,23,17=22,22,validation,F2,22,2.3904037475585938,canonical_predicate_control,1,22
1,F2:validation:629,symbol_mismatch,failure,23,,28,validation,F2,28,11.648181438446045,canonical_predicate_control,1,28
0,F2:validation:171,symbol_mismatch,failure,23,,17,validation,F2,28,-1.9400529861450195,reversed_predicate_control,0,17
1,F2:validation:457,symbol_mismatch,failure,23,,28,validation,F2,28,8.86349630355835,reversed_predicate_control,1,28
1,F2:validation:496,,binding,23,25=24,24,validation,F2,24,2.53045654296875,canonical_functor_control,1,24
1,F2:validation:116,,binding,23,17=26,26,validation,F2,26,3.260313034057617,canonical_functor_control,1,26
1,F2:validation:22,,binding,23,18=27,27,validation,F2,27,5.2256317138671875,canonical_functor_control,1,27
1,F2:validation:433,symbol_mismatch,failure,23,,28,validation,F2,28,12.043001651763916,canonical_predicate_control,1,28
1,F2:validation:481,symbol_mismatch,failure,23,,28,validation,F2,28,7.068781852722168,canonical_functor_control,1,28
1,F2:validation:452,,binding,23,24=26,26,validation,F2,26,5.523695945739746,canonical_predicate_control,1,26
1,F2:validation:657,symbol_mismatch,failure,23,,28,validation,F2,28,11.79324197769165,reversed_predicate_control,1,28
1,F2:validation:488,,binding,23,19=20,20,validation,F2,20,6.578718662261963,canonical_functor_control,1,20
1,F2:validation:222,,binding,23,21=19,19,validation,F2,19,1.6137590408325195,reversed_functor_control,1,19
0,F2:validation:300,,binding,23,25=22,28,validation,F2,22,-0.552241325378418,canonical_functor_control,0,28
1,F2:validation:634,,binding,23,20=21,21,validation,F2,21,3.254317283630371,canonical_predicate_control,1,21
1,F2:validation:24,,binding,23,20=16,16,validation,F2,16,3.4953527450561523,reversed_functor_control,1,16
1,F2:validation:202,,binding,23,24=21,21,validation,F2,21,4.258794784545898,canonical_functor_control,1,21
1,F2:validation:186,,binding,23,17=25,25,validation,F2,25,3.321547508239746,reversed_predicate_control,1,25
1,F2:validation:729,symbol_mismatch,failure,23,,28,validation,F2,28,10.858619213104248,canonical_predicate_control,1,28
1,F2:validation:511,symbol_mismatch,failure,23,,28,validation,F2,28,11.067167282104492,reversed_functor_control,1,28
1,F2:validation:66,,binding,23,18=25,25,validation,F2,25,5.29044771194458,canonical_predicate_control,1,25
1,F2:validation:272,,binding,23,27=20,20,validation,F2,20,3.975414276123047,reversed_predicate_control,1,20
1,F2:validation:618,,binding,23,23=25,25,validation,F2,25,4.836146354675293,reversed_functor_control,1,25
1,F2:validation:282,,binding,23,26=25,25,validation,F2,25,5.6041765213012695,reversed_predicate_control,1,25
1,F2:validation:434,,binding,23,26=17,17,validation,F2,17,3.7261905670166016,canonical_predicate_control,1,17
1,F2:validation:712,,binding,23,16=24,24,validation,F2,24,3.141324996948242,reversed_functor_control,1,24
1,F2:validation:162,,binding,23,20=25,25,validation,F2,25,5.173239707946777,canonical_predicate_control,1,25
1,F2:validation:553,symbol_mismatch,failure,23,,28,validation,F2,28,5.341530799865723,reversed_predicate_control,1,28
1,F2:validation:87,symbol_mismatch,failure,23,,28,validation,F2,28,8.258570671081543,reversed_predicate_control,1,28
1,F2:validation:0,,binding,23,26=16,16,validation,F2,16,2.800762176513672,canonical_functor_control,1,16
1,F2:validation:440,,binding,23,18=20,20,validation,F2,20,6.686638832092285,canonical_predicate_control,1,20
0,F2:validation:255,symbol_mismatch,failure,23,,23,validation,F2,28,-3.228348731994629,canonical_predicate_control,0,23
1,F2:validation:73,symbol_mismatch,failure,23,,28,validation,F2,28,5.281201362609863,reversed_predicate_control,1,28
1,F2:validation:294,,binding,23,26=19,19,validation,F2,19,2.586604118347168,canonical_functor_control,1,19
1,F2:validation:584,,binding,23,23=20,20,validation,F2,20,2.0389270782470703,canonical_functor_control,1,20
1,F2:validation:32,,binding,23,18=20,20,validation,F2,20,3.4229726791381836,reversed_functor_control,1,20
1,F2:validation:315,symbol_mismatch,failure,23,,28,validation,F2,28,9.774690628051758,reversed_functor_control,1,28
1,F2:validation:499,symbol_mismatch,failure,23,,28,validation,F2,28,11.789105892181396,canonical_functor_control,1,28
1,F2:validation:529,symbol_mismatch,failure,23,,28,validation,F2,28,5.736867904663086,canonical_predicate_control,1,28
1,F2:validation:205,symbol_mismatch,failure,23,,28,validation,F2,28,5.332300186157227,canonical_functor_control,1,28
1,F2:validation:224,,binding,23,18=20,20,validation,F2,20,2.6698780059814453,reversed_functor_control,1,20
1,F2:validation:601,symbol_mismatch,failure,23,,28,validation,F2,28,4.536457061767578,reversed_functor_control,1,28
1,F2:validation:36,,binding,23,20=22,22,validation,F2,22,4.236598014831543,reversed_functor_control,1,22
1,F2:validation:495,symbol_mismatch,failure,23,,28,validation,F2,28,11.44460153579712,canonical_functor_control,1,28
1,F2:validation:256,,binding,23,22=24,24,validation,F2,24,3.8125314712524414,canonical_predicate_control,1,24
1,F2:validation:14,,binding,23,18=23,23,validation,F2,23,3.0677356719970703,canonical_functor_control,1,23
1,F2:validation:262,,binding,23,16=27,27,validation,F2,27,1.3093843460083008,canonical_predicate_control,1,27
1,F2:validation:251,symbol_mismatch,failure,23,,28,validation,F2,28,5.32548713684082,canonical_predicate_control,1,28
0,F2:validation:75,symbol_mismatch,failure,23,,17,validation,F2,28,-1.0826749801635742,reversed_predicate_control,0,17
1,F2:validation:396,,binding,23,21=22,22,validation,F2,22,2.1448888778686523,canonical_functor_control,1,22
1,F2:validation:450,,binding,23,24=25,25,validation,F2,25,4.427392959594727,canonical_predicate_control,1,25
1,F2:validation:102,,binding,23,24=19,19,validation,F2,19,0.3912496566772461,canonical_functor_control,1,19
1,F2:validation:413,symbol_mismatch,failure,23,,28,validation,F2,28,5.8055853843688965,reversed_functor_control,1,28
1,F2:validation:31,symbol_mismatch,failure,23,,28,validation,F2,28,11.730255126953125,reversed_functor_control,1,28
1,F2:validation:289,symbol_mismatch,failure,23,,28,validation,F2,28,3.9990835189819336,canonical_functor_control,1,28
1,F2:validation:19,symbol_mismatch,failure,23,,28,validation,F2,28,10.192983627319336,canonical_functor_control,1,28
1,F2:validation:596,,binding,23,20=26,26,validation,F2,26,2.881235122680664,canonical_functor_control,1,26
1,F2:validation:515,symbol_mismatch,failure,23,,28,validation,F2,28,6.70430850982666,reversed_functor_control,1,28
1,F2:validation:165,symbol_mismatch,failure,23,,28,validation,F2,28,9.842771053314209,canonical_predicate_control,1,28
1,F2:validation:274,,binding,23,22=21,21,validation,F2,21,3.4114227294921875,reversed_predicate_control,1,21
1,F2:validation:550,,binding,23,20=27,27,validation,F2,27,3.649834632873535,canonical_predicate_control,1,27
1,F2:validation:671,symbol_mismatch,failure,23,,28,validation,F2,28,4.779069900512695,reversed_predicate_control,1,28
1,F2:validation:721,symbol_mismatch,failure,23,,28,validation,F2,28,6.393307685852051,canonical_predicate_control,1,28
1,F2:validation:364,,binding,23,24=18,18,validation,F2,18,2.8762340545654297,reversed_predicate_control,1,18
1,F2:validation:163,symbol_mismatch,failure,23,,28,validation,F2,28,2.99661922454834,canonical_predicate_control,1,28
1,F2:validation:708,,binding,23,21=22,22,validation,F2,22,3.228510856628418,reversed_functor_control,1,22
1,F2:validation:117,symbol_mismatch,failure,23,,28,validation,F2,28,6.261687278747559,canonical_functor_control,1,28
1,F2:validation:266,,binding,23,19=17,17,validation,F2,17,3.6909074783325195,reversed_predicate_control,1,17
1,F2:validation:4,,binding,23,16=18,18,validation,F2,18,2.8708925247192383,canonical_functor_control,1,18
1,F2:validation:39,symbol_mismatch,failure,23,,28,validation,F2,28,8.373198986053467,reversed_functor_control,1,28
1,F2:validation:398,,binding,23,18=23,23,validation,F2,23,1.8849153518676758,canonical_functor_control,1,23
1,F2:validation:461,symbol_mismatch,failure,23,,28,validation,F2,28,12.71142292022705,reversed_predicate_control,1,28
1,F2:validation:26,,binding,23,24=17,17,validation,F2,17,3.748763084411621,reversed_functor_control,1,17
1,F2:validation:270,,binding,23,27=19,19,validation,F2,19,1.3195219039916992,reversed_predicate_control,1,19
1,F2:validation:730,,binding,23,19=21,21,validation,F2,21,2.1991453170776367,canonical_predicate_control,1,21
1,F2:validation:119,symbol_mismatch,failure,23,,28,validation,F2,28,5.288119316101074,canonical_functor_control,1,28
1,F2:validation:15,symbol_mismatch,failure,23,,28,validation,F2,28,10.502777576446533,canonical_functor_control,1,28
1,F2:validation:242,,binding,23,25=17,17,validation,F2,17,2.4774703979492188,canonical_predicate_control,1,17
1,F2:validation:2,,binding,23,20=17,17,validation,F2,17,2.285555839538574,canonical_functor_control,1,17
1,F2:validation:614,,binding,23,20=23,23,validation,F2,23,5.096039772033691,reversed_functor_control,1,23
1,F2:validation:183,symbol_mismatch,failure,23,,28,validation,F2,28,8.498412609100342,reversed_predicate_control,1,28
1,F2:validation:83,symbol_mismatch,failure,23,,28,validation,F2,28,8.192401885986328,reversed_predicate_control,1,28
0,F2:validation:187,symbol_mismatch,failure,23,,25,validation,F2,28,-3.2770299911499023,reversed_predicate_control,0,25
1,F2:validation:28,,binding,23,23=18,18,validation,F2,18,4.340706825256348,reversed_functor_control,1,18
0,F2:validation:71,symbol_mismatch,failure,23,,27,validation,F2,28,-1.4141349792480469,canonical_predicate_control,0,27
1,F2:validation:431,symbol_mismatch,failure,23,,28,validation,F2,28,5.0429792404174805,reversed_functor_control,1,28
0,F2:validation:111,symbol_mismatch,failure,23,,23,validation,F2,28,-3.656808853149414,canonical_functor_control,0,23
0,F2:validation:327,symbol_mismatch,failure,23,,23,validation,F2,28,-5.288957595825195,reversed_functor_control,0,23
1,F2:validation:90,,binding,23,18=25,25,validation,F2,25,4.459014892578125,reversed_predicate_control,1,25
1,F2:validation:184,,binding,23,26=24,24,validation,F2,24,4.17240047454834,reversed_predicate_control,1,24
1,F2:validation:626,,binding,23,21=17,17,validation,F2,17,5.23543643951416,canonical_predicate_control,1,17
1,F2:validation:676,,binding,23,22=18,18,validation,F2,18,1.4718818664550781,canonical_functor_control,1,18
1,F2:validation:731,symbol_mismatch,failure,23,,28,validation,F2,28,9.918846130371094,canonical_predicate_control,1,28
1,F2:validation:25,symbol_mismatch,failure,23,,28,validation,F2,28,10.003083229064941,reversed_functor_control,1,28
1,F2:validation:265,symbol_mismatch,failure,23,,28,validation,F2,28,0.35792064666748047,reversed_predicate_control,1,28
1,F2:validation:45,symbol_mismatch,failure,23,,28,validation,F2,28,11.44276475906372,reversed_functor_control,1,28
1,F2:validation:86,,binding,23,17=23,23,validation,F2,23,3.2029037475585938,reversed_predicate_control,1,23
1,F2:validation:615,symbol_mismatch,failure,23,,28,validation,F2,28,8.006625652313232,reversed_functor_control,1,28
1,F2:validation:104,,binding,23,17=20,20,validation,F2,20,4.095229148864746,canonical_functor_control,1,20
0,F2:validation:574,,binding,23,20=27,28,validation,F2,27,-0.6269741058349609,reversed_predicate_control,0,28
1,F2:validation:582,,binding,23,23=19,19,validation,F2,19,2.6224117279052734,canonical_functor_control,1,19
1,F2:validation:20,,binding,23,16=26,26,validation,F2,26,5.216453552246094,canonical_functor_control,1,26
1,F2:validation:253,symbol_mismatch,failure,23,,28,validation,F2,28,4.793951034545898,canonical_predicate_control,1,28
0,F2:validation:438,,binding,23,22=19,28,validation,F2,19,-0.6739816665649414,canonical_predicate_control,0,28
1,F2:validation:245,symbol_mismatch,failure,23,,28,validation,F2,28,10.892441749572754,canonical_predicate_control,1,28
1,F2:validation:424,,binding,23,25=24,24,validation,F2,24,4.3820648193359375,reversed_functor_control,1,24
1,F2:validation:156,,binding,23,21=22,22,validation,F2,22,2.6160688400268555,canonical_predicate_control,1,22
1,F2:validation:693,symbol_mismatch,failure,23,,28,validation,F2,28,6.897137641906738,canonical_functor_control,1,28
1,F2:validation:38,,binding,23,19=23,23,validation,F2,23,1.4674615859985352,reversed_functor_control,1,23
1,F2:validation:638,,binding,23,19=23,23,validation,F2,23,1.5698556900024414,canonical_predicate_control,1,23
1,F2:validation:120,,binding,23,23=16,16,validation,F2,16,4.902494430541992,reversed_functor_control,1,16
1,F2:validation:658,,binding,23,27=21,21,validation,F2,21,0.09666633605957031,reversed_predicate_control,1,21
1,F2:validation:310,,binding,23,17=27,27,validation,F2,27,4.040755271911621,canonical_functor_control,1,27
1,F2:validation:357,symbol_mismatch,failure,23,,28,validation,F2,28,11.556960105895996,canonical_predicate_control,1,28
1,F2:validation:53,symbol_mismatch,failure,23,,28,validation,F2,28,12.677260398864746,canonical_predicate_control,1,28
1,F2:validation:470,,binding,23,16=23,23,validation,F2,23,2.3811445236206055,reversed_predicate_control,1,23
1,F2:validation:281,symbol_mismatch,failure,23,,28,validation,F2,28,3.701340675354004,reversed_predicate_control,1,28
1,F2:validation:170,,binding,23,23=17,17,validation,F2,17,5.083498954772949,reversed_predicate_control,1,17
1,F2:validation:627,symbol_mismatch,failure,23,,28,validation,F2,28,7.37191915512085,canonical_predicate_control,1,28
1,F2:validation:426,,binding,23,19=25,25,validation,F2,25,4.540281295776367,reversed_functor_control,1,25
1,F2:validation:623,symbol_mismatch,failure,23,,28,validation,F2,28,0.5789031982421875,reversed_functor_control,1,28
1,F2:validation:98,,binding,23,24=17,17,validation,F2,17,4.276425361633301,canonical_functor_control,1,17
1,F2:validation:516,,binding,23,20=22,22,validation,F2,22,2.8412742614746094,reversed_functor_control,1,22
1,F2:validation:743,symbol_mismatch,failure,23,,28,validation,F2,28,10.718976497650146,canonical_predicate_control,1,28
0,F2:validation:147,symbol_mismatch,failure,23,,17,validation,F2,28,-2.9079713821411133,canonical_predicate_control,0,17
1,F2:validation:683,symbol_mismatch,failure,23,,28,validation,F2,28,5.849979400634766,canonical_functor_control,1,28
1,F2:validation:402,,binding,23,22=25,25,validation,F2,25,4.382635116577148,canonical_functor_control,1,25
1,F2:validation:304,,binding,23,22=24,24,validation,F2,24,1.9602432250976562,canonical_functor_control,1,24
0,F2:validation:445,symbol_mismatch,failure,23,,22,validation,F2,28,-2.5871925354003906,canonical_predicate_control,0,22
1,F2:validation:318,,binding,23,20=19,19,validation,F2,19,2.525798797607422,reversed_functor_control,1,19
1,F2:validation:645,symbol_mismatch,failure,23,,28,validation,F2,28,8.754034519195557,canonical_predicate_control,1,28
1,F2:validation:9,symbol_mismatch,failure,23,,28,validation,F2,28,11.490481853485107,canonical_functor_control,1,28
1,F2:validation:709,symbol_mismatch,failure,23,,28,validation,F2,28,10.298537731170654,reversed_functor_control,1,28
1,F2:validation:169,symbol_mismatch,failure,23,,28,validation,F2,28,8.993422985076904,reversed_predicate_control,1,28
1,F2:validation:620,,binding,23,23=26,26,validation,F2,26,1.451772689819336,reversed_functor_control,1,26
1,F2:validation:482,,binding,23,19=17,17,validation,F2,17,2.863926887512207,canonical_functor_control,1,17
0,F2:validation:475,symbol_mismatch,failure,23,,25,validation,F2,28,-4.925623893737793,reversed_predicate_control,0,25
1,F2:validation:124,,binding,23,27=18,18,validation,F2,18,2.917355537414551,reversed_functor_control,1,18
1,F2:validation:405,symbol_mismatch,failure,23,,28,validation,F2,28,6.691317558288574,canonical_functor_control,1,28
1,F2:validation:275,symbol_mismatch,failure,23,,28,validation,F2,28,8.981565475463867,reversed_predicate_control,1,28
1,F2:validation:210,,binding,23,23=25,25,validation,F2,25,5.529565811157227,canonical_functor_control,1,25
1,F2:validation:268,,binding,23,22=18,18,validation,F2,18,3.9037113189697266,reversed_predicate_control,1,18
1,F2:validation:592,,binding,23,22=24,24,validation,F2,24,0.53533935546875,canonical_functor_control,1,24
1,F2:validation:308,,binding,23,21=26,26,validation,F2,26,5.330718040466309,canonical_functor_control,1,26
1,F2:validation:212,,binding,23,17=26,26,validation,F2,26,3.260313034057617,canonical_functor_control,1,26
1,F2:validation:279,symbol_mismatch,failure,23,,28,validation,F2,28,9.211065769195557,reversed_predicate_control,1,28
1,F2:validation:40,,binding,23,20=24,24,validation,F2,24,5.107023239135742,reversed_functor_control,1,24
0,F2:validation:276,,binding,23,20=22,28,validation,F2,22,-0.14493465423583984,reversed_predicate_control,0,28
1,F2:validation:89,symbol_mismatch,failure,23,,28,validation,F2,28,7.309680461883545,reversed_predicate_control,1,28
1,F2:validation:261,symbol_mismatch,failure,23,,28,validation,F2,28,6.936635971069336,canonical_predicate_control,1,28
1,F2:validation:174,,binding,23,21=19,19,validation,F2,19,0.8297300338745117,reversed_predicate_control,1,19
1,F2:validation:460,,binding,23,26=18,18,validation,F2,18,3.5233068466186523,reversed_predicate_control,1,18
1,F2:validation:758,,binding,23,26=23,23,validation,F2,23,3.053295135498047,reversed_predicate_control,1,23
1,F2:validation:267,symbol_mismatch,failure,23,,28,validation,F2,28,7.830096244812012,reversed_predicate_control,1,28
1,F2:validation:417,symbol_mismatch,failure,23,,28,validation,F2,28,9.618508338928223,reversed_functor_control,1,28
1,F2:validation:393,symbol_mismatch,failure,23,,28,validation,F2,28,7.932985305786133,canonical_functor_control,1,28
1,F2:validation:474,,binding,23,26=25,25,validation,F2,25,5.425397872924805,reversed_predicate_control,1,25
1,F2:validation:59,symbol_mismatch,failure,23,,28,validation,F2,28,12.135611057281494,canonical_predicate_control,1,28
1,F2:validation:399,symbol_mismatch,failure,23,,28,validation,F2,28,10.225749969482422,canonical_functor_control,1,28
1,F2:validation:510,,binding,23,22=19,19,validation,F2,19,0.9317655563354492,reversed_functor_control,1,19
1,F2:validation:244,,binding,23,25=18,18,validation,F2,18,4.296343803405762,canonical_predicate_control,1,18
1,F2:validation:313,symbol_mismatch,failure,23,,28,validation,F2,28,8.693684577941895,reversed_functor_control,1,28
1,F2:validation:33,symbol_mismatch,failure,23,,28,validation,F2,28,6.412927627563477,reversed_functor_control,1,28
1,F2:validation:646,,binding,23,16=27,27,validation,F2,27,2.4005069732666016,canonical_predicate_control,1,27
1,F2:validation:674,,binding,23,19=17,17,validation,F2,17,4.0881242752075195,canonical_functor_control,1,17
1,F2:validation:533,symbol_mismatch,failure,23,,28,validation,F2,28,7.183317184448242,canonical_predicate_control,1,28
1,F2:validation:747,symbol_mismatch,failure,23,,28,validation,F2,28,6.579991817474365,reversed_predicate_control,1,28
0,F2:validation:639,symbol_mismatch,failure,23,,23,validation,F2,28,-2.1343841552734375,canonical_predicate_control,0,23
1,F2:validation:113,symbol_mismatch,failure,23,,28,validation,F2,28,7.928519248962402,canonical_functor_control,1,28
1,F2:validation:277,symbol_mismatch,failure,23,,28,validation,F2,28,7.051640033721924,reversed_predicate_control,1,28
1,F2:validation:93,symbol_mismatch,failure,23,,28,validation,F2,28,4.8395843505859375,reversed_predicate_control,1,28
1,F2:validation:757,symbol_mismatch,failure,23,,28,validation,F2,28,8.59116268157959,reversed_predicate_control,1,28
1,F2:validation:585,symbol_mismatch,failure,23,,28,validation,F2,28,7.3302130699157715,canonical_functor_control,1,28
1,F2:validation:106,,binding,23,27=21,21,validation,F2,21,1.5506505966186523,canonical_functor_control,1,21
0,F2:validation:621,symbol_mismatch,failure,23,,26,validation,F2,28,-1.915975570678711,reversed_functor_control,0,26
1,F2:validation:359,symbol_mismatch,failure,23,,28,validation,F2,28,9.772708415985107,canonical_predicate_control,1,28
1,F2:validation:144,,binding,23,18=16,16,validation,F2,16,5.663886070251465,canonical_predicate_control,1,16
1,F2:validation:409,symbol_mismatch,failure,23,,28,validation,F2,28,8.176772117614746,reversed_functor_control,1,28
1,F2:validation:42,,binding,23,24=25,25,validation,F2,25,3.9308910369873047,reversed_functor_control,1,25
1,F2:validation:192,,binding,23,23=16,16,validation,F2,16,1.6752691268920898,canonical_functor_control,1,16
1,F2:validation:654,,binding,23,17=19,19,validation,F2,19,2.4014129638671875,reversed_predicate_control,1,19
1,F2:validation:411,symbol_mismatch,failure,23,,28,validation,F2,28,7.74757194519043,reversed_functor_control,1,28
1,F2:validation:506,,binding,23,24=17,17,validation,F2,17,4.188675880432129,reversed_functor_control,1,17
1,F2:validation:622,,binding,23,21=27,27,validation,F2,27,2.1520872116088867,reversed_functor_control,1,27
1,F2:validation:512,,binding,23,17=20,20,validation,F2,20,3.0221948623657227,reversed_functor_control,1,20
1,F2:validation:427,symbol_mismatch,failure,23,,28,validation,F2,28,9.855212688446045,reversed_functor_control,1,28
1,F2:validation:8,,binding,23,22=20,20,validation,F2,20,4.494419097900391,canonical_functor_control,1,20
1,F2:validation:504,,binding,23,19=16,16,validation,F2,16,3.8686952590942383,reversed_functor_control,1,16
1,F2:validation:451,symbol_mismatch,failure,23,,28,validation,F2,28,12.92860460281372,canonical_predicate_control,1,28
1,F2:validation:446,,binding,23,22=23,23,validation,F2,23,3.1728992462158203,canonical_predicate_control,1,23
1,F2:validation:91,symbol_mismatch,failure,23,,28,validation,F2,28,8.975005149841309,reversed_predicate_control,1,28
1,F2:validation:509,symbol_mismatch,failure,23,,28,validation,F2,28,7.116756439208984,reversed_functor_control,1,28
1,F2:validation:698,,binding,23,27=17,17,validation,F2,17,3.0186939239501953,reversed_functor_control,1,17
1,F2:validation:214,,binding,23,18=27,27,validation,F2,27,4.9356184005737305,canonical_functor_control,1,27
1,F2:validation:491,symbol_mismatch,failure,23,,28,validation,F2,28,11.045196533203125,canonical_functor_control,1,28
1,F2:validation:551,symbol_mismatch,failure,23,,28,validation,F2,28,7.242544174194336,canonical_predicate_control,1,28
1,F2:validation:494,,binding,23,20=23,23,validation,F2,23,1.444498062133789,canonical_functor_control,1,23
1,F2:validation:753,symbol_mismatch,failure,23,,28,validation,F2,28,10.954005718231201,reversed_predicate_control,1,28
1,F2:validation:425,symbol_mismatch,failure,23,,28,validation,F2,28,4.696815490722656,reversed_functor_control,1,28
1,F2:validation:355,symbol_mismatch,failure,23,,28,validation,F2,28,7.759532451629639,canonical_predicate_control,1,28
1,F2:validation:312,,binding,23,19=16,16,validation,F2,16,2.137875556945801,reversed_functor_control,1,16
1,F2:validation:376,,binding,23,18=24,24,validation,F2,24,4.452702522277832,reversed_predicate_control,1,24
0,F2:validation:429,symbol_mismatch,failure,23,,26,validation,F2,28,-2.6262588500976562,reversed_functor_control,0,26
1,F2:validation:372,,binding,23,26=22,22,validation,F2,22,3.270510673522949,reversed_predicate_control,1,22
1,F2:validation:385,symbol_mismatch,failure,23,,28,validation,F2,28,9.688607215881348,canonical_functor_control,1,28
1,F2:validation:238,,binding,23,20=27,27,validation,F2,27,0.5901031494140625,reversed_functor_control,1,27
0,F2:validation:588,,binding,23,25=22,28,validation,F2,22,-4.17620325088501,canonical_functor_control,0,28
1,F2:validation:454,,binding,23,19=27,27,validation,F2,27,1.2434415817260742,canonical_predicate_control,1,27
1,F2:validation:55,symbol_mismatch,failure,23,,28,validation,F2,28,7.977806091308594,canonical_predicate_control,1,28
1,F2:validation:610,,binding,23,20=21,21,validation,F2,21,2.127492904663086,reversed_functor_control,1,21
1,F2:validation:518,,binding,23,21=23,23,validation,F2,23,4.516931533813477,reversed_functor_control,1,23
1,F2:validation:717,symbol_mismatch,failure,23,,28,validation,F2,28,7.887984275817871,reversed_functor_control,1,28
1,F2:validation:672,,binding,23,20=16,16,validation,F2,16,4.7929534912109375,canonical_functor_control,1,16
1,F2:validation:606,,binding,23,17=19,19,validation,F2,19,1.2086095809936523,reversed_functor_control,1,19
1,F2:validation:384,,binding,23,17=16,16,validation,F2,16,0.21805286407470703,canonical_functor_control,1,16
1,F2:validation:343,symbol_mismatch,failure,23,,28,validation,F2,28,6.7538042068481445,canonical_predicate_control,1,28
1,F2:validation:604,,binding,23,23=18,18,validation,F2,18,1.9903078079223633,reversed_functor_control,1,18
1,F2:validation:285,symbol_mismatch,failure,23,,28,validation,F2,28,7.764254570007324,reversed_predicate_control,1,28
1,F2:validation:597,symbol_mismatch,failure,23,,28,validation,F2,28,8.854697704315186,canonical_functor_control,1,28
1,F2:validation:609,symbol_mismatch,failure,23,,28,validation,F2,28,4.645112037658691,reversed_functor_control,1,28
1,F2:validation:524,,binding,23,19=26,26,validation,F2,26,3.656707763671875,reversed_functor_control,1,26
1,F2:validation:331,symbol_mismatch,failure,23,,28,validation,F2,28,10.986745834350586,reversed_functor_control,1,28
1,F2:validation:656,,binding,23,22=20,20,validation,F2,20,3.04422664642334,reversed_predicate_control,1,20
1,F2:validation:635,symbol_mismatch,failure,23,,28,validation,F2,28,10.71767520904541,canonical_predicate_control,1,28
1,F2:validation:686,,binding,23,26=23,23,validation,F2,23,3.0569820404052734,canonical_functor_control,1,23
1,F2:validation:632,,binding,23,23=20,20,validation,F2,20,2.0505905151367188,canonical_predicate_control,1,20
0,F2:validation:465,symbol_mismatch,failure,23,,20,validation,F2,28,-3.091043472290039,reversed_predicate_control,0,20
1,F2:validation:92,,binding,23,27=26,26,validation,F2,26,4.254661560058594,reversed_predicate_control,1,26
1,F2:validation:319,symbol_mismatch,failure,23,,28,validation,F2,28,10.11399221420288,reversed_functor_control,1,28
1,F2:validation:749,symbol_mismatch,failure,23,,28,validation,F2,28,10.363669395446777,reversed_predicate_control,1,28
1,F2:validation:360,,binding,23,22=16,16,validation,F2,16,2.665475845336914,reversed_predicate_control,1,16
1,F2:validation:503,symbol_mismatch,failure,23,,28,validation,F2,28,3.7675695419311523,canonical_functor_control,1,28
1,F2:validation:353,symbol_mismatch,failure,23,,28,validation,F2,28,9.832744121551514,canonical_predicate_control,1,28
1,F2:validation:302,,binding,23,26=23,23,validation,F2,23,4.082587242126465,canonical_functor_control,1,23
1,F2:validation:599,symbol_mismatch,failure,23,,28,validation,F2,28,7.44716739654541,canonical_functor_control,1,28
1,F2:validation:154,,binding,23,16=21,21,validation,F2,21,2.0939369201660156,canonical_predicate_control,1,21
1,F2:validation:754,,binding,23,16=21,21,validation,F2,21,1.0980396270751953,reversed_predicate_control,1,21
1,F2:validation:27,symbol_mismatch,failure,23,,28,validation,F2,28,7.3014726638793945,reversed_functor_control,1,28
1,F2:validation:537,symbol_mismatch,failure,23,,28,validation,F2,28,9.38093614578247,canonical_predicate_control,1,28
1,F2:validation:420,,binding,23,27=22,22,validation,F2,22,3.130711555480957,reversed_functor_control,1,22
1,F2:validation:68,,binding,23,24=26,26,validation,F2,26,4.421263694763184,canonical_predicate_control,1,26
0,F2:validation:416,,binding,23,25=20,28,validation,F2,20,-0.5410861968994141,reversed_functor_control,0,28
1,F2:validation:216,,binding,23,23=16,16,validation,F2,16,4.900640964508057,reversed_functor_control,1,16
1,F2:validation:690,,binding,23,26=25,25,validation,F2,25,5.464029788970947,canonical_functor_control,1,25
1,F2:validation:233,symbol_mismatch,failure,23,,28,validation,F2,28,10.743861675262451,reversed_functor_control,1,28
1,F2:validation:764,,binding,23,16=26,26,validation,F2,26,0.36689090728759766,reversed_predicate_control,1,26
1,F2:validation:56,,binding,23,24=20,20,validation,F2,20,5.360610008239746,canonical_predicate_control,1,20
1,F2:validation:666,,binding,23,23=25,25,validation,F2,25,4.834168434143066,reversed_predicate_control,1,25
1,F2:validation:412,,binding,23,23=18,18,validation,F2,18,5.223928451538086,reversed_functor_control,1,18
1,F2:validation:354,,binding,23,17=25,25,validation,F2,25,4.938521385192871,canonical_predicate_control,1,25
1,F2:validation:722,,binding,23,24=17,17,validation,F2,17,3.8226823806762695,canonical_predicate_control,1,17
1,F2:validation:179,symbol_mismatch,failure,23,,28,validation,F2,28,7.608662128448486,reversed_predicate_control,1,28
1,F2:validation:209,symbol_mismatch,failure,23,,28,validation,F2,28,10.912336349487305,canonical_functor_control,1,28
1,F2:validation:296,,binding,23,16=20,20,validation,F2,20,2.596588134765625,canonical_functor_control,1,20
1,F2:validation:325,symbol_mismatch,failure,23,,28,validation,F2,28,9.280532360076904,reversed_functor_control,1,28
1,F2:validation:576,,binding,23,27=16,16,validation,F2,16,1.4378023147583008,canonical_functor_control,1,16
1,F2:validation:94,,binding,23,18=27,27,validation,F2,27,4.506522178649902,reversed_predicate_control,1,27
1,F2:validation:651,symbol_mismatch,failure,23,,28,validation,F2,28,5.153560638427734,reversed_predicate_control,1,28
1,F2:validation:382,,binding,23,21=27,27,validation,F2,27,2.08457088470459,reversed_predicate_control,1,27
1,F2:validation:462,,binding,23,24=19,19,validation,F2,19,0.46078014373779297,reversed_predicate_control,1,19
1,F2:validation:131,symbol_mismatch,failure,23,,28,validation,F2,28,10.345470905303955,reversed_functor_control,1,28
1,F2:validation:631,symbol_mismatch,failure,23,,28,validation,F2,28,7.375726699829102,canonical_predicate_control,1,28
1,F2:validation:239,symbol_mismatch,failure,23,,28,validation,F2,28,8.031209945678711,reversed_functor_control,1,28
1,F2:validation:164,,binding,23,23=26,26,validation,F2,26,7.98001766204834,canonical_predicate_control,1,26
1,F2:validation:380,,binding,23,22=26,26,validation,F2,26,4.045713424682617,reversed_predicate_control,1,26
0,F2:validation:667,symbol_mismatch,failure,23,,25,validation,F2,28,-5.031648635864258,reversed_predicate_control,0,25
1,F2:validation:379,symbol_mismatch,failure,23,,28,validation,F2,28,4.798177719116211,reversed_predicate_control,1,28
1,F2:validation:377,symbol_mismatch,failure,23,,28,validation,F2,28,7.4051432609558105,reversed_predicate_control,1,28
1,F2:validation:254,,binding,23,20=23,23,validation,F2,23,0.012526512145996094,canonical_predicate_control,1,23
1,F2:validation:18,,binding,23,17=25,25,validation,F2,25,4.9396867752075195,canonical_functor_control,1,25
1,F2:validation:689,symbol_mismatch,failure,23,,28,validation,F2,28,7.345433235168457,canonical_functor_control,1,28
1,F2:validation:608,,binding,23,17=20,20,validation,F2,20,3.2369728088378906,reversed_functor_control,1,20
1,F2:validation:1,symbol_mismatch,failure,23,,28,validation,F2,28,5.914031982421875,canonical_functor_control,1,28
1,F2:validation:697,symbol_mismatch,failure,23,,28,validation,F2,28,7.687123775482178,reversed_functor_control,1,28
1,F2:validation:655,symbol_mismatch,failure,23,,28,validation,F2,28,8.62302303314209,reversed_predicate_control,1,28
1,F2:validation:737,symbol_mismatch,failure,23,,28,validation,F2,28,10.416004657745361,canonical_predicate_control,1,28
1,F2:validation:407,symbol_mismatch,failure,23,,28,validation,F2,28,7.415135383605957,canonical_functor_control,1,28
1,F2:validation:449,symbol_mismatch,failure,23,,28,validation,F2,28,5.401800155639648,canonical_predicate_control,1,28
1,F2:validation:513,symbol_mismatch,failure,23,,28,validation,F2,28,11.743195056915283,reversed_functor_control,1,28
1,F2:validation:688,,binding,23,16=24,24,validation,F2,24,1.7566108703613281,canonical_functor_control,1,24
1,F2:validation:172,,binding,23,17=18,18,validation,F2,18,2.449946403503418,reversed_predicate_control,1,18
1,F2:validation:258,,binding,23,26=25,25,validation,F2,25,4.728518486022949,canonical_predicate_control,1,25
1,F2:validation:523,symbol_mismatch,failure,23,,28,validation,F2,28,9.565984725952148,reversed_functor_control,1,28
1,F2:validation:295,symbol_mismatch,failure,23,,28,validation,F2,28,10.134615421295166,canonical_functor_control,1,28
1,F2:validation:100,,binding,23,20=18,18,validation,F2,18,2.766058921813965,canonical_functor_control,1,18
1,F2:validation:316,,binding,23,17=18,18,validation,F2,18,2.963502883911133,reversed_functor_control,1,18
1,F2:validation:259,symbol_mismatch,failure,23,,28,validation,F2,28,9.347107410430908,canonical_predicate_control,1,28
0,F2:validation:58,,binding,23,20=21,28,validation,F2,21,-3.3416309356689453,canonical_predicate_control,0,28
1,F2:validation:358,,binding,23,22=27,27,validation,F2,27,2.9128828048706055,canonical_predicate_control,1,27
1,F2:validation:61,symbol_mismatch,failure,23,,28,validation,F2,28,2.376397132873535,canonical_predicate_control,1,28
1,F2:validation:368,,binding,23,26=20,20,validation,F2,20,3.4173240661621094,reversed_predicate_control,1,20
1,F2:validation:589,symbol_mismatch,failure,23,,28,validation,F2,28,3.891826629638672,canonical_functor_control,1,28
1,F2:validation:607,symbol_mismatch,failure,23,,28,validation,F2,28,11.786346435546875,reversed_functor_control,1,28
1,F2:validation:660,,binding,23,23=22,22,validation,F2,22,4.237449645996094,reversed_predicate_control,1,22
1,F2:validation:682,,binding,23,17=21,21,validation,F2,21,0.9912786483764648,canonical_functor_control,1,21
1,F2:validation:519,symbol_mismatch,failure,23,,28,validation,F2,28,10.801743030548096,reversed_functor_control,1,28
0,F2:validation:189,symbol_mismatch,failure,23,,26,validation,F2,28,-5.2254486083984375,reversed_predicate_control,0,26
1,F2:validation:193,symbol_mismatch,failure,23,,28,validation,F2,28,9.01981258392334,canonical_functor_control,1,28
1,F2:validation:122,,binding,23,21=17,17,validation,F2,17,3.551274299621582,reversed_functor_control,1,17
1,F2:validation:223,symbol_mismatch,failure,23,,28,validation,F2,28,9.011795043945312,reversed_functor_control,1,28
1,F2:validation:573,symbol_mismatch,failure,23,,28,validation,F2,28,7.885871410369873,reversed_predicate_control,1,28
1,F2:validation:335,symbol_mismatch,failure,23,,28,validation,F2,28,10.029121398925781,reversed_functor_control,1,28
1,F2:validation:175,symbol_mismatch,failure,23,,28,validation,F2,28,9.249562740325928,reversed_predicate_control,1,28
1,F2:validation:415,symbol_mismatch,failure,23,,28,validation,F2,28,10.133187770843506,reversed_functor_control,1,28
1,F2:validation:532,,binding,23,22=18,18,validation,F2,18,1.3305015563964844,canonical_predicate_control,1,18
1,F2:validation:110,,binding,23,16=23,23,validation,F2,23,1.9105863571166992,canonical_functor_control,1,23
1,F2:validation:476,,binding,23,16=26,26,validation,F2,26,5.23931884765625,reversed_predicate_control,1,26
1,F2:validation:138,,binding,23,24=25,25,validation,F2,25,4.656987190246582,reversed_functor_control,1,25
0,F2:validation:153,symbol_mismatch,failure,23,,20,validation,F2,28,-0.3332357406616211,canonical_predicate_control,0,20
1,F2:validation:188,,binding,23,20=26,26,validation,F2,26,4.110775470733643,reversed_predicate_control,1,26
1,F2:validation:206,,binding,23,22=23,23,validation,F2,23,2.7439374923706055,canonical_functor_control,1,23
1,F2:validation:497,symbol_mismatch,failure,23,,28,validation,F2,28,10.108203887939453,canonical_functor_control,1,28
1,F2:validation:366,,binding,23,21=19,19,validation,F2,19,1.6368169784545898,reversed_predicate_control,1,19
1,F2:validation:158,,binding,23,19=23,23,validation,F2,23,1.0565013885498047,canonical_predicate_control,1,23
1,F2:validation:194,,binding,23,23=17,17,validation,F2,17,2.022279739379883,canonical_functor_control,1,17
1,F2:validation:135,symbol_mismatch,failure,23,,28,validation,F2,28,8.8794846534729,reversed_functor_control,1,28
1,F2:validation:112,,binding,23,21=24,24,validation,F2,24,5.638550758361816,canonical_functor_control,1,24
1,F2:validation:386,,binding,23,25=17,17,validation,F2,17,2.9499807357788086,canonical_functor_control,1,17
1,F2:validation:663,symbol_mismatch,failure,23,,28,validation,F2,28,10.389437675476074,reversed_predicate_control,1,28
1,F2:validation:508,,binding,23,27=18,18,validation,F2,18,3.1886463165283203,reversed_functor_control,1,18
1,F2:validation:637,symbol_mismatch,failure,23,,28,validation,F2,28,5.480220794677734,canonical_predicate_control,1,28
1,F2:validation:167,symbol_mismatch,failure,23,,28,validation,F2,28,9.324356079101562,canonical_predicate_control,1,28
1,F2:validation:473,symbol_mismatch,failure,23,,28,validation,F2,28,10.265936851501465,reversed_predicate_control,1,28
1,F2:validation:207,symbol_mismatch,failure,23,,28,validation,F2,28,7.577425956726074,canonical_functor_control,1,28
1,F2:validation:190,,binding,23,19=27,27,validation,F2,27,3.698561668395996,reversed_predicate_control,1,27
1,F2:validation:605,symbol_mismatch,failure,23,,28,validation,F2,28,10.067148685455322,reversed_functor_control,1,28
1,F2:validation:260,,binding,23,18=26,26,validation,F2,26,3.6712074279785156,canonical_predicate_control,1,26
1,F2:validation:10,,binding,23,23=21,21,validation,F2,21,2.355100631713867,canonical_functor_control,1,21
1,F2:validation:314,,binding,23,24=17,17,validation,F2,17,1.7735843658447266,reversed_functor_control,1,17
1,F2:validation:643,symbol_mismatch,failure,23,,28,validation,F2,28,9.100218296051025,canonical_predicate_control,1,28
1,F2:validation:136,,binding,23,25=24,24,validation,F2,24,3.683535575866699,reversed_functor_control,1,24
1,F2:validation:76,,binding,23,25=18,18,validation,F2,18,1.9711532592773438,reversed_predicate_control,1,18
1,F2:validation:95,symbol_mismatch,failure,23,,28,validation,F2,28,9.431849002838135,reversed_predicate_control,1,28
1,F2:validation:677,symbol_mismatch,failure,23,,28,validation,F2,28,6.3960676193237305,canonical_functor_control,1,28
0,F2:validation:636,,binding,23,25=22,28,validation,F2,22,-4.054890155792236,canonical_predicate_control,0,28
0,F2:validation:750,,binding,23,25=19,28,validation,F2,19,-1.0930395126342773,reversed_predicate_control,0,28
0,F2:validation:742,,binding,23,25=27,28,validation,F2,27,-9.4452064037323,canonical_predicate_control,0,28
1,F2:validation:502,,binding,23,25=27,27,validation,F2,27,4.400066375732422,canonical_functor_control,1,27
1,F2:validation:337,symbol_mismatch,failure,23,,28,validation,F2,28,10.770153522491455,canonical_predicate_control,1,28
1,F2:validation:719,symbol_mismatch,failure,23,,28,validation,F2,28,8.002990245819092,reversed_functor_control,1,28
1,F2:validation:142,,binding,23,22=27,27,validation,F2,27,1.953939437866211,reversed_functor_control,1,27
1,F2:validation:404,,binding,23,16=26,26,validation,F2,26,4.020225524902344,canonical_functor_control,1,26
1,F2:validation:290,,binding,23,20=17,17,validation,F2,17,2.6561851501464844,canonical_functor_control,1,17
1,F2:validation:478,,binding,23,24=27,27,validation,F2,27,2.0986156463623047,reversed_predicate_control,1,27
1,F2:validation:590,,binding,23,18=23,23,validation,F2,23,0.802734375,canonical_functor_control,1,23
1,F2:validation:132,,binding,23,25=22,22,validation,F2,22,3.9163427352905273,reversed_functor_control,1,22
1,F2:validation:198,,binding,23,21=19,19,validation,F2,19,0.07508563995361328,canonical_functor_control,1,19
1,F2:validation:263,symbol_mismatch,failure,23,,28,validation,F2,28,9.76913833618164,canonical_predicate_control,1,28
1,F2:validation:675,symbol_mismatch,failure,23,,28,validation,F2,28,6.669495105743408,canonical_functor_control,1,28
1,F2:validation:159,symbol_mismatch,failure,23,,28,validation,F2,28,8.826229572296143,canonical_predicate_control,1,28
1,F2:validation:552,,binding,23,18=16,16,validation,F2,16,3.6895294189453125,reversed_predicate_control,1,16
1,F2:validation:237,symbol_mismatch,failure,23,,28,validation,F2,28,7.708406448364258,reversed_functor_control,1,28
1,F2:validation:29,symbol_mismatch,failure,23,,28,validation,F2,28,4.14585018157959,reversed_functor_control,1,28
1,F2:validation:587,symbol_mismatch,failure,23,,28,validation,F2,28,8.470955848693848,canonical_functor_control,1,28
1,F2:validation:82,,binding,23,17=21,21,validation,F2,21,1.338892936706543,reversed_predicate_control,1,21
1,F2:validation:287,symbol_mismatch,failure,23,,28,validation,F2,28,5.930855751037598,reversed_predicate_control,1,28
1,F2:validation:761,symbol_mismatch,failure,23,,28,validation,F2,28,7.238935470581055,reversed_predicate_control,1,28
1,F2:validation:41,symbol_mismatch,failure,23,,28,validation,F2,28,8.968079090118408,reversed_functor_control,1,28
1,F2:validation:44,,binding,23,16=26,26,validation,F2,26,3.663374900817871,reversed_functor_control,1,26
1,F2:validation:554,,binding,23,26=17,17,validation,F2,17,2.7512359619140625,reversed_predicate_control,1,17
1,F2:validation:673,symbol_mismatch,failure,23,,28,validation,F2,28,3.6045656204223633,canonical_functor_control,1,28
1,F2:validation:720,,binding,23,21=16,16,validation,F2,16,2.216632843017578,canonical_predicate_control,1,16
1,F2:validation:630,,binding,23,26=19,19,validation,F2,19,2.7919015884399414,canonical_predicate_control,1,19
1,F2:validation:659,symbol_mismatch,failure,23,,28,validation,F2,28,9.02324390411377,reversed_predicate_control,1,28
1,F2:validation:680,,binding,23,18=20,20,validation,F2,20,6.276874542236328,canonical_functor_control,1,20
1,F2:validation:328,,binding,23,17=24,24,validation,F2,24,4.737126350402832,reversed_functor_control,1,24
1,F2:validation:501,symbol_mismatch,failure,23,,28,validation,F2,28,1.6523399353027344,canonical_functor_control,1,28
1,F2:validation:126,,binding,23,23=19,19,validation,F2,19,0.9757051467895508,reversed_functor_control,1,19
1,F2:validation:387,symbol_mismatch,failure,23,,28,validation,F2,28,5.372397422790527,canonical_functor_control,1,28
0,F2:validation:197,symbol_mismatch,failure,23,,18,validation,F2,28,-2.4708452224731445,canonical_functor_control,0,18
1,F2:validation:578,,binding,23,20=17,17,validation,F2,17,2.6416053771972656,canonical_functor_control,1,17
1,F2:validation:598,,binding,23,20=27,27,validation,F2,27,6.443485260009766,canonical_functor_control,1,27
0,F2:validation:178,,binding,23,23=21,23,validation,F2,21,-4.713804244995117,reversed_predicate_control,0,23
0,F2:validation:763,symbol_mismatch,failure,23,,25,validation,F2,28,-3.420159339904785,reversed_predicate_control,0,25
1,F2:validation:230,,binding,23,24=23,23,validation,F2,23,4.382458686828613,reversed_functor_control,1,23
1,F2:validation:756,,binding,23,25=22,22,validation,F2,22,2.603663444519043,reversed_predicate_control,1,22
1,F2:validation:408,,binding,23,18=16,16,validation,F2,16,3.452145576477051,reversed_functor_control,1,16
1,F2:validation:715,symbol_mismatch,failure,23,,28,validation,F2,28,10.10155725479126,reversed_functor_control,1,28
1,F2:validation:109,symbol_mismatch,failure,23,,28,validation,F2,28,5.777549743652344,canonical_functor_control,1,28
1,F2:validation:236,,binding,23,18=26,26,validation,F2,26,2.9361467361450195,reversed_functor_control,1,26
1,F2:validation:85,symbol_mismatch,failure,23,,28,validation,F2,28,5.477205276489258,reversed_predicate_control,1,28
1,F2:validation:101,symbol_mismatch,failure,23,,28,validation,F2,28,7.5065388679504395,canonical_functor_control,1,28
1,F2:validation:653,symbol_mismatch,failure,23,,28,validation,F2,28,11.917552947998047,reversed_predicate_control,1,28
1,F2:validation:373,symbol_mismatch,failure,23,,28,validation,F2,28,7.123486518859863,reversed_predicate_control,1,28
1,F2:validation:213,symbol_mismatch,failure,23,,28,validation,F2,28,6.691317558288574,canonical_functor_control,1,28
1,F2:validation:155,symbol_mismatch,failure,23,,28,validation,F2,28,5.303769111633301,canonical_predicate_control,1,28
1,F2:validation:247,symbol_mismatch,failure,23,,28,validation,F2,28,5.756601333618164,canonical_predicate_control,1,28
1,F2:validation:563,symbol_mismatch,failure,23,,28,validation,F2,28,10.885538101196289,reversed_predicate_control,1,28
1,F2:validation:665,symbol_mismatch,failure,23,,28,validation,F2,28,2.296039581298828,reversed_predicate_control,1,28
1,F2:validation:240,,binding,23,21=16,16,validation,F2,16,1.5410661697387695,canonical_predicate_control,1,16
0,F2:validation:17,symbol_mismatch,failure,23,,24,validation,F2,28,-0.11410713195800781,canonical_functor_control,0,24
1,F2:validation:243,symbol_mismatch,failure,23,,28,validation,F2,28,5.960051536560059,canonical_predicate_control,1,28
1,F2:validation:648,,binding,23,26=16,16,validation,F2,16,4.0756378173828125,reversed_predicate_control,1,16
1,F2:validation:145,symbol_mismatch,failure,23,,28,validation,F2,28,6.738714218139648,canonical_predicate_control,1,28
1,F2:validation:339,symbol_mismatch,failure,23,,28,validation,F2,28,8.884401321411133,canonical_predicate_control,1,28
0,F2:validation:443,symbol_mismatch,failure,23,,21,validation,F2,28,-3.158583641052246,canonical_predicate_control,0,21
1,F2:validation:30,,binding,23,25=19,19,validation,F2,19,0.7523860931396484,reversed_functor_control,1,19
1,F2:validation:704,,binding,23,23=20,20,validation,F2,20,1.8432741165161133,reversed_functor_control,1,20
1,F2:validation:725,symbol_mismatch,failure,23,,28,validation,F2,28,8.812141418457031,canonical_predicate_control,1,28
1,F2:validation:760,,binding,23,20=24,24,validation,F2,24,4.964709281921387,reversed_predicate_control,1,24
1,F2:validation:536,,binding,23,25=20,20,validation,F2,20,3.7963714599609375,canonical_predicate_control,1,20
1,F2:validation:430,,binding,23,23=27,27,validation,F2,27,2.3805694580078125,reversed_functor_control,1,27
1,F2:validation:724,,binding,23,16=18,18,validation,F2,18,1.4394645690917969,canonical_predicate_control,1,18
1,F2:validation:303,symbol_mismatch,failure,23,,28,validation,F2,28,5.876354694366455,canonical_functor_control,1,28
1,F2:validation:741,symbol_mismatch,failure,23,,28,validation,F2,28,9.383204936981201,canonical_predicate_control,1,28
1,F2:validation:556,,binding,23,27=18,18,validation,F2,18,3.8054914474487305,reversed_predicate_control,1,18
1,F2:validation:718,,binding,23,18=27,27,validation,F2,27,4.818824768066406,reversed_functor_control,1,27
1,F2:validation:196,,binding,23,16=18,18,validation,F2,18,1.9254169464111328,canonical_functor_control,1,18
1,F2:validation:146,,binding,23,27=17,17,validation,F2,17,2.8665103912353516,canonical_predicate_control,1,17
1,F2:validation:250,,binding,23,16=21,21,validation,F2,21,1.9737319946289062,canonical_predicate_control,1,21
1,F2:validation:735,symbol_mismatch,failure,23,,28,validation,F2,28,10.821671962738037,canonical_predicate_control,1,28
1,F2:validation:338,,binding,23,20=17,17,validation,F2,17,2.6057376861572266,canonical_predicate_control,1,17
1,F2:validation:97,symbol_mismatch,failure,23,,28,validation,F2,28,9.504239082336426,canonical_functor_control,1,28
1,F2:validation:538,,binding,23,25=21,21,validation,F2,21,2.9059267044067383,canonical_predicate_control,1,21
1,F2:validation:35,symbol_mismatch,failure,23,,28,validation,F2,28,9.257992267608643,reversed_functor_control,1,28
1,F2:validation:103,symbol_mismatch,failure,23,,28,validation,F2,28,7.771202564239502,canonical_functor_control,1,28
1,F2:validation:351,symbol_mismatch,failure,23,,28,validation,F2,28,8.191502571105957,canonical_predicate_control,1,28
1,F2:validation:388,,binding,23,21=18,18,validation,F2,18,4.05401611328125,canonical_functor_control,1,18
1,F2:validation:567,symbol_mismatch,failure,23,,28,validation,F2,28,10.003581523895264,reversed_predicate_control,1,28
1,F2:validation:297,symbol_mismatch,failure,23,,28,validation,F2,28,8.775004386901855,canonical_functor_control,1,28
1,F2:validation:246,,binding,23,21=19,19,validation,F2,19,2.7758655548095703,canonical_predicate_control,1,19
1,F2:validation:640,,binding,23,26=24,24,validation,F2,24,2.396111488342285,canonical_predicate_control,1,24
1,F2:validation:394,,binding,23,25=21,21,validation,F2,21,3.1916751861572266,canonical_functor_control,1,21
1,F2:validation:350,,binding,23,17=23,23,validation,F2,23,2.774367332458496,canonical_predicate_control,1,23
0,F2:validation:579,symbol_mismatch,failure,23,,17,validation,F2,28,-3.3562278747558594,canonical_functor_control,0,17
1,F2:validation:375,symbol_mismatch,failure,23,,28,validation,F2,28,7.515627861022949,reversed_predicate_control,1,28
1,F2:validation:468,,binding,23,16=22,22,validation,F2,22,3.3207740783691406,reversed_predicate_control,1,22
1,F2:validation:344,,binding,23,24=20,20,validation,F2,20,4.8080034255981445,canonical_predicate_control,1,20
1,F2:validation:88,,binding,23,20=24,24,validation,F2,24,5.243956565856934,reversed_predicate_control,1,24
1,F2:validation:401,symbol_mismatch,failure,23,,28,validation,F2,28,5.494086265563965,canonical_functor_control,1,28
1,F2:validation:46,,binding,23,25=27,27,validation,F2,27,4.299959182739258,reversed_functor_control,1,27
1,F2:validation:7,symbol_mismatch,failure,23,,28,validation,F2,28,0.561091423034668,canonical_functor_control,1,28
0,F2:validation:235,symbol_mismatch,failure,23,,25,validation,F2,28,-2.0552453994750977,reversed_functor_control,0,25
1,F2:validation:432,,binding,23,24=16,16,validation,F2,16,4.528655052185059,canonical_predicate_control,1,16
1,F2:validation:51,symbol_mismatch,failure,23,,28,validation,F2,28,8.192589282989502,canonical_predicate_control,1,28
1,F2:validation:67,symbol_mismatch,failure,23,,28,validation,F2,28,5.023181438446045,canonical_predicate_control,1,28
1,F2:validation:759,symbol_mismatch,failure,23,,28,validation,F2,28,10.82145643234253,reversed_predicate_control,1,28
1,F2:validation:65,symbol_mismatch,failure,23,,28,validation,F2,28,5.8038129806518555,canonical_predicate_control,1,28
1,F2:validation:221,symbol_mismatch,failure,23,,28,validation,F2,28,10.304835796356201,reversed_functor_control,1,28
1,F2:validation:662,,binding,23,20=23,23,validation,F2,23,5.4972615242004395,reversed_predicate_control,1,23
1,F2:validation:545,symbol_mismatch,failure,23,,28,validation,F2,28,7.336858749389648,canonical_predicate_control,1,28
1,F2:validation:746,,binding,23,18=17,17,validation,F2,17,4.433967590332031,reversed_predicate_control,1,17
1,F2:validation:530,,binding,23,21=17,17,validation,F2,17,4.585968971252441,canonical_predicate_control,1,17
1,F2:validation:679,symbol_mismatch,failure,23,,28,validation,F2,28,7.489565372467041,canonical_functor_control,1,28
1,F2:validation:522,,binding,23,16=25,25,validation,F2,25,5.341193199157715,reversed_functor_control,1,25
1,F2:validation:332,,binding,23,22=26,26,validation,F2,26,6.112458229064941,reversed_functor_control,1,26
1,F2:validation:228,,binding,23,16=22,22,validation,F2,22,3.197392463684082,reversed_functor_control,1,22
1,F2:validation:371,symbol_mismatch,failure,23,,28,validation,F2,28,5.222269535064697,reversed_predicate_control,1,28
1,F2:validation:348,,binding,23,24=22,22,validation,F2,22,1.3007898330688477,canonical_predicate_control,1,22
1,F2:validation:381,symbol_mismatch,failure,23,,28,validation,F2,28,7.8592448234558105,reversed_predicate_control,1,28
1,F2:validation:62,,binding,23,18=23,23,validation,F2,23,2.954620361328125,canonical_predicate_control,1,23
1,F2:validation:176,,binding,23,19=20,20,validation,F2,20,1.4983701705932617,reversed_predicate_control,1,20
0,F2:validation:21,symbol_mismatch,failure,23,,26,validation,F2,28,-0.8490772247314453,canonical_functor_control,0,26
1,F2:validation:580,,binding,23,24=18,18,validation,F2,18,1.4668073654174805,canonical_functor_control,1,18
1,F2:validation:448,,binding,23,18=24,24,validation,F2,24,3.021918296813965,canonical_predicate_control,1,24
1,F2:validation:99,symbol_mismatch,failure,23,,28,validation,F2,28,0.25684642791748047,canonical_functor_control,1,28
1,F2:validation:37,symbol_mismatch,failure,23,,28,validation,F2,28,1.4257783889770508,reversed_functor_control,1,28
1,F2:validation:280,,binding,23,16=24,24,validation,F2,24,3.0791215896606445,reversed_predicate_control,1,24
1,F2:validation:603,symbol_mismatch,failure,23,,28,validation,F2,28,8.77977180480957,reversed_functor_control,1,28
1,F2:validation:148,,binding,23,23=18,18,validation,F2,18,5.166731834411621,canonical_predicate_control,1,18
1,F2:validation:414,,binding,23,23=19,19,validation,F2,19,1.6454858779907227,reversed_functor_control,1,19
1,F2:validation:541,symbol_mismatch,failure,23,,28,validation,F2,28,5.1465301513671875,canonical_predicate_control,1,28
1,F2:validation:745,symbol_mismatch,failure,23,,28,validation,F2,28,8.682769298553467,reversed_predicate_control,1,28
1,F2:validation:128,,binding,23,24=20,20,validation,F2,20,3.671839714050293,reversed_functor_control,1,20
1,F2:validation:692,,binding,23,18=26,26,validation,F2,26,4.259453773498535,canonical_functor_control,1,26
1,F2:validation:471,symbol_mismatch,failure,23,,28,validation,F2,28,11.09219217300415,reversed_predicate_control,1,28
1,F2:validation:278,,binding,23,24=23,23,validation,F2,23,3.7938709259033203,reversed_predicate_control,1,23
1,F2:validation:326,,binding,23,26=23,23,validation,F2,23,0.22666168212890625,reversed_functor_control,1,23
1,F2:validation:333,symbol_mismatch,failure,23,,28,validation,F2,28,9.81845998764038,reversed_functor_control,1,28
0,F2:validation:320,,binding,23,16=20,28,validation,F2,20,-5.4827799797058105,reversed_functor_control,0,28
1,F2:validation:751,symbol_mismatch,failure,23,,28,validation,F2,28,4.087369918823242,reversed_predicate_control,1,28
1,F2:validation:218,,binding,23,16=17,17,validation,F2,17,2.7576541900634766,reversed_functor_control,1,17
1,F2:validation:568,,binding,23,21=24,24,validation,F2,24,4.432914733886719,reversed_predicate_control,1,24
1,F2:validation:11,symbol_mismatch,failure,23,,28,validation,F2,28,10.718117237091064,canonical_functor_control,1,28
1,F2:validation:723,symbol_mismatch,failure,23,,28,validation,F2,28,5.348003387451172,canonical_predicate_control,1,28
1,F2:validation:286,,binding,23,24=27,27,validation,F2,27,2.727031707763672,reversed_predicate_control,1,27
1,F2:validation:485,symbol_mismatch,failure,23,,28,validation,F2,28,7.828907489776611,canonical_functor_control,1,28
1,F2:validation:43,symbol_mismatch,failure,23,,28,validation,F2,28,8.685790538787842,reversed_functor_control,1,28
1,F2:validation:389,symbol_mismatch,failure,23,,28,validation,F2,28,4.503194808959961,canonical_functor_control,1,28
1,F2:validation:566,,binding,23,19=23,23,validation,F2,23,1.4015464782714844,reversed_predicate_control,1,23
1,F2:validation:423,symbol_mismatch,failure,23,,28,validation,F2,28,8.109848022460938,reversed_functor_control,1,28
1,F2:validation:181,symbol_mismatch,failure,23,,28,validation,F2,28,7.727651119232178,reversed_predicate_control,1,28
1,F2:validation:301,symbol_mismatch,failure,23,,28,validation,F2,28,3.624603271484375,canonical_functor_control,1,28
1,F2:validation:480,,binding,23,21=16,16,validation,F2,16,3.7485198974609375,canonical_functor_control,1,16
1,F2:validation:546,,binding,23,26=25,25,validation,F2,25,5.095571517944336,canonical_predicate_control,1,25
1,F2:validation:356,,binding,23,21=26,26,validation,F2,26,5.71804141998291,canonical_predicate_control,1,26
1,F2:validation:489,symbol_mismatch,failure,23,,28,validation,F2,28,5.428964614868164,canonical_functor_control,1,28
1,F2:validation:69,symbol_mismatch,failure,23,,28,validation,F2,28,9.283648014068604,canonical_predicate_control,1,28
1,F2:validation:141,symbol_mismatch,failure,23,,28,validation,F2,28,9.77086877822876,reversed_functor_control,1,28
1,F2:validation:581,symbol_mismatch,failure,23,,28,validation,F2,28,3.6924333572387695,canonical_functor_control,1,28
1,F2:validation:507,symbol_mismatch,failure,23,,28,validation,F2,28,8.831207275390625,reversed_functor_control,1,28
0,F2:validation:347,symbol_mismatch,failure,23,,21,validation,F2,28,-0.9201774597167969,canonical_predicate_control,0,21
1,F2:validation:472,,binding,23,27=24,24,validation,F2,24,3.8715572357177734,reversed_predicate_control,1,24
1,F2:validation:107,symbol_mismatch,failure,23,,28,validation,F2,28,11.588589191436768,canonical_functor_control,1,28
1,F2:validation:52,,binding,23,24=18,18,validation,F2,18,1.4762554168701172,canonical_predicate_control,1,18
0,F2:validation:463,symbol_mismatch,failure,23,,19,validation,F2,28,-0.25249290466308594,reversed_predicate_control,0,19
1,F2:validation:96,,binding,23,25=16,16,validation,F2,16,4.259559631347656,canonical_functor_control,1,16
1,F2:validation:740,,binding,23,17=26,26,validation,F2,26,4.096875190734863,canonical_predicate_control,1,26
0,F2:validation:466,,binding,23,19=21,28,validation,F2,21,-2.0798797607421875,reversed_predicate_control,0,28
1,F2:validation:283,symbol_mismatch,failure,23,,28,validation,F2,28,13.57107162475586,reversed_predicate_control,1,28
1,F2:validation:526,,binding,23,22=27,27,validation,F2,27,1.5478439331054688,reversed_functor_control,1,27
1,F2:validation:535,symbol_mismatch,failure,23,,28,validation,F2,28,7.632801055908203,canonical_predicate_control,1,28
1,F2:validation:57,symbol_mismatch,failure,23,,28,validation,F2,28,10.384349822998047,canonical_predicate_control,1,28
1,F2:validation:157,symbol_mismatch,failure,23,,28,validation,F2,28,5.851903915405273,canonical_predicate_control,1,28
1,F2:validation:129,symbol_mismatch,failure,23,,28,validation,F2,28,12.053479671478271,reversed_functor_control,1,28
1,F2:validation:455,symbol_mismatch,failure,23,,28,validation,F2,28,8.865315437316895,canonical_predicate_control,1,28
1,F2:validation:309,symbol_mismatch,failure,23,,28,validation,F2,28,6.858819007873535,canonical_functor_control,1,28
1,F2:validation:591,symbol_mismatch,failure,23,,28,validation,F2,28,8.45054578781128,canonical_functor_control,1,28
1,F2:validation:564,,binding,23,24=22,22,validation,F2,22,3.892803192138672,reversed_predicate_control,1,22
1,F2:validation:586,,binding,23,27=21,21,validation,F2,21,2.4582958221435547,canonical_functor_control,1,21
1,F2:validation:493,symbol_mismatch,failure,23,,28,validation,F2,28,4.871020317077637,canonical_functor_control,1,28
1,F2:validation:60,,binding,23,18=22,22,validation,F2,22,1.9698619842529297,canonical_predicate_control,1,22
1,F2:validation:367,symbol_mismatch,failure,23,,28,validation,F2,28,7.668912887573242,reversed_predicate_control,1,28
1,F2:validation:311,symbol_mismatch,failure,23,,28,validation,F2,28,7.680920600891113,canonical_functor_control,1,28
0,F2:validation:459,symbol_mismatch,failure,23,,17,validation,F2,28,-2.56217098236084,reversed_predicate_control,0,17
1,F2:validation:160,,binding,23,22=24,24,validation,F2,24,3.87239933013916,canonical_predicate_control,1,24
1,F2:validation:570,,binding,23,16=25,25,validation,F2,25,4.110011100769043,reversed_predicate_control,1,25
1,F2:validation:736,,binding,23,18=24,24,validation,F2,24,2.967055320739746,canonical_predicate_control,1,24
1,F2:validation:595,symbol_mismatch,failure,23,,28,validation,F2,28,10.510392665863037,canonical_functor_control,1,28
1,F2:validation:16,,binding,23,26=24,24,validation,F2,24,2.741755485534668,canonical_functor_control,1,24
1,F2:validation:161,symbol_mismatch,failure,23,,28,validation,F2,28,10.343671321868896,canonical_predicate_control,1,28
1,F2:validation:710,,binding,23,19=23,23,validation,F2,23,4.55596923828125,reversed_functor_control,1,23
1,F2:validation:739,symbol_mismatch,failure,23,,28,validation,F2,28,8.911245822906494,canonical_predicate_control,1,28
0,F2:validation:702,,binding,23,25=19,28,validation,F2,19,-0.6594467163085938,reversed_functor_control,0,28
1,F2:validation:527,symbol_mismatch,failure,23,,28,validation,F2,28,8.34749698638916,reversed_functor_control,1,28
1,F2:validation:711,symbol_mismatch,failure,23,,28,validation,F2,28,8.373578548431396,reversed_functor_control,1,28
1,F2:validation:143,symbol_mismatch,failure,23,,28,validation,F2,28,6.999388694763184,reversed_functor_control,1,28
1,F2:validation:177,symbol_mismatch,failure,23,,28,validation,F2,28,11.904757022857666,reversed_predicate_control,1,28
1,F2:validation:544,,binding,23,25=24,24,validation,F2,24,2.204130172729492,canonical_predicate_control,1,24
1,F2:validation:661,symbol_mismatch,failure,23,,28,validation,F2,28,8.490781784057617,reversed_predicate_control,1,28
1,F2:validation:649,symbol_mismatch,failure,23,,28,validation,F2,28,8.01075792312622,reversed_predicate_control,1,28
1,F2:validation:714,,binding,23,27=25,25,validation,F2,25,3.808748245239258,reversed_functor_control,1,25
1,F2:validation:185,symbol_mismatch,failure,23,,28,validation,F2,28,7.617203712463379,reversed_predicate_control,1,28
1,F2:validation:225,symbol_mismatch,failure,23,,28,validation,F2,28,10.133639335632324,reversed_functor_control,1,28
0,F2:validation:701,symbol_mismatch,failure,23,,18,validation,F2,28,-3.8948497772216797,reversed_functor_control,0,18
1,F2:validation:403,symbol_mismatch,failure,23,,28,validation,F2,28,8.531110763549805,canonical_functor_control,1,28
1,F2:validation:168,,binding,23,22=16,16,validation,F2,16,4.30045223236084,reversed_predicate_control,1,16
1,F2:validation:696,,binding,23,26=16,16,validation,F2,16,3.94635009765625,reversed_functor_control,1,16
1,F2:validation:307,symbol_mismatch,failure,23,,28,validation,F2,28,8.786056995391846,canonical_functor_control,1,28
1,F2:validation:542,,binding,23,22=23,23,validation,F2,23,3.8104591369628906,canonical_predicate_control,1,23
1,F2:validation:219,symbol_mismatch,failure,23,,28,validation,F2,28,6.458650588989258,reversed_functor_control,1,28
1,F2:validation:201,symbol_mismatch,failure,23,,28,validation,F2,28,10.222650051116943,canonical_functor_control,1,28
0,F2:validation:322,,binding,23,19=21,28,validation,F2,21,-0.2724733352661133,reversed_functor_control,0,28
1,F2:validation:453,symbol_mismatch,failure,23,,28,validation,F2,28,5.330040454864502,canonical_predicate_control,1,28
1,F2:validation:149,symbol_mismatch,failure,23,,28,validation,F2,28,10.76716947555542,canonical_predicate_control,1,28
1,F2:test:761,symbol_mismatch,failure,23,,28,test,F2,28,8.75731897354126,reversed_predicate_control,1,28
0,F2:test:555,symbol_mismatch,failure,23,,17,test,F2,28,-4.355169296264648,reversed_predicate_control,0,17
1,F2:test:495,symbol_mismatch,failure,23,,28,test,F2,28,10.727065563201904,canonical_functor_control,1,28
1,F2:test:479,symbol_mismatch,failure,23,,28,test,F2,28,9.151857376098633,reversed_predicate_control,1,28
1,F2:test:701,symbol_mismatch,failure,23,,28,test,F2,28,11.683038711547852,reversed_functor_control,1,28
1,F2:test:233,symbol_mismatch,failure,23,,28,test,F2,28,8.94714069366455,reversed_functor_control,1,28
1,F2:test:700,,binding,23,16=18,18,test,F2,18,1.2261390686035156,reversed_functor_control,1,18
1,F2:test:560,,binding,23,16=20,20,test,F2,20,0.6587305068969727,reversed_predicate_control,1,20
1,F2:test:467,symbol_mismatch,failure,23,,28,test,F2,28,9.498233795166016,reversed_predicate_control,1,28
1,F2:test:382,,binding,23,20=27,27,test,F2,27,1.6207962036132812,reversed_predicate_control,1,27
1,F2:test:195,symbol_mismatch,failure,23,,28,test,F2,28,4.369291305541992,canonical_functor_control,1,28
1,F2:test:91,symbol_mismatch,failure,23,,28,test,F2,28,11.91892409324646,reversed_predicate_control,1,28
1,F2:test:609,symbol_mismatch,failure,23,,28,test,F2,28,9.916868686676025,reversed_functor_control,1,28
1,F2:test:202,,binding,23,18=21,21,test,F2,21,2.8435707092285156,canonical_functor_control,1,21
1,F2:test:723,symbol_mismatch,failure,23,,28,test,F2,28,5.654959678649902,canonical_predicate_control,1,28
1,F2:test:691,symbol_mismatch,failure,23,,28,test,F2,28,7.40093994140625,canonical_functor_control,1,28
1,F2:test:15,symbol_mismatch,failure,23,,28,test,F2,28,1.2900028228759766,canonical_functor_control,1,28
1,F2:test:583,symbol_mismatch,failure,23,,28,test,F2,28,11.0296950340271,canonical_functor_control,1,28
1,F2:test:163,symbol_mismatch,failure,23,,28,test,F2,28,7.053828716278076,canonical_predicate_control,1,28
1,F2:test:507,symbol_mismatch,failure,23,,28,test,F2,28,6.560707092285156,reversed_functor_control,1,28
1,F2:test:725,symbol_mismatch,failure,23,,28,test,F2,28,7.787533283233643,canonical_predicate_control,1,28
1,F2:test:662,,binding,23,20=23,23,test,F2,23,5.207551002502441,reversed_predicate_control,1,23
0,F2:test:637,symbol_mismatch,failure,23,,22,test,F2,28,-0.6700973510742188,canonical_predicate_control,0,22
1,F2:test:16,,binding,23,26=24,24,test,F2,24,2.0162487030029297,canonical_functor_control,1,24
1,F2:test:359,symbol_mismatch,failure,23,,28,test,F2,28,9.958272457122803,canonical_predicate_control,1,28
1,F2:test:38,,binding,23,25=23,23,test,F2,23,4.8776140213012695,reversed_functor_control,1,23
1,F2:test:165,symbol_mismatch,failure,23,,28,test,F2,28,7.347592353820801,canonical_predicate_control,1,28
1,F2:test:49,symbol_mismatch,failure,23,,28,test,F2,28,2.920699119567871,canonical_predicate_control,1,28
1,F2:test:585,symbol_mismatch,failure,23,,28,test,F2,28,8.549094676971436,canonical_functor_control,1,28
1,F2:test:545,symbol_mismatch,failure,23,,28,test,F2,28,9.686091423034668,canonical_predicate_control,1,28
1,F2:test:353,symbol_mismatch,failure,23,,28,test,F2,28,8.874960899353027,canonical_predicate_control,1,28
1,F2:test:138,,binding,23,18=25,25,test,F2,25,4.023077011108398,reversed_functor_control,1,25
1,F2:test:31,symbol_mismatch,failure,23,,28,test,F2,28,9.072407722473145,reversed_functor_control,1,28
1,F2:test:536,,binding,23,25=20,20,test,F2,20,1.124673843383789,canonical_predicate_control,1,20
1,F2:test:441,symbol_mismatch,failure,23,,28,test,F2,28,11.688879489898682,canonical_predicate_control,1,28
1,F2:test:231,symbol_mismatch,failure,23,,28,test,F2,28,6.596860885620117,reversed_functor_control,1,28
1,F2:test:688,,binding,23,16=24,24,test,F2,24,3.271054267883301,canonical_functor_control,1,24
1,F2:test:210,,binding,23,21=25,25,test,F2,25,5.895673751831055,canonical_functor_control,1,25
1,F2:test:158,,binding,23,27=23,23,test,F2,23,1.487351417541504,canonical_predicate_control,1,23
0,F2:test:685,symbol_mismatch,failure,23,,22,test,F2,28,-3.8691797256469727,canonical_functor_control,0,22
1,F2:test:241,symbol_mismatch,failure,23,,28,test,F2,28,10.076886177062988,canonical_predicate_control,1,28
1,F2:test:2,,binding,23,27=17,17,test,F2,17,3.591703414916992,canonical_functor_control,1,17
0,F2:test:102,,binding,23,18=19,28,test,F2,19,-1.959338665008545,canonical_functor_control,0,28
1,F2:test:18,,binding,23,22=25,25,test,F2,25,5.259358882904053,canonical_functor_control,1,25
1,F2:test:655,symbol_mismatch,failure,23,,28,test,F2,28,9.224939823150635,reversed_predicate_control,1,28
1,F2:test:196,,binding,23,17=18,18,test,F2,18,3.8841352462768555,canonical_functor_control,1,18
1,F2:test:186,,binding,23,16=25,25,test,F2,25,4.4291887283325195,reversed_predicate_control,1,25
1,F2:test:268,,binding,23,25=18,18,test,F2,18,2.138615608215332,reversed_predicate_control,1,18
0,F2:test:465,symbol_mismatch,failure,23,,20,test,F2,28,-2.000577926635742,reversed_predicate_control,0,20
1,F2:test:54,,binding,23,17=19,19,test,F2,19,2.493379592895508,canonical_predicate_control,1,19
1,F2:test:672,,binding,23,20=16,16,test,F2,16,4.676236152648926,canonical_functor_control,1,16
1,F2:test:19,symbol_mismatch,failure,23,,28,test,F2,28,10.363892555236816,canonical_functor_control,1,28
1,F2:test:732,,binding,23,24=22,22,test,F2,22,1.157191276550293,canonical_predicate_control,1,22
1,F2:test:393,symbol_mismatch,failure,23,,28,test,F2,28,10.674458026885986,canonical_functor_control,1,28
1,F2:test:307,symbol_mismatch,failure,23,,28,test,F2,28,6.342576503753662,canonical_functor_control,1,28
1,F2:test:160,,binding,23,21=24,24,test,F2,24,5.4037580490112305,canonical_predicate_control,1,24
1,F2:test:569,symbol_mismatch,failure,23,,28,test,F2,28,6.1715803146362305,reversed_predicate_control,1,28
1,F2:test:132,,binding,23,25=22,22,test,F2,22,3.936075210571289,reversed_functor_control,1,22
1,F2:test:271,symbol_mismatch,failure,23,,28,test,F2,28,7.795269012451172,reversed_predicate_control,1,28
1,F2:test:754,,binding,23,19=21,21,test,F2,21,0.6760854721069336,reversed_predicate_control,1,21
1,F2:test:407,symbol_mismatch,failure,23,,28,test,F2,28,5.707000732421875,canonical_functor_control,1,28
1,F2:test:624,,binding,23,21=16,16,test,F2,16,1.6290769577026367,canonical_predicate_control,1,16
1,F2:test:1,symbol_mismatch,failure,23,,28,test,F2,28,4.502832412719727,canonical_functor_control,1,28
1,F2:test:151,symbol_mismatch,failure,23,,28,test,F2,28,10.778880596160889,canonical_predicate_control,1,28
1,F2:test:208,,binding,23,19=24,24,test,F2,24,3.0083112716674805,canonical_functor_control,1,24
1,F2:test:472,,binding,23,20=24,24,test,F2,24,2.793628692626953,reversed_predicate_control,1,24
1,F2:test:300,,binding,23,21=22,22,test,F2,22,3.459003448486328,canonical_functor_control,1,22
1,F2:test:618,,binding,23,27=25,25,test,F2,25,4.156414031982422,reversed_functor_control,1,25
1,F2:test:270,,binding,23,17=19,19,test,F2,19,2.0769519805908203,reversed_predicate_control,1,19
0,F2:test:639,symbol_mismatch,failure,23,,23,test,F2,28,-3.6497116088867188,canonical_predicate_control,0,23
1,F2:test:427,symbol_mismatch,failure,23,,28,test,F2,28,9.81342363357544,reversed_functor_control,1,28
1,F2:test:209,symbol_mismatch,failure,23,,28,test,F2,28,9.967419147491455,canonical_functor_control,1,28
1,F2:test:667,symbol_mismatch,failure,23,,28,test,F2,28,11.574584484100342,reversed_predicate_control,1,28
1,F2:test:179,symbol_mismatch,failure,23,,28,test,F2,28,9.969269275665283,reversed_predicate_control,1,28
1,F2:test:442,,binding,23,18=21,21,test,F2,21,3.731142997741699,canonical_predicate_control,1,21
1,F2:test:52,,binding,23,19=18,18,test,F2,18,4.256345748901367,canonical_predicate_control,1,18
1,F2:test:44,,binding,23,21=26,26,test,F2,26,5.202336311340332,reversed_functor_control,1,26
1,F2:test:188,,binding,23,27=26,26,test,F2,26,4.612581253051758,reversed_predicate_control,1,26
1,F2:test:391,symbol_mismatch,failure,23,,28,test,F2,28,10.739020824432373,canonical_functor_control,1,28
1,F2:test:493,symbol_mismatch,failure,23,,28,test,F2,28,6.251729965209961,canonical_functor_control,1,28
1,F2:test:767,symbol_mismatch,failure,23,,28,test,F2,28,8.341063022613525,reversed_predicate_control,1,28
1,F2:test:256,,binding,23,18=24,24,test,F2,24,4.7288594245910645,canonical_predicate_control,1,24
1,F2:test:748,,binding,23,27=18,18,test,F2,18,4.0449018478393555,reversed_predicate_control,1,18
1,F2:test:527,symbol_mismatch,failure,23,,28,test,F2,28,7.281660556793213,reversed_functor_control,1,28
1,F2:test:702,,binding,23,27=19,19,test,F2,19,1.050710678100586,reversed_functor_control,1,19
1,F2:test:475,symbol_mismatch,failure,23,,28,test,F2,28,8.805516242980957,reversed_predicate_control,1,28
1,F2:test:664,,binding,23,19=24,24,test,F2,24,4.293099403381348,reversed_predicate_control,1,24
1,F2:test:375,symbol_mismatch,failure,23,,28,test,F2,28,8.85629653930664,reversed_predicate_control,1,28
1,F2:test:251,symbol_mismatch,failure,23,,28,test,F2,28,10.717128276824951,canonical_predicate_control,1,28
1,F2:test:319,symbol_mismatch,failure,23,,28,test,F2,28,10.4561448097229,reversed_functor_control,1,28
1,F2:test:530,,binding,23,18=17,17,test,F2,17,4.849902153015137,canonical_predicate_control,1,17
1,F2:test:763,symbol_mismatch,failure,23,,28,test,F2,28,14.11728811264038,reversed_predicate_control,1,28
1,F2:test:247,symbol_mismatch,failure,23,,28,test,F2,28,6.05441951751709,canonical_predicate_control,1,28
1,F2:test:296,,binding,23,23=20,20,test,F2,20,2.0288190841674805,canonical_functor_control,1,20
1,F2:test:24,,binding,23,18=16,16,test,F2,16,3.65017032623291,reversed_functor_control,1,16
1,F2:test:461,symbol_mismatch,failure,23,,28,test,F2,28,7.61972713470459,reversed_predicate_control,1,28
1,F2:test:316,,binding,23,20=18,18,test,F2,18,5.54672908782959,reversed_functor_control,1,18
1,F2:test:499,symbol_mismatch,failure,23,,28,test,F2,28,8.764208316802979,canonical_functor_control,1,28
1,F2:test:403,symbol_mismatch,failure,23,,28,test,F2,28,8.229101181030273,canonical_functor_control,1,28
1,F2:test:226,,binding,23,24=21,21,test,F2,21,2.2799720764160156,reversed_functor_control,1,21
1,F2:test:534,,binding,23,22=19,19,test,F2,19,1.5107250213623047,canonical_predicate_control,1,19
1,F2:test:192,,binding,23,22=16,16,test,F2,16,3.691412925720215,canonical_functor_control,1,16
1,F2:test:72,,binding,23,22=16,16,test,F2,16,2.8911352157592773,reversed_predicate_control,1,16
1,F2:test:155,symbol_mismatch,failure,23,,28,test,F2,28,12.788853645324707,canonical_predicate_control,1,28
1,F2:test:116,,binding,23,19=26,26,test,F2,26,1.442901611328125,canonical_functor_control,1,26
1,F2:test:634,,binding,23,27=21,21,test,F2,21,0.9072189331054688,canonical_predicate_control,1,21
1,F2:test:287,symbol_mismatch,failure,23,,28,test,F2,28,0.21435070037841797,reversed_predicate_control,1,28
1,F2:test:22,,binding,23,23=27,27,test,F2,27,3.042098045349121,canonical_functor_control,1,27
1,F2:test:574,,binding,23,21=27,27,test,F2,27,3.7902488708496094,reversed_predicate_control,1,27
1,F2:test:78,,binding,23,22=19,19,test,F2,19,1.6629199981689453,reversed_predicate_control,1,19
1,F2:test:232,,binding,23,17=24,24,test,F2,24,3.931903839111328,reversed_functor_control,1,24
1,F2:test:587,symbol_mismatch,failure,23,,28,test,F2,28,0.3015127182006836,canonical_functor_control,1,28
1,F2:test:223,symbol_mismatch,failure,23,,28,test,F2,28,10.133097648620605,reversed_functor_control,1,28
1,F2:test:146,,binding,23,24=17,17,test,F2,17,5.305818557739258,canonical_predicate_control,1,17
1,F2:test:81,symbol_mismatch,failure,23,,28,test,F2,28,12.076779127120972,reversed_predicate_control,1,28
1,F2:test:710,,binding,23,17=23,23,test,F2,23,3.4357833862304688,reversed_functor_control,1,23
1,F2:test:225,symbol_mismatch,failure,23,,28,test,F2,28,3.7071151733398438,reversed_functor_control,1,28
0,F2:test:619,symbol_mismatch,failure,23,,25,test,F2,28,-3.760009765625,reversed_functor_control,0,25
1,F2:test:302,,binding,23,22=23,23,test,F2,23,3.4921579360961914,canonical_functor_control,1,23
1,F2:test:371,symbol_mismatch,failure,23,,28,test,F2,28,10.418365478515625,reversed_predicate_control,1,28
1,F2:test:762,,binding,23,24=25,25,test,F2,25,3.701094627380371,reversed_predicate_control,1,25
1,F2:test:261,symbol_mismatch,failure,23,,28,test,F2,28,10.758922100067139,canonical_predicate_control,1,28
1,F2:test:244,,binding,23,25=18,18,test,F2,18,4.758172988891602,canonical_predicate_control,1,18
1,F2:test:450,,binding,23,27=25,25,test,F2,25,4.556515216827393,canonical_predicate_control,1,25
1,F2:test:367,symbol_mismatch,failure,23,,28,test,F2,28,9.43124532699585,reversed_predicate_control,1,28
1,F2:test:389,symbol_mismatch,failure,23,,28,test,F2,28,10.907817840576172,canonical_functor_control,1,28
1,F2:test:126,,binding,23,17=19,19,test,F2,19,1.1477508544921875,reversed_functor_control,1,19
1,F2:test:104,,binding,23,17=20,20,test,F2,20,5.295505523681641,canonical_functor_control,1,20
1,F2:test:581,symbol_mismatch,failure,23,,28,test,F2,28,9.41919755935669,canonical_functor_control,1,28
1,F2:test:350,,binding,23,19=23,23,test,F2,23,1.1676759719848633,canonical_predicate_control,1,23
1,F2:test:614,,binding,23,19=23,23,test,F2,23,4.492393493652344,reversed_functor_control,1,23
1,F2:test:757,symbol_mismatch,failure,23,,28,test,F2,28,11.718565464019775,reversed_predicate_control,1,28
1,F2:test:13,symbol_mismatch,failure,23,,28,test,F2,28,3.4646854400634766,canonical_functor_control,1,28
1,F2:test:408,,binding,23,18=16,16,test,F2,16,3.648138999938965,reversed_functor_control,1,16
1,F2:test:747,symbol_mismatch,failure,23,,28,test,F2,28,11.071781635284424,reversed_predicate_control,1,28
0,F2:test:515,symbol_mismatch,failure,23,,21,test,F2,28,-0.6333198547363281,reversed_functor_control,0,21
1,F2:test:141,symbol_mismatch,failure,23,,28,test,F2,28,10.259385585784912,reversed_functor_control,1,28
1,F2:test:272,,binding,23,16=20,20,test,F2,20,0.38190174102783203,reversed_predicate_control,1,20
1,F2:test:451,symbol_mismatch,failure,23,,28,test,F2,28,12.801536083221436,canonical_predicate_control,1,28
1,F2:test:285,symbol_mismatch,failure,23,,28,test,F2,28,8.581736087799072,reversed_predicate_control,1,28
1,F2:test:87,symbol_mismatch,failure,23,,28,test,F2,28,10.018256664276123,reversed_predicate_control,1,28
1,F2:test:150,,binding,23,26=19,19,test,F2,19,2.198284149169922,canonical_predicate_control,1,19
1,F2:test:480,,binding,23,26=16,16,test,F2,16,3.090115547180176,canonical_functor_control,1,16
0,F2:test:113,symbol_mismatch,failure,23,,24,test,F2,28,-2.151118278503418,canonical_functor_control,0,24
1,F2:test:511,symbol_mismatch,failure,23,,28,test,F2,28,10.32897424697876,reversed_functor_control,1,28
1,F2:test:674,,binding,23,20=17,17,test,F2,17,2.5779523849487305,canonical_functor_control,1,17
1,F2:test:206,,binding,23,17=23,23,test,F2,23,2.7806472778320312,canonical_functor_control,1,23
1,F2:test:97,symbol_mismatch,failure,23,,28,test,F2,28,4.986459732055664,canonical_functor_control,1,28
1,F2:test:406,,binding,23,21=27,27,test,F2,27,4.628023147583008,canonical_functor_control,1,27
1,F2:test:193,symbol_mismatch,failure,23,,28,test,F2,28,2.0408830642700195,canonical_functor_control,1,28
1,F2:test:727,symbol_mismatch,failure,23,,28,test,F2,28,7.607707977294922,canonical_predicate_control,1,28
1,F2:test:690,,binding,23,18=25,25,test,F2,25,5.071450710296631,canonical_functor_control,1,25
1,F2:test:395,symbol_mismatch,failure,23,,28,test,F2,28,2.501429557800293,canonical_functor_control,1,28
1,F2:test:83,symbol_mismatch,failure,23,,28,test,F2,28,9.089905738830566,reversed_predicate_control,1,28
1,F2:test:487,symbol_mismatch,failure,23,,28,test,F2,28,10.50300645828247,canonical_functor_control,1,28
1,F2:test:172,,binding,23,17=18,18,test,F2,18,2.963502883911133,reversed_predicate_control,1,18
1,F2:test:425,symbol_mismatch,failure,23,,28,test,F2,28,6.0636796951293945,reversed_functor_control,1,28
1,F2:test:697,symbol_mismatch,failure,23,,28,test,F2,28,5.800864219665527,reversed_functor_control,1,28
0,F2:test:214,,binding,23,24=27,28,test,F2,27,-12.550639152526855,canonical_functor_control,0,28
1,F2:test:627,symbol_mismatch,failure,23,,28,test,F2,28,4.3859100341796875,canonical_predicate_control,1,28
1,F2:test:354,,binding,23,22=25,25,test,F2,25,4.98630428314209,canonical_predicate_control,1,25
0,F2:test:115,symbol_mismatch,failure,23,,25,test,F2,28,-0.5601987838745117,canonical_functor_control,0,25
1,F2:test:695,symbol_mismatch,failure,23,,28,test,F2,28,8.765474796295166,canonical_functor_control,1,28
1,F2:test:404,,binding,23,17=26,26,test,F2,26,5.301244735717773,canonical_functor_control,1,26
1,F2:test:3,symbol_mismatch,failure,23,,28,test,F2,28,6.734869956970215,canonical_functor_control,1,28
1,F2:test:252,,binding,23,19=22,22,test,F2,22,3.8582162857055664,canonical_predicate_control,1,22
1,F2:test:571,symbol_mismatch,failure,23,,28,test,F2,28,8.365310192108154,reversed_predicate_control,1,28
1,F2:test:737,symbol_mismatch,failure,23,,28,test,F2,28,8.566193580627441,canonical_predicate_control,1,28
1,F2:test:329,symbol_mismatch,failure,23,,28,test,F2,28,9.382293224334717,reversed_functor_control,1,28
1,F2:test:171,symbol_mismatch,failure,23,,28,test,F2,28,8.945024490356445,reversed_predicate_control,1,28
1,F2:test:20,,binding,23,21=26,26,test,F2,26,3.6955976486206055,canonical_functor_control,1,26
1,F2:test:203,symbol_mismatch,failure,23,,28,test,F2,28,9.404644966125488,canonical_functor_control,1,28
0,F2:test:418,,binding,23,19=21,28,test,F2,21,-0.8611898422241211,reversed_functor_control,0,28
1,F2:test:557,symbol_mismatch,failure,23,,28,test,F2,28,9.426869869232178,reversed_predicate_control,1,28
1,F2:test:234,,binding,23,17=25,25,test,F2,25,3.1612682342529297,reversed_functor_control,1,25
1,F2:test:559,symbol_mismatch,failure,23,,28,test,F2,28,6.115512847900391,reversed_predicate_control,1,28
1,F2:test:682,,binding,23,26=21,21,test,F2,21,1.007558822631836,canonical_functor_control,1,21
1,F2:test:742,,binding,23,20=27,27,test,F2,27,3.5192689895629883,canonical_predicate_control,1,27
1,F2:test:35,symbol_mismatch,failure,23,,28,test,F2,28,1.101273536682129,reversed_functor_control,1,28
1,F2:test:325,symbol_mismatch,failure,23,,28,test,F2,28,3.74252986907959,reversed_functor_control,1,28
1,F2:test:29,symbol_mismatch,failure,23,,28,test,F2,28,11.600841999053955,reversed_functor_control,1,28
1,F2:test:673,symbol_mismatch,failure,23,,28,test,F2,28,4.823246002197266,canonical_functor_control,1,28
1,F2:test:135,symbol_mismatch,failure,23,,28,test,F2,28,9.861494064331055,reversed_functor_control,1,28
1,F2:test:370,,binding,23,16=21,21,test,F2,21,1.7729625701904297,reversed_predicate_control,1,21
1,F2:test:103,symbol_mismatch,failure,23,,28,test,F2,28,7.7428669929504395,canonical_functor_control,1,28
1,F2:test:586,,binding,23,20=21,21,test,F2,21,3.18295955657959,canonical_functor_control,1,21
1,F2:test:402,,binding,23,21=25,25,test,F2,25,5.881147384643555,canonical_functor_control,1,25
1,F2:test:159,symbol_mismatch,failure,23,,28,test,F2,28,10.191280841827393,canonical_predicate_control,1,28
1,F2:test:349,symbol_mismatch,failure,23,,28,test,F2,28,8.261307716369629,canonical_predicate_control,1,28
1,F2:test:504,,binding,23,27=16,16,test,F2,16,1.4606132507324219,reversed_functor_control,1,16
1,F2:test:85,symbol_mismatch,failure,23,,28,test,F2,28,7.934284687042236,reversed_predicate_control,1,28
1,F2:test:217,symbol_mismatch,failure,23,,28,test,F2,28,5.389870643615723,reversed_functor_control,1,28
1,F2:test:445,symbol_mismatch,failure,23,,28,test,F2,28,4.116059303283691,canonical_predicate_control,1,28
1,F2:test:90,,binding,23,18=25,25,test,F2,25,3.623798370361328,reversed_predicate_control,1,25
1,F2:test:161,symbol_mismatch,failure,23,,28,test,F2,28,8.406563758850098,canonical_predicate_control,1,28
1,F2:test:106,,binding,23,18=21,21,test,F2,21,1.8812294006347656,canonical_functor_control,1,21
1,F2:test:33,symbol_mismatch,failure,23,,28,test,F2,28,8.41321611404419,reversed_functor_control,1,28
1,F2:test:464,,binding,23,25=20,20,test,F2,20,1.3303966522216797,reversed_predicate_control,1,20
1,F2:test:313,symbol_mismatch,failure,23,,28,test,F2,28,6.044649124145508,reversed_functor_control,1,28
1,F2:test:428,,binding,23,27=26,26,test,F2,26,4.672646522521973,reversed_functor_control,1,26
1,F2:test:670,,binding,23,17=27,27,test,F2,27,1.7372798919677734,reversed_predicate_control,1,27
1,F2:test:348,,binding,23,27=22,22,test,F2,22,4.171703338623047,canonical_predicate_control,1,22
1,F2:test:346,,binding,23,24=21,21,test,F2,21,4.267441749572754,canonical_predicate_control,1,21
1,F2:test:601,symbol_mismatch,failure,23,,28,test,F2,28,9.39304256439209,reversed_functor_control,1,28
1,F2:test:384,,binding,23,26=16,16,test,F2,16,2.817720413208008,canonical_functor_control,1,16
1,F2:test:721,symbol_mismatch,failure,23,,28,test,F2,28,11.03779935836792,canonical_predicate_control,1,28
1,F2:test:478,,binding,23,18=27,27,test,F2,27,4.698545455932617,reversed_predicate_control,1,27
1,F2:test:458,,binding,23,26=17,17,test,F2,17,1.0863590240478516,reversed_predicate_control,1,17
1,F2:test:568,,binding,23,19=24,24,test,F2,24,4.746485710144043,reversed_predicate_control,1,24
1,F2:test:596,,binding,23,16=26,26,test,F2,26,4.26341438293457,canonical_functor_control,1,26
1,F2:test:726,,binding,23,20=19,19,test,F2,19,3.1323490142822266,canonical_predicate_control,1,19
1,F2:test:409,symbol_mismatch,failure,23,,28,test,F2,28,7.3138837814331055,reversed_functor_control,1,28
1,F2:test:5,symbol_mismatch,failure,23,,28,test,F2,28,5.689634323120117,canonical_functor_control,1,28
1,F2:test:717,symbol_mismatch,failure,23,,28,test,F2,28,7.54884672164917,reversed_functor_control,1,28
1,F2:test:692,,binding,23,27=26,26,test,F2,26,4.467951774597168,canonical_functor_control,1,26
1,F2:test:611,symbol_mismatch,failure,23,,28,test,F2,28,6.663290500640869,reversed_functor_control,1,28
1,F2:test:416,,binding,23,26=20,20,test,F2,20,4.477557182312012,reversed_functor_control,1,20
1,F2:test:423,symbol_mismatch,failure,23,,28,test,F2,28,9.596266746520996,reversed_functor_control,1,28
1,F2:test:320,,binding,23,27=20,20,test,F2,20,2.952815055847168,reversed_functor_control,1,20
1,F2:test:112,,binding,23,22=24,24,test,F2,24,0.53533935546875,canonical_functor_control,1,24
1,F2:test:105,symbol_mismatch,failure,23,,28,test,F2,28,11.939384460449219,canonical_functor_control,1,28
0,F2:test:68,,binding,23,19=26,28,test,F2,26,-1.6972846984863281,canonical_predicate_control,0,28
1,F2:test:765,symbol_mismatch,failure,23,,28,test,F2,28,7.226491928100586,reversed_predicate_control,1,28
1,F2:test:332,,binding,23,21=26,26,test,F2,26,5.477893829345703,reversed_functor_control,1,26
1,F2:test:117,symbol_mismatch,failure,23,,28,test,F2,28,9.296140193939209,canonical_functor_control,1,28
1,F2:test:440,,binding,23,26=20,20,test,F2,20,4.1426167488098145,canonical_predicate_control,1,20
1,F2:test:595,symbol_mismatch,failure,23,,28,test,F2,28,9.67253589630127,canonical_functor_control,1,28
1,F2:test:218,,binding,23,22=17,17,test,F2,17,2.7188949584960938,reversed_functor_control,1,17
1,F2:test:323,symbol_mismatch,failure,23,,28,test,F2,28,10.281069278717041,reversed_functor_control,1,28
1,F2:test:477,symbol_mismatch,failure,23,,28,test,F2,28,7.5943522453308105,reversed_predicate_control,1,28
1,F2:test:452,,binding,23,24=26,26,test,F2,26,5.497598648071289,canonical_predicate_control,1,26
1,F2:test:514,,binding,23,22=21,21,test,F2,21,2.897336959838867,reversed_functor_control,1,21
1,F2:test:240,,binding,23,17=16,16,test,F2,16,3.4400243759155273,canonical_predicate_control,1,16
1,F2:test:228,,binding,23,26=22,22,test,F2,22,3.587594985961914,reversed_functor_control,1,22
0,F2:test:178,,binding,23,19=21,28,test,F2,21,-0.1963024139404297,reversed_predicate_control,0,28
1,F2:test:607,symbol_mismatch,failure,23,,28,test,F2,28,9.976053237915039,reversed_functor_control,1,28
1,F2:test:744,,binding,23,26=16,16,test,F2,16,4.015207290649414,reversed_predicate_control,1,16
1,F2:test:139,symbol_mismatch,failure,23,,28,test,F2,28,9.897488117218018,reversed_functor_control,1,28
1,F2:test:419,symbol_mismatch,failure,23,,28,test,F2,28,10.729348182678223,reversed_functor_control,1,28
1,F2:test:481,symbol_mismatch,failure,23,,28,test,F2,28,6.722447395324707,canonical_functor_control,1,28
1,F2:test:149,symbol_mismatch,failure,23,,28,test,F2,28,13.013933658599854,canonical_predicate_control,1,28
1,F2:test:612,,binding,23,17=22,22,test,F2,22,2.761140823364258,reversed_functor_control,1,22
1,F2:test:71,symbol_mismatch,failure,23,,28,test,F2,28,7.27337646484375,canonical_predicate_control,1,28
1,F2:test:269,symbol_mismatch,failure,23,,28,test,F2,28,12.81714415550232,reversed_predicate_control,1,28
1,F2:test:474,,binding,23,21=25,25,test,F2,25,3.8086814880371094,reversed_predicate_control,1,25
1,F2:test:76,,binding,23,25=18,18,test,F2,18,2.327564239501953,reversed_predicate_control,1,18
1,F2:test:341,symbol_mismatch,failure,23,,28,test,F2,28,12.31727647781372,canonical_predicate_control,1,28
1,F2:test:678,,binding,23,27=19,19,test,F2,19,2.8261404037475586,canonical_functor_control,1,19
1,F2:test:381,symbol_mismatch,failure,23,,28,test,F2,28,6.94549560546875,reversed_predicate_control,1,28
1,F2:test:630,,binding,23,23=19,19,test,F2,19,2.253995895385742,canonical_predicate_control,1,19
1,F2:test:658,,binding,23,18=21,21,test,F2,21,1.7803630828857422,reversed_predicate_control,1,21
1,F2:test:0,,binding,23,19=16,16,test,F2,16,1.5485515594482422,canonical_functor_control,1,16
0,F2:test:517,symbol_mismatch,failure,23,,23,test,F2,28,-3.577244758605957,reversed_functor_control,0,23
1,F2:test:376,,binding,23,19=24,24,test,F2,24,5.281497001647949,reversed_predicate_control,1,24
1,F2:test:88,,binding,23,19=24,24,test,F2,24,3.0688915252685547,reversed_predicate_control,1,24
1,F2:test:100,,binding,23,25=18,18,test,F2,18,3.888381004333496,canonical_functor_control,1,18
0,F2:test:45,symbol_mismatch,failure,23,,26,test,F2,28,-3.9116525650024414,reversed_functor_control,0,26
0,F2:test:743,symbol_mismatch,failure,23,,27,test,F2,28,-3.272369384765625,canonical_predicate_control,0,27
1,F2:test:131,symbol_mismatch,failure,23,,28,test,F2,28,9.337340354919434,reversed_functor_control,1,28
1,F2:test:521,symbol_mismatch,failure,23,,28,test,F2,28,9.846352100372314,reversed_functor_control,1,28
1,F2:test:110,,binding,23,19=23,23,test,F2,23,0.5109491348266602,canonical_functor_control,1,23
1,F2:test:77,symbol_mismatch,failure,23,,28,test,F2,28,12.400017499923706,reversed_predicate_control,1,28
1,F2:test:378,,binding,23,18=25,25,test,F2,25,3.6265087127685547,reversed_predicate_control,1,25
1,F2:test:157,symbol_mismatch,failure,23,,28,test,F2,28,4.989348411560059,canonical_predicate_control,1,28
1,F2:test:369,symbol_mismatch,failure,23,,28,test,F2,28,11.089994430541992,reversed_predicate_control,1,28
1,F2:test:333,symbol_mismatch,failure,23,,28,test,F2,28,9.434374332427979,reversed_functor_control,1,28
1,F2:test:640,,binding,23,16=24,24,test,F2,24,4.4550933837890625,canonical_predicate_control,1,24
1,F2:test:498,,binding,23,17=25,25,test,F2,25,3.974888801574707,canonical_functor_control,1,25
1,F2:test:566,,binding,23,17=23,23,test,F2,23,2.2942943572998047,reversed_predicate_control,1,23
1,F2:test:284,,binding,23,19=26,26,test,F2,26,1.4683380126953125,reversed_predicate_control,1,26
1,F2:test:96,,binding,23,22=16,16,test,F2,16,3.0183238983154297,canonical_functor_control,1,16
1,F2:test:315,symbol_mismatch,failure,23,,28,test,F2,28,1.3419122695922852,reversed_functor_control,1,28
1,F2:test:230,,binding,23,26=23,23,test,F2,23,3.2758655548095703,reversed_functor_control,1,23
0,F2:test:396,,binding,23,25=22,28,test,F2,22,-4.258464336395264,canonical_functor_control,0,28
1,F2:test:368,,binding,23,25=20,20,test,F2,20,3.016383171081543,reversed_predicate_control,1,20
1,F2:test:439,symbol_mismatch,failure,23,,28,test,F2,28,5.211154937744141,canonical_predicate_control,1,28
1,F2:test:144,,binding,23,22=16,16,test,F2,16,2.725653648376465,canonical_predicate_control,1,16
1,F2:test:720,,binding,23,17=16,16,test,F2,16,2.201920509338379,canonical_predicate_control,1,16
1,F2:test:339,symbol_mismatch,failure,23,,28,test,F2,28,5.644952774047852,canonical_predicate_control,1,28
1,F2:test:360,,binding,23,21=16,16,test,F2,16,2.260289192199707,reversed_predicate_control,1,16
1,F2:test:48,,binding,23,20=16,16,test,F2,16,6.658715724945068,canonical_predicate_control,1,16
1,F2:test:533,symbol_mismatch,failure,23,,28,test,F2,28,9.968756675720215,canonical_predicate_control,1,28
0,F2:test:589,symbol_mismatch,failure,23,,22,test,F2,28,-0.3445615768432617,canonical_functor_control,0,22
1,F2:test:705,symbol_mismatch,failure,23,,28,test,F2,28,9.618195533752441,reversed_functor_control,1,28
1,F2:test:308,,binding,23,19=26,26,test,F2,26,1.365736961364746,canonical_functor_control,1,26
1,F2:test:99,symbol_mismatch,failure,23,,28,test,F2,28,5.377605438232422,canonical_functor_control,1,28
1,F2:test:66,,binding,23,22=25,25,test,F2,25,5.244407653808594,canonical_predicate_control,1,25
0,F2:test:550,,binding,23,24=27,28,test,F2,27,-1.6306123733520508,canonical_predicate_control,0,28
1,F2:test:437,symbol_mismatch,failure,23,,28,test,F2,28,13.342989444732666,canonical_predicate_control,1,28
1,F2:test:531,symbol_mismatch,failure,23,,28,test,F2,28,6.0641865730285645,canonical_predicate_control,1,28
0,F2:test:93,symbol_mismatch,failure,23,,26,test,F2,28,-6.8344526290893555,reversed_predicate_control,0,26
0,F2:test:430,,binding,23,20=27,28,test,F2,27,-1.945906639099121,reversed_functor_control,0,28
1,F2:test:687,symbol_mismatch,failure,23,,28,test,F2,28,6.966536045074463,canonical_functor_control,1,28
1,F2:test:278,,binding,23,20=23,23,test,F2,23,4.7805585861206055,reversed_predicate_control,1,23
1,F2:test:366,,binding,23,21=19,19,test,F2,19,0.5620508193969727,reversed_predicate_control,1,19
1,F2:test:365,symbol_mismatch,failure,23,,28,test,F2,28,11.92024564743042,reversed_predicate_control,1,28
1,F2:test:730,,binding,23,23=21,21,test,F2,21,2.3331480026245117,canonical_predicate_control,1,21
1,F2:test:625,symbol_mismatch,failure,23,,28,test,F2,28,8.989015102386475,canonical_predicate_control,1,28
1,F2:test:729,symbol_mismatch,failure,23,,28,test,F2,28,9.827908039093018,canonical_predicate_control,1,28
1,F2:test:65,symbol_mismatch,failure,23,,28,test,F2,28,10.688939571380615,canonical_predicate_control,1,28
1,F2:test:671,symbol_mismatch,failure,23,,28,test,F2,28,7.154880523681641,reversed_predicate_control,1,28
1,F2:test:142,,binding,23,19=27,27,test,F2,27,4.323698043823242,reversed_functor_control,1,27
1,F2:test:8,,binding,23,22=20,20,test,F2,20,4.529187202453613,canonical_functor_control,1,20
1,F2:test:282,,binding,23,18=25,25,test,F2,25,3.653900146484375,reversed_predicate_control,1,25
1,F2:test:616,,binding,23,25=24,24,test,F2,24,4.708386421203613,reversed_functor_control,1,24
1,F2:test:205,symbol_mismatch,failure,23,,28,test,F2,28,10.77600359916687,canonical_functor_control,1,28
1,F2:test:32,,binding,23,26=20,20,test,F2,20,3.9937124252319336,reversed_functor_control,1,20
1,F2:test:306,,binding,23,17=25,25,test,F2,25,4.092141151428223,canonical_functor_control,1,25
1,F2:test:513,symbol_mismatch,failure,23,,28,test,F2,28,6.344772815704346,reversed_functor_control,1,28
1,F2:test:628,,binding,23,17=18,18,test,F2,18,2.389768600463867,canonical_predicate_control,1,18
1,F2:test:746,,binding,23,27=17,17,test,F2,17,2.7705507278442383,reversed_predicate_control,1,17
1,F2:test:273,symbol_mismatch,failure,23,,28,test,F2,28,7.531559944152832,reversed_predicate_control,1,28
1,F2:test:718,,binding,23,20=27,27,test,F2,27,2.662642478942871,reversed_functor_control,1,27
1,F2:test:520,,binding,23,21=24,24,test,F2,24,3.261733055114746,reversed_functor_control,1,24
1,F2:test:438,,binding,23,26=19,19,test,F2,19,2.450153350830078,canonical_predicate_control,1,19
1,F2:test:140,,binding,23,21=26,26,test,F2,26,5.965139389038086,reversed_functor_control,1,26
1,F2:test:326,,binding,23,24=23,23,test,F2,23,4.306743621826172,reversed_functor_control,1,23
1,F2:test:17,symbol_mismatch,failure,23,,28,test,F2,28,8.163737297058105,canonical_functor_control,1,28
1,F2:test:219,symbol_mismatch,failure,23,,28,test,F2,28,8.934959411621094,reversed_functor_control,1,28
1,F2:test:502,,binding,23,25=27,27,test,F2,27,5.363228797912598,canonical_functor_control,1,27
1,F2:test:277,symbol_mismatch,failure,23,,28,test,F2,28,6.368433952331543,reversed_predicate_control,1,28
1,F2:test:245,symbol_mismatch,failure,23,,28,test,F2,28,8.736119747161865,canonical_predicate_control,1,28
1,F2:test:242,,binding,23,26=17,17,test,F2,17,3.0686893463134766,canonical_predicate_control,1,17
1,F2:test:593,symbol_mismatch,failure,23,,28,test,F2,28,9.071238040924072,canonical_functor_control,1,28
1,F2:test:64,,binding,23,20=24,24,test,F2,24,3.8864641189575195,canonical_predicate_control,1,24
1,F2:test:735,symbol_mismatch,failure,23,,28,test,F2,28,7.301276683807373,canonical_predicate_control,1,28
1,F2:test:204,,binding,23,17=22,22,test,F2,22,2.00559139251709,canonical_functor_control,1,22
1,F2:test:448,,binding,23,26=24,24,test,F2,24,3.4028539657592773,canonical_predicate_control,1,24
1,F2:test:516,,binding,23,21=22,22,test,F2,22,3.2053842544555664,reversed_functor_control,1,22
1,F2:test:668,,binding,23,17=26,26,test,F2,26,2.401034355163574,reversed_predicate_control,1,26
1,F2:test:764,,binding,23,16=26,26,test,F2,26,3.534130096435547,reversed_predicate_control,1,26
1,F2:test:434,,binding,23,24=17,17,test,F2,17,4.164290428161621,canonical_predicate_control,1,17
1,F2:test:286,,binding,23,16=27,27,test,F2,27,2.2512922286987305,reversed_predicate_control,1,27
1,F2:test:651,symbol_mismatch,failure,23,,28,test,F2,28,6.017906188964844,reversed_predicate_control,1,28
1,F2:test:604,,binding,23,27=18,18,test,F2,18,2.903140068054199,reversed_functor_control,1,18
1,F2:test:740,,binding,23,23=26,26,test,F2,26,6.843408584594727,canonical_predicate_control,1,26
1,F2:test:629,symbol_mismatch,failure,23,,28,test,F2,28,3.1020126342773438,canonical_predicate_control,1,28
1,F2:test:189,symbol_mismatch,failure,23,,28,test,F2,28,10.2950758934021,reversed_predicate_control,1,28
1,F2:test:488,,binding,23,22=20,20,test,F2,20,4.2235870361328125,canonical_functor_control,1,20
1,F2:test:36,,binding,23,19=22,22,test,F2,22,1.4844236373901367,reversed_functor_control,1,22
0,F2:test:199,symbol_mismatch,failure,23,,19,test,F2,28,-0.003551483154296875,canonical_functor_control,0,19
1,F2:test:649,symbol_mismatch,failure,23,,28,test,F2,28,7.456771373748779,reversed_predicate_control,1,28
1,F2:test:551,symbol_mismatch,failure,23,,28,test,F2,28,5.85452938079834,canonical_predicate_control,1,28
1,F2:test:26,,binding,23,20=17,17,test,F2,17,3.0091867446899414,reversed_functor_control,1,17
1,F2:test:75,symbol_mismatch,failure,23,,28,test,F2,28,6.455667972564697,reversed_predicate_control,1,28
1,F2:test:613,symbol_mismatch,failure,23,,28,test,F2,28,0.5458583831787109,reversed_functor_control,1,28
1,F2:test:292,,binding,23,16=18,18,test,F2,18,1.107900619506836,canonical_functor_control,1,18
1,F2:test:675,symbol_mismatch,failure,23,,28,test,F2,28,5.633514404296875,canonical_functor_control,1,28
1,F2:test:120,,binding,23,22=16,16,test,F2,16,4.7275495529174805,reversed_functor_control,1,16
1,F2:test:538,,binding,23,23=21,21,test,F2,21,3.521050453186035,canonical_predicate_control,1,21
1,F2:test:383,symbol_mismatch,failure,23,,28,test,F2,28,6.877986431121826,reversed_predicate_control,1,28
0,F2:test:274,,binding,23,16=21,28,test,F2,21,-0.2922945022583008,reversed_predicate_control,0,28
1,F2:test:401,symbol_mismatch,failure,23,,28,test,F2,28,3.6720094680786133,canonical_functor_control,1,28
1,F2:test:532,,binding,23,16=18,18,test,F2,18,0.5683145523071289,canonical_predicate_control,1,18
1,F2:test:597,symbol_mismatch,failure,23,,28,test,F2,28,7.951600551605225,canonical_functor_control,1,28
1,F2:test:444,,binding,23,27=22,22,test,F2,22,2.987977981567383,canonical_predicate_control,1,22
1,F2:test:79,symbol_mismatch,failure,23,,28,test,F2,28,7.261185646057129,reversed_predicate_control,1,28
1,F2:test:69,symbol_mismatch,failure,23,,28,test,F2,28,9.500603675842285,canonical_predicate_control,1,28
1,F2:test:665,symbol_mismatch,failure,23,,28,test,F2,28,7.211503982543945,reversed_predicate_control,1,28
1,F2:test:57,symbol_mismatch,failure,23,,28,test,F2,28,10.644740104675293,canonical_predicate_control,1,28
1,F2:test:623,symbol_mismatch,failure,23,,28,test,F2,28,6.351095199584961,reversed_functor_control,1,28
1,F2:test:147,symbol_mismatch,failure,23,,28,test,F2,28,12.346339702606201,canonical_predicate_control,1,28
1,F2:test:584,,binding,23,25=20,20,test,F2,20,4.831009864807129,canonical_functor_control,1,20
1,F2:test:56,,binding,23,22=20,20,test,F2,20,3.897380828857422,canonical_predicate_control,1,20
1,F2:test:749,symbol_mismatch,failure,23,,28,test,F2,28,2.6682262420654297,reversed_predicate_control,1,28
1,F2:test:351,symbol_mismatch,failure,23,,28,test,F2,28,2.7163591384887695,canonical_predicate_control,1,28
1,F2:test:447,symbol_mismatch,failure,23,,28,test,F2,28,9.689211368560791,canonical_predicate_control,1,28
1,F2:test:343,symbol_mismatch,failure,23,,28,test,F2,28,5.755841255187988,canonical_predicate_control,1,28
0,F2:test:653,symbol_mismatch,failure,23,,18,test,F2,28,-3.9399938583374023,reversed_predicate_control,0,18
1,F2:test:253,symbol_mismatch,failure,23,,28,test,F2,28,9.890594482421875,canonical_predicate_control,1,28
0,F2:test:719,symbol_mismatch,failure,23,,27,test,F2,28,-2.970320701599121,reversed_functor_control,0,27
1,F2:test:731,symbol_mismatch,failure,23,,28,test,F2,28,8.406466484069824,canonical_predicate_control,1,28
1,F2:test:592,,binding,23,25=24,24,test,F2,24,3.8084964752197266,canonical_functor_control,1,24
1,F2:test:426,,binding,23,21=25,25,test,F2,25,3.8354148864746094,reversed_functor_control,1,25
1,F2:test:698,,binding,23,27=17,17,test,F2,17,2.604556083679199,reversed_functor_control,1,17
1,F2:test:373,symbol_mismatch,failure,23,,28,test,F2,28,5.153969764709473,reversed_predicate_control,1,28
1,F2:test:7,symbol_mismatch,failure,23,,28,test,F2,28,9.124269008636475,canonical_functor_control,1,28
0,F2:test:175,symbol_mismatch,failure,23,,19,test,F2,28,-2.0736637115478516,reversed_predicate_control,0,19
1,F2:test:554,,binding,23,19=17,17,test,F2,17,3.072951316833496,reversed_predicate_control,1,17
1,F2:test:4,,binding,23,24=18,18,test,F2,18,2.8261194229125977,canonical_functor_control,1,18
1,F2:test:374,,binding,23,18=23,23,test,F2,23,4.880035400390625,reversed_predicate_control,1,23
1,F2:test:86,,binding,23,24=23,23,test,F2,23,3.6606664657592773,reversed_predicate_control,1,23
0,F2:test:558,,binding,23,16=19,28,test,F2,19,-2.146611213684082,reversed_predicate_control,0,28
1,F2:test:661,symbol_mismatch,failure,23,,28,test,F2,28,8.61815071105957,reversed_predicate_control,1,28
1,F2:test:128,,binding,23,23=20,20,test,F2,20,5.703519344329834,reversed_functor_control,1,20
1,F2:test:194,,binding,23,26=17,17,test,F2,17,3.6113128662109375,canonical_functor_control,1,17
0,F2:test:260,,binding,23,16=26,28,test,F2,26,-4.883431434631348,canonical_predicate_control,0,28
1,F2:test:392,,binding,23,18=20,20,test,F2,20,4.241705894470215,canonical_functor_control,1,20
1,F2:test:123,symbol_mismatch,failure,23,,28,test,F2,28,4.283299446105957,reversed_functor_control,1,28
1,F2:test:136,,binding,23,22=24,24,test,F2,24,2.1720876693725586,reversed_functor_control,1,24
1,F2:test:309,symbol_mismatch,failure,23,,28,test,F2,28,8.043107986450195,canonical_functor_control,1,28
1,F2:test:388,,binding,23,27=18,18,test,F2,18,3.796095848083496,canonical_functor_control,1,18
1,F2:test:659,symbol_mismatch,failure,23,,28,test,F2,28,10.50565481185913,reversed_predicate_control,1,28
1,F2:test:166,,binding,23,24=27,27,test,F2,27,1.332179069519043,canonical_predicate_control,1,27
1,F2:test:280,,binding,23,26=24,24,test,F2,24,4.636002540588379,reversed_predicate_control,1,24
1,F2:test:276,,binding,23,17=22,22,test,F2,22,1.6969594955444336,reversed_predicate_control,1,22
1,F2:test:133,symbol_mismatch,failure,23,,28,test,F2,28,9.271267414093018,reversed_functor_control,1,28
1,F2:test:463,symbol_mismatch,failure,23,,28,test,F2,28,8.676414966583252,reversed_predicate_control,1,28
1,F2:test:84,,binding,23,17=22,22,test,F2,22,2.9009323120117188,reversed_predicate_control,1,22
0,F2:test:283,symbol_mismatch,failure,23,,25,test,F2,28,-3.832437515258789,reversed_predicate_control,0,25
1,F2:test:600,,binding,23,26=16,16,test,F2,16,2.6666173934936523,reversed_functor_control,1,16
1,F2:test:575,symbol_mismatch,failure,23,,28,test,F2,28,7.699129581451416,reversed_predicate_control,1,28
1,F2:test:191,symbol_mismatch,failure,23,,28,test,F2,28,11.888967990875244,reversed_predicate_control,1,28
0,F2:test:229,symbol_mismatch,failure,23,,22,test,F2,28,-2.167860984802246,reversed_functor_control,0,22
1,F2:test:745,symbol_mismatch,failure,23,,28,test,F2,28,9.363101959228516,reversed_predicate_control,1,28
1,F2:test:62,,binding,23,20=23,23,test,F2,23,1.0598840713500977,canonical_predicate_control,1,23
1,F2:test:666,,binding,23,23=25,25,test,F2,25,4.550323486328125,reversed_predicate_control,1,25
1,F2:test:148,,binding,23,19=18,18,test,F2,18,4.254547119140625,canonical_predicate_control,1,18
1,F2:test:483,symbol_mismatch,failure,23,,28,test,F2,28,7.207956314086914,canonical_functor_control,1,28
1,F2:test:121,symbol_mismatch,failure,23,,28,test,F2,28,7.490386009216309,reversed_functor_control,1,28
1,F2:test:537,symbol_mismatch,failure,23,,28,test,F2,28,9.668986797332764,canonical_predicate_control,1,28
1,F2:test:101,symbol_mismatch,failure,23,,28,test,F2,28,5.588703155517578,canonical_functor_control,1,28
1,F2:test:620,,binding,23,24=26,26,test,F2,26,3.6773242950439453,reversed_functor_control,1,26
0,F2:test:51,symbol_mismatch,failure,23,,17,test,F2,28,-1.9312896728515625,canonical_predicate_control,0,17
1,F2:test:176,,binding,23,27=20,20,test,F2,20,4.143113136291504,reversed_predicate_control,1,20
1,F2:test:485,symbol_mismatch,failure,23,,28,test,F2,28,6.8642964363098145,canonical_functor_control,1,28
1,F2:test:297,symbol_mismatch,failure,23,,28,test,F2,28,10.578656673431396,canonical_functor_control,1,28
1,F2:test:713,symbol_mismatch,failure,23,,28,test,F2,28,11.125117778778076,reversed_functor_control,1,28
1,F2:test:716,,binding,23,16=26,26,test,F2,26,1.2994565963745117,reversed_functor_control,1,26
1,F2:test:598,,binding,23,20=27,27,test,F2,27,6.409309387207031,canonical_functor_control,1,27
1,F2:test:539,symbol_mismatch,failure,23,,28,test,F2,28,2.136018753051758,canonical_predicate_control,1,28
0,F2:test:594,,binding,23,18=25,16,test,F2,25,-0.5240726470947266,canonical_functor_control,0,16
0,F2:test:645,symbol_mismatch,failure,23,,26,test,F2,28,-5.277042388916016,canonical_predicate_control,0,26
1,F2:test:689,symbol_mismatch,failure,23,,28,test,F2,28,6.170121192932129,canonical_functor_control,1,28
1,F2:test:344,,binding,23,24=20,20,test,F2,20,2.740659713745117,canonical_predicate_control,1,20
1,F2:test:281,symbol_mismatch,failure,23,,28,test,F2,28,9.485000610351562,reversed_predicate_control,1,28
0,F2:test:548,,binding,23,20=26,28,test,F2,26,-0.29497528076171875,canonical_predicate_control,0,28
1,F2:test:643,symbol_mismatch,failure,23,,28,test,F2,28,10.07695484161377,canonical_predicate_control,1,28
1,F2:test:298,,binding,23,26=21,21,test,F2,21,2.3673391342163086,canonical_functor_control,1,21
1,F2:test:182,,binding,23,24=23,23,test,F2,23,3.768341064453125,reversed_predicate_control,1,23
1,F2:test:535,symbol_mismatch,failure,23,,28,test,F2,28,10.837954044342041,canonical_predicate_control,1,28
1,F2:test:262,,binding,23,17=27,27,test,F2,27,2.633063316345215,canonical_predicate_control,1,27
1,F2:test:317,symbol_mismatch,failure,23,,28,test,F2,28,9.547409534454346,reversed_functor_control,1,28
1,F2:test:410,,binding,23,20=17,17,test,F2,17,3.942734718322754,reversed_functor_control,1,17
1,F2:test:549,symbol_mismatch,failure,23,,28,test,F2,28,6.4202375411987305,canonical_predicate_control,1,28
1,F2:test:125,symbol_mismatch,failure,23,,28,test,F2,28,9.194372177124023,reversed_functor_control,1,28
1,F2:test:704,,binding,23,26=20,20,test,F2,20,3.5729808807373047,reversed_functor_control,1,20
1,F2:test:254,,binding,23,25=23,23,test,F2,23,3.9906301498413086,canonical_predicate_control,1,23
1,F2:test:714,,binding,23,19=25,25,test,F2,25,4.302973747253418,reversed_functor_control,1,25
1,F2:test:114,,binding,23,24=25,25,test,F2,25,3.060688018798828,canonical_functor_control,1,25
1,F2:test:433,symbol_mismatch,failure,23,,28,test,F2,28,9.335076808929443,canonical_predicate_control,1,28
1,F2:test:519,symbol_mismatch,failure,23,,28,test,F2,28,7.440445899963379,reversed_functor_control,1,28
1,F2:test:236,,binding,23,24=26,26,test,F2,26,3.6773242950439453,reversed_functor_control,1,26
1,F2:test:310,,binding,23,17=27,27,test,F2,27,3.2713842391967773,canonical_functor_control,1,27
1,F2:test:387,symbol_mismatch,failure,23,,28,test,F2,28,4.954595565795898,canonical_functor_control,1,28
1,F2:test:173,symbol_mismatch,failure,23,,28,test,F2,28,11.904884815216064,reversed_predicate_control,1,28
1,F2:test:501,symbol_mismatch,failure,23,,28,test,F2,28,6.725221633911133,canonical_functor_control,1,28
1,F2:test:580,,binding,23,23=18,18,test,F2,18,3.7650985717773438,canonical_functor_control,1,18
1,F2:test:679,symbol_mismatch,failure,23,,28,test,F2,28,9.189645290374756,canonical_functor_control,1,28
0,F2:test:715,symbol_mismatch,failure,23,,25,test,F2,28,-2.290189743041992,reversed_functor_control,0,25
1,F2:test:355,symbol_mismatch,failure,23,,28,test,F2,28,4.51542854309082,canonical_predicate_control,1,28
1,F2:test:237,symbol_mismatch,failure,23,,28,test,F2,28,7.290787696838379,reversed_functor_control,1,28
1,F2:test:137,symbol_mismatch,failure,23,,28,test,F2,28,8.615121841430664,reversed_functor_control,1,28
1,F2:test:42,,binding,23,20=25,25,test,F2,25,5.027095794677734,reversed_functor_control,1,25
1,F2:test:358,,binding,23,18=27,27,test,F2,27,4.6326704025268555,canonical_predicate_control,1,27
1,F2:test:540,,binding,23,23=22,22,test,F2,22,1.2488994598388672,canonical_predicate_control,1,22
1,F2:test:660,,binding,23,21=22,22,test,F2,22,2.2611522674560547,reversed_predicate_control,1,22
1,F2:test:626,,binding,23,18=17,17,test,F2,17,5.023563385009766,canonical_predicate_control,1,17
1,F2:test:496,,binding,23,26=24,24,test,F2,24,3.14401912689209,canonical_functor_control,1,24
1,F2:test:34,,binding,23,26=21,21,test,F2,21,2.4226484298706055,reversed_functor_control,1,21
1,F2:test:98,,binding,23,16=17,17,test,F2,17,3.9902639389038086,canonical_functor_control,1,17
1,F2:test:129,symbol_mismatch,failure,23,,28,test,F2,28,11.553027629852295,reversed_functor_control,1,28
1,F2:test:250,,binding,23,26=21,21,test,F2,21,2.3673391342163086,canonical_predicate_control,1,21
1,F2:test:694,,binding,23,21=27,27,test,F2,27,3.713528633117676,canonical_functor_control,1,27
1,F2:test:650,,binding,23,20=17,17,test,F2,17,1.8517236709594727,reversed_predicate_control,1,17
1,F2:test:564,,binding,23,23=22,22,test,F2,22,1.0679693222045898,reversed_predicate_control,1,22
1,F2:test:124,,binding,23,20=18,18,test,F2,18,2.4933977127075195,reversed_functor_control,1,18
0,F2:test:347,symbol_mismatch,failure,23,,21,test,F2,28,-2.5958681106567383,canonical_predicate_control,0,21
0,F2:test:293,symbol_mismatch,failure,23,,18,test,F2,28,-0.42072296142578125,canonical_functor_control,0,18
1,F2:test:122,,binding,23,27=17,17,test,F2,17,2.75710391998291,reversed_functor_control,1,17
1,F2:test:318,,binding,23,22=19,19,test,F2,19,0.6789846420288086,reversed_functor_control,1,19
1,F2:test:291,symbol_mismatch,failure,23,,28,test,F2,28,5.9548258781433105,canonical_functor_control,1,28
1,F2:test:390,,binding,23,17=19,19,test,F2,19,2.826282501220703,canonical_functor_control,1,19
1,F2:test:750,,binding,23,21=19,19,test,F2,19,1.6137590408325195,reversed_predicate_control,1,19
1,F2:test:696,,binding,23,24=16,16,test,F2,16,0.5756092071533203,reversed_functor_control,1,16
1,F2:test:552,,binding,23,18=16,16,test,F2,16,3.693513870239258,reversed_predicate_control,1,16
1,F2:test:466,,binding,23,16=21,21,test,F2,21,2.107630729675293,reversed_predicate_control,1,21
1,F2:test:60,,binding,23,19=22,22,test,F2,22,4.51307487487793,canonical_predicate_control,1,22
1,F2:test:331,symbol_mismatch,failure,23,,28,test,F2,28,9.871085166931152,reversed_functor_control,1,28
0,F2:test:497,symbol_mismatch,failure,23,,24,test,F2,28,-2.9643688201904297,canonical_functor_control,0,24
1,F2:test:642,,binding,23,24=25,25,test,F2,25,2.869955062866211,canonical_predicate_control,1,25
1,F2:test:258,,binding,23,27=25,25,test,F2,25,4.559662342071533,canonical_predicate_control,1,25
1,F2:test:455,symbol_mismatch,failure,23,,28,test,F2,28,11.109370708465576,canonical_predicate_control,1,28
1,F2:test:243,symbol_mismatch,failure,23,,28,test,F2,28,5.806950569152832,canonical_predicate_control,1,28
1,F2:test:573,symbol_mismatch,failure,23,,28,test,F2,28,8.71440839767456,reversed_predicate_control,1,28
1,F2:test:734,,binding,23,16=23,23,test,F2,23,2.2127513885498047,canonical_predicate_control,1,23
1,F2:test:275,symbol_mismatch,failure,23,,28,test,F2,28,6.753787040710449,reversed_predicate_control,1,28
1,F2:test:197,symbol_mismatch,failure,23,,28,test,F2,28,4.016012191772461,canonical_functor_control,1,28
1,F2:test:544,,binding,23,20=24,24,test,F2,24,5.188724040985107,canonical_predicate_control,1,24
1,F2:test:357,symbol_mismatch,failure,23,,28,test,F2,28,0.21149063110351562,canonical_predicate_control,1,28
1,F2:test:543,symbol_mismatch,failure,23,,28,test,F2,28,7.783926010131836,canonical_predicate_control,1,28
1,F2:test:89,symbol_mismatch,failure,23,,28,test,F2,28,6.222862243652344,reversed_predicate_control,1,28
1,F2:test:615,symbol_mismatch,failure,23,,28,test,F2,28,5.810329437255859,reversed_functor_control,1,28
1,F2:test:184,,binding,23,26=24,24,test,F2,24,4.869998931884766,reversed_predicate_control,1,24
1,F2:test:47,symbol_mismatch,failure,23,,28,test,F2,28,3.894763946533203,reversed_functor_control,1,28
1,F2:test:712,,binding,23,20=24,24,test,F2,24,2.748300552368164,reversed_functor_control,1,24
1,F2:test:739,symbol_mismatch,failure,23,,28,test,F2,28,5.488338470458984,canonical_predicate_control,1,28
1,F2:test:446,,binding,23,18=23,23,test,F2,23,3.0212106704711914,canonical_predicate_control,1,23
1,F2:test:414,,binding,23,22=19,19,test,F2,19,1.7073287963867188,reversed_functor_control,1,19
1,F2:test:486,,binding,23,24=19,19,test,F2,19,1.265359878540039,canonical_functor_control,1,19
1,F2:test:567,symbol_mismatch,failure,23,,28,test,F2,28,9.243038654327393,reversed_predicate_control,1,28
1,F2:test:190,,binding,23,22=27,27,test,F2,27,1.5580415725708008,reversed_predicate_control,1,27
1,F2:test:328,,binding,23,19=24,24,test,F2,24,4.913015365600586,reversed_functor_control,1,24
1,F2:test:722,,binding,23,24=17,17,test,F2,17,5.174526214599609,canonical_predicate_control,1,17
0,F2:test:473,symbol_mismatch,failure,23,,24,test,F2,28,-5.050765037536621,reversed_predicate_control,0,24
1,F2:test:170,,binding,23,20=17,17,test,F2,17,2.5977630615234375,reversed_predicate_control,1,17
1,F2:test:82,,binding,23,23=21,21,test,F2,21,1.767796516418457,reversed_predicate_control,1,21
1,F2:test:421,symbol_mismatch,failure,23,,28,test,F2,28,3.8932065963745117,reversed_functor_control,1,28
1,F2:test:528,,binding,23,21=16,16,test,F2,16,1.6236686706542969,canonical_predicate_control,1,16
1,F2:test:453,symbol_mismatch,failure,23,,28,test,F2,28,5.622491836547852,canonical_predicate_control,1,28
1,F2:test:386,,binding,23,20=17,17,test,F2,17,2.640254020690918,canonical_functor_control,1,17
1,F2:test:529,symbol_mismatch,failure,23,,28,test,F2,28,7.855494499206543,canonical_predicate_control,1,28
1,F2:test:74,,binding,23,19=17,17,test,F2,17,3.5201263427734375,reversed_predicate_control,1,17
1,F2:test:303,symbol_mismatch,failure,23,,28,test,F2,28,8.020833492279053,canonical_functor_control,1,28
1,F2:test:588,,binding,23,24=22,22,test,F2,22,2.6578216552734375,canonical_functor_control,1,22
1,F2:test:509,symbol_mismatch,failure,23,,28,test,F2,28,8.208825588226318,reversed_functor_control,1,28
1,F2:test:362,,binding,23,18=17,17,test,F2,17,4.358827590942383,reversed_predicate_control,1,17
1,F2:test:415,symbol_mismatch,failure,23,,28,test,F2,28,7.857524394989014,reversed_functor_control,1,28
1,F2:test:246,,binding,23,27=19,19,test,F2,19,2.588629722595215,canonical_predicate_control,1,19
1,F2:test:352,,binding,23,16=24,24,test,F2,24,5.80075740814209,canonical_predicate_control,1,24
1,F2:test:63,symbol_mismatch,failure,23,,28,test,F2,28,12.039937973022461,canonical_predicate_control,1,28
1,F2:test:248,,binding,23,21=20,20,test,F2,20,5.600229263305664,canonical_predicate_control,1,20
1,F2:test:503,symbol_mismatch,failure,23,,28,test,F2,28,7.026594161987305,canonical_functor_control,1,28
0,F2:test:417,symbol_mismatch,failure,23,,20,test,F2,28,-2.381481170654297,reversed_functor_control,0,20
1,F2:test:420,,binding,23,18=22,22,test,F2,22,4.030926704406738,reversed_functor_control,1,22
1,F2:test:279,symbol_mismatch,failure,23,,28,test,F2,28,10.046667098999023,reversed_predicate_control,1,28
1,F2:test:23,symbol_mismatch,failure,23,,28,test,F2,28,0.007323265075683594,canonical_functor_control,1,28
1,F2:test:648,,binding,23,25=16,16,test,F2,16,2.8324356079101562,reversed_predicate_control,1,16
1,F2:test:336,,binding,23,23=16,16,test,F2,16,1.5197601318359375,canonical_predicate_control,1,16
1,F2:test:522,,binding,23,24=25,25,test,F2,25,3.909459114074707,reversed_functor_control,1,25
1,F2:test:211,symbol_mismatch,failure,23,,28,test,F2,28,2.2277002334594727,canonical_functor_control,1,28
1,F2:test:290,,binding,23,19=17,17,test,F2,17,3.4443206787109375,canonical_functor_control,1,17
1,F2:test:235,symbol_mismatch,failure,23,,28,test,F2,28,10.935147762298584,reversed_functor_control,1,28
1,F2:test:484,,binding,23,19=18,18,test,F2,18,4.23103141784668,canonical_functor_control,1,18
1,F2:test:9,symbol_mismatch,failure,23,,28,test,F2,28,11.58182144165039,canonical_functor_control,1,28
0,F2:test:489,symbol_mismatch,failure,23,,20,test,F2,28,-0.2981433868408203,canonical_functor_control,0,20
1,F2:test:37,symbol_mismatch,failure,23,,28,test,F2,28,3.7050962448120117,reversed_functor_control,1,28
1,F2:test:12,,binding,23,27=22,22,test,F2,22,4.049918174743652,canonical_functor_control,1,22
1,F2:test:46,,binding,23,24=27,27,test,F2,27,2.5017013549804688,reversed_functor_control,1,27
1,F2:test:432,,binding,23,26=16,16,test,F2,16,2.8880767822265625,canonical_predicate_control,1,16
1,F2:test:314,,binding,23,16=17,17,test,F2,17,3.59151554107666,reversed_functor_control,1,17
1,F2:test:372,,binding,23,16=22,22,test,F2,22,2.688364028930664,reversed_predicate_control,1,22
1,F2:test:288,,binding,23,19=16,16,test,F2,16,2.663372039794922,canonical_functor_control,1,16
0,F2:test:621,symbol_mismatch,failure,23,,26,test,F2,28,-4.748128890991211,reversed_functor_control,0,26
1,F2:test:684,,binding,23,23=22,22,test,F2,22,2.6397361755371094,canonical_functor_control,1,22
1,F2:test:212,,binding,23,21=26,26,test,F2,26,5.878231048583984,canonical_functor_control,1,26
1,F2:test:385,symbol_mismatch,failure,23,,28,test,F2,28,5.700473785400391,canonical_functor_control,1,28
1,F2:test:733,symbol_mismatch,failure,23,,28,test,F2,28,7.379545211791992,canonical_predicate_control,1,28
1,F2:test:693,symbol_mismatch,failure,23,,28,test,F2,28,10.815698623657227,canonical_functor_control,1,28
1,F2:test:264,,binding,23,17=16,16,test,F2,16,0.8759994506835938,reversed_predicate_control,1,16
1,F2:test:394,,binding,23,20=21,21,test,F2,21,2.6363086700439453,canonical_functor_control,1,21
1,F2:test:168,,binding,23,19=16,16,test,F2,16,2.707819938659668,reversed_predicate_control,1,16
1,F2:test:345,symbol_mismatch,failure,23,,28,test,F2,28,11.314363479614258,canonical_predicate_control,1,28
1,F2:test:28,,binding,23,22=18,18,test,F2,18,3.9631433486938477,reversed_functor_control,1,18
1,F2:test:377,symbol_mismatch,failure,23,,28,test,F2,28,7.5400190353393555,reversed_predicate_control,1,28
1,F2:test:185,symbol_mismatch,failure,23,,28,test,F2,28,10.913596153259277,reversed_predicate_control,1,28
1,F2:test:541,symbol_mismatch,failure,23,,28,test,F2,28,5.569140434265137,canonical_predicate_control,1,28
0,F2:test:167,symbol_mismatch,failure,23,,27,test,F2,28,-3.023686408996582,canonical_predicate_control,0,27
1,F2:test:109,symbol_mismatch,failure,23,,28,test,F2,28,7.993964195251465,canonical_functor_control,1,28
1,F2:test:524,,binding,23,18=26,26,test,F2,26,2.868326187133789,reversed_functor_control,1,26
1,F2:test:361,symbol_mismatch,failure,23,,28,test,F2,28,8.26547908782959,reversed_predicate_control,1,28
1,F2:test:43,symbol_mismatch,failure,23,,28,test,F2,28,9.815899848937988,reversed_functor_control,1,28
1,F2:test:95,symbol_mismatch,failure,23,,28,test,F2,28,9.828080654144287,reversed_predicate_control,1,28
1,F2:test:58,,binding,23,26=21,21,test,F2,21,2.3676633834838867,canonical_predicate_control,1,21
1,F2:test:239,symbol_mismatch,failure,23,,28,test,F2,28,10.193851470947266,reversed_functor_control,1,28
1,F2:test:14,,binding,23,17=23,23,test,F2,23,3.639148712158203,canonical_functor_control,1,23
1,F2:test:686,,binding,23,24=23,23,test,F2,23,4.4028215408325195,canonical_functor_control,1,23
1,F2:test:449,symbol_mismatch,failure,23,,28,test,F2,28,9.452719688415527,canonical_predicate_control,1,28
1,F2:test:563,symbol_mismatch,failure,23,,28,test,F2,28,7.260566711425781,reversed_predicate_control,1,28
1,F2:test:500,,binding,23,16=26,26,test,F2,26,4.624202728271484,canonical_functor_control,1,26
1,F2:test:266,,binding,23,27=17,17,test,F2,17,2.8469419479370117,reversed_predicate_control,1,17
1,F2:test:654,,binding,23,21=19,19,test,F2,19,1.065129280090332,reversed_predicate_control,1,19
1,F2:test:215,symbol_mismatch,failure,23,,28,test,F2,28,10.607309818267822,canonical_functor_control,1,28
1,F2:test:21,symbol_mismatch,failure,23,,28,test,F2,28,3.118159294128418,canonical_functor_control,1,28
1,F2:test:469,symbol_mismatch,failure,23,,28,test,F2,28,7.4233527183532715,reversed_predicate_control,1,28
1,F2:test:221,symbol_mismatch,failure,23,,28,test,F2,28,7.748147487640381,reversed_functor_control,1,28
1,F2:test:622,,binding,23,25=27,27,test,F2,27,4.606073379516602,reversed_functor_control,1,27
1,F2:test:603,symbol_mismatch,failure,23,,28,test,F2,28,7.502678871154785,reversed_functor_control,1,28
0,F2:test:644,,binding,23,19=26,28,test,F2,26,-5.387463092803955,canonical_predicate_control,0,28
1,F2:test:636,,binding,23,19=22,22,test,F2,22,3.868313789367676,canonical_predicate_control,1,22
1,F2:test:50,,binding,23,18=17,17,test,F2,17,4.323427200317383,canonical_predicate_control,1,17
1,F2:test:164,,binding,23,22=26,26,test,F2,26,3.8404674530029297,canonical_predicate_control,1,26
1,F2:test:299,symbol_mismatch,failure,23,,28,test,F2,28,8.864502429962158,canonical_functor_control,1,28
1,F2:test:617,symbol_mismatch,failure,23,,28,test,F2,28,8.4244065284729,reversed_functor_control,1,28
1,F2:test:259,symbol_mismatch,failure,23,,28,test,F2,28,2.798807144165039,canonical_predicate_control,1,28
1,F2:test:364,,binding,23,25=18,18,test,F2,18,1.2335052490234375,reversed_predicate_control,1,18
1,F2:test:207,symbol_mismatch,failure,23,,28,test,F2,28,7.541520595550537,canonical_functor_control,1,28
1,F2:test:30,,binding,23,17=19,19,test,F2,19,2.426028251647949,reversed_functor_control,1,19
1,F2:test:265,symbol_mismatch,failure,23,,28,test,F2,28,6.341803550720215,reversed_predicate_control,1,28
1,F2:test:709,symbol_mismatch,failure,23,,28,test,F2,28,4.251075744628906,reversed_functor_control,1,28
1,F2:test:591,symbol_mismatch,failure,23,,28,test,F2,28,8.814704895019531,canonical_functor_control,1,28
1,F2:test:379,symbol_mismatch,failure,23,,28,test,F2,28,8.916938781738281,reversed_predicate_control,1,28
1,F2:test:337,symbol_mismatch,failure,23,,28,test,F2,28,7.1602277755737305,canonical_predicate_control,1,28
1,F2:test:6,,binding,23,27=19,19,test,F2,19,2.6606788635253906,canonical_functor_control,1,19
1,F2:test:340,,binding,23,25=18,18,test,F2,18,3.5234127044677734,canonical_predicate_control,1,18
1,F2:test:711,symbol_mismatch,failure,23,,28,test,F2,28,9.08766222000122,reversed_functor_control,1,28
1,F2:test:635,symbol_mismatch,failure,23,,28,test,F2,28,8.649662017822266,canonical_predicate_control,1,28
1,F2:test:118,,binding,23,18=27,27,test,F2,27,4.879885673522949,canonical_functor_control,1,27
1,F2:test:238,,binding,23,18=27,27,test,F2,27,4.81373405456543,reversed_functor_control,1,27
1,F2:test:553,symbol_mismatch,failure,23,,28,test,F2,28,8.055909156799316,reversed_predicate_control,1,28
1,F2:test:482,,binding,23,16=17,17,test,F2,17,3.203923225402832,canonical_functor_control,1,17
1,F2:test:454,,binding,23,20=27,27,test,F2,27,1.421194076538086,canonical_predicate_control,1,27
1,F2:test:80,,binding,23,23=20,20,test,F2,20,1.5438404083251953,reversed_predicate_control,1,20
1,F2:test:255,symbol_mismatch,failure,23,,28,test,F2,28,8.765215396881104,canonical_predicate_control,1,28
1,F2:test:59,symbol_mismatch,failure,23,,28,test,F2,28,9.814888954162598,canonical_predicate_control,1,28
1,F2:test:92,,binding,23,21=26,26,test,F2,26,5.948967933654785,reversed_predicate_control,1,26
1,F2:test:73,symbol_mismatch,failure,23,,28,test,F2,28,6.280649185180664,reversed_predicate_control,1,28
1,F2:test:652,,binding,23,16=18,18,test,F2,18,1.8199653625488281,reversed_predicate_control,1,18
1,F2:test:707,symbol_mismatch,failure,23,,28,test,F2,28,10.066884517669678,reversed_functor_control,1,28
1,F2:test:599,symbol_mismatch,failure,23,,28,test,F2,28,6.443267822265625,canonical_functor_control,1,28
0,F2:test:462,,binding,23,22=19,28,test,F2,19,-0.3343467712402344,reversed_predicate_control,0,28
1,F2:test:590,,binding,23,20=23,23,test,F2,23,3.8149471282958984,canonical_functor_control,1,23
1,F2:test:311,symbol_mismatch,failure,23,,28,test,F2,28,7.278445243835449,canonical_functor_control,1,28
1,F2:test:542,,binding,23,18=23,23,test,F2,23,2.6273880004882812,canonical_predicate_control,1,23
1,F2:test:683,symbol_mismatch,failure,23,,28,test,F2,28,7.431541442871094,canonical_functor_control,1,28
1,F2:test:706,,binding,23,26=21,21,test,F2,21,2.338038444519043,reversed_functor_control,1,21
1,F2:test:27,symbol_mismatch,failure,23,,28,test,F2,28,6.462009429931641,reversed_functor_control,1,28
1,F2:test:94,,binding,23,21=27,27,test,F2,27,3.7164859771728516,reversed_predicate_control,1,27
1,F2:test:327,symbol_mismatch,failure,23,,28,test,F2,28,6.06430721282959,reversed_functor_control,1,28
1,F2:test:766,,binding,23,26=27,27,test,F2,27,3.4410743713378906,reversed_predicate_control,1,27
1,F2:test:582,,binding,23,26=19,19,test,F2,19,1.8093767166137695,canonical_functor_control,1,19
0,F2:test:641,symbol_mismatch,failure,23,,24,test,F2,28,-3.859734535217285,canonical_predicate_control,0,24
1,F2:test:216,,binding,23,22=16,16,test,F2,16,2.9544668197631836,reversed_functor_control,1,16
0,F2:test:55,symbol_mismatch,failure,23,,19,test,F2,28,-0.6394271850585938,canonical_predicate_control,0,19
1,F2:test:257,symbol_mismatch,failure,23,,28,test,F2,28,13.095876932144165,canonical_predicate_control,1,28
1,F2:test:397,symbol_mismatch,failure,23,,28,test,F2,28,1.7304372787475586,canonical_functor_control,1,28
0,F2:test:491,symbol_mismatch,failure,23,,21,test,F2,28,-1.7736482620239258,canonical_functor_control,0,21
1,F2:test:570,,binding,23,26=25,25,test,F2,25,5.599775791168213,reversed_predicate_control,1,25
0,F2:test:108,,binding,23,19=22,28,test,F2,22,-0.5485763549804688,canonical_functor_control,0,28
1,F2:test:363,symbol_mismatch,failure,23,,28,test,F2,28,10.497848510742188,reversed_predicate_control,1,28
1,F2:test:67,symbol_mismatch,failure,23,,28,test,F2,28,7.945937633514404,canonical_predicate_control,1,28
1,F2:test:40,,binding,23,20=24,24,test,F2,24,5.261490821838379,reversed_functor_control,1,24
0,F2:test:413,symbol_mismatch,failure,23,,18,test,F2,28,-2.263296127319336,reversed_functor_control,0,18
1,F2:test:647,symbol_mismatch,failure,23,,28,test,F2,28,8.420501708984375,canonical_predicate_control,1,28
0,F2:test:289,symbol_mismatch,failure,23,,16,test,F2,28,-4.438693046569824,canonical_functor_control,0,16
1,F2:test:759,symbol_mismatch,failure,23,,28,test,F2,28,12.064061641693115,reversed_predicate_control,1,28
1,F2:test:322,,binding,23,18=21,21,test,F2,21,1.7030830383300781,reversed_functor_control,1,21
1,F2:test:638,,binding,23,25=23,23,test,F2,23,2.2679100036621094,canonical_predicate_control,1,23
1,F2:test:53,symbol_mismatch,failure,23,,28,test,F2,28,11.019615411758423,canonical_predicate_control,1,28
1,F2:test:187,symbol_mismatch,failure,23,,28,test,F2,28,3.779759407043457,reversed_predicate_control,1,28
1,F2:test:301,symbol_mismatch,failure,23,,28,test,F2,28,10.858194351196289,canonical_functor_control,1,28
1,F2:test:646,,binding,23,21=27,27,test,F2,27,2.9327611923217773,canonical_predicate_control,1,27
1,F2:test:222,,binding,23,18=19,19,test,F2,19,1.0705890655517578,reversed_functor_control,1,19
1,F2:test:510,,binding,23,26=19,19,test,F2,19,2.3038406372070312,reversed_functor_control,1,19
1,F2:test:676,,binding,23,21=18,18,test,F2,18,4.69482421875,canonical_functor_control,1,18
1,F2:test:400,,binding,23,27=24,24,test,F2,24,2.170866012573242,canonical_functor_control,1,24
1,F2:test:152,,binding,23,26=20,20,test,F2,20,4.1305084228515625,canonical_predicate_control,1,20
1,F2:test:470,,binding,23,27=23,23,test,F2,23,4.749530792236328,reversed_predicate_control,1,23
1,F2:test:755,symbol_mismatch,failure,23,,28,test,F2,28,7.285961627960205,reversed_predicate_control,1,28
1,F2:test:342,,binding,23,23=19,19,test,F2,19,2.2056455612182617,canonical_predicate_control,1,19
0,F2:test:490,,binding,23,23=21,28,test,F2,21,-3.2868452072143555,canonical_functor_control,0,28
1,F2:test:751,symbol_mismatch,failure,23,,28,test,F2,28,8.459933280944824,reversed_predicate_control,1,28
1,F2:test:162,,binding,23,27=25,25,test,F2,25,4.61063814163208,canonical_predicate_control,1,25
1,F2:test:227,symbol_mismatch,failure,23,,28,test,F2,28,2.9321298599243164,reversed_functor_control,1,28
1,F2:test:632,,binding,23,25=20,20,test,F2,20,4.847912788391113,canonical_predicate_control,1,20
1,F2:test:267,symbol_mismatch,failure,23,,28,test,F2,28,8.123544692993164,reversed_predicate_control,1,28
1,F2:test:578,,binding,23,21=17,17,test,F2,17,5.23543643951416,canonical_functor_control,1,17
1,F2:test:356,,binding,23,27=26,26,test,F2,26,3.677541732788086,canonical_predicate_control,1,26
1,F2:test:41,symbol_mismatch,failure,23,,28,test,F2,28,7.266963005065918,reversed_functor_control,1,28
1,F2:test:119,symbol_mismatch,failure,23,,28,test,F2,28,5.780599594116211,canonical_functor_control,1,28
1,F2:test:130,,binding,23,26=21,21,test,F2,21,2.0894041061401367,reversed_functor_control,1,21
1,F2:test:523,symbol_mismatch,failure,23,,28,test,F2,28,9.927456855773926,reversed_functor_control,1,28
1,F2:test:213,symbol_mismatch,failure,23,,28,test,F2,28,8.39869213104248,canonical_functor_control,1,28
0,F2:test:399,symbol_mismatch,failure,23,,23,test,F2,28,-3.483102798461914,canonical_functor_control,0,23
1,F2:test:424,,binding,23,16=24,24,test,F2,24,4.71995735168457,reversed_functor_control,1,24
1,F2:test:738,,binding,23,22=25,25,test,F2,25,4.984081268310547,canonical_predicate_control,1,25
1,F2:test:605,symbol_mismatch,failure,23,,28,test,F2,28,9.08112382888794,reversed_functor_control,1,28
1,F2:test:156,,binding,23,18=22,22,test,F2,22,0.9248065948486328,canonical_predicate_control,1,22
1,F2:test:633,symbol_mismatch,failure,23,,28,test,F2,28,9.588338375091553,canonical_predicate_control,1,28
1,F2:test:177,symbol_mismatch,failure,23,,28,test,F2,28,11.03577995300293,reversed_predicate_control,1,28
1,F2:test:602,,binding,23,21=17,17,test,F2,17,0.35524940490722656,reversed_functor_control,1,17
1,F2:test:677,symbol_mismatch,failure,23,,28,test,F2,28,11.6658456325531,canonical_functor_control,1,28
1,F2:test:680,,binding,23,19=20,20,test,F2,20,6.740604400634766,canonical_functor_control,1,20
1,F2:test:663,symbol_mismatch,failure,23,,28,test,F2,28,11.502975463867188,reversed_predicate_control,1,28
1,F2:test:443,symbol_mismatch,failure,23,,28,test,F2,28,11.300339221954346,canonical_predicate_control,1,28
1,F2:test:134,,binding,23,16=23,23,test,F2,23,1.334609031677246,reversed_functor_control,1,23
0,F2:test:657,symbol_mismatch,failure,23,,20,test,F2,28,-4.571613311767578,reversed_predicate_control,0,20
1,F2:test:471,symbol_mismatch,failure,23,,28,test,F2,28,10.737357139587402,reversed_predicate_control,1,28
1,F2:test:508,,binding,23,21=18,18,test,F2,18,0.26497840881347656,reversed_functor_control,1,18
1,F2:test:11,symbol_mismatch,failure,23,,28,test,F2,28,12.021941661834717,canonical_functor_control,1,28
1,F2:test:321,symbol_mismatch,failure,23,,28,test,F2,28,8.335914134979248,reversed_functor_control,1,28
1,F2:test:752,,binding,23,26=20,20,test,F2,20,3.1951122283935547,reversed_predicate_control,1,20
0,F2:test:561,symbol_mismatch,failure,23,,20,test,F2,28,-1.0081262588500977,reversed_predicate_control,0,20
1,F2:test:669,symbol_mismatch,failure,23,,28,test,F2,28,6.663688659667969,reversed_predicate_control,1,28
1,F2:test:249,symbol_mismatch,failure,23,,28,test,F2,28,8.908918857574463,canonical_predicate_control,1,28
1,F2:test:338,,binding,23,23=17,17,test,F2,17,4.884087562561035,canonical_predicate_control,1,17
1,F2:test:708,,binding,23,25=22,22,test,F2,22,4.172636032104492,reversed_functor_control,1,22
1,F2:test:728,,binding,23,25=20,20,test,F2,20,3.7963714599609375,canonical_predicate_control,1,20
0,F2:test:39,symbol_mismatch,failure,23,,23,test,F2,28,-4.584982872009277,reversed_functor_control,0,23
1,F2:test:25,symbol_mismatch,failure,23,,28,test,F2,28,6.46833610534668,reversed_functor_control,1,28
0,F2:test:180,,binding,23,26=22,28,test,F2,22,-0.4256553649902344,reversed_predicate_control,0,28
1,F2:test:506,,binding,23,25=17,17,test,F2,17,2.859372138977051,reversed_functor_control,1,17
1,F2:test:579,symbol_mismatch,failure,23,,28,test,F2,28,2.748711585998535,canonical_functor_control,1,28
1,F2:test:429,symbol_mismatch,failure,23,,28,test,F2,28,7.849703311920166,reversed_functor_control,1,28
1,F2:test:436,,binding,23,21=18,18,test,F2,18,4.101879119873047,canonical_predicate_control,1,18
1,F2:test:201,symbol_mismatch,failure,23,,28,test,F2,28,10.330846309661865,canonical_functor_control,1,28
1,F2:test:656,,binding,23,18=20,20,test,F2,20,3.904848098754883,reversed_predicate_control,1,20
1,F2:test:181,symbol_mismatch,failure,23,,28,test,F2,28,6.763681411743164,reversed_predicate_control,1,28
1,F2:test:562,,binding,23,20=21,21,test,F2,21,1.3997554779052734,reversed_predicate_control,1,21
1,F2:test:753,symbol_mismatch,failure,23,,28,test,F2,28,13.235161781311035,reversed_predicate_control,1,28
1,F2:test:61,symbol_mismatch,failure,23,,28,test,F2,28,9.938934326171875,canonical_predicate_control,1,28
1,F2:test:10,,binding,23,16=21,21,test,F2,21,2.8817882537841797,canonical_functor_control,1,21
1,F2:test:380,,binding,23,22=26,26,test,F2,26,3.508816719055176,reversed_predicate_control,1,26
1,F2:test:198,,binding,23,16=19,19,test,F2,19,1.3953561782836914,canonical_functor_control,1,19
1,F2:test:398,,binding,23,26=23,23,test,F2,23,4.274880409240723,canonical_functor_control,1,23
1,F2:test:127,symbol_mismatch,failure,23,,28,test,F2,28,9.54332160949707,reversed_functor_control,1,28
1,F2:test:183,symbol_mismatch,failure,23,,28,test,F2,28,8.708065509796143,reversed_predicate_control,1,28
1,F2:test:468,,binding,23,21=22,22,test,F2,22,3.3546276092529297,reversed_predicate_control,1,22
1,F2:test:312,,binding,23,26=16,16,test,F2,16,4.245405197143555,reversed_functor_control,1,16
1,F2:test:756,,binding,23,23=22,22,test,F2,22,1.0804786682128906,reversed_predicate_control,1,22
1,F2:test:143,symbol_mismatch,failure,23,,28,test,F2,28,9.310997486114502,reversed_functor_control,1,28
1,F2:test:456,,binding,23,17=16,16,test,F2,16,0.25896453857421875,reversed_predicate_control,1,16
1,F2:test:107,symbol_mismatch,failure,23,,28,test,F2,28,9.92735242843628,canonical_functor_control,1,28
1,F2:test:518,,binding,23,22=23,23,test,F2,23,3.6167564392089844,reversed_functor_control,1,23
1,F2:test:145,symbol_mismatch,failure,23,,28,test,F2,28,7.763040542602539,canonical_predicate_control,1,28
1,F2:test:494,,binding,23,25=23,23,test,F2,23,3.3640480041503906,canonical_functor_control,1,23
1,F2:test:546,,binding,23,19=25,25,test,F2,25,4.927268981933594,canonical_predicate_control,1,25
1,F2:test:422,,binding,23,24=23,23,test,F2,23,4.374464988708496,reversed_functor_control,1,23
1,F2:test:556,,binding,23,24=18,18,test,F2,18,3.10598087310791,reversed_predicate_control,1,18
0,F2:test:606,,binding,23,16=19,28,test,F2,19,-2.168583869934082,reversed_functor_control,0,28
1,F2:test:576,,binding,23,19=16,16,test,F2,16,5.653341293334961,canonical_functor_control,1,16
1,F2:test:703,symbol_mismatch,failure,23,,28,test,F2,28,10.05603837966919,reversed_functor_control,1,28
1,F2:test:174,,binding,23,17=19,19,test,F2,19,2.0769519805908203,reversed_predicate_control,1,19
1,F2:test:263,symbol_mismatch,failure,23,,28,test,F2,28,12.171315670013428,canonical_predicate_control,1,28
1,F2:test:699,symbol_mismatch,failure,23,,28,test,F2,28,5.534891128540039,reversed_functor_control,1,28
1,F2:test:330,,binding,23,27=25,25,test,F2,25,3.7223644256591797,reversed_functor_control,1,25
1,F2:test:724,,binding,23,20=18,18,test,F2,18,2.795649528503418,canonical_predicate_control,1,18
1,F2:test:492,,binding,23,21=22,22,test,F2,22,0.8669567108154297,canonical_functor_control,1,22
1,F2:test:335,symbol_mismatch,failure,23,,28,test,F2,28,5.138918876647949,reversed_functor_control,1,28
0,F2:test:294,,binding,23,25=19,28,test,F2,19,-0.3016080856323242,canonical_functor_control,0,28
1,F2:test:741,symbol_mismatch,failure,23,,28,test,F2,28,11.965190410614014,canonical_predicate_control,1,28
1,F2:test:736,,binding,23,16=24,24,test,F2,24,3.9371566772460938,canonical_predicate_control,1,24
1,F2:test:200,,binding,23,18=20,20,test,F2,20,6.4689836502075195,canonical_functor_control,1,20
1,F2:test:526,,binding,23,19=27,27,test,F2,27,2.2009191513061523,reversed_functor_control,1,27
1,F2:test:758,,binding,23,16=23,23,test,F2,23,2.088380813598633,reversed_predicate_control,1,23
1,F2:test:153,symbol_mismatch,failure,23,,28,test,F2,28,9.964642524719238,canonical_predicate_control,1,28
1,F2:test:547,symbol_mismatch,failure,23,,28,test,F2,28,5.771932601928711,canonical_predicate_control,1,28
1,F2:test:460,,binding,23,19=18,18,test,F2,18,4.093960762023926,reversed_predicate_control,1,18
1,F2:test:681,symbol_mismatch,failure,23,,28,test,F2,28,9.052367210388184,canonical_functor_control,1,28
1,F2:test:224,,binding,23,27=20,20,test,F2,20,4.2687177658081055,reversed_functor_control,1,20
1,F2:test:435,symbol_mismatch,failure,23,,28,test,F2,28,6.361217021942139,canonical_predicate_control,1,28
1,F2:test:459,symbol_mismatch,failure,23,,28,test,F2,28,5.711031913757324,reversed_predicate_control,1,28
1,F2:test:324,,binding,23,21=22,22,test,F2,22,2.781644821166992,reversed_functor_control,1,22
1,F2:test:610,,binding,23,26=21,21,test,F2,21,2.4115543365478516,reversed_functor_control,1,21
1,F2:test:405,symbol_mismatch,failure,23,,28,test,F2,28,6.498775482177734,canonical_functor_control,1,28
1,F2:test:220,,binding,23,25=18,18,test,F2,18,1.6204137802124023,reversed_functor_control,1,18
1,F2:test:295,symbol_mismatch,failure,23,,28,test,F2,28,10.2301926612854,canonical_functor_control,1,28
1,F2:test:70,,binding,23,18=27,27,test,F2,27,5.980075836181641,canonical_predicate_control,1,27
1,F2:test:334,,binding,23,18=27,27,test,F2,27,4.8208723068237305,reversed_functor_control,1,27
1,F2:test:412,,binding,23,26=18,18,test,F2,18,2.7773828506469727,reversed_functor_control,1,18
0,F2:test:577,symbol_mismatch,failure,23,,16,test,F2,28,-0.8613061904907227,canonical_functor_control,0,16
1,F2:test:111,symbol_mismatch,failure,23,,28,test,F2,28,8.351211547851562,canonical_functor_control,1,28
1,F2:test:154,,binding,23,24=21,21,test,F2,21,4.259615898132324,canonical_predicate_control,1,21
1,F2:test:305,symbol_mismatch,failure,23,,28,test,F2,28,8.037097454071045,canonical_functor_control,1,28
1,F2:test:608,,binding,23,25=20,20,test,F2,20,3.119630813598633,reversed_functor_control,1,20
1,F2:test:411,symbol_mismatch,failure,23,,28,test,F2,28,6.129543304443359,reversed_functor_control,1,28
1,F2:test:457,symbol_mismatch,failure,23,,28,test,F2,28,7.048439979553223,reversed_predicate_control,1,28
1,F2:test:572,,binding,23,19=26,26,test,F2,26,5.345227241516113,reversed_predicate_control,1,26
1,F2:test:476,,binding,23,27=26,26,test,F2,26,4.589743614196777,reversed_predicate_control,1,26
1,F2:test:760,,binding,23,20=24,24,test,F2,24,5.2286834716796875,reversed_predicate_control,1,24
1,F2:test:512,,binding,23,26=20,20,test,F2,20,3.979987144470215,reversed_functor_control,1,20
1,F2:test:304,,binding,23,19=24,24,test,F2,24,3.9990530014038086,canonical_functor_control,1,24
0,F2:test:525,symbol_mismatch,failure,23,,26,test,F2,28,-6.59529972076416,reversed_functor_control,0,26
0,F2:test:505,symbol_mismatch,failure,23,,16,test,F2,28,-2.1025609970092773,reversed_functor_control,0,16
1,F2:test:565,symbol_mismatch,failure,23,,28,test,F2,28,11.034201622009277,reversed_predicate_control,1,28
1,F2:test:431,symbol_mismatch,failure,23,,28,test,F2,28,6.883556365966797,reversed_functor_control,1,28
1,F2:test:631,symbol_mismatch,failure,23,,28,test,F2,28,6.009026527404785,canonical_predicate_control,1,28
0,F2:test:169,symbol_mismatch,failure,23,,16,test,F2,28,-4.613246917724609,reversed_predicate_control,0,16
