class_id,entity_id,example_id,feature_bits,label_mode,model_seed,output_entropy,position_mode,predictive_order,stage,target_margin,target_probability,template_id,top1_correct
parity-1,test-entity-100,test:natural:t0:paligned:c1:i0,1000,natural,11,3.837676558759995e-05,aligned,4,s2,-34.265357971191406,1.314448068043207e-15,0,0
parity-0,test-entity-101,test:natural:t0:paligned:c6:i1,0110,natural,11,0.0006694406038150191,aligned,4,s2,-9.681095123291016,6.244918768061325e-05,0,0
parity-1,test-entity-102,test:natural:t0:paligned:c11:i2,1101,natural,11,4.6064593334449455e-05,aligned,4,s2,-25.860389709472656,5.8745447742425405e-12,0,0
parity-0,test-entity-103,test:natural:t0:paligned:c12:i3,0011,natural,11,2.8087242753827013e-07,aligned,4,s2,-31.758825302124023,1.611824246934481e-14,0,0
parity-1,test-entity-104,test:natural:t0:paligned:c1:i4,1000,natural,11,0.08446816354990005,aligned,4,s2,-4.083551406860352,0.016568277031183243,0,0
parity-0,test-entity-105,test:natural:t0:paligned:c6:i5,0110,natural,11,0.00021858768013771623,aligned,4,s2,-10.980890274047852,1.702363442745991e-05,0,0
parity-1,test-entity-106,test:natural:t0:paligned:c11:i6,1101,natural,11,3.9801281673135236e-05,aligned,4,s2,-28.479076385498047,4.282461429742923e-13,0,0
parity-0,test-entity-107,test:natural:t0:paligned:c12:i7,0011,natural,11,5.6208455134765245e-06,aligned,4,s2,-37.76117706298828,3.9859209902027385e-17,0,0
parity-1,test-entity-108,test:natural:t0:paligned:c1:i8,1000,natural,11,3.8468742786790244e-06,aligned,4,s2,-18.50782012939453,9.165494141427644e-09,0,0
parity-0,test-entity-109,test:natural:t0:paligned:c6:i9,0110,natural,11,7.32444232198759e-06,aligned,4,s2,-35.74916458129883,2.9808140264129016e-16,0,0
parity-1,test-entity-110,test:natural:t0:paligned:c11:i10,1101,natural,11,0.00018733898468781263,aligned,4,s2,-26.798189163208008,2.2997879642328023e-12,0,0
parity-0,test-entity-111,test:natural:t0:paligned:c12:i11,0011,natural,11,3.5585784644354135e-05,aligned,4,s2,13.125785827636719,0.9999974966049194,0,1
parity-1,test-entity-112,test:natural:t0:paligned:c1:i12,1000,natural,11,0.0001799132296582684,aligned,4,s2,-11.20245361328125,1.364048966934206e-05,0,0
parity-0,test-entity-113,test:natural:t0:paligned:c6:i13,0110,natural,11,5.4957723477855325e-05,aligned,4,s2,-35.25413513183594,4.890145668230098e-16,0,0
parity-1,test-entity-114,test:natural:t0:paligned:c11:i14,1101,natural,11,2.4268781544378726e-06,aligned,4,s2,-24.019716262817383,3.701430134617212e-11,0,0
parity-0,test-entity-115,test:natural:t0:paligned:c12:i15,0011,natural,11,2.351662118371678e-07,aligned,4,s2,-36.435298919677734,1.5008953986758272e-16,0,0
parity-1,test-entity-116,test:natural:t0:paligned:c1:i16,1000,natural,11,1.2244666322658304e-05,aligned,4,s2,-14.51010513305664,4.992763820155233e-07,0,0
parity-0,test-entity-117,test:natural:t0:paligned:c6:i17,0110,natural,11,1.1361616998328827e-05,aligned,4,s2,-35.02876281738281,6.126350550078347e-16,0,0
parity-1,test-entity-118,test:natural:t0:paligned:c11:i18,1101,natural,11,1.4803700651100371e-05,aligned,4,s2,-30.8106746673584,4.1600078416748065e-14,0,0
parity-0,test-entity-119,test:natural:t0:paligned:c12:i19,0011,natural,11,1.8143053921448882e-06,aligned,4,s2,-25.44596290588379,8.891154305856741e-12,0,0
parity-1,test-entity-120,test:natural:t0:paligned:c1:i20,1000,natural,11,1.77243728103349e-05,aligned,4,s2,-28.53240203857422,4.0600788247906194e-13,0,0
parity-0,test-entity-121,test:natural:t0:paligned:c6:i21,0110,natural,11,5.866717401659116e-05,aligned,4,s2,-35.50053405761719,3.8221922346508915e-16,0,0
parity-1,test-entity-122,test:natural:t0:paligned:c11:i22,1101,natural,11,2.7483189114718698e-05,aligned,4,s2,-25.116609573364258,1.235931409299118e-11,0,0
parity-0,test-entity-123,test:natural:t0:paligned:c12:i23,0011,natural,11,1.566231730976142e-05,aligned,4,s2,-34.488563537597656,1.0514948422602269e-15,0,0
parity-1,test-entity-124,test:natural:t0:paligned:c1:i24,1000,natural,11,4.823925701202825e-05,aligned,4,s2,-25.86612319946289,5.840948818364167e-12,0,0
parity-0,test-entity-125,test:natural:t0:paligned:c6:i25,0110,natural,11,0.00026043312391266227,aligned,4,s2,-37.22808074951172,6.792668223942554e-17,0,0
parity-1,test-entity-126,test:natural:t0:paligned:c11:i26,1101,natural,11,0.00037083294591866434,aligned,4,s2,-17.9680118560791,1.5724520352478066e-08,0,0
parity-0,test-entity-127,test:natural:t0:paligned:c12:i27,0011,natural,11,0.03710281476378441,aligned,4,s2,-5.097902297973633,0.006072426680475473,0,0
parity-1,test-entity-128,test:natural:t0:paligned:c1:i28,1000,natural,11,0.0001415278238710016,aligned,4,s2,-30.092182159423828,8.533484926716642e-14,0,0
parity-0,test-entity-129,test:natural:t0:paligned:c6:i29,0110,natural,11,1.1443838957347907e-05,aligned,4,s2,-38.36937713623047,2.1696575235990267e-17,0,0
parity-1,test-entity-130,test:natural:t0:paligned:c11:i30,1101,natural,11,5.2500013225653674e-06,aligned,4,s2,-28.73349380493164,3.320493023335064e-13,0,0
parity-0,test-entity-131,test:natural:t0:paligned:c12:i31,0011,natural,11,5.0328952056588605e-05,aligned,4,s2,13.003368377685547,0.9999964237213135,0,1
parity-1,test-entity-100,test:natural:t0:prandomized:c1:i0,1000,natural,11,2.515596861485392e-05,randomized,4,s2,-32.29978942871094,9.383790978685722e-15,0,0
parity-0,test-entity-101,test:natural:t0:prandomized:c6:i1,0110,natural,11,2.627788944664644e-06,randomized,4,s2,-18.904870986938477,6.161955834471655e-09,0,0
parity-1,test-entity-102,test:natural:t0:prandomized:c11:i2,1101,natural,11,4.429987529874779e-05,randomized,4,s2,-24.756874084472656,1.771027248465007e-11,0,0
parity-0,test-entity-103,test:natural:t0:prandomized:c12:i3,0011,natural,11,1.2007377847567113e-07,randomized,4,s2,-29.74623680114746,1.206071511107923e-13,0,0
parity-1,test-entity-104,test:natural:t0:prandomized:c1:i4,1000,natural,11,0.6890600323677063,randomized,4,s2,0.1875133514404297,0.5467292070388794,0,1
parity-0,test-entity-105,test:natural:t0:prandomized:c6:i5,0110,natural,11,3.2007524168875534e-06,randomized,4,s2,-19.8112850189209,2.4892483629912476e-09,0,0
parity-1,test-entity-106,test:natural:t0:prandomized:c11:i6,1101,natural,11,2.765653516689781e-05,randomized,4,s2,-24.970670700073242,1.4301270237493391e-11,0,0
parity-0,test-entity-107,test:natural:t0:prandomized:c12:i7,0011,natural,11,4.3377134716138244e-05,randomized,4,s2,-34.60635757446289,9.346499294391668e-16,0,0
parity-1,test-entity-108,test:natural:t0:prandomized:c1:i8,1000,natural,11,2.956412936327979e-05,randomized,4,s2,-13.353094100952148,1.587903284416825e-06,0,0
parity-0,test-entity-109,test:natural:t0:prandomized:c6:i9,0110,natural,11,8.309746772283688e-05,randomized,4,s2,-26.792890548706055,2.3120273057175567e-12,0,0
parity-1,test-entity-110,test:natural:t0:prandomized:c11:i10,1101,natural,11,0.00015655637253075838,randomized,4,s2,-25.955564498901367,5.34116154082831e-12,0,0
parity-0,test-entity-111,test:natural:t0:prandomized:c12:i11,0011,natural,11,0.03950081020593643,randomized,4,s2,5.020988464355469,0.993444561958313,0,1
parity-1,test-entity-112,test:natural:t0:prandomized:c1:i12,1000,natural,11,0.013687944039702415,randomized,4,s2,-6.275798797607422,0.0018777521327137947,0,0
parity-0,test-entity-113,test:natural:t0:prandomized:c6:i13,0110,natural,11,3.141535125905648e-05,randomized,4,s2,-32.617767333984375,6.827826285182035e-15,0,0
parity-1,test-entity-114,test:natural:t0:prandomized:c11:i14,1101,natural,11,8.054029422055464e-06,randomized,4,s2,-21.47749900817871,4.703708533781992e-10,0,0
parity-0,test-entity-115,test:natural:t0:prandomized:c12:i15,0011,natural,11,1.638638536860526e-06,randomized,4,s2,-34.444217681884766,1.0991737974655794e-15,0,0
parity-1,test-entity-116,test:natural:t0:prandomized:c1:i16,1000,natural,11,0.0001133318364736624,randomized,4,s2,-11.665136337280273,8.588001946918666e-06,0,0
parity-0,test-entity-117,test:natural:t0:prandomized:c6:i17,0110,natural,11,1.6944411981967278e-05,randomized,4,s2,-33.17104721069336,3.9264186858984675e-15,0,0
parity-1,test-entity-118,test:natural:t0:prandomized:c11:i18,1101,natural,11,2.6592102585709654e-05,randomized,4,s2,-29.468597412109375,1.5920256649440412e-13,0,0
parity-0,test-entity-119,test:natural:t0:prandomized:c12:i19,0011,natural,11,9.66054813034134e-06,randomized,4,s2,-17.56670379638672,2.3489700851087036e-08,0,0
parity-1,test-entity-120,test:natural:t0:prandomized:c1:i20,1000,natural,11,7.3702281042642426e-06,randomized,4,s2,-28.6397647857666,3.6467641515054716e-13,0,0
parity-0,test-entity-121,test:natural:t0:prandomized:c6:i21,0110,natural,11,0.0008189290529116988,randomized,4,s2,-35.71983337402344,3.0693017055279863e-16,0,0
parity-1,test-entity-122,test:natural:t0:prandomized:c11:i22,1101,natural,11,0.00016424166096840054,randomized,4,s2,-20.35515022277832,1.4449895724411022e-09,0,0
parity-0,test-entity-123,test:natural:t0:prandomized:c12:i23,0011,natural,11,4.181232725386508e-05,randomized,4,s2,-34.829376220703125,7.47811878389846e-16,0,0
parity-1,test-entity-124,test:natural:t0:prandomized:c1:i24,1000,natural,11,2.3778022296028212e-05,randomized,4,s2,-24.89972496032715,1.5352736443263737e-11,0,0
parity-0,test-entity-125,test:natural:t0:prandomized:c6:i25,0110,natural,11,0.00011914588685613126,randomized,4,s2,-35.153377532958984,5.408514479477561e-16,0,0
parity-1,test-entity-126,test:natural:t0:prandomized:c11:i26,1101,natural,11,0.000562343280762434,randomized,4,s2,-10.246841430664062,3.546764492057264e-05,0,0
parity-0,test-entity-127,test:natural:t0:prandomized:c12:i27,0011,natural,11,0.002274652710184455,randomized,4,s2,-8.328414916992188,0.00024149597447831184,0,0
parity-1,test-entity-128,test:natural:t0:prandomized:c1:i28,1000,natural,11,7.906483369879425e-05,randomized,4,s2,-26.913135528564453,2.0500825429620173e-12,0,0
parity-0,test-entity-129,test:natural:t0:prandomized:c6:i29,0110,natural,11,1.0410390132165048e-05,randomized,4,s2,-33.61555099487305,2.5173980128657784e-15,0,0
parity-1,test-entity-130,test:natural:t0:prandomized:c11:i30,1101,natural,11,3.866065071633784e-06,randomized,4,s2,-25.147472381591797,1.1983720439590062e-11,0,0
parity-0,test-entity-131,test:natural:t0:prandomized:c12:i31,0011,natural,11,0.012922942638397217,randomized,4,s2,-6.341421127319336,0.0017586970934644341,0,0
parity-1,test-entity-100,test:natural:t1:paligned:c1:i0,1000,natural,11,5.825227708555758e-05,aligned,4,s2,-34.81919860839844,7.554604800244339e-16,1,0
parity-0,test-entity-101,test:natural:t1:paligned:c6:i1,0110,natural,11,0.02495473623275757,aligned,4,s2,-5.570247650146484,0.0037950777914375067,1,0
parity-1,test-entity-102,test:natural:t1:paligned:c11:i2,1101,natural,11,3.642788215074688e-05,aligned,4,s2,-25.80942153930664,6.1817283063259065e-12,1,0
parity-0,test-entity-103,test:natural:t1:paligned:c12:i3,0011,natural,11,2.3798139636710403e-07,aligned,4,s2,-23.140424728393555,8.917465377233924e-11,1,0
parity-1,test-entity-104,test:natural:t1:paligned:c1:i4,1000,natural,11,0.0019011292606592178,aligned,4,s2,-8.535957336425781,0.00019624327251221985,1,0
parity-0,test-entity-105,test:natural:t1:paligned:c6:i5,0110,natural,11,7.554242620244622e-05,aligned,4,s2,-12.164482116699219,5.212312316871248e-06,1,0
parity-1,test-entity-106,test:natural:t1:paligned:c11:i6,1101,natural,11,3.9723199733998626e-05,aligned,4,s2,-28.508708953857422,4.157421206341799e-13,1,0
parity-0,test-entity-107,test:natural:t1:paligned:c12:i7,0011,natural,11,3.2934626688074786e-06,aligned,4,s2,-31.557430267333984,1.971432762317652e-14,1,0
parity-1,test-entity-108,test:natural:t1:paligned:c1:i8,1000,natural,11,3.3105686725320993e-06,aligned,4,s2,-20.52182388305664,1.2231647916749466e-09,1,0
parity-0,test-entity-109,test:natural:t1:paligned:c6:i9,0110,natural,11,2.054599917755695e-06,aligned,4,s2,-27.881927490234375,7.780957952605028e-13,1,0
parity-1,test-entity-110,test:natural:t1:paligned:c11:i10,1101,natural,11,0.00018191295384895056,aligned,4,s2,-26.14893913269043,4.40203255791527e-12,1,0
parity-0,test-entity-111,test:natural:t1:paligned:c12:i11,0011,natural,11,0.00012063877511536703,aligned,4,s2,11.660625457763672,0.9999905824661255,1,1
parity-1,test-entity-112,test:natural:t1:paligned:c1:i12,1000,natural,11,4.825265932595357e-05,aligned,4,s2,-12.805984497070312,2.7442908958619228e-06,1,0
parity-0,test-entity-113,test:natural:t1:paligned:c6:i13,0110,natural,11,2.0633269741665572e-05,aligned,4,s2,-30.08980941772461,8.553834723867837e-14,1,0
parity-1,test-entity-114,test:natural:t1:paligned:c11:i14,1101,natural,11,2.506279543013079e-06,aligned,4,s2,-24.267257690429688,2.8897773063363275e-11,1,0
parity-0,test-entity-115,test:natural:t1:paligned:c12:i15,0011,natural,11,1.576366770450477e-07,aligned,4,s2,-32.99958038330078,4.6608432614965185e-15,1,0
parity-1,test-entity-116,test:natural:t1:paligned:c1:i16,1000,natural,11,3.870927230309462e-06,aligned,4,s2,-17.426738739013672,2.701862023002377e-08,1,0
parity-0,test-entity-117,test:natural:t1:paligned:c6:i17,0110,natural,11,6.405144631571602e-06,aligned,4,s2,-29.271373748779297,1.9391175405843175e-13,1,0
parity-1,test-entity-118,test:natural:t1:paligned:c11:i18,1101,natural,11,1.7722401025821455e-05,aligned,4,s2,-30.703907012939453,4.6287277531914875e-14,1,0
parity-0,test-entity-119,test:natural:t1:paligned:c12:i19,0011,natural,11,2.552587602622225e-06,aligned,4,s2,-19.132244110107422,4.90876050918132e-09,1,0
parity-1,test-entity-120,test:natural:t1:paligned:c1:i20,1000,natural,11,3.888009814545512e-05,aligned,4,s2,-29.478483200073242,1.576362196158143e-13,1,0
parity-0,test-entity-121,test:natural:t1:paligned:c6:i21,0110,natural,11,2.3746310034766793e-05,aligned,4,s2,-28.842424392700195,2.9777891849373794e-13,1,0
parity-1,test-entity-122,test:natural:t1:paligned:c11:i22,1101,natural,11,2.2886584702064283e-05,aligned,4,s2,-25.284503936767578,1.0449090377673276e-11,1,0
parity-0,test-entity-123,test:natural:t1:paligned:c12:i23,0011,natural,11,1.5458253983524628e-05,aligned,4,s2,-30.367717742919922,6.478391228418451e-14,1,0
parity-1,test-entity-124,test:natural:t1:paligned:c1:i24,1000,natural,11,4.4808177335653454e-05,aligned,4,s2,-27.800018310546875,8.445080572350161e-13,1,0
parity-0,test-entity-125,test:natural:t1:paligned:c6:i25,0110,natural,11,0.00013340747682377696,aligned,4,s2,-33.13582229614258,4.06715448063419e-15,1,0
parity-1,test-entity-126,test:natural:t1:paligned:c11:i26,1101,natural,11,0.0002776636683847755,aligned,4,s2,-20.59868812561035,1.1326432014513443e-09,1,0
parity-0,test-entity-127,test:natural:t1:paligned:c12:i27,0011,natural,11,0.2645648717880249,aligned,4,s2,-2.5235824584960938,0.0742206871509552,1,0
parity-1,test-entity-128,test:natural:t1:paligned:c1:i28,1000,natural,11,0.0001802489277906716,aligned,4,s2,-30.654144287109375,4.86482700640372e-14,1,0
parity-0,test-entity-129,test:natural:t1:paligned:c6:i29,0110,natural,11,2.857304252756876e-06,aligned,4,s2,-30.54021453857422,5.451969577836488e-14,1,0
parity-1,test-entity-130,test:natural:t1:paligned:c11:i30,1101,natural,11,5.9259027693769895e-06,aligned,4,s2,-28.297195434570312,5.136699442534476e-13,1,0
parity-0,test-entity-131,test:natural:t1:paligned:c12:i31,0011,natural,11,0.0034980452619493008,aligned,4,s2,7.843807220458984,0.9996058344841003,1,1
parity-1,test-entity-100,test:natural:t1:prandomized:c1:i0,1000,natural,11,4.172126136836596e-05,randomized,4,s2,-33.05570983886719,4.406423363261533e-15,1,0
parity-0,test-entity-101,test:natural:t1:prandomized:c6:i1,0110,natural,11,4.9029563342628535e-06,randomized,4,s2,-18.7628231048584,7.102472832087869e-09,1,0
parity-1,test-entity-102,test:natural:t1:prandomized:c11:i2,1101,natural,11,8.209291991079226e-05,randomized,4,s2,-24.490930557250977,2.3105824545344156e-11,1,0
parity-0,test-entity-103,test:natural:t1:prandomized:c12:i3,0011,natural,11,3.144423317280598e-07,randomized,4,s2,-31.885643005371094,1.41984541528542e-14,1,0
parity-1,test-entity-104,test:natural:t1:prandomized:c1:i4,1000,natural,11,0.1275004893541336,randomized,4,s2,-3.5508899688720703,0.0278981551527977,1,0
parity-0,test-entity-105,test:natural:t1:prandomized:c6:i5,0110,natural,11,2.0771989511558786e-05,randomized,4,s2,-13.647407531738281,1.183056838272023e-06,1,0
parity-1,test-entity-106,test:natural:t1:prandomized:c11:i6,1101,natural,11,2.6376354071544483e-05,randomized,4,s2,-26.483476638793945,3.1504399783388592e-12,1,0
parity-0,test-entity-107,test:natural:t1:prandomized:c12:i7,0011,natural,11,3.535332143655978e-05,randomized,4,s2,-35.44805145263672,4.0281496192647547e-16,1,0
parity-1,test-entity-108,test:natural:t1:prandomized:c1:i8,1000,natural,11,3.5748937534663128e-06,randomized,4,s2,-19.700273513793945,2.781506136528833e-09,1,0
parity-0,test-entity-109,test:natural:t1:prandomized:c6:i9,0110,natural,11,1.802438600861933e-05,randomized,4,s2,-36.97626495361328,8.737986589919442e-17,1,0
parity-1,test-entity-110,test:natural:t1:prandomized:c11:i10,1101,natural,11,0.00010276197281200439,randomized,4,s2,-27.058759689331055,1.7722574709860828e-12,1,0
parity-0,test-entity-111,test:natural:t1:prandomized:c12:i11,0011,natural,11,0.28118932247161865,randomized,4,s2,2.429149627685547,0.91902095079422,1,1
parity-1,test-entity-112,test:natural:t1:prandomized:c1:i12,1000,natural,11,0.0007599256932735443,randomized,4,s2,-9.561470031738281,7.038423063931987e-05,1,0
parity-0,test-entity-113,test:natural:t1:prandomized:c6:i13,0110,natural,11,1.923624222399667e-05,randomized,4,s2,-32.68979263305664,6.353356544612802e-15,1,0
parity-1,test-entity-114,test:natural:t1:prandomized:c11:i14,1101,natural,11,5.59178761250223e-06,randomized,4,s2,-21.51075553894043,4.549851051471876e-10,1,0
parity-0,test-entity-115,test:natural:t1:prandomized:c12:i15,0011,natural,11,5.511528229362739e-07,randomized,4,s2,-34.74699401855469,8.120307930166741e-16,1,0
parity-1,test-entity-116,test:natural:t1:prandomized:c1:i16,1000,natural,11,6.197152833919972e-05,randomized,4,s2,-12.38759994506836,4.169958629063331e-06,1,0
parity-0,test-entity-117,test:natural:t1:prandomized:c6:i17,0110,natural,11,8.652136784803588e-06,randomized,4,s2,-31.5275936126709,2.031138759516892e-14,1,0
parity-1,test-entity-118,test:natural:t1:prandomized:c11:i18,1101,natural,11,1.2198684089526068e-05,randomized,4,s2,-28.350910186767578,4.868055286134931e-13,1,0
parity-0,test-entity-119,test:natural:t1:prandomized:c12:i19,0011,natural,11,9.622605830372777e-06,randomized,4,s2,-27.194263458251953,1.547680061365908e-12,1,0
parity-1,test-entity-120,test:natural:t1:prandomized:c1:i20,1000,natural,11,1.2280965165700763e-05,randomized,4,s2,-28.249454498291016,5.387870596722244e-13,1,0
parity-0,test-entity-121,test:natural:t1:prandomized:c6:i21,0110,natural,11,0.00134757230989635,randomized,4,s2,-32.72672653198242,6.1221445020996374e-15,1,0
parity-1,test-entity-122,test:natural:t1:prandomized:c11:i22,1101,natural,11,8.090030314633623e-05,randomized,4,s2,-20.3333683013916,1.4768211098470374e-09,1,0
parity-0,test-entity-123,test:natural:t1:prandomized:c12:i23,0011,natural,11,7.14929701643996e-05,randomized,4,s2,-35.21297836303711,5.095595627168997e-16,1,0
parity-1,test-entity-124,test:natural:t1:prandomized:c1:i24,1000,natural,11,2.1531845050049014e-05,randomized,4,s2,-28.60257911682129,3.784927015901274e-13,1,0
parity-0,test-entity-125,test:natural:t1:prandomized:c6:i25,0110,natural,11,0.0002528290497139096,randomized,4,s2,-33.970191955566406,1.7657301758022348e-15,1,0
parity-1,test-entity-126,test:natural:t1:prandomized:c11:i26,1101,natural,11,0.00020565975864883512,randomized,4,s2,-13.427633285522461,1.4738253639734467e-06,1,0
parity-0,test-entity-127,test:natural:t1:prandomized:c12:i27,0011,natural,11,0.6317717432975769,randomized,4,s2,0.7245330810546875,0.6735960245132446,1,1
parity-1,test-entity-128,test:natural:t1:prandomized:c1:i28,1000,natural,11,0.00010969420691253617,randomized,4,s2,-27.62564468383789,1.0053815419075463e-12,1,0
parity-0,test-entity-129,test:natural:t1:prandomized:c6:i29,0110,natural,11,3.2884233860386303e-06,randomized,4,s2,-32.293060302734375,9.447165136766342e-15,1,0
parity-1,test-entity-130,test:natural:t1:prandomized:c11:i30,1101,natural,11,5.197822247282602e-06,randomized,4,s2,-25.78158187866211,6.356244523775256e-12,1,0
parity-0,test-entity-131,test:natural:t1:prandomized:c12:i31,0011,natural,11,2.9210399588919245e-05,randomized,4,s2,-13.155900955200195,1.9340320704941405e-06,1,0
parity-1,test-entity-100,test:natural:t2:paligned:c1:i0,1000,natural,11,3.5243327147327363e-05,aligned,4,s2,-34.57077407836914,9.685062598573948e-16,2,0
parity-0,test-entity-101,test:natural:t2:paligned:c6:i1,0110,natural,11,9.800287807593122e-05,aligned,4,s2,-11.791688919067383,7.5671341619454324e-06,2,0
parity-1,test-entity-102,test:natural:t2:paligned:c11:i2,1101,natural,11,2.3546541342511773e-05,aligned,4,s2,-26.01826286315918,5.016619064601713e-12,2,0
parity-0,test-entity-103,test:natural:t2:paligned:c12:i3,0011,natural,11,1.2693287487763882e-07,aligned,4,s2,-27.178586959838867,1.5721355424089256e-12,2,0
parity-1,test-entity-104,test:natural:t2:paligned:c1:i4,1000,natural,11,0.0059694088995456696,aligned,4,s2,-7.23396110534668,0.0007211349438875914,2,0
parity-0,test-entity-105,test:natural:t2:paligned:c6:i5,0110,natural,11,1.544566111988388e-05,aligned,4,s2,-14.102970123291016,7.501660661546339e-07,2,0
parity-1,test-entity-106,test:natural:t2:paligned:c11:i6,1101,natural,11,2.247213342343457e-05,aligned,4,s2,-28.38014793395996,4.727787172170705e-13,2,0
parity-0,test-entity-107,test:natural:t2:paligned:c12:i7,0011,natural,11,2.1400653622549726e-06,aligned,4,s2,-35.43395233154297,4.085352665868594e-16,2,0
parity-1,test-entity-108,test:natural:t2:paligned:c1:i8,1000,natural,11,2.120546923833899e-06,aligned,4,s2,-21.293542861938477,5.653684742590315e-10,2,0
parity-0,test-entity-109,test:natural:t2:paligned:c6:i9,0110,natural,11,1.6692389408490271e-06,aligned,4,s2,-33.23394775390625,3.687061151048032e-15,2,0
parity-1,test-entity-110,test:natural:t2:paligned:c11:i10,1101,natural,11,0.00011021250975318253,aligned,4,s2,-26.50457000732422,3.084664685140681e-12,2,0
parity-0,test-entity-111,test:natural:t2:paligned:c12:i11,0011,natural,11,1.0559570000623353e-05,aligned,4,s2,14.775482177734375,0.9999994039535522,2,1
parity-1,test-entity-112,test:natural:t2:paligned:c1:i12,1000,natural,11,1.0822561307577416e-05,aligned,4,s2,-15.150632858276367,2.6312588374821644e-07,2,0
parity-0,test-entity-113,test:natural:t2:paligned:c6:i13,0110,natural,11,1.559224256197922e-05,aligned,4,s2,-33.78543472290039,2.124086310621243e-15,2,0
parity-1,test-entity-114,test:natural:t2:paligned:c11:i14,1101,natural,11,1.3317049933903036e-06,aligned,4,s2,-23.858413696289062,4.3493340873279607e-11,2,0
parity-0,test-entity-115,test:natural:t2:paligned:c12:i15,0011,natural,11,1.0418830242997501e-07,aligned,4,s2,-34.86017608642578,7.251333653205002e-16,2,0
parity-1,test-entity-116,test:natural:t2:paligned:c1:i16,1000,natural,11,2.6879490633291425e-06,aligned,4,s2,-17.91249656677246,1.6622696108470336e-08,2,0
parity-0,test-entity-117,test:natural:t2:paligned:c6:i17,0110,natural,11,3.565746283129556e-06,aligned,4,s2,-32.38312530517578,8.63349935840323e-15,2,0
parity-1,test-entity-118,test:natural:t2:paligned:c11:i18,1101,natural,11,9.862268598226365e-06,aligned,4,s2,-30.83298110961914,4.068232499466161e-14,2,0
parity-0,test-entity-119,test:natural:t2:paligned:c12:i19,0011,natural,11,1.6218600649153814e-06,aligned,4,s2,-24.177671432495117,3.160612396801987e-11,2,0
parity-1,test-entity-120,test:natural:t2:paligned:c1:i20,1000,natural,11,1.3075945389573462e-05,aligned,4,s2,-28.19795799255371,5.67260051865387e-13,2,0
parity-0,test-entity-121,test:natural:t2:paligned:c6:i21,0110,natural,11,1.7592707081348635e-05,aligned,4,s2,-33.282535552978516,3.5121901402961975e-15,2,0
parity-1,test-entity-122,test:natural:t2:paligned:c11:i22,1101,natural,11,1.3899726582167204e-05,aligned,4,s2,-25.32468032836914,1.0037623510150695e-11,2,0
parity-0,test-entity-123,test:natural:t2:paligned:c12:i23,0011,natural,11,9.675924047769513e-06,aligned,4,s2,-33.57029724121094,2.6339323822325515e-15,2,0
parity-1,test-entity-124,test:natural:t2:paligned:c1:i24,1000,natural,11,2.989246422657743e-05,aligned,4,s2,-27.691059112548828,9.417269481587498e-13,2,0
parity-0,test-entity-125,test:natural:t2:paligned:c6:i25,0110,natural,11,9.126608347287402e-05,aligned,4,s2,-35.890750885009766,2.587270872415529e-16,2,0
parity-1,test-entity-126,test:natural:t2:paligned:c11:i26,1101,natural,11,0.0001970283774426207,aligned,4,s2,-18.49614906311035,9.272944190286125e-09,2,0
parity-0,test-entity-127,test:natural:t2:paligned:c12:i27,0011,natural,11,0.679843008518219,aligned,4,s2,-0.3313770294189453,0.4178982079029083,2,0
parity-1,test-entity-128,test:natural:t2:paligned:c1:i28,1000,natural,11,0.00010639864194672555,aligned,4,s2,-30.560453414916992,5.342696229003463e-14,2,0
parity-0,test-entity-129,test:natural:t2:paligned:c6:i29,0110,natural,11,2.2088722744229017e-06,aligned,4,s2,-34.62948226928711,9.132861703226372e-16,2,0
parity-1,test-entity-130,test:natural:t2:paligned:c11:i30,1101,natural,11,3.1444055821339134e-06,aligned,4,s2,-28.214374542236328,5.580234625074398e-13,2,0
parity-0,test-entity-131,test:natural:t2:paligned:c12:i31,0011,natural,11,2.593643330328632e-05,aligned,4,s2,13.859241485595703,0.9999983310699463,2,1
parity-1,test-entity-100,test:natural:t2:prandomized:c1:i0,1000,natural,11,2.2293852453003637e-05,randomized,4,s2,-31.877532958984375,1.4314043656968312e-14,2,0
parity-0,test-entity-101,test:natural:t2:prandomized:c6:i1,0110,natural,11,1.3264502740639728e-06,randomized,4,s2,-20.388694763183594,1.39734013249182e-09,2,0
parity-1,test-entity-102,test:natural:t2:prandomized:c11:i2,1101,natural,11,6.190884596435353e-05,randomized,4,s2,-24.54949188232422,2.179158416215632e-11,2,0
parity-0,test-entity-103,test:natural:t2:prandomized:c12:i3,0011,natural,11,1.7525626105907577e-07,randomized,4,s2,-31.80423927307129,1.54026317660547e-14,2,0
parity-1,test-entity-104,test:natural:t2:prandomized:c1:i4,1000,natural,11,0.6544715166091919,randomized,4,s2,-0.5698280334472656,0.3612675070762634,2,0
parity-0,test-entity-105,test:natural:t2:prandomized:c6:i5,0110,natural,11,1.8593702861835482e-06,randomized,4,s2,-18.643007278442383,8.0065394314488e-09,2,0
parity-1,test-entity-106,test:natural:t2:prandomized:c11:i6,1101,natural,11,2.004207271966152e-05,randomized,4,s2,-25.76401138305664,6.468923053476461e-12,2,0
parity-0,test-entity-107,test:natural:t2:prandomized:c12:i7,0011,natural,11,4.019204425276257e-05,randomized,4,s2,-34.582244873046875,9.574603149504883e-16,2,0
parity-1,test-entity-108,test:natural:t2:prandomized:c1:i8,1000,natural,11,6.290905275818659e-06,randomized,4,s2,-16.099939346313477,1.0183216403447659e-07,2,0
parity-0,test-entity-109,test:natural:t2:prandomized:c6:i9,0110,natural,11,2.9903039830969647e-05,randomized,4,s2,-33.33870315551758,3.3203553889514644e-15,2,0
parity-1,test-entity-110,test:natural:t2:prandomized:c11:i10,1101,natural,11,4.84467891510576e-05,randomized,4,s2,-24.782289505004883,1.7265820717593527e-11,2,0
parity-0,test-entity-111,test:natural:t2:prandomized:c12:i11,0011,natural,11,0.02461465820670128,randomized,4,s2,5.586338043212891,0.9962647557258606,2,1
parity-1,test-entity-112,test:natural:t2:prandomized:c1:i12,1000,natural,11,0.003231402952224016,randomized,4,s2,-7.927448272705078,0.00036057521356269717,2,0
parity-0,test-entity-113,test:natural:t2:prandomized:c6:i13,0110,natural,11,1.534241164335981e-05,randomized,4,s2,-34.72221374511719,8.324043176783041e-16,2,0
parity-1,test-entity-114,test:natural:t2:prandomized:c11:i14,1101,natural,11,3.7263448575686198e-06,randomized,4,s2,-21.903274536132812,3.0727606570302157e-10,2,0
parity-0,test-entity-115,test:natural:t2:prandomized:c12:i15,0011,natural,11,1.1839102853627992e-06,randomized,4,s2,-33.49346923828125,2.8442705683100547e-15,2,0
parity-1,test-entity-116,test:natural:t2:prandomized:c1:i16,1000,natural,11,8.607019844930619e-05,randomized,4,s2,-11.982889175415039,6.250207206903724e-06,2,0
parity-0,test-entity-117,test:natural:t2:prandomized:c6:i17,0110,natural,11,7.49167702451814e-06,randomized,4,s2,-31.44306182861328,2.2103041849596584e-14,2,0
parity-1,test-entity-118,test:natural:t2:prandomized:c11:i18,1101,natural,11,1.3277881407702807e-05,randomized,4,s2,-29.790647506713867,1.1536827266081517e-13,2,0
parity-0,test-entity-119,test:natural:t2:prandomized:c12:i19,0011,natural,11,6.347028829623014e-05,randomized,4,s2,-26.57159996032715,2.8846833775852954e-12,2,0
parity-1,test-entity-120,test:natural:t2:prandomized:c1:i20,1000,natural,11,5.136368599778507e-06,randomized,4,s2,-28.158960342407227,5.898196969895964e-13,2,0
parity-0,test-entity-121,test:natural:t2:prandomized:c6:i21,0110,natural,11,0.0024379268288612366,randomized,4,s2,-34.53803253173828,1.0004809065832974e-15,2,0
parity-1,test-entity-122,test:natural:t2:prandomized:c11:i22,1101,natural,11,7.479938358301297e-05,randomized,4,s2,-19.062297821044922,5.264376934377424e-09,2,0
parity-0,test-entity-123,test:natural:t2:prandomized:c12:i23,0011,natural,11,3.556558658601716e-05,randomized,4,s2,-34.78620910644531,7.808010588283224e-16,2,0
parity-1,test-entity-124,test:natural:t2:prandomized:c1:i24,1000,natural,11,1.301446263823891e-05,randomized,4,s2,-25.825740814208984,6.081673793040254e-12,2,0
parity-0,test-entity-125,test:natural:t2:prandomized:c6:i25,0110,natural,11,0.00013813194527756423,randomized,4,s2,-36.212310791015625,1.8758084600450356e-16,2,0
parity-1,test-entity-126,test:natural:t2:prandomized:c11:i26,1101,natural,11,0.0005040091346018016,randomized,4,s2,-10.487462997436523,2.7882653739652596e-05,2,0
parity-0,test-entity-127,test:natural:t2:prandomized:c12:i27,0011,natural,11,0.0709131509065628,randomized,4,s2,4.305662155151367,0.9866732358932495,2,1
parity-1,test-entity-128,test:natural:t2:prandomized:c1:i28,1000,natural,11,6.179833872010931e-05,randomized,4,s2,-26.65946388244629,2.6420441355534674e-12,2,0
parity-0,test-entity-129,test:natural:t2:prandomized:c6:i29,0110,natural,11,2.7251592200627783e-06,randomized,4,s2,-37.35913848876953,5.958438709081595e-17,2,0
parity-1,test-entity-130,test:natural:t2:prandomized:c11:i30,1101,natural,11,3.4450163184374105e-06,randomized,4,s2,-25.68124771118164,7.027088980149365e-12,2,0
parity-0,test-entity-131,test:natural:t2:prandomized:c12:i31,0011,natural,11,5.029015665058978e-05,randomized,4,s2,-12.550025939941406,3.5447974369162694e-06,2,0
parity-1,test-entity-100,test:natural:t3:paligned:c1:i0,1000,natural,11,5.328898987499997e-05,aligned,4,s2,-33.64858627319336,2.4355843710399065e-15,3,0
parity-0,test-entity-101,test:natural:t3:paligned:c6:i1,0110,natural,11,0.015202057547867298,aligned,4,s2,-6.152866363525391,0.0021228569094091654,3,0
parity-1,test-entity-102,test:natural:t3:paligned:c11:i2,1101,natural,11,8.622956374892965e-05,aligned,4,s2,-23.8570556640625,4.355208901851704e-11,3,0
parity-0,test-entity-103,test:natural:t3:paligned:c12:i3,0011,natural,11,5.062845502834534e-07,aligned,4,s2,-30.133237838745117,8.190324774729613e-14,3,0
parity-1,test-entity-104,test:natural:t3:paligned:c1:i4,1000,natural,11,0.0881553515791893,aligned,4,s2,-4.029766082763672,0.017467759549617767,3,0
parity-0,test-entity-105,test:natural:t3:paligned:c6:i5,0110,natural,11,0.010006312280893326,aligned,4,s2,-6.640922546386719,0.0013041156344115734,3,0
parity-1,test-entity-106,test:natural:t3:paligned:c11:i6,1101,natural,11,8.143556624418125e-05,aligned,4,s2,-27.92584800720215,7.44655368183772e-13,3,0
parity-0,test-entity-107,test:natural:t3:paligned:c12:i7,0011,natural,11,4.501073817664292e-06,aligned,4,s2,-33.620826721191406,2.5041480882301162e-15,3,0
parity-1,test-entity-108,test:natural:t3:paligned:c1:i8,1000,natural,11,8.825381883070804e-06,aligned,4,s2,-18.375991821289062,1.0457018362330928e-08,3,0
parity-0,test-entity-109,test:natural:t3:paligned:c6:i9,0110,natural,11,6.403930910892086e-06,aligned,4,s2,-29.679271697998047,1.2896021056585383e-13,3,0
parity-1,test-entity-110,test:natural:t3:paligned:c11:i10,1101,natural,11,0.0003680122608784586,aligned,4,s2,-24.975696563720703,1.4229130894383157e-11,3,0
parity-0,test-entity-111,test:natural:t3:paligned:c12:i11,0011,natural,11,0.6467795372009277,aligned,4,s2,0.6244468688964844,0.6512249708175659,3,1
parity-1,test-entity-112,test:natural:t3:paligned:c1:i12,1000,natural,11,0.001499042147770524,aligned,4,s2,-8.806053161621094,0.0001498007186455652,3,0
parity-0,test-entity-113,test:natural:t3:paligned:c6:i13,0110,natural,11,5.2709441661136225e-05,aligned,4,s2,-29.239009857177734,2.0028900413193718e-13,3,0
parity-1,test-entity-114,test:natural:t3:paligned:c11:i14,1101,natural,11,5.20536741532851e-06,aligned,4,s2,-22.628055572509766,1.4885401244946195e-10,3,0
parity-0,test-entity-115,test:natural:t3:paligned:c12:i15,0011,natural,11,2.765196995824226e-07,aligned,4,s2,-33.3596305847168,3.251594736601018e-15,3,0
parity-1,test-entity-116,test:natural:t3:paligned:c1:i16,1000,natural,11,2.6345411242800765e-05,aligned,4,s2,-13.59808349609375,1.2428725995050627e-06,3,0
parity-0,test-entity-117,test:natural:t3:paligned:c6:i17,0110,natural,11,1.0780402590171434e-05,aligned,4,s2,-28.79290771484375,3.1289548859878e-13,3,0
parity-1,test-entity-118,test:natural:t3:paligned:c11:i18,1101,natural,11,2.8627560823224485e-05,aligned,4,s2,-29.29696273803711,1.8901219023086113e-13,3,0
parity-0,test-entity-119,test:natural:t3:paligned:c12:i19,0011,natural,11,3.371225602677441e-06,aligned,4,s2,-22.716167449951172,1.3629922190894206e-10,3,0
parity-1,test-entity-120,test:natural:t3:paligned:c1:i20,1000,natural,11,3.9887883758638054e-05,aligned,4,s2,-28.8618106842041,2.9206113439164683e-13,3,0
parity-0,test-entity-121,test:natural:t3:paligned:c6:i21,0110,natural,11,5.478934326674789e-05,aligned,4,s2,-30.19155502319336,7.726321481476423e-14,3,0
parity-1,test-entity-122,test:natural:t3:paligned:c11:i22,1101,natural,11,6.33970121270977e-05,aligned,4,s2,-24.006282806396484,3.751476213009752e-11,3,0
parity-0,test-entity-123,test:natural:t3:paligned:c12:i23,0011,natural,11,2.442218283249531e-05,aligned,4,s2,-32.034767150878906,1.2231405633071537e-14,3,0
parity-1,test-entity-124,test:natural:t3:paligned:c1:i24,1000,natural,11,0.00010091123112943023,aligned,4,s2,-25.673709869384766,7.080208815068989e-12,3,0
parity-0,test-entity-125,test:natural:t3:paligned:c6:i25,0110,natural,11,0.00022953044390305877,aligned,4,s2,-31.878690719604492,1.4297223276701736e-14,3,0
parity-1,test-entity-126,test:natural:t3:paligned:c11:i26,1101,natural,11,0.0006494720000773668,aligned,4,s2,-15.142810821533203,2.6517611217968806e-07,3,0
parity-0,test-entity-127,test:natural:t3:paligned:c12:i27,0011,natural,11,0.004838852211833,aligned,4,s2,-7.471738815307617,0.0005686141084879637,3,0
parity-1,test-entity-128,test:natural:t3:paligned:c1:i28,1000,natural,11,0.00022202914988156408,aligned,4,s2,-29.474794387817383,1.5821624067303974e-13,3,0
parity-0,test-entity-129,test:natural:t3:paligned:c6:i29,0110,natural,11,9.673349268268794e-06,aligned,4,s2,-33.0129280090332,4.599042467115424e-15,3,0
parity-1,test-entity-130,test:natural:t3:paligned:c11:i30,1101,natural,11,8.768722182139754e-06,aligned,4,s2,-26.799179077148438,2.2975427983740193e-12,3,0
parity-0,test-entity-131,test:natural:t3:paligned:c12:i31,0011,natural,11,0.0005459428648464382,aligned,4,s2,-9.90848159790039,4.9748432502383366e-05,3,0
parity-1,test-entity-100,test:natural:t3:prandomized:c1:i0,1000,natural,11,3.7395126128103584e-05,randomized,4,s2,-32.85404968261719,5.390967027304886e-15,3,0
parity-0,test-entity-101,test:natural:t3:prandomized:c6:i1,0110,natural,11,0.08697335422039032,randomized,4,s2,-4.0453948974609375,0.017201673239469528,3,0
parity-1,test-entity-102,test:natural:t3:prandomized:c11:i2,1101,natural,11,0.00021584905334748328,randomized,4,s2,-22.595561981201172,1.5376756812290893e-10,3,0
parity-0,test-entity-103,test:natural:t3:prandomized:c12:i3,0011,natural,11,1.8314921135242912e-07,randomized,4,s2,-30.422779083251953,6.13132930386319e-14,3,0
parity-1,test-entity-104,test:natural:t3:prandomized:c1:i4,1000,natural,11,0.23360657691955566,randomized,4,s2,-2.7102584838867188,0.06237001344561577,3,0
parity-0,test-entity-105,test:natural:t3:prandomized:c6:i5,0110,natural,11,2.0634712200262584e-05,randomized,4,s2,-13.646175384521484,1.184515554086829e-06,3,0
parity-1,test-entity-106,test:natural:t3:prandomized:c11:i6,1101,natural,11,6.561597547261044e-05,randomized,4,s2,-27.042163848876953,1.801918531919855e-12,3,0
parity-0,test-entity-107,test:natural:t3:prandomized:c12:i7,0011,natural,11,1.294729099754477e-05,randomized,4,s2,-32.93319320678711,4.980758288312048e-15,3,0
parity-1,test-entity-108,test:natural:t3:prandomized:c1:i8,1000,natural,11,1.3198212400311604e-05,randomized,4,s2,-14.787759780883789,3.7823127740921336e-07,3,0
parity-0,test-entity-109,test:natural:t3:prandomized:c6:i9,0110,natural,11,4.089505455340259e-05,randomized,4,s2,-33.92705154418945,1.843603208599243e-15,3,0
parity-1,test-entity-110,test:natural:t3:prandomized:c11:i10,1101,natural,11,0.00027397568919695914,randomized,4,s2,-27.113983154296875,1.6770111774949692e-12,3,0
parity-0,test-entity-111,test:natural:t3:prandomized:c12:i11,0011,natural,11,0.3778195083141327,randomized,4,s2,-1.9411277770996094,0.12552376091480255,3,0
parity-1,test-entity-112,test:natural:t3:prandomized:c1:i12,1000,natural,11,0.0006541066104546189,randomized,4,s2,-9.729230880737305,5.951445200480521e-05,3,0
parity-0,test-entity-113,test:natural:t3:prandomized:c6:i13,0110,natural,11,1.8125150745618157e-05,randomized,4,s2,-32.005226135253906,1.2598154805606651e-14,3,0
parity-1,test-entity-114,test:natural:t3:prandomized:c11:i14,1101,natural,11,1.5925885236356407e-05,randomized,4,s2,-20.747011184692383,9.765331876465666e-10,3,0
parity-0,test-entity-115,test:natural:t3:prandomized:c12:i15,0011,natural,11,1.7884477756524575e-06,randomized,4,s2,-37.009796142578125,8.449865024188441e-17,3,0
parity-1,test-entity-116,test:natural:t3:prandomized:c1:i16,1000,natural,11,0.09105676412582397,randomized,4,s2,-3.986896514892578,0.018219081684947014,3,0
parity-0,test-entity-117,test:natural:t3:prandomized:c6:i17,0110,natural,11,5.513269570656121e-06,randomized,4,s2,-32.09199523925781,1.155110349818772e-14,3,0
parity-1,test-entity-118,test:natural:t3:prandomized:c11:i18,1101,natural,11,3.006562837981619e-05,randomized,4,s2,-28.292909622192383,5.15875374102609e-13,3,0
parity-0,test-entity-119,test:natural:t3:prandomized:c12:i19,0011,natural,11,3.7837412492081057e-06,randomized,4,s2,-28.00823211669922,6.857711013635859e-13,3,0
parity-1,test-entity-120,test:natural:t3:prandomized:c1:i20,1000,natural,11,3.744539299077587e-06,randomized,4,s2,-24.955331802368164,1.4522347734080565e-11,3,0
parity-0,test-entity-121,test:natural:t3:prandomized:c6:i21,0110,natural,11,0.000650386034976691,randomized,4,s2,-33.59245300292969,2.576063726550848e-15,3,0
parity-1,test-entity-122,test:natural:t3:prandomized:c11:i22,1101,natural,11,0.00037723936839029193,randomized,4,s2,-22.202903747558594,2.277122240768037e-10,3,0
parity-0,test-entity-123,test:natural:t3:prandomized:c12:i23,0011,natural,11,0.00010403423948446289,randomized,4,s2,-34.236305236816406,1.3531870140067641e-15,3,0
parity-1,test-entity-124,test:natural:t3:prandomized:c1:i24,1000,natural,11,1.8115566490450874e-05,randomized,4,s2,-24.20567512512207,3.073326315661262e-11,3,0
parity-0,test-entity-125,test:natural:t3:prandomized:c6:i25,0110,natural,11,2.525453601265326e-05,randomized,4,s2,-31.40483856201172,2.2964166036961407e-14,3,0
parity-1,test-entity-126,test:natural:t3:prandomized:c11:i26,1101,natural,11,0.0008372919983230531,randomized,4,s2,-9.804344177246094,5.520709601114504e-05,3,0
parity-0,test-entity-127,test:natural:t3:prandomized:c12:i27,0011,natural,11,0.007352329790592194,randomized,4,s2,-6.993358612060547,0.0009171151905320585,3,0
parity-1,test-entity-128,test:natural:t3:prandomized:c1:i28,1000,natural,11,9.585021325619891e-05,randomized,4,s2,-29.07823944091797,2.3522202523447444e-13,3,0
parity-0,test-entity-129,test:natural:t3:prandomized:c6:i29,0110,natural,11,2.3408301785821095e-05,randomized,4,s2,-34.06019592285156,1.6137811471525227e-15,3,0
parity-1,test-entity-130,test:natural:t3:prandomized:c11:i30,1101,natural,11,6.245599706744542e-06,randomized,4,s2,-26.211727142333984,4.134197758437486e-12,3,0
parity-0,test-entity-131,test:natural:t3:prandomized:c12:i31,0011,natural,11,0.20595477521419525,randomized,4,s2,2.8925552368164062,0.947472095489502,3,1
parity-1,test-entity-100,test:arbitrary:t0:paligned:c1:i0,1000,arbitrary,11,0.00013743742601945996,aligned,4,s2,-32.361839294433594,8.819164745276636e-15,0,0
parity-0,test-entity-101,test:arbitrary:t0:paligned:c6:i1,0110,arbitrary,11,2.910526018240489e-05,aligned,4,s2,-13.562971115112305,1.2872882280134945e-06,0,0
parity-1,test-entity-102,test:arbitrary:t0:paligned:c11:i2,1101,arbitrary,11,5.623631295748055e-06,aligned,4,s2,-24.680065155029297,1.912420395655534e-11,0,0
parity-0,test-entity-103,test:arbitrary:t0:paligned:c12:i3,0011,arbitrary,11,1.0675327757780906e-05,aligned,4,s2,-30.127967834472656,8.233593928180793e-14,0,0
parity-1,test-entity-104,test:arbitrary:t0:paligned:c1:i4,1000,arbitrary,11,0.0029786869417876005,aligned,4,s2,-8.019268035888672,0.0003289523592684418,0,0
parity-0,test-entity-105,test:arbitrary:t0:paligned:c6:i5,0110,arbitrary,11,0.00022354777320288122,aligned,4,s2,-11.335660934448242,1.1939262549276464e-05,0,0
parity-1,test-entity-106,test:arbitrary:t0:paligned:c11:i6,1101,arbitrary,11,1.3272435353428591e-05,aligned,4,s2,-26.95547866821289,1.965097355671741e-12,0,0
parity-0,test-entity-107,test:arbitrary:t0:paligned:c12:i7,0011,arbitrary,11,2.87800812657224e-05,aligned,4,s2,-34.34821319580078,1.2099276963629339e-15,0,0
parity-1,test-entity-108,test:arbitrary:t0:paligned:c1:i8,1000,arbitrary,11,2.2874082787893713e-05,aligned,4,s2,-20.538461685180664,1.202980159931144e-09,0,0
parity-0,test-entity-109,test:arbitrary:t0:paligned:c6:i9,0110,arbitrary,11,3.4243919799337164e-05,aligned,4,s2,-32.7491340637207,5.987294315797911e-15,0,0
parity-1,test-entity-110,test:arbitrary:t0:paligned:c11:i10,1101,arbitrary,11,2.008967385336291e-06,aligned,4,s2,-26.44919204711914,3.260328205328955e-12,0,0
parity-0,test-entity-111,test:arbitrary:t0:paligned:c12:i11,0011,arbitrary,11,0.0001874021254479885,aligned,4,s2,11.089527130126953,0.999984622001648,0,1
parity-1,test-entity-112,test:arbitrary:t0:paligned:c1:i12,1000,arbitrary,11,2.0075411157449707e-05,aligned,4,s2,-14.10359001159668,7.497009164580959e-07,0,0
parity-0,test-entity-113,test:arbitrary:t0:paligned:c6:i13,0110,arbitrary,11,5.954686002951348e-06,aligned,4,s2,-34.607444763183594,9.336348663310009e-16,0,0
parity-1,test-entity-114,test:arbitrary:t0:paligned:c11:i14,1101,arbitrary,11,0.0001185181608889252,aligned,4,s2,-23.166013717651367,8.692080388783552e-11,0,0
parity-0,test-entity-115,test:arbitrary:t0:paligned:c12:i15,0011,arbitrary,11,8.245123171946034e-05,aligned,4,s2,-31.62046241760254,1.8509946722068682e-14,0,0
parity-1,test-entity-116,test:arbitrary:t0:paligned:c1:i16,1000,arbitrary,11,4.019641346530989e-05,aligned,4,s2,-16.339365005493164,8.014978902792791e-08,0,0
parity-0,test-entity-117,test:arbitrary:t0:paligned:c6:i17,0110,arbitrary,11,2.3513919586548582e-05,aligned,4,s2,-31.344039916992188,2.4403696836754196e-14,0,0
parity-1,test-entity-118,test:arbitrary:t0:paligned:c11:i18,1101,arbitrary,11,0.00018058833666145802,aligned,4,s2,-30.00983428955078,9.265900086053921e-14,0,0
parity-0,test-entity-119,test:arbitrary:t0:paligned:c12:i19,0011,arbitrary,11,6.859982022433542e-07,aligned,4,s2,-25.44968032836914,8.858185886195802e-12,0,0
parity-1,test-entity-120,test:arbitrary:t0:paligned:c1:i20,1000,arbitrary,11,5.7923385611502454e-05,aligned,4,s2,-28.801794052124023,3.1012597546432874e-13,0,0
parity-0,test-entity-121,test:arbitrary:t0:paligned:c6:i21,0110,arbitrary,11,1.1879737030540127e-05,aligned,4,s2,-30.05715560913086,8.837777108446424e-14,0,0
parity-1,test-entity-122,test:arbitrary:t0:paligned:c11:i22,1101,arbitrary,11,5.473851615533931e-06,aligned,4,s2,-24.83562660217285,1.6369083172262933e-11,0,0
parity-0,test-entity-123,test:arbitrary:t0:paligned:c12:i23,0011,arbitrary,11,5.149601292941952e-06,aligned,4,s2,-30.740022659301758,4.464553116849228e-14,0,0
parity-1,test-entity-124,test:arbitrary:t0:paligned:c1:i24,1000,arbitrary,11,1.2803807294403668e-05,aligned,4,s2,-28.124135971069336,6.10720783840446e-13,0,0
parity-0,test-entity-125,test:arbitrary:t0:paligned:c6:i25,0110,arbitrary,11,2.024038394665695e-06,aligned,4,s2,-32.31474304199219,9.244537915124168e-15,0,0
parity-1,test-entity-126,test:arbitrary:t0:paligned:c11:i26,1101,arbitrary,11,1.997807203224511e-06,aligned,4,s2,-18.066553115844727,1.4249375013264398e-08,0,0
parity-0,test-entity-127,test:arbitrary:t0:paligned:c12:i27,0011,arbitrary,11,0.09999698400497437,aligned,4,s2,-4.3275146484375,0.012964846566319466,0,0
parity-1,test-entity-128,test:arbitrary:t0:paligned:c1:i28,1000,arbitrary,11,4.12395866078441e-06,aligned,4,s2,-29.393802642822266,1.715670249098633e-13,0,0
parity-0,test-entity-129,test:arbitrary:t0:paligned:c6:i29,0110,arbitrary,11,8.06752941571176e-05,aligned,4,s2,-36.26111602783203,1.786465012955428e-16,0,0
parity-1,test-entity-130,test:arbitrary:t0:paligned:c11:i30,1101,arbitrary,11,4.126173007534817e-05,aligned,4,s2,-25.011524200439453,1.372879154110107e-11,0,0
parity-0,test-entity-131,test:arbitrary:t0:paligned:c12:i31,0011,arbitrary,11,1.949313264049124e-05,aligned,4,s2,13.547487258911133,0.9999986886978149,0,1
parity-1,test-entity-100,test:arbitrary:t0:prandomized:c1:i0,1000,arbitrary,11,0.0005339404451660812,randomized,4,s2,-29.439285278320312,1.63930650195869e-13,0,0
parity-0,test-entity-101,test:arbitrary:t0:prandomized:c6:i1,0110,arbitrary,11,8.770601880314643e-07,randomized,4,s2,-21.479312896728516,4.695186461844969e-10,0,0
parity-1,test-entity-102,test:arbitrary:t0:prandomized:c11:i2,1101,arbitrary,11,3.1377455798065057e-06,randomized,4,s2,-22.57689666748047,1.566674012742908e-10,0,0
parity-0,test-entity-103,test:arbitrary:t0:prandomized:c12:i3,0011,arbitrary,11,1.681064532021992e-05,randomized,4,s2,-27.526668548583984,1.1099891622165514e-12,0,0
parity-1,test-entity-104,test:arbitrary:t0:prandomized:c1:i4,1000,arbitrary,11,0.5302106142044067,randomized,4,s2,-1.2505531311035156,0.22260402143001556,0,0
parity-0,test-entity-105,test:arbitrary:t0:prandomized:c6:i5,0110,arbitrary,11,4.6096188270894345e-06,randomized,4,s2,-19.580656051635742,3.1349391971247087e-09,0,0
parity-1,test-entity-106,test:arbitrary:t0:prandomized:c11:i6,1101,arbitrary,11,5.0027406359731685e-06,randomized,4,s2,-23.99285125732422,3.802213405235122e-11,0,0
parity-0,test-entity-107,test:arbitrary:t0:prandomized:c12:i7,0011,arbitrary,11,5.379712547437521e-06,randomized,4,s2,-31.33887481689453,2.4530075846550432e-14,0,0
parity-1,test-entity-108,test:arbitrary:t0:prandomized:c1:i8,1000,arbitrary,11,1.6180623788386583e-05,randomized,4,s2,-14.852027893066406,3.5468744385980244e-07,0,0
parity-0,test-entity-109,test:arbitrary:t0:prandomized:c6:i9,0110,arbitrary,11,7.111172453733161e-05,randomized,4,s2,-24.649736404418945,1.9712996859877485e-11,0,0
parity-1,test-entity-110,test:arbitrary:t0:prandomized:c11:i10,1101,arbitrary,11,7.846331868677225e-07,randomized,4,s2,-24.857868194580078,1.600901876341876e-11,0,0
parity-0,test-entity-111,test:arbitrary:t0:prandomized:c12:i11,0011,arbitrary,11,0.00021188193932175636,randomized,4,s2,11.011707305908203,0.9999825954437256,0,1
parity-1,test-entity-112,test:arbitrary:t0:prandomized:c1:i12,1000,arbitrary,11,0.001310031395405531,randomized,4,s2,-8.942594528198242,0.00013068430416751653,0,0
parity-0,test-entity-113,test:arbitrary:t0:prandomized:c6:i13,0110,arbitrary,11,1.9668802906380733e-06,randomized,4,s2,-33.4608268737793,2.9386452852272343e-15,0,0
parity-1,test-entity-114,test:arbitrary:t0:prandomized:c11:i14,1101,arbitrary,11,0.0010830644750967622,randomized,4,s2,-21.736404418945312,3.630387102049326e-10,0,0
parity-0,test-entity-115,test:arbitrary:t0:prandomized:c12:i15,0011,arbitrary,11,5.017865532863652e-06,randomized,4,s2,-28.624874114990234,3.7014778720388664e-13,0,0
parity-1,test-entity-116,test:arbitrary:t0:prandomized:c1:i16,1000,arbitrary,11,7.288724009413272e-05,randomized,4,s2,-12.179023742675781,5.1370593610045034e-06,0,0
parity-0,test-entity-117,test:arbitrary:t0:prandomized:c6:i17,0110,arbitrary,11,3.2056434520200128e-06,randomized,4,s2,-28.36566925048828,4.79674730925056e-13,0,0
parity-1,test-entity-118,test:arbitrary:t0:prandomized:c11:i18,1101,arbitrary,11,7.050335261737928e-05,randomized,4,s2,-29.460247039794922,1.6053694831819065e-13,0,0
parity-0,test-entity-119,test:arbitrary:t0:prandomized:c12:i19,0011,arbitrary,11,1.4333500075736083e-06,randomized,4,s2,-16.599029541015625,6.182053624570472e-08,0,0
parity-1,test-entity-120,test:arbitrary:t0:prandomized:c1:i20,1000,arbitrary,11,3.799882688326761e-05,randomized,4,s2,-28.36882781982422,4.781602631204196e-13,0,0
parity-0,test-entity-121,test:arbitrary:t0:prandomized:c6:i21,0110,arbitrary,11,4.459683259483427e-05,randomized,4,s2,-28.527528762817383,4.0799045457166894e-13,0,0
parity-1,test-entity-122,test:arbitrary:t0:prandomized:c11:i22,1101,arbitrary,11,1.3876527873435407e-06,randomized,4,s2,-20.254819869995117,1.5975102352072668e-09,0,0
parity-0,test-entity-123,test:arbitrary:t0:prandomized:c12:i23,0011,arbitrary,11,1.583852167641453e-06,randomized,4,s2,-31.388050079345703,2.3353035474914068e-14,0,0
parity-1,test-entity-124,test:arbitrary:t0:prandomized:c1:i24,1000,arbitrary,11,2.2836231892142678e-06,randomized,4,s2,-27.587970733642578,1.0439894391686688e-12,0,0
parity-0,test-entity-125,test:arbitrary:t0:prandomized:c6:i25,0110,arbitrary,11,2.2903273020347115e-06,randomized,4,s2,-30.83275604248047,4.06914898911509e-14,0,0
parity-1,test-entity-126,test:arbitrary:t0:prandomized:c11:i26,1101,arbitrary,11,0.0005803574458695948,randomized,4,s2,-9.8349609375,5.3543579269899055e-05,0,0
parity-0,test-entity-127,test:arbitrary:t0:prandomized:c12:i27,0011,arbitrary,11,0.3234402537345886,randomized,4,s2,-2.2513771057128906,0.09511586278676987,0,0
parity-1,test-entity-128,test:arbitrary:t0:prandomized:c1:i28,1000,arbitrary,11,1.937698243636987e-06,randomized,4,s2,-26.113622665405273,4.56034906018421e-12,0,0
parity-0,test-entity-129,test:arbitrary:t0:prandomized:c6:i29,0110,arbitrary,11,8.799009810900316e-05,randomized,4,s2,-32.70998001098633,6.226346918787335e-15,0,0
parity-1,test-entity-130,test:arbitrary:t0:prandomized:c11:i30,1101,arbitrary,11,3.446174014243297e-05,randomized,4,s2,-22.56732177734375,1.581742514744633e-10,0,0
parity-0,test-entity-131,test:arbitrary:t0:prandomized:c12:i31,0011,arbitrary,11,0.05792785435914993,randomized,4,s2,-4.553947448730469,0.010415921919047832,0,0
parity-1,test-entity-100,test:arbitrary:t1:paligned:c1:i0,1000,arbitrary,11,0.00046457620919682086,aligned,4,s2,-32.365909576416016,8.783054883702238e-15,1,0
parity-0,test-entity-101,test:arbitrary:t1:paligned:c6:i1,0110,arbitrary,11,0.00015106370847206563,aligned,4,s2,-11.38131332397461,1.140652511821827e-05,1,0
parity-1,test-entity-102,test:arbitrary:t1:paligned:c11:i2,1101,arbitrary,11,8.176621122402139e-06,aligned,4,s2,-24.214859008789062,3.04522726479739e-11,1,0
parity-0,test-entity-103,test:arbitrary:t1:paligned:c12:i3,0011,arbitrary,11,1.7728603779687546e-05,aligned,4,s2,-22.553037643432617,1.6044998663033994e-10,1,0
parity-1,test-entity-104,test:arbitrary:t1:paligned:c1:i4,1000,arbitrary,11,0.0001994796039070934,aligned,4,s2,-11.110071182250977,1.4960647604311816e-05,1,0
parity-0,test-entity-105,test:arbitrary:t1:paligned:c6:i5,0110,arbitrary,11,0.00012416405661497265,aligned,4,s2,-12.377010345458984,4.214332420815481e-06,1,0
parity-1,test-entity-106,test:arbitrary:t1:paligned:c11:i6,1101,arbitrary,11,1.80665374500677e-05,aligned,4,s2,-26.832799911499023,2.22158142576534e-12,1,0
parity-0,test-entity-107,test:arbitrary:t1:paligned:c12:i7,0011,arbitrary,11,3.981732515967451e-05,aligned,4,s2,-28.677204132080078,3.5127505288237715e-13,1,0
parity-1,test-entity-108,test:arbitrary:t1:paligned:c1:i8,1000,arbitrary,11,5.076774687040597e-05,aligned,4,s2,-21.52350616455078,4.492193006466749e-10,1,0
parity-0,test-entity-109,test:arbitrary:t1:paligned:c6:i9,0110,arbitrary,11,5.938658068771474e-05,aligned,4,s2,-25.73554229736328,6.655699429092277e-12,1,0
parity-1,test-entity-110,test:arbitrary:t1:paligned:c11:i10,1101,arbitrary,11,2.5002382244565524e-06,aligned,4,s2,-25.845436096191406,5.963063376412947e-12,1,0
parity-0,test-entity-111,test:arbitrary:t1:paligned:c12:i11,0011,arbitrary,11,6.873278471175581e-05,aligned,4,s2,12.239397048950195,0.9999948740005493,1,1
parity-1,test-entity-112,test:arbitrary:t1:paligned:c1:i12,1000,arbitrary,11,2.3717644580756314e-05,aligned,4,s2,-14.677803039550781,4.221926701575285e-07,1,0
parity-0,test-entity-113,test:arbitrary:t1:paligned:c6:i13,0110,arbitrary,11,8.704659194336273e-06,aligned,4,s2,-30.16384506225586,7.943423479747636e-14,1,0
parity-1,test-entity-114,test:arbitrary:t1:paligned:c11:i14,1101,arbitrary,11,0.00017507524171378464,aligned,4,s2,-23.395671844482422,6.908481425815793e-11,1,0
parity-0,test-entity-115,test:arbitrary:t1:paligned:c12:i15,0011,arbitrary,11,0.0001089677243726328,aligned,4,s2,-28.96920394897461,2.623193817111874e-13,1,0
parity-1,test-entity-116,test:arbitrary:t1:paligned:c1:i16,1000,arbitrary,11,8.682179759489372e-05,aligned,4,s2,-17.912992477416992,1.6614349007681994e-08,1,0
parity-0,test-entity-117,test:arbitrary:t1:paligned:c6:i17,0110,arbitrary,11,3.4033942938549444e-05,aligned,4,s2,-26.20711898803711,4.153286221886265e-12,1,0
parity-1,test-entity-118,test:arbitrary:t1:paligned:c11:i18,1101,arbitrary,11,0.00020922055409755558,aligned,4,s2,-29.66803741455078,1.3041500659342203e-13,1,0
parity-0,test-entity-119,test:arbitrary:t1:paligned:c12:i19,0011,arbitrary,11,1.2041069794577197e-06,aligned,4,s2,-19.9554500579834,2.1550528028768667e-09,1,0
parity-1,test-entity-120,test:arbitrary:t1:paligned:c1:i20,1000,arbitrary,11,0.0001711755758151412,aligned,4,s2,-29.18564224243164,2.1126656468088006e-13,1,0
parity-0,test-entity-121,test:arbitrary:t1:paligned:c6:i21,0110,arbitrary,11,2.04412717721425e-05,aligned,4,s2,-24.13007164001465,3.3146822092655626e-11,1,0
parity-1,test-entity-122,test:arbitrary:t1:paligned:c11:i22,1101,arbitrary,11,8.409712791035417e-06,aligned,4,s2,-24.490997314453125,2.3104428092945994e-11,1,0
parity-0,test-entity-123,test:arbitrary:t1:paligned:c12:i23,0011,arbitrary,11,7.090336112014484e-06,aligned,4,s2,-26.800334930419922,2.2948897556579473e-12,1,0
parity-1,test-entity-124,test:arbitrary:t1:paligned:c1:i24,1000,arbitrary,11,3.314555942779407e-05,aligned,4,s2,-28.817100524902344,3.0541563202091115e-13,1,0
parity-0,test-entity-125,test:arbitrary:t1:paligned:c6:i25,0110,arbitrary,11,2.1161795302759856e-06,aligned,4,s2,-28.729202270507812,3.334774134351043e-13,1,0
parity-1,test-entity-126,test:arbitrary:t1:paligned:c11:i26,1101,arbitrary,11,2.889937150030164e-06,aligned,4,s2,-19.939510345458984,2.1896802149257155e-09,1,0
parity-0,test-entity-127,test:arbitrary:t1:paligned:c12:i27,0011,arbitrary,11,0.7027591466903687,aligned,4,s2,-0.31208229064941406,0.42108315229415894,1,0
parity-1,test-entity-128,test:arbitrary:t1:paligned:c1:i28,1000,arbitrary,11,8.123442967189476e-06,aligned,4,s2,-29.370513916015625,1.7560916100185092e-13,1,0
parity-0,test-entity-129,test:arbitrary:t1:paligned:c6:i29,0110,arbitrary,11,0.00013141050294507295,aligned,4,s2,-29.91607666015625,1.0176734265400847e-13,1,0
parity-1,test-entity-130,test:arbitrary:t1:paligned:c11:i30,1101,arbitrary,11,4.834775609197095e-05,aligned,4,s2,-24.62751007080078,2.0156092073175813e-11,1,0
parity-0,test-entity-131,test:arbitrary:t1:paligned:c12:i31,0011,arbitrary,11,0.0012934774858877063,aligned,4,s2,8.948253631591797,0.9998700618743896,1,1
parity-1,test-entity-100,test:arbitrary:t1:prandomized:c1:i0,1000,arbitrary,11,0.000792306789662689,randomized,4,s2,-30.491050720214844,5.726268661717174e-14,1,0
parity-0,test-entity-101,test:arbitrary:t1:prandomized:c6:i1,0110,arbitrary,11,1.199621578962251e-06,randomized,4,s2,-21.28473663330078,5.703692518288506e-10,1,0
parity-1,test-entity-102,test:arbitrary:t1:prandomized:c11:i2,1101,arbitrary,11,4.617379090632312e-06,randomized,4,s2,-22.508176803588867,1.6781191713999277e-10,1,0
parity-0,test-entity-103,test:arbitrary:t1:prandomized:c12:i3,0011,arbitrary,11,2.1248115444905125e-05,randomized,4,s2,-31.40255355834961,2.3016758312656427e-14,1,0
parity-1,test-entity-104,test:arbitrary:t1:prandomized:c1:i4,1000,arbitrary,11,0.014010891318321228,randomized,4,s2,-6.247039794921875,0.001932435086928308,1,0
parity-0,test-entity-105,test:arbitrary:t1:prandomized:c6:i5,0110,arbitrary,11,3.5372566344449297e-05,randomized,4,s2,-15.154979705810547,2.619840699935594e-07,1,0
parity-1,test-entity-106,test:arbitrary:t1:prandomized:c11:i6,1101,arbitrary,11,9.537326150166336e-06,randomized,4,s2,-24.750551223754883,1.7822640932529943e-11,1,0
parity-0,test-entity-107,test:arbitrary:t1:prandomized:c12:i7,0011,arbitrary,11,2.342847437830642e-06,randomized,4,s2,-33.12635040283203,4.105901579289865e-15,1,0
parity-1,test-entity-108,test:arbitrary:t1:prandomized:c1:i8,1000,arbitrary,11,2.767819751170464e-05,randomized,4,s2,-20.290416717529297,1.5416414811397772e-09,1,0
parity-0,test-entity-109,test:arbitrary:t1:prandomized:c6:i9,0110,arbitrary,11,2.8042755729984492e-05,randomized,4,s2,-33.708473205566406,2.294009801928165e-15,1,0
parity-1,test-entity-110,test:arbitrary:t1:prandomized:c11:i10,1101,arbitrary,11,2.597622597022564e-06,randomized,4,s2,-26.73270606994629,2.455461181605223e-12,1,0
parity-0,test-entity-111,test:arbitrary:t1:prandomized:c12:i11,0011,arbitrary,11,0.0027463105507194996,randomized,4,s2,8.114959716796875,0.999699592590332,1,1
parity-1,test-entity-112,test:arbitrary:t1:prandomized:c1:i12,1000,arbitrary,11,0.00011279393220320344,randomized,4,s2,-11.773538589477539,7.705719326622784e-06,1,0
parity-0,test-entity-113,test:arbitrary:t1:prandomized:c6:i13,0110,arbitrary,11,5.1751335377048235e-06,randomized,4,s2,-33.152523040771484,3.999836113634681e-15,1,0
parity-1,test-entity-114,test:arbitrary:t1:prandomized:c11:i14,1101,arbitrary,11,0.000598762824665755,randomized,4,s2,-21.119487762451172,6.728196333405378e-10,1,0
parity-0,test-entity-115,test:arbitrary:t1:prandomized:c12:i15,0011,arbitrary,11,3.884718535118736e-05,randomized,4,s2,-30.285926818847656,7.030527961020272e-14,1,0
parity-1,test-entity-116,test:arbitrary:t1:prandomized:c1:i16,1000,arbitrary,11,3.708084113895893e-05,randomized,4,s2,-13.056037902832031,2.137144065272878e-06,1,0
parity-0,test-entity-117,test:arbitrary:t1:prandomized:c6:i17,0110,arbitrary,11,1.5427636753884144e-05,randomized,4,s2,-28.92034912109375,2.7545552102291315e-13,1,0
parity-1,test-entity-118,test:arbitrary:t1:prandomized:c11:i18,1101,arbitrary,11,0.0001239445700775832,randomized,4,s2,-27.93118667602539,7.406879471739958e-13,1,0
parity-0,test-entity-119,test:arbitrary:t1:prandomized:c12:i19,0011,arbitrary,11,2.1961468519293703e-06,randomized,4,s2,-25.98552894592285,5.183561045674079e-12,1,0
parity-1,test-entity-120,test:arbitrary:t1:prandomized:c1:i20,1000,arbitrary,11,7.528647256549448e-05,randomized,4,s2,-28.497535705566406,4.2041142702536893e-13,1,0
parity-0,test-entity-121,test:arbitrary:t1:prandomized:c6:i21,0110,arbitrary,11,6.89995868015103e-05,randomized,4,s2,-27.767242431640625,8.726452720153599e-13,1,0
parity-1,test-entity-122,test:arbitrary:t1:prandomized:c11:i22,1101,arbitrary,11,4.030655418318929e-06,randomized,4,s2,-21.359657287597656,5.291983518063148e-10,1,0
parity-0,test-entity-123,test:arbitrary:t1:prandomized:c12:i23,0011,arbitrary,11,1.8021754613073426e-06,randomized,4,s2,-32.418949127197266,8.329697439343319e-15,1,0
parity-1,test-entity-124,test:arbitrary:t1:prandomized:c1:i24,1000,arbitrary,11,8.603539754403755e-06,randomized,4,s2,-30.496740341186523,5.694219645498502e-14,1,0
parity-0,test-entity-125,test:arbitrary:t1:prandomized:c6:i25,0110,arbitrary,11,2.559454969741637e-06,randomized,4,s2,-29.425920486450195,1.6614414379868825e-13,1,0
parity-1,test-entity-126,test:arbitrary:t1:prandomized:c11:i26,1101,arbitrary,11,3.403407026780769e-05,randomized,4,s2,-12.931560516357422,2.4204364308388904e-06,1,0
parity-0,test-entity-127,test:arbitrary:t1:prandomized:c12:i27,0011,arbitrary,11,0.005156755913048983,randomized,4,s2,7.650735855102539,0.999424934387207,1,1
parity-1,test-entity-128,test:arbitrary:t1:prandomized:c1:i28,1000,arbitrary,11,4.154973339609569e-06,randomized,4,s2,-26.703563690185547,2.5280751884265706e-12,1,0
parity-0,test-entity-129,test:arbitrary:t1:prandomized:c6:i29,0110,arbitrary,11,7.582920079585165e-05,randomized,4,s2,-32.39152908325195,8.561207637453917e-15,1,0
parity-1,test-entity-130,test:arbitrary:t1:prandomized:c11:i30,1101,arbitrary,11,2.9238024580990896e-05,randomized,4,s2,-22.561649322509766,1.5907400396919513e-10,1,0
parity-0,test-entity-131,test:arbitrary:t1:prandomized:c12:i31,0011,arbitrary,11,0.0001503459207015112,randomized,4,s2,-11.432565689086914,1.0836638466571458e-05,1,0
parity-1,test-entity-100,test:arbitrary:t2:paligned:c1:i0,1000,arbitrary,11,0.0002705420774873346,aligned,4,s2,-32.49433135986328,7.724693145338621e-15,2,0
parity-0,test-entity-101,test:arbitrary:t2:paligned:c6:i1,0110,arbitrary,11,5.265316303848522e-06,aligned,4,s2,-16.12627410888672,9.918547760889851e-08,2,0
parity-1,test-entity-102,test:arbitrary:t2:paligned:c11:i2,1101,arbitrary,11,7.316315986827249e-06,aligned,4,s2,-24.956798553466797,1.4501047931880784e-11,2,0
parity-0,test-entity-103,test:arbitrary:t2:paligned:c12:i3,0011,arbitrary,11,1.148243791249115e-05,aligned,4,s2,-24.701417922973633,1.8720195532617723e-11,2,0
parity-1,test-entity-104,test:arbitrary:t2:paligned:c1:i4,1000,arbitrary,11,0.0002958662807941437,aligned,4,s2,-10.63786506652832,2.3989605324459262e-05,2,0
parity-0,test-entity-105,test:arbitrary:t2:paligned:c6:i5,0110,arbitrary,11,4.425574661581777e-05,aligned,4,s2,-14.242622375488281,6.523886781906185e-07,2,0
parity-1,test-entity-106,test:arbitrary:t2:paligned:c11:i6,1101,arbitrary,11,1.5642386642866768e-05,aligned,4,s2,-27.06824493408203,1.7555357124596216e-12,2,0
parity-0,test-entity-107,test:arbitrary:t2:paligned:c12:i7,0011,arbitrary,11,3.111510523012839e-05,aligned,4,s2,-31.721410751342773,1.6732686945546658e-14,2,0
parity-1,test-entity-108,test:arbitrary:t2:paligned:c1:i8,1000,arbitrary,11,4.3789954361272976e-05,aligned,4,s2,-22.915849685668945,1.1162766544448033e-10,2,0
parity-0,test-entity-109,test:arbitrary:t2:paligned:c6:i9,0110,arbitrary,11,3.82077123504132e-05,aligned,4,s2,-30.491287231445312,5.725338958354267e-14,2,0
parity-1,test-entity-110,test:arbitrary:t2:paligned:c11:i10,1101,arbitrary,11,2.2493491087516304e-06,aligned,4,s2,-26.52161407470703,3.0325605308162418e-12,2,0
parity-0,test-entity-111,test:arbitrary:t2:paligned:c12:i11,0011,arbitrary,11,3.1503019272349775e-05,aligned,4,s2,13.10521125793457,0.9999978542327881,2,1
parity-1,test-entity-112,test:arbitrary:t2:paligned:c1:i12,1000,arbitrary,11,1.6644835341139697e-05,aligned,4,s2,-17.446300506591797,2.6495214910937648e-08,2,0
parity-0,test-entity-113,test:arbitrary:t2:paligned:c6:i13,0110,arbitrary,11,6.342546839732677e-06,aligned,4,s2,-33.17314147949219,3.918207548507784e-15,2,0
parity-1,test-entity-114,test:arbitrary:t2:paligned:c11:i14,1101,arbitrary,11,0.0001676152169238776,aligned,4,s2,-23.427839279174805,6.689786224978178e-11,2,0
parity-0,test-entity-115,test:arbitrary:t2:paligned:c12:i15,0011,arbitrary,11,8.235641871578991e-05,aligned,4,s2,-30.035097122192383,9.034832886174737e-14,2,0
parity-1,test-entity-116,test:arbitrary:t2:paligned:c1:i16,1000,arbitrary,11,7.495263707824051e-05,aligned,4,s2,-19.06293487548828,5.261023172664636e-09,2,0
parity-0,test-entity-117,test:arbitrary:t2:paligned:c6:i17,0110,arbitrary,11,2.543742630223278e-05,aligned,4,s2,-29.126373291015625,2.2416928881739684e-13,2,0
parity-1,test-entity-118,test:arbitrary:t2:paligned:c11:i18,1101,arbitrary,11,0.00022349932987708598,aligned,4,s2,-29.946645736694336,9.870266903062516e-14,2,0
parity-0,test-entity-119,test:arbitrary:t2:paligned:c12:i19,0011,arbitrary,11,6.805011025790009e-07,aligned,4,s2,-23.95777130126953,3.9379634969582966e-11,2,0
parity-1,test-entity-120,test:arbitrary:t2:paligned:c1:i20,1000,arbitrary,11,8.461200195597485e-05,aligned,4,s2,-28.37701416015625,4.742601168554461e-13,2,0
parity-0,test-entity-121,test:arbitrary:t2:paligned:c6:i21,0110,arbitrary,11,1.3538657185563352e-05,aligned,4,s2,-27.79141616821289,8.518052799569298e-13,2,0
parity-1,test-entity-122,test:arbitrary:t2:paligned:c11:i22,1101,arbitrary,11,7.344000096054515e-06,aligned,4,s2,-25.225582122802734,1.1083285331170423e-11,2,0
parity-0,test-entity-123,test:arbitrary:t2:paligned:c12:i23,0011,arbitrary,11,4.346360583440401e-06,aligned,4,s2,-29.777462005615234,1.1689939652132636e-13,2,0
parity-1,test-entity-124,test:arbitrary:t2:paligned:c1:i24,1000,arbitrary,11,2.9740627724095248e-05,aligned,4,s2,-29.39662742614746,1.710824407488709e-13,2,0
parity-0,test-entity-125,test:arbitrary:t2:paligned:c6:i25,0110,arbitrary,11,2.4023488549573813e-06,aligned,4,s2,-30.932960510253906,3.681172662702015e-14,2,0
parity-1,test-entity-126,test:arbitrary:t2:paligned:c11:i26,1101,arbitrary,11,2.3568934466311475e-06,aligned,4,s2,-18.645444869995117,7.987044803314802e-09,2,0
parity-0,test-entity-127,test:arbitrary:t2:paligned:c12:i27,0011,arbitrary,11,0.6871241331100464,aligned,4,s2,-0.5482559204101562,0.36429840326309204,2,0
parity-1,test-entity-128,test:arbitrary:t2:paligned:c1:i28,1000,arbitrary,11,7.211894626379944e-06,aligned,4,s2,-29.601577758789062,1.3937935278585806e-13,2,0
parity-0,test-entity-129,test:arbitrary:t2:paligned:c6:i29,0110,arbitrary,11,8.674522541696206e-05,aligned,4,s2,-32.79702377319336,5.707306728050055e-15,2,0
parity-1,test-entity-130,test:arbitrary:t2:paligned:c11:i30,1101,arbitrary,11,4.6346773160621524e-05,aligned,4,s2,-24.986896514892578,1.4071089779466028e-11,2,0
parity-0,test-entity-131,test:arbitrary:t2:paligned:c12:i31,0011,arbitrary,11,8.436053576588165e-06,aligned,4,s2,14.500423431396484,0.9999995231628418,2,1
parity-1,test-entity-100,test:arbitrary:t2:prandomized:c1:i0,1000,arbitrary,11,0.001313073793426156,randomized,4,s2,-29.276464462280273,1.9290130473872957e-13,2,0
parity-0,test-entity-101,test:arbitrary:t2:prandomized:c6:i1,0110,arbitrary,11,3.4825891361833783e-06,randomized,4,s2,-22.127113342285156,2.456499725855821e-10,2,0
parity-1,test-entity-102,test:arbitrary:t2:prandomized:c11:i2,1101,arbitrary,11,5.003737442166312e-06,randomized,4,s2,-22.566570281982422,1.58293420038369e-10,2,0
parity-0,test-entity-103,test:arbitrary:t2:prandomized:c12:i3,0011,arbitrary,11,3.394334635231644e-05,randomized,4,s2,-29.617774963378906,1.371396079379375e-13,2,0
parity-1,test-entity-104,test:arbitrary:t2:prandomized:c1:i4,1000,arbitrary,11,0.10682650655508041,randomized,4,s2,-3.781221389770508,0.022286787629127502,2,0
parity-0,test-entity-105,test:arbitrary:t2:prandomized:c6:i5,0110,arbitrary,11,2.1764784833067097e-05,randomized,4,s2,-18.90391731262207,6.167831578807181e-09,2,0
parity-1,test-entity-106,test:arbitrary:t2:prandomized:c11:i6,1101,arbitrary,11,1.740044535836205e-05,randomized,4,s2,-24.184497833251953,3.139104254312741e-11,2,0
parity-0,test-entity-107,test:arbitrary:t2:prandomized:c12:i7,0011,arbitrary,11,4.921545951219741e-06,randomized,4,s2,-31.348712921142578,2.4289975887321728e-14,2,0
parity-1,test-entity-108,test:arbitrary:t2:prandomized:c1:i8,1000,arbitrary,11,2.4710054276511073e-05,randomized,4,s2,-17.216625213623047,3.3336050364596304e-08,2,0
parity-0,test-entity-109,test:arbitrary:t2:prandomized:c6:i9,0110,arbitrary,11,5.173690806259401e-05,randomized,4,s2,-29.484046936035156,1.5676152596063447e-13,2,0
parity-1,test-entity-110,test:arbitrary:t2:prandomized:c11:i10,1101,arbitrary,11,4.046187768835807e-06,randomized,4,s2,-24.802738189697266,1.691638149003971e-11,2,0
parity-0,test-entity-111,test:arbitrary:t2:prandomized:c12:i11,0011,arbitrary,11,0.00015189743135124445,randomized,4,s2,11.660945892333984,0.999988317489624,2,1
parity-1,test-entity-112,test:arbitrary:t2:prandomized:c1:i12,1000,arbitrary,11,0.00047074034227989614,randomized,4,s2,-10.121170043945312,4.021735367132351e-05,2,0
parity-0,test-entity-113,test:arbitrary:t2:prandomized:c6:i13,0110,arbitrary,11,7.19121362635633e-06,randomized,4,s2,-35.33757019042969,4.498716390831717e-16,2,0
parity-1,test-entity-114,test:arbitrary:t2:prandomized:c11:i14,1101,arbitrary,11,0.0008253227570094168,randomized,4,s2,-21.527610778808594,4.473453552034101e-10,2,0
parity-0,test-entity-115,test:arbitrary:t2:prandomized:c12:i15,0011,arbitrary,11,1.9051039998885244e-05,randomized,4,s2,-28.242721557617188,5.424275937269962e-13,2,0
parity-1,test-entity-116,test:arbitrary:t2:prandomized:c1:i16,1000,arbitrary,11,5.4407828429248184e-05,randomized,4,s2,-12.668882369995117,3.147548568449565e-06,2,0
parity-0,test-entity-117,test:arbitrary:t2:prandomized:c6:i17,0110,arbitrary,11,9.467304153076839e-06,randomized,4,s2,-27.381324768066406,1.283636391624654e-12,2,0
parity-1,test-entity-118,test:arbitrary:t2:prandomized:c11:i18,1101,arbitrary,11,0.0001697318657534197,randomized,4,s2,-29.180072784423828,2.12446325722343e-13,2,0
parity-0,test-entity-119,test:arbitrary:t2:prandomized:c12:i19,0011,arbitrary,11,5.570927328335529e-07,randomized,4,s2,-23.289749145507812,7.680512476015977e-11,2,0
parity-1,test-entity-120,test:arbitrary:t2:prandomized:c1:i20,1000,arbitrary,11,0.0001905239769257605,randomized,4,s2,-28.579246520996094,3.8742189252712056e-13,2,0
parity-0,test-entity-121,test:arbitrary:t2:prandomized:c6:i21,0110,arbitrary,11,7.903578807599843e-05,randomized,4,s2,-27.775049209594727,8.658572990538627e-13,2,0
parity-1,test-entity-122,test:arbitrary:t2:prandomized:c11:i22,1101,arbitrary,11,3.7276047351042507e-06,randomized,4,s2,-20.34075164794922,1.465965460134555e-09,2,0
parity-0,test-entity-123,test:arbitrary:t2:prandomized:c12:i23,0011,arbitrary,11,1.595609887772298e-06,randomized,4,s2,-31.272932052612305,2.6202249327504298e-14,2,0
parity-1,test-entity-124,test:arbitrary:t2:prandomized:c1:i24,1000,arbitrary,11,1.2839505870942958e-05,randomized,4,s2,-28.475479125976562,4.2978977581736855e-13,2,0
parity-0,test-entity-125,test:arbitrary:t2:prandomized:c6:i25,0110,arbitrary,11,9.547055014991201e-06,randomized,4,s2,-32.01145553588867,1.2519924536664138e-14,2,0
parity-1,test-entity-126,test:arbitrary:t2:prandomized:c11:i26,1101,arbitrary,11,0.0002951241622213274,randomized,4,s2,-10.57908821105957,2.544189010222908e-05,2,0
parity-0,test-entity-127,test:arbitrary:t2:prandomized:c12:i27,0011,arbitrary,11,0.0007857729215174913,randomized,4,s2,10.251550674438477,0.9999305009841919,2,1
parity-1,test-entity-128,test:arbitrary:t2:prandomized:c1:i28,1000,arbitrary,11,7.386467132164398e-06,randomized,4,s2,-25.835508346557617,6.0225622232346065e-12,2,0
parity-0,test-entity-129,test:arbitrary:t2:prandomized:c6:i29,0110,arbitrary,11,0.0001628865720704198,randomized,4,s2,-35.827606201171875,2.755894750483567e-16,2,0
parity-1,test-entity-130,test:arbitrary:t2:prandomized:c11:i30,1101,arbitrary,11,4.947560591972433e-05,randomized,4,s2,-22.60850715637207,1.5179196788395188e-10,2,0
parity-0,test-entity-131,test:arbitrary:t2:prandomized:c12:i31,0011,arbitrary,11,0.0010966224363073707,randomized,4,s2,-9.17452621459961,0.00010363528417656198,2,0
parity-1,test-entity-100,test:arbitrary:t3:paligned:c1:i0,1000,arbitrary,11,0.00012203868391225114,aligned,4,s2,-31.5238094329834,2.038819993095773e-14,3,0
parity-0,test-entity-101,test:arbitrary:t3:paligned:c6:i1,0110,arbitrary,11,0.00024408468743786216,aligned,4,s2,-10.897216796875,1.8509308574721217e-05,3,0
parity-1,test-entity-102,test:arbitrary:t3:paligned:c11:i2,1101,arbitrary,11,4.594764050125377e-06,aligned,4,s2,-22.2138671875,2.2523699572118971e-10,3,0
parity-0,test-entity-103,test:arbitrary:t3:paligned:c12:i3,0011,arbitrary,11,2.6875099138123915e-05,aligned,4,s2,-28.48133087158203,4.2728174514186645e-13,3,0
parity-1,test-entity-104,test:arbitrary:t3:paligned:c1:i4,1000,arbitrary,11,0.002787035657092929,aligned,4,s2,-8.092866897583008,0.00030561842140741646,3,0
parity-0,test-entity-105,test:arbitrary:t3:paligned:c6:i5,0110,arbitrary,11,0.005412783939391375,aligned,4,s2,-7.380575180053711,0.000622844323515892,3,0
parity-1,test-entity-106,test:arbitrary:t3:paligned:c11:i6,1101,arbitrary,11,1.0275526619807351e-05,aligned,4,s2,-25.981258392333984,5.20574035267618e-12,3,0
parity-0,test-entity-107,test:arbitrary:t3:paligned:c12:i7,0011,arbitrary,11,5.902992415940389e-05,aligned,4,s2,-30.886646270751953,3.8556587393309694e-14,3,0
parity-1,test-entity-108,test:arbitrary:t3:paligned:c1:i8,1000,arbitrary,11,1.5492216334678233e-05,aligned,4,s2,-20.13497543334961,1.8009039814970151e-09,3,0
parity-0,test-entity-109,test:arbitrary:t3:paligned:c6:i9,0110,arbitrary,11,7.789550727466121e-05,aligned,4,s2,-27.66819953918457,9.63497836202476e-13,3,0
parity-1,test-entity-110,test:arbitrary:t3:paligned:c11:i10,1101,arbitrary,11,1.672610210334824e-06,aligned,4,s2,-24.43516731262207,2.443100929894193e-11,3,0
parity-0,test-entity-111,test:arbitrary:t3:paligned:c12:i11,0011,arbitrary,11,0.21518588066101074,aligned,4,s2,2.8290977478027344,0.9442273378372192,3,1
parity-1,test-entity-112,test:arbitrary:t3:paligned:c1:i12,1000,arbitrary,11,9.340369433630258e-05,aligned,4,s2,-11.906673431396484,6.745193786628079e-06,3,0
parity-0,test-entity-113,test:arbitrary:t3:paligned:c6:i13,0110,arbitrary,11,1.248639000550611e-05,aligned,4,s2,-29.585628509521484,1.4161978881266357e-13,3,0
parity-1,test-entity-114,test:arbitrary:t3:paligned:c11:i14,1101,arbitrary,11,8.182937745004892e-05,aligned,4,s2,-21.44066047668457,4.880186810218845e-10,3,0
parity-0,test-entity-115,test:arbitrary:t3:paligned:c12:i15,0011,arbitrary,11,0.00016214646166190505,aligned,4,s2,-28.8035945892334,3.0956528031082786e-13,3,0
parity-1,test-entity-116,test:arbitrary:t3:paligned:c1:i16,1000,arbitrary,11,3.503774860291742e-05,aligned,4,s2,-15.39102554321289,2.06900523380682e-07,3,0
parity-0,test-entity-117,test:arbitrary:t3:paligned:c6:i17,0110,arbitrary,11,5.183671964914538e-05,aligned,4,s2,-25.842744827270508,5.9791139053744224e-12,3,0
parity-1,test-entity-118,test:arbitrary:t3:paligned:c11:i18,1101,arbitrary,11,0.00012838987458962947,aligned,4,s2,-28.290367126464844,5.171836808641472e-13,3,0
parity-0,test-entity-119,test:arbitrary:t3:paligned:c12:i19,0011,arbitrary,11,1.2851227211285732e-06,aligned,4,s2,-22.853008270263672,1.1886790163284644e-10,3,0
parity-1,test-entity-120,test:arbitrary:t3:paligned:c1:i20,1000,arbitrary,11,6.43140374450013e-05,aligned,4,s2,-28.928909301757812,2.7310689517182074e-13,3,0
parity-0,test-entity-121,test:arbitrary:t3:paligned:c6:i21,0110,arbitrary,11,3.084488707827404e-05,aligned,4,s2,-25.734424591064453,6.663163076847667e-12,3,0
parity-1,test-entity-122,test:arbitrary:t3:paligned:c11:i22,1101,arbitrary,11,3.8572397897951305e-06,aligned,4,s2,-22.8328857421875,1.212839689790357e-10,3,0
parity-0,test-entity-123,test:arbitrary:t3:paligned:c12:i23,0011,arbitrary,11,1.1115533197880723e-05,aligned,4,s2,-29.096847534179688,2.308867073225196e-13,3,0
parity-1,test-entity-124,test:arbitrary:t3:paligned:c1:i24,1000,arbitrary,11,9.44336898101028e-06,aligned,4,s2,-27.523662567138672,1.1133319743547587e-12,3,0
parity-0,test-entity-125,test:arbitrary:t3:paligned:c6:i25,0110,arbitrary,11,3.845942956104409e-06,aligned,4,s2,-27.619489669799805,1.0115979234837091e-12,3,0
parity-1,test-entity-126,test:arbitrary:t3:paligned:c11:i26,1101,arbitrary,11,7.480117346858606e-06,aligned,4,s2,-14.812942504882812,3.6882536846860603e-07,3,0
parity-0,test-entity-127,test:arbitrary:t3:paligned:c12:i27,0011,arbitrary,11,0.0927039235830307,aligned,4,s2,-4.21613883972168,0.014505987986922264,3,0
parity-1,test-entity-128,test:arbitrary:t3:paligned:c1:i28,1000,arbitrary,11,3.838746579276631e-06,aligned,4,s2,-28.586341857910156,3.846881580643613e-13,3,0
parity-0,test-entity-129,test:arbitrary:t3:paligned:c6:i29,0110,arbitrary,11,0.0001725861948216334,aligned,4,s2,-31.943822860717773,1.3395780321047608e-14,3,0
parity-1,test-entity-130,test:arbitrary:t3:paligned:c11:i30,1101,arbitrary,11,3.2115149224409834e-05,aligned,4,s2,-22.865047454833984,1.1744520633794053e-10,3,0
parity-0,test-entity-131,test:arbitrary:t3:paligned:c12:i31,0011,arbitrary,11,0.020607585087418556,aligned,4,s2,-5.799282073974609,0.0030205631628632545,3,0
parity-1,test-entity-100,test:arbitrary:t3:prandomized:c1:i0,1000,arbitrary,11,0.0006326776929199696,randomized,4,s2,-30.209543228149414,7.588165664394741e-14,3,0
parity-0,test-entity-101,test:arbitrary:t3:prandomized:c6:i1,0110,arbitrary,11,0.0004561354871839285,randomized,4,s2,-10.112174987792969,4.058079139213078e-05,3,0
parity-1,test-entity-102,test:arbitrary:t3:prandomized:c11:i2,1101,arbitrary,11,2.1628106878779363e-06,randomized,4,s2,-20.658674240112305,1.0667229322081084e-09,3,0
parity-0,test-entity-103,test:arbitrary:t3:prandomized:c12:i3,0011,arbitrary,11,2.2490894480142742e-05,randomized,4,s2,-28.807781219482422,3.082750255154615e-13,3,0
parity-1,test-entity-104,test:arbitrary:t3:prandomized:c1:i4,1000,arbitrary,11,0.0357138030230999,randomized,4,s2,-5.142181396484375,0.005810958798974752,3,0
parity-0,test-entity-105,test:arbitrary:t3:prandomized:c6:i5,0110,arbitrary,11,2.3600216081831604e-05,randomized,4,s2,-13.939908981323242,8.830260185277439e-07,3,0
parity-1,test-entity-106,test:arbitrary:t3:prandomized:c11:i6,1101,arbitrary,11,1.0222392120340373e-05,randomized,4,s2,-25.41543197631836,9.166798396742504e-12,3,0
parity-0,test-entity-107,test:arbitrary:t3:prandomized:c12:i7,0011,arbitrary,11,4.533379069471266e-06,randomized,4,s2,-30.11073112487793,8.376752660662137e-14,3,0
parity-1,test-entity-108,test:arbitrary:t3:prandomized:c1:i8,1000,arbitrary,11,3.7843372410861775e-05,randomized,4,s2,-16.203887939453125,9.177827564599284e-08,3,0
parity-0,test-entity-109,test:arbitrary:t3:prandomized:c6:i9,0110,arbitrary,11,8.492323831887916e-05,randomized,4,s2,-31.365318298339844,2.3889817194248063e-14,3,0
parity-1,test-entity-110,test:arbitrary:t3:prandomized:c11:i10,1101,arbitrary,11,1.963431259355275e-06,randomized,4,s2,-25.978158950805664,5.22190103657838e-12,3,0
parity-0,test-entity-111,test:arbitrary:t3:prandomized:c12:i11,0011,arbitrary,11,0.01021679025143385,randomized,4,s2,6.6142730712890625,0.9986594915390015,3,1
parity-1,test-entity-112,test:arbitrary:t3:prandomized:c1:i12,1000,arbitrary,11,8.729813998797908e-05,randomized,4,s2,-12.104248046875,5.53591235075146e-06,3,0
parity-0,test-entity-113,test:arbitrary:t3:prandomized:c6:i13,0110,arbitrary,11,5.329738542059204e-06,randomized,4,s2,-32.41389465332031,8.371913561434473e-15,3,0
parity-1,test-entity-114,test:arbitrary:t3:prandomized:c11:i14,1101,arbitrary,11,0.0003341925621498376,randomized,4,s2,-20.05176544189453,1.957116024797756e-09,3,0
parity-0,test-entity-115,test:arbitrary:t3:prandomized:c12:i15,0011,arbitrary,11,2.155644142476376e-05,randomized,4,s2,-30.404016494750977,6.247446678910029e-14,3,0
parity-1,test-entity-116,test:arbitrary:t3:prandomized:c1:i16,1000,arbitrary,11,0.027704952284693718,randomized,4,s2,-5.446067810058594,0.0042947037145495415,3,0
parity-0,test-entity-117,test:arbitrary:t3:prandomized:c6:i17,0110,arbitrary,11,1.033372973324731e-05,randomized,4,s2,-28.794536590576172,3.123862388383636e-13,3,0
parity-1,test-entity-118,test:arbitrary:t3:prandomized:c11:i18,1101,arbitrary,11,0.00012762036931235343,randomized,4,s2,-28.574914932250977,3.8910568560604486e-13,3,0
parity-0,test-entity-119,test:arbitrary:t3:prandomized:c12:i19,0011,arbitrary,11,2.1646196728397626e-06,randomized,4,s2,-27.033180236816406,1.8181902381245174e-12,3,0
parity-1,test-entity-120,test:arbitrary:t3:prandomized:c1:i20,1000,arbitrary,11,2.3287677322514355e-05,randomized,4,s2,-25.527433395385742,8.195510242670068e-12,3,0
parity-0,test-entity-121,test:arbitrary:t3:prandomized:c6:i21,0110,arbitrary,11,5.0358961743768305e-05,randomized,4,s2,-27.40630340576172,1.251965328283311e-12,3,0
parity-1,test-entity-122,test:arbitrary:t3:prandomized:c11:i22,1101,arbitrary,11,1.194047672470333e-05,randomized,4,s2,-21.946481704711914,2.9428184888935505e-10,3,0
parity-0,test-entity-123,test:arbitrary:t3:prandomized:c12:i23,0011,arbitrary,11,1.6074832274171058e-06,randomized,4,s2,-30.157543182373047,7.993657954530678e-14,3,0
parity-1,test-entity-124,test:arbitrary:t3:prandomized:c1:i24,1000,arbitrary,11,1.8779338688545977e-06,randomized,4,s2,-26.8018741607666,2.2913617617886795e-12,3,0
parity-0,test-entity-125,test:arbitrary:t3:prandomized:c6:i25,0110,arbitrary,11,2.856158289432642e-06,randomized,4,s2,-27.54067611694336,1.0945521832644856e-12,3,0
parity-1,test-entity-126,test:arbitrary:t3:prandomized:c11:i26,1101,arbitrary,11,0.00047848979011178017,randomized,4,s2,-10.050792694091797,4.31496519013308e-05,3,0
parity-0,test-entity-127,test:arbitrary:t3:prandomized:c12:i27,0011,arbitrary,11,0.37067824602127075,randomized,4,s2,-2.09185791015625,0.1094595193862915,3,0
parity-1,test-entity-128,test:arbitrary:t3:prandomized:c1:i28,1000,arbitrary,11,4.712926056527067e-06,randomized,4,s2,-28.44399070739746,4.4353908566774347e-13,3,0
parity-0,test-entity-129,test:arbitrary:t3:prandomized:c6:i29,0110,arbitrary,11,0.0001508028944954276,randomized,4,s2,-33.73351287841797,2.2372577474291796e-15,3,0
parity-1,test-entity-130,test:arbitrary:t3:prandomized:c11:i30,1101,arbitrary,11,3.320661198813468e-05,randomized,4,s2,-22.916439056396484,1.1156196105810423e-10,3,0
parity-0,test-entity-131,test:arbitrary:t3:prandomized:c12:i31,0011,arbitrary,11,0.428747296333313,randomized,4,s2,1.7074203491210938,0.8465004563331604,3,1
parity-1,test-entity-100,test:natural:t0:paligned:c1:i0,1000,natural,23,2.6472227546037175e-05,aligned,4,s2,-17.397891998291016,2.7809353042584917e-08,0,0
parity-0,test-entity-101,test:natural:t0:paligned:c6:i1,0110,natural,23,3.173107688780874e-05,aligned,4,s2,-28.547760009765625,3.998199612099268e-13,0,0
parity-1,test-entity-102,test:natural:t0:paligned:c11:i2,1101,natural,23,6.286138614086667e-06,aligned,4,s2,-22.13251495361328,2.4432650347350204e-10,0,0
parity-0,test-entity-103,test:natural:t0:paligned:c12:i3,0011,natural,23,0.00011914836795767769,aligned,4,s2,-11.571590423583984,9.430131285625976e-06,0,0
parity-1,test-entity-104,test:natural:t0:paligned:c1:i4,1000,natural,23,8.504230208927765e-06,aligned,4,s2,-15.681808471679688,1.5469520064925746e-07,0,0
parity-0,test-entity-105,test:natural:t0:paligned:c6:i5,0110,natural,23,2.9476708732545376e-05,aligned,4,s2,-13.175935745239258,1.8956696976601961e-06,0,0
parity-1,test-entity-106,test:natural:t0:paligned:c11:i6,1101,natural,23,7.595185888931155e-05,aligned,4,s2,-12.260089874267578,4.737052677228348e-06,0,0
parity-0,test-entity-107,test:natural:t0:paligned:c12:i7,0011,natural,23,0.17300710082054138,aligned,4,s2,-3.137086868286133,0.04160311073064804,0,0
parity-1,test-entity-108,test:natural:t0:paligned:c1:i8,1000,natural,23,1.5254126992658712e-05,aligned,4,s2,-19.763208389282227,2.6118454066192953e-09,0,0
parity-0,test-entity-109,test:natural:t0:paligned:c6:i9,0110,natural,23,2.016891448874958e-05,aligned,4,s2,-22.322490692138672,2.0205255524263777e-10,0,0
parity-1,test-entity-110,test:natural:t0:paligned:c11:i10,1101,natural,23,0.0003174964804202318,aligned,4,s2,-11.336204528808594,1.1932664165215101e-05,0,0
parity-0,test-entity-111,test:natural:t0:paligned:c12:i11,0011,natural,23,5.174350462766597e-06,aligned,4,s2,-18.5140380859375,9.108680920633105e-09,0,0
parity-1,test-entity-112,test:natural:t0:paligned:c1:i12,1000,natural,23,2.5460898541496135e-05,aligned,4,s2,-13.396421432495117,1.5205736190182506e-06,0,0
parity-0,test-entity-113,test:natural:t0:paligned:c6:i13,0110,natural,23,6.81946539771161e-06,aligned,4,s2,-21.036453247070312,7.311127259157502e-10,0,0
parity-1,test-entity-114,test:natural:t0:paligned:c11:i14,1101,natural,23,5.942137067904696e-05,aligned,4,s2,-20.278791427612305,1.5596636204762149e-09,0,0
parity-0,test-entity-115,test:natural:t0:paligned:c12:i15,0011,natural,23,6.199395556905074e-06,aligned,4,s2,-23.32814598083496,7.391200845807688e-11,0,0
parity-1,test-entity-116,test:natural:t0:paligned:c1:i16,1000,natural,23,0.00041863994556479156,aligned,4,s2,-10.23541259765625,3.587573519325815e-05,0,0
parity-0,test-entity-117,test:natural:t0:paligned:c6:i17,0110,natural,23,2.0552073692670092e-05,aligned,4,s2,-13.830480575561523,9.851404456640012e-07,0,0
parity-1,test-entity-118,test:natural:t0:paligned:c11:i18,1101,natural,23,5.8897221606457606e-05,aligned,4,s2,-21.772727966308594,3.501246237380684e-10,0,0
parity-0,test-entity-119,test:natural:t0:paligned:c12:i19,0011,natural,23,2.8616732379305176e-05,aligned,4,s2,-18.23802947998047,1.2003932070570045e-08,0,0
parity-1,test-entity-120,test:natural:t0:paligned:c1:i20,1000,natural,23,0.06532809138298035,aligned,4,s2,-4.404865264892578,0.01207026932388544,0,0
parity-0,test-entity-121,test:natural:t0:paligned:c6:i21,0110,natural,23,2.5443554477533326e-05,aligned,4,s2,-13.331964492797852,1.6218118616961874e-06,0,0
parity-1,test-entity-122,test:natural:t0:paligned:c11:i22,1101,natural,23,0.0002620854938868433,aligned,4,s2,-20.70757293701172,1.0157941154886885e-09,0,0
parity-0,test-entity-123,test:natural:t0:paligned:c12:i23,0011,natural,23,2.9235976398922503e-05,aligned,4,s2,-28.32436180114746,4.999025824369008e-13,0,0
parity-1,test-entity-124,test:natural:t0:paligned:c1:i24,1000,natural,23,0.1349439024925232,aligned,4,s2,-3.474245071411133,0.030053960159420967,0,0
parity-0,test-entity-125,test:natural:t0:paligned:c6:i25,0110,natural,23,0.0005746304523199797,aligned,4,s2,9.858734130859375,0.999947190284729,0,1
parity-1,test-entity-126,test:natural:t0:paligned:c11:i26,1101,natural,23,0.0011426445562392473,aligned,4,s2,-9.088134765625,0.00011298589379293844,0,0
parity-0,test-entity-127,test:natural:t0:paligned:c12:i27,0011,natural,23,7.4419876909814775e-06,aligned,4,s2,-22.575651168823242,1.5686260623759551e-10,0,0
parity-1,test-entity-128,test:natural:t0:paligned:c1:i28,1000,natural,23,0.003577018156647682,aligned,4,s2,-7.811124801635742,0.0004050377756357193,0,0
parity-0,test-entity-129,test:natural:t0:paligned:c6:i29,0110,natural,23,6.785494406358339e-06,aligned,4,s2,-16.670974731445312,5.752908904810283e-08,0,0
parity-1,test-entity-130,test:natural:t0:paligned:c11:i30,1101,natural,23,4.886555325356312e-05,aligned,4,s2,-23.436222076416016,6.634014865225524e-11,0,0
parity-0,test-entity-131,test:natural:t0:paligned:c12:i31,0011,natural,23,8.116301614791155e-06,aligned,4,s2,-15.125467300415039,2.6983167344951653e-07,0,0
parity-1,test-entity-100,test:natural:t0:prandomized:c1:i0,1000,natural,23,1.2614524166565388e-05,randomized,4,s2,-18.01645278930664,1.498144364120435e-08,0,0
parity-0,test-entity-101,test:natural:t0:prandomized:c6:i1,0110,natural,23,5.4903002819628455e-06,randomized,4,s2,-27.951114654541016,7.260817923467056e-13,0,0
parity-1,test-entity-102,test:natural:t0:prandomized:c11:i2,1101,natural,23,8.194439942599274e-06,randomized,4,s2,-21.6142635345459,4.102459483235066e-10,0,0
parity-0,test-entity-103,test:natural:t0:prandomized:c12:i3,0011,natural,23,0.006100635975599289,randomized,4,s2,-7.2033538818359375,0.000743532960768789,0,0
parity-1,test-entity-104,test:natural:t0:prandomized:c1:i4,1000,natural,23,8.522478310624138e-06,randomized,4,s2,-16.536922454833984,6.578172673243898e-08,0,0
parity-0,test-entity-105,test:natural:t0:prandomized:c6:i5,0110,natural,23,7.314830145332962e-05,randomized,4,s2,-12.14921760559082,5.292479727359023e-06,0,0
parity-1,test-entity-106,test:natural:t0:prandomized:c11:i6,1101,natural,23,9.849854905041866e-06,randomized,4,s2,-14.945022583007812,3.231907612644136e-07,0,0
parity-0,test-entity-107,test:natural:t0:prandomized:c12:i7,0011,natural,23,4.5832952309865505e-05,randomized,4,s2,12.612241744995117,0.9999966621398926,0,1
parity-1,test-entity-108,test:natural:t0:prandomized:c1:i8,1000,natural,23,2.5497582100797445e-05,randomized,4,s2,-20.414409637451172,1.3618642880075527e-09,0,0
parity-0,test-entity-109,test:natural:t0:prandomized:c6:i9,0110,natural,23,1.21113889690605e-05,randomized,4,s2,-25.60813331604004,7.560127003591877e-12,0,0
parity-1,test-entity-110,test:natural:t0:prandomized:c11:i10,1101,natural,23,0.0001765191846061498,randomized,4,s2,-11.567302703857422,9.470621080254205e-06,0,0
parity-0,test-entity-111,test:natural:t0:prandomized:c12:i11,0011,natural,23,7.722564987489022e-07,randomized,4,s2,-20.258907318115234,1.5909933370750196e-09,0,0
parity-1,test-entity-112,test:natural:t0:prandomized:c1:i12,1000,natural,23,3.7820589113835013e-06,randomized,4,s2,-16.56928825378418,6.368676963575126e-08,0,0
parity-0,test-entity-113,test:natural:t0:prandomized:c6:i13,0110,natural,23,6.7164401116315275e-06,randomized,4,s2,-21.373899459838867,5.217151155534339e-10,0,0
parity-1,test-entity-114,test:natural:t0:prandomized:c11:i14,1101,natural,23,2.9974802600918338e-05,randomized,4,s2,-19.466575622558594,3.513765500784416e-09,0,0
parity-0,test-entity-115,test:natural:t0:prandomized:c12:i15,0011,natural,23,3.685621777549386e-06,randomized,4,s2,-22.707414627075195,1.3749772154181272e-10,0,0
parity-1,test-entity-116,test:natural:t0:prandomized:c1:i16,1000,natural,23,8.118758705677465e-05,randomized,4,s2,-12.301273345947266,4.545922820398118e-06,0,0
parity-0,test-entity-117,test:natural:t0:prandomized:c6:i17,0110,natural,23,0.04767996072769165,randomized,4,s2,-4.792287826538086,0.008225243538618088,0,0
parity-1,test-entity-118,test:natural:t0:prandomized:c11:i18,1101,natural,23,5.273161514196545e-05,randomized,4,s2,-23.669038772583008,5.256117416307937e-11,0,0
parity-0,test-entity-119,test:natural:t0:prandomized:c12:i19,0011,natural,23,1.5897101548034698e-05,randomized,4,s2,-15.221061706542969,2.452314902257058e-07,0,0
parity-1,test-entity-120,test:natural:t0:prandomized:c1:i20,1000,natural,23,0.0011936689261347055,randomized,4,s2,-9.053630828857422,0.0001169517490779981,0,0
parity-0,test-entity-121,test:natural:t0:prandomized:c6:i21,0110,natural,23,2.3016114937490784e-05,randomized,4,s2,-13.65743637084961,1.1712508012351464e-06,0,0
parity-1,test-entity-122,test:natural:t0:prandomized:c11:i22,1101,natural,23,0.000180027840542607,randomized,4,s2,-21.957965850830078,2.9091770659128713e-10,0,0
parity-0,test-entity-123,test:natural:t0:prandomized:c12:i23,0011,natural,23,6.548576948262053e-06,randomized,4,s2,-28.80618667602539,3.087681477685622e-13,0,0
parity-1,test-entity-124,test:natural:t0:prandomized:c1:i24,1000,natural,23,0.6905231475830078,randomized,4,s2,0.14533042907714844,0.5362685322761536,0,1
parity-0,test-entity-125,test:natural:t0:prandomized:c6:i25,0110,natural,23,0.00036235383595339954,randomized,4,s2,10.361766815185547,0.9999681711196899,0,1
parity-1,test-entity-126,test:natural:t0:prandomized:c11:i26,1101,natural,23,0.0006286013522185385,randomized,4,s2,-9.749977111816406,5.829260408063419e-05,0,0
parity-0,test-entity-127,test:natural:t0:prandomized:c12:i27,0011,natural,23,7.49354967410909e-07,randomized,4,s2,-20.523330688476562,1.2213229316770935e-09,0,0
parity-1,test-entity-128,test:natural:t0:prandomized:c1:i28,1000,natural,23,0.001607719692401588,randomized,4,s2,-8.711196899414062,0.00016470378614030778,0,0
parity-0,test-entity-129,test:natural:t0:prandomized:c6:i29,0110,natural,23,2.918915470218053e-06,randomized,4,s2,-15.713054656982422,1.4993639751992305e-07,0,0
parity-1,test-entity-130,test:natural:t0:prandomized:c11:i30,1101,natural,23,6.136627780506387e-05,randomized,4,s2,-24.65605926513672,1.9588776781209738e-11,0,0
parity-0,test-entity-131,test:natural:t0:prandomized:c12:i31,0011,natural,23,1.0028201359091327e-05,randomized,4,s2,-16.489208221435547,6.899658444581291e-08,0,0
parity-1,test-entity-100,test:natural:t1:paligned:c1:i0,1000,natural,23,2.25770036195172e-05,aligned,4,s2,-17.854862213134766,1.760885837143178e-08,1,0
parity-0,test-entity-101,test:natural:t1:paligned:c6:i1,0110,natural,23,3.2053590985015035e-05,aligned,4,s2,-28.385784149169922,4.701206871710051e-13,1,0
parity-1,test-entity-102,test:natural:t1:paligned:c11:i2,1101,natural,23,4.023831024824176e-06,aligned,4,s2,-22.12710952758789,2.456509440307286e-10,1,0
parity-0,test-entity-103,test:natural:t1:paligned:c12:i3,0011,natural,23,0.00013143598334863782,aligned,4,s2,-11.465295791625977,1.0487705367268063e-05,1,0
parity-1,test-entity-104,test:natural:t1:paligned:c1:i4,1000,natural,23,6.321894943539519e-06,aligned,4,s2,-16.080745697021484,1.0380559700706726e-07,1,0
parity-0,test-entity-105,test:natural:t1:paligned:c6:i5,0110,natural,23,1.2922157111461274e-05,aligned,4,s2,-14.362979888916016,5.78411402329948e-07,1,0
parity-1,test-entity-106,test:natural:t1:paligned:c11:i6,1101,natural,23,4.147156869294122e-05,aligned,4,s2,-12.917434692382812,2.4548662622692063e-06,1,0
parity-0,test-entity-107,test:natural:t1:paligned:c12:i7,0011,natural,23,0.3841592073440552,aligned,4,s2,1.9113388061523438,0.8711694478988647,1,1
parity-1,test-entity-108,test:natural:t1:paligned:c1:i8,1000,natural,23,1.4428646863962058e-05,aligned,4,s2,-20.225765228271484,1.6446035644435142e-09,1,0
parity-0,test-entity-109,test:natural:t1:paligned:c6:i9,0110,natural,23,2.426536229904741e-05,aligned,4,s2,-22.820310592651367,1.2281863026597506e-10,1,0
parity-1,test-entity-110,test:natural:t1:paligned:c11:i10,1101,natural,23,0.00016817997675389051,aligned,4,s2,-12.122358322143555,5.436517767520854e-06,1,0
parity-0,test-entity-111,test:natural:t1:paligned:c12:i11,0011,natural,23,6.296698302321602e-06,aligned,4,s2,-18.746562957763672,7.218903252947939e-09,1,0
parity-1,test-entity-112,test:natural:t1:paligned:c1:i12,1000,natural,23,1.547705687698908e-05,aligned,4,s2,-14.049476623535156,7.913879471743712e-07,1,0
parity-0,test-entity-113,test:natural:t1:paligned:c6:i13,0110,natural,23,8.143838385876734e-06,aligned,4,s2,-21.81464385986328,3.3575334179580807e-10,1,0
parity-1,test-entity-114,test:natural:t1:paligned:c11:i14,1101,natural,23,3.638766429503448e-05,aligned,4,s2,-20.34501838684082,1.4597210107325509e-09,1,0
parity-0,test-entity-115,test:natural:t1:paligned:c12:i15,0011,natural,23,9.472960300627165e-06,aligned,4,s2,-24.147029876708984,3.258951788986941e-11,1,0
parity-1,test-entity-116,test:natural:t1:paligned:c1:i16,1000,natural,23,0.00023414879979100078,aligned,4,s2,-10.903751373291016,1.8388758689980023e-05,1,0
parity-0,test-entity-117,test:natural:t1:paligned:c6:i17,0110,natural,23,2.6810072085936554e-05,aligned,4,s2,-13.501007080078125,1.369575670651102e-06,1,0
parity-1,test-entity-118,test:natural:t1:paligned:c11:i18,1101,natural,23,3.674791878438555e-05,aligned,4,s2,-22.265474319458008,2.1390778037755354e-10,1,0
parity-0,test-entity-119,test:natural:t1:paligned:c12:i19,0011,natural,23,3.4097611205652356e-05,aligned,4,s2,-19.181049346923828,4.674926668002399e-09,1,0
parity-1,test-entity-120,test:natural:t1:paligned:c1:i20,1000,natural,23,0.1562986969947815,aligned,4,s2,-3.2765350341796875,0.03638496249914169,1,0
parity-0,test-entity-121,test:natural:t1:paligned:c6:i21,0110,natural,23,1.1570581591513474e-05,aligned,4,s2,-14.378402709960938,5.695588356502412e-07,1,0
parity-1,test-entity-122,test:natural:t1:paligned:c11:i22,1101,natural,23,0.0001599758252268657,aligned,4,s2,-20.943248748779297,8.025224929042452e-10,1,0
parity-0,test-entity-123,test:natural:t1:paligned:c12:i23,0011,natural,23,3.6628323869081214e-05,aligned,4,s2,-28.362995147705078,4.809576131456494e-13,1,0
parity-1,test-entity-124,test:natural:t1:paligned:c1:i24,1000,natural,23,0.143568217754364,aligned,4,s2,-3.3913612365722656,0.032566506415605545,1,0
parity-0,test-entity-125,test:natural:t1:paligned:c6:i25,0110,natural,23,0.0003671298618428409,aligned,4,s2,10.352104187011719,0.9999678134918213,1,1
parity-1,test-entity-126,test:natural:t1:paligned:c11:i26,1101,natural,23,0.0008371839649043977,aligned,4,s2,-9.432334899902344,8.008554868865758e-05,1,0
parity-0,test-entity-127,test:natural:t1:paligned:c12:i27,0011,natural,23,9.335500180895906e-06,aligned,4,s2,-23.14244842529297,8.899416620300471e-11,1,0
parity-1,test-entity-128,test:natural:t1:paligned:c1:i28,1000,natural,23,0.0058782887645065784,aligned,4,s2,-7.246707916259766,0.0007120087975636125,1,0
parity-0,test-entity-129,test:natural:t1:paligned:c6:i29,0110,natural,23,8.621611414127983e-06,aligned,4,s2,-17.593019485473633,2.28796146473087e-08,1,0
parity-1,test-entity-130,test:natural:t1:paligned:c11:i30,1101,natural,23,3.199708226020448e-05,aligned,4,s2,-23.541324615478516,5.972163735767921e-11,1,0
parity-0,test-entity-131,test:natural:t1:paligned:c12:i31,0011,natural,23,6.0787974689446855e-06,aligned,4,s2,-17.478904724121094,2.5645322310197116e-08,1,0
parity-1,test-entity-100,test:natural:t1:prandomized:c1:i0,1000,natural,23,9.101891009777319e-06,randomized,4,s2,-18.005481719970703,1.5146706999757953e-08,1,0
parity-0,test-entity-101,test:natural:t1:prandomized:c6:i1,0110,natural,23,4.401143542054342e-06,randomized,4,s2,-27.70039939880371,9.32972340876581e-13,1,0
parity-1,test-entity-102,test:natural:t1:prandomized:c11:i2,1101,natural,23,9.261645573133137e-06,randomized,4,s2,-21.93947982788086,2.96350027850778e-10,1,0
parity-0,test-entity-103,test:natural:t1:prandomized:c12:i3,0011,natural,23,3.09707029373385e-05,randomized,4,s2,-13.038122177124023,2.175777808588464e-06,1,0
parity-1,test-entity-104,test:natural:t1:prandomized:c1:i4,1000,natural,23,1.1752652426366694e-05,randomized,4,s2,-17.0128231048584,4.0871864115388234e-08,1,0
parity-0,test-entity-105,test:natural:t1:prandomized:c6:i5,0110,natural,23,0.0005566953332163393,randomized,4,s2,-9.884414672851562,5.0960195949301124e-05,1,0
parity-1,test-entity-106,test:natural:t1:prandomized:c11:i6,1101,natural,23,7.452740646840539e-06,randomized,4,s2,-17.256637573242188,3.202856291295575e-08,1,0
parity-0,test-entity-107,test:natural:t1:prandomized:c12:i7,0011,natural,23,0.08394255489110947,randomized,4,s2,4.089939117431641,0.9835352897644043,1,1
parity-1,test-entity-108,test:natural:t1:prandomized:c1:i8,1000,natural,23,5.278565004118718e-05,randomized,4,s2,-21.214509963989258,6.118623940842838e-10,1,0
parity-0,test-entity-109,test:natural:t1:prandomized:c6:i9,0110,natural,23,9.206017239193898e-06,randomized,4,s2,-24.415666580200195,2.4912093221640674e-11,1,0
parity-1,test-entity-110,test:natural:t1:prandomized:c11:i10,1101,natural,23,0.0001551436580484733,randomized,4,s2,-11.975543975830078,6.296253104665084e-06,1,0
parity-0,test-entity-111,test:natural:t1:prandomized:c12:i11,0011,natural,23,9.433800869373954e-07,randomized,4,s2,-21.100814819335938,6.855392364890633e-10,1,0
parity-1,test-entity-112,test:natural:t1:prandomized:c1:i12,1000,natural,23,4.201910996926017e-06,randomized,4,s2,-16.218673706054688,9.043144189035957e-08,1,0
parity-0,test-entity-113,test:natural:t1:prandomized:c6:i13,0110,natural,23,2.4492696866218466e-06,randomized,4,s2,-19.621288299560547,3.010111715440189e-09,1,0
parity-1,test-entity-114,test:natural:t1:prandomized:c11:i14,1101,natural,23,5.907386002945714e-05,randomized,4,s2,-19.845783233642578,2.4048276703325655e-09,1,0
parity-0,test-entity-115,test:natural:t1:prandomized:c12:i15,0011,natural,23,1.683832124399487e-05,randomized,4,s2,-28.457948684692383,4.373905751475782e-13,1,0
parity-1,test-entity-116,test:natural:t1:prandomized:c1:i16,1000,natural,23,9.080810559680685e-05,randomized,4,s2,-12.308237075805664,4.514375177677721e-06,1,0
parity-0,test-entity-117,test:natural:t1:prandomized:c6:i17,0110,natural,23,0.0011040465906262398,randomized,4,s2,-9.126384735107422,0.00010874622967094183,1,0
parity-1,test-entity-118,test:natural:t1:prandomized:c11:i18,1101,natural,23,6.845994357718155e-05,randomized,4,s2,-22.977603912353516,1.0494252689063899e-10,1,0
parity-0,test-entity-119,test:natural:t1:prandomized:c12:i19,0011,natural,23,5.8791585615836084e-05,randomized,4,s2,-21.336498260498047,5.415946580100695e-10,1,0
parity-1,test-entity-120,test:natural:t1:prandomized:c1:i20,1000,natural,23,0.000999950454570353,randomized,4,s2,-9.259218215942383,9.522054460830986e-05,1,0
parity-0,test-entity-121,test:natural:t1:prandomized:c6:i21,0110,natural,23,0.0002514048828743398,randomized,4,s2,-10.808176040649414,2.0232962924637832e-05,1,0
parity-1,test-entity-122,test:natural:t1:prandomized:c11:i22,1101,natural,23,0.0003000647120643407,randomized,4,s2,-20.83113670349121,8.977206200633248e-10,1,0
parity-0,test-entity-123,test:natural:t1:prandomized:c12:i23,0011,natural,23,2.4518452846677974e-05,randomized,4,s2,-29.517831802368164,1.515542520039853e-13,1,0
parity-1,test-entity-124,test:natural:t1:prandomized:c1:i24,1000,natural,23,0.693047285079956,randomized,4,s2,-0.029865264892578125,0.4925338923931122,1,0
parity-0,test-entity-125,test:natural:t1:prandomized:c6:i25,0110,natural,23,0.0580003447830677,randomized,4,s2,4.551971435546875,0.989563524723053,1,1
parity-1,test-entity-126,test:natural:t1:prandomized:c11:i26,1101,natural,23,0.00012177702592452988,randomized,4,s2,-11.57229232788086,9.423523806617595e-06,1,0
parity-0,test-entity-127,test:natural:t1:prandomized:c12:i27,0011,natural,23,1.970775201698416e-06,randomized,4,s2,-25.02509880065918,1.3543720832343009e-11,1,0
parity-1,test-entity-128,test:natural:t1:prandomized:c1:i28,1000,natural,23,0.002960444428026676,randomized,4,s2,-8.024188995361328,0.0003273380862083286,1,0
parity-0,test-entity-129,test:natural:t1:prandomized:c6:i29,0110,natural,23,1.2502011941251112e-06,randomized,4,s2,-17.105663299560547,3.72481672172853e-08,1,0
parity-1,test-entity-130,test:natural:t1:prandomized:c11:i30,1101,natural,23,6.209555431269109e-05,randomized,4,s2,-25.012081146240234,1.3721111052911183e-11,1,0
parity-0,test-entity-131,test:natural:t1:prandomized:c12:i31,0011,natural,23,1.4127879694569856e-05,randomized,4,s2,-20.942487716674805,8.031425524634983e-10,1,0
parity-1,test-entity-100,test:natural:t2:paligned:c1:i0,1000,natural,23,2.7601636247709394e-05,aligned,4,s2,-17.278038024902344,3.1350374740668485e-08,2,0
parity-0,test-entity-101,test:natural:t2:paligned:c6:i1,0110,natural,23,2.8124464733991772e-05,aligned,4,s2,-28.16834259033203,5.843096731288078e-13,2,0
parity-1,test-entity-102,test:natural:t2:paligned:c11:i2,1101,natural,23,4.322220320318593e-06,aligned,4,s2,-21.425994873046875,4.952316334794205e-10,2,0
parity-0,test-entity-103,test:natural:t2:paligned:c12:i3,0011,natural,23,8.705342770554125e-05,aligned,4,s2,-11.914634704589844,6.691708222206216e-06,2,0
parity-1,test-entity-104,test:natural:t2:paligned:c1:i4,1000,natural,23,9.93510093394434e-06,aligned,4,s2,-15.178367614746094,2.559285121606081e-07,2,0
parity-0,test-entity-105,test:natural:t2:paligned:c6:i5,0110,natural,23,2.3708107619313523e-05,aligned,4,s2,-13.474748611450195,1.4060160538065247e-06,2,0
parity-1,test-entity-106,test:natural:t2:paligned:c11:i6,1101,natural,23,0.00011844953405670822,aligned,4,s2,-11.65951156616211,8.63643526827218e-06,2,0
parity-0,test-entity-107,test:natural:t2:paligned:c12:i7,0011,natural,23,0.20855951309204102,aligned,4,s2,-2.8740291595458984,0.05345242843031883,2,0
parity-1,test-entity-108,test:natural:t2:paligned:c1:i8,1000,natural,23,1.5885438187979162e-05,aligned,4,s2,-19.69534683227539,2.7952391512542363e-09,2,0
parity-0,test-entity-109,test:natural:t2:paligned:c6:i9,0110,natural,23,1.9453153072390705e-05,aligned,4,s2,-21.982975006103516,2.8373603466747e-10,2,0
parity-1,test-entity-110,test:natural:t2:paligned:c11:i10,1101,natural,23,0.00043563690269365907,aligned,4,s2,-10.463098526000977,2.8570504582603462e-05,2,0
parity-0,test-entity-111,test:natural:t2:paligned:c12:i11,0011,natural,23,5.235796834313078e-06,aligned,4,s2,-17.522693634033203,2.454655678718609e-08,2,0
parity-1,test-entity-112,test:natural:t2:paligned:c1:i12,1000,natural,23,3.401914000278339e-05,aligned,4,s2,-13.055950164794922,2.1373311938077677e-06,2,0
parity-0,test-entity-113,test:natural:t2:paligned:c6:i13,0110,natural,23,5.9474750742083415e-06,aligned,4,s2,-21.085126876831055,6.963792320568984e-10,2,0
parity-1,test-entity-114,test:natural:t2:paligned:c11:i14,1101,natural,23,4.054981400258839e-05,aligned,4,s2,-19.56995391845703,3.168661111274673e-09,2,0
parity-0,test-entity-115,test:natural:t2:paligned:c12:i15,0011,natural,23,7.304091468540719e-06,aligned,4,s2,-23.476659774780273,6.371126543003314e-11,2,0
parity-1,test-entity-116,test:natural:t2:paligned:c1:i16,1000,natural,23,0.0004962888779118657,aligned,4,s2,-10.047122955322266,4.330825322540477e-05,2,0
parity-0,test-entity-117,test:natural:t2:paligned:c6:i17,0110,natural,23,2.279261934745591e-05,aligned,4,s2,-13.728408813476562,1.0910065384450718e-06,2,0
parity-1,test-entity-118,test:natural:t2:paligned:c11:i18,1101,natural,23,4.2480038246139884e-05,aligned,4,s2,-21.115341186523438,6.756512016536931e-10,2,0
parity-0,test-entity-119,test:natural:t2:paligned:c12:i19,0011,natural,23,3.383184957783669e-05,aligned,4,s2,-18.81397819519043,6.748267722400669e-09,2,0
parity-1,test-entity-120,test:natural:t2:paligned:c1:i20,1000,natural,23,0.07844068109989166,aligned,4,s2,-4.175876617431641,0.015129288658499718,2,0
parity-0,test-entity-121,test:natural:t2:paligned:c6:i21,0110,natural,23,2.2925707526155747e-05,aligned,4,s2,-13.468873977661133,1.4143013231660007e-06,2,0
parity-1,test-entity-122,test:natural:t2:paligned:c11:i22,1101,natural,23,0.0001663664006628096,aligned,4,s2,-20.12322235107422,1.8221724129574568e-09,2,0
parity-0,test-entity-123,test:natural:t2:paligned:c12:i23,0011,natural,23,2.7482619771035388e-05,aligned,4,s2,-28.067930221557617,6.460296165210211e-13,2,0
parity-1,test-entity-124,test:natural:t2:paligned:c1:i24,1000,natural,23,0.1834964156150818,aligned,4,s2,-3.0553665161132812,0.044986311346292496,2,0
parity-0,test-entity-125,test:natural:t2:paligned:c6:i25,0110,natural,23,0.0008790054125711322,aligned,4,s2,9.38385009765625,0.999915599822998,2,1
parity-1,test-entity-126,test:natural:t2:paligned:c11:i26,1101,natural,23,0.005661994218826294,aligned,4,s2,-7.288612365722656,0.0006828090408816934,2,0
parity-0,test-entity-127,test:natural:t2:paligned:c12:i27,0011,natural,23,8.787005754129495e-06,aligned,4,s2,-23.071758270263672,9.55129794699694e-11,2,0
parity-1,test-entity-128,test:natural:t2:paligned:c1:i28,1000,natural,23,0.01014278456568718,aligned,4,s2,-6.621486663818359,0.0013296790421009064,2,0
parity-0,test-entity-129,test:natural:t2:paligned:c6:i29,0110,natural,23,7.751589691906702e-06,aligned,4,s2,-16.334272384643555,8.055920375227288e-08,2,0
parity-1,test-entity-130,test:natural:t2:paligned:c11:i30,1101,natural,23,3.358747562742792e-05,aligned,4,s2,-22.957170486450195,1.0710900222310471e-10,2,0
parity-0,test-entity-131,test:natural:t2:paligned:c12:i31,0011,natural,23,6.764350928278873e-06,aligned,4,s2,-15.763692855834961,1.4253289748467068e-07,2,0
parity-1,test-entity-100,test:natural:t2:prandomized:c1:i0,1000,natural,23,1.0280647984473035e-05,randomized,4,s2,-17.787181854248047,1.8841912918787784e-08,2,0
parity-0,test-entity-101,test:natural:t2:prandomized:c6:i1,0110,natural,23,3.1757781471242197e-06,randomized,4,s2,-27.027542114257812,1.8284687999803317e-12,2,0
parity-1,test-entity-102,test:natural:t2:prandomized:c11:i2,1101,natural,23,7.658564754819963e-06,randomized,4,s2,-21.837738037109375,3.2808830652264476e-10,2,0
parity-0,test-entity-103,test:natural:t2:prandomized:c12:i3,0011,natural,23,0.0006482733297161758,randomized,4,s2,-9.713428497314453,6.046241469448432e-05,2,0
parity-1,test-entity-104,test:natural:t2:prandomized:c1:i4,1000,natural,23,9.50735375226941e-06,randomized,4,s2,-15.732900619506836,1.4699007522267493e-07,2,0
parity-0,test-entity-105,test:natural:t2:prandomized:c6:i5,0110,natural,23,0.0005999775603413582,randomized,4,s2,-9.800304412841797,5.5431650253012776e-05,2,0
parity-1,test-entity-106,test:natural:t2:prandomized:c11:i6,1101,natural,23,7.852662747609429e-06,randomized,4,s2,-15.819679260253906,1.3477215077273286e-07,2,0
parity-0,test-entity-107,test:natural:t2:prandomized:c12:i7,0011,natural,23,4.07383922720328e-05,randomized,4,s2,12.747291564941406,0.9999971389770508,2,1
parity-1,test-entity-108,test:natural:t2:prandomized:c1:i8,1000,natural,23,2.017223414441105e-05,randomized,4,s2,-20.237342834472656,1.6256723744945134e-09,2,0
parity-0,test-entity-109,test:natural:t2:prandomized:c6:i9,0110,natural,23,4.939874997944571e-06,randomized,4,s2,-24.744022369384766,1.7939379148845802e-11,2,0
parity-1,test-entity-110,test:natural:t2:prandomized:c11:i10,1101,natural,23,0.00015766976866871119,randomized,4,s2,-11.503767013549805,1.0091875992657151e-05,2,0
parity-0,test-entity-111,test:natural:t2:prandomized:c12:i11,0011,natural,23,5.440381301013986e-07,randomized,4,s2,-19.714187622070312,2.74307065950552e-09,2,0
parity-1,test-entity-112,test:natural:t2:prandomized:c1:i12,1000,natural,23,5.927986421738751e-06,randomized,4,s2,-15.366413116455078,2.12056335158195e-07,2,0
parity-0,test-entity-113,test:natural:t2:prandomized:c6:i13,0110,natural,23,1.1485382174214465e-06,randomized,4,s2,-18.828449249267578,6.651329709228548e-09,2,0
parity-1,test-entity-114,test:natural:t2:prandomized:c11:i14,1101,natural,23,2.8265683795325458e-05,randomized,4,s2,-19.96277618408203,2.139319166261089e-09,2,0
parity-0,test-entity-115,test:natural:t2:prandomized:c12:i15,0011,natural,23,2.5949887003662298e-06,randomized,4,s2,-23.687965393066406,5.157591020932273e-11,2,0
parity-1,test-entity-116,test:natural:t2:prandomized:c1:i16,1000,natural,23,0.00027755723567679524,randomized,4,s2,-10.710151672363281,2.2316700778901577e-05,2,0
parity-0,test-entity-117,test:natural:t2:prandomized:c6:i17,0110,natural,23,0.4112485647201538,randomized,4,s2,-1.78662109375,0.14348745346069336,2,0
parity-1,test-entity-118,test:natural:t2:prandomized:c11:i18,1101,natural,23,4.996548159397207e-05,randomized,4,s2,-23.28030014038086,7.753410413702255e-11,2,0
parity-0,test-entity-119,test:natural:t2:prandomized:c12:i19,0011,natural,23,1.790508940757718e-05,randomized,4,s2,-14.992607116699219,3.0817199103694293e-07,2,0
parity-1,test-entity-120,test:natural:t2:prandomized:c1:i20,1000,natural,23,0.001443325774744153,randomized,4,s2,-8.836437225341797,0.00014531835040543228,2,0
parity-0,test-entity-121,test:natural:t2:prandomized:c6:i21,0110,natural,23,0.0001632613129913807,randomized,4,s2,-11.273101806640625,1.2710088412859477e-05,2,0
parity-1,test-entity-122,test:natural:t2:prandomized:c11:i22,1101,natural,23,7.597522926516831e-05,randomized,4,s2,-21.25021743774414,5.903984523492056e-10,2,0
parity-0,test-entity-123,test:natural:t2:prandomized:c12:i23,0011,natural,23,8.774810339673422e-06,randomized,4,s2,-27.877260208129883,7.817352451131021e-13,2,0
parity-1,test-entity-124,test:natural:t2:prandomized:c1:i24,1000,natural,23,0.6191606521606445,randomized,4,s2,0.7998123168945312,0.6899340748786926,2,1
parity-0,test-entity-125,test:natural:t2:prandomized:c6:i25,0110,natural,23,0.03750062733888626,randomized,4,s2,5.083333969116211,0.9938388466835022,2,1
parity-1,test-entity-126,test:natural:t2:prandomized:c11:i26,1101,natural,23,0.0002712609129957855,randomized,4,s2,-10.677112579345703,2.3066346329869702e-05,2,0
parity-0,test-entity-127,test:natural:t2:prandomized:c12:i27,0011,natural,23,1.191130536426499e-06,randomized,4,s2,-20.866863250732422,8.662368045087021e-10,2,0
parity-1,test-entity-128,test:natural:t2:prandomized:c1:i28,1000,natural,23,0.008313214406371117,randomized,4,s2,-6.850009918212891,0.0010583240073174238,2,0
parity-0,test-entity-129,test:natural:t2:prandomized:c6:i29,0110,natural,23,3.7342815630836412e-06,randomized,4,s2,-15.398321151733398,2.0539683021070232e-07,2,0
parity-1,test-entity-130,test:natural:t2:prandomized:c11:i30,1101,natural,23,4.981195161235519e-05,randomized,4,s2,-24.223602294921875,3.018713404245865e-11,2,0
parity-0,test-entity-131,test:natural:t2:prandomized:c12:i31,0011,natural,23,6.761907116015209e-06,randomized,4,s2,-19.098861694335938,5.075390774322841e-09,2,0
parity-1,test-entity-100,test:natural:t3:paligned:c1:i0,1000,natural,23,2.590340045571793e-05,aligned,4,s2,-17.544448852539062,2.401828425036001e-08,3,0
parity-0,test-entity-101,test:natural:t3:paligned:c6:i1,0110,natural,23,7.856370211811736e-05,aligned,4,s2,-28.57335662841797,3.8971378749953767e-13,3,0
parity-1,test-entity-102,test:natural:t3:paligned:c11:i2,1101,natural,23,6.324582045635907e-06,aligned,4,s2,-21.70419692993164,3.74961839355592e-10,3,0
parity-0,test-entity-103,test:natural:t3:paligned:c12:i3,0011,natural,23,0.14891335368156433,aligned,4,s2,-3.3420028686523438,0.034158021211624146,3,0
parity-1,test-entity-104,test:natural:t3:paligned:c1:i4,1000,natural,23,7.958171408972703e-06,aligned,4,s2,-16.092330932617188,1.0260989569133017e-07,3,0
parity-0,test-entity-105,test:natural:t3:paligned:c6:i5,0110,natural,23,1.8112423276761547e-05,aligned,4,s2,-14.50735092163086,5.006530159334943e-07,3,0
parity-1,test-entity-106,test:natural:t3:paligned:c11:i6,1101,natural,23,0.00011726603406714275,aligned,4,s2,-11.689764022827148,8.379071005037986e-06,3,0
parity-0,test-entity-107,test:natural:t3:paligned:c12:i7,0011,natural,23,0.0929507166147232,aligned,4,s2,3.960176467895508,0.9812965989112854,3,1
parity-1,test-entity-108,test:natural:t3:paligned:c1:i8,1000,natural,23,1.564005833643023e-05,aligned,4,s2,-20.00510025024414,2.0506645270756962e-09,3,0
parity-0,test-entity-109,test:natural:t3:paligned:c6:i9,0110,natural,23,5.694198625860736e-05,aligned,4,s2,-23.050628662109375,9.755221630491917e-11,3,0
parity-1,test-entity-110,test:natural:t3:paligned:c11:i10,1101,natural,23,0.00023822506773285568,aligned,4,s2,-11.940433502197266,6.521196155517828e-06,3,0
parity-0,test-entity-111,test:natural:t3:paligned:c12:i11,0011,natural,23,1.358675399387721e-05,aligned,4,s2,-20.804224014282227,9.222312358225793e-10,3,0
parity-1,test-entity-112,test:natural:t3:paligned:c1:i12,1000,natural,23,1.4631625163019635e-05,aligned,4,s2,-14.246028900146484,6.501713301076961e-07,3,0
parity-0,test-entity-113,test:natural:t3:paligned:c6:i13,0110,natural,23,2.1466938051162288e-05,aligned,4,s2,-21.578907012939453,4.2500974961612314e-10,3,0
parity-1,test-entity-114,test:natural:t3:paligned:c11:i14,1101,natural,23,5.2076549764024094e-05,aligned,4,s2,-20.1207275390625,1.8267417578599066e-09,3,0
parity-0,test-entity-115,test:natural:t3:paligned:c12:i15,0011,natural,23,1.9681316189235076e-05,aligned,4,s2,-25.258760452270508,1.0721580741279713e-11,3,0
parity-1,test-entity-116,test:natural:t3:paligned:c1:i16,1000,natural,23,0.0002639842568896711,aligned,4,s2,-10.779644012451172,2.0818548364331946e-05,3,0
parity-0,test-entity-117,test:natural:t3:paligned:c6:i17,0110,natural,23,3.64032166544348e-05,aligned,4,s2,-13.467792510986328,1.4158302974465187e-06,3,0
parity-1,test-entity-118,test:natural:t3:paligned:c11:i18,1101,natural,23,4.5387118007056415e-05,aligned,4,s2,-22.22088623046875,2.2366122842676361e-10,3,0
parity-0,test-entity-119,test:natural:t3:paligned:c12:i19,0011,natural,23,5.991356010781601e-05,aligned,4,s2,-19.503496170043945,3.3863940540612703e-09,3,0
parity-1,test-entity-120,test:natural:t3:paligned:c1:i20,1000,natural,23,0.04369860142469406,aligned,4,s2,-4.898841857910156,0.007400033064186573,3,0
parity-0,test-entity-121,test:natural:t3:paligned:c6:i21,0110,natural,23,2.5218181690433994e-05,aligned,4,s2,-13.548954010009766,1.3054592500338913e-06,3,0
parity-1,test-entity-122,test:natural:t3:paligned:c11:i22,1101,natural,23,0.000279463070910424,aligned,4,s2,-20.713687896728516,1.0096004032789097e-09,3,0
parity-0,test-entity-123,test:natural:t3:paligned:c12:i23,0011,natural,23,7.0979367592372e-05,aligned,4,s2,-28.95873260498047,2.6508206437195203e-13,3,0
parity-1,test-entity-124,test:natural:t3:paligned:c1:i24,1000,natural,23,0.11725916713476181,aligned,4,s2,-3.659801483154297,0.02509179525077343,3,0
parity-0,test-entity-125,test:natural:t3:paligned:c6:i25,0110,natural,23,0.00022849434753879905,aligned,4,s2,10.90353775024414,0.9999810457229614,3,1
parity-1,test-entity-126,test:natural:t3:paligned:c11:i26,1101,natural,23,0.002308409661054611,aligned,4,s2,-8.302276611328125,0.0002478901296854019,3,0
parity-0,test-entity-127,test:natural:t3:paligned:c12:i27,0011,natural,23,1.7083240891224705e-05,aligned,4,s2,-23.912187576293945,4.12162526330917e-11,3,0
parity-1,test-entity-128,test:natural:t3:paligned:c1:i28,1000,natural,23,0.0028503539506345987,aligned,4,s2,-8.068056106567383,0.0003132934507448226,3,0
parity-0,test-entity-129,test:natural:t3:paligned:c6:i29,0110,natural,23,2.0803723600693047e-05,aligned,4,s2,-17.577762603759766,2.3231335077866788e-08,3,0
parity-1,test-entity-130,test:natural:t3:paligned:c11:i30,1101,natural,23,5.027445877203718e-05,aligned,4,s2,-23.533050537109375,6.021770582176345e-11,3,0
parity-0,test-entity-131,test:natural:t3:paligned:c12:i31,0011,natural,23,1.0141136954189278e-05,aligned,4,s2,-17.816577911376953,1.829609352910211e-08,3,0
parity-1,test-entity-100,test:natural:t3:prandomized:c1:i0,1000,natural,23,1.577574403199833e-05,randomized,4,s2,-18.281871795654297,1.1489029283495711e-08,3,0
parity-0,test-entity-101,test:natural:t3:prandomized:c6:i1,0110,natural,23,1.1788387382694054e-05,randomized,4,s2,-28.399799346923828,4.635790991532052e-13,3,0
parity-1,test-entity-102,test:natural:t3:prandomized:c11:i2,1101,natural,23,2.118645170412492e-05,randomized,4,s2,-20.78670883178711,9.38525812621549e-10,3,0
parity-0,test-entity-103,test:natural:t3:prandomized:c12:i3,0011,natural,23,1.0497844868950779e-06,randomized,4,s2,-17.558574676513672,2.3681419492049827e-08,3,0
parity-1,test-entity-104,test:natural:t3:prandomized:c1:i4,1000,natural,23,4.254716986906715e-05,randomized,4,s2,-15.626352310180664,1.6351606291209464e-07,3,0
parity-0,test-entity-105,test:natural:t3:prandomized:c6:i5,0110,natural,23,5.7079651014646515e-06,randomized,4,s2,-16.0330753326416,1.0887385570867991e-07,3,0
parity-1,test-entity-106,test:natural:t3:prandomized:c11:i6,1101,natural,23,1.702198278508149e-05,randomized,4,s2,-14.777923583984375,3.8196989748939814e-07,3,0
parity-0,test-entity-107,test:natural:t3:prandomized:c12:i7,0011,natural,23,3.0034530027478468e-06,randomized,4,s2,16.23958969116211,0.9999997615814209,3,1
parity-1,test-entity-108,test:natural:t3:prandomized:c1:i8,1000,natural,23,0.0002108049375237897,randomized,4,s2,-20.699615478515625,1.0239145087354018e-09,3,0
parity-0,test-entity-109,test:natural:t3:prandomized:c6:i9,0110,natural,23,3.3631400583544746e-05,randomized,4,s2,-24.401084899902344,2.5277989770811082e-11,3,0
parity-1,test-entity-110,test:natural:t3:prandomized:c11:i10,1101,natural,23,0.0009945838246494532,randomized,4,s2,-9.79625129699707,5.565480751101859e-05,3,0
parity-0,test-entity-111,test:natural:t3:prandomized:c12:i11,0011,natural,23,1.6881377860045177e-06,randomized,4,s2,-23.989721298217773,3.814136506630206e-11,3,0
parity-1,test-entity-112,test:natural:t3:prandomized:c1:i12,1000,natural,23,5.057620455772849e-06,randomized,4,s2,-16.444881439208984,7.212378250187612e-08,3,0
parity-0,test-entity-113,test:natural:t3:prandomized:c6:i13,0110,natural,23,1.0386846952314954e-05,randomized,4,s2,-23.981624603271484,3.8451401784822536e-11,3,0
parity-1,test-entity-114,test:natural:t3:prandomized:c11:i14,1101,natural,23,5.501381019712426e-05,randomized,4,s2,-19.039180755615234,5.387497115094675e-09,3,0
parity-0,test-entity-115,test:natural:t3:prandomized:c12:i15,0011,natural,23,5.498985956364777e-06,randomized,4,s2,-24.571165084838867,2.1324501192632184e-11,3,0
parity-1,test-entity-116,test:natural:t3:prandomized:c1:i16,1000,natural,23,0.00022946328681427985,randomized,4,s2,-11.352682113647461,1.1737748536688741e-05,3,0
parity-0,test-entity-117,test:natural:t3:prandomized:c6:i17,0110,natural,23,1.3435244909487665e-05,randomized,4,s2,-15.442916870117188,1.9643827897652955e-07,3,0
parity-1,test-entity-118,test:natural:t3:prandomized:c11:i18,1101,natural,23,9.096352732740343e-05,randomized,4,s2,-23.329627990722656,7.380195760076091e-11,3,0
parity-0,test-entity-119,test:natural:t3:prandomized:c12:i19,0011,natural,23,0.00010405493958387524,randomized,4,s2,-20.767675399780273,9.56554280229227e-10,3,0
parity-1,test-entity-120,test:natural:t3:prandomized:c1:i20,1000,natural,23,0.0009730944875627756,randomized,4,s2,-9.396053314208984,8.304359653266147e-05,3,0
parity-0,test-entity-121,test:natural:t3:prandomized:c6:i21,0110,natural,23,0.009603123180568218,randomized,4,s2,-6.684467315673828,0.0012486185878515244,3,0
parity-1,test-entity-122,test:natural:t3:prandomized:c11:i22,1101,natural,23,0.00047061117948032916,randomized,4,s2,-21.227191925048828,6.041280253832326e-10,3,0
parity-0,test-entity-123,test:natural:t3:prandomized:c12:i23,0011,natural,23,1.9843026166199706e-05,randomized,4,s2,-28.665470123291016,3.5542201777191695e-13,3,0
parity-1,test-entity-124,test:natural:t3:prandomized:c1:i24,1000,natural,23,0.25839388370513916,randomized,4,s2,-2.5590057373046875,0.07182347029447556,3,0
parity-0,test-entity-125,test:natural:t3:prandomized:c6:i25,0110,natural,23,0.1966218650341034,randomized,4,s2,2.9580459594726562,0.9506422877311707,3,1
parity-1,test-entity-126,test:natural:t3:prandomized:c11:i26,1101,natural,23,4.473891749512404e-05,randomized,4,s2,-12.763696670532227,2.862830115191173e-06,3,0
parity-0,test-entity-127,test:natural:t3:prandomized:c12:i27,0011,natural,23,7.713159902777988e-06,randomized,4,s2,-25.347652435302734,9.80966870234301e-12,3,0
parity-1,test-entity-128,test:natural:t3:prandomized:c1:i28,1000,natural,23,0.0024981703609228134,randomized,4,s2,-8.216846466064453,0.0002699923061300069,3,0
parity-0,test-entity-129,test:natural:t3:prandomized:c6:i29,0110,natural,23,7.054824436636409e-06,randomized,4,s2,-18.907852172851562,6.143610953301959e-09,3,0
parity-1,test-entity-130,test:natural:t3:prandomized:c11:i30,1101,natural,23,0.0001047181649482809,randomized,4,s2,-24.338088989257812,2.6921494547527125e-11,3,0
parity-0,test-entity-131,test:natural:t3:prandomized:c12:i31,0011,natural,23,6.452327215811238e-05,randomized,4,s2,-22.37237548828125,1.9221986502504507e-10,3,0
parity-1,test-entity-100,test:arbitrary:t0:paligned:c1:i0,1000,arbitrary,23,6.15229073446244e-05,aligned,4,s2,-19.845081329345703,2.4065160975084154e-09,0,0
parity-0,test-entity-101,test:arbitrary:t0:paligned:c6:i1,0110,arbitrary,23,1.5527808500337414e-05,aligned,4,s2,-30.66582679748535,4.8083942833258494e-14,0,0
parity-1,test-entity-102,test:arbitrary:t0:paligned:c11:i2,1101,arbitrary,23,0.00011831839219667017,aligned,4,s2,-24.83443832397461,1.63883802362097e-11,0,0
parity-0,test-entity-103,test:arbitrary:t0:paligned:c12:i3,0011,arbitrary,23,8.739672193769366e-05,aligned,4,s2,-12.346513748168945,4.344845820014598e-06,0,0
parity-1,test-entity-104,test:arbitrary:t0:paligned:c1:i4,1000,arbitrary,23,8.894081474863924e-06,aligned,4,s2,-18.30743980407715,1.119901060775419e-08,0,0
parity-0,test-entity-105,test:arbitrary:t0:paligned:c6:i5,0110,arbitrary,23,0.0001444014342268929,aligned,4,s2,-14.433961868286133,5.387719284044579e-07,0,0
parity-1,test-entity-106,test:arbitrary:t0:paligned:c11:i6,1101,arbitrary,23,2.106385727529414e-05,aligned,4,s2,-18.140949249267578,1.3227721140651738e-08,0,0
parity-0,test-entity-107,test:arbitrary:t0:paligned:c12:i7,0011,arbitrary,23,0.48577946424484253,aligned,4,s2,-1.452606201171875,0.18959882855415344,0,0
parity-1,test-entity-108,test:arbitrary:t0:paligned:c1:i8,1000,arbitrary,23,2.070192749670241e-05,aligned,4,s2,-20.88045883178711,8.545378848978658e-10,0,0
parity-0,test-entity-109,test:arbitrary:t0:paligned:c6:i9,0110,arbitrary,23,1.4640521840192378e-05,aligned,4,s2,-25.846214294433594,5.958425159519054e-12,0,0
parity-1,test-entity-110,test:arbitrary:t0:paligned:c11:i10,1101,arbitrary,23,6.278970431594644e-06,aligned,4,s2,-18.367076873779297,1.0550659013119912e-08,0,0
parity-0,test-entity-111,test:arbitrary:t0:paligned:c12:i11,0011,arbitrary,23,1.089506895368686e-05,aligned,4,s2,-21.53095245361328,4.4588827075031645e-10,0,0
parity-1,test-entity-112,test:arbitrary:t0:paligned:c1:i12,1000,arbitrary,23,3.9523281884612516e-05,aligned,4,s2,-15.357995986938477,2.1384836657034612e-07,0,0
parity-0,test-entity-113,test:arbitrary:t0:paligned:c6:i13,0110,arbitrary,23,3.9448841562261805e-05,aligned,4,s2,-18.901796340942383,6.1809166673754135e-09,0,0
parity-1,test-entity-114,test:arbitrary:t0:paligned:c11:i14,1101,arbitrary,23,8.218925358960405e-06,aligned,4,s2,-25.308353424072266,1.020286286013139e-11,0,0
parity-0,test-entity-115,test:arbitrary:t0:paligned:c12:i15,0011,arbitrary,23,8.038978194235824e-06,aligned,4,s2,-22.319076538085938,2.0274418255361581e-10,0,0
parity-1,test-entity-116,test:arbitrary:t0:paligned:c1:i16,1000,arbitrary,23,4.5379798393696547e-05,aligned,4,s2,-13.582786560058594,1.262028376913804e-06,0,0
parity-0,test-entity-117,test:arbitrary:t0:paligned:c6:i17,0110,arbitrary,23,2.5024455680977553e-05,aligned,4,s2,-15.67708969116211,1.5542666176315834e-07,0,0
parity-1,test-entity-118,test:arbitrary:t0:paligned:c11:i18,1101,arbitrary,23,6.723654678353341e-06,aligned,4,s2,-27.11459732055664,1.67602130091149e-12,0,0
parity-0,test-entity-119,test:arbitrary:t0:paligned:c12:i19,0011,arbitrary,23,7.814213859091979e-06,aligned,4,s2,-21.545379638671875,4.3950135197867723e-10,0,0
parity-1,test-entity-120,test:arbitrary:t0:paligned:c1:i20,1000,arbitrary,23,0.008616978302598,aligned,4,s2,-6.819549560546875,0.0010910144774243236,0,0
parity-0,test-entity-121,test:arbitrary:t0:paligned:c6:i21,0110,arbitrary,23,6.042012319085188e-05,aligned,4,s2,-16.390838623046875,7.612845109861155e-08,0,0
parity-1,test-entity-122,test:arbitrary:t0:paligned:c11:i22,1101,arbitrary,23,9.463689139010967e-07,aligned,4,s2,-28.328067779541016,4.980538551024871e-13,0,0
parity-0,test-entity-123,test:arbitrary:t0:paligned:c12:i23,0011,arbitrary,23,1.7372827642248012e-05,aligned,4,s2,-30.46078872680664,5.902645993510758e-14,0,0
parity-1,test-entity-124,test:arbitrary:t0:paligned:c1:i24,1000,arbitrary,23,0.011707553640007973,aligned,4,s2,-6.460689544677734,0.0015612698625773191,0,0
parity-0,test-entity-125,test:arbitrary:t0:paligned:c6:i25,0110,arbitrary,23,6.638543254666729e-06,aligned,4,s2,15.220569610595703,0.9999996423721313,0,1
parity-1,test-entity-126,test:arbitrary:t0:paligned:c11:i26,1101,arbitrary,23,8.927166345529258e-05,aligned,4,s2,-13.300922393798828,1.6729383105484885e-06,0,0
parity-0,test-entity-127,test:arbitrary:t0:paligned:c12:i27,0011,arbitrary,23,1.761476232786663e-05,aligned,4,s2,-22.747421264648438,1.3210510463324e-10,0,0
parity-1,test-entity-128,test:arbitrary:t0:paligned:c1:i28,1000,arbitrary,23,4.05550526920706e-05,aligned,4,s2,-14.007257461547852,8.255135526269441e-07,0,0
parity-0,test-entity-129,test:arbitrary:t0:paligned:c6:i29,0110,arbitrary,23,1.1472820915514603e-05,aligned,4,s2,-19.850284576416016,2.3940351923101844e-09,0,0
parity-1,test-entity-130,test:arbitrary:t0:paligned:c11:i30,1101,arbitrary,23,2.4446346287732013e-05,aligned,4,s2,-29.89809799194336,1.0361432848868257e-13,0,0
parity-0,test-entity-131,test:arbitrary:t0:paligned:c12:i31,0011,arbitrary,23,3.9999562432058156e-05,aligned,4,s2,-16.228946685791016,8.95070044748536e-08,0,0
parity-1,test-entity-100,test:arbitrary:t0:prandomized:c1:i0,1000,arbitrary,23,8.20590794319287e-05,randomized,4,s2,-20.7529354095459,9.707599168962133e-10,0,0
parity-0,test-entity-101,test:arbitrary:t0:prandomized:c6:i1,0110,arbitrary,23,5.3795929488842376e-06,randomized,4,s2,-30.966081619262695,3.561246011084783e-14,0,0
parity-1,test-entity-102,test:arbitrary:t0:prandomized:c11:i2,1101,arbitrary,23,0.0006568288081325591,randomized,4,s2,-24.458919525146484,2.38560941834276e-11,0,0
parity-0,test-entity-103,test:arbitrary:t0:prandomized:c12:i3,0011,arbitrary,23,0.0024534305557608604,randomized,4,s2,-8.245126724243164,0.000262465444393456,0,0
parity-1,test-entity-104,test:arbitrary:t0:prandomized:c1:i4,1000,arbitrary,23,3.5234884308010805e-06,randomized,4,s2,-18.86736297607422,6.397470553309859e-09,0,0
parity-0,test-entity-105,test:arbitrary:t0:prandomized:c6:i5,0110,arbitrary,23,6.859045970486477e-05,randomized,4,s2,-15.42519760131836,1.9994902800135606e-07,0,0
parity-1,test-entity-106,test:arbitrary:t0:prandomized:c11:i6,1101,arbitrary,23,4.8610727390041575e-06,randomized,4,s2,-20.402313232421875,1.378439140609089e-09,0,0
parity-0,test-entity-107,test:arbitrary:t0:prandomized:c12:i7,0011,arbitrary,23,2.3563557078887243e-06,randomized,4,s2,16.364503860473633,0.9999998807907104,0,1
parity-1,test-entity-108,test:arbitrary:t0:prandomized:c1:i8,1000,arbitrary,23,6.90302113071084e-06,randomized,4,s2,-22.168149948120117,2.3577317875833614e-10,0,0
parity-0,test-entity-109,test:arbitrary:t0:prandomized:c6:i9,0110,arbitrary,23,3.599935371312313e-05,randomized,4,s2,-31.217823028564453,2.7686696590424088e-14,0,0
parity-1,test-entity-110,test:arbitrary:t0:prandomized:c11:i10,1101,arbitrary,23,1.0776675480883569e-06,randomized,4,s2,-17.652671813964844,2.155469225328943e-08,0,0
parity-0,test-entity-111,test:arbitrary:t0:prandomized:c12:i11,0011,arbitrary,23,8.22035417513689e-06,randomized,4,s2,-23.041622161865234,9.843511422635842e-11,0,0
parity-1,test-entity-112,test:arbitrary:t0:prandomized:c1:i12,1000,arbitrary,23,2.10315702133812e-05,randomized,4,s2,-17.275205612182617,3.143929561133518e-08,0,0
parity-0,test-entity-113,test:arbitrary:t0:prandomized:c6:i13,0110,arbitrary,23,1.2090609743609093e-05,randomized,4,s2,-19.52994155883789,3.298025408327021e-09,0,0
parity-1,test-entity-114,test:arbitrary:t0:prandomized:c11:i14,1101,arbitrary,23,8.312739373650402e-05,randomized,4,s2,-24.200042724609375,3.0906683462506024e-11,0,0
parity-0,test-entity-115,test:arbitrary:t0:prandomized:c12:i15,0011,arbitrary,23,8.006610187294427e-06,randomized,4,s2,-18.53952407836914,8.879461610433736e-09,0,0
parity-1,test-entity-116,test:arbitrary:t0:prandomized:c1:i16,1000,arbitrary,23,2.0253788534319028e-05,randomized,4,s2,-15.378303527832031,2.0954983881438238e-07,0,0
parity-0,test-entity-117,test:arbitrary:t0:prandomized:c6:i17,0110,arbitrary,23,0.00538437906652689,randomized,4,s2,-7.359672546386719,0.0006359991966746747,0,0
parity-1,test-entity-118,test:arbitrary:t0:prandomized:c11:i18,1101,arbitrary,23,5.371580755308969e-06,randomized,4,s2,-28.911039352416992,2.780321816959336e-13,0,0
parity-0,test-entity-119,test:arbitrary:t0:prandomized:c12:i19,0011,arbitrary,23,2.292062526976224e-05,randomized,4,s2,-19.57914924621582,3.1396634181390937e-09,0,0
parity-1,test-entity-120,test:arbitrary:t0:prandomized:c1:i20,1000,arbitrary,23,8.869825978763402e-05,randomized,4,s2,-12.15789794921875,5.246738055575406e-06,0,0
parity-0,test-entity-121,test:arbitrary:t0:prandomized:c6:i21,0110,arbitrary,23,0.00025300445850007236,randomized,4,s2,-15.912525177001953,1.2281994088425563e-07,0,0
parity-1,test-entity-122,test:arbitrary:t0:prandomized:c11:i22,1101,arbitrary,23,4.9861109800986014e-06,randomized,4,s2,-28.543012619018555,4.017228715479104e-13,0,0
parity-0,test-entity-123,test:arbitrary:t0:prandomized:c12:i23,0011,arbitrary,23,4.369253019831376e-06,randomized,4,s2,-31.0384464263916,3.31264048581293e-14,0,0
parity-1,test-entity-124,test:arbitrary:t0:prandomized:c1:i24,1000,arbitrary,23,0.3111821413040161,randomized,4,s2,-2.270273208618164,0.0936124250292778,0,0
parity-0,test-entity-125,test:arbitrary:t0:prandomized:c6:i25,0110,arbitrary,23,9.467927156947553e-05,randomized,4,s2,11.940679550170898,0.999992847442627,0,1
parity-1,test-entity-126,test:arbitrary:t0:prandomized:c11:i26,1101,arbitrary,23,9.420926653547212e-05,randomized,4,s2,-13.412704467773438,1.496005211265583e-06,0,0
parity-0,test-entity-127,test:arbitrary:t0:prandomized:c12:i27,0011,arbitrary,23,6.821680472057778e-06,randomized,4,s2,-19.8144474029541,2.4813879839769015e-09,0,0
parity-1,test-entity-128,test:arbitrary:t0:prandomized:c1:i28,1000,arbitrary,23,6.26806722721085e-05,randomized,4,s2,-16.03142547607422,1.0905316827347633e-07,0,0
parity-0,test-entity-129,test:arbitrary:t0:prandomized:c6:i29,0110,arbitrary,23,1.367650202155346e-05,randomized,4,s2,-21.576475143432617,4.2604508809773733e-10,0,0
parity-1,test-entity-130,test:arbitrary:t0:prandomized:c11:i30,1101,arbitrary,23,2.400811354164034e-05,randomized,4,s2,-30.406465530395508,6.232168237420635e-14,0,0
parity-0,test-entity-131,test:arbitrary:t0:prandomized:c12:i31,0011,arbitrary,23,1.0457913958816789e-05,randomized,4,s2,-18.006399154663086,1.5132814112917004e-08,0,0
parity-1,test-entity-100,test:arbitrary:t1:paligned:c1:i0,1000,arbitrary,23,6.0020433011231944e-05,aligned,4,s2,-20.0689754486084,1.923768033762485e-09,1,0
parity-0,test-entity-101,test:arbitrary:t1:paligned:c6:i1,0110,arbitrary,23,1.8613809515954927e-05,aligned,4,s2,-31.70432472229004,1.7021062700571174e-14,1,0
parity-1,test-entity-102,test:arbitrary:t1:paligned:c11:i2,1101,arbitrary,23,0.00013736120308749378,aligned,4,s2,-23.592662811279297,5.6732476355625394e-11,1,0
parity-0,test-entity-103,test:arbitrary:t1:paligned:c12:i3,0011,arbitrary,23,5.4042215197114274e-05,aligned,4,s2,-13.249170303344727,1.7618013998799142e-06,1,0
parity-1,test-entity-104,test:arbitrary:t1:paligned:c1:i4,1000,arbitrary,23,8.50262676976854e-06,aligned,4,s2,-18.275297164916992,1.1564821988940821e-08,1,0
parity-0,test-entity-105,test:arbitrary:t1:paligned:c6:i5,0110,arbitrary,23,0.00012322816473897547,aligned,4,s2,-16.996015548706055,4.1564248931535985e-08,1,0
parity-1,test-entity-106,test:arbitrary:t1:paligned:c11:i6,1101,arbitrary,23,3.1938419851940125e-05,aligned,4,s2,-17.77104377746582,1.9148403751501064e-08,1,0
parity-0,test-entity-107,test:arbitrary:t1:paligned:c12:i7,0011,arbitrary,23,0.23106645047664642,aligned,4,s2,2.7257957458496094,0.9385266900062561,1,1
parity-1,test-entity-108,test:arbitrary:t1:paligned:c1:i8,1000,arbitrary,23,1.9619845261331648e-05,aligned,4,s2,-20.960277557373047,7.88980825117136e-10,1,0
parity-0,test-entity-109,test:arbitrary:t1:paligned:c6:i9,0110,arbitrary,23,1.4537615243170876e-05,aligned,4,s2,-27.765811920166016,8.738982302559928e-13,1,0
parity-1,test-entity-110,test:arbitrary:t1:paligned:c11:i10,1101,arbitrary,23,8.31923807709245e-06,aligned,4,s2,-17.954486846923828,1.59391486675986e-08,1,0
parity-0,test-entity-111,test:arbitrary:t1:paligned:c12:i11,0011,arbitrary,23,1.0710338756325655e-05,aligned,4,s2,-22.855300903320312,1.1859564719163274e-10,1,0
parity-1,test-entity-112,test:arbitrary:t1:paligned:c1:i12,1000,arbitrary,23,3.65139203495346e-05,aligned,4,s2,-15.895627975463867,1.249152745685933e-07,1,0
parity-0,test-entity-113,test:arbitrary:t1:paligned:c6:i13,0110,arbitrary,23,4.759196599479765e-05,aligned,4,s2,-20.434064865112305,1.3353556038708803e-09,1,0
parity-1,test-entity-114,test:arbitrary:t1:paligned:c11:i14,1101,arbitrary,23,1.127965788327856e-05,aligned,4,s2,-24.059810638427734,3.555961428092225e-11,1,0
parity-0,test-entity-115,test:arbitrary:t1:paligned:c12:i15,0011,arbitrary,23,7.599007858516416e-06,aligned,4,s2,-24.139446258544922,3.2837600694168856e-11,1,0
parity-1,test-entity-116,test:arbitrary:t1:paligned:c1:i16,1000,arbitrary,23,3.9036458474583924e-05,aligned,4,s2,-14.10153579711914,7.512416573263181e-07,1,0
parity-0,test-entity-117,test:arbitrary:t1:paligned:c6:i17,0110,arbitrary,23,3.190560528310016e-05,aligned,4,s2,-16.21410369873047,9.084551066962376e-08,1,0
parity-1,test-entity-118,test:arbitrary:t1:paligned:c11:i18,1101,arbitrary,23,1.0815212590387091e-05,aligned,4,s2,-25.99884605407715,5.114978319370467e-12,1,0
parity-0,test-entity-119,test:arbitrary:t1:paligned:c12:i19,0011,arbitrary,23,6.836811735411175e-06,aligned,4,s2,-23.407987594604492,6.824010800876579e-11,1,0
parity-1,test-entity-120,test:arbitrary:t1:paligned:c1:i20,1000,arbitrary,23,0.02085195481777191,aligned,4,s2,-5.788019180297852,0.003054661676287651,1,0
parity-0,test-entity-121,test:arbitrary:t1:paligned:c6:i21,0110,arbitrary,23,5.4122883739182726e-05,aligned,4,s2,-18.384164810180664,1.0371865144520598e-08,1,0
parity-1,test-entity-122,test:arbitrary:t1:paligned:c11:i22,1101,arbitrary,23,1.365714410894725e-06,aligned,4,s2,-27.01686668395996,1.848091341419278e-12,1,0
parity-0,test-entity-123,test:arbitrary:t1:paligned:c12:i23,0011,arbitrary,23,1.938816421898082e-05,aligned,4,s2,-31.240388870239258,2.7068901251882903e-14,1,0
parity-1,test-entity-124,test:arbitrary:t1:paligned:c1:i24,1000,arbitrary,23,0.012605201452970505,aligned,4,s2,-6.374717712402344,0.0017011952586472034,1,0
parity-0,test-entity-125,test:arbitrary:t1:paligned:c6:i25,0110,arbitrary,23,1.798970697564073e-05,aligned,4,s2,14.08237075805664,0.999998927116394,1,1
parity-1,test-entity-126,test:arbitrary:t1:paligned:c11:i26,1101,arbitrary,23,0.00012468962813727558,aligned,4,s2,-12.872859954833984,2.5667509362392593e-06,1,0
parity-0,test-entity-127,test:arbitrary:t1:paligned:c12:i27,0011,arbitrary,23,1.652134051255416e-05,aligned,4,s2,-24.21129608154297,3.0560987768213366e-11,1,0
parity-1,test-entity-128,test:arbitrary:t1:paligned:c1:i28,1000,arbitrary,23,6.20912469457835e-05,aligned,4,s2,-13.025238037109375,2.2039864688849775e-06,1,0
parity-0,test-entity-129,test:arbitrary:t1:paligned:c6:i29,0110,arbitrary,23,1.0498231858946383e-05,aligned,4,s2,-22.091859817504883,2.544641997115349e-10,1,0
parity-1,test-entity-130,test:arbitrary:t1:paligned:c11:i30,1101,arbitrary,23,3.175345409545116e-05,aligned,4,s2,-28.433269500732422,4.48319414361395e-13,1,0
parity-0,test-entity-131,test:arbitrary:t1:paligned:c12:i31,0011,arbitrary,23,2.4478640625602566e-05,aligned,4,s2,-20.02448272705078,2.0113009036037965e-09,1,0
parity-1,test-entity-100,test:arbitrary:t1:prandomized:c1:i0,1000,arbitrary,23,3.245209518354386e-05,randomized,4,s2,-20.160024642944336,1.7563529519648569e-09,1,0
parity-0,test-entity-101,test:arbitrary:t1:prandomized:c6:i1,0110,arbitrary,23,4.322506811149651e-06,randomized,4,s2,-29.685001373291016,1.28223413874487e-13,1,0
parity-1,test-entity-102,test:arbitrary:t1:prandomized:c11:i2,1101,arbitrary,23,0.00030819186940789223,randomized,4,s2,-25.327028274536133,1.0013824838783769e-11,1,0
parity-0,test-entity-103,test:arbitrary:t1:prandomized:c12:i3,0011,arbitrary,23,6.410562946257414e-06,randomized,4,s2,-17.587345123291016,2.300981272185254e-08,1,0
parity-1,test-entity-104,test:arbitrary:t1:prandomized:c1:i4,1000,arbitrary,23,6.322463264041289e-07,randomized,4,s2,-18.483394622802734,9.392122635176747e-09,1,0
parity-0,test-entity-105,test:arbitrary:t1:prandomized:c6:i5,0110,arbitrary,23,0.00010352478420827538,randomized,4,s2,-13.26971435546875,1.7259675360037363e-06,1,0
parity-1,test-entity-106,test:arbitrary:t1:prandomized:c11:i6,1101,arbitrary,23,3.4803433663910255e-06,randomized,4,s2,-22.099807739257812,2.524501441225624e-10,1,0
parity-0,test-entity-107,test:arbitrary:t1:prandomized:c12:i7,0011,arbitrary,23,0.033053651452064514,randomized,4,s2,5.235263824462891,0.994702160358429,1,1
parity-1,test-entity-108,test:arbitrary:t1:prandomized:c1:i8,1000,arbitrary,23,4.2116262193303555e-06,randomized,4,s2,-22.462406158447266,1.7567118593131426e-10,1,0
parity-0,test-entity-109,test:arbitrary:t1:prandomized:c6:i9,0110,arbitrary,23,1.125193557527382e-05,randomized,4,s2,-30.67441749572754,4.767264735099433e-14,1,0
parity-1,test-entity-110,test:arbitrary:t1:prandomized:c11:i10,1101,arbitrary,23,8.574503453928628e-07,randomized,4,s2,-18.877012252807617,6.336034363840781e-09,1,0
parity-0,test-entity-111,test:arbitrary:t1:prandomized:c12:i11,0011,arbitrary,23,5.7604111134423874e-06,randomized,4,s2,-23.463104248046875,6.4580688019511e-11,1,0
parity-1,test-entity-112,test:arbitrary:t1:prandomized:c1:i12,1000,arbitrary,23,1.7792943253880367e-05,randomized,4,s2,-16.47180938720703,7.020749137609528e-08,1,0
parity-0,test-entity-113,test:arbitrary:t1:prandomized:c6:i13,0110,arbitrary,23,9.802491149457637e-06,randomized,4,s2,-16.84636878967285,4.8274156227989806e-08,1,0
parity-1,test-entity-114,test:arbitrary:t1:prandomized:c11:i14,1101,arbitrary,23,3.628131889854558e-05,randomized,4,s2,-24.44378662109375,2.4221260414014623e-11,1,0
parity-0,test-entity-115,test:arbitrary:t1:prandomized:c12:i15,0011,arbitrary,23,4.633437129086815e-06,randomized,4,s2,-25.105459213256836,1.2497916763998251e-11,1,0
parity-1,test-entity-116,test:arbitrary:t1:prandomized:c1:i16,1000,arbitrary,23,2.1321571693988517e-05,randomized,4,s2,-14.613645553588867,4.501668797729508e-07,1,0
parity-0,test-entity-117,test:arbitrary:t1:prandomized:c6:i17,0110,arbitrary,23,4.088076457264833e-05,randomized,4,s2,-13.522605895996094,1.340310632258479e-06,1,0
parity-1,test-entity-118,test:arbitrary:t1:prandomized:c11:i18,1101,arbitrary,23,1.5798535741851083e-06,randomized,4,s2,-28.705541610717773,3.4146150533834185e-13,1,0
parity-0,test-entity-119,test:arbitrary:t1:prandomized:c12:i19,0011,arbitrary,23,9.448268428968731e-06,randomized,4,s2,-25.722686767578125,6.741842327462333e-12,1,0
parity-1,test-entity-120,test:arbitrary:t1:prandomized:c1:i20,1000,arbitrary,23,0.00012320112728048116,randomized,4,s2,-11.698148727416992,8.3091063061147e-06,1,0
parity-0,test-entity-121,test:arbitrary:t1:prandomized:c6:i21,0110,arbitrary,23,0.00029310653917491436,randomized,4,s2,-13.380489349365234,1.5449586499016732e-06,1,0
parity-1,test-entity-122,test:arbitrary:t1:prandomized:c11:i22,1101,arbitrary,23,5.8169457588519435e-06,randomized,4,s2,-28.311931610107422,5.061560437273627e-13,1,0
parity-0,test-entity-123,test:arbitrary:t1:prandomized:c12:i23,0011,arbitrary,23,1.783951688594243e-06,randomized,4,s2,-32.233821868896484,1.0023721829237504e-14,1,0
parity-1,test-entity-124,test:arbitrary:t1:prandomized:c1:i24,1000,arbitrary,23,0.24729624390602112,randomized,4,s2,-2.6262359619140625,0.06746760755777359,1,0
parity-0,test-entity-125,test:arbitrary:t1:prandomized:c6:i25,0110,arbitrary,23,0.008735354989767075,randomized,4,s2,6.800590515136719,0.9988839030265808,1,1
parity-1,test-entity-126,test:arbitrary:t1:prandomized:c11:i26,1101,arbitrary,23,2.02552619157359e-05,randomized,4,s2,-16.125370025634766,9.9275119680442e-08,1,0
parity-0,test-entity-127,test:arbitrary:t1:prandomized:c12:i27,0011,arbitrary,23,3.5934222069045063e-06,randomized,4,s2,-25.084228515625,1.276608159461734e-11,1,0
parity-1,test-entity-128,test:arbitrary:t1:prandomized:c1:i28,1000,arbitrary,23,1.6048032193793915e-05,randomized,4,s2,-14.866598129272461,3.495569274036825e-07,1,0
parity-0,test-entity-129,test:arbitrary:t1:prandomized:c6:i29,0110,arbitrary,23,2.0432062228792347e-06,randomized,4,s2,-22.68624496459961,1.404394656123742e-10,1,0
parity-1,test-entity-130,test:arbitrary:t1:prandomized:c11:i30,1101,arbitrary,23,1.5439067283296026e-05,randomized,4,s2,-30.83167266845703,4.073558642638496e-14,1,0
parity-0,test-entity-131,test:arbitrary:t1:prandomized:c12:i31,0011,arbitrary,23,1.7525983366795117e-06,randomized,4,s2,-22.37245750427246,1.9220502966987851e-10,1,0
parity-1,test-entity-100,test:arbitrary:t2:paligned:c1:i0,1000,arbitrary,23,6.5084699599538e-05,aligned,4,s2,-19.59219741821289,3.0989502075584596e-09,2,0
parity-0,test-entity-101,test:arbitrary:t2:paligned:c6:i1,0110,arbitrary,23,1.7070698959287256e-05,aligned,4,s2,-30.797164916992188,4.216585576793247e-14,2,0
parity-1,test-entity-102,test:arbitrary:t2:paligned:c11:i2,1101,arbitrary,23,0.0001429206895409152,aligned,4,s2,-22.86703109741211,1.172114350023179e-10,2,0
parity-0,test-entity-103,test:arbitrary:t2:paligned:c12:i3,0011,arbitrary,23,6.706598651362583e-05,aligned,4,s2,-12.766883850097656,2.853714931916329e-06,2,0
parity-1,test-entity-104,test:arbitrary:t2:paligned:c1:i4,1000,arbitrary,23,9.162591595668346e-06,aligned,4,s2,-17.621198654174805,2.2243865416271547e-08,2,0
parity-0,test-entity-105,test:arbitrary:t2:paligned:c6:i5,0110,arbitrary,23,0.00016083489754237235,aligned,4,s2,-14.894752502441406,3.398488388484111e-07,2,0
parity-1,test-entity-106,test:arbitrary:t2:paligned:c11:i6,1101,arbitrary,23,3.266827843617648e-05,aligned,4,s2,-16.276037216186523,8.538979301420113e-08,2,0
parity-0,test-entity-107,test:arbitrary:t2:paligned:c12:i7,0011,arbitrary,23,0.5303907990455627,aligned,4,s2,-1.2501907348632812,0.2226649671792984,2,0
parity-1,test-entity-108,test:arbitrary:t2:paligned:c1:i8,1000,arbitrary,23,2.1804688003612682e-05,aligned,4,s2,-20.697832107543945,1.0257588112239091e-09,2,0
parity-0,test-entity-109,test:arbitrary:t2:paligned:c6:i9,0110,arbitrary,23,1.5910711226752028e-05,aligned,4,s2,-26.192962646484375,4.212507512951769e-12,2,0
parity-1,test-entity-110,test:arbitrary:t2:paligned:c11:i10,1101,arbitrary,23,1.1082733180955984e-05,aligned,4,s2,-16.017759323120117,1.1055418269734218e-07,2,0
parity-0,test-entity-111,test:arbitrary:t2:paligned:c12:i11,0011,arbitrary,23,1.1107752470707055e-05,aligned,4,s2,-20.63338851928711,1.0940393035951956e-09,2,0
parity-1,test-entity-112,test:arbitrary:t2:paligned:c1:i12,1000,arbitrary,23,4.386950604384765e-05,aligned,4,s2,-14.865903854370117,3.4979890983777295e-07,2,0
parity-0,test-entity-113,test:arbitrary:t2:paligned:c6:i13,0110,arbitrary,23,4.669592090067454e-05,aligned,4,s2,-18.883018493652344,6.298071397736749e-09,2,0
parity-1,test-entity-114,test:arbitrary:t2:paligned:c11:i14,1101,arbitrary,23,1.1871855349454563e-05,aligned,4,s2,-23.14044952392578,8.917221822057897e-11,2,0
parity-0,test-entity-115,test:arbitrary:t2:paligned:c12:i15,0011,arbitrary,23,7.369614195340546e-06,aligned,4,s2,-22.77233123779297,1.288553846956475e-10,2,0
parity-1,test-entity-116,test:arbitrary:t2:paligned:c1:i16,1000,arbitrary,23,5.365371907828376e-05,aligned,4,s2,-13.256084442138672,1.7496616919743246e-06,2,0
parity-0,test-entity-117,test:arbitrary:t2:paligned:c6:i17,0110,arbitrary,23,3.1520718039246276e-05,aligned,4,s2,-15.517148971557617,1.823841415671268e-07,2,0
parity-1,test-entity-118,test:arbitrary:t2:paligned:c11:i18,1101,arbitrary,23,1.0283426490786951e-05,aligned,4,s2,-24.906068801879883,1.525567172588893e-11,2,0
parity-0,test-entity-119,test:arbitrary:t2:paligned:c12:i19,0011,arbitrary,23,6.66367532176082e-06,aligned,4,s2,-22.455642700195312,1.7686335729294456e-10,2,0
parity-1,test-entity-120,test:arbitrary:t2:paligned:c1:i20,1000,arbitrary,23,0.011085758917033672,aligned,4,s2,-6.527759552001953,0.0014601338189095259,2,0
parity-0,test-entity-121,test:arbitrary:t2:paligned:c6:i21,0110,arbitrary,23,6.794349610572681e-05,aligned,4,s2,-16.51795768737793,6.704089372533417e-08,2,0
parity-1,test-entity-122,test:arbitrary:t2:paligned:c11:i22,1101,arbitrary,23,1.366977130601299e-06,aligned,4,s2,-26.260574340820312,3.937104114948298e-12,2,0
parity-0,test-entity-123,test:arbitrary:t2:paligned:c12:i23,0011,arbitrary,23,1.6736074030632153e-05,aligned,4,s2,-30.50389862060547,5.653589169084608e-14,2,0
parity-1,test-entity-124,test:arbitrary:t2:paligned:c1:i24,1000,arbitrary,23,0.018503811210393906,aligned,4,s2,-5.926338195800781,0.002661122940480709,2,0
parity-0,test-entity-125,test:arbitrary:t2:paligned:c6:i25,0110,arbitrary,23,1.3456756278173998e-05,aligned,4,s2,14.385553359985352,0.9999991655349731,2,1
parity-1,test-entity-126,test:arbitrary:t2:paligned:c11:i26,1101,arbitrary,23,0.00042914730147458613,aligned,4,s2,-10.512998580932617,2.717985444178339e-05,2,0
parity-0,test-entity-127,test:arbitrary:t2:paligned:c12:i27,0011,arbitrary,23,1.5502286260016263e-05,aligned,4,s2,-23.56829071044922,5.813282841216072e-11,2,0
parity-1,test-entity-128,test:arbitrary:t2:paligned:c1:i28,1000,arbitrary,23,8.07313117547892e-05,aligned,4,s2,-12.54171371459961,3.5743764783546794e-06,2,0
parity-0,test-entity-129,test:arbitrary:t2:paligned:c6:i29,0110,arbitrary,23,1.388509372191038e-05,aligned,4,s2,-19.768579483032227,2.5978537099291543e-09,2,0
parity-1,test-entity-130,test:arbitrary:t2:paligned:c11:i30,1101,arbitrary,23,3.3083582820836455e-05,aligned,4,s2,-27.821374893188477,8.266640410398152e-13,2,0
parity-0,test-entity-131,test:arbitrary:t2:paligned:c12:i31,0011,arbitrary,23,3.3405314752599224e-05,aligned,4,s2,-17.270429611206055,3.158979922091021e-08,2,0
parity-1,test-entity-100,test:arbitrary:t2:prandomized:c1:i0,1000,arbitrary,23,2.7566311473492533e-05,randomized,4,s2,-20.07875633239746,1.9050490074334903e-09,2,0
parity-0,test-entity-101,test:arbitrary:t2:prandomized:c6:i1,0110,arbitrary,23,1.398327458446147e-05,randomized,4,s2,-29.694908142089844,1.2695954584949348e-13,2,0
parity-1,test-entity-102,test:arbitrary:t2:prandomized:c11:i2,1101,arbitrary,23,0.0003750776522792876,randomized,4,s2,-25.01522445678711,1.3677651025667537e-11,2,0
parity-0,test-entity-103,test:arbitrary:t2:prandomized:c12:i3,0011,arbitrary,23,0.00015778481611050665,randomized,4,s2,-11.425271987915039,1.0915962775470689e-05,2,0
parity-1,test-entity-104,test:arbitrary:t2:prandomized:c1:i4,1000,arbitrary,23,1.0537839898461243e-06,randomized,4,s2,-18.0561466217041,1.4398430003836893e-08,2,0
parity-0,test-entity-105,test:arbitrary:t2:prandomized:c6:i5,0110,arbitrary,23,0.0002139500720659271,randomized,4,s2,-12.870792388916016,2.5720435132825514e-06,2,0
parity-1,test-entity-106,test:arbitrary:t2:prandomized:c11:i6,1101,arbitrary,23,4.192928827251308e-06,randomized,4,s2,-20.752685546875,9.710083848091244e-10,2,0
parity-0,test-entity-107,test:arbitrary:t2:prandomized:c12:i7,0011,arbitrary,23,2.037497324636206e-06,randomized,4,s2,16.658082962036133,0.9999998807907104,2,1
parity-1,test-entity-108,test:arbitrary:t2:prandomized:c1:i8,1000,arbitrary,23,7.296067451534327e-06,randomized,4,s2,-22.024677276611328,2.721471659139496e-10,2,0
parity-0,test-entity-109,test:arbitrary:t2:prandomized:c6:i9,0110,arbitrary,23,4.566104325931519e-05,randomized,4,s2,-30.92538833618164,3.709143045873067e-14,2,0
parity-1,test-entity-110,test:arbitrary:t2:prandomized:c11:i10,1101,arbitrary,23,1.65130245477485e-06,randomized,4,s2,-18.275800704956055,1.1559001755756526e-08,2,0
parity-0,test-entity-111,test:arbitrary:t2:prandomized:c12:i11,0011,arbitrary,23,1.5789863027748652e-05,randomized,4,s2,-22.149585723876953,2.4019095046234895e-10,2,0
parity-1,test-entity-112,test:arbitrary:t2:prandomized:c1:i12,1000,arbitrary,23,1.3797445717500523e-05,randomized,4,s2,-16.189311981201172,9.312599047461845e-08,2,0
parity-0,test-entity-113,test:arbitrary:t2:prandomized:c6:i13,0110,arbitrary,23,2.5856956199277192e-05,randomized,4,s2,-16.39374542236328,7.590775652488446e-08,2,0
parity-1,test-entity-114,test:arbitrary:t2:prandomized:c11:i14,1101,arbitrary,23,5.738982144976035e-05,randomized,4,s2,-24.14760971069336,3.257053307614832e-11,2,0
parity-0,test-entity-115,test:arbitrary:t2:prandomized:c12:i15,0011,arbitrary,23,1.1399422874092124e-05,randomized,4,s2,-19.390838623046875,3.7902272431722395e-09,2,0
parity-1,test-entity-116,test:arbitrary:t2:prandomized:c1:i16,1000,arbitrary,23,3.299525997135788e-05,randomized,4,s2,-13.743753433227539,1.0743917755462462e-06,2,0
parity-0,test-entity-117,test:arbitrary:t2:prandomized:c6:i17,0110,arbitrary,23,0.10976534336805344,randomized,4,s2,-3.7489852905273438,0.022999674081802368,2,0
parity-1,test-entity-118,test:arbitrary:t2:prandomized:c11:i18,1101,arbitrary,23,2.1268992895784322e-06,randomized,4,s2,-28.531410217285156,4.064110972670093e-13,2,0
parity-0,test-entity-119,test:arbitrary:t2:prandomized:c12:i19,0011,arbitrary,23,3.8248850614763796e-05,randomized,4,s2,-19.19139289855957,4.62682336888065e-09,2,0
parity-1,test-entity-120,test:arbitrary:t2:prandomized:c1:i20,1000,arbitrary,23,8.824506221571937e-05,randomized,4,s2,-12.206075668334961,4.999954853701638e-06,2,0
parity-0,test-entity-121,test:arbitrary:t2:prandomized:c6:i21,0110,arbitrary,23,0.0006309904856607318,randomized,4,s2,-13.952777862548828,8.716868933333899e-07,2,0
parity-1,test-entity-122,test:arbitrary:t2:prandomized:c11:i22,1101,arbitrary,23,5.455625341710402e-06,randomized,4,s2,-28.131690979003906,6.0612485083128e-13,2,0
parity-0,test-entity-123,test:arbitrary:t2:prandomized:c12:i23,0011,arbitrary,23,6.021758508722996e-06,randomized,4,s2,-30.484697341918945,5.76320268634925e-14,2,0
parity-1,test-entity-124,test:arbitrary:t2:prandomized:c1:i24,1000,arbitrary,23,0.5052717924118042,randomized,4,s2,-1.366098403930664,0.20324455201625824,2,0
parity-0,test-entity-125,test:arbitrary:t2:prandomized:c6:i25,0110,arbitrary,23,0.000753746076952666,randomized,4,s2,9.634632110595703,0.9999306201934814,2,1
parity-1,test-entity-126,test:arbitrary:t2:prandomized:c11:i26,1101,arbitrary,23,3.143430149066262e-05,randomized,4,s2,-14.936376571655273,3.259968650581868e-07,2,0
parity-0,test-entity-127,test:arbitrary:t2:prandomized:c12:i27,0011,arbitrary,23,9.68119638855569e-06,randomized,4,s2,-20.715892791748047,1.007400052266405e-09,2,0
parity-1,test-entity-128,test:arbitrary:t2:prandomized:c1:i28,1000,arbitrary,23,3.3333199098706245e-05,randomized,4,s2,-13.570371627807617,1.277796059184766e-06,2,0
parity-0,test-entity-129,test:arbitrary:t2:prandomized:c6:i29,0110,arbitrary,23,1.1532986718520988e-05,randomized,4,s2,-20.830289840698242,8.985031052510806e-10,2,0
parity-1,test-entity-130,test:arbitrary:t2:prandomized:c11:i30,1101,arbitrary,23,1.71104784385534e-05,randomized,4,s2,-29.39259910583496,1.7177340279339592e-13,2,0
parity-0,test-entity-131,test:arbitrary:t2:prandomized:c12:i31,0011,arbitrary,23,7.057593848003307e-06,randomized,4,s2,-20.15068817138672,1.7728311041409484e-09,2,0
parity-1,test-entity-100,test:arbitrary:t3:paligned:c1:i0,1000,arbitrary,23,5.969268022454344e-05,aligned,4,s2,-20.09577751159668,1.8728916195698275e-09,3,0
parity-0,test-entity-101,test:arbitrary:t3:paligned:c6:i1,0110,arbitrary,23,1.226470158144366e-05,aligned,4,s2,-32.51268005371094,7.584424489273309e-15,3,0
parity-1,test-entity-102,test:arbitrary:t3:paligned:c11:i2,1101,arbitrary,23,0.00013374836998991668,aligned,4,s2,-24.422040939331055,2.475353255704249e-11,3,0
parity-0,test-entity-103,test:arbitrary:t3:paligned:c12:i3,0011,arbitrary,23,0.1835339069366455,aligned,4,s2,-3.0561370849609375,0.04495273157954216,3,0
parity-1,test-entity-104,test:arbitrary:t3:paligned:c1:i4,1000,arbitrary,23,9.48370507103391e-06,aligned,4,s2,-18.535003662109375,8.919688987418795e-09,3,0
parity-0,test-entity-105,test:arbitrary:t3:paligned:c6:i5,0110,arbitrary,23,5.77261635044124e-05,aligned,4,s2,-18.203540802001953,1.2425128481652337e-08,3,0
parity-1,test-entity-106,test:arbitrary:t3:paligned:c11:i6,1101,arbitrary,23,2.074666554108262e-05,aligned,4,s2,-17.460176467895508,2.6130084762598926e-08,3,0
parity-0,test-entity-107,test:arbitrary:t3:paligned:c12:i7,0011,arbitrary,23,0.023984620347619057,aligned,4,s2,5.617847442626953,0.9963790774345398,3,1
parity-1,test-entity-108,test:arbitrary:t3:paligned:c1:i8,1000,arbitrary,23,2.1407851818366908e-05,aligned,4,s2,-21.44341468811035,4.866789748980693e-10,3,0
parity-0,test-entity-109,test:arbitrary:t3:paligned:c6:i9,0110,arbitrary,23,8.772982255322859e-06,aligned,4,s2,-28.882225036621094,2.8615968644153666e-13,3,0
parity-1,test-entity-110,test:arbitrary:t3:paligned:c11:i10,1101,arbitrary,23,6.384186235663947e-06,aligned,4,s2,-18.53043556213379,8.960538089297643e-09,3,0
parity-0,test-entity-111,test:arbitrary:t3:paligned:c12:i11,0011,arbitrary,23,8.928785973694175e-06,aligned,4,s2,-24.919048309326172,1.5058931532307973e-11,3,0
parity-1,test-entity-112,test:arbitrary:t3:paligned:c1:i12,1000,arbitrary,23,3.940163878723979e-05,aligned,4,s2,-16.485523223876953,6.925112927547161e-08,3,0
parity-0,test-entity-113,test:arbitrary:t3:paligned:c6:i13,0110,arbitrary,23,2.4275897885672748e-05,aligned,4,s2,-21.870838165283203,3.174057405797015e-10,3,0
parity-1,test-entity-114,test:arbitrary:t3:paligned:c11:i14,1101,arbitrary,23,8.969970622274559e-06,aligned,4,s2,-24.94649887084961,1.4651202126514384e-11,3,0
parity-0,test-entity-115,test:arbitrary:t3:paligned:c12:i15,0011,arbitrary,23,6.238338301045587e-06,aligned,4,s2,-25.40481948852539,9.26461338202067e-12,3,0
parity-1,test-entity-116,test:arbitrary:t3:paligned:c1:i16,1000,arbitrary,23,3.708287113113329e-05,aligned,4,s2,-14.272972106933594,6.328868948912714e-07,3,0
parity-0,test-entity-117,test:arbitrary:t3:paligned:c6:i17,0110,arbitrary,23,1.8744862245512195e-05,aligned,4,s2,-16.978435516357422,4.23017532114045e-08,3,0
parity-1,test-entity-118,test:arbitrary:t3:paligned:c11:i18,1101,arbitrary,23,7.68833160691429e-06,aligned,4,s2,-27.26654052734375,1.4397644318084324e-12,3,0
parity-0,test-entity-119,test:arbitrary:t3:paligned:c12:i19,0011,arbitrary,23,5.251453330856748e-06,aligned,4,s2,-23.442184448242188,6.594597784514988e-11,3,0
parity-1,test-entity-120,test:arbitrary:t3:paligned:c1:i20,1000,arbitrary,23,0.0035086404532194138,aligned,4,s2,-7.849763870239258,0.00038969062734395266,3,0
parity-0,test-entity-121,test:arbitrary:t3:paligned:c6:i21,0110,arbitrary,23,3.4672251786105335e-05,aligned,4,s2,-18.770414352416992,7.04874336676653e-09,3,0
parity-1,test-entity-122,test:arbitrary:t3:paligned:c11:i22,1101,arbitrary,23,1.2152485169281135e-06,aligned,4,s2,-27.924007415771484,7.460316544215251e-13,3,0
parity-0,test-entity-123,test:arbitrary:t3:paligned:c12:i23,0011,arbitrary,23,1.6094878446892835e-05,aligned,4,s2,-32.04704666137695,1.20821364049087e-14,3,0
parity-1,test-entity-124,test:arbitrary:t3:paligned:c1:i24,1000,arbitrary,23,0.00684238038957119,aligned,4,s2,-7.080232620239258,0.0008408668218180537,3,0
parity-0,test-entity-125,test:arbitrary:t3:paligned:c6:i25,0110,arbitrary,23,1.1221534805372357e-05,aligned,4,s2,14.611078262329102,0.9999992847442627,3,1
parity-1,test-entity-126,test:arbitrary:t3:paligned:c11:i26,1101,arbitrary,23,0.00018971000099554658,aligned,4,s2,-11.518217086791992,9.947072612703778e-06,3,0
parity-0,test-entity-127,test:arbitrary:t3:paligned:c12:i27,0011,arbitrary,23,1.3258008038974367e-05,aligned,4,s2,-25.077804565429688,1.2848364733253348e-11,3,0
parity-1,test-entity-128,test:arbitrary:t3:paligned:c1:i28,1000,arbitrary,23,3.559702599886805e-05,aligned,4,s2,-14.281719207763672,6.273745043472445e-07,3,0
parity-0,test-entity-129,test:arbitrary:t3:paligned:c6:i29,0110,arbitrary,23,5.546620741370134e-06,aligned,4,s2,-23.205768585205078,8.353383262882375e-11,3,0
parity-1,test-entity-130,test:arbitrary:t3:paligned:c11:i30,1101,arbitrary,23,2.7555643100640737e-05,aligned,4,s2,-29.626449584960938,1.3595507640691562e-13,3,0
parity-0,test-entity-131,test:arbitrary:t3:paligned:c12:i31,0011,arbitrary,23,1.9007666196557693e-05,aligned,4,s2,-19.990432739257812,2.0809656220421857e-09,3,0
parity-1,test-entity-100,test:arbitrary:t3:prandomized:c1:i0,1000,arbitrary,23,6.811273487983271e-05,randomized,4,s2,-21.739927291870117,3.61799118442363e-10,3,0
parity-0,test-entity-101,test:arbitrary:t3:prandomized:c6:i1,0110,arbitrary,23,9.547666195430793e-06,randomized,4,s2,-32.32301712036133,9.168364242177589e-15,3,0
parity-1,test-entity-102,test:arbitrary:t3:prandomized:c11:i2,1101,arbitrary,23,0.0031628275755792856,randomized,4,s2,-24.52762222290039,2.226564072005388e-11,3,0
parity-0,test-entity-103,test:arbitrary:t3:prandomized:c12:i3,0011,arbitrary,23,3.2044558793131728e-06,randomized,4,s2,-20.48099136352539,1.2741430133189624e-09,3,0
parity-1,test-entity-104,test:arbitrary:t3:prandomized:c1:i4,1000,arbitrary,23,7.364827069977764e-06,randomized,4,s2,-19.43050193786621,3.6428413618949662e-09,3,0
parity-0,test-entity-105,test:arbitrary:t3:prandomized:c6:i5,0110,arbitrary,23,1.820851866796147e-05,randomized,4,s2,-19.568195343017578,3.1742435346870934e-09,3,0
parity-1,test-entity-106,test:arbitrary:t3:prandomized:c11:i6,1101,arbitrary,23,1.184281336463755e-05,randomized,4,s2,-21.29530143737793,5.643748801631432e-10,3,0
parity-0,test-entity-107,test:arbitrary:t3:prandomized:c12:i7,0011,arbitrary,23,5.1603419706225395e-06,randomized,4,s2,14.984477996826172,0.9999996423721313,3,1
parity-1,test-entity-108,test:arbitrary:t3:prandomized:c1:i8,1000,arbitrary,23,2.1001782442908734e-05,randomized,4,s2,-23.293439865112305,7.652203176666816e-11,3,0
parity-0,test-entity-109,test:arbitrary:t3:prandomized:c6:i9,0110,arbitrary,23,0.000146501261042431,randomized,4,s2,-28.8813533782959,2.8640623401555987e-13,3,0
parity-1,test-entity-110,test:arbitrary:t3:prandomized:c11:i10,1101,arbitrary,23,1.0839620699698571e-05,randomized,4,s2,-16.016231536865234,1.1072328476302573e-07,3,0
parity-0,test-entity-111,test:arbitrary:t3:prandomized:c12:i11,0011,arbitrary,23,7.063707016641274e-06,randomized,4,s2,-27.350914001464844,1.3232720041250756e-12,3,0
parity-1,test-entity-112,test:arbitrary:t3:prandomized:c1:i12,1000,arbitrary,23,4.632403943105601e-05,randomized,4,s2,-19.11574935913086,4.99038810275465e-09,3,0
parity-0,test-entity-113,test:arbitrary:t3:prandomized:c6:i13,0110,arbitrary,23,9.237318408850115e-06,randomized,4,s2,-21.805452346801758,3.388534453030445e-10,3,0
parity-1,test-entity-114,test:arbitrary:t3:prandomized:c11:i14,1101,arbitrary,23,9.177668107440695e-05,randomized,4,s2,-24.844125747680664,1.6230452745680246e-11,3,0
parity-0,test-entity-115,test:arbitrary:t3:prandomized:c12:i15,0011,arbitrary,23,7.10904805600876e-06,randomized,4,s2,-21.931577682495117,2.987010916388755e-10,3,0
parity-1,test-entity-116,test:arbitrary:t3:prandomized:c1:i16,1000,arbitrary,23,3.175828169332817e-05,randomized,4,s2,-15.125560760498047,2.698058665373537e-07,3,0
parity-0,test-entity-117,test:arbitrary:t3:prandomized:c6:i17,0110,arbitrary,23,5.306369075697148e-06,randomized,4,s2,-20.378076553344727,1.4122570890506836e-09,3,0
parity-1,test-entity-118,test:arbitrary:t3:prandomized:c11:i18,1101,arbitrary,23,9.938510629581288e-06,randomized,4,s2,-28.042251586914062,6.628336117822653e-13,3,0
parity-0,test-entity-119,test:arbitrary:t3:prandomized:c12:i19,0011,arbitrary,23,4.7896664909785613e-05,randomized,4,s2,-25.307064056396484,1.021597910433325e-11,3,0
parity-1,test-entity-120,test:arbitrary:t3:prandomized:c1:i20,1000,arbitrary,23,7.373205153271556e-05,randomized,4,s2,-12.664228439331055,3.1622305414202856e-06,3,0
parity-0,test-entity-121,test:arbitrary:t3:prandomized:c6:i21,0110,arbitrary,23,0.001591212465427816,randomized,4,s2,-10.802499771118164,2.0345380107755773e-05,3,0
parity-1,test-entity-122,test:arbitrary:t3:prandomized:c11:i22,1101,arbitrary,23,2.2278303731582128e-05,randomized,4,s2,-28.44948387145996,4.411081417667051e-13,3,0
parity-0,test-entity-123,test:arbitrary:t3:prandomized:c12:i23,0011,arbitrary,23,7.764266229060013e-06,randomized,4,s2,-32.23239517211914,1.0038040074177891e-14,3,0
parity-1,test-entity-124,test:arbitrary:t3:prandomized:c1:i24,1000,arbitrary,23,0.02589462883770466,randomized,4,s2,-5.530923843383789,0.003946657758206129,3,0
parity-0,test-entity-125,test:arbitrary:t3:prandomized:c6:i25,0110,arbitrary,23,0.0029063010588288307,randomized,4,s2,8.062337875366211,0.9996815919876099,3,1
parity-1,test-entity-126,test:arbitrary:t3:prandomized:c11:i26,1101,arbitrary,23,4.603499473887496e-05,randomized,4,s2,-17.00918960571289,4.1020513208422926e-08,3,0
parity-0,test-entity-127,test:arbitrary:t3:prandomized:c12:i27,0011,arbitrary,23,1.0567974641162436e-05,randomized,4,s2,-25.920536041259766,5.531642852107943e-12,3,0
parity-1,test-entity-128,test:arbitrary:t3:prandomized:c1:i28,1000,arbitrary,23,2.2493082724395208e-05,randomized,4,s2,-15.988492965698242,1.1383747278159717e-07,3,0
parity-0,test-entity-129,test:arbitrary:t3:prandomized:c6:i29,0110,arbitrary,23,3.7038892060081707e-06,randomized,4,s2,-24.51535415649414,2.254846136195976e-11,3,0
parity-1,test-entity-130,test:arbitrary:t3:prandomized:c11:i30,1101,arbitrary,23,2.2174021069076844e-05,randomized,4,s2,-31.481653213500977,2.126628341199248e-14,3,0
parity-0,test-entity-131,test:arbitrary:t3:prandomized:c12:i31,0011,arbitrary,23,8.93858668860048e-06,randomized,4,s2,-24.498491287231445,2.2931882087684485e-11,3,0
