correct,example_id,failure_reason,label,model_seed,oracle_substitution,prediction,split,stage,target,target_margin,template,unrestricted_correct,unrestricted_prediction
1,P2:validation:63,,modus_tollens:invalid,11,,61,validation,P2,61,20.355311691761017,mt_rule_direction,1,61
1,P2:validation:656,,contraposition:valid,11,,60,validation,P2,60,7.971010208129883,cp_consequent_polarity,1,60
1,P2:validation:121,,modus_tollens:invalid,11,,61,validation,P2,61,31.31834840774536,mt_fact_polarity,1,61
1,P2:validation:225,,contraposition:invalid,11,,61,validation,P2,61,15.857651710510254,cp_consequent_polarity,1,61
1,P2:validation:489,,contraposition:invalid,11,,61,validation,P2,61,26.63015341758728,cp_consequent_polarity,1,61
1,P2:validation:353,,modus_tollens:invalid,11,,61,validation,P2,61,31.78186559677124,mt_query_polarity,1,61
1,P2:validation:193,,modus_tollens:invalid,11,,61,validation,P2,61,29.996026515960693,mt_fact_polarity,1,61
1,P2:validation:593,,modus_tollens:invalid,11,,61,validation,P2,61,24.924626011401415,mt_query_polarity,1,61
1,P2:validation:546,,contraposition:valid,11,,60,validation,P2,60,17.24817419052124,cp_antecedent_polarity,1,60
1,P2:validation:180,,modus_tollens:valid,11,,60,validation,P2,60,10.28905200958252,mt_fact_polarity,1,60
1,P2:validation:669,,contraposition:invalid,11,,61,validation,P2,61,15.184747695922852,cp_consequent_polarity,1,61
1,P2:validation:528,,modus_tollens:valid,11,,60,validation,P2,60,10.28905200958252,mt_fact_polarity,1,60
1,P2:validation:111,,modus_tollens:invalid,11,,61,validation,P2,61,25.368178367614746,mt_rule_direction,1,61
1,P2:validation:766,,contraposition:valid,11,,60,validation,P2,60,19.88583731651306,cp_direction,1,60
1,P2:validation:95,,contraposition:invalid,11,,61,validation,P2,61,29.37657880783081,cp_direction,1,61
1,P2:validation:89,,modus_tollens:invalid,11,,61,validation,P2,61,32.31149864196777,mt_query_polarity,1,61
1,P2:validation:81,,contraposition:invalid,11,,61,validation,P2,61,25.95733666419983,cp_consequent_polarity,1,61
1,P2:validation:342,,contraposition:valid,11,,60,validation,P2,60,19.340752959251404,cp_antecedent_polarity,1,60
1,P2:validation:711,,modus_tollens:invalid,11,,61,validation,P2,61,19.52394437789917,mt_rule_direction,1,61
1,P2:validation:677,,modus_tollens:invalid,11,,61,validation,P2,61,30.13945436477661,mt_query_polarity,1,61
1,P2:validation:213,,contraposition:invalid,11,,61,validation,P2,61,14.297282218933105,cp_consequent_polarity,1,61
1,P2:validation:328,,modus_tollens:valid,11,,60,validation,P2,60,8.311153411865234,mt_query_polarity,1,60
1,P2:validation:9,,contraposition:invalid,11,,61,validation,P2,61,13.7355318069458,cp_consequent_polarity,1,61
1,P2:validation:341,,modus_tollens:invalid,11,,61,validation,P2,61,28.009381532669067,mt_query_polarity,1,61
1,P2:validation:80,,contraposition:valid,11,,60,validation,P2,60,15.362256526947021,cp_consequent_polarity,1,60
1,P2:validation:495,,modus_tollens:invalid,11,,61,validation,P2,61,10.379942893981934,mt_rule_direction,1,61
1,P2:validation:745,,modus_tollens:invalid,11,,61,validation,P2,61,31.335947036743164,mt_fact_polarity,1,61
1,P2:validation:701,,modus_tollens:invalid,11,,61,validation,P2,61,30.671387195587158,mt_query_polarity,1,61
1,P2:validation:740,,contraposition:valid,11,,60,validation,P2,60,15.201273918151855,cp_consequent_polarity,1,60
1,P2:validation:218,,modus_tollens:valid,11,,60,validation,P2,60,15.165575504302979,mt_rule_direction,1,60
1,P2:validation:82,,contraposition:valid,11,,60,validation,P2,60,20.359777212142944,cp_direction,1,60
1,P2:validation:152,,contraposition:valid,11,,60,validation,P2,60,21.176122307777405,cp_consequent_polarity,1,60
1,P2:validation:563,,contraposition:invalid,11,,61,validation,P2,61,28.089041233062744,cp_direction,1,61
1,P2:validation:139,,contraposition:invalid,11,,61,validation,P2,61,25.77210235595703,cp_antecedent_polarity,1,61
1,P2:validation:202,,contraposition:valid,11,,60,validation,P2,60,8.787224769592285,cp_direction,1,60
1,P2:validation:431,,contraposition:invalid,11,,61,validation,P2,61,20.97550129890442,cp_direction,1,61
1,P2:validation:453,,contraposition:invalid,11,,61,validation,P2,61,15.742294311523438,cp_consequent_polarity,1,61
1,P2:validation:125,,modus_tollens:invalid,11,,61,validation,P2,61,31.30494976043701,mt_query_polarity,1,61
1,P2:validation:754,,contraposition:valid,11,,60,validation,P2,60,18.428967237472534,cp_direction,1,60
1,P2:validation:183,,modus_tollens:invalid,11,,61,validation,P2,61,6.775835037231445,mt_rule_direction,1,61
1,P2:validation:347,,contraposition:invalid,11,,61,validation,P2,61,30.506946563720703,cp_direction,1,61
1,P2:validation:206,,modus_tollens:valid,11,,60,validation,P2,60,8.1921968460083,mt_rule_direction,1,60
1,P2:validation:321,,contraposition:invalid,11,,61,validation,P2,61,13.291393756866455,cp_consequent_polarity,1,61
1,P2:validation:34,,contraposition:valid,11,,60,validation,P2,60,13.538457870483398,cp_direction,1,60
1,P2:validation:731,,contraposition:invalid,11,,61,validation,P2,61,14.6836519241333,cp_direction,1,61
1,P2:validation:28,,modus_tollens:valid,11,,60,validation,P2,60,13.102136135101318,mt_query_polarity,1,60
1,P2:validation:162,,contraposition:valid,11,,60,validation,P2,60,18.67569100856781,cp_antecedent_polarity,1,60
1,P2:validation:51,,modus_tollens:invalid,11,,61,validation,P2,61,22.578379571437836,mt_rule_direction,1,61
1,P2:validation:695,,contraposition:invalid,11,,61,validation,P2,61,29.835599422454834,cp_direction,1,61
1,P2:validation:527,,contraposition:invalid,11,,61,validation,P2,61,26.468489408493042,cp_direction,1,61
1,P2:validation:23,,contraposition:invalid,11,,61,validation,P2,61,13.031327247619629,cp_direction,1,61
1,P2:validation:577,,modus_tollens:invalid,11,,61,validation,P2,61,31.3157320022583,mt_fact_polarity,1,61
1,P2:validation:560,,contraposition:valid,11,,60,validation,P2,60,17.345850706100464,cp_consequent_polarity,1,60
1,P2:validation:463,,contraposition:invalid,11,,61,validation,P2,61,18.042177200317383,cp_antecedent_polarity,1,61
1,P2:validation:244,,modus_tollens:valid,11,,60,validation,P2,60,11.325035572052002,mt_query_polarity,1,60
1,P2:validation:483,,modus_tollens:invalid,11,,61,validation,P2,61,20.515883684158325,mt_rule_direction,1,61
1,P2:validation:131,,contraposition:invalid,11,,61,validation,P2,61,29.072945594787598,cp_direction,1,61
1,P2:validation:185,,modus_tollens:invalid,11,,61,validation,P2,61,30.307471752166748,mt_query_polarity,1,61
1,P2:validation:713,,modus_tollens:invalid,11,,61,validation,P2,61,28.86759090423584,mt_query_polarity,1,61
1,P2:validation:173,,modus_tollens:invalid,11,,61,validation,P2,61,30.30242681503296,mt_query_polarity,1,61
1,P2:validation:652,,modus_tollens:valid,11,,60,validation,P2,60,12.779743671417236,mt_query_polarity,1,60
1,P2:validation:133,,modus_tollens:invalid,11,,61,validation,P2,61,23.925590217113495,mt_fact_polarity,1,61
1,P2:validation:556,,modus_tollens:valid,11,,60,validation,P2,60,12.386549472808838,mt_query_polarity,1,60
1,P2:validation:404,,contraposition:valid,11,,60,validation,P2,60,18.991215229034424,cp_consequent_polarity,1,60
1,P2:validation:613,,modus_tollens:invalid,11,,61,validation,P2,61,26.038384079933167,mt_fact_polarity,1,61
1,P2:validation:617,,modus_tollens:invalid,11,,61,validation,P2,61,27.33367943763733,mt_query_polarity,1,61
1,P2:validation:419,,contraposition:invalid,11,,61,validation,P2,61,25.31526470184326,cp_direction,1,61
1,P2:validation:312,,modus_tollens:valid,11,,60,validation,P2,60,12.65036916732788,mt_fact_polarity,1,60
1,P2:validation:134,,modus_tollens:valid,11,,60,validation,P2,60,9.790910243988037,mt_rule_direction,1,60
1,P2:validation:507,,modus_tollens:invalid,11,,61,validation,P2,61,11.848525047302246,mt_rule_direction,1,61
1,P2:validation:357,,contraposition:invalid,11,,61,validation,P2,61,17.826308727264404,cp_consequent_polarity,1,61
1,P2:validation:524,,contraposition:valid,11,,60,validation,P2,60,21.458441138267517,cp_consequent_polarity,1,60
1,P2:validation:249,,contraposition:invalid,11,,61,validation,P2,61,21.168086051940918,cp_consequent_polarity,1,61
1,P2:validation:375,,modus_tollens:invalid,11,,61,validation,P2,61,21.575442910194397,mt_rule_direction,1,61
1,P2:validation:516,,modus_tollens:valid,11,,60,validation,P2,60,10.611877918243408,mt_fact_polarity,1,60
1,P2:validation:275,,contraposition:invalid,11,,61,validation,P2,61,31.236574172973633,cp_direction,1,61
1,P2:validation:634,,contraposition:valid,11,,60,validation,P2,60,19.510632753372192,cp_direction,1,60
1,P2:validation:384,,modus_tollens:valid,11,,60,validation,P2,60,17.40821623802185,mt_fact_polarity,1,60
1,P2:validation:698,,modus_tollens:valid,11,,60,validation,P2,60,11.325035572052002,mt_rule_direction,1,60
1,P2:validation:428,,contraposition:valid,11,,60,validation,P2,60,19.578927516937256,cp_consequent_polarity,1,60
1,P2:validation:598,,contraposition:valid,11,,60,validation,P2,60,20.569174826145172,cp_direction,1,60
1,P2:validation:222,,contraposition:valid,11,,60,validation,P2,60,23.35636067390442,cp_antecedent_polarity,1,60
1,P2:validation:250,,contraposition:valid,11,,60,validation,P2,60,15.509291410446167,cp_direction,1,60
1,P2:validation:296,,contraposition:valid,11,,60,validation,P2,60,17.76075053215027,cp_consequent_polarity,1,60
1,P2:validation:432,,modus_tollens:valid,11,,60,validation,P2,60,15.953002452850342,mt_fact_polarity,1,60
1,P2:validation:113,,modus_tollens:invalid,11,,61,validation,P2,61,25.231777787208557,mt_query_polarity,1,61
1,P2:validation:484,,modus_tollens:valid,11,,60,validation,P2,60,8.718117713928223,mt_query_polarity,1,60
1,P2:validation:363,,modus_tollens:invalid,11,,61,validation,P2,61,13.852203845977783,mt_rule_direction,1,61
1,P2:validation:612,,modus_tollens:valid,11,,60,validation,P2,60,12.050911903381348,mt_fact_polarity,1,60
1,P2:validation:505,,modus_tollens:invalid,11,,61,validation,P2,61,26.936583757400513,mt_fact_polarity,1,61
1,P2:validation:226,,contraposition:valid,11,,60,validation,P2,60,22.546316146850586,cp_direction,1,60
1,P2:validation:83,,contraposition:invalid,11,,61,validation,P2,61,29.072945594787598,cp_direction,1,61
1,P2:validation:706,,contraposition:valid,11,,60,validation,P2,60,22.043054580688477,cp_direction,1,60
1,P2:validation:331,,contraposition:invalid,11,,61,validation,P2,61,22.64369535446167,cp_antecedent_polarity,1,61
1,P2:validation:177,,contraposition:invalid,11,,61,validation,P2,61,25.458923816680908,cp_consequent_polarity,1,61
1,P2:validation:101,,modus_tollens:invalid,11,,61,validation,P2,61,30.048420906066895,mt_query_polarity,1,61
1,P2:validation:124,,modus_tollens:valid,11,,60,validation,P2,60,11.727915287017822,mt_query_polarity,1,60
1,P2:validation:0,,modus_tollens:valid,11,,60,validation,P2,60,13.008142948150635,mt_fact_polarity,1,60
1,P2:validation:655,,contraposition:invalid,11,,61,validation,P2,61,22.2868754863739,cp_antecedent_polarity,1,61
1,P2:validation:74,,modus_tollens:valid,11,,60,validation,P2,60,11.727915287017822,mt_rule_direction,1,60
1,P2:validation:27,,modus_tollens:invalid,11,,61,validation,P2,61,23.49820187687874,mt_rule_direction,1,61
1,P2:validation:199,,contraposition:invalid,11,,61,validation,P2,61,24.529712557792664,cp_antecedent_polarity,1,61
1,P2:validation:42,,contraposition:valid,11,,60,validation,P2,60,19.638782113790512,cp_antecedent_polarity,1,60
1,P2:validation:57,,contraposition:invalid,11,,61,validation,P2,61,24.034932613372803,cp_consequent_polarity,1,61
1,P2:validation:726,,contraposition:valid,11,,60,validation,P2,60,22.709946870803833,cp_antecedent_polarity,1,60
1,P2:validation:217,,modus_tollens:invalid,11,,61,validation,P2,61,32.31857919692993,mt_fact_polarity,1,61
1,P2:validation:187,,contraposition:invalid,11,,61,validation,P2,61,15.245073795318604,cp_antecedent_polarity,1,61
1,P2:validation:610,,contraposition:valid,11,,60,validation,P2,60,20.956783890724182,cp_direction,1,60
1,P2:validation:694,,contraposition:valid,11,,60,validation,P2,60,22.90640616416931,cp_direction,1,60
1,P2:validation:58,,contraposition:valid,11,,60,validation,P2,60,23.063358664512634,cp_direction,1,60
1,P2:validation:91,,contraposition:invalid,11,,61,validation,P2,61,24.6214382648468,cp_antecedent_polarity,1,61
1,P2:validation:446,,modus_tollens:valid,11,,60,validation,P2,60,14.902343034744263,mt_rule_direction,1,60
1,P2:validation:360,,modus_tollens:valid,11,,60,validation,P2,60,12.821621894836426,mt_fact_polarity,1,60
1,P2:validation:430,,contraposition:valid,11,,60,validation,P2,60,24.306821584701538,cp_direction,1,60
1,P2:validation:165,,contraposition:invalid,11,,61,validation,P2,61,21.582229137420654,cp_consequent_polarity,1,61
1,P2:validation:56,,contraposition:valid,11,,60,validation,P2,60,19.39064931869507,cp_consequent_polarity,1,60
1,P2:validation:307,,contraposition:invalid,11,,61,validation,P2,61,23.14858329296112,cp_antecedent_polarity,1,61
1,P2:validation:19,,contraposition:invalid,11,,61,validation,P2,61,19.090913772583008,cp_antecedent_polarity,1,61
1,P2:validation:684,,modus_tollens:valid,11,,60,validation,P2,60,9.78297233581543,mt_fact_polarity,1,60
1,P2:validation:179,,contraposition:invalid,11,,61,validation,P2,61,27.23814618587494,cp_direction,1,61
1,P2:validation:552,,modus_tollens:valid,11,,60,validation,P2,60,14.970953941345215,mt_fact_polarity,1,60
1,P2:validation:229,,modus_tollens:invalid,11,,61,validation,P2,61,31.31861114501953,mt_fact_polarity,1,61
1,P2:validation:79,,contraposition:invalid,11,,61,validation,P2,61,23.01119637489319,cp_antecedent_polarity,1,61
1,P2:validation:88,,modus_tollens:valid,11,,60,validation,P2,60,11.735770225524902,mt_query_polarity,1,60
1,P2:validation:159,,modus_tollens:invalid,11,,61,validation,P2,61,22.091694831848145,mt_rule_direction,1,61
1,P2:validation:284,,contraposition:valid,11,,60,validation,P2,60,20.410199284553528,cp_consequent_polarity,1,60
1,P2:validation:554,,modus_tollens:valid,11,,60,validation,P2,60,11.727914810180664,mt_rule_direction,1,60
1,P2:validation:536,,contraposition:valid,11,,60,validation,P2,60,14.677858352661133,cp_consequent_polarity,1,60
1,P2:validation:270,,contraposition:valid,11,,60,validation,P2,60,18.73444390296936,cp_antecedent_polarity,1,60
1,P2:validation:337,,modus_tollens:invalid,11,,61,validation,P2,61,31.34147548675537,mt_fact_polarity,1,61
1,P2:validation:764,,contraposition:valid,11,,60,validation,P2,60,21.01465878635645,cp_consequent_polarity,1,60
1,P2:validation:481,,modus_tollens:invalid,11,,61,validation,P2,61,31.44123077392578,mt_fact_polarity,1,61
1,P2:validation:397,,modus_tollens:invalid,11,,61,validation,P2,61,25.727544486522675,mt_fact_polarity,1,61
1,P2:validation:492,,modus_tollens:valid,11,,60,validation,P2,60,7.908430099487305,mt_fact_polarity,1,60
1,P2:validation:151,,contraposition:invalid,11,,61,validation,P2,61,22.766749143600464,cp_antecedent_polarity,1,61
1,P2:validation:767,,contraposition:invalid,11,,61,validation,P2,61,24.428205609321594,cp_direction,1,61
1,P2:validation:518,,modus_tollens:valid,11,,60,validation,P2,60,12.778439998626709,mt_rule_direction,1,60
1,P2:validation:148,,modus_tollens:valid,11,,60,validation,P2,60,14.204943656921387,mt_query_polarity,1,60
1,P2:validation:385,,modus_tollens:invalid,11,,61,validation,P2,61,24.407787442207336,mt_fact_polarity,1,61
1,P2:validation:640,,modus_tollens:valid,11,,60,validation,P2,60,14.14680528640747,mt_query_polarity,1,60
1,P2:validation:653,,modus_tollens:invalid,11,,61,validation,P2,61,27.395284175872803,mt_query_polarity,1,61
1,P2:validation:49,,modus_tollens:invalid,11,,61,validation,P2,61,31.31861114501953,mt_fact_polarity,1,61
1,P2:validation:544,,modus_tollens:valid,11,,60,validation,P2,60,14.15079927444458,mt_query_polarity,1,60
1,P2:validation:154,,contraposition:valid,11,,60,validation,P2,60,9.524345397949219,cp_direction,1,60
1,P2:validation:702,,contraposition:valid,11,,60,validation,P2,60,7.581826210021973,cp_antecedent_polarity,1,60
1,P2:validation:112,,modus_tollens:valid,11,,60,validation,P2,60,12.741083145141602,mt_query_polarity,1,60
1,P2:validation:135,,modus_tollens:invalid,11,,61,validation,P2,61,10.001007080078125,mt_rule_direction,1,61
1,P2:validation:438,,contraposition:valid,11,,60,validation,P2,60,21.361362040042877,cp_antecedent_polarity,1,60
1,P2:validation:109,,modus_tollens:invalid,11,,61,validation,P2,61,22.470900535583496,mt_fact_polarity,1,61
1,P2:validation:679,,contraposition:invalid,11,,61,validation,P2,61,22.820351123809814,cp_antecedent_polarity,1,61
1,P2:validation:146,,modus_tollens:valid,11,,60,validation,P2,60,13.235907554626465,mt_rule_direction,1,60
1,P2:validation:755,,contraposition:invalid,11,,61,validation,P2,61,30.506946563720703,cp_direction,1,61
1,P2:validation:615,,modus_tollens:invalid,11,,61,validation,P2,61,25.368178367614746,mt_rule_direction,1,61
1,P2:validation:691,,contraposition:invalid,11,,61,validation,P2,61,22.820351123809814,cp_antecedent_polarity,1,61
1,P2:validation:271,,contraposition:invalid,11,,61,validation,P2,61,22.38070511817932,cp_antecedent_polarity,1,61
1,P2:validation:477,,contraposition:invalid,11,,61,validation,P2,61,21.582229137420654,cp_consequent_polarity,1,61
1,P2:validation:671,,contraposition:invalid,11,,61,validation,P2,61,24.49506950378418,cp_direction,1,61
1,P2:validation:2,,modus_tollens:valid,11,,60,validation,P2,60,10.367376327514648,mt_rule_direction,1,60
1,P2:validation:299,,contraposition:invalid,11,,61,validation,P2,61,28.729408740997314,cp_direction,1,61
1,P2:validation:378,,contraposition:valid,11,,60,validation,P2,60,22.157412499189377,cp_antecedent_polarity,1,60
1,P2:validation:627,,modus_tollens:invalid,11,,61,validation,P2,61,19.379810333251953,mt_rule_direction,1,61
1,P2:validation:31,,contraposition:invalid,11,,61,validation,P2,61,17.676878452301025,cp_antecedent_polarity,1,61
1,P2:validation:743,,contraposition:invalid,11,,61,validation,P2,61,9.01914119720459,cp_direction,1,61
1,P2:validation:338,,modus_tollens:valid,11,,60,validation,P2,60,14.780159711837769,mt_rule_direction,1,60
1,P2:validation:724,,modus_tollens:valid,11,,60,validation,P2,60,8.455821990966797,mt_query_polarity,1,60
1,P2:validation:500,,contraposition:valid,11,,60,validation,P2,60,15.989295244216919,cp_consequent_polarity,1,60
1,P2:validation:591,,modus_tollens:invalid,11,,61,validation,P2,61,8.46941089630127,mt_rule_direction,1,61
1,P2:validation:85,,modus_tollens:invalid,11,,61,validation,P2,61,24.61544269323349,mt_fact_polarity,1,61
1,P2:validation:471,,modus_tollens:invalid,11,,61,validation,P2,61,24.04537808895111,mt_rule_direction,1,61
1,P2:validation:469,,modus_tollens:invalid,11,,61,validation,P2,61,27.964868545532227,mt_fact_polarity,1,61
1,P2:validation:354,,contraposition:valid,11,,60,validation,P2,60,21.967786192893982,cp_antecedent_polarity,1,60
1,P2:validation:209,,modus_tollens:invalid,11,,61,validation,P2,61,29.43651270866394,mt_query_polarity,1,61
1,P2:validation:287,,contraposition:invalid,11,,61,validation,P2,61,29.666381359100342,cp_direction,1,61
1,P2:validation:65,,modus_tollens:invalid,11,,61,validation,P2,61,29.47477698326111,mt_query_polarity,1,61
1,P2:validation:48,,modus_tollens:valid,11,,60,validation,P2,60,9.790910243988037,mt_fact_polarity,1,60
1,P2:validation:54,,contraposition:valid,11,,60,validation,P2,60,20.39401215314865,cp_antecedent_polarity,1,60
1,P2:validation:651,,modus_tollens:invalid,11,,61,validation,P2,61,21.489993929862976,mt_rule_direction,1,61
1,P2:validation:100,,modus_tollens:valid,11,,60,validation,P2,60,14.938261032104492,mt_query_polarity,1,60
1,P2:validation:103,,contraposition:invalid,11,,61,validation,P2,61,18.550943851470947,cp_antecedent_polarity,1,61
1,P2:validation:514,,contraposition:valid,11,,60,validation,P2,60,19.88583731651306,cp_direction,1,60
1,P2:validation:490,,contraposition:valid,11,,60,validation,P2,60,15.989295244216919,cp_direction,1,60
1,P2:validation:122,,modus_tollens:valid,11,,60,validation,P2,60,9.420778274536133,mt_rule_direction,1,60
1,P2:validation:550,,contraposition:valid,11,,60,validation,P2,60,5.515507698059082,cp_direction,1,60
1,P2:validation:393,,contraposition:invalid,11,,61,validation,P2,61,21.29395031929016,cp_consequent_polarity,1,61
1,P2:validation:383,,contraposition:invalid,11,,61,validation,P2,61,30.061945915222168,cp_direction,1,61
1,P2:validation:735,,modus_tollens:invalid,11,,61,validation,P2,61,9.696535110473633,mt_rule_direction,1,61
1,P2:validation:732,,modus_tollens:valid,11,,60,validation,P2,60,12.951837062835693,mt_fact_polarity,1,60
1,P2:validation:330,,contraposition:valid,11,,60,validation,P2,60,7.482355117797852,cp_antecedent_polarity,1,60
1,P2:validation:364,,modus_tollens:valid,11,,60,validation,P2,60,10.32984209060669,mt_query_polarity,1,60
1,P2:validation:92,,contraposition:valid,11,,60,validation,P2,60,22.722596406936646,cp_consequent_polarity,1,60
1,P2:validation:609,,contraposition:invalid,11,,61,validation,P2,61,18.43360996246338,cp_consequent_polarity,1,61
1,P2:validation:171,,modus_tollens:invalid,11,,61,validation,P2,61,24.149394512176514,mt_rule_direction,1,61
1,P2:validation:50,,modus_tollens:valid,11,,60,validation,P2,60,15.315017700195312,mt_rule_direction,1,60
1,P2:validation:510,,contraposition:valid,11,,60,validation,P2,60,17.17570972442627,cp_antecedent_polarity,1,60
1,P2:validation:697,,modus_tollens:invalid,11,,61,validation,P2,61,30.110408306121826,mt_fact_polarity,1,61
1,P2:validation:727,,contraposition:invalid,11,,61,validation,P2,61,25.827600479125977,cp_antecedent_polarity,1,61
1,P2:validation:308,,contraposition:valid,11,,60,validation,P2,60,19.39064931869507,cp_consequent_polarity,1,60
1,P2:validation:29,,modus_tollens:invalid,11,,61,validation,P2,61,29.52530550956726,mt_query_polarity,1,61
1,P2:validation:448,,modus_tollens:valid,11,,60,validation,P2,60,13.008142948150635,mt_query_polarity,1,60
1,P2:validation:97,,modus_tollens:invalid,11,,61,validation,P2,61,25.417284905910492,mt_fact_polarity,1,61
1,P2:validation:259,,contraposition:invalid,11,,61,validation,P2,61,25.76127791404724,cp_antecedent_polarity,1,61
1,P2:validation:201,,contraposition:invalid,11,,61,validation,P2,61,17.826308727264404,cp_consequent_polarity,1,61
1,P2:validation:118,,contraposition:valid,11,,60,validation,P2,60,8.069625854492188,cp_direction,1,60
1,P2:validation:240,,modus_tollens:valid,11,,60,validation,P2,60,13.008142948150635,mt_fact_polarity,1,60
1,P2:validation:502,,contraposition:valid,11,,60,validation,P2,60,22.377922892570496,cp_direction,1,60
1,P2:validation:403,,contraposition:invalid,11,,61,validation,P2,61,21.059486389160156,cp_antecedent_polarity,1,61
1,P2:validation:685,,modus_tollens:invalid,11,,61,validation,P2,61,30.31971836090088,mt_fact_polarity,1,61
1,P2:validation:239,,contraposition:invalid,11,,61,validation,P2,61,24.38831301033497,cp_direction,1,61
1,P2:validation:400,,modus_tollens:valid,11,,60,validation,P2,60,11.735770225524902,mt_query_polarity,1,60
1,P2:validation:434,,modus_tollens:valid,11,,60,validation,P2,60,17.40137529373169,mt_rule_direction,1,60
1,P2:validation:382,,contraposition:valid,11,,60,validation,P2,60,19.153283834457397,cp_direction,1,60
1,P2:validation:548,,contraposition:valid,11,,60,validation,P2,60,23.30197787284851,cp_consequent_polarity,1,60
1,P2:validation:638,,modus_tollens:valid,11,,60,validation,P2,60,17.339848279953003,mt_rule_direction,1,60
1,P2:validation:184,,modus_tollens:valid,11,,60,validation,P2,60,9.42077922821045,mt_query_polarity,1,60
1,P2:validation:55,,contraposition:invalid,11,,61,validation,P2,61,16.808992862701416,cp_antecedent_polarity,1,61
1,P2:validation:267,,modus_tollens:invalid,11,,61,validation,P2,61,16.419787883758545,mt_rule_direction,1,61
1,P2:validation:268,,modus_tollens:valid,11,,60,validation,P2,60,15.41575002670288,mt_query_polarity,1,60
1,P2:validation:75,,modus_tollens:invalid,11,,61,validation,P2,61,25.780563592910767,mt_rule_direction,1,61
1,P2:validation:473,,modus_tollens:invalid,11,,61,validation,P2,61,30.392504692077637,mt_query_polarity,1,61
1,P2:validation:241,,modus_tollens:invalid,11,,61,validation,P2,61,25.417284905910492,mt_fact_polarity,1,61
1,P2:validation:564,,modus_tollens:valid,11,,60,validation,P2,60,12.694339752197266,mt_fact_polarity,1,60
1,P2:validation:370,,contraposition:valid,11,,60,validation,P2,60,17.350185871124268,cp_direction,1,60
1,P2:validation:235,,contraposition:invalid,11,,61,validation,P2,61,7.09183406829834,cp_antecedent_polarity,1,61
1,P2:validation:260,,contraposition:valid,11,,60,validation,P2,60,20.956783890724182,cp_consequent_polarity,1,60
1,P2:validation:247,,contraposition:invalid,11,,61,validation,P2,61,23.72956156730652,cp_antecedent_polarity,1,61
1,P2:validation:269,,modus_tollens:invalid,11,,61,validation,P2,61,30.30242681503296,mt_query_polarity,1,61
1,P2:validation:728,,contraposition:valid,11,,60,validation,P2,60,15.405508041381836,cp_consequent_polarity,1,60
1,P2:validation:582,,contraposition:valid,11,,60,validation,P2,60,19.510632753372192,cp_antecedent_polarity,1,60
1,P2:validation:447,,modus_tollens:invalid,11,,61,validation,P2,61,22.092595100402832,mt_rule_direction,1,61
1,P2:validation:127,,contraposition:invalid,11,,61,validation,P2,61,22.022443294525146,cp_antecedent_polarity,1,61
1,P2:validation:144,,modus_tollens:valid,11,,60,validation,P2,60,12.693426132202148,mt_fact_polarity,1,60
1,P2:validation:529,,modus_tollens:invalid,11,,61,validation,P2,61,31.34147548675537,mt_fact_polarity,1,61
1,P2:validation:366,,contraposition:valid,11,,60,validation,P2,60,19.153283834457397,cp_antecedent_polarity,1,60
1,P2:validation:292,,modus_tollens:valid,11,,60,validation,P2,60,10.357048034667969,mt_query_polarity,1,60
1,P2:validation:459,,modus_tollens:invalid,11,,61,validation,P2,61,17.152930736541748,mt_rule_direction,1,61
1,P2:validation:493,,modus_tollens:invalid,11,,61,validation,P2,61,31.482747554779053,mt_fact_polarity,1,61
1,P2:validation:169,,modus_tollens:invalid,11,,61,validation,P2,61,22.509396076202393,mt_fact_polarity,1,61
1,P2:validation:734,,modus_tollens:valid,11,,60,validation,P2,60,14.970953941345215,mt_rule_direction,1,60
1,P2:validation:468,,modus_tollens:valid,11,,60,validation,P2,60,15.683308601379395,mt_fact_polarity,1,60
1,P2:validation:558,,contraposition:valid,11,,60,validation,P2,60,22.709946870803833,cp_antecedent_polarity,1,60
1,P2:validation:654,,contraposition:valid,11,,60,validation,P2,60,18.67569100856781,cp_antecedent_polarity,1,60
1,P2:validation:707,,contraposition:invalid,11,,61,validation,P2,61,30.506946563720703,cp_direction,1,61
1,P2:validation:670,,contraposition:valid,11,,60,validation,P2,60,7.482355117797852,cp_direction,1,60
1,P2:validation:545,,modus_tollens:invalid,11,,61,validation,P2,61,26.53977608680725,mt_query_polarity,1,61
1,P2:validation:189,,contraposition:invalid,11,,61,validation,P2,61,21.36600685119629,cp_consequent_polarity,1,61
1,P2:validation:38,,modus_tollens:valid,11,,60,validation,P2,60,17.339848279953003,mt_rule_direction,1,60
1,P2:validation:622,,contraposition:valid,11,,60,validation,P2,60,20.011706471443176,cp_direction,1,60
1,P2:validation:675,,modus_tollens:invalid,11,,61,validation,P2,61,14.124202728271484,mt_rule_direction,1,61
1,P2:validation:286,,contraposition:valid,11,,60,validation,P2,60,15.350023984909058,cp_direction,1,60
1,P2:validation:442,,contraposition:valid,11,,60,validation,P2,60,18.1704204082489,cp_direction,1,60
1,P2:validation:106,,contraposition:valid,11,,60,validation,P2,60,22.686043739318848,cp_direction,1,60
0,P2:validation:167,,contraposition:invalid,11,,60,validation,P2,61,-9.031721115112305,cp_direction,0,60
1,P2:validation:374,,modus_tollens:valid,11,,60,validation,P2,60,15.683308601379395,mt_rule_direction,1,60
1,P2:validation:126,,contraposition:valid,11,,60,validation,P2,60,19.761622309684753,cp_antecedent_polarity,1,60
1,P2:validation:274,,contraposition:valid,11,,60,validation,P2,60,7.58182430267334,cp_direction,1,60
1,P2:validation:406,,contraposition:valid,11,,60,validation,P2,60,19.737708568572998,cp_direction,1,60
1,P2:validation:119,,contraposition:invalid,11,,61,validation,P2,61,31.0115385055542,cp_direction,1,61
1,P2:validation:680,,contraposition:valid,11,,60,validation,P2,60,9.524345397949219,cp_consequent_polarity,1,60
1,P2:validation:762,,contraposition:valid,11,,60,validation,P2,60,16.07937741279602,cp_antecedent_polarity,1,60
1,P2:validation:455,,contraposition:invalid,11,,61,validation,P2,61,15.509986400604248,cp_direction,1,61
1,P2:validation:86,,modus_tollens:valid,11,,60,validation,P2,60,17.40137529373169,mt_rule_direction,1,60
1,P2:validation:757,,modus_tollens:invalid,11,,61,validation,P2,61,31.325994968414307,mt_fact_polarity,1,61
1,P2:validation:435,,modus_tollens:invalid,11,,61,validation,P2,61,20.163612723350525,mt_rule_direction,1,61
1,P2:validation:512,,contraposition:valid,11,,60,validation,P2,60,15.201273918151855,cp_consequent_polarity,1,60
1,P2:validation:672,,modus_tollens:valid,11,,60,validation,P2,60,12.69033670425415,mt_fact_polarity,1,60
1,P2:validation:245,,modus_tollens:invalid,11,,61,validation,P2,61,30.13945436477661,mt_query_polarity,1,61
1,P2:validation:302,,modus_tollens:valid,11,,60,validation,P2,60,15.520041942596436,mt_rule_direction,1,60
1,P2:validation:138,,contraposition:valid,11,,60,validation,P2,60,21.471787571907043,cp_antecedent_polarity,1,60
1,P2:validation:607,,contraposition:invalid,11,,61,validation,P2,61,16.65388298034668,cp_antecedent_polarity,1,61
1,P2:validation:645,,contraposition:invalid,11,,61,validation,P2,61,14.94776439666748,cp_consequent_polarity,1,61
1,P2:validation:445,,modus_tollens:invalid,11,,61,validation,P2,61,26.038384079933167,mt_fact_polarity,1,61
1,P2:validation:440,,contraposition:valid,11,,60,validation,P2,60,11.883550643920898,cp_consequent_polarity,1,60
1,P2:validation:35,,contraposition:invalid,11,,61,validation,P2,61,26.592448949813843,cp_direction,1,61
1,P2:validation:335,,contraposition:invalid,11,,61,validation,P2,61,31.236574172973633,cp_direction,1,61
1,P2:validation:644,,contraposition:valid,11,,60,validation,P2,60,18.9912166595459,cp_consequent_polarity,1,60
1,P2:validation:601,,modus_tollens:invalid,11,,61,validation,P2,61,31.379764080047607,mt_fact_polarity,1,61
1,P2:validation:579,,modus_tollens:invalid,11,,61,validation,P2,61,17.152931213378906,mt_rule_direction,1,61
1,P2:validation:630,,contraposition:valid,11,,60,validation,P2,60,19.934413194656372,cp_antecedent_polarity,1,60
1,P2:validation:575,,contraposition:invalid,11,,61,validation,P2,61,12.28481674194336,cp_direction,1,61
1,P2:validation:532,,modus_tollens:valid,11,,60,validation,P2,60,12.783881664276123,mt_query_polarity,1,60
1,P2:validation:261,,contraposition:invalid,11,,61,validation,P2,61,15.071552276611328,cp_consequent_polarity,1,61
1,P2:validation:47,,contraposition:invalid,11,,61,validation,P2,61,11.954707145690918,cp_direction,1,61
1,P2:validation:765,,contraposition:invalid,11,,61,validation,P2,61,16.005123138427734,cp_consequent_polarity,1,61
1,P2:validation:1,,modus_tollens:invalid,11,,61,validation,P2,61,23.574041783809662,mt_fact_polarity,1,61
1,P2:validation:717,,contraposition:invalid,11,,61,validation,P2,61,21.36600685119629,cp_consequent_polarity,1,61
1,P2:validation:346,,contraposition:valid,11,,60,validation,P2,60,8.585609436035156,cp_direction,1,60
1,P2:validation:415,,contraposition:invalid,11,,61,validation,P2,61,24.529712557792664,cp_antecedent_polarity,1,61
1,P2:validation:291,,modus_tollens:invalid,11,,61,validation,P2,61,19.664714813232422,mt_rule_direction,1,61
1,P2:validation:673,,modus_tollens:invalid,11,,61,validation,P2,61,31.338073253631592,mt_fact_polarity,1,61
1,P2:validation:8,,contraposition:valid,11,,60,validation,P2,60,18.618886947631836,cp_consequent_polarity,1,60
1,P2:validation:53,,modus_tollens:invalid,11,,61,validation,P2,61,25.546156227588654,mt_query_polarity,1,61
1,P2:validation:426,,contraposition:valid,11,,60,validation,P2,60,15.201273918151855,cp_antecedent_polarity,1,60
1,P2:validation:72,,modus_tollens:valid,11,,60,validation,P2,60,10.91091537475586,mt_fact_polarity,1,60
1,P2:validation:411,,modus_tollens:invalid,11,,61,validation,P2,61,8.46941089630127,mt_rule_direction,1,61
1,P2:validation:738,,contraposition:valid,11,,60,validation,P2,60,7.482355117797852,cp_antecedent_polarity,1,60
1,P2:validation:305,,modus_tollens:invalid,11,,61,validation,P2,61,25.872295260429382,mt_query_polarity,1,61
1,P2:validation:647,,contraposition:invalid,11,,61,validation,P2,61,27.23814618587494,cp_direction,1,61
1,P2:validation:108,,modus_tollens:valid,11,,60,validation,P2,60,14.825069904327393,mt_fact_polarity,1,60
1,P2:validation:196,,modus_tollens:valid,11,,60,validation,P2,60,12.84253215789795,mt_query_polarity,1,60
1,P2:validation:304,,modus_tollens:valid,11,,60,validation,P2,60,10.618273735046387,mt_query_polarity,1,60
1,P2:validation:386,,modus_tollens:valid,11,,60,validation,P2,60,15.165575504302979,mt_rule_direction,1,60
1,P2:validation:568,,modus_tollens:valid,11,,60,validation,P2,60,15.165575504302979,mt_query_polarity,1,60
1,P2:validation:721,,modus_tollens:invalid,11,,61,validation,P2,61,23.083763241767883,mt_fact_polarity,1,61
1,P2:validation:633,,contraposition:invalid,11,,61,validation,P2,61,21.27588939666748,cp_consequent_polarity,1,61
1,P2:validation:104,,contraposition:valid,11,,60,validation,P2,60,24.306821584701538,cp_consequent_polarity,1,60
1,P2:validation:314,,modus_tollens:valid,11,,60,validation,P2,60,15.520041942596436,mt_rule_direction,1,60
1,P2:validation:408,,modus_tollens:valid,11,,60,validation,P2,60,15.295964241027832,mt_fact_polarity,1,60
1,P2:validation:392,,contraposition:valid,11,,60,validation,P2,60,18.568687677383423,cp_consequent_polarity,1,60
1,P2:validation:401,,modus_tollens:invalid,11,,61,validation,P2,61,26.868388950824738,mt_query_polarity,1,61
1,P2:validation:219,,modus_tollens:invalid,11,,61,validation,P2,61,4.759620666503906,mt_rule_direction,1,61
1,P2:validation:281,,modus_tollens:invalid,11,,61,validation,P2,61,32.271456241607666,mt_query_polarity,1,61
1,P2:validation:317,,modus_tollens:invalid,11,,61,validation,P2,61,27.707292318344116,mt_query_polarity,1,61
1,P2:validation:210,,contraposition:valid,11,,60,validation,P2,60,20.062522411346436,cp_antecedent_polarity,1,60
1,P2:validation:70,,contraposition:valid,11,,60,validation,P2,60,22.043054580688477,cp_direction,1,60
1,P2:validation:300,,modus_tollens:valid,11,,60,validation,P2,60,12.69033670425415,mt_fact_polarity,1,60
1,P2:validation:708,,modus_tollens:valid,11,,60,validation,P2,60,10.32984209060669,mt_fact_polarity,1,60
1,P2:validation:318,,contraposition:valid,11,,60,validation,P2,60,18.727940797805786,cp_antecedent_polarity,1,60
1,P2:validation:624,,modus_tollens:valid,11,,60,validation,P2,60,7.908430099487305,mt_fact_polarity,1,60
1,P2:validation:340,,modus_tollens:valid,11,,60,validation,P2,60,11.559719562530518,mt_query_polarity,1,60
1,P2:validation:359,,contraposition:invalid,11,,61,validation,P2,61,12.566263198852539,cp_direction,1,61
1,P2:validation:413,,modus_tollens:invalid,11,,61,validation,P2,61,30.339175701141357,mt_query_polarity,1,61
1,P2:validation:164,,contraposition:valid,11,,60,validation,P2,60,22.05598145723343,cp_consequent_polarity,1,60
1,P2:validation:452,,contraposition:valid,11,,60,validation,P2,60,22.722596406936646,cp_consequent_polarity,1,60
1,P2:validation:212,,contraposition:valid,11,,60,validation,P2,60,8.19493579864502,cp_consequent_polarity,1,60
1,P2:validation:203,,contraposition:invalid,11,,61,validation,P2,61,25.373091757297516,cp_direction,1,61
1,P2:validation:555,,modus_tollens:invalid,11,,61,validation,P2,61,8.201675415039062,mt_rule_direction,1,61
1,P2:validation:76,,modus_tollens:valid,11,,60,validation,P2,60,10.497313499450684,mt_query_polarity,1,60
1,P2:validation:474,,contraposition:valid,11,,60,validation,P2,60,18.1704204082489,cp_antecedent_polarity,1,60
1,P2:validation:581,,modus_tollens:invalid,11,,61,validation,P2,61,32.22103261947632,mt_query_polarity,1,61
1,P2:validation:242,,modus_tollens:valid,11,,60,validation,P2,60,14.887079238891602,mt_rule_direction,1,60
1,P2:validation:322,,contraposition:valid,11,,60,validation,P2,60,21.593850553035736,cp_direction,1,60
1,P2:validation:368,,contraposition:valid,11,,60,validation,P2,60,18.200846910476685,cp_consequent_polarity,1,60
1,P2:validation:381,,contraposition:invalid,11,,61,validation,P2,61,21.27588939666748,cp_consequent_polarity,1,61
1,P2:validation:759,,modus_tollens:invalid,11,,61,validation,P2,61,28.179943561553955,mt_rule_direction,1,61
1,P2:validation:420,,modus_tollens:valid,11,,60,validation,P2,60,13.796783924102783,mt_fact_polarity,1,60
1,P2:validation:30,,contraposition:valid,11,,60,validation,P2,60,12.899550437927246,cp_antecedent_polarity,1,60
1,P2:validation:313,,modus_tollens:invalid,11,,61,validation,P2,61,30.35401487350464,mt_fact_polarity,1,61
1,P2:validation:458,,modus_tollens:valid,11,,60,validation,P2,60,9.823290824890137,mt_rule_direction,1,60
1,P2:validation:753,,contraposition:invalid,11,,61,validation,P2,61,22.265333652496338,cp_consequent_polarity,1,61
1,P2:validation:298,,contraposition:valid,11,,60,validation,P2,60,18.794677019119263,cp_direction,1,60
1,P2:validation:11,,contraposition:invalid,11,,61,validation,P2,61,30.352308750152588,cp_direction,1,61
1,P2:validation:648,,modus_tollens:valid,11,,60,validation,P2,60,17.45889186859131,mt_fact_polarity,1,60
1,P2:validation:387,,modus_tollens:invalid,11,,61,validation,P2,61,20.647147059440613,mt_rule_direction,1,61
1,P2:validation:234,,contraposition:valid,11,,60,validation,P2,60,15.986337661743164,cp_antecedent_polarity,1,60
1,P2:validation:511,,contraposition:invalid,11,,61,validation,P2,61,24.289146304130554,cp_antecedent_polarity,1,61
1,P2:validation:15,,modus_tollens:invalid,11,,61,validation,P2,61,22.561340630054474,mt_rule_direction,1,61
1,P2:validation:288,,modus_tollens:valid,11,,60,validation,P2,60,9.477564811706543,mt_fact_polarity,1,60
1,P2:validation:460,,modus_tollens:valid,11,,60,validation,P2,60,17.339848279953003,mt_query_polarity,1,60
1,P2:validation:107,,contraposition:invalid,11,,61,validation,P2,61,22.484967172145844,cp_direction,1,61
1,P2:validation:636,,modus_tollens:valid,11,,60,validation,P2,60,11.304866790771484,mt_fact_polarity,1,60
1,P2:validation:334,,contraposition:valid,11,,60,validation,P2,60,7.419281959533691,cp_direction,1,60
1,P2:validation:429,,contraposition:invalid,11,,61,validation,P2,61,22.472428798675537,cp_consequent_polarity,1,61
1,P2:validation:310,,contraposition:valid,11,,60,validation,P2,60,23.30197787284851,cp_direction,1,60
1,P2:validation:565,,modus_tollens:invalid,11,,61,validation,P2,61,31.015516757965088,mt_fact_polarity,1,61
1,P2:validation:605,,modus_tollens:invalid,11,,61,validation,P2,61,27.33367943763733,mt_query_polarity,1,61
1,P2:validation:399,,modus_tollens:invalid,11,,61,validation,P2,61,25.780563592910767,mt_rule_direction,1,61
1,P2:validation:7,,contraposition:invalid,11,,61,validation,P2,61,26.019800186157227,cp_antecedent_polarity,1,61
1,P2:validation:409,,modus_tollens:invalid,11,,61,validation,P2,61,31.079797744750977,mt_fact_polarity,1,61
1,P2:validation:290,,modus_tollens:valid,11,,60,validation,P2,60,11.70652151107788,mt_rule_direction,1,60
1,P2:validation:221,,modus_tollens:invalid,11,,61,validation,P2,61,27.484774112701416,mt_query_polarity,1,61
1,P2:validation:649,,modus_tollens:invalid,11,,61,validation,P2,61,29.996026515960693,mt_fact_polarity,1,61
1,P2:validation:33,,contraposition:invalid,11,,61,validation,P2,61,21.441978931427002,cp_consequent_polarity,1,61
1,P2:validation:264,,modus_tollens:valid,11,,60,validation,P2,60,12.38654899597168,mt_fact_polarity,1,60
1,P2:validation:352,,modus_tollens:valid,11,,60,validation,P2,60,12.951837062835693,mt_query_polarity,1,60
1,P2:validation:567,,modus_tollens:invalid,11,,61,validation,P2,61,15.885194301605225,mt_rule_direction,1,61
1,P2:validation:485,,modus_tollens:invalid,11,,61,validation,P2,61,31.78186559677124,mt_query_polarity,1,61
1,P2:validation:232,,modus_tollens:valid,11,,60,validation,P2,60,9.78297233581543,mt_query_polarity,1,60
1,P2:validation:619,,contraposition:invalid,11,,61,validation,P2,61,21.455801725387573,cp_antecedent_polarity,1,61
1,P2:validation:508,,modus_tollens:valid,11,,60,validation,P2,60,10.657195568084717,mt_query_polarity,1,60
1,P2:validation:198,,contraposition:valid,11,,60,validation,P2,60,7.419281959533691,cp_antecedent_polarity,1,60
1,P2:validation:461,,modus_tollens:invalid,11,,61,validation,P2,61,30.099141120910645,mt_query_polarity,1,61
1,P2:validation:543,,modus_tollens:invalid,11,,61,validation,P2,61,23.393195152282715,mt_rule_direction,1,61
1,P2:validation:116,,contraposition:valid,11,,60,validation,P2,60,20.956783890724182,cp_consequent_polarity,1,60
1,P2:validation:254,,modus_tollens:valid,11,,60,validation,P2,60,11.709672451019287,mt_rule_direction,1,60
1,P2:validation:16,,modus_tollens:valid,11,,60,validation,P2,60,10.94168472290039,mt_query_polarity,1,60
1,P2:validation:61,,modus_tollens:invalid,11,,61,validation,P2,61,31.953248500823975,mt_fact_polarity,1,61
1,P2:validation:276,,modus_tollens:valid,11,,60,validation,P2,60,8.254144668579102,mt_fact_polarity,1,60
1,P2:validation:13,,modus_tollens:invalid,11,,61,validation,P2,61,32.31440782546997,mt_fact_polarity,1,61
1,P2:validation:425,,modus_tollens:invalid,11,,61,validation,P2,61,30.306605339050293,mt_query_polarity,1,61
1,P2:validation:665,,modus_tollens:invalid,11,,61,validation,P2,61,28.009381532669067,mt_query_polarity,1,61
1,P2:validation:358,,contraposition:valid,11,,60,validation,P2,60,15.509291410446167,cp_direction,1,60
1,P2:validation:725,,modus_tollens:invalid,11,,61,validation,P2,61,25.295640766620636,mt_query_polarity,1,61
1,P2:validation:98,,modus_tollens:valid,11,,60,validation,P2,60,7.9084320068359375,mt_rule_direction,1,60
1,P2:validation:194,,modus_tollens:valid,11,,60,validation,P2,60,9.654547691345215,mt_rule_direction,1,60
1,P2:validation:696,,modus_tollens:valid,11,,60,validation,P2,60,17.39883804321289,mt_fact_polarity,1,60
1,P2:validation:576,,modus_tollens:valid,11,,60,validation,P2,60,12.842535018920898,mt_fact_polarity,1,60
1,P2:validation:578,,modus_tollens:valid,11,,60,validation,P2,60,12.720795154571533,mt_rule_direction,1,60
1,P2:validation:224,,contraposition:valid,11,,60,validation,P2,60,18.200846910476685,cp_consequent_polarity,1,60
1,P2:validation:37,,modus_tollens:invalid,11,,61,validation,P2,61,25.68082058429718,mt_fact_polarity,1,61
1,P2:validation:594,,contraposition:valid,11,,60,validation,P2,60,7.419281959533691,cp_antecedent_polarity,1,60
1,P2:validation:40,,modus_tollens:valid,11,,60,validation,P2,60,12.386549472808838,mt_query_polarity,1,60
1,P2:validation:600,,modus_tollens:valid,11,,60,validation,P2,60,8.455821990966797,mt_fact_polarity,1,60
1,P2:validation:661,,modus_tollens:invalid,11,,61,validation,P2,61,24.712173707783222,mt_fact_polarity,1,61
1,P2:validation:569,,modus_tollens:invalid,11,,61,validation,P2,61,29.43651270866394,mt_query_polarity,1,61
1,P2:validation:693,,contraposition:invalid,11,,61,validation,P2,61,21.93373727798462,cp_consequent_polarity,1,61
1,P2:validation:676,,modus_tollens:valid,11,,60,validation,P2,60,10.611877918243408,mt_query_polarity,1,60
1,P2:validation:132,,modus_tollens:valid,11,,60,validation,P2,60,8.370351791381836,mt_fact_polarity,1,60
1,P2:validation:642,,contraposition:valid,11,,60,validation,P2,60,14.677856922149658,cp_antecedent_polarity,1,60
1,P2:validation:470,,modus_tollens:valid,11,,60,validation,P2,60,17.34232807159424,mt_rule_direction,1,60
1,P2:validation:204,,modus_tollens:valid,11,,60,validation,P2,60,11.709672451019287,mt_fact_polarity,1,60
1,P2:validation:522,,contraposition:valid,11,,60,validation,P2,60,17.24817419052124,cp_antecedent_polarity,1,60
1,P2:validation:174,,contraposition:valid,11,,60,validation,P2,60,19.638782113790512,cp_antecedent_polarity,1,60
1,P2:validation:574,,contraposition:valid,11,,60,validation,P2,60,7.581826210021973,cp_direction,1,60
1,P2:validation:542,,modus_tollens:valid,11,,60,validation,P2,60,13.015119075775146,mt_rule_direction,1,60
1,P2:validation:26,,modus_tollens:valid,11,,60,validation,P2,60,12.69033670425415,mt_rule_direction,1,60
1,P2:validation:371,,contraposition:invalid,11,,61,validation,P2,61,24.428205609321594,cp_direction,1,61
1,P2:validation:752,,contraposition:valid,11,,60,validation,P2,60,17.76075053215027,cp_consequent_polarity,1,60
1,P2:validation:540,,modus_tollens:valid,11,,60,validation,P2,60,8.455821990966797,mt_fact_polarity,1,60
1,P2:validation:115,,contraposition:invalid,11,,61,validation,P2,61,23.449740052223206,cp_antecedent_polarity,1,61
1,P2:validation:166,,contraposition:valid,11,,60,validation,P2,60,19.737711012363434,cp_direction,1,60
1,P2:validation:285,,contraposition:invalid,11,,61,validation,P2,61,21.93373727798462,cp_consequent_polarity,1,61
1,P2:validation:480,,modus_tollens:valid,11,,60,validation,P2,60,15.520041942596436,mt_fact_polarity,1,60
1,P2:validation:77,,modus_tollens:invalid,11,,61,validation,P2,61,32.31876802444458,mt_query_polarity,1,61
1,P2:validation:41,,modus_tollens:invalid,11,,61,validation,P2,61,30.16832208633423,mt_query_polarity,1,61
1,P2:validation:620,,contraposition:valid,11,,60,validation,P2,60,17.345850706100464,cp_consequent_polarity,1,60
1,P2:validation:319,,contraposition:invalid,11,,61,validation,P2,61,22.820351123809814,cp_antecedent_polarity,1,61
1,P2:validation:73,,modus_tollens:invalid,11,,61,validation,P2,61,30.989497184753418,mt_fact_polarity,1,61
1,P2:validation:589,,modus_tollens:invalid,11,,61,validation,P2,61,31.19371461868286,mt_fact_polarity,1,61
1,P2:validation:491,,contraposition:invalid,11,,61,validation,P2,61,4.459692001342773,cp_direction,1,61
1,P2:validation:52,,modus_tollens:valid,11,,60,validation,P2,60,12.783225536346436,mt_query_polarity,1,60
1,P2:validation:78,,contraposition:valid,11,,60,validation,P2,60,22.05598145723343,cp_antecedent_polarity,1,60
1,P2:validation:748,,modus_tollens:valid,11,,60,validation,P2,60,12.69033670425415,mt_query_polarity,1,60
1,P2:validation:297,,contraposition:invalid,11,,61,validation,P2,61,14.815801620483398,cp_consequent_polarity,1,61
1,P2:validation:155,,contraposition:invalid,11,,61,validation,P2,61,12.102214813232422,cp_direction,1,61
1,P2:validation:715,,contraposition:invalid,11,,61,validation,P2,61,15.437200546264648,cp_antecedent_polarity,1,61
1,P2:validation:709,,modus_tollens:invalid,11,,61,validation,P2,61,20.174876928329468,mt_fact_polarity,1,61
1,P2:validation:506,,modus_tollens:valid,11,,60,validation,P2,60,13.096435546875,mt_rule_direction,1,60
1,P2:validation:587,,contraposition:invalid,11,,61,validation,P2,61,1.2078838348388672,cp_direction,1,61
1,P2:validation:433,,modus_tollens:invalid,11,,61,validation,P2,61,32.31440782546997,mt_fact_polarity,1,61
1,P2:validation:596,,contraposition:valid,11,,60,validation,P2,60,11.96690320968628,cp_consequent_polarity,1,60
1,P2:validation:69,,contraposition:invalid,11,,61,validation,P2,61,15.825291633605957,cp_consequent_polarity,1,61
1,P2:validation:763,,contraposition:invalid,11,,61,validation,P2,61,17.888680934906006,cp_antecedent_polarity,1,61
1,P2:validation:530,,modus_tollens:valid,11,,60,validation,P2,60,9.477564811706543,mt_rule_direction,1,60
1,P2:validation:487,,contraposition:invalid,11,,61,validation,P2,61,18.21737289428711,cp_antecedent_polarity,1,61
1,P2:validation:700,,modus_tollens:valid,11,,60,validation,P2,60,11.70652151107788,mt_query_polarity,1,60
1,P2:validation:534,,contraposition:valid,11,,60,validation,P2,60,22.595520436763763,cp_antecedent_polarity,1,60
1,P2:validation:521,,modus_tollens:invalid,11,,61,validation,P2,61,27.395284175872803,mt_query_polarity,1,61
1,P2:validation:664,,modus_tollens:valid,11,,60,validation,P2,60,9.420778274536133,mt_query_polarity,1,60
1,P2:validation:557,,modus_tollens:invalid,11,,61,validation,P2,61,30.13945436477661,mt_query_polarity,1,61
1,P2:validation:351,,modus_tollens:invalid,11,,61,validation,P2,61,24.201606512069702,mt_rule_direction,1,61
1,P2:validation:549,,contraposition:invalid,11,,61,validation,P2,61,21.728639125823975,cp_consequent_polarity,1,61
1,P2:validation:223,,contraposition:invalid,11,,61,validation,P2,61,23.14858329296112,cp_antecedent_polarity,1,61
1,P2:validation:760,,modus_tollens:valid,11,,60,validation,P2,60,12.951837062835693,mt_query_polarity,1,60
1,P2:validation:666,,contraposition:valid,11,,60,validation,P2,60,19.374794483184814,cp_antecedent_polarity,1,60
1,P2:validation:228,,modus_tollens:valid,11,,60,validation,P2,60,12.859224319458008,mt_fact_polarity,1,60
1,P2:validation:380,,contraposition:valid,11,,60,validation,P2,60,7.243389129638672,cp_consequent_polarity,1,60
1,P2:validation:437,,modus_tollens:invalid,11,,61,validation,P2,61,27.042006731033325,mt_query_polarity,1,61
1,P2:validation:692,,contraposition:valid,11,,60,validation,P2,60,17.175706148147583,cp_consequent_polarity,1,60
1,P2:validation:472,,modus_tollens:valid,11,,60,validation,P2,60,12.898070335388184,mt_query_polarity,1,60
1,P2:validation:46,,contraposition:valid,11,,60,validation,P2,60,22.546316146850586,cp_direction,1,60
1,P2:validation:253,,modus_tollens:invalid,11,,61,validation,P2,61,23.023594617843628,mt_fact_polarity,1,61
1,P2:validation:289,,modus_tollens:invalid,11,,61,validation,P2,61,31.291704177856445,mt_fact_polarity,1,61
1,P2:validation:412,,modus_tollens:valid,11,,60,validation,P2,60,13.102136135101318,mt_query_polarity,1,60
1,P2:validation:172,,modus_tollens:valid,11,,60,validation,P2,60,12.783881664276123,mt_query_polarity,1,60
1,P2:validation:389,,modus_tollens:invalid,11,,61,validation,P2,61,27.30038356781006,mt_query_polarity,1,61
1,P2:validation:356,,contraposition:valid,11,,60,validation,P2,60,7.419281959533691,cp_consequent_polarity,1,60
1,P2:validation:686,,modus_tollens:valid,11,,60,validation,P2,60,12.780488967895508,mt_rule_direction,1,60
1,P2:validation:588,,modus_tollens:valid,11,,60,validation,P2,60,8.298564910888672,mt_fact_polarity,1,60
1,P2:validation:418,,contraposition:valid,11,,60,validation,P2,60,18.727940797805786,cp_direction,1,60
1,P2:validation:402,,contraposition:valid,11,,60,validation,P2,60,21.613073468208313,cp_antecedent_polarity,1,60
1,P2:validation:394,,contraposition:valid,11,,60,validation,P2,60,21.380309462547302,cp_direction,1,60
1,P2:validation:20,,contraposition:valid,11,,60,validation,P2,60,18.727940797805786,cp_consequent_polarity,1,60
1,P2:validation:246,,contraposition:valid,11,,60,validation,P2,60,18.9912166595459,cp_antecedent_polarity,1,60
1,P2:validation:668,,contraposition:valid,11,,60,validation,P2,60,7.243389129638672,cp_consequent_polarity,1,60
1,P2:validation:258,,contraposition:valid,11,,60,validation,P2,60,18.76780390739441,cp_antecedent_polarity,1,60
1,P2:validation:584,,contraposition:valid,11,,60,validation,P2,60,22.546316146850586,cp_consequent_polarity,1,60
1,P2:validation:324,,modus_tollens:valid,11,,60,validation,P2,60,14.780159711837769,mt_fact_polarity,1,60
1,P2:validation:561,,contraposition:invalid,11,,61,validation,P2,61,14.967784404754639,cp_consequent_polarity,1,61
1,P2:validation:94,,contraposition:valid,11,,60,validation,P2,60,22.722596406936646,cp_direction,1,60
1,P2:validation:320,,contraposition:valid,11,,60,validation,P2,60,22.377922892570496,cp_consequent_polarity,1,60
1,P2:validation:278,,modus_tollens:valid,11,,60,validation,P2,60,15.007395267486572,mt_rule_direction,1,60
1,P2:validation:683,,contraposition:invalid,11,,61,validation,P2,61,13.84614372253418,cp_direction,1,61
1,P2:validation:361,,modus_tollens:invalid,11,,61,validation,P2,61,31.379764080047607,mt_fact_polarity,1,61
1,P2:validation:443,,contraposition:invalid,11,,61,validation,P2,61,28.70568561553955,cp_direction,1,61
1,P2:validation:233,,modus_tollens:invalid,11,,61,validation,P2,61,31.676931381225586,mt_query_polarity,1,61
1,P2:validation:509,,modus_tollens:invalid,11,,61,validation,P2,61,31.78186559677124,mt_query_polarity,1,61
1,P2:validation:252,,modus_tollens:valid,11,,60,validation,P2,60,12.728402614593506,mt_fact_polarity,1,60
1,P2:validation:147,,modus_tollens:invalid,11,,61,validation,P2,61,23.319209098815918,mt_rule_direction,1,61
1,P2:validation:407,,contraposition:invalid,11,,61,validation,P2,61,11.954707145690918,cp_direction,1,61
1,P2:validation:188,,contraposition:valid,11,,60,validation,P2,60,22.377922892570496,cp_consequent_polarity,1,60
1,P2:validation:333,,contraposition:invalid,11,,61,validation,P2,61,22.15755033493042,cp_consequent_polarity,1,61
1,P2:validation:336,,modus_tollens:valid,11,,60,validation,P2,60,17.39883804321289,mt_fact_polarity,1,60
1,P2:validation:746,,modus_tollens:valid,11,,60,validation,P2,60,10.357048034667969,mt_rule_direction,1,60
1,P2:validation:531,,modus_tollens:invalid,11,,61,validation,P2,61,13.027034282684326,mt_rule_direction,1,61
1,P2:validation:520,,modus_tollens:valid,11,,60,validation,P2,60,12.720808982849121,mt_query_polarity,1,60
1,P2:validation:449,,modus_tollens:invalid,11,,61,validation,P2,61,27.20180583000183,mt_query_polarity,1,61
1,P2:validation:339,,modus_tollens:invalid,11,,61,validation,P2,61,19.379810333251953,mt_rule_direction,1,61
1,P2:validation:280,,modus_tollens:valid,11,,60,validation,P2,60,11.018108367919922,mt_query_polarity,1,60
1,P2:validation:311,,contraposition:invalid,11,,61,validation,P2,61,4.459692001342773,cp_direction,1,61
1,P2:validation:496,,modus_tollens:valid,11,,60,validation,P2,60,12.693426132202148,mt_query_polarity,1,60
1,P2:validation:663,,modus_tollens:invalid,11,,61,validation,P2,61,22.248811887577176,mt_rule_direction,1,61
1,P2:validation:462,,contraposition:valid,11,,60,validation,P2,60,19.340752959251404,cp_antecedent_polarity,1,60
1,P2:validation:736,,modus_tollens:valid,11,,60,validation,P2,60,15.315017700195312,mt_query_polarity,1,60
1,P2:validation:186,,contraposition:valid,11,,60,validation,P2,60,15.871736526489258,cp_antecedent_polarity,1,60
1,P2:validation:197,,modus_tollens:invalid,11,,61,validation,P2,61,30.254539489746094,mt_query_polarity,1,61
1,P2:validation:423,,modus_tollens:invalid,11,,61,validation,P2,61,19.993862509727478,mt_rule_direction,1,61
1,P2:validation:526,,contraposition:valid,11,,60,validation,P2,60,14.677856922149658,cp_direction,1,60
1,P2:validation:719,,contraposition:invalid,11,,61,validation,P2,61,29.072945594787598,cp_direction,1,61
1,P2:validation:142,,contraposition:valid,11,,60,validation,P2,60,21.390831023454666,cp_direction,1,60
1,P2:validation:398,,modus_tollens:valid,11,,60,validation,P2,60,12.694339752197266,mt_rule_direction,1,60
1,P2:validation:639,,modus_tollens:invalid,11,,61,validation,P2,61,15.761030197143555,mt_rule_direction,1,61
1,P2:validation:43,,contraposition:invalid,11,,61,validation,P2,61,24.443304777145386,cp_antecedent_polarity,1,61
1,P2:validation:110,,modus_tollens:valid,11,,60,validation,P2,60,7.908430099487305,mt_rule_direction,1,60
1,P2:validation:625,,modus_tollens:invalid,11,,61,validation,P2,61,31.379764080047607,mt_fact_polarity,1,61
1,P2:validation:456,,modus_tollens:valid,11,,60,validation,P2,60,12.417273998260498,mt_fact_polarity,1,60
1,P2:validation:704,,contraposition:valid,11,,60,validation,P2,60,15.201273918151855,cp_consequent_polarity,1,60
1,P2:validation:114,,contraposition:valid,11,,60,validation,P2,60,18.73444390296936,cp_antecedent_polarity,1,60
1,P2:validation:12,,modus_tollens:valid,11,,60,validation,P2,60,12.07907485961914,mt_fact_polarity,1,60
1,P2:validation:562,,contraposition:valid,11,,60,validation,P2,60,18.41449761390686,cp_direction,1,60
1,P2:validation:208,,modus_tollens:valid,11,,60,validation,P2,60,9.654550552368164,mt_query_polarity,1,60
1,P2:validation:238,,contraposition:valid,11,,60,validation,P2,60,15.986339092254639,cp_direction,1,60
1,P2:validation:123,,modus_tollens:invalid,11,,61,validation,P2,61,16.472294807434082,mt_rule_direction,1,61
1,P2:validation:479,,contraposition:invalid,11,,61,validation,P2,61,25.60131072998047,cp_direction,1,61
1,P2:validation:395,,contraposition:invalid,11,,61,validation,P2,61,24.761754035949707,cp_direction,1,61
1,P2:validation:248,,contraposition:valid,11,,60,validation,P2,60,10.935810565948486,cp_consequent_polarity,1,60
1,P2:validation:195,,modus_tollens:invalid,11,,61,validation,P2,61,22.51085789501667,mt_rule_direction,1,61
1,P2:validation:236,,contraposition:valid,11,,60,validation,P2,60,19.638782113790512,cp_consequent_polarity,1,60
1,P2:validation:718,,contraposition:valid,11,,60,validation,P2,60,18.200846910476685,cp_direction,1,60
1,P2:validation:410,,modus_tollens:valid,11,,60,validation,P2,60,13.235907554626465,mt_rule_direction,1,60
1,P2:validation:372,,modus_tollens:valid,11,,60,validation,P2,60,13.211504936218262,mt_fact_polarity,1,60
1,P2:validation:283,,contraposition:invalid,11,,61,validation,P2,61,21.812484741210938,cp_antecedent_polarity,1,61
1,P2:validation:84,,modus_tollens:valid,11,,60,validation,P2,60,12.784281730651855,mt_fact_polarity,1,60
1,P2:validation:547,,contraposition:invalid,11,,61,validation,P2,61,16.49351406097412,cp_antecedent_polarity,1,61
1,P2:validation:323,,contraposition:invalid,11,,61,validation,P2,61,29.66530418395996,cp_direction,1,61
1,P2:validation:482,,modus_tollens:valid,11,,60,validation,P2,60,17.339848279953003,mt_rule_direction,1,60
1,P2:validation:231,,modus_tollens:invalid,11,,61,validation,P2,61,25.620448112487793,mt_rule_direction,1,61
1,P2:validation:295,,contraposition:invalid,11,,61,validation,P2,61,18.212278842926025,cp_antecedent_polarity,1,61
1,P2:validation:59,,contraposition:invalid,11,,61,validation,P2,61,24.49506950378418,cp_direction,1,61
1,P2:validation:635,,contraposition:invalid,11,,61,validation,P2,61,29.220471382141113,cp_direction,1,61
1,P2:validation:486,,contraposition:valid,11,,60,validation,P2,60,21.728781819343567,cp_antecedent_polarity,1,60
1,P2:validation:266,,modus_tollens:valid,11,,60,validation,P2,60,17.57583785057068,mt_rule_direction,1,60
1,P2:validation:192,,modus_tollens:valid,11,,60,validation,P2,60,17.39883804321289,mt_fact_polarity,1,60
1,P2:validation:102,,contraposition:valid,11,,60,validation,P2,60,6.4638471603393555,cp_antecedent_polarity,1,60
1,P2:validation:176,,contraposition:valid,11,,60,validation,P2,60,20.410199284553528,cp_consequent_polarity,1,60
1,P2:validation:733,,modus_tollens:invalid,11,,61,validation,P2,61,26.15226185321808,mt_fact_polarity,1,61
1,P2:validation:504,,modus_tollens:valid,11,,60,validation,P2,60,14.928916215896606,mt_fact_polarity,1,60
1,P2:validation:451,,contraposition:invalid,11,,61,validation,P2,61,7.09183406829834,cp_antecedent_polarity,1,61
1,P2:validation:293,,modus_tollens:invalid,11,,61,validation,P2,61,31.409258365631104,mt_query_polarity,1,61
1,P2:validation:379,,contraposition:invalid,11,,61,validation,P2,61,23.14858329296112,cp_antecedent_polarity,1,61
1,P2:validation:24,,modus_tollens:valid,11,,60,validation,P2,60,12.720795154571533,mt_fact_polarity,1,60
1,P2:validation:130,,contraposition:valid,11,,60,validation,P2,60,19.39064931869507,cp_direction,1,60
1,P2:validation:309,,contraposition:invalid,11,,61,validation,P2,61,24.53161710500717,cp_consequent_polarity,1,61
1,P2:validation:345,,contraposition:invalid,11,,61,validation,P2,61,23.139065504074097,cp_consequent_polarity,1,61
1,P2:validation:681,,contraposition:invalid,11,,61,validation,P2,61,22.253230333328247,cp_consequent_polarity,1,61
1,P2:validation:674,,modus_tollens:valid,11,,60,validation,P2,60,9.821491718292236,mt_rule_direction,1,60
1,P2:validation:637,,modus_tollens:invalid,11,,61,validation,P2,61,25.343310296535492,mt_fact_polarity,1,61
1,P2:validation:687,,modus_tollens:invalid,11,,61,validation,P2,61,6.6622419357299805,mt_rule_direction,1,61
1,P2:validation:277,,modus_tollens:invalid,11,,61,validation,P2,61,23.75833946466446,mt_fact_polarity,1,61
1,P2:validation:216,,modus_tollens:valid,11,,60,validation,P2,60,11.70652151107788,mt_fact_polarity,1,60
1,P2:validation:497,,modus_tollens:invalid,11,,61,validation,P2,61,24.924626011401415,mt_query_polarity,1,61
1,P2:validation:182,,modus_tollens:valid,11,,60,validation,P2,60,9.78297233581543,mt_rule_direction,1,60
1,P2:validation:117,,contraposition:invalid,11,,61,validation,P2,61,21.168086051940918,cp_consequent_polarity,1,61
1,P2:validation:749,,modus_tollens:invalid,11,,61,validation,P2,61,27.415252208709717,mt_query_polarity,1,61
1,P2:validation:604,,modus_tollens:valid,11,,60,validation,P2,60,10.28905200958252,mt_query_polarity,1,60
1,P2:validation:32,,contraposition:valid,11,,60,validation,P2,60,19.168461084365845,cp_consequent_polarity,1,60
1,P2:validation:414,,contraposition:valid,11,,60,validation,P2,60,20.569174826145172,cp_antecedent_polarity,1,60
1,P2:validation:367,,contraposition:invalid,11,,61,validation,P2,61,21.608490705490112,cp_antecedent_polarity,1,61
1,P2:validation:553,,modus_tollens:invalid,11,,61,validation,P2,61,32.265209674835205,mt_fact_polarity,1,61
1,P2:validation:571,,contraposition:invalid,11,,61,validation,P2,61,21.986729621887207,cp_antecedent_polarity,1,61
1,P2:validation:608,,contraposition:valid,11,,60,validation,P2,60,16.07937741279602,cp_consequent_polarity,1,60
1,P2:validation:170,,modus_tollens:valid,11,,60,validation,P2,60,12.720795154571533,mt_rule_direction,1,60
1,P2:validation:17,,modus_tollens:invalid,11,,61,validation,P2,61,30.307471752166748,mt_query_polarity,1,61
1,P2:validation:200,,contraposition:valid,11,,60,validation,P2,60,19.838150024414062,cp_consequent_polarity,1,60
1,P2:validation:362,,modus_tollens:valid,11,,60,validation,P2,60,15.269439220428467,mt_rule_direction,1,60
1,P2:validation:603,,modus_tollens:invalid,11,,61,validation,P2,61,20.089441776275635,mt_rule_direction,1,61
1,P2:validation:10,,contraposition:valid,11,,60,validation,P2,60,18.428967237472534,cp_direction,1,60
1,P2:validation:618,,contraposition:valid,11,,60,validation,P2,60,19.737711012363434,cp_antecedent_polarity,1,60
1,P2:validation:105,,contraposition:invalid,11,,61,validation,P2,61,23.75350320339203,cp_consequent_polarity,1,61
1,P2:validation:747,,modus_tollens:invalid,11,,61,validation,P2,61,24.344048976898193,mt_rule_direction,1,61
1,P2:validation:427,,contraposition:invalid,11,,61,validation,P2,61,7.09183406829834,cp_antecedent_polarity,1,61
1,P2:validation:153,,contraposition:invalid,11,,61,validation,P2,61,18.837743282318115,cp_consequent_polarity,1,61
1,P2:validation:503,,contraposition:invalid,11,,61,validation,P2,61,13.84614372253418,cp_direction,1,61
1,P2:validation:279,,modus_tollens:invalid,11,,61,validation,P2,61,8.46941089630127,mt_rule_direction,1,61
1,P2:validation:741,,contraposition:invalid,11,,61,validation,P2,61,23.33445930480957,cp_consequent_polarity,1,61
1,P2:validation:160,,modus_tollens:valid,11,,60,validation,P2,60,13.235907554626465,mt_query_polarity,1,60
1,P2:validation:71,,contraposition:invalid,11,,61,validation,P2,61,22.484970808029175,cp_direction,1,61
1,P2:validation:327,,modus_tollens:invalid,11,,61,validation,P2,61,24.149394512176514,mt_rule_direction,1,61
1,P2:validation:272,,contraposition:valid,11,,60,validation,P2,60,17.24817419052124,cp_consequent_polarity,1,60
1,P2:validation:168,,modus_tollens:valid,11,,60,validation,P2,60,12.779743671417236,mt_fact_polarity,1,60
1,P2:validation:211,,contraposition:invalid,11,,61,validation,P2,61,10.450226783752441,cp_antecedent_polarity,1,61
1,P2:validation:344,,contraposition:valid,11,,60,validation,P2,60,17.76075053215027,cp_consequent_polarity,1,60
1,P2:validation:90,,contraposition:valid,11,,60,validation,P2,60,22.546316146850586,cp_antecedent_polarity,1,60
1,P2:validation:257,,modus_tollens:invalid,11,,61,validation,P2,61,27.248449563980103,mt_query_polarity,1,61
1,P2:validation:156,,modus_tollens:valid,11,,60,validation,P2,60,13.211504936218262,mt_fact_polarity,1,60
1,P2:validation:761,,modus_tollens:invalid,11,,61,validation,P2,61,32.31149864196777,mt_query_polarity,1,61
1,P2:validation:251,,contraposition:invalid,11,,61,validation,P2,61,26.132305145263672,cp_direction,1,61
1,P2:validation:525,,contraposition:invalid,11,,61,validation,P2,61,21.168086051940918,cp_consequent_polarity,1,61
1,P2:validation:161,,modus_tollens:invalid,11,,61,validation,P2,61,31.642809867858887,mt_query_polarity,1,61
1,P2:validation:365,,modus_tollens:invalid,11,,61,validation,P2,61,25.645292580127716,mt_query_polarity,1,61
1,P2:validation:750,,contraposition:valid,11,,60,validation,P2,60,21.361362040042877,cp_antecedent_polarity,1,60
1,P2:validation:444,,modus_tollens:valid,11,,60,validation,P2,60,9.477564811706543,mt_fact_polarity,1,60
1,P2:validation:306,,contraposition:valid,11,,60,validation,P2,60,19.638782113790512,cp_antecedent_polarity,1,60
1,P2:validation:744,,modus_tollens:valid,11,,60,validation,P2,60,12.050911903381348,mt_fact_polarity,1,60
1,P2:validation:62,,modus_tollens:valid,11,,60,validation,P2,60,13.096434593200684,mt_rule_direction,1,60
1,P2:validation:424,,modus_tollens:valid,11,,60,validation,P2,60,10.669976234436035,mt_query_polarity,1,60
1,P2:validation:678,,contraposition:valid,11,,60,validation,P2,60,19.542909026145935,cp_antecedent_polarity,1,60
1,P2:validation:628,,modus_tollens:valid,11,,60,validation,P2,60,8.625528335571289,mt_query_polarity,1,60
1,P2:validation:742,,contraposition:valid,11,,60,validation,P2,60,18.727940797805786,cp_direction,1,60
1,P2:validation:355,,contraposition:invalid,11,,61,validation,P2,61,24.6214382648468,cp_antecedent_polarity,1,61
1,P2:validation:641,,modus_tollens:invalid,11,,61,validation,P2,61,32.22103261947632,mt_query_polarity,1,61
1,P2:validation:66,,contraposition:valid,11,,60,validation,P2,60,8.787224769592285,cp_antecedent_polarity,1,60
1,P2:validation:178,,contraposition:valid,11,,60,validation,P2,60,19.88583731651306,cp_direction,1,60
1,P2:validation:181,,modus_tollens:invalid,11,,61,validation,P2,61,31.291704177856445,mt_fact_polarity,1,61
1,P2:validation:722,,modus_tollens:valid,11,,60,validation,P2,60,13.92503309249878,mt_rule_direction,1,60
1,P2:validation:586,,contraposition:valid,11,,60,validation,P2,60,19.88583731651306,cp_direction,1,60
1,P2:validation:729,,contraposition:invalid,11,,61,validation,P2,61,24.55647188425064,cp_consequent_polarity,1,61
1,P2:validation:716,,contraposition:valid,11,,60,validation,P2,60,13.585151672363281,cp_consequent_polarity,1,60
1,P2:validation:326,,modus_tollens:valid,11,,60,validation,P2,60,11.325035572052002,mt_rule_direction,1,60
1,P2:validation:537,,contraposition:invalid,11,,61,validation,P2,61,27.062880039215088,cp_consequent_polarity,1,61
1,P2:validation:739,,contraposition:invalid,11,,61,validation,P2,61,21.923555612564087,cp_antecedent_polarity,1,61
1,P2:validation:273,,contraposition:invalid,11,,61,validation,P2,61,18.42854118347168,cp_consequent_polarity,1,61
1,P2:validation:207,,modus_tollens:invalid,11,,61,validation,P2,61,25.780563592910767,mt_rule_direction,1,61
1,P2:validation:614,,modus_tollens:valid,11,,60,validation,P2,60,10.185383796691895,mt_rule_direction,1,60
1,P2:validation:626,,modus_tollens:valid,11,,60,validation,P2,60,11.325035572052002,mt_rule_direction,1,60
1,P2:validation:720,,modus_tollens:valid,11,,60,validation,P2,60,17.177428722381592,mt_fact_polarity,1,60
1,P2:validation:538,,contraposition:valid,11,,60,validation,P2,60,21.380309462547302,cp_direction,1,60
1,P2:validation:39,,modus_tollens:invalid,11,,61,validation,P2,61,23.297698736190796,mt_rule_direction,1,61
1,P2:validation:376,,modus_tollens:valid,11,,60,validation,P2,60,10.367376327514648,mt_query_polarity,1,60
1,P2:validation:14,,modus_tollens:valid,11,,60,validation,P2,60,13.796784400939941,mt_rule_direction,1,60
1,P2:validation:44,,contraposition:valid,11,,60,validation,P2,60,21.01465878635645,cp_consequent_polarity,1,60
1,P2:validation:688,,modus_tollens:valid,11,,60,validation,P2,60,11.304866790771484,mt_query_polarity,1,60
1,P2:validation:332,,contraposition:valid,11,,60,validation,P2,60,22.157412499189377,cp_consequent_polarity,1,60
1,P2:validation:6,,contraposition:valid,11,,60,validation,P2,60,22.519006729125977,cp_antecedent_polarity,1,60
1,P2:validation:205,,modus_tollens:invalid,11,,61,validation,P2,61,26.15226185321808,mt_fact_polarity,1,61
1,P2:validation:699,,modus_tollens:invalid,11,,61,validation,P2,61,19.526702642440796,mt_rule_direction,1,61
1,P2:validation:498,,contraposition:valid,11,,60,validation,P2,60,18.794677019119263,cp_antecedent_polarity,1,60
1,P2:validation:140,,contraposition:valid,11,,60,validation,P2,60,23.027379274368286,cp_consequent_polarity,1,60
1,P2:validation:377,,modus_tollens:invalid,11,,61,validation,P2,61,25.551326632499695,mt_query_polarity,1,61
1,P2:validation:454,,contraposition:valid,11,,60,validation,P2,60,22.709946870803833,cp_direction,1,60
1,P2:validation:315,,modus_tollens:invalid,11,,61,validation,P2,61,13.027034282684326,mt_rule_direction,1,61
1,P2:validation:214,,contraposition:valid,11,,60,validation,P2,60,20.011706471443176,cp_direction,1,60
1,P2:validation:758,,modus_tollens:valid,11,,60,validation,P2,60,10.497313499450684,mt_rule_direction,1,60
1,P2:validation:466,,contraposition:valid,11,,60,validation,P2,60,19.374794483184814,cp_direction,1,60
1,P2:validation:405,,contraposition:invalid,11,,61,validation,P2,61,23.898826718330383,cp_consequent_polarity,1,61
1,P2:validation:464,,contraposition:valid,11,,60,validation,P2,60,19.578927516937256,cp_consequent_polarity,1,60
1,P2:validation:316,,modus_tollens:valid,11,,60,validation,P2,60,12.720795154571533,mt_query_polarity,1,60
1,P2:validation:67,,contraposition:invalid,11,,61,validation,P2,61,21.812484741210938,cp_antecedent_polarity,1,61
1,P2:validation:682,,contraposition:valid,11,,60,validation,P2,60,13.538457870483398,cp_direction,1,60
1,P2:validation:416,,contraposition:valid,11,,60,validation,P2,60,17.7607501745224,cp_consequent_polarity,1,60
1,P2:validation:476,,contraposition:valid,11,,60,validation,P2,60,23.16638708114624,cp_consequent_polarity,1,60
1,P2:validation:611,,contraposition:invalid,11,,61,validation,P2,61,30.394990921020508,cp_direction,1,61
1,P2:validation:667,,contraposition:invalid,11,,61,validation,P2,61,18.002275943756104,cp_antecedent_polarity,1,61
1,P2:validation:659,,contraposition:invalid,11,,61,validation,P2,61,11.679434776306152,cp_direction,1,61
1,P2:validation:590,,modus_tollens:valid,11,,60,validation,P2,60,12.69033670425415,mt_rule_direction,1,60
1,P2:validation:629,,modus_tollens:invalid,11,,61,validation,P2,61,30.306605339050293,mt_query_polarity,1,61
1,P2:validation:710,,modus_tollens:valid,11,,60,validation,P2,60,8.1921968460083,mt_rule_direction,1,60
1,P2:validation:539,,contraposition:invalid,11,,61,validation,P2,61,30.235373973846436,cp_direction,1,61
1,P2:validation:303,,modus_tollens:invalid,11,,61,validation,P2,61,14.475920677185059,mt_rule_direction,1,61
1,P2:validation:551,,contraposition:invalid,11,,61,validation,P2,61,26.18856954574585,cp_direction,1,61
1,P2:validation:191,,contraposition:invalid,11,,61,validation,P2,61,6.696364402770996,cp_direction,1,61
1,P2:validation:25,,modus_tollens:invalid,11,,61,validation,P2,61,31.11518955230713,mt_fact_polarity,1,61
1,P2:validation:690,,contraposition:valid,11,,60,validation,P2,60,19.153283834457397,cp_antecedent_polarity,1,60
1,P2:validation:21,,contraposition:invalid,11,,61,validation,P2,61,21.937252044677734,cp_consequent_polarity,1,61
1,P2:validation:712,,modus_tollens:valid,11,,60,validation,P2,60,11.559719562530518,mt_query_polarity,1,60
1,P2:validation:149,,modus_tollens:invalid,11,,61,validation,P2,61,27.415252208709717,mt_query_polarity,1,61
1,P2:validation:215,,contraposition:invalid,11,,61,validation,P2,61,24.428205609321594,cp_direction,1,61
1,P2:validation:190,,contraposition:valid,11,,60,validation,P2,60,16.387768983840942,cp_direction,1,60
1,P2:validation:535,,contraposition:invalid,11,,61,validation,P2,61,15.778669834136963,cp_antecedent_polarity,1,61
1,P2:validation:517,,modus_tollens:invalid,11,,61,validation,P2,61,31.59076738357544,mt_fact_polarity,1,61
1,P2:validation:643,,contraposition:invalid,11,,61,validation,P2,61,23.54181259870529,cp_antecedent_polarity,1,61
1,P2:validation:650,,modus_tollens:valid,11,,60,validation,P2,60,11.735770225524902,mt_rule_direction,1,60
1,P2:validation:350,,modus_tollens:valid,11,,60,validation,P2,60,12.784281730651855,mt_rule_direction,1,60
1,P2:validation:573,,contraposition:invalid,11,,61,validation,P2,61,15.484772205352783,cp_consequent_polarity,1,61
1,P2:validation:475,,contraposition:invalid,11,,61,validation,P2,61,22.588269472122192,cp_antecedent_polarity,1,61
1,P2:validation:230,,modus_tollens:valid,11,,60,validation,P2,60,15.315017700195312,mt_rule_direction,1,60
1,P2:validation:220,,modus_tollens:valid,11,,60,validation,P2,60,17.177428722381592,mt_query_polarity,1,60
1,P2:validation:570,,contraposition:valid,11,,60,validation,P2,60,19.578927516937256,cp_antecedent_polarity,1,60
1,P2:validation:87,,modus_tollens:invalid,11,,61,validation,P2,61,26.327802658081055,mt_rule_direction,1,61
1,P2:validation:737,,modus_tollens:invalid,11,,61,validation,P2,61,31.676931381225586,mt_query_polarity,1,61
1,P2:validation:599,,contraposition:invalid,11,,61,validation,P2,61,28.646981716156006,cp_direction,1,61
1,P2:validation:294,,contraposition:valid,11,,60,validation,P2,60,18.67569100856781,cp_antecedent_polarity,1,60
1,P2:validation:343,,contraposition:invalid,11,,61,validation,P2,61,15.245073795318604,cp_antecedent_polarity,1,61
1,P2:validation:129,,contraposition:invalid,11,,61,validation,P2,61,15.044597625732422,cp_consequent_polarity,1,61
1,P2:validation:227,,contraposition:invalid,11,,61,validation,P2,61,28.729408740997314,cp_direction,1,61
1,P2:validation:263,,contraposition:invalid,11,,61,validation,P2,61,6.696364402770996,cp_direction,1,61
1,P2:validation:441,,contraposition:invalid,11,,61,validation,P2,61,25.458923816680908,cp_consequent_polarity,1,61
1,P2:validation:349,,modus_tollens:invalid,11,,61,validation,P2,61,30.146251916885376,mt_fact_polarity,1,61
1,P2:validation:262,,contraposition:valid,11,,60,validation,P2,60,20.110776841640472,cp_direction,1,60
1,P2:validation:4,,modus_tollens:valid,11,,60,validation,P2,60,12.07907485961914,mt_query_polarity,1,60
1,P2:validation:120,,modus_tollens:valid,11,,60,validation,P2,60,10.94168472290039,mt_fact_polarity,1,60
1,P2:validation:128,,contraposition:valid,11,,60,validation,P2,60,18.618886947631836,cp_consequent_polarity,1,60
1,P2:validation:255,,modus_tollens:invalid,11,,61,validation,P2,61,19.52394437789917,mt_rule_direction,1,61
1,P2:validation:421,,modus_tollens:invalid,11,,61,validation,P2,61,32.13739204406738,mt_fact_polarity,1,61
1,P2:validation:5,,modus_tollens:invalid,11,,61,validation,P2,61,30.118736267089844,mt_query_polarity,1,61
1,P2:validation:237,,contraposition:invalid,11,,61,validation,P2,61,25.739426612854004,cp_consequent_polarity,1,61
1,P2:validation:373,,modus_tollens:invalid,11,,61,validation,P2,61,32.19229459762573,mt_fact_polarity,1,61
1,P2:validation:137,,modus_tollens:invalid,11,,61,validation,P2,61,25.645292580127716,mt_query_polarity,1,61
1,P2:validation:436,,modus_tollens:valid,11,,60,validation,P2,60,14.204943656921387,mt_query_polarity,1,60
1,P2:validation:478,,contraposition:valid,11,,60,validation,P2,60,12.899550437927246,cp_direction,1,60
1,P2:validation:396,,modus_tollens:valid,11,,60,validation,P2,60,12.783881664276123,mt_fact_polarity,1,60
1,P2:validation:714,,contraposition:valid,11,,60,validation,P2,60,13.538457870483398,cp_antecedent_polarity,1,60
1,P2:validation:143,,contraposition:invalid,11,,61,validation,P2,61,25.407888889312744,cp_direction,1,61
1,P2:validation:99,,modus_tollens:invalid,11,,61,validation,P2,61,25.368178367614746,mt_rule_direction,1,61
1,P2:validation:329,,modus_tollens:invalid,11,,61,validation,P2,61,27.182923555374146,mt_query_polarity,1,61
1,P2:validation:256,,modus_tollens:valid,11,,60,validation,P2,60,15.272778511047363,mt_query_polarity,1,60
1,P2:validation:580,,modus_tollens:valid,11,,60,validation,P2,60,10.657195568084717,mt_query_polarity,1,60
1,P2:validation:689,,modus_tollens:invalid,11,,61,validation,P2,61,27.348919928073883,mt_query_polarity,1,61
1,P2:validation:756,,modus_tollens:valid,11,,60,validation,P2,60,10.28905200958252,mt_fact_polarity,1,60
1,P2:validation:158,,modus_tollens:valid,11,,60,validation,P2,60,10.357048034667969,mt_rule_direction,1,60
1,P2:validation:513,,contraposition:invalid,11,,61,validation,P2,61,23.139065504074097,cp_consequent_polarity,1,61
1,P2:validation:18,,contraposition:valid,11,,60,validation,P2,60,13.704840183258057,cp_antecedent_polarity,1,60
1,P2:validation:533,,modus_tollens:invalid,11,,61,validation,P2,61,29.307779788970947,mt_query_polarity,1,61
1,P2:validation:22,,contraposition:valid,11,,60,validation,P2,60,19.637202501296997,cp_direction,1,60
1,P2:validation:36,,modus_tollens:valid,11,,60,validation,P2,60,17.408215522766113,mt_fact_polarity,1,60
1,P2:validation:751,,contraposition:invalid,11,,61,validation,P2,61,19.272783279418945,cp_antecedent_polarity,1,61
1,P2:validation:616,,modus_tollens:valid,11,,60,validation,P2,60,17.39883804321289,mt_query_polarity,1,60
1,P2:validation:632,,contraposition:valid,11,,60,validation,P2,60,14.677856922149658,cp_consequent_polarity,1,60
1,P2:validation:348,,modus_tollens:valid,11,,60,validation,P2,60,10.497313499450684,mt_fact_polarity,1,60
1,P2:validation:145,,modus_tollens:invalid,11,,61,validation,P2,61,31.918169498443604,mt_fact_polarity,1,61
1,P2:validation:163,,contraposition:invalid,11,,61,validation,P2,61,7.09183406829834,cp_antecedent_polarity,1,61
1,P2:validation:597,,contraposition:invalid,11,,61,validation,P2,61,14.94776439666748,cp_consequent_polarity,1,61
1,P2:validation:559,,contraposition:invalid,11,,61,validation,P2,61,23.01119637489319,cp_antecedent_polarity,1,61
1,P2:validation:566,,modus_tollens:valid,11,,60,validation,P2,60,13.836136817932129,mt_rule_direction,1,60
1,P2:validation:631,,contraposition:invalid,11,,61,validation,P2,61,15.475406646728516,cp_antecedent_polarity,1,61
1,P2:validation:391,,contraposition:invalid,11,,61,validation,P2,61,10.450226783752441,cp_antecedent_polarity,1,61
1,P2:validation:662,,modus_tollens:valid,11,,60,validation,P2,60,10.657195568084717,mt_rule_direction,1,60
1,P2:validation:3,,modus_tollens:invalid,11,,61,validation,P2,61,11.246243953704834,mt_rule_direction,1,61
1,P2:validation:583,,contraposition:invalid,11,,61,validation,P2,61,15.437200546264648,cp_antecedent_polarity,1,61
1,P2:validation:325,,modus_tollens:invalid,11,,61,validation,P2,61,30.77433156967163,mt_fact_polarity,1,61
1,P2:validation:730,,contraposition:valid,11,,60,validation,P2,60,22.377922892570496,cp_direction,1,60
1,P2:validation:585,,contraposition:invalid,11,,61,validation,P2,61,26.215403079986572,cp_consequent_polarity,1,61
1,P2:validation:388,,modus_tollens:valid,11,,60,validation,P2,60,9.375631332397461,mt_query_polarity,1,60
1,P2:validation:45,,contraposition:invalid,11,,61,validation,P2,61,16.110352039337158,cp_consequent_polarity,1,61
1,P2:validation:523,,contraposition:invalid,11,,61,validation,P2,61,22.2868754863739,cp_antecedent_polarity,1,61
1,P2:validation:723,,modus_tollens:invalid,11,,61,validation,P2,61,24.385915279388428,mt_rule_direction,1,61
1,P2:validation:60,,modus_tollens:valid,11,,60,validation,P2,60,12.386548519134521,mt_fact_polarity,1,60
1,P2:validation:660,,modus_tollens:valid,11,,60,validation,P2,60,8.718117713928223,mt_fact_polarity,1,60
1,P2:validation:501,,contraposition:invalid,11,,61,validation,P2,61,25.458923816680908,cp_consequent_polarity,1,61
1,P2:validation:417,,contraposition:invalid,11,,61,validation,P2,61,18.639302730560303,cp_consequent_polarity,1,61
1,P2:validation:595,,contraposition:invalid,11,,61,validation,P2,61,16.65388298034668,cp_antecedent_polarity,1,61
1,P2:validation:390,,contraposition:valid,11,,60,validation,P2,60,18.568687677383423,cp_antecedent_polarity,1,60
1,P2:validation:494,,modus_tollens:valid,11,,60,validation,P2,60,9.654550552368164,mt_rule_direction,1,60
1,P2:validation:467,,contraposition:invalid,11,,61,validation,P2,61,11.835554122924805,cp_direction,1,61
1,P2:validation:301,,modus_tollens:invalid,11,,61,validation,P2,61,31.379764080047607,mt_fact_polarity,1,61
1,P2:validation:136,,modus_tollens:valid,11,,60,validation,P2,60,12.859224319458008,mt_query_polarity,1,60
1,P2:validation:265,,modus_tollens:invalid,11,,61,validation,P2,61,25.642445027828217,mt_fact_polarity,1,61
1,P2:validation:606,,contraposition:valid,11,,60,validation,P2,60,18.200846910476685,cp_antecedent_polarity,1,60
1,P2:validation:541,,modus_tollens:invalid,11,,61,validation,P2,61,24.74282605946064,mt_fact_polarity,1,61
1,P2:validation:243,,modus_tollens:invalid,11,,61,validation,P2,61,20.520464032888412,mt_rule_direction,1,61
1,P2:validation:572,,contraposition:valid,11,,60,validation,P2,60,21.728781819343567,cp_consequent_polarity,1,60
1,P2:validation:157,,modus_tollens:invalid,11,,61,validation,P2,61,29.996026515960693,mt_fact_polarity,1,61
1,P2:validation:282,,contraposition:valid,11,,60,validation,P2,60,21.67754065990448,cp_antecedent_polarity,1,60
1,P2:validation:450,,contraposition:valid,11,,60,validation,P2,60,19.374794483184814,cp_antecedent_polarity,1,60
1,P2:validation:499,,contraposition:invalid,11,,61,validation,P2,61,15.215795516967773,cp_antecedent_polarity,1,61
1,P2:validation:602,,modus_tollens:valid,11,,60,validation,P2,60,10.28905200958252,mt_rule_direction,1,60
1,P2:validation:141,,contraposition:invalid,11,,61,validation,P2,61,15.92080307006836,cp_consequent_polarity,1,61
1,P2:validation:439,,contraposition:invalid,11,,61,validation,P2,61,16.834457397460938,cp_antecedent_polarity,1,61
1,P2:validation:646,,contraposition:valid,11,,60,validation,P2,60,19.374794483184814,cp_direction,1,60
1,P2:validation:150,,contraposition:valid,11,,60,validation,P2,60,13.704840183258057,cp_antecedent_polarity,1,60
1,P2:validation:68,,contraposition:valid,11,,60,validation,P2,60,11.96690320968628,cp_consequent_polarity,1,60
1,P2:validation:657,,contraposition:invalid,11,,61,validation,P2,61,11.071022987365723,cp_consequent_polarity,1,61
1,P2:validation:515,,contraposition:invalid,11,,61,validation,P2,61,28.830313682556152,cp_direction,1,61
1,P2:validation:623,,contraposition:invalid,11,,61,validation,P2,61,29.37657880783081,cp_direction,1,61
1,P2:validation:703,,contraposition:invalid,11,,61,validation,P2,61,24.388132095336914,cp_antecedent_polarity,1,61
1,P2:validation:457,,modus_tollens:invalid,11,,61,validation,P2,61,23.083763241767883,mt_fact_polarity,1,61
1,P2:validation:705,,contraposition:invalid,11,,61,validation,P2,61,18.237647533416748,cp_consequent_polarity,1,61
1,P2:validation:175,,contraposition:invalid,11,,61,validation,P2,61,22.38070511817932,cp_antecedent_polarity,1,61
1,P2:validation:96,,modus_tollens:valid,11,,60,validation,P2,60,15.683308601379395,mt_fact_polarity,1,60
1,P2:validation:369,,contraposition:invalid,11,,61,validation,P2,61,22.279661178588867,cp_consequent_polarity,1,61
1,P2:validation:64,,modus_tollens:valid,11,,60,validation,P2,60,8.814203262329102,mt_query_polarity,1,60
1,P2:validation:658,,contraposition:valid,11,,60,validation,P2,60,17.17570972442627,cp_direction,1,60
1,P2:validation:422,,modus_tollens:valid,11,,60,validation,P2,60,12.694339752197266,mt_rule_direction,1,60
1,P2:validation:621,,contraposition:invalid,11,,61,validation,P2,61,16.110352039337158,cp_consequent_polarity,1,61
1,P2:validation:592,,modus_tollens:valid,11,,60,validation,P2,60,17.40137529373169,mt_query_polarity,1,60
1,P2:validation:488,,contraposition:valid,11,,60,validation,P2,60,16.07937741279602,cp_consequent_polarity,1,60
1,P2:validation:465,,contraposition:invalid,11,,61,validation,P2,61,18.837743282318115,cp_consequent_polarity,1,61
1,P2:validation:519,,modus_tollens:invalid,11,,61,validation,P2,61,25.780563831329346,mt_rule_direction,1,61
1,P2:validation:93,,contraposition:invalid,11,,61,validation,P2,61,18.317545890808105,cp_consequent_polarity,1,61
1,P2:test:747,,modus_tollens:invalid,11,,61,test,P2,61,22.091694831848145,mt_rule_direction,1,61
1,P2:test:29,,modus_tollens:invalid,11,,61,test,P2,61,27.33367943763733,mt_query_polarity,1,61
1,P2:test:623,,contraposition:invalid,11,,61,test,P2,61,27.23814618587494,cp_direction,1,61
1,P2:test:434,,modus_tollens:valid,11,,60,test,P2,60,12.951837062835693,mt_rule_direction,1,60
0,P2:test:503,,contraposition:invalid,11,,60,test,P2,61,-9.031721115112305,cp_direction,0,60
1,P2:test:137,,modus_tollens:invalid,11,,61,test,P2,61,25.674355626106262,mt_query_polarity,1,61
1,P2:test:402,,contraposition:valid,11,,60,test,P2,60,15.986337661743164,cp_antecedent_polarity,1,60
1,P2:test:169,,modus_tollens:invalid,11,,61,test,P2,61,27.964868545532227,mt_fact_polarity,1,61
1,P2:test:566,,modus_tollens:valid,11,,60,test,P2,60,14.912415504455566,mt_rule_direction,1,60
1,P2:test:539,,contraposition:invalid,11,,61,test,P2,61,5.163329124450684,cp_direction,1,61
1,P2:test:100,,modus_tollens:valid,11,,60,test,P2,60,17.45889186859131,mt_query_polarity,1,60
1,P2:test:317,,modus_tollens:invalid,11,,61,test,P2,61,25.231777787208557,mt_query_polarity,1,61
1,P2:test:371,,contraposition:invalid,11,,61,test,P2,61,28.729408740997314,cp_direction,1,61
1,P2:test:201,,contraposition:invalid,11,,61,test,P2,61,18.680156230926514,cp_consequent_polarity,1,61
1,P2:test:52,,modus_tollens:valid,11,,60,test,P2,60,12.40849494934082,mt_query_polarity,1,60
1,P2:test:128,,contraposition:valid,11,,60,test,P2,60,19.176844358444214,cp_consequent_polarity,1,60
1,P2:test:761,,modus_tollens:invalid,11,,61,test,P2,61,31.78186559677124,mt_query_polarity,1,61
1,P2:test:374,,modus_tollens:valid,11,,60,test,P2,60,12.065404891967773,mt_rule_direction,1,60
1,P2:test:509,,modus_tollens:invalid,11,,61,test,P2,61,30.19347095489502,mt_query_polarity,1,61
1,P2:test:108,,modus_tollens:valid,11,,60,test,P2,60,11.81036901473999,mt_fact_polarity,1,60
1,P2:test:706,,contraposition:valid,11,,60,test,P2,60,21.01465878635645,cp_direction,1,60
1,P2:test:454,,contraposition:valid,11,,60,test,P2,60,18.794677019119263,cp_direction,1,60
1,P2:test:628,,modus_tollens:valid,11,,60,test,P2,60,17.339848279953003,mt_query_polarity,1,60
1,P2:test:746,,modus_tollens:valid,11,,60,test,P2,60,10.32984209060669,mt_rule_direction,1,60
1,P2:test:335,,contraposition:invalid,11,,61,test,P2,61,14.356391429901123,cp_direction,1,61
1,P2:test:120,,modus_tollens:valid,11,,60,test,P2,60,10.94168472290039,mt_fact_polarity,1,60
1,P2:test:75,,modus_tollens:invalid,11,,61,test,P2,61,19.808945059776306,mt_rule_direction,1,61
1,P2:test:346,,contraposition:valid,11,,60,test,P2,60,21.613073468208313,cp_direction,1,60
1,P2:test:368,,contraposition:valid,11,,60,test,P2,60,18.777992844581604,cp_consequent_polarity,1,60
1,P2:test:436,,modus_tollens:valid,11,,60,test,P2,60,11.325035572052002,mt_query_polarity,1,60
1,P2:test:442,,contraposition:valid,11,,60,test,P2,60,21.01465878635645,cp_direction,1,60
1,P2:test:76,,modus_tollens:valid,11,,60,test,P2,60,12.741083145141602,mt_query_polarity,1,60
1,P2:test:30,,contraposition:valid,11,,60,test,P2,60,19.168457746505737,cp_antecedent_polarity,1,60
1,P2:test:651,,modus_tollens:invalid,11,,61,test,P2,61,27.37010145187378,mt_rule_direction,1,61
1,P2:test:508,,modus_tollens:valid,11,,60,test,P2,60,9.821491718292236,mt_query_polarity,1,60
1,P2:test:241,,modus_tollens:invalid,11,,61,test,P2,61,26.936583757400513,mt_fact_polarity,1,61
1,P2:test:69,,contraposition:invalid,11,,61,test,P2,61,27.062880039215088,cp_consequent_polarity,1,61
1,P2:test:576,,modus_tollens:valid,11,,60,test,P2,60,13.92503309249878,mt_fact_polarity,1,60
1,P2:test:195,,modus_tollens:invalid,11,,61,test,P2,61,22.07428914308548,mt_rule_direction,1,61
1,P2:test:711,,modus_tollens:invalid,11,,61,test,P2,61,25.223553895950317,mt_rule_direction,1,61
1,P2:test:295,,contraposition:invalid,11,,61,test,P2,61,18.212278842926025,cp_antecedent_polarity,1,61
1,P2:test:756,,modus_tollens:valid,11,,60,test,P2,60,10.185383796691895,mt_fact_polarity,1,60
1,P2:test:757,,modus_tollens:invalid,11,,61,test,P2,61,30.036493062973022,mt_fact_polarity,1,61
1,P2:test:536,,contraposition:valid,11,,60,test,P2,60,21.13876497745514,cp_consequent_polarity,1,60
1,P2:test:55,,contraposition:invalid,11,,61,test,P2,61,22.37173819541931,cp_antecedent_polarity,1,61
1,P2:test:216,,modus_tollens:valid,11,,60,test,P2,60,12.693426132202148,mt_fact_polarity,1,60
1,P2:test:161,,modus_tollens:invalid,11,,61,test,P2,61,29.43651270866394,mt_query_polarity,1,61
1,P2:test:36,,modus_tollens:valid,11,,60,test,P2,60,15.295964241027832,mt_fact_polarity,1,60
1,P2:test:507,,modus_tollens:invalid,11,,61,test,P2,61,20.647147059440613,mt_rule_direction,1,61
1,P2:test:685,,modus_tollens:invalid,11,,61,test,P2,61,31.44123077392578,mt_fact_polarity,1,61
1,P2:test:448,,modus_tollens:valid,11,,60,test,P2,60,9.477564811706543,mt_query_polarity,1,60
1,P2:test:147,,modus_tollens:invalid,11,,61,test,P2,61,16.733747482299805,mt_rule_direction,1,61
1,P2:test:17,,modus_tollens:invalid,11,,61,test,P2,61,29.823230981826782,mt_query_polarity,1,61
1,P2:test:420,,modus_tollens:valid,11,,60,test,P2,60,8.436970710754395,mt_fact_polarity,1,60
1,P2:test:203,,contraposition:invalid,11,,61,test,P2,61,14.871719360351562,cp_direction,1,61
1,P2:test:372,,modus_tollens:valid,11,,60,test,P2,60,10.367376327514648,mt_fact_polarity,1,60
1,P2:test:388,,modus_tollens:valid,11,,60,test,P2,60,13.235907554626465,mt_query_polarity,1,60
1,P2:test:283,,contraposition:invalid,11,,61,test,P2,61,19.272783279418945,cp_antecedent_polarity,1,61
1,P2:test:627,,modus_tollens:invalid,11,,61,test,P2,61,20.647147059440613,mt_rule_direction,1,61
1,P2:test:658,,contraposition:valid,11,,60,test,P2,60,15.986337661743164,cp_direction,1,60
1,P2:test:617,,modus_tollens:invalid,11,,61,test,P2,61,30.671387195587158,mt_query_polarity,1,61
1,P2:test:716,,contraposition:valid,11,,60,test,P2,60,21.176122307777405,cp_consequent_polarity,1,60
1,P2:test:355,,contraposition:invalid,11,,61,test,P2,61,24.0110422372818,cp_antecedent_polarity,1,61
1,P2:test:765,,contraposition:invalid,11,,61,test,P2,61,23.73879635334015,cp_consequent_polarity,1,61
1,P2:test:412,,modus_tollens:valid,11,,60,test,P2,60,12.694339752197266,mt_query_polarity,1,60
1,P2:test:280,,modus_tollens:valid,11,,60,test,P2,60,10.463075637817383,mt_query_polarity,1,60
1,P2:test:443,,contraposition:invalid,11,,61,test,P2,61,25.373091757297516,cp_direction,1,61
1,P2:test:744,,modus_tollens:valid,11,,60,test,P2,60,12.951837062835693,mt_fact_polarity,1,60
1,P2:test:198,,contraposition:valid,11,,60,test,P2,60,22.519006729125977,cp_antecedent_polarity,1,60
1,P2:test:80,,contraposition:valid,11,,60,test,P2,60,13.74563455581665,cp_consequent_polarity,1,60
1,P2:test:165,,contraposition:invalid,11,,61,test,P2,61,26.215403079986572,cp_consequent_polarity,1,61
1,P2:test:13,,modus_tollens:invalid,11,,61,test,P2,61,31.379764080047607,mt_fact_polarity,1,61
1,P2:test:154,,contraposition:valid,11,,60,test,P2,60,19.102351903915405,cp_direction,1,60
1,P2:test:145,,modus_tollens:invalid,11,,61,test,P2,61,27.075926423072815,mt_fact_polarity,1,61
1,P2:test:467,,contraposition:invalid,11,,61,test,P2,61,28.91317081451416,cp_direction,1,61
1,P2:test:424,,modus_tollens:valid,11,,60,test,P2,60,14.928916215896606,mt_query_polarity,1,60
1,P2:test:515,,contraposition:invalid,11,,61,test,P2,61,30.76673984527588,cp_direction,1,61
1,P2:test:618,,contraposition:valid,11,,60,test,P2,60,5.515507698059082,cp_antecedent_polarity,1,60
1,P2:test:661,,modus_tollens:invalid,11,,61,test,P2,61,31.953248500823975,mt_fact_polarity,1,61
1,P2:test:130,,contraposition:valid,11,,60,test,P2,60,7.482355117797852,cp_direction,1,60
1,P2:test:478,,contraposition:valid,11,,60,test,P2,60,21.13876497745514,cp_direction,1,60
1,P2:test:698,,modus_tollens:valid,11,,60,test,P2,60,12.728402614593506,mt_rule_direction,1,60
1,P2:test:417,,contraposition:invalid,11,,61,test,P2,61,16.663848400115967,cp_consequent_polarity,1,61
1,P2:test:270,,contraposition:valid,11,,60,test,P2,60,22.90640616416931,cp_antecedent_polarity,1,60
1,P2:test:182,,modus_tollens:valid,11,,60,test,P2,60,8.718117713928223,mt_rule_direction,1,60
1,P2:test:115,,contraposition:invalid,11,,61,test,P2,61,18.61960744857788,cp_antecedent_polarity,1,61
1,P2:test:592,,modus_tollens:valid,11,,60,test,P2,60,10.497313499450684,mt_query_polarity,1,60
1,P2:test:479,,contraposition:invalid,11,,61,test,P2,61,22.484967172145844,cp_direction,1,61
1,P2:test:738,,contraposition:valid,11,,60,test,P2,60,19.542909026145935,cp_antecedent_polarity,1,60
1,P2:test:32,,contraposition:valid,11,,60,test,P2,60,20.410199284553528,cp_consequent_polarity,1,60
1,P2:test:37,,modus_tollens:invalid,11,,61,test,P2,61,29.395464658737183,mt_fact_polarity,1,61
1,P2:test:278,,modus_tollens:valid,11,,60,test,P2,60,8.436970710754395,mt_rule_direction,1,60
1,P2:test:674,,modus_tollens:valid,11,,60,test,P2,60,10.32984209060669,mt_rule_direction,1,60
1,P2:test:669,,contraposition:invalid,11,,61,test,P2,61,22.84407615661621,cp_consequent_polarity,1,61
1,P2:test:614,,modus_tollens:valid,11,,60,test,P2,60,11.173466205596924,mt_rule_direction,1,60
1,P2:test:477,,contraposition:invalid,11,,61,test,P2,61,26.156847715377808,cp_consequent_polarity,1,61
1,P2:test:168,,modus_tollens:valid,11,,60,test,P2,60,13.008142948150635,mt_fact_polarity,1,60
1,P2:test:47,,contraposition:invalid,11,,61,test,P2,61,30.76673984527588,cp_direction,1,61
1,P2:test:305,,modus_tollens:invalid,11,,61,test,P2,61,32.164823055267334,mt_query_polarity,1,61
1,P2:test:586,,contraposition:valid,11,,60,test,P2,60,20.74212896823883,cp_direction,1,60
1,P2:test:413,,modus_tollens:invalid,11,,61,test,P2,61,27.415252208709717,mt_query_polarity,1,61
1,P2:test:541,,modus_tollens:invalid,11,,61,test,P2,61,26.038384079933167,mt_fact_polarity,1,61
1,P2:test:490,,contraposition:valid,11,,60,test,P2,60,7.579505920410156,cp_direction,1,60
1,P2:test:423,,modus_tollens:invalid,11,,61,test,P2,61,22.22683572769165,mt_rule_direction,1,61
1,P2:test:93,,contraposition:invalid,11,,61,test,P2,61,22.16450572013855,cp_consequent_polarity,1,61
1,P2:test:489,,contraposition:invalid,11,,61,test,P2,61,16.663848400115967,cp_consequent_polarity,1,61
1,P2:test:12,,modus_tollens:valid,11,,60,test,P2,60,8.370352745056152,mt_fact_polarity,1,60
1,P2:test:4,,modus_tollens:valid,11,,60,test,P2,60,10.367376327514648,mt_query_polarity,1,60
1,P2:test:173,,modus_tollens:invalid,11,,61,test,P2,61,24.57260058261454,mt_query_polarity,1,61
1,P2:test:739,,contraposition:invalid,11,,61,test,P2,61,24.027164936065674,cp_antecedent_polarity,1,61
1,P2:test:292,,modus_tollens:valid,11,,60,test,P2,60,17.412871599197388,mt_query_polarity,1,60
1,P2:test:570,,contraposition:valid,11,,60,test,P2,60,21.380309462547302,cp_antecedent_polarity,1,60
1,P2:test:324,,modus_tollens:valid,11,,60,test,P2,60,14.915076971054077,mt_fact_polarity,1,60
1,P2:test:334,,contraposition:valid,11,,60,test,P2,60,18.618886947631836,cp_direction,1,60
1,P2:test:758,,modus_tollens:valid,11,,60,test,P2,60,10.657195568084717,mt_rule_direction,1,60
1,P2:test:288,,modus_tollens:valid,11,,60,test,P2,60,15.683308601379395,mt_fact_polarity,1,60
1,P2:test:483,,modus_tollens:invalid,11,,61,test,P2,61,19.0153865814209,mt_rule_direction,1,61
1,P2:test:224,,contraposition:valid,11,,60,test,P2,60,19.102351903915405,cp_consequent_polarity,1,60
1,P2:test:605,,modus_tollens:invalid,11,,61,test,P2,61,27.415252208709717,mt_query_polarity,1,61
1,P2:test:43,,contraposition:invalid,11,,61,test,P2,61,19.031627655029297,cp_antecedent_polarity,1,61
1,P2:test:39,,modus_tollens:invalid,11,,61,test,P2,61,23.297698736190796,mt_rule_direction,1,61
1,P2:test:65,,modus_tollens:invalid,11,,61,test,P2,61,32.12390613555908,mt_query_polarity,1,61
1,P2:test:763,,contraposition:invalid,11,,61,test,P2,61,23.01119637489319,cp_antecedent_polarity,1,61
1,P2:test:110,,modus_tollens:valid,11,,60,test,P2,60,14.902343034744263,mt_rule_direction,1,60
1,P2:test:480,,modus_tollens:valid,11,,60,test,P2,60,13.008142948150635,mt_fact_polarity,1,60
1,P2:test:58,,contraposition:valid,11,,60,test,P2,60,15.509291410446167,cp_direction,1,60
1,P2:test:457,,modus_tollens:invalid,11,,61,test,P2,61,31.32599401473999,mt_fact_polarity,1,61
1,P2:test:227,,contraposition:invalid,11,,61,test,P2,61,27.23814558982849,cp_direction,1,61
1,P2:test:444,,modus_tollens:valid,11,,60,test,P2,60,9.823290824890137,mt_fact_polarity,1,60
1,P2:test:106,,contraposition:valid,11,,60,test,P2,60,18.568687677383423,cp_direction,1,60
1,P2:test:565,,modus_tollens:invalid,11,,61,test,P2,61,25.241858959197998,mt_fact_polarity,1,61
1,P2:test:395,,contraposition:invalid,11,,61,test,P2,61,4.721795082092285,cp_direction,1,61
1,P2:test:666,,contraposition:valid,11,,60,test,P2,60,11.96690320968628,cp_antecedent_polarity,1,60
1,P2:test:384,,modus_tollens:valid,11,,60,test,P2,60,10.335068702697754,mt_fact_polarity,1,60
1,P2:test:204,,modus_tollens:valid,11,,60,test,P2,60,8.316666603088379,mt_fact_polarity,1,60
1,P2:test:348,,modus_tollens:valid,11,,60,test,P2,60,17.45889186859131,mt_fact_polarity,1,60
1,P2:test:481,,modus_tollens:invalid,11,,61,test,P2,61,24.407787442207336,mt_fact_polarity,1,61
1,P2:test:119,,contraposition:invalid,11,,61,test,P2,61,20.97550129890442,cp_direction,1,61
1,P2:test:645,,contraposition:invalid,11,,61,test,P2,61,15.617091655731201,cp_consequent_polarity,1,61
1,P2:test:361,,modus_tollens:invalid,11,,61,test,P2,61,31.841286182403564,mt_fact_polarity,1,61
1,P2:test:499,,contraposition:invalid,11,,61,test,P2,61,19.053061962127686,cp_antecedent_polarity,1,61
1,P2:test:474,,contraposition:valid,11,,60,test,P2,60,17.350185871124268,cp_antecedent_polarity,1,60
1,P2:test:254,,modus_tollens:valid,11,,60,test,P2,60,12.720808982849121,mt_rule_direction,1,60
1,P2:test:676,,modus_tollens:valid,11,,60,test,P2,60,13.836136817932129,mt_query_polarity,1,60
1,P2:test:641,,modus_tollens:invalid,11,,61,test,P2,61,29.307779788970947,mt_query_polarity,1,61
1,P2:test:682,,contraposition:valid,11,,60,test,P2,60,21.390831023454666,cp_direction,1,60
1,P2:test:284,,contraposition:valid,11,,60,test,P2,60,21.29345977306366,cp_consequent_polarity,1,60
1,P2:test:238,,contraposition:valid,11,,60,test,P2,60,21.593850553035736,cp_direction,1,60
1,P2:test:249,,contraposition:invalid,11,,61,test,P2,61,24.74137657880783,cp_consequent_polarity,1,61
1,P2:test:366,,contraposition:valid,11,,60,test,P2,60,17.24817419052124,cp_antecedent_polarity,1,60
1,P2:test:22,,contraposition:valid,11,,60,test,P2,60,19.374794483184814,cp_direction,1,60
1,P2:test:564,,modus_tollens:valid,11,,60,test,P2,60,10.335068702697754,mt_fact_polarity,1,60
1,P2:test:188,,contraposition:valid,11,,60,test,P2,60,7.243389129638672,cp_consequent_polarity,1,60
1,P2:test:70,,contraposition:valid,11,,60,test,P2,60,18.41449761390686,cp_direction,1,60
0,P2:test:83,,contraposition:invalid,11,,60,test,P2,61,-0.7072505950927734,cp_direction,0,60
1,P2:test:129,,contraposition:invalid,11,,61,test,P2,61,22.23119020462036,cp_consequent_polarity,1,61
1,P2:test:595,,contraposition:invalid,11,,61,test,P2,61,22.317137718200684,cp_antecedent_polarity,1,61
1,P2:test:60,,modus_tollens:valid,11,,60,test,P2,60,11.735770225524902,mt_fact_polarity,1,60
1,P2:test:312,,modus_tollens:valid,11,,60,test,P2,60,16.10888147354126,mt_fact_polarity,1,60
1,P2:test:109,,modus_tollens:invalid,11,,61,test,P2,61,32.19229459762573,mt_fact_polarity,1,61
1,P2:test:289,,modus_tollens:invalid,11,,61,test,P2,61,31.338073253631592,mt_fact_polarity,1,61
1,P2:test:96,,modus_tollens:valid,11,,60,test,P2,60,10.35612678527832,mt_fact_polarity,1,60
1,P2:test:622,,contraposition:valid,11,,60,test,P2,60,7.971010208129883,cp_direction,1,60
1,P2:test:91,,contraposition:invalid,11,,61,test,P2,61,22.588269472122192,cp_antecedent_polarity,1,61
1,P2:test:562,,contraposition:valid,11,,60,test,P2,60,22.707861721515656,cp_direction,1,60
1,P2:test:73,,modus_tollens:invalid,11,,61,test,P2,61,30.146251916885376,mt_fact_polarity,1,61
1,P2:test:689,,modus_tollens:invalid,11,,61,test,P2,61,25.295640766620636,mt_query_polarity,1,61
1,P2:test:6,,contraposition:valid,11,,60,test,P2,60,7.971010208129883,cp_antecedent_polarity,1,60
1,P2:test:568,,modus_tollens:valid,11,,60,test,P2,60,11.018108367919922,mt_query_polarity,1,60
1,P2:test:521,,modus_tollens:invalid,11,,61,test,P2,61,31.409258365631104,mt_query_polarity,1,61
1,P2:test:220,,modus_tollens:valid,11,,60,test,P2,60,12.408495426177979,mt_query_polarity,1,60
1,P2:test:401,,modus_tollens:invalid,11,,61,test,P2,61,30.118736267089844,mt_query_polarity,1,61
1,P2:test:291,,modus_tollens:invalid,11,,61,test,P2,61,21.427244931459427,mt_rule_direction,1,61
1,P2:test:705,,contraposition:invalid,11,,61,test,P2,61,26.215403079986572,cp_consequent_polarity,1,61
1,P2:test:587,,contraposition:invalid,11,,61,test,P2,61,3.915163040161133,cp_direction,1,61
1,P2:test:668,,contraposition:valid,11,,60,test,P2,60,15.272673606872559,cp_consequent_polarity,1,60
1,P2:test:155,,contraposition:invalid,11,,61,test,P2,61,16.002594470977783,cp_direction,1,61
0,P2:test:351,,modus_tollens:invalid,11,,60,test,P2,61,-10.31149435043335,mt_rule_direction,0,60
1,P2:test:750,,contraposition:valid,11,,60,test,P2,60,21.85203367471695,cp_antecedent_polarity,1,60
1,P2:test:180,,modus_tollens:valid,11,,60,test,P2,60,10.185383796691895,mt_fact_polarity,1,60
1,P2:test:504,,modus_tollens:valid,11,,60,test,P2,60,12.821621894836426,mt_fact_polarity,1,60
1,P2:test:421,,modus_tollens:invalid,11,,61,test,P2,61,30.488444328308105,mt_fact_polarity,1,61
1,P2:test:719,,contraposition:invalid,11,,61,test,P2,61,27.688657999038696,cp_direction,1,61
1,P2:test:533,,modus_tollens:invalid,11,,61,test,P2,61,30.115649700164795,mt_query_polarity,1,61
1,P2:test:67,,contraposition:invalid,11,,61,test,P2,61,22.2868754863739,cp_antecedent_polarity,1,61
1,P2:test:735,,modus_tollens:invalid,11,,61,test,P2,61,22.248814033344388,mt_rule_direction,1,61
1,P2:test:230,,modus_tollens:valid,11,,60,test,P2,60,15.165575504302979,mt_rule_direction,1,60
1,P2:test:345,,contraposition:invalid,11,,61,test,P2,61,23.79281795024872,cp_consequent_polarity,1,61
1,P2:test:531,,modus_tollens:invalid,11,,61,test,P2,61,20.169145226478577,mt_rule_direction,1,61
1,P2:test:318,,contraposition:valid,11,,60,test,P2,60,20.20748919248581,cp_antecedent_polarity,1,60
1,P2:test:200,,contraposition:valid,11,,60,test,P2,60,19.340752959251404,cp_consequent_polarity,1,60
1,P2:test:89,,modus_tollens:invalid,11,,61,test,P2,61,26.84882354736328,mt_query_polarity,1,61
1,P2:test:132,,modus_tollens:valid,11,,60,test,P2,60,11.812456130981445,mt_fact_polarity,1,60
1,P2:test:223,,contraposition:invalid,11,,61,test,P2,61,25.77210235595703,cp_antecedent_polarity,1,61
1,P2:test:461,,modus_tollens:invalid,11,,61,test,P2,61,27.471827268600464,mt_query_polarity,1,61
1,P2:test:699,,modus_tollens:invalid,11,,61,test,P2,61,15.761030197143555,mt_rule_direction,1,61
1,P2:test:703,,contraposition:invalid,11,,61,test,P2,61,18.267406463623047,cp_antecedent_polarity,1,61
1,P2:test:598,,contraposition:valid,11,,60,test,P2,60,15.362256526947021,cp_direction,1,60
1,P2:test:151,,contraposition:invalid,11,,61,test,P2,61,16.28680992126465,cp_antecedent_polarity,1,61
1,P2:test:754,,contraposition:valid,11,,60,test,P2,60,21.728781819343567,cp_direction,1,60
1,P2:test:320,,contraposition:valid,11,,60,test,P2,60,22.595520436763763,cp_consequent_polarity,1,60
1,P2:test:339,,modus_tollens:invalid,11,,61,test,P2,61,22.06697914004326,mt_rule_direction,1,61
1,P2:test:77,,modus_tollens:invalid,11,,61,test,P2,61,31.30494976043701,mt_query_polarity,1,61
1,P2:test:506,,modus_tollens:valid,11,,60,test,P2,60,14.896196603775024,mt_rule_direction,1,60
1,P2:test:234,,contraposition:valid,11,,60,test,P2,60,21.380309462547302,cp_antecedent_polarity,1,60
1,P2:test:525,,contraposition:invalid,11,,61,test,P2,61,15.825291633605957,cp_consequent_polarity,1,61
1,P2:test:653,,modus_tollens:invalid,11,,61,test,P2,61,27.255924940109253,mt_query_polarity,1,61
1,P2:test:475,,contraposition:invalid,11,,61,test,P2,61,26.019800186157227,cp_antecedent_polarity,1,61
1,P2:test:266,,modus_tollens:valid,11,,60,test,P2,60,12.340530395507812,mt_rule_direction,1,60
1,P2:test:367,,contraposition:invalid,11,,61,test,P2,61,19.090913772583008,cp_antecedent_polarity,1,61
1,P2:test:755,,contraposition:invalid,11,,61,test,P2,61,30.506946563720703,cp_direction,1,61
1,P2:test:468,,modus_tollens:valid,11,,60,test,P2,60,14.912415504455566,mt_fact_polarity,1,60
1,P2:test:712,,modus_tollens:valid,11,,60,test,P2,60,12.694339752197266,mt_query_polarity,1,60
1,P2:test:560,,contraposition:valid,11,,60,test,P2,60,19.39064931869507,cp_consequent_polarity,1,60
1,P2:test:171,,modus_tollens:invalid,11,,61,test,P2,61,9.512125968933105,mt_rule_direction,1,61
1,P2:test:337,,modus_tollens:invalid,11,,61,test,P2,61,23.925590217113495,mt_fact_polarity,1,61
1,P2:test:450,,contraposition:valid,11,,60,test,P2,60,22.05598145723343,cp_antecedent_polarity,1,60
1,P2:test:621,,contraposition:invalid,11,,61,test,P2,61,23.898826718330383,cp_consequent_polarity,1,61
1,P2:test:215,,contraposition:invalid,11,,61,test,P2,61,0.23954486846923828,cp_direction,1,61
1,P2:test:102,,contraposition:valid,11,,60,test,P2,60,16.630797863006592,cp_antecedent_polarity,1,60
1,P2:test:740,,contraposition:valid,11,,60,test,P2,60,21.728781819343567,cp_consequent_polarity,1,60
1,P2:test:181,,modus_tollens:invalid,11,,61,test,P2,61,30.35401487350464,mt_fact_polarity,1,61
1,P2:test:178,,contraposition:valid,11,,60,test,P2,60,16.387768983840942,cp_direction,1,60
1,P2:test:488,,contraposition:valid,11,,60,test,P2,60,15.509291410446167,cp_consequent_polarity,1,60
1,P2:test:700,,modus_tollens:valid,11,,60,test,P2,60,13.008142948150635,mt_query_polarity,1,60
1,P2:test:440,,contraposition:valid,11,,60,test,P2,60,19.374794483184814,cp_consequent_polarity,1,60
1,P2:test:209,,modus_tollens:invalid,11,,61,test,P2,61,29.823230981826782,mt_query_polarity,1,61
1,P2:test:269,,modus_tollens:invalid,11,,61,test,P2,61,24.694203436374664,mt_query_polarity,1,61
1,P2:test:583,,contraposition:invalid,11,,61,test,P2,61,24.228567361831665,cp_antecedent_polarity,1,61
1,P2:test:81,,contraposition:invalid,11,,61,test,P2,61,23.05324649810791,cp_consequent_polarity,1,61
1,P2:test:127,,contraposition:invalid,11,,61,test,P2,61,15.778669834136963,cp_antecedent_polarity,1,61
1,P2:test:460,,modus_tollens:valid,11,,60,test,P2,60,12.803342342376709,mt_query_polarity,1,60
1,P2:test:329,,modus_tollens:invalid,11,,61,test,P2,61,30.16832208633423,mt_query_polarity,1,61
1,P2:test:185,,modus_tollens:invalid,11,,61,test,P2,61,32.164823055267334,mt_query_polarity,1,61
1,P2:test:347,,contraposition:invalid,11,,61,test,P2,61,29.36733388900757,cp_direction,1,61
1,P2:test:726,,contraposition:valid,11,,60,test,P2,60,21.205746203660965,cp_antecedent_polarity,1,60
1,P2:test:551,,contraposition:invalid,11,,61,test,P2,61,29.37657880783081,cp_direction,1,61
1,P2:test:71,,contraposition:invalid,11,,61,test,P2,61,29.66530418395996,cp_direction,1,61
1,P2:test:259,,contraposition:invalid,11,,61,test,P2,61,23.893469393253326,cp_antecedent_polarity,1,61
1,P2:test:544,,modus_tollens:valid,11,,60,test,P2,60,10.35612678527832,mt_query_polarity,1,60
1,P2:test:158,,modus_tollens:valid,11,,60,test,P2,60,10.618273735046387,mt_rule_direction,1,60
1,P2:test:265,,modus_tollens:invalid,11,,61,test,P2,61,19.275092363357544,mt_fact_polarity,1,61
1,P2:test:306,,contraposition:valid,11,,60,test,P2,60,17.350185871124268,cp_antecedent_polarity,1,60
1,P2:test:709,,modus_tollens:invalid,11,,61,test,P2,61,26.5653745085001,mt_fact_polarity,1,61
1,P2:test:486,,contraposition:valid,11,,60,test,P2,60,20.03620230499655,cp_antecedent_polarity,1,60
1,P2:test:487,,contraposition:invalid,11,,61,test,P2,61,25.77210235595703,cp_antecedent_polarity,1,61
1,P2:test:426,,contraposition:valid,11,,60,test,P2,60,19.637202501296997,cp_antecedent_polarity,1,60
1,P2:test:648,,modus_tollens:valid,11,,60,test,P2,60,17.40137529373169,mt_fact_polarity,1,60
1,P2:test:610,,contraposition:valid,11,,60,test,P2,60,19.168457746505737,cp_direction,1,60
1,P2:test:274,,contraposition:valid,11,,60,test,P2,60,19.153283834457397,cp_direction,1,60
1,P2:test:667,,contraposition:invalid,11,,61,test,P2,61,24.099745512008667,cp_antecedent_polarity,1,61
1,P2:test:556,,modus_tollens:valid,11,,60,test,P2,60,17.40821623802185,mt_query_polarity,1,60
1,P2:test:61,,modus_tollens:invalid,11,,61,test,P2,61,31.92558765411377,mt_fact_polarity,1,61
1,P2:test:314,,modus_tollens:valid,11,,60,test,P2,60,12.065404891967773,mt_rule_direction,1,60
1,P2:test:354,,contraposition:valid,11,,60,test,P2,60,22.686049222946167,cp_antecedent_polarity,1,60
1,P2:test:253,,modus_tollens:invalid,11,,61,test,P2,61,31.59076738357544,mt_fact_polarity,1,61
1,P2:test:16,,modus_tollens:valid,11,,60,test,P2,60,8.1921968460083,mt_query_polarity,1,60
1,P2:test:196,,modus_tollens:valid,11,,60,test,P2,60,14.887079238891602,mt_query_polarity,1,60
1,P2:test:435,,modus_tollens:invalid,11,,61,test,P2,61,25.685733795166016,mt_rule_direction,1,61
1,P2:test:599,,contraposition:invalid,11,,61,test,P2,61,25.71558380126953,cp_direction,1,61
1,P2:test:293,,modus_tollens:invalid,11,,61,test,P2,61,30.197945594787598,mt_query_polarity,1,61
1,P2:test:492,,modus_tollens:valid,11,,60,test,P2,60,13.096434593200684,mt_fact_polarity,1,60
1,P2:test:294,,contraposition:valid,11,,60,test,P2,60,20.03620230499655,cp_antecedent_polarity,1,60
1,P2:test:95,,contraposition:invalid,11,,61,test,P2,61,8.620940208435059,cp_direction,1,61
1,P2:test:620,,contraposition:valid,11,,60,test,P2,60,21.205746203660965,cp_consequent_polarity,1,60
1,P2:test:399,,modus_tollens:invalid,11,,61,test,P2,61,19.872398853302002,mt_rule_direction,1,61
1,P2:test:673,,modus_tollens:invalid,11,,61,test,P2,61,30.46167278289795,mt_fact_polarity,1,61
1,P2:test:321,,contraposition:invalid,11,,61,test,P2,61,14.317401885986328,cp_consequent_polarity,1,61
1,P2:test:379,,contraposition:invalid,11,,61,test,P2,61,23.18448293209076,cp_antecedent_polarity,1,61
1,P2:test:745,,modus_tollens:invalid,11,,61,test,P2,61,30.166348457336426,mt_fact_polarity,1,61
1,P2:test:572,,contraposition:valid,11,,60,test,P2,60,21.967786073684692,cp_consequent_polarity,1,60
1,P2:test:242,,modus_tollens:valid,11,,60,test,P2,60,12.065404891967773,mt_rule_direction,1,60
1,P2:test:256,,modus_tollens:valid,11,,60,test,P2,60,12.626807689666748,mt_query_polarity,1,60
1,P2:test:518,,modus_tollens:valid,11,,60,test,P2,60,12.417273998260498,mt_rule_direction,1,60
1,P2:test:225,,contraposition:invalid,11,,61,test,P2,61,13.213935375213623,cp_consequent_polarity,1,61
1,P2:test:3,,modus_tollens:invalid,11,,61,test,P2,61,27.476949214935303,mt_rule_direction,1,61
1,P2:test:207,,modus_tollens:invalid,11,,61,test,P2,61,10.379942893981934,mt_rule_direction,1,61
1,P2:test:729,,contraposition:invalid,11,,61,test,P2,61,15.184747695922852,cp_consequent_polarity,1,61
1,P2:test:633,,contraposition:invalid,11,,61,test,P2,61,14.019067287445068,cp_consequent_polarity,1,61
1,P2:test:702,,contraposition:valid,11,,60,test,P2,60,19.88583731651306,cp_antecedent_polarity,1,60
1,P2:test:701,,modus_tollens:invalid,11,,61,test,P2,61,31.642809867858887,mt_query_polarity,1,61
1,P2:test:548,,contraposition:valid,11,,60,test,P2,60,21.593850553035736,cp_consequent_polarity,1,60
1,P2:test:141,,contraposition:invalid,11,,61,test,P2,61,15.966090202331543,cp_consequent_polarity,1,61
1,P2:test:409,,modus_tollens:invalid,11,,61,test,P2,61,31.3034725189209,mt_fact_polarity,1,61
1,P2:test:733,,modus_tollens:invalid,11,,61,test,P2,61,31.44123077392578,mt_fact_polarity,1,61
1,P2:test:268,,modus_tollens:valid,11,,60,test,P2,60,12.417273998260498,mt_query_polarity,1,60
1,P2:test:260,,contraposition:valid,11,,60,test,P2,60,15.272673606872559,cp_consequent_polarity,1,60
1,P2:test:455,,contraposition:invalid,11,,61,test,P2,61,11.25193977355957,cp_direction,1,61
1,P2:test:502,,contraposition:valid,11,,60,test,P2,60,13.585151672363281,cp_direction,1,60
1,P2:test:144,,modus_tollens:valid,11,,60,test,P2,60,14.970953941345215,mt_fact_polarity,1,60
1,P2:test:496,,modus_tollens:valid,11,,60,test,P2,60,9.110179901123047,mt_query_polarity,1,60
1,P2:test:637,,modus_tollens:invalid,11,,61,test,P2,61,30.9376859664917,mt_fact_polarity,1,61
1,P2:test:721,,modus_tollens:invalid,11,,61,test,P2,61,30.036493062973022,mt_fact_polarity,1,61
1,P2:test:520,,modus_tollens:valid,11,,60,test,P2,60,9.477564811706543,mt_query_polarity,1,60
1,P2:test:231,,modus_tollens:invalid,11,,61,test,P2,61,25.45567226409912,mt_rule_direction,1,61
1,P2:test:275,,contraposition:invalid,11,,61,test,P2,61,27.847818613052368,cp_direction,1,61
1,P2:test:451,,contraposition:invalid,11,,61,test,P2,61,23.18448293209076,cp_antecedent_polarity,1,61
1,P2:test:547,,contraposition:invalid,11,,61,test,P2,61,16.808992862701416,cp_antecedent_polarity,1,61
1,P2:test:418,,contraposition:valid,11,,60,test,P2,60,7.581823348999023,cp_direction,1,60
1,P2:test:139,,contraposition:invalid,11,,61,test,P2,61,23.893469393253326,cp_antecedent_polarity,1,61
1,P2:test:433,,modus_tollens:invalid,11,,61,test,P2,61,31.631871223449707,mt_fact_polarity,1,61
1,P2:test:28,,modus_tollens:valid,11,,60,test,P2,60,12.727970600128174,mt_query_polarity,1,60
1,P2:test:124,,modus_tollens:valid,11,,60,test,P2,60,16.10888147354126,mt_query_polarity,1,60
1,P2:test:343,,contraposition:invalid,11,,61,test,P2,61,23.089165210723877,cp_antecedent_polarity,1,61
1,P2:test:542,,modus_tollens:valid,11,,60,test,P2,60,14.902343034744263,mt_rule_direction,1,60
1,P2:test:131,,contraposition:invalid,11,,61,test,P2,61,13.84614372253418,cp_direction,1,61
1,P2:test:349,,modus_tollens:invalid,11,,61,test,P2,61,24.61544269323349,mt_fact_polarity,1,61
1,P2:test:315,,modus_tollens:invalid,11,,61,test,P2,61,24.863551378250122,mt_rule_direction,1,61
1,P2:test:683,,contraposition:invalid,11,,61,test,P2,61,28.830313682556152,cp_direction,1,61
1,P2:test:751,,contraposition:invalid,11,,61,test,P2,61,25.508076429367065,cp_antecedent_polarity,1,61
1,P2:test:550,,contraposition:valid,11,,60,test,P2,60,15.989295244216919,cp_direction,1,60
1,P2:test:111,,modus_tollens:invalid,11,,61,test,P2,61,18.30000615119934,mt_rule_direction,1,61
1,P2:test:327,,modus_tollens:invalid,11,,61,test,P2,61,16.26873803138733,mt_rule_direction,1,61
1,P2:test:121,,modus_tollens:invalid,11,,61,test,P2,61,26.604595959186554,mt_fact_polarity,1,61
1,P2:test:588,,modus_tollens:valid,11,,60,test,P2,60,12.783881664276123,mt_fact_polarity,1,60
1,P2:test:728,,contraposition:valid,11,,60,test,P2,60,19.88583731651306,cp_consequent_polarity,1,60
1,P2:test:257,,modus_tollens:invalid,11,,61,test,P2,61,28.893131017684937,mt_query_polarity,1,61
1,P2:test:192,,modus_tollens:valid,11,,60,test,P2,60,8.254144668579102,mt_fact_polarity,1,60
1,P2:test:107,,contraposition:invalid,11,,61,test,P2,61,29.37657880783081,cp_direction,1,61
1,P2:test:428,,contraposition:valid,11,,60,test,P2,60,18.72793483734131,cp_consequent_polarity,1,60
1,P2:test:578,,modus_tollens:valid,11,,60,test,P2,60,15.315643310546875,mt_rule_direction,1,60
1,P2:test:406,,contraposition:valid,11,,60,test,P2,60,17.24817419052124,cp_direction,1,60
1,P2:test:105,,contraposition:invalid,11,,61,test,P2,61,13.7355318069458,cp_consequent_polarity,1,61
1,P2:test:760,,modus_tollens:valid,11,,60,test,P2,60,8.311153411865234,mt_query_polarity,1,60
1,P2:test:670,,contraposition:valid,11,,60,test,P2,60,15.362256526947021,cp_direction,1,60
1,P2:test:514,,contraposition:valid,11,,60,test,P2,60,15.871736526489258,cp_direction,1,60
1,P2:test:136,,modus_tollens:valid,11,,60,test,P2,60,15.953002452850342,mt_query_polarity,1,60
1,P2:test:309,,contraposition:invalid,11,,61,test,P2,61,11.071022987365723,cp_consequent_polarity,1,61
1,P2:test:56,,contraposition:valid,11,,60,test,P2,60,9.524345397949219,cp_consequent_polarity,1,60
1,P2:test:150,,contraposition:valid,11,,60,test,P2,60,7.243389129638672,cp_antecedent_polarity,1,60
1,P2:test:84,,modus_tollens:valid,11,,60,test,P2,60,8.436970710754395,mt_fact_polarity,1,60
1,P2:test:146,,modus_tollens:valid,11,,60,test,P2,60,9.823290824890137,mt_rule_direction,1,60
1,P2:test:164,,contraposition:valid,11,,60,test,P2,60,10.935810565948486,cp_consequent_polarity,1,60
1,P2:test:262,,contraposition:valid,11,,60,test,P2,60,21.29345977306366,cp_direction,1,60
1,P2:test:78,,contraposition:valid,11,,60,test,P2,60,21.205746203660965,cp_antecedent_polarity,1,60
1,P2:test:163,,contraposition:invalid,11,,61,test,P2,61,18.212278842926025,cp_antecedent_polarity,1,61
1,P2:test:498,,contraposition:valid,11,,60,test,P2,60,7.581826210021973,cp_antecedent_polarity,1,60
1,P2:test:193,,modus_tollens:invalid,11,,61,test,P2,61,26.38047754764557,mt_fact_polarity,1,61
1,P2:test:385,,modus_tollens:invalid,11,,61,test,P2,61,31.488861083984375,mt_fact_polarity,1,61
1,P2:test:606,,contraposition:valid,11,,60,test,P2,60,8.585609436035156,cp_antecedent_polarity,1,60
1,P2:test:663,,modus_tollens:invalid,11,,61,test,P2,61,21.426929518580437,mt_rule_direction,1,61
1,P2:test:613,,modus_tollens:invalid,11,,61,test,P2,61,24.712173707783222,mt_fact_polarity,1,61
1,P2:test:251,,contraposition:invalid,11,,61,test,P2,61,8.400588989257812,cp_direction,1,61
1,P2:test:298,,contraposition:valid,11,,60,test,P2,60,20.366988122463226,cp_direction,1,60
1,P2:test:546,,contraposition:valid,11,,60,test,P2,60,11.359635353088379,cp_antecedent_polarity,1,60
1,P2:test:591,,modus_tollens:invalid,11,,61,test,P2,61,22.561340630054474,mt_rule_direction,1,61
1,P2:test:331,,contraposition:invalid,11,,61,test,P2,61,21.923555612564087,cp_antecedent_polarity,1,61
1,P2:test:557,,modus_tollens:invalid,11,,61,test,P2,61,25.613340139389038,mt_query_polarity,1,61
1,P2:test:319,,contraposition:invalid,11,,61,test,P2,61,25.77210235595703,cp_antecedent_polarity,1,61
1,P2:test:458,,modus_tollens:valid,11,,60,test,P2,60,13.008142948150635,mt_rule_direction,1,60
1,P2:test:328,,modus_tollens:valid,11,,60,test,P2,60,9.420778274536133,mt_query_polarity,1,60
1,P2:test:340,,modus_tollens:valid,11,,60,test,P2,60,11.70652151107788,mt_query_polarity,1,60
1,P2:test:9,,contraposition:invalid,11,,61,test,P2,61,15.857651710510254,cp_consequent_polarity,1,61
1,P2:test:608,,contraposition:valid,11,,60,test,P2,60,15.509291410446167,cp_consequent_polarity,1,60
1,P2:test:590,,modus_tollens:valid,11,,60,test,P2,60,14.780159711837769,mt_rule_direction,1,60
1,P2:test:92,,contraposition:valid,11,,60,test,P2,60,21.728781819343567,cp_consequent_polarity,1,60
1,P2:test:101,,modus_tollens:invalid,11,,61,test,P2,61,30.115649700164795,mt_query_polarity,1,61
1,P2:test:44,,contraposition:valid,11,,60,test,P2,60,23.30197787284851,cp_consequent_polarity,1,60
1,P2:test:634,,contraposition:valid,11,,60,test,P2,60,18.568687677383423,cp_direction,1,60
1,P2:test:630,,contraposition:valid,11,,60,test,P2,60,22.519006729125977,cp_antecedent_polarity,1,60
1,P2:test:64,,modus_tollens:valid,11,,60,test,P2,60,12.821621894836426,mt_query_polarity,1,60
1,P2:test:687,,modus_tollens:invalid,11,,61,test,P2,61,22.091694831848145,mt_rule_direction,1,61
1,P2:test:88,,modus_tollens:valid,11,,60,test,P2,60,10.91091537475586,mt_query_polarity,1,60
1,P2:test:626,,modus_tollens:valid,11,,60,test,P2,60,13.836136817932129,mt_rule_direction,1,60
1,P2:test:167,,contraposition:invalid,11,,61,test,P2,61,29.072945594787598,cp_direction,1,61
1,P2:test:41,,modus_tollens:invalid,11,,61,test,P2,61,30.30381488800049,mt_query_polarity,1,61
1,P2:test:142,,contraposition:valid,11,,60,test,P2,60,19.737711012363434,cp_direction,1,60
1,P2:test:759,,modus_tollens:invalid,11,,61,test,P2,61,22.233950786292553,mt_rule_direction,1,61
1,P2:test:303,,modus_tollens:invalid,11,,61,test,P2,61,18.982179522514343,mt_rule_direction,1,61
1,P2:test:10,,contraposition:valid,11,,60,test,P2,60,18.9912166595459,cp_direction,1,60
1,P2:test:416,,contraposition:valid,11,,60,test,P2,60,22.17016252875328,cp_consequent_polarity,1,60
1,P2:test:510,,contraposition:valid,11,,60,test,P2,60,20.74212896823883,cp_antecedent_polarity,1,60
1,P2:test:125,,modus_tollens:invalid,11,,61,test,P2,61,27.484774112701416,mt_query_polarity,1,61
1,P2:test:466,,contraposition:valid,11,,60,test,P2,60,21.13876497745514,cp_direction,1,60
1,P2:test:358,,contraposition:valid,11,,60,test,P2,60,11.359635353088379,cp_direction,1,60
1,P2:test:341,,modus_tollens:invalid,11,,61,test,P2,61,30.307471752166748,mt_query_polarity,1,61
1,P2:test:46,,contraposition:valid,11,,60,test,P2,60,23.30197787284851,cp_direction,1,60
1,P2:test:310,,contraposition:valid,11,,60,test,P2,60,19.39064931869507,cp_direction,1,60
1,P2:test:404,,contraposition:valid,11,,60,test,P2,60,7.971010208129883,cp_consequent_polarity,1,60
1,P2:test:153,,contraposition:invalid,11,,61,test,P2,61,23.116442918777466,cp_consequent_polarity,1,61
1,P2:test:688,,modus_tollens:valid,11,,60,test,P2,60,12.780488967895508,mt_query_polarity,1,60
1,P2:test:398,,modus_tollens:valid,11,,60,test,P2,60,11.173466205596924,mt_rule_direction,1,60
1,P2:test:456,,modus_tollens:valid,11,,60,test,P2,60,15.295963287353516,mt_fact_polarity,1,60
1,P2:test:239,,contraposition:invalid,11,,61,test,P2,61,30.03639316558838,cp_direction,1,61
1,P2:test:657,,contraposition:invalid,11,,61,test,P2,61,23.75350320339203,cp_consequent_polarity,1,61
1,P2:test:34,,contraposition:valid,11,,60,test,P2,60,19.176844358444214,cp_direction,1,60
1,P2:test:25,,modus_tollens:invalid,11,,61,test,P2,61,32.11406183242798,mt_fact_polarity,1,61
1,P2:test:422,,modus_tollens:valid,11,,60,test,P2,60,14.887079238891602,mt_rule_direction,1,60
1,P2:test:233,,modus_tollens:invalid,11,,61,test,P2,61,25.887964129447937,mt_query_polarity,1,61
1,P2:test:600,,modus_tollens:valid,11,,60,test,P2,60,12.417273998260498,mt_fact_polarity,1,60
1,P2:test:174,,contraposition:valid,11,,60,test,P2,60,6.4638471603393555,cp_antecedent_polarity,1,60
1,P2:test:737,,modus_tollens:invalid,11,,61,test,P2,61,27.15231418609619,mt_query_polarity,1,61
1,P2:test:429,,contraposition:invalid,11,,61,test,P2,61,20.59223985671997,cp_consequent_polarity,1,61
1,P2:test:584,,contraposition:valid,11,,60,test,P2,60,22.157412499189377,cp_consequent_polarity,1,60
1,P2:test:415,,contraposition:invalid,11,,61,test,P2,61,18.93546772003174,cp_antecedent_polarity,1,61
1,P2:test:405,,contraposition:invalid,11,,61,test,P2,61,9.614423751831055,cp_consequent_polarity,1,61
1,P2:test:602,,modus_tollens:valid,11,,60,test,P2,60,15.165575504302979,mt_rule_direction,1,60
1,P2:test:500,,contraposition:valid,11,,60,test,P2,60,21.294678330421448,cp_consequent_polarity,1,60
1,P2:test:187,,contraposition:invalid,11,,61,test,P2,61,24.0110422372818,cp_antecedent_polarity,1,61
1,P2:test:152,,contraposition:valid,11,,60,test,P2,60,19.176844358444214,cp_consequent_polarity,1,60
1,P2:test:431,,contraposition:invalid,11,,61,test,P2,61,25.89319109916687,cp_direction,1,61
1,P2:test:664,,modus_tollens:valid,11,,60,test,P2,60,14.938261032104492,mt_query_polarity,1,60
1,P2:test:103,,contraposition:invalid,11,,61,test,P2,61,16.513792037963867,cp_antecedent_polarity,1,61
1,P2:test:697,,modus_tollens:invalid,11,,61,test,P2,61,31.379764080047607,mt_fact_polarity,1,61
1,P2:test:640,,modus_tollens:valid,11,,60,test,P2,60,10.91091537475586,mt_query_polarity,1,60
1,P2:test:390,,contraposition:valid,11,,60,test,P2,60,21.294678330421448,cp_antecedent_polarity,1,60
1,P2:test:632,,contraposition:valid,11,,60,test,P2,60,19.153283834457397,cp_consequent_polarity,1,60
1,P2:test:473,,modus_tollens:invalid,11,,61,test,P2,61,31.30494976043701,mt_query_polarity,1,61
1,P2:test:649,,modus_tollens:invalid,11,,61,test,P2,61,31.918169498443604,mt_fact_polarity,1,61
1,P2:test:162,,contraposition:valid,11,,60,test,P2,60,21.380309462547302,cp_antecedent_polarity,1,60
1,P2:test:635,,contraposition:invalid,11,,61,test,P2,61,26.132305145263672,cp_direction,1,61
1,P2:test:534,,contraposition:valid,11,,60,test,P2,60,21.85203367471695,cp_antecedent_polarity,1,60
1,P2:test:54,,contraposition:valid,11,,60,test,P2,60,22.546316146850586,cp_antecedent_polarity,1,60
1,P2:test:555,,modus_tollens:invalid,11,,61,test,P2,61,10.325664520263672,mt_rule_direction,1,61
1,P2:test:656,,contraposition:valid,11,,60,test,P2,60,11.883550643920898,cp_consequent_polarity,1,60
1,P2:test:650,,modus_tollens:valid,11,,60,test,P2,60,13.235907554626465,mt_rule_direction,1,60
1,P2:test:387,,modus_tollens:invalid,11,,61,test,P2,61,23.42404317855835,mt_rule_direction,1,61
1,P2:test:236,,contraposition:valid,11,,60,test,P2,60,17.350185871124268,cp_consequent_polarity,1,60
1,P2:test:359,,contraposition:invalid,11,,61,test,P2,61,28.05131244659424,cp_direction,1,61
1,P2:test:638,,modus_tollens:valid,11,,60,test,P2,60,15.269439220428467,mt_rule_direction,1,60
1,P2:test:681,,contraposition:invalid,11,,61,test,P2,61,13.7355318069458,cp_consequent_polarity,1,61
1,P2:test:530,,modus_tollens:valid,11,,60,test,P2,60,13.102136135101318,mt_rule_direction,1,60
1,P2:test:527,,contraposition:invalid,11,,61,test,P2,61,25.407888889312744,cp_direction,1,61
1,P2:test:197,,modus_tollens:invalid,11,,61,test,P2,61,28.398435354232788,mt_query_polarity,1,61
1,P2:test:532,,modus_tollens:valid,11,,60,test,P2,60,12.803342342376709,mt_query_polarity,1,60
1,P2:test:581,,modus_tollens:invalid,11,,61,test,P2,61,26.124758064746857,mt_query_polarity,1,61
1,P2:test:45,,contraposition:invalid,11,,61,test,P2,61,16.265706062316895,cp_consequent_polarity,1,61
1,P2:test:114,,contraposition:valid,11,,60,test,P2,60,15.509291410446167,cp_antecedent_polarity,1,60
1,P2:test:523,,contraposition:invalid,11,,61,test,P2,61,18.21737289428711,cp_antecedent_polarity,1,61
1,P2:test:713,,modus_tollens:invalid,11,,61,test,P2,61,28.893131017684937,mt_query_polarity,1,61
1,P2:test:465,,contraposition:invalid,11,,61,test,P2,61,22.265333652496338,cp_consequent_polarity,1,61
1,P2:test:49,,modus_tollens:invalid,11,,61,test,P2,61,31.335947036743164,mt_fact_polarity,1,61
0,P2:test:383,,contraposition:invalid,11,,60,test,P2,61,-9.031721115112305,cp_direction,0,60
1,P2:test:50,,modus_tollens:valid,11,,60,test,P2,60,7.908430099487305,mt_rule_direction,1,60
1,P2:test:14,,modus_tollens:valid,11,,60,test,P2,60,12.784281730651855,mt_rule_direction,1,60
1,P2:test:159,,modus_tollens:invalid,11,,61,test,P2,61,20.515883684158325,mt_rule_direction,1,61
1,P2:test:690,,contraposition:valid,11,,60,test,P2,60,17.350185871124268,cp_antecedent_polarity,1,60
1,P2:test:655,,contraposition:invalid,11,,61,test,P2,61,23.369964122772217,cp_antecedent_polarity,1,61
1,P2:test:85,,modus_tollens:invalid,11,,61,test,P2,61,31.379764080047607,mt_fact_polarity,1,61
1,P2:test:646,,contraposition:valid,11,,60,test,P2,60,24.525525093078613,cp_direction,1,60
1,P2:test:766,,contraposition:valid,11,,60,test,P2,60,15.986337661743164,cp_direction,1,60
1,P2:test:213,,contraposition:invalid,11,,61,test,P2,61,23.416013479232788,cp_consequent_polarity,1,61
1,P2:test:301,,modus_tollens:invalid,11,,61,test,P2,61,27.456784963607788,mt_fact_polarity,1,61
1,P2:test:577,,modus_tollens:invalid,11,,61,test,P2,61,29.448572397232056,mt_fact_polarity,1,61
1,P2:test:580,,modus_tollens:valid,11,,60,test,P2,60,12.69033670425415,mt_query_polarity,1,60
1,P2:test:342,,contraposition:valid,11,,60,test,P2,60,19.542909026145935,cp_antecedent_polarity,1,60
1,P2:test:15,,modus_tollens:invalid,11,,61,test,P2,61,23.319209098815918,mt_rule_direction,1,61
1,P2:test:469,,modus_tollens:invalid,11,,61,test,P2,61,31.015518188476562,mt_fact_polarity,1,61
1,P2:test:285,,contraposition:invalid,11,,61,test,P2,61,18.237647533416748,cp_consequent_polarity,1,61
1,P2:test:26,,modus_tollens:valid,11,,60,test,P2,60,12.783225536346436,mt_rule_direction,1,60
1,P2:test:219,,modus_tollens:invalid,11,,61,test,P2,61,20.520464032888412,mt_rule_direction,1,61
1,P2:test:538,,contraposition:valid,11,,60,test,P2,60,9.5828857421875,cp_direction,1,60
1,P2:test:134,,modus_tollens:valid,11,,60,test,P2,60,14.15079927444458,mt_rule_direction,1,60
1,P2:test:519,,modus_tollens:invalid,11,,61,test,P2,61,24.385915279388428,mt_rule_direction,1,61
1,P2:test:53,,modus_tollens:invalid,11,,61,test,P2,61,31.790171146392822,mt_query_polarity,1,61
1,P2:test:710,,modus_tollens:valid,11,,60,test,P2,60,8.311153411865234,mt_rule_direction,1,60
1,P2:test:350,,modus_tollens:valid,11,,60,test,P2,60,12.065404891967773,mt_rule_direction,1,60
1,P2:test:537,,contraposition:invalid,11,,61,test,P2,61,21.29395031929016,cp_consequent_polarity,1,61
1,P2:test:62,,modus_tollens:valid,11,,60,test,P2,60,9.110179901123047,mt_rule_direction,1,60
1,P2:test:19,,contraposition:invalid,11,,61,test,P2,61,15.437200546264648,cp_antecedent_polarity,1,61
1,P2:test:662,,modus_tollens:valid,11,,60,test,P2,60,12.821621894836426,mt_rule_direction,1,60
1,P2:test:526,,contraposition:valid,11,,60,test,P2,60,7.581826210021973,cp_direction,1,60
1,P2:test:5,,modus_tollens:invalid,11,,61,test,P2,61,31.642809867858887,mt_query_polarity,1,61
1,P2:test:644,,contraposition:valid,11,,60,test,P2,60,18.200846910476685,cp_consequent_polarity,1,60
1,P2:test:190,,contraposition:valid,11,,60,test,P2,60,20.062522411346436,cp_direction,1,60
1,P2:test:277,,modus_tollens:invalid,11,,61,test,P2,61,30.110408306121826,mt_fact_polarity,1,61
1,P2:test:437,,modus_tollens:invalid,11,,61,test,P2,61,25.872295260429382,mt_query_polarity,1,61
1,P2:test:31,,contraposition:invalid,11,,61,test,P2,61,16.297688961029053,cp_antecedent_polarity,1,61
1,P2:test:235,,contraposition:invalid,11,,61,test,P2,61,26.172799348831177,cp_antecedent_polarity,1,61
1,P2:test:104,,contraposition:valid,11,,60,test,P2,60,21.85203367471695,cp_consequent_polarity,1,60
1,P2:test:68,,contraposition:valid,11,,60,test,P2,60,17.350185871124268,cp_consequent_polarity,1,60
1,P2:test:38,,modus_tollens:valid,11,,60,test,P2,60,12.694339752197266,mt_rule_direction,1,60
1,P2:test:516,,modus_tollens:valid,11,,60,test,P2,60,9.555423736572266,mt_fact_polarity,1,60
1,P2:test:445,,modus_tollens:invalid,11,,61,test,P2,61,28.527684688568115,mt_fact_polarity,1,61
1,P2:test:232,,modus_tollens:valid,11,,60,test,P2,60,11.325035572052002,mt_query_polarity,1,60
1,P2:test:287,,contraposition:invalid,11,,61,test,P2,61,8.620940208435059,cp_direction,1,61
1,P2:test:752,,contraposition:valid,11,,60,test,P2,60,19.166133165359497,cp_consequent_polarity,1,60
1,P2:test:330,,contraposition:valid,11,,60,test,P2,60,5.515507698059082,cp_antecedent_polarity,1,60
1,P2:test:364,,modus_tollens:valid,11,,60,test,P2,60,13.796783924102783,mt_query_polarity,1,60
1,P2:test:63,,modus_tollens:invalid,11,,61,test,P2,61,13.194597721099854,mt_rule_direction,1,61
1,P2:test:281,,modus_tollens:invalid,11,,61,test,P2,61,30.099141120910645,mt_query_polarity,1,61
1,P2:test:629,,modus_tollens:invalid,11,,61,test,P2,61,31.825921535491943,mt_query_polarity,1,61
1,P2:test:686,,modus_tollens:valid,11,,60,test,P2,60,8.625528335571289,mt_rule_direction,1,60
1,P2:test:322,,contraposition:valid,11,,60,test,P2,60,16.387768983840942,cp_direction,1,60
1,P2:test:612,,modus_tollens:valid,11,,60,test,P2,60,14.15079927444458,mt_fact_polarity,1,60
1,P2:test:571,,contraposition:invalid,11,,61,test,P2,61,22.746772289276123,cp_antecedent_polarity,1,61
1,P2:test:365,,modus_tollens:invalid,11,,61,test,P2,61,27.182923555374146,mt_query_polarity,1,61
1,P2:test:471,,modus_tollens:invalid,11,,61,test,P2,61,26.26682996749878,mt_rule_direction,1,61
1,P2:test:248,,contraposition:valid,11,,60,test,P2,60,19.374794483184814,cp_consequent_polarity,1,60
1,P2:test:42,,contraposition:valid,11,,60,test,P2,60,21.361362040042877,cp_antecedent_polarity,1,60
1,P2:test:57,,contraposition:invalid,11,,61,test,P2,61,23.33445930480957,cp_consequent_polarity,1,61
1,P2:test:585,,contraposition:invalid,11,,61,test,P2,61,21.36600685119629,cp_consequent_polarity,1,61
1,P2:test:156,,modus_tollens:valid,11,,60,test,P2,60,17.339848279953003,mt_fact_polarity,1,60
1,P2:test:408,,modus_tollens:valid,11,,60,test,P2,60,14.912415504455566,mt_fact_polarity,1,60
1,P2:test:344,,contraposition:valid,11,,60,test,P2,60,22.157412499189377,cp_consequent_polarity,1,60
1,P2:test:593,,modus_tollens:invalid,11,,61,test,P2,61,27.20180583000183,mt_query_polarity,1,61
1,P2:test:214,,contraposition:valid,11,,60,test,P2,60,17.24817419052124,cp_direction,1,60
1,P2:test:381,,contraposition:invalid,11,,61,test,P2,61,27.062880039215088,cp_consequent_polarity,1,61
1,P2:test:272,,contraposition:valid,11,,60,test,P2,60,18.200846910476685,cp_consequent_polarity,1,60
1,P2:test:373,,modus_tollens:invalid,11,,61,test,P2,61,31.34147548675537,mt_fact_polarity,1,61
1,P2:test:589,,modus_tollens:invalid,11,,61,test,P2,61,31.59076738357544,mt_fact_polarity,1,61
1,P2:test:133,,modus_tollens:invalid,11,,61,test,P2,61,31.482747554779053,mt_fact_polarity,1,61
1,P2:test:447,,modus_tollens:invalid,11,,61,test,P2,61,22.233950786292553,mt_rule_direction,1,61
1,P2:test:714,,contraposition:valid,11,,60,test,P2,60,11.883550643920898,cp_antecedent_polarity,1,60
1,P2:test:326,,modus_tollens:valid,11,,60,test,P2,60,7.908430099487305,mt_rule_direction,1,60
1,P2:test:741,,contraposition:invalid,11,,61,test,P2,61,14.815801620483398,cp_consequent_polarity,1,61
1,P2:test:432,,modus_tollens:valid,11,,60,test,P2,60,11.559719562530518,mt_fact_polarity,1,60
1,P2:test:23,,contraposition:invalid,11,,61,test,P2,61,29.37657880783081,cp_direction,1,61
1,P2:test:222,,contraposition:valid,11,,60,test,P2,60,21.728781819343567,cp_antecedent_polarity,1,60
1,P2:test:559,,contraposition:invalid,11,,61,test,P2,61,18.550943851470947,cp_antecedent_polarity,1,61
1,P2:test:217,,modus_tollens:invalid,11,,61,test,P2,61,22.868640184402466,mt_fact_polarity,1,61
1,P2:test:679,,contraposition:invalid,11,,61,test,P2,61,16.24558734893799,cp_antecedent_polarity,1,61
1,P2:test:715,,contraposition:invalid,11,,61,test,P2,61,18.326342582702637,cp_antecedent_polarity,1,61
1,P2:test:183,,modus_tollens:invalid,11,,61,test,P2,61,20.604619026184082,mt_rule_direction,1,61
1,P2:test:184,,modus_tollens:valid,11,,60,test,P2,60,10.357048034667969,mt_query_polarity,1,60
1,P2:test:549,,contraposition:invalid,11,,61,test,P2,61,21.55601215362549,cp_consequent_polarity,1,61
1,P2:test:529,,modus_tollens:invalid,11,,61,test,P2,61,27.156964540481567,mt_fact_polarity,1,61
1,P2:test:522,,contraposition:valid,11,,60,test,P2,60,20.410199284553528,cp_antecedent_polarity,1,60
1,P2:test:675,,modus_tollens:invalid,11,,61,test,P2,61,23.319209098815918,mt_rule_direction,1,61
1,P2:test:511,,contraposition:invalid,11,,61,test,P2,61,15.245073795318604,cp_antecedent_polarity,1,61
1,P2:test:692,,contraposition:valid,11,,60,test,P2,60,19.838150024414062,cp_consequent_polarity,1,60
1,P2:test:453,,contraposition:invalid,11,,61,test,P2,61,18.49215841293335,cp_consequent_polarity,1,61
1,P2:test:325,,modus_tollens:invalid,11,,61,test,P2,61,30.311846256256104,mt_fact_polarity,1,61
1,P2:test:357,,contraposition:invalid,11,,61,test,P2,61,20.59223985671997,cp_consequent_polarity,1,61
1,P2:test:604,,modus_tollens:valid,11,,60,test,P2,60,13.836136817932129,mt_query_polarity,1,60
1,P2:test:452,,contraposition:valid,11,,60,test,P2,60,13.585151672363281,cp_consequent_polarity,1,60
1,P2:test:694,,contraposition:valid,11,,60,test,P2,60,5.515507698059082,cp_direction,1,60
1,P2:test:707,,contraposition:invalid,11,,61,test,P2,61,30.394990921020508,cp_direction,1,61
1,P2:test:727,,contraposition:invalid,11,,61,test,P2,61,22.682886123657227,cp_antecedent_polarity,1,61
1,P2:test:552,,modus_tollens:valid,11,,60,test,P2,60,13.235907554626465,mt_fact_polarity,1,60
1,P2:test:597,,contraposition:invalid,11,,61,test,P2,61,14.019067287445068,cp_consequent_polarity,1,61
1,P2:test:186,,contraposition:valid,11,,60,test,P2,60,12.899550437927246,cp_antecedent_polarity,1,60
1,P2:test:122,,modus_tollens:valid,11,,60,test,P2,60,8.298564910888672,mt_rule_direction,1,60
1,P2:test:558,,contraposition:valid,11,,60,test,P2,60,22.005714535713196,cp_antecedent_polarity,1,60
1,P2:test:194,,modus_tollens:valid,11,,60,test,P2,60,15.683308601379395,mt_rule_direction,1,60
1,P2:test:112,,modus_tollens:valid,11,,60,test,P2,60,12.898070335388184,mt_query_polarity,1,60
1,P2:test:569,,modus_tollens:invalid,11,,61,test,P2,61,26.08329665660858,mt_query_polarity,1,61
1,P2:test:684,,modus_tollens:valid,11,,60,test,P2,60,11.81036901473999,mt_fact_polarity,1,60
1,P2:test:246,,contraposition:valid,11,,60,test,P2,60,7.579505920410156,cp_antecedent_polarity,1,60
1,P2:test:410,,modus_tollens:valid,11,,60,test,P2,60,15.315643310546875,mt_rule_direction,1,60
1,P2:test:175,,contraposition:invalid,11,,61,test,P2,61,23.00044894218445,cp_antecedent_polarity,1,61
1,P2:test:211,,contraposition:invalid,11,,61,test,P2,61,19.031627655029297,cp_antecedent_polarity,1,61
1,P2:test:749,,modus_tollens:invalid,11,,61,test,P2,61,24.924626011401415,mt_query_polarity,1,61
1,P2:test:607,,contraposition:invalid,11,,61,test,P2,61,18.61960744857788,cp_antecedent_polarity,1,61
1,P2:test:414,,contraposition:valid,11,,60,test,P2,60,21.85203367471695,cp_antecedent_polarity,1,60
1,P2:test:377,,modus_tollens:invalid,11,,61,test,P2,61,25.645292580127716,mt_query_polarity,1,61
1,P2:test:0,,modus_tollens:valid,11,,60,test,P2,60,12.779743671417236,mt_fact_polarity,1,60
1,P2:test:376,,modus_tollens:valid,11,,60,test,P2,60,10.35612678527832,mt_query_polarity,1,60
1,P2:test:497,,modus_tollens:invalid,11,,61,test,P2,61,26.478283643722534,mt_query_polarity,1,61
1,P2:test:639,,modus_tollens:invalid,11,,61,test,P2,61,24.385915279388428,mt_rule_direction,1,61
1,P2:test:643,,contraposition:invalid,11,,61,test,P2,61,18.002275943756104,cp_antecedent_polarity,1,61
1,P2:test:33,,contraposition:invalid,11,,61,test,P2,61,23.075763702392578,cp_consequent_polarity,1,61
1,P2:test:616,,modus_tollens:valid,11,,60,test,P2,60,12.780488967895508,mt_query_polarity,1,60
1,P2:test:660,,modus_tollens:valid,11,,60,test,P2,60,13.631541728973389,mt_fact_polarity,1,60
1,P2:test:397,,modus_tollens:invalid,11,,61,test,P2,61,31.92558765411377,mt_fact_polarity,1,61
1,P2:test:574,,contraposition:valid,11,,60,test,P2,60,20.359777212142944,cp_direction,1,60
1,P2:test:218,,modus_tollens:valid,11,,60,test,P2,60,12.386549472808838,mt_rule_direction,1,60
1,P2:test:441,,contraposition:invalid,11,,61,test,P2,61,15.028331756591797,cp_consequent_polarity,1,61
1,P2:test:725,,modus_tollens:invalid,11,,61,test,P2,61,31.313015937805176,mt_query_polarity,1,61
1,P2:test:370,,contraposition:valid,11,,60,test,P2,60,20.569174826145172,cp_direction,1,60
1,P2:test:27,,modus_tollens:invalid,11,,61,test,P2,61,13.852203845977783,mt_rule_direction,1,61
1,P2:test:704,,contraposition:valid,11,,60,test,P2,60,19.761622309684753,cp_consequent_polarity,1,60
1,P2:test:647,,contraposition:invalid,11,,61,test,P2,61,27.23814618587494,cp_direction,1,61
1,P2:test:362,,modus_tollens:valid,11,,60,test,P2,60,14.928916215896606,mt_rule_direction,1,60
1,P2:test:87,,modus_tollens:invalid,11,,61,test,P2,61,21.322393536567688,mt_rule_direction,1,61
1,P2:test:449,,modus_tollens:invalid,11,,61,test,P2,61,27.41157579421997,mt_query_polarity,1,61
1,P2:test:279,,modus_tollens:invalid,11,,61,test,P2,61,19.912029027938843,mt_rule_direction,1,61
1,P2:test:464,,contraposition:valid,11,,60,test,P2,60,19.176844358444214,cp_consequent_polarity,1,60
1,P2:test:619,,contraposition:invalid,11,,61,test,P2,61,23.471553087234497,cp_antecedent_polarity,1,61
1,P2:test:118,,contraposition:valid,11,,60,test,P2,60,22.043054580688477,cp_direction,1,60
1,P2:test:316,,modus_tollens:valid,11,,60,test,P2,60,14.938261032104492,mt_query_polarity,1,60
1,P2:test:263,,contraposition:invalid,11,,61,test,P2,61,12.16700267791748,cp_direction,1,61
1,P2:test:243,,modus_tollens:invalid,11,,61,test,P2,61,24.149394512176514,mt_rule_direction,1,61
1,P2:test:625,,modus_tollens:invalid,11,,61,test,P2,61,32.11406183242798,mt_fact_polarity,1,61
1,P2:test:135,,modus_tollens:invalid,11,,61,test,P2,61,22.154020726680756,mt_rule_direction,1,61
1,P2:test:179,,contraposition:invalid,11,,61,test,P2,61,26.468483686447144,cp_direction,1,61
1,P2:test:439,,contraposition:invalid,11,,61,test,P2,61,26.2171448469162,cp_antecedent_polarity,1,61
1,P2:test:736,,modus_tollens:valid,11,,60,test,P2,60,12.728402614593506,mt_query_polarity,1,60
1,P2:test:764,,contraposition:valid,11,,60,test,P2,60,18.41449761390686,cp_consequent_polarity,1,60
1,P2:test:732,,modus_tollens:valid,11,,60,test,P2,60,10.32984209060669,mt_fact_polarity,1,60
1,P2:test:66,,contraposition:valid,11,,60,test,P2,60,13.704840183258057,cp_antecedent_polarity,1,60
1,P2:test:631,,contraposition:invalid,11,,61,test,P2,61,8.030449867248535,cp_antecedent_polarity,1,61
1,P2:test:642,,contraposition:valid,11,,60,test,P2,60,22.17016252875328,cp_antecedent_polarity,1,60
1,P2:test:524,,contraposition:valid,11,,60,test,P2,60,21.67754065990448,cp_consequent_polarity,1,60
1,P2:test:323,,contraposition:invalid,11,,61,test,P2,61,5.359220504760742,cp_direction,1,61
1,P2:test:113,,modus_tollens:invalid,11,,61,test,P2,61,30.30242681503296,mt_query_polarity,1,61
1,P2:test:561,,contraposition:invalid,11,,61,test,P2,61,23.738792717456818,cp_consequent_polarity,1,61
1,P2:test:611,,contraposition:invalid,11,,61,test,P2,61,6.696364402770996,cp_direction,1,61
1,P2:test:654,,contraposition:valid,11,,60,test,P2,60,21.01465878635645,cp_antecedent_polarity,1,60
1,P2:test:308,,contraposition:valid,11,,60,test,P2,60,14.719918251037598,cp_consequent_polarity,1,60
1,P2:test:369,,contraposition:invalid,11,,61,test,P2,61,21.441978931427002,cp_consequent_polarity,1,61
1,P2:test:18,,contraposition:valid,11,,60,test,P2,60,21.361362040042877,cp_antecedent_polarity,1,60
1,P2:test:553,,modus_tollens:invalid,11,,61,test,P2,61,30.036493062973022,mt_fact_polarity,1,61
1,P2:test:140,,contraposition:valid,11,,60,test,P2,60,9.5828857421875,cp_consequent_polarity,1,60
1,P2:test:189,,contraposition:invalid,11,,61,test,P2,61,21.168086051940918,cp_consequent_polarity,1,61
1,P2:test:160,,modus_tollens:valid,11,,60,test,P2,60,14.938261032104492,mt_query_polarity,1,60
1,P2:test:609,,contraposition:invalid,11,,61,test,P2,61,14.317401885986328,cp_consequent_polarity,1,61
1,P2:test:748,,modus_tollens:valid,11,,60,test,P2,60,9.42077922821045,mt_query_polarity,1,60
1,P2:test:143,,contraposition:invalid,11,,61,test,P2,61,25.31526470184326,cp_direction,1,61
1,P2:test:126,,contraposition:valid,11,,60,test,P2,60,18.1704204082489,cp_antecedent_polarity,1,60
0,P2:test:191,,contraposition:invalid,11,,60,test,P2,61,-13.570009708404541,cp_direction,0,60
1,P2:test:513,,contraposition:invalid,11,,61,test,P2,61,23.116442918777466,cp_consequent_polarity,1,61
1,P2:test:722,,modus_tollens:valid,11,,60,test,P2,60,12.778439998626709,mt_rule_direction,1,60
1,P2:test:459,,modus_tollens:invalid,11,,61,test,P2,61,6.775835037231445,mt_rule_direction,1,61
1,P2:test:680,,contraposition:valid,11,,60,test,P2,60,11.359635353088379,cp_consequent_polarity,1,60
1,P2:test:247,,contraposition:invalid,11,,61,test,P2,61,19.031627655029297,cp_antecedent_polarity,1,61
1,P2:test:261,,contraposition:invalid,11,,61,test,P2,61,14.967784404754639,cp_consequent_polarity,1,61
1,P2:test:40,,modus_tollens:valid,11,,60,test,P2,60,8.1921968460083,mt_query_polarity,1,60
1,P2:test:86,,modus_tollens:valid,11,,60,test,P2,60,12.07907485961914,mt_rule_direction,1,60
1,P2:test:352,,modus_tollens:valid,11,,60,test,P2,60,15.165575504302979,mt_query_polarity,1,60
1,P2:test:210,,contraposition:valid,11,,60,test,P2,60,14.719918251037598,cp_antecedent_polarity,1,60
1,P2:test:21,,contraposition:invalid,11,,61,test,P2,61,18.43360996246338,cp_consequent_polarity,1,61
1,P2:test:353,,modus_tollens:invalid,11,,61,test,P2,61,29.823230981826782,mt_query_polarity,1,61
1,P2:test:742,,contraposition:valid,11,,60,test,P2,60,18.76780390739441,cp_direction,1,60
1,P2:test:51,,modus_tollens:invalid,11,,61,test,P2,61,13.194597721099854,mt_rule_direction,1,61
1,P2:test:267,,modus_tollens:invalid,11,,61,test,P2,61,20.604619026184082,mt_rule_direction,1,61
1,P2:test:20,,contraposition:valid,11,,60,test,P2,60,15.362256526947021,cp_consequent_polarity,1,60
1,P2:test:35,,contraposition:invalid,11,,61,test,P2,61,29.37657880783081,cp_direction,1,61
1,P2:test:302,,modus_tollens:valid,11,,60,test,P2,60,10.611877918243408,mt_rule_direction,1,60
1,P2:test:333,,contraposition:invalid,11,,61,test,P2,61,23.75350320339203,cp_consequent_polarity,1,61
1,P2:test:731,,contraposition:invalid,11,,61,test,P2,61,25.89319109916687,cp_direction,1,61
1,P2:test:97,,modus_tollens:invalid,11,,61,test,P2,61,26.923487424850464,mt_fact_polarity,1,61
1,P2:test:338,,modus_tollens:valid,11,,60,test,P2,60,11.81036901473999,mt_rule_direction,1,60
1,P2:test:403,,contraposition:invalid,11,,61,test,P2,61,23.369964122772217,cp_antecedent_polarity,1,61
1,P2:test:545,,modus_tollens:invalid,11,,61,test,P2,61,24.805294394493103,mt_query_polarity,1,61
1,P2:test:636,,modus_tollens:valid,11,,60,test,P2,60,12.784281730651855,mt_fact_polarity,1,60
1,P2:test:117,,contraposition:invalid,11,,61,test,P2,61,22.265333652496338,cp_consequent_polarity,1,61
1,P2:test:304,,modus_tollens:valid,11,,60,test,P2,60,17.339848279953003,mt_query_polarity,1,60
1,P2:test:677,,modus_tollens:invalid,11,,61,test,P2,61,27.42773985862732,mt_query_polarity,1,61
1,P2:test:493,,modus_tollens:invalid,11,,61,test,P2,61,30.166348457336426,mt_fact_polarity,1,61
1,P2:test:400,,modus_tollens:valid,11,,60,test,P2,60,11.81036901473999,mt_query_polarity,1,60
1,P2:test:393,,contraposition:invalid,11,,61,test,P2,61,17.067021369934082,cp_consequent_polarity,1,61
1,P2:test:11,,contraposition:invalid,11,,61,test,P2,61,23.324799418449402,cp_direction,1,61
1,P2:test:138,,contraposition:valid,11,,60,test,P2,60,19.176844358444214,cp_antecedent_polarity,1,60
1,P2:test:430,,contraposition:valid,11,,60,test,P2,60,18.568687677383423,cp_direction,1,60
1,P2:test:72,,modus_tollens:valid,11,,60,test,P2,60,9.823290824890137,mt_fact_polarity,1,60
1,P2:test:476,,contraposition:valid,11,,60,test,P2,60,14.677856922149658,cp_consequent_polarity,1,60
1,P2:test:177,,contraposition:invalid,11,,61,test,P2,61,24.034932613372803,cp_consequent_polarity,1,61
1,P2:test:208,,modus_tollens:valid,11,,60,test,P2,60,12.741079807281494,mt_query_polarity,1,60
1,P2:test:672,,modus_tollens:valid,11,,60,test,P2,60,10.618271827697754,mt_fact_polarity,1,60
1,P2:test:743,,contraposition:invalid,11,,61,test,P2,61,30.76673984527588,cp_direction,1,61
1,P2:test:176,,contraposition:valid,11,,60,test,P2,60,22.686043739318848,cp_consequent_polarity,1,60
1,P2:test:90,,contraposition:valid,11,,60,test,P2,60,21.613073468208313,cp_antecedent_polarity,1,60
1,P2:test:491,,contraposition:invalid,11,,61,test,P2,61,14.4678955078125,cp_direction,1,61
1,P2:test:332,,contraposition:valid,11,,60,test,P2,60,21.458441138267517,cp_consequent_polarity,1,60
1,P2:test:8,,contraposition:valid,11,,60,test,P2,60,19.153283834457397,cp_consequent_polarity,1,60
1,P2:test:79,,contraposition:invalid,11,,61,test,P2,61,16.49351406097412,cp_antecedent_polarity,1,61
1,P2:test:446,,modus_tollens:valid,11,,60,test,P2,60,9.555423736572266,mt_rule_direction,1,60
1,P2:test:482,,modus_tollens:valid,11,,60,test,P2,60,12.720808982849121,mt_rule_direction,1,60
1,P2:test:240,,modus_tollens:valid,11,,60,test,P2,60,11.559719562530518,mt_fact_polarity,1,60
1,P2:test:250,,contraposition:valid,11,,60,test,P2,60,19.71729850769043,cp_direction,1,60
1,P2:test:723,,modus_tollens:invalid,11,,61,test,P2,61,19.52394437789917,mt_rule_direction,1,61
1,P2:test:299,,contraposition:invalid,11,,61,test,P2,61,26.592448949813843,cp_direction,1,61
1,P2:test:419,,contraposition:invalid,11,,61,test,P2,61,29.506581783294678,cp_direction,1,61
1,P2:test:472,,modus_tollens:valid,11,,60,test,P2,60,12.694339752197266,mt_query_polarity,1,60
1,P2:test:206,,modus_tollens:valid,11,,60,test,P2,60,14.912415504455566,mt_rule_direction,1,60
1,P2:test:665,,modus_tollens:invalid,11,,61,test,P2,61,32.12390613555908,mt_query_polarity,1,61
1,P2:test:411,,modus_tollens:invalid,11,,61,test,P2,61,23.178921282291412,mt_rule_direction,1,61
1,P2:test:149,,modus_tollens:invalid,11,,61,test,P2,61,27.72085690498352,mt_query_polarity,1,61
1,P2:test:575,,contraposition:invalid,11,,61,test,P2,61,29.899499893188477,cp_direction,1,61
1,P2:test:157,,modus_tollens:invalid,11,,61,test,P2,61,32.301905155181885,mt_fact_polarity,1,61
1,P2:test:462,,contraposition:valid,11,,60,test,P2,60,19.637202501296997,cp_antecedent_polarity,1,60
1,P2:test:753,,contraposition:invalid,11,,61,test,P2,61,23.448811888694763,cp_consequent_polarity,1,61
1,P2:test:123,,modus_tollens:invalid,11,,61,test,P2,61,4.759620666503906,mt_rule_direction,1,61
1,P2:test:363,,modus_tollens:invalid,11,,61,test,P2,61,22.51085789501667,mt_rule_direction,1,61
1,P2:test:659,,contraposition:invalid,11,,61,test,P2,61,30.555508613586426,cp_direction,1,61
1,P2:test:767,,contraposition:invalid,11,,61,test,P2,61,30.173519134521484,cp_direction,1,61
1,P2:test:596,,contraposition:valid,11,,60,test,P2,60,15.989295244216919,cp_consequent_polarity,1,60
1,P2:test:615,,modus_tollens:invalid,11,,61,test,P2,61,20.604619026184082,mt_rule_direction,1,61
1,P2:test:671,,contraposition:invalid,11,,61,test,P2,61,29.837757110595703,cp_direction,1,61
1,P2:test:407,,contraposition:invalid,11,,61,test,P2,61,20.97550129890442,cp_direction,1,61
1,P2:test:389,,modus_tollens:invalid,11,,61,test,P2,61,30.392504692077637,mt_query_polarity,1,61
1,P2:test:74,,modus_tollens:valid,11,,60,test,P2,60,12.07907485961914,mt_rule_direction,1,60
1,P2:test:762,,contraposition:valid,11,,60,test,P2,60,13.960534572601318,cp_antecedent_polarity,1,60
1,P2:test:425,,modus_tollens:invalid,11,,61,test,P2,61,32.31149864196777,mt_query_polarity,1,61
1,P2:test:286,,contraposition:valid,11,,60,test,P2,60,21.613073468208313,cp_direction,1,60
1,P2:test:258,,contraposition:valid,11,,60,test,P2,60,24.525525093078613,cp_antecedent_polarity,1,60
1,P2:test:59,,contraposition:invalid,11,,61,test,P2,61,26.340896368026733,cp_direction,1,61
1,P2:test:624,,modus_tollens:valid,11,,60,test,P2,60,10.618273735046387,mt_fact_polarity,1,60
1,P2:test:718,,contraposition:valid,11,,60,test,P2,60,20.03620230499655,cp_direction,1,60
1,P2:test:517,,modus_tollens:invalid,11,,61,test,P2,61,31.42576789855957,mt_fact_polarity,1,61
1,P2:test:148,,modus_tollens:valid,11,,60,test,P2,60,9.654550552368164,mt_query_polarity,1,60
1,P2:test:603,,modus_tollens:invalid,11,,61,test,P2,61,13.194597244262695,mt_rule_direction,1,61
1,P2:test:296,,contraposition:valid,11,,60,test,P2,60,20.011706471443176,cp_consequent_polarity,1,60
1,P2:test:300,,modus_tollens:valid,11,,60,test,P2,60,8.455821990966797,mt_fact_polarity,1,60
1,P2:test:1,,modus_tollens:invalid,11,,61,test,P2,61,26.604595959186554,mt_fact_polarity,1,61
1,P2:test:563,,contraposition:invalid,11,,61,test,P2,61,12.383525848388672,cp_direction,1,61
1,P2:test:554,,modus_tollens:valid,11,,60,test,P2,60,9.78297233581543,mt_rule_direction,1,60
1,P2:test:336,,modus_tollens:valid,11,,60,test,P2,60,12.65036916732788,mt_fact_polarity,1,60
1,P2:test:356,,contraposition:valid,11,,60,test,P2,60,15.509291410446167,cp_consequent_polarity,1,60
1,P2:test:696,,modus_tollens:valid,11,,60,test,P2,60,11.018108367919922,mt_fact_polarity,1,60
1,P2:test:290,,modus_tollens:valid,11,,60,test,P2,60,7.908430099487305,mt_rule_direction,1,60
1,P2:test:717,,contraposition:invalid,11,,61,test,P2,61,25.95733666419983,cp_consequent_polarity,1,61
1,P2:test:730,,contraposition:valid,11,,60,test,P2,60,15.509291410446167,cp_direction,1,60
1,P2:test:273,,contraposition:invalid,11,,61,test,P2,61,16.663848400115967,cp_consequent_polarity,1,61
1,P2:test:205,,modus_tollens:invalid,11,,61,test,P2,61,31.3157320022583,mt_fact_polarity,1,61
1,P2:test:116,,contraposition:valid,11,,60,test,P2,60,19.761622309684753,cp_consequent_polarity,1,60
1,P2:test:505,,modus_tollens:invalid,11,,61,test,P2,61,30.46167278289795,mt_fact_polarity,1,61
1,P2:test:540,,modus_tollens:valid,11,,60,test,P2,60,11.727915287017822,mt_fact_polarity,1,60
1,P2:test:2,,modus_tollens:valid,11,,60,test,P2,60,17.57583785057068,mt_rule_direction,1,60
1,P2:test:48,,modus_tollens:valid,11,,60,test,P2,60,12.842535018920898,mt_fact_polarity,1,60
1,P2:test:734,,modus_tollens:valid,11,,60,test,P2,60,8.814203262329102,mt_rule_direction,1,60
1,P2:test:535,,contraposition:invalid,11,,61,test,P2,61,18.21737289428711,cp_antecedent_polarity,1,61
1,P2:test:382,,contraposition:valid,11,,60,test,P2,60,8.069622039794922,cp_direction,1,60
1,P2:test:311,,contraposition:invalid,11,,61,test,P2,61,13.031327247619629,cp_direction,1,61
1,P2:test:693,,contraposition:invalid,11,,61,test,P2,61,22.472428798675537,cp_consequent_polarity,1,61
1,P2:test:594,,contraposition:valid,11,,60,test,P2,60,12.899550437927246,cp_antecedent_polarity,1,60
1,P2:test:528,,modus_tollens:valid,11,,60,test,P2,60,14.780159711837769,mt_fact_polarity,1,60
1,P2:test:226,,contraposition:valid,11,,60,test,P2,60,19.737711012363434,cp_direction,1,60
1,P2:test:678,,contraposition:valid,11,,60,test,P2,60,15.405508041381836,cp_antecedent_polarity,1,60
1,P2:test:579,,modus_tollens:invalid,11,,61,test,P2,61,18.982179522514343,mt_rule_direction,1,61
1,P2:test:396,,modus_tollens:valid,11,,60,test,P2,60,9.420778274536133,mt_fact_polarity,1,60
1,P2:test:386,,modus_tollens:valid,11,,60,test,P2,60,14.896196603775024,mt_rule_direction,1,60
1,P2:test:98,,modus_tollens:valid,11,,60,test,P2,60,17.454769372940063,mt_rule_direction,1,60
1,P2:test:495,,modus_tollens:invalid,11,,61,test,P2,61,18.982179522514343,mt_rule_direction,1,61
1,P2:test:172,,modus_tollens:valid,11,,60,test,P2,60,10.367376327514648,mt_query_polarity,1,60
1,P2:test:652,,modus_tollens:valid,11,,60,test,P2,60,15.41575002670288,mt_query_polarity,1,60
1,P2:test:307,,contraposition:invalid,11,,61,test,P2,61,26.172799348831177,cp_antecedent_polarity,1,61
1,P2:test:245,,modus_tollens:invalid,11,,61,test,P2,61,31.245461463928223,mt_query_polarity,1,61
1,P2:test:170,,modus_tollens:valid,11,,60,test,P2,60,8.625528335571289,mt_rule_direction,1,60
1,P2:test:264,,modus_tollens:valid,11,,60,test,P2,60,12.779743671417236,mt_fact_polarity,1,60
1,P2:test:724,,modus_tollens:valid,11,,60,test,P2,60,12.783881664276123,mt_query_polarity,1,60
1,P2:test:313,,modus_tollens:invalid,11,,61,test,P2,61,31.124056816101074,mt_fact_polarity,1,61
1,P2:test:573,,contraposition:invalid,11,,61,test,P2,61,21.30452823638916,cp_consequent_polarity,1,61
1,P2:test:375,,modus_tollens:invalid,11,,61,test,P2,61,20.604619026184082,mt_rule_direction,1,61
1,P2:test:244,,modus_tollens:valid,11,,60,test,P2,60,17.339848279953003,mt_query_polarity,1,60
1,P2:test:255,,modus_tollens:invalid,11,,61,test,P2,61,25.368178367614746,mt_rule_direction,1,61
1,P2:test:484,,modus_tollens:valid,11,,60,test,P2,60,12.69033670425415,mt_query_polarity,1,60
1,P2:test:463,,contraposition:invalid,11,,61,test,P2,61,16.77556610107422,cp_antecedent_polarity,1,61
1,P2:test:82,,contraposition:valid,11,,60,test,P2,60,21.13876497745514,cp_direction,1,60
1,P2:test:470,,modus_tollens:valid,11,,60,test,P2,60,13.102136135101318,mt_rule_direction,1,60
1,P2:test:199,,contraposition:invalid,11,,61,test,P2,61,23.72956156730652,cp_antecedent_polarity,1,61
1,P2:test:601,,modus_tollens:invalid,11,,61,test,P2,61,27.00037682056427,mt_fact_polarity,1,61
1,P2:test:276,,modus_tollens:valid,11,,60,test,P2,60,17.38114833831787,mt_fact_polarity,1,60
1,P2:test:378,,contraposition:valid,11,,60,test,P2,60,17.76075053215027,cp_antecedent_polarity,1,60
1,P2:test:582,,contraposition:valid,11,,60,test,P2,60,19.638782113790512,cp_antecedent_polarity,1,60
1,P2:test:438,,contraposition:valid,11,,60,test,P2,60,19.637202501296997,cp_antecedent_polarity,1,60
1,P2:test:543,,modus_tollens:invalid,11,,61,test,P2,61,24.08533203601837,mt_rule_direction,1,61
1,P2:test:391,,contraposition:invalid,11,,61,test,P2,61,17.075701236724854,cp_antecedent_polarity,1,61
1,P2:test:99,,modus_tollens:invalid,11,,61,test,P2,61,21.489993929862976,mt_rule_direction,1,61
1,P2:test:380,,contraposition:valid,11,,60,test,P2,60,20.956783890724182,cp_consequent_polarity,1,60
1,P2:test:394,,contraposition:valid,11,,60,test,P2,60,20.555307805538177,cp_direction,1,60
1,P2:test:221,,modus_tollens:invalid,11,,61,test,P2,61,27.348919928073883,mt_query_polarity,1,61
1,P2:test:94,,contraposition:valid,11,,60,test,P2,60,19.934413194656372,cp_direction,1,60
1,P2:test:7,,contraposition:invalid,11,,61,test,P2,61,16.55434226989746,cp_antecedent_polarity,1,61
1,P2:test:485,,modus_tollens:invalid,11,,61,test,P2,61,27.080842971801758,mt_query_polarity,1,61
1,P2:test:691,,contraposition:invalid,11,,61,test,P2,61,24.529712557792664,cp_antecedent_polarity,1,61
1,P2:test:494,,modus_tollens:valid,11,,60,test,P2,60,15.165575504302979,mt_rule_direction,1,60
1,P2:test:392,,contraposition:valid,11,,60,test,P2,60,21.390831023454666,cp_consequent_polarity,1,60
1,P2:test:695,,contraposition:invalid,11,,61,test,P2,61,29.37657880783081,cp_direction,1,61
1,P2:test:237,,contraposition:invalid,11,,61,test,P2,61,21.93373727798462,cp_consequent_polarity,1,61
1,P2:test:202,,contraposition:valid,11,,60,test,P2,60,15.986337661743164,cp_direction,1,60
1,P2:test:229,,modus_tollens:invalid,11,,61,test,P2,61,29.395464658737183,mt_fact_polarity,1,61
1,P2:test:427,,contraposition:invalid,11,,61,test,P2,61,17.865979194641113,cp_antecedent_polarity,1,61
1,P2:test:166,,contraposition:valid,11,,60,test,P2,60,15.272673606872559,cp_direction,1,60
1,P2:test:252,,modus_tollens:valid,11,,60,test,P2,60,12.69033670425415,mt_fact_polarity,1,60
1,P2:test:720,,modus_tollens:valid,11,,60,test,P2,60,13.826408386230469,mt_fact_polarity,1,60
1,P2:test:501,,contraposition:invalid,11,,61,test,P2,61,20.97815990447998,cp_consequent_polarity,1,61
1,P2:test:212,,contraposition:valid,11,,60,test,P2,60,17.24817419052124,cp_consequent_polarity,1,60
1,P2:test:271,,contraposition:invalid,11,,61,test,P2,61,23.00044894218445,cp_antecedent_polarity,1,61
1,P2:test:567,,modus_tollens:invalid,11,,61,test,P2,61,20.355311691761017,mt_rule_direction,1,61
1,P2:test:512,,contraposition:valid,11,,60,test,P2,60,13.538457870483398,cp_consequent_polarity,1,60
1,P2:test:360,,modus_tollens:valid,11,,60,test,P2,60,8.436970710754395,mt_fact_polarity,1,60
1,P2:test:282,,contraposition:valid,11,,60,test,P2,60,20.20748919248581,cp_antecedent_polarity,1,60
1,P2:test:228,,modus_tollens:valid,11,,60,test,P2,60,9.110179901123047,mt_fact_polarity,1,60
1,P2:test:24,,modus_tollens:valid,11,,60,test,P2,60,15.315017700195312,mt_fact_polarity,1,60
1,P2:test:708,,modus_tollens:valid,11,,60,test,P2,60,12.78322458267212,mt_fact_polarity,1,60
1,P2:test:297,,contraposition:invalid,11,,61,test,P2,61,22.15754985809326,cp_consequent_polarity,1,61
