correct,example_id,failure_reason,label,model_seed,oracle_substitution,prediction,split,stage,target,target_margin,template,unrestricted_correct,unrestricted_prediction
1,F2:validation:558,,binding,11,22=19,19,validation,F2,19,10.93274450302124,reversed_predicate_control,1,19
1,F2:validation:467,symbol_mismatch,failure,11,,28,validation,F2,28,12.745880603790283,reversed_predicate_control,1,28
1,F2:validation:257,symbol_mismatch,failure,11,,28,validation,F2,28,12.625458717346191,canonical_predicate_control,1,28
1,F2:validation:633,symbol_mismatch,failure,11,,28,validation,F2,28,11.544373512268066,canonical_predicate_control,1,28
1,F2:validation:617,symbol_mismatch,failure,11,,28,validation,F2,28,11.409814834594727,reversed_functor_control,1,28
1,F2:validation:732,,binding,11,16=22,22,validation,F2,22,13.208405494689941,canonical_predicate_control,1,22
1,F2:validation:70,,binding,11,23=27,27,validation,F2,27,10.398204803466797,canonical_predicate_control,1,27
1,F2:validation:127,symbol_mismatch,failure,11,,28,validation,F2,28,11.010719299316406,reversed_functor_control,1,28
1,F2:validation:390,,binding,11,18=19,19,validation,F2,19,10.819588661193848,canonical_functor_control,1,19
1,F2:validation:232,,binding,11,26=24,24,validation,F2,24,13.129137516021729,reversed_functor_control,1,24
1,F2:validation:593,symbol_mismatch,failure,11,,28,validation,F2,28,11.13262128829956,canonical_functor_control,1,28
1,F2:validation:395,symbol_mismatch,failure,11,,28,validation,F2,28,13.101776599884033,canonical_functor_control,1,28
1,F2:validation:284,,binding,11,17=26,26,validation,F2,26,10.983013153076172,reversed_predicate_control,1,26
1,F2:validation:650,,binding,11,16=17,17,validation,F2,17,11.905379295349121,reversed_predicate_control,1,17
1,F2:validation:133,symbol_mismatch,failure,11,,28,validation,F2,28,12.399798393249512,reversed_functor_control,1,28
1,F2:validation:726,,binding,11,24=19,19,validation,F2,19,11.473542213439941,canonical_predicate_control,1,19
1,F2:validation:695,symbol_mismatch,failure,11,,28,validation,F2,28,11.759613990783691,canonical_functor_control,1,28
1,F2:validation:84,,binding,11,27=22,22,validation,F2,22,11.320102214813232,reversed_predicate_control,1,22
1,F2:validation:80,,binding,11,22=20,20,validation,F2,20,8.98075819015503,reversed_predicate_control,1,20
1,F2:validation:728,,binding,11,23=20,20,validation,F2,20,12.336879253387451,canonical_predicate_control,1,20
1,F2:validation:208,,binding,11,20=24,24,validation,F2,24,10.473465919494629,canonical_functor_control,1,24
1,F2:validation:203,symbol_mismatch,failure,11,,28,validation,F2,28,12.736508846282959,canonical_functor_control,1,28
1,F2:validation:105,symbol_mismatch,failure,11,,28,validation,F2,28,11.946546077728271,canonical_functor_control,1,28
1,F2:validation:525,symbol_mismatch,failure,11,,28,validation,F2,28,11.455676078796387,reversed_functor_control,1,28
1,F2:validation:716,,binding,11,24=26,26,validation,F2,26,8.726905345916748,reversed_functor_control,1,26
1,F2:validation:340,,binding,11,25=18,18,validation,F2,18,10.944512844085693,canonical_predicate_control,1,18
1,F2:validation:490,,binding,11,23=21,21,validation,F2,21,11.078749179840088,canonical_functor_control,1,21
1,F2:validation:370,,binding,11,16=21,21,validation,F2,21,11.407368659973145,reversed_predicate_control,1,21
1,F2:validation:486,,binding,11,18=19,19,validation,F2,19,9.276495456695557,canonical_functor_control,1,19
1,F2:validation:34,,binding,11,16=21,21,validation,F2,21,11.57444143295288,reversed_functor_control,1,21
1,F2:validation:252,,binding,11,19=22,22,validation,F2,22,12.926807880401611,canonical_predicate_control,1,22
1,F2:validation:342,,binding,11,25=19,19,validation,F2,19,9.575485706329346,canonical_predicate_control,1,19
1,F2:validation:520,,binding,11,23=24,24,validation,F2,24,13.934829235076904,reversed_functor_control,1,24
1,F2:validation:288,,binding,11,22=16,16,validation,F2,16,11.224221229553223,canonical_functor_control,1,16
1,F2:validation:12,,binding,11,19=22,22,validation,F2,22,12.822816371917725,canonical_functor_control,1,22
1,F2:validation:713,symbol_mismatch,failure,11,,28,validation,F2,28,11.820195198059082,reversed_functor_control,1,28
1,F2:validation:121,symbol_mismatch,failure,11,,28,validation,F2,28,12.623618602752686,reversed_functor_control,1,28
1,F2:validation:191,symbol_mismatch,failure,11,,28,validation,F2,28,12.509222984313965,reversed_predicate_control,1,28
1,F2:validation:707,symbol_mismatch,failure,11,,28,validation,F2,28,13.065181732177734,reversed_functor_control,1,28
1,F2:validation:421,symbol_mismatch,failure,11,,28,validation,F2,28,12.217326641082764,reversed_functor_control,1,28
1,F2:validation:400,,binding,11,20=24,24,validation,F2,24,10.181355476379395,canonical_functor_control,1,24
1,F2:validation:559,symbol_mismatch,failure,11,,28,validation,F2,28,10.912728309631348,reversed_predicate_control,1,28
1,F2:validation:514,,binding,11,22=21,21,validation,F2,21,9.161290168762207,reversed_functor_control,1,21
1,F2:validation:487,symbol_mismatch,failure,11,,28,validation,F2,28,10.961162567138672,canonical_functor_control,1,28
1,F2:validation:78,,binding,11,23=19,19,validation,F2,19,11.796396255493164,reversed_predicate_control,1,19
1,F2:validation:577,symbol_mismatch,failure,11,,28,validation,F2,28,14.652985572814941,canonical_functor_control,1,28
1,F2:validation:406,,binding,11,24=27,27,validation,F2,27,9.31290054321289,canonical_functor_control,1,27
1,F2:validation:361,symbol_mismatch,failure,11,,28,validation,F2,28,11.949900150299072,reversed_predicate_control,1,28
1,F2:validation:115,symbol_mismatch,failure,11,,28,validation,F2,28,11.463597297668457,canonical_functor_control,1,28
1,F2:validation:349,symbol_mismatch,failure,11,,28,validation,F2,28,11.044735431671143,canonical_predicate_control,1,28
1,F2:validation:602,,binding,11,20=17,17,validation,F2,17,9.834946632385254,reversed_functor_control,1,17
1,F2:validation:767,symbol_mismatch,failure,11,,28,validation,F2,28,12.731929779052734,reversed_predicate_control,1,28
1,F2:validation:428,,binding,11,27=26,26,validation,F2,26,10.86140775680542,reversed_functor_control,1,26
1,F2:validation:479,symbol_mismatch,failure,11,,28,validation,F2,28,11.994223594665527,reversed_predicate_control,1,28
1,F2:validation:664,,binding,11,20=24,24,validation,F2,24,10.348012924194336,reversed_predicate_control,1,24
1,F2:validation:64,,binding,11,18=24,24,validation,F2,24,11.256444454193115,canonical_predicate_control,1,24
1,F2:validation:437,symbol_mismatch,failure,11,,28,validation,F2,28,11.599425315856934,canonical_predicate_control,1,28
1,F2:validation:334,,binding,11,18=27,27,validation,F2,27,10.437303066253662,reversed_functor_control,1,27
1,F2:validation:548,,binding,11,19=26,26,validation,F2,26,10.684698581695557,canonical_predicate_control,1,26
1,F2:validation:543,symbol_mismatch,failure,11,,28,validation,F2,28,12.384045600891113,canonical_predicate_control,1,28
1,F2:validation:229,symbol_mismatch,failure,11,,28,validation,F2,28,10.940271377563477,reversed_functor_control,1,28
1,F2:validation:681,symbol_mismatch,failure,11,,28,validation,F2,28,11.705523490905762,canonical_functor_control,1,28
1,F2:validation:341,symbol_mismatch,failure,11,,28,validation,F2,28,11.83729362487793,canonical_predicate_control,1,28
1,F2:validation:456,,binding,11,26=16,16,validation,F2,16,9.100292205810547,reversed_predicate_control,1,16
1,F2:validation:691,symbol_mismatch,failure,11,,28,validation,F2,28,11.574267387390137,canonical_functor_control,1,28
1,F2:validation:571,symbol_mismatch,failure,11,,28,validation,F2,28,12.05907917022705,reversed_predicate_control,1,28
1,F2:validation:291,symbol_mismatch,failure,11,,28,validation,F2,28,12.303410530090332,canonical_functor_control,1,28
1,F2:validation:118,,binding,11,21=27,27,validation,F2,27,11.013352870941162,canonical_functor_control,1,27
1,F2:validation:269,symbol_mismatch,failure,11,,28,validation,F2,28,10.670788764953613,reversed_predicate_control,1,28
1,F2:validation:211,symbol_mismatch,failure,11,,28,validation,F2,28,11.210916519165039,canonical_functor_control,1,28
1,F2:validation:108,,binding,11,18=22,22,validation,F2,22,12.228652954101562,canonical_functor_control,1,22
1,F2:validation:363,symbol_mismatch,failure,11,,28,validation,F2,28,11.88967514038086,reversed_predicate_control,1,28
1,F2:validation:248,,binding,11,22=20,20,validation,F2,20,10.194775104522705,canonical_predicate_control,1,20
1,F2:validation:241,symbol_mismatch,failure,11,,28,validation,F2,28,12.655807971954346,canonical_predicate_control,1,28
1,F2:validation:612,,binding,11,19=22,22,validation,F2,22,11.460037231445312,reversed_functor_control,1,22
1,F2:validation:419,symbol_mismatch,failure,11,,28,validation,F2,28,13.087810516357422,reversed_functor_control,1,28
1,F2:validation:150,,binding,11,21=19,19,validation,F2,19,12.0079984664917,canonical_predicate_control,1,19
1,F2:validation:249,symbol_mismatch,failure,11,,28,validation,F2,28,12.323577404022217,canonical_predicate_control,1,28
1,F2:validation:755,symbol_mismatch,failure,11,,28,validation,F2,28,12.058568000793457,reversed_predicate_control,1,28
1,F2:validation:562,,binding,11,17=21,21,validation,F2,21,10.883408069610596,reversed_predicate_control,1,21
1,F2:validation:227,symbol_mismatch,failure,11,,28,validation,F2,28,12.465897560119629,reversed_functor_control,1,28
1,F2:validation:365,symbol_mismatch,failure,11,,28,validation,F2,28,11.47811508178711,reversed_predicate_control,1,28
1,F2:validation:47,symbol_mismatch,failure,11,,28,validation,F2,28,12.636049747467041,reversed_functor_control,1,28
1,F2:validation:534,,binding,11,27=19,19,validation,F2,19,10.939807891845703,canonical_predicate_control,1,19
1,F2:validation:611,symbol_mismatch,failure,11,,28,validation,F2,28,12.128838062286377,reversed_functor_control,1,28
1,F2:validation:392,,binding,11,18=20,20,validation,F2,20,12.167537212371826,canonical_functor_control,1,20
1,F2:validation:492,,binding,11,19=22,22,validation,F2,22,12.557181358337402,canonical_functor_control,1,22
1,F2:validation:647,symbol_mismatch,failure,11,,28,validation,F2,28,12.000167846679688,canonical_predicate_control,1,28
1,F2:validation:565,symbol_mismatch,failure,11,,28,validation,F2,28,11.157692909240723,reversed_predicate_control,1,28
1,F2:validation:484,,binding,11,19=18,18,validation,F2,18,11.130458354949951,canonical_functor_control,1,18
1,F2:validation:442,,binding,11,23=21,21,validation,F2,21,11.407357215881348,canonical_predicate_control,1,21
1,F2:validation:140,,binding,11,18=26,26,validation,F2,26,10.839339256286621,reversed_functor_control,1,26
1,F2:validation:336,,binding,11,23=16,16,validation,F2,16,10.759191513061523,canonical_predicate_control,1,16
1,F2:validation:306,,binding,11,22=25,25,validation,F2,25,12.811717510223389,canonical_functor_control,1,25
1,F2:validation:330,,binding,11,16=25,25,validation,F2,25,12.229987621307373,reversed_functor_control,1,25
1,F2:validation:273,symbol_mismatch,failure,11,,28,validation,F2,28,12.20068073272705,reversed_predicate_control,1,28
1,F2:validation:642,,binding,11,22=25,25,validation,F2,25,12.713391780853271,canonical_predicate_control,1,25
1,F2:validation:762,,binding,11,22=25,25,validation,F2,25,12.457363605499268,reversed_predicate_control,1,25
1,F2:validation:130,,binding,11,26=21,21,validation,F2,21,12.35561466217041,reversed_functor_control,1,21
1,F2:validation:734,,binding,11,25=23,23,validation,F2,23,10.64567756652832,canonical_predicate_control,1,23
1,F2:validation:694,,binding,11,20=27,27,validation,F2,27,11.918982028961182,canonical_functor_control,1,27
1,F2:validation:151,symbol_mismatch,failure,11,,28,validation,F2,28,10.871599197387695,canonical_predicate_control,1,28
1,F2:validation:687,symbol_mismatch,failure,11,,28,validation,F2,28,11.89810562133789,canonical_functor_control,1,28
1,F2:validation:378,,binding,11,24=25,25,validation,F2,25,11.559345245361328,reversed_predicate_control,1,25
1,F2:validation:469,symbol_mismatch,failure,11,,28,validation,F2,28,12.594233989715576,reversed_predicate_control,1,28
1,F2:validation:557,symbol_mismatch,failure,11,,28,validation,F2,28,10.462115287780762,reversed_predicate_control,1,28
1,F2:validation:180,,binding,11,24=22,22,validation,F2,22,10.578661441802979,reversed_predicate_control,1,22
1,F2:validation:436,,binding,11,24=18,18,validation,F2,18,10.050656795501709,canonical_predicate_control,1,18
1,F2:validation:292,,binding,11,19=18,18,validation,F2,18,11.199971199035645,canonical_functor_control,1,18
1,F2:validation:166,,binding,11,24=27,27,validation,F2,27,9.659477233886719,canonical_predicate_control,1,27
1,F2:validation:362,,binding,11,19=17,17,validation,F2,17,11.002998352050781,reversed_predicate_control,1,17
1,F2:validation:521,symbol_mismatch,failure,11,,28,validation,F2,28,11.847943782806396,reversed_functor_control,1,28
1,F2:validation:114,,binding,11,27=25,25,validation,F2,25,12.509839534759521,canonical_functor_control,1,25
1,F2:validation:264,,binding,11,18=16,16,validation,F2,16,9.697044372558594,reversed_predicate_control,1,16
1,F2:validation:528,,binding,11,19=16,16,validation,F2,16,9.795332908630371,canonical_predicate_control,1,16
1,F2:validation:305,symbol_mismatch,failure,11,,28,validation,F2,28,11.212071418762207,canonical_functor_control,1,28
1,F2:validation:299,symbol_mismatch,failure,11,,28,validation,F2,28,13.268455982208252,canonical_functor_control,1,28
1,F2:validation:50,,binding,11,20=17,17,validation,F2,17,9.249772071838379,canonical_predicate_control,1,17
1,F2:validation:134,,binding,11,25=23,23,validation,F2,23,9.170914649963379,reversed_functor_control,1,23
1,F2:validation:644,,binding,11,24=26,26,validation,F2,26,7.7993245124816895,canonical_predicate_control,1,26
1,F2:validation:352,,binding,11,16=24,24,validation,F2,24,10.445599555969238,canonical_predicate_control,1,24
1,F2:validation:744,,binding,11,27=16,16,validation,F2,16,11.018864631652832,reversed_predicate_control,1,16
1,F2:validation:329,symbol_mismatch,failure,11,,28,validation,F2,28,12.195836544036865,reversed_functor_control,1,28
1,F2:validation:684,,binding,11,24=22,22,validation,F2,22,10.501664161682129,canonical_functor_control,1,22
1,F2:validation:391,symbol_mismatch,failure,11,,28,validation,F2,28,10.99577522277832,canonical_functor_control,1,28
1,F2:validation:447,symbol_mismatch,failure,11,,28,validation,F2,28,12.354021549224854,canonical_predicate_control,1,28
1,F2:validation:173,symbol_mismatch,failure,11,,28,validation,F2,28,12.095175743103027,reversed_predicate_control,1,28
1,F2:validation:137,symbol_mismatch,failure,11,,28,validation,F2,28,11.756565570831299,reversed_functor_control,1,28
1,F2:validation:195,symbol_mismatch,failure,11,,28,validation,F2,28,10.908984184265137,canonical_functor_control,1,28
1,F2:validation:79,symbol_mismatch,failure,11,,28,validation,F2,28,11.017404556274414,reversed_predicate_control,1,28
1,F2:validation:374,,binding,11,16=23,23,validation,F2,23,11.411336898803711,reversed_predicate_control,1,23
1,F2:validation:72,,binding,11,25=16,16,validation,F2,16,10.079812049865723,reversed_predicate_control,1,16
1,F2:validation:48,,binding,11,27=16,16,validation,F2,16,9.27371883392334,canonical_predicate_control,1,16
1,F2:validation:706,,binding,11,27=21,21,validation,F2,21,10.316072463989258,reversed_functor_control,1,21
1,F2:validation:63,symbol_mismatch,failure,11,,28,validation,F2,28,12.48292350769043,canonical_predicate_control,1,28
1,F2:validation:23,symbol_mismatch,failure,11,,28,validation,F2,28,12.43966293334961,canonical_functor_control,1,28
1,F2:validation:641,symbol_mismatch,failure,11,,28,validation,F2,28,9.880558013916016,canonical_predicate_control,1,28
1,F2:validation:678,,binding,11,25=19,19,validation,F2,19,9.713627815246582,canonical_functor_control,1,19
1,F2:validation:418,,binding,11,24=21,21,validation,F2,21,11.155416488647461,reversed_functor_control,1,21
1,F2:validation:483,symbol_mismatch,failure,11,,28,validation,F2,28,11.214040279388428,canonical_functor_control,1,28
1,F2:validation:555,symbol_mismatch,failure,11,,28,validation,F2,28,12.088397026062012,reversed_predicate_control,1,28
1,F2:validation:752,,binding,11,18=20,20,validation,F2,20,12.572062492370605,reversed_predicate_control,1,20
1,F2:validation:324,,binding,11,23=22,22,validation,F2,22,11.85889482498169,reversed_functor_control,1,22
1,F2:validation:458,,binding,11,26=17,17,validation,F2,17,9.649240016937256,reversed_predicate_control,1,17
1,F2:validation:619,symbol_mismatch,failure,11,,28,validation,F2,28,12.409680366516113,reversed_functor_control,1,28
1,F2:validation:539,symbol_mismatch,failure,11,,28,validation,F2,28,10.132445335388184,canonical_predicate_control,1,28
1,F2:validation:616,,binding,11,25=24,24,validation,F2,24,11.096168994903564,reversed_functor_control,1,24
1,F2:validation:77,symbol_mismatch,failure,11,,28,validation,F2,28,11.568448543548584,reversed_predicate_control,1,28
1,F2:validation:125,symbol_mismatch,failure,11,,28,validation,F2,28,11.324195384979248,reversed_functor_control,1,28
1,F2:validation:583,symbol_mismatch,failure,11,,28,validation,F2,28,11.676807403564453,canonical_functor_control,1,28
1,F2:validation:231,symbol_mismatch,failure,11,,28,validation,F2,28,11.722425937652588,reversed_functor_control,1,28
1,F2:validation:182,,binding,11,24=23,23,validation,F2,23,10.2279052734375,reversed_predicate_control,1,23
1,F2:validation:668,,binding,11,21=26,26,validation,F2,26,11.556854248046875,reversed_predicate_control,1,26
1,F2:validation:500,,binding,11,22=26,26,validation,F2,26,9.53991413116455,canonical_functor_control,1,26
1,F2:validation:572,,binding,11,24=26,26,validation,F2,26,8.569332599639893,reversed_predicate_control,1,26
1,F2:validation:549,symbol_mismatch,failure,11,,28,validation,F2,28,10.746679306030273,canonical_predicate_control,1,28
1,F2:validation:298,,binding,11,20=21,21,validation,F2,21,9.34818983078003,canonical_functor_control,1,21
1,F2:validation:74,,binding,11,24=17,17,validation,F2,17,10.040745258331299,reversed_predicate_control,1,17
1,F2:validation:733,symbol_mismatch,failure,11,,28,validation,F2,28,10.885526657104492,canonical_predicate_control,1,28
1,F2:validation:748,,binding,11,27=18,18,validation,F2,18,11.58525800704956,reversed_predicate_control,1,18
1,F2:validation:383,symbol_mismatch,failure,11,,28,validation,F2,28,12.92878007888794,reversed_predicate_control,1,28
1,F2:validation:594,,binding,11,24=25,25,validation,F2,25,11.526130676269531,canonical_functor_control,1,25
1,F2:validation:369,symbol_mismatch,failure,11,,28,validation,F2,28,12.220285415649414,reversed_predicate_control,1,28
1,F2:validation:669,symbol_mismatch,failure,11,,28,validation,F2,28,11.68162202835083,reversed_predicate_control,1,28
1,F2:validation:498,,binding,11,23=25,25,validation,F2,25,11.063792705535889,canonical_functor_control,1,25
1,F2:validation:204,,binding,11,24=22,22,validation,F2,22,9.898946285247803,canonical_functor_control,1,22
1,F2:validation:613,symbol_mismatch,failure,11,,28,validation,F2,28,12.37423038482666,reversed_functor_control,1,28
1,F2:validation:220,,binding,11,20=18,18,validation,F2,18,11.14214563369751,reversed_functor_control,1,18
1,F2:validation:6,,binding,11,22=19,19,validation,F2,19,10.999433040618896,canonical_functor_control,1,19
1,F2:validation:685,symbol_mismatch,failure,11,,28,validation,F2,28,11.98835039138794,canonical_functor_control,1,28
1,F2:validation:435,symbol_mismatch,failure,11,,28,validation,F2,28,11.890386581420898,canonical_predicate_control,1,28
1,F2:validation:441,symbol_mismatch,failure,11,,28,validation,F2,28,11.447502613067627,canonical_predicate_control,1,28
1,F2:validation:575,symbol_mismatch,failure,11,,28,validation,F2,28,13.119631290435791,reversed_predicate_control,1,28
1,F2:validation:217,symbol_mismatch,failure,11,,28,validation,F2,28,11.133147716522217,reversed_functor_control,1,28
1,F2:validation:464,,binding,11,25=20,20,validation,F2,20,11.105094909667969,reversed_predicate_control,1,20
1,F2:validation:670,,binding,11,23=27,27,validation,F2,27,10.044636726379395,reversed_predicate_control,1,27
1,F2:validation:345,symbol_mismatch,failure,11,,28,validation,F2,28,11.723682403564453,canonical_predicate_control,1,28
1,F2:validation:628,,binding,11,25=18,18,validation,F2,18,10.55948257446289,canonical_predicate_control,1,18
1,F2:validation:123,symbol_mismatch,failure,11,,28,validation,F2,28,11.44383192062378,reversed_functor_control,1,28
1,F2:validation:54,,binding,11,16=19,19,validation,F2,19,10.926383972167969,canonical_predicate_control,1,19
1,F2:validation:652,,binding,11,16=18,18,validation,F2,18,9.998613357543945,reversed_predicate_control,1,18
1,F2:validation:49,symbol_mismatch,failure,11,,28,validation,F2,28,12.778278827667236,canonical_predicate_control,1,28
1,F2:validation:765,symbol_mismatch,failure,11,,28,validation,F2,28,11.385037422180176,reversed_predicate_control,1,28
1,F2:validation:226,,binding,11,18=21,21,validation,F2,21,9.547471046447754,reversed_functor_control,1,21
1,F2:validation:624,,binding,11,26=16,16,validation,F2,16,8.814898490905762,canonical_predicate_control,1,16
1,F2:validation:271,symbol_mismatch,failure,11,,28,validation,F2,28,11.209543228149414,reversed_predicate_control,1,28
1,F2:validation:3,symbol_mismatch,failure,11,,28,validation,F2,28,10.95411491394043,canonical_functor_control,1,28
1,F2:validation:139,symbol_mismatch,failure,11,,28,validation,F2,28,11.50011157989502,reversed_functor_control,1,28
1,F2:validation:540,,binding,11,26=22,22,validation,F2,22,10.605781555175781,canonical_predicate_control,1,22
1,F2:validation:199,symbol_mismatch,failure,11,,28,validation,F2,28,11.300091743469238,canonical_functor_control,1,28
1,F2:validation:766,,binding,11,16=27,27,validation,F2,27,10.623034477233887,reversed_predicate_control,1,27
1,F2:validation:517,symbol_mismatch,failure,11,,28,validation,F2,28,12.428432941436768,reversed_functor_control,1,28
1,F2:validation:317,symbol_mismatch,failure,11,,28,validation,F2,28,11.594078063964844,reversed_functor_control,1,28
1,F2:validation:560,,binding,11,16=20,20,validation,F2,20,10.387757301330566,reversed_predicate_control,1,20
1,F2:validation:321,symbol_mismatch,failure,11,,28,validation,F2,28,12.21610403060913,reversed_functor_control,1,28
1,F2:validation:397,symbol_mismatch,failure,11,,28,validation,F2,28,12.252435684204102,canonical_functor_control,1,28
1,F2:validation:625,symbol_mismatch,failure,11,,28,validation,F2,28,13.307668209075928,canonical_predicate_control,1,28
1,F2:validation:422,,binding,11,20=23,23,validation,F2,23,10.758818626403809,reversed_functor_control,1,23
1,F2:validation:699,symbol_mismatch,failure,11,,28,validation,F2,28,11.889535903930664,reversed_functor_control,1,28
1,F2:validation:703,symbol_mismatch,failure,11,,28,validation,F2,28,12.153233528137207,reversed_functor_control,1,28
1,F2:validation:547,symbol_mismatch,failure,11,,28,validation,F2,28,12.702404499053955,canonical_predicate_control,1,28
1,F2:validation:561,symbol_mismatch,failure,11,,28,validation,F2,28,12.073150157928467,reversed_predicate_control,1,28
1,F2:validation:234,,binding,11,16=25,25,validation,F2,25,12.053236484527588,reversed_functor_control,1,25
1,F2:validation:505,symbol_mismatch,failure,11,,28,validation,F2,28,11.257449626922607,reversed_functor_control,1,28
1,F2:validation:477,symbol_mismatch,failure,11,,28,validation,F2,28,12.239637851715088,reversed_predicate_control,1,28
1,F2:validation:13,symbol_mismatch,failure,11,,28,validation,F2,28,11.407612323760986,canonical_functor_control,1,28
1,F2:validation:439,symbol_mismatch,failure,11,,28,validation,F2,28,11.32149887084961,canonical_predicate_control,1,28
1,F2:validation:323,symbol_mismatch,failure,11,,28,validation,F2,28,12.417195320129395,reversed_functor_control,1,28
1,F2:validation:410,,binding,11,21=17,17,validation,F2,17,10.93773603439331,reversed_functor_control,1,17
1,F2:validation:215,symbol_mismatch,failure,11,,28,validation,F2,28,13.09649658203125,canonical_functor_control,1,28
1,F2:validation:200,,binding,11,23=20,20,validation,F2,20,12.29328966140747,canonical_functor_control,1,20
1,F2:validation:531,symbol_mismatch,failure,11,,28,validation,F2,28,10.00691843032837,canonical_predicate_control,1,28
1,F2:validation:600,,binding,11,27=16,16,validation,F2,16,11.12348461151123,reversed_functor_control,1,16
1,F2:validation:293,symbol_mismatch,failure,11,,28,validation,F2,28,11.566490173339844,canonical_functor_control,1,28
1,F2:validation:346,,binding,11,27=21,21,validation,F2,21,9.329921245574951,canonical_predicate_control,1,21
1,F2:validation:700,,binding,11,17=18,18,validation,F2,18,10.613983631134033,reversed_functor_control,1,18
1,F2:validation:5,symbol_mismatch,failure,11,,28,validation,F2,28,11.640869140625,canonical_functor_control,1,28
1,F2:validation:81,symbol_mismatch,failure,11,,28,validation,F2,28,11.92045545578003,reversed_predicate_control,1,28
1,F2:validation:152,,binding,11,18=20,20,validation,F2,20,12.902741193771362,canonical_predicate_control,1,20
1,F2:validation:727,symbol_mismatch,failure,11,,28,validation,F2,28,11.0783052444458,canonical_predicate_control,1,28
1,F2:validation:705,symbol_mismatch,failure,11,,28,validation,F2,28,11.84576416015625,reversed_functor_control,1,28
1,F2:validation:738,,binding,11,22=25,25,validation,F2,25,13.239771366119385,canonical_predicate_control,1,25
1,F2:validation:569,symbol_mismatch,failure,11,,28,validation,F2,28,11.552264213562012,reversed_predicate_control,1,28
1,F2:validation:444,,binding,11,17=22,22,validation,F2,22,12.722702026367188,canonical_predicate_control,1,22
1,F2:validation:629,symbol_mismatch,failure,11,,28,validation,F2,28,10.505729675292969,canonical_predicate_control,1,28
1,F2:validation:171,symbol_mismatch,failure,11,,28,validation,F2,28,11.907292366027832,reversed_predicate_control,1,28
1,F2:validation:457,symbol_mismatch,failure,11,,28,validation,F2,28,11.92228364944458,reversed_predicate_control,1,28
1,F2:validation:496,,binding,11,25=24,24,validation,F2,24,11.661781311035156,canonical_functor_control,1,24
1,F2:validation:116,,binding,11,17=26,26,validation,F2,26,11.12862753868103,canonical_functor_control,1,26
1,F2:validation:22,,binding,11,18=27,27,validation,F2,27,10.683748245239258,canonical_functor_control,1,27
1,F2:validation:433,symbol_mismatch,failure,11,,28,validation,F2,28,12.023691177368164,canonical_predicate_control,1,28
1,F2:validation:481,symbol_mismatch,failure,11,,28,validation,F2,28,13.399218559265137,canonical_functor_control,1,28
1,F2:validation:452,,binding,11,24=26,26,validation,F2,26,8.786743640899658,canonical_predicate_control,1,26
1,F2:validation:657,symbol_mismatch,failure,11,,28,validation,F2,28,11.774713516235352,reversed_predicate_control,1,28
1,F2:validation:488,,binding,11,19=20,20,validation,F2,20,11.870437860488892,canonical_functor_control,1,20
1,F2:validation:222,,binding,11,21=19,19,validation,F2,19,10.069330215454102,reversed_functor_control,1,19
1,F2:validation:300,,binding,11,25=22,22,validation,F2,22,15.04246711730957,canonical_functor_control,1,22
1,F2:validation:634,,binding,11,20=21,21,validation,F2,21,9.12653923034668,canonical_predicate_control,1,21
1,F2:validation:24,,binding,11,20=16,16,validation,F2,16,10.07520866394043,reversed_functor_control,1,16
1,F2:validation:202,,binding,11,24=21,21,validation,F2,21,9.948087692260742,canonical_functor_control,1,21
1,F2:validation:186,,binding,11,17=25,25,validation,F2,25,11.368047714233398,reversed_predicate_control,1,25
1,F2:validation:729,symbol_mismatch,failure,11,,28,validation,F2,28,11.824561595916748,canonical_predicate_control,1,28
1,F2:validation:511,symbol_mismatch,failure,11,,28,validation,F2,28,12.088167190551758,reversed_functor_control,1,28
1,F2:validation:66,,binding,11,18=25,25,validation,F2,25,8.886899948120117,canonical_predicate_control,1,25
1,F2:validation:272,,binding,11,27=20,20,validation,F2,20,12.333497047424316,reversed_predicate_control,1,20
1,F2:validation:618,,binding,11,23=25,25,validation,F2,25,10.700576305389404,reversed_functor_control,1,25
1,F2:validation:282,,binding,11,26=25,25,validation,F2,25,11.381179332733154,reversed_predicate_control,1,25
1,F2:validation:434,,binding,11,26=17,17,validation,F2,17,9.25644588470459,canonical_predicate_control,1,17
1,F2:validation:712,,binding,11,16=24,24,validation,F2,24,10.64786958694458,reversed_functor_control,1,24
1,F2:validation:162,,binding,11,20=25,25,validation,F2,25,10.629535675048828,canonical_predicate_control,1,25
1,F2:validation:553,symbol_mismatch,failure,11,,28,validation,F2,28,12.271158695220947,reversed_predicate_control,1,28
1,F2:validation:87,symbol_mismatch,failure,11,,28,validation,F2,28,11.096220970153809,reversed_predicate_control,1,28
1,F2:validation:0,,binding,11,26=16,16,validation,F2,16,9.855278968811035,canonical_functor_control,1,16
1,F2:validation:440,,binding,11,18=20,20,validation,F2,20,12.881839275360107,canonical_predicate_control,1,20
1,F2:validation:255,symbol_mismatch,failure,11,,28,validation,F2,28,11.557417392730713,canonical_predicate_control,1,28
1,F2:validation:73,symbol_mismatch,failure,11,,28,validation,F2,28,11.654589653015137,reversed_predicate_control,1,28
1,F2:validation:294,,binding,11,26=19,19,validation,F2,19,9.295475006103516,canonical_functor_control,1,19
1,F2:validation:584,,binding,11,23=20,20,validation,F2,20,12.336879253387451,canonical_functor_control,1,20
1,F2:validation:32,,binding,11,18=20,20,validation,F2,20,12.04730224609375,reversed_functor_control,1,20
1,F2:validation:315,symbol_mismatch,failure,11,,28,validation,F2,28,11.043215274810791,reversed_functor_control,1,28
1,F2:validation:499,symbol_mismatch,failure,11,,28,validation,F2,28,11.333163261413574,canonical_functor_control,1,28
1,F2:validation:529,symbol_mismatch,failure,11,,28,validation,F2,28,9.967326164245605,canonical_predicate_control,1,28
1,F2:validation:205,symbol_mismatch,failure,11,,28,validation,F2,28,12.408682346343994,canonical_functor_control,1,28
1,F2:validation:224,,binding,11,18=20,20,validation,F2,20,12.198238134384155,reversed_functor_control,1,20
1,F2:validation:601,symbol_mismatch,failure,11,,28,validation,F2,28,12.467897415161133,reversed_functor_control,1,28
1,F2:validation:36,,binding,11,20=22,22,validation,F2,22,9.27598524093628,reversed_functor_control,1,22
1,F2:validation:495,symbol_mismatch,failure,11,,28,validation,F2,28,11.50232982635498,canonical_functor_control,1,28
1,F2:validation:256,,binding,11,22=24,24,validation,F2,24,8.401766777038574,canonical_predicate_control,1,24
1,F2:validation:14,,binding,11,18=23,23,validation,F2,23,12.393507719039917,canonical_functor_control,1,23
1,F2:validation:262,,binding,11,16=27,27,validation,F2,27,10.026596069335938,canonical_predicate_control,1,27
1,F2:validation:251,symbol_mismatch,failure,11,,28,validation,F2,28,13.284751415252686,canonical_predicate_control,1,28
1,F2:validation:75,symbol_mismatch,failure,11,,28,validation,F2,28,11.221292495727539,reversed_predicate_control,1,28
1,F2:validation:396,,binding,11,21=22,22,validation,F2,22,12.8628249168396,canonical_functor_control,1,22
1,F2:validation:450,,binding,11,24=25,25,validation,F2,25,11.950789451599121,canonical_predicate_control,1,25
1,F2:validation:102,,binding,11,24=19,19,validation,F2,19,11.663012981414795,canonical_functor_control,1,19
1,F2:validation:413,symbol_mismatch,failure,11,,28,validation,F2,28,11.424980163574219,reversed_functor_control,1,28
1,F2:validation:31,symbol_mismatch,failure,11,,28,validation,F2,28,11.555365562438965,reversed_functor_control,1,28
1,F2:validation:289,symbol_mismatch,failure,11,,28,validation,F2,28,13.395503044128418,canonical_functor_control,1,28
1,F2:validation:19,symbol_mismatch,failure,11,,28,validation,F2,28,11.158294677734375,canonical_functor_control,1,28
1,F2:validation:596,,binding,11,20=26,26,validation,F2,26,11.829139232635498,canonical_functor_control,1,26
1,F2:validation:515,symbol_mismatch,failure,11,,28,validation,F2,28,11.786070346832275,reversed_functor_control,1,28
1,F2:validation:165,symbol_mismatch,failure,11,,28,validation,F2,28,11.769120216369629,canonical_predicate_control,1,28
1,F2:validation:274,,binding,11,22=21,21,validation,F2,21,9.085964679718018,reversed_predicate_control,1,21
1,F2:validation:550,,binding,11,20=27,27,validation,F2,27,11.48367166519165,canonical_predicate_control,1,27
1,F2:validation:671,symbol_mismatch,failure,11,,28,validation,F2,28,12.887621879577637,reversed_predicate_control,1,28
1,F2:validation:721,symbol_mismatch,failure,11,,28,validation,F2,28,12.322731494903564,canonical_predicate_control,1,28
1,F2:validation:364,,binding,11,24=18,18,validation,F2,18,10.499210834503174,reversed_predicate_control,1,18
1,F2:validation:163,symbol_mismatch,failure,11,,28,validation,F2,28,13.180498600006104,canonical_predicate_control,1,28
1,F2:validation:708,,binding,11,21=22,22,validation,F2,22,12.17846393585205,reversed_functor_control,1,22
1,F2:validation:117,symbol_mismatch,failure,11,,28,validation,F2,28,11.650562286376953,canonical_functor_control,1,28
1,F2:validation:266,,binding,11,19=17,17,validation,F2,17,10.537119388580322,reversed_predicate_control,1,17
1,F2:validation:4,,binding,11,16=18,18,validation,F2,18,10.32130241394043,canonical_functor_control,1,18
1,F2:validation:39,symbol_mismatch,failure,11,,28,validation,F2,28,11.21654462814331,reversed_functor_control,1,28
1,F2:validation:398,,binding,11,18=23,23,validation,F2,23,12.55215859413147,canonical_functor_control,1,23
1,F2:validation:461,symbol_mismatch,failure,11,,28,validation,F2,28,11.516496181488037,reversed_predicate_control,1,28
1,F2:validation:26,,binding,11,24=17,17,validation,F2,17,9.803987503051758,reversed_functor_control,1,17
1,F2:validation:270,,binding,11,27=19,19,validation,F2,19,11.976975917816162,reversed_predicate_control,1,19
1,F2:validation:730,,binding,11,19=21,21,validation,F2,21,11.08611536026001,canonical_predicate_control,1,21
1,F2:validation:119,symbol_mismatch,failure,11,,28,validation,F2,28,13.174469470977783,canonical_functor_control,1,28
1,F2:validation:15,symbol_mismatch,failure,11,,28,validation,F2,28,10.69701862335205,canonical_functor_control,1,28
1,F2:validation:242,,binding,11,25=17,17,validation,F2,17,11.30047607421875,canonical_predicate_control,1,17
1,F2:validation:2,,binding,11,20=17,17,validation,F2,17,9.446978092193604,canonical_functor_control,1,17
1,F2:validation:614,,binding,11,20=23,23,validation,F2,23,10.870885848999023,reversed_functor_control,1,23
1,F2:validation:183,symbol_mismatch,failure,11,,28,validation,F2,28,11.482741355895996,reversed_predicate_control,1,28
1,F2:validation:83,symbol_mismatch,failure,11,,28,validation,F2,28,13.310844898223877,reversed_predicate_control,1,28
1,F2:validation:187,symbol_mismatch,failure,11,,28,validation,F2,28,13.406282424926758,reversed_predicate_control,1,28
1,F2:validation:28,,binding,11,23=18,18,validation,F2,18,13.620553970336914,reversed_functor_control,1,18
1,F2:validation:71,symbol_mismatch,failure,11,,28,validation,F2,28,13.785400867462158,canonical_predicate_control,1,28
1,F2:validation:431,symbol_mismatch,failure,11,,28,validation,F2,28,11.965993404388428,reversed_functor_control,1,28
1,F2:validation:111,symbol_mismatch,failure,11,,28,validation,F2,28,11.427867412567139,canonical_functor_control,1,28
1,F2:validation:327,symbol_mismatch,failure,11,,28,validation,F2,28,11.126933097839355,reversed_functor_control,1,28
1,F2:validation:90,,binding,11,18=25,25,validation,F2,25,8.99787712097168,reversed_predicate_control,1,25
1,F2:validation:184,,binding,11,26=24,24,validation,F2,24,13.332611083984375,reversed_predicate_control,1,24
1,F2:validation:626,,binding,11,21=17,17,validation,F2,17,10.403269290924072,canonical_predicate_control,1,17
1,F2:validation:676,,binding,11,22=18,18,validation,F2,18,10.593444347381592,canonical_functor_control,1,18
1,F2:validation:731,symbol_mismatch,failure,11,,28,validation,F2,28,13.65619707107544,canonical_predicate_control,1,28
1,F2:validation:25,symbol_mismatch,failure,11,,28,validation,F2,28,12.410529613494873,reversed_functor_control,1,28
1,F2:validation:265,symbol_mismatch,failure,11,,28,validation,F2,28,13.107828140258789,reversed_predicate_control,1,28
1,F2:validation:45,symbol_mismatch,failure,11,,28,validation,F2,28,10.850020408630371,reversed_functor_control,1,28
1,F2:validation:86,,binding,11,17=23,23,validation,F2,23,11.366374969482422,reversed_predicate_control,1,23
1,F2:validation:615,symbol_mismatch,failure,11,,28,validation,F2,28,12.108312129974365,reversed_functor_control,1,28
1,F2:validation:104,,binding,11,17=20,20,validation,F2,20,12.436627388000488,canonical_functor_control,1,20
1,F2:validation:574,,binding,11,20=27,27,validation,F2,27,11.767175674438477,reversed_predicate_control,1,27
1,F2:validation:582,,binding,11,23=19,19,validation,F2,19,9.566471099853516,canonical_functor_control,1,19
1,F2:validation:20,,binding,11,16=26,26,validation,F2,26,11.142338752746582,canonical_functor_control,1,26
1,F2:validation:253,symbol_mismatch,failure,11,,28,validation,F2,28,11.66472339630127,canonical_predicate_control,1,28
1,F2:validation:438,,binding,11,22=19,19,validation,F2,19,10.91411542892456,canonical_predicate_control,1,19
1,F2:validation:245,symbol_mismatch,failure,11,,28,validation,F2,28,11.966063022613525,canonical_predicate_control,1,28
1,F2:validation:424,,binding,11,25=24,24,validation,F2,24,11.085587501525879,reversed_functor_control,1,24
1,F2:validation:156,,binding,11,21=22,22,validation,F2,22,12.572773933410645,canonical_predicate_control,1,22
1,F2:validation:693,symbol_mismatch,failure,11,,28,validation,F2,28,11.77779769897461,canonical_functor_control,1,28
1,F2:validation:38,,binding,11,19=23,23,validation,F2,23,10.451582431793213,reversed_functor_control,1,23
1,F2:validation:638,,binding,11,19=23,23,validation,F2,23,11.726629972457886,canonical_predicate_control,1,23
1,F2:validation:120,,binding,11,23=16,16,validation,F2,16,10.237419128417969,reversed_functor_control,1,16
1,F2:validation:658,,binding,11,27=21,21,validation,F2,21,10.471030235290527,reversed_predicate_control,1,21
1,F2:validation:310,,binding,11,17=27,27,validation,F2,27,13.119776725769043,canonical_functor_control,1,27
1,F2:validation:357,symbol_mismatch,failure,11,,28,validation,F2,28,10.705227375030518,canonical_predicate_control,1,28
1,F2:validation:53,symbol_mismatch,failure,11,,28,validation,F2,28,11.374446868896484,canonical_predicate_control,1,28
1,F2:validation:470,,binding,11,16=23,23,validation,F2,23,11.308260440826416,reversed_predicate_control,1,23
1,F2:validation:281,symbol_mismatch,failure,11,,28,validation,F2,28,11.8956618309021,reversed_predicate_control,1,28
1,F2:validation:170,,binding,11,23=17,17,validation,F2,17,11.691830158233643,reversed_predicate_control,1,17
1,F2:validation:627,symbol_mismatch,failure,11,,28,validation,F2,28,11.825640201568604,canonical_predicate_control,1,28
1,F2:validation:426,,binding,11,19=25,25,validation,F2,25,9.979103088378906,reversed_functor_control,1,25
1,F2:validation:623,symbol_mismatch,failure,11,,28,validation,F2,28,13.268627166748047,reversed_functor_control,1,28
1,F2:validation:98,,binding,11,24=17,17,validation,F2,17,9.185752391815186,canonical_functor_control,1,17
1,F2:validation:516,,binding,11,20=22,22,validation,F2,22,9.394287586212158,reversed_functor_control,1,22
1,F2:validation:743,symbol_mismatch,failure,11,,28,validation,F2,28,11.831932544708252,canonical_predicate_control,1,28
1,F2:validation:147,symbol_mismatch,failure,11,,28,validation,F2,28,11.214490413665771,canonical_predicate_control,1,28
1,F2:validation:683,symbol_mismatch,failure,11,,28,validation,F2,28,13.218865871429443,canonical_functor_control,1,28
1,F2:validation:402,,binding,11,22=25,25,validation,F2,25,12.90928840637207,canonical_functor_control,1,25
1,F2:validation:304,,binding,11,22=24,24,validation,F2,24,8.211408615112305,canonical_functor_control,1,24
1,F2:validation:445,symbol_mismatch,failure,11,,28,validation,F2,28,11.70068073272705,canonical_predicate_control,1,28
1,F2:validation:318,,binding,11,20=19,19,validation,F2,19,12.541329383850098,reversed_functor_control,1,19
1,F2:validation:645,symbol_mismatch,failure,11,,28,validation,F2,28,12.123429298400879,canonical_predicate_control,1,28
1,F2:validation:9,symbol_mismatch,failure,11,,28,validation,F2,28,10.542232036590576,canonical_functor_control,1,28
1,F2:validation:709,symbol_mismatch,failure,11,,28,validation,F2,28,12.47333812713623,reversed_functor_control,1,28
1,F2:validation:169,symbol_mismatch,failure,11,,28,validation,F2,28,12.392073631286621,reversed_predicate_control,1,28
1,F2:validation:620,,binding,11,23=26,26,validation,F2,26,10.568577766418457,reversed_functor_control,1,26
1,F2:validation:482,,binding,11,19=17,17,validation,F2,17,10.475338459014893,canonical_functor_control,1,17
1,F2:validation:475,symbol_mismatch,failure,11,,28,validation,F2,28,13.41798448562622,reversed_predicate_control,1,28
1,F2:validation:124,,binding,11,27=18,18,validation,F2,18,11.862613201141357,reversed_functor_control,1,18
1,F2:validation:405,symbol_mismatch,failure,11,,28,validation,F2,28,10.74428653717041,canonical_functor_control,1,28
1,F2:validation:275,symbol_mismatch,failure,11,,28,validation,F2,28,13.22685432434082,reversed_predicate_control,1,28
1,F2:validation:210,,binding,11,23=25,25,validation,F2,25,11.134206295013428,canonical_functor_control,1,25
1,F2:validation:268,,binding,11,22=18,18,validation,F2,18,10.630717277526855,reversed_predicate_control,1,18
1,F2:validation:592,,binding,11,22=24,24,validation,F2,24,8.214859962463379,canonical_functor_control,1,24
1,F2:validation:308,,binding,11,21=26,26,validation,F2,26,11.78883695602417,canonical_functor_control,1,26
1,F2:validation:212,,binding,11,17=26,26,validation,F2,26,11.12862753868103,canonical_functor_control,1,26
1,F2:validation:279,symbol_mismatch,failure,11,,28,validation,F2,28,12.423493385314941,reversed_predicate_control,1,28
1,F2:validation:40,,binding,11,20=24,24,validation,F2,24,10.571568489074707,reversed_functor_control,1,24
1,F2:validation:276,,binding,11,20=22,22,validation,F2,22,8.81020975112915,reversed_predicate_control,1,22
1,F2:validation:89,symbol_mismatch,failure,11,,28,validation,F2,28,10.996339797973633,reversed_predicate_control,1,28
1,F2:validation:261,symbol_mismatch,failure,11,,28,validation,F2,28,10.79369068145752,canonical_predicate_control,1,28
1,F2:validation:174,,binding,11,21=19,19,validation,F2,19,9.968104362487793,reversed_predicate_control,1,19
1,F2:validation:460,,binding,11,26=18,18,validation,F2,18,9.991755485534668,reversed_predicate_control,1,18
1,F2:validation:758,,binding,11,26=23,23,validation,F2,23,7.921570777893066,reversed_predicate_control,1,23
1,F2:validation:267,symbol_mismatch,failure,11,,28,validation,F2,28,12.18476676940918,reversed_predicate_control,1,28
1,F2:validation:417,symbol_mismatch,failure,11,,28,validation,F2,28,11.141800880432129,reversed_functor_control,1,28
1,F2:validation:393,symbol_mismatch,failure,11,,28,validation,F2,28,11.559606552124023,canonical_functor_control,1,28
1,F2:validation:474,,binding,11,26=25,25,validation,F2,25,10.35375690460205,reversed_predicate_control,1,25
1,F2:validation:59,symbol_mismatch,failure,11,,28,validation,F2,28,12.217866897583008,canonical_predicate_control,1,28
1,F2:validation:399,symbol_mismatch,failure,11,,28,validation,F2,28,10.804971694946289,canonical_functor_control,1,28
1,F2:validation:510,,binding,11,22=19,19,validation,F2,19,10.650741577148438,reversed_functor_control,1,19
1,F2:validation:244,,binding,11,25=18,18,validation,F2,18,10.651085376739502,canonical_predicate_control,1,18
1,F2:validation:313,symbol_mismatch,failure,11,,28,validation,F2,28,11.302948951721191,reversed_functor_control,1,28
1,F2:validation:33,symbol_mismatch,failure,11,,28,validation,F2,28,10.969736576080322,reversed_functor_control,1,28
1,F2:validation:646,,binding,11,16=27,27,validation,F2,27,9.731338500976562,canonical_predicate_control,1,27
1,F2:validation:674,,binding,11,19=17,17,validation,F2,17,10.390945434570312,canonical_functor_control,1,17
1,F2:validation:533,symbol_mismatch,failure,11,,28,validation,F2,28,11.31620979309082,canonical_predicate_control,1,28
1,F2:validation:747,symbol_mismatch,failure,11,,28,validation,F2,28,12.865974426269531,reversed_predicate_control,1,28
1,F2:validation:639,symbol_mismatch,failure,11,,28,validation,F2,28,12.196761131286621,canonical_predicate_control,1,28
1,F2:validation:113,symbol_mismatch,failure,11,,28,validation,F2,28,10.89658260345459,canonical_functor_control,1,28
1,F2:validation:277,symbol_mismatch,failure,11,,28,validation,F2,28,12.57839298248291,reversed_predicate_control,1,28
1,F2:validation:93,symbol_mismatch,failure,11,,28,validation,F2,28,10.842380046844482,reversed_predicate_control,1,28
1,F2:validation:757,symbol_mismatch,failure,11,,28,validation,F2,28,11.483045101165771,reversed_predicate_control,1,28
1,F2:validation:585,symbol_mismatch,failure,11,,28,validation,F2,28,11.448740005493164,canonical_functor_control,1,28
1,F2:validation:106,,binding,11,27=21,21,validation,F2,21,8.934617519378662,canonical_functor_control,1,21
1,F2:validation:621,symbol_mismatch,failure,11,,28,validation,F2,28,12.06206464767456,reversed_functor_control,1,28
1,F2:validation:359,symbol_mismatch,failure,11,,28,validation,F2,28,10.822571277618408,canonical_predicate_control,1,28
1,F2:validation:144,,binding,11,18=16,16,validation,F2,16,10.009119987487793,canonical_predicate_control,1,16
1,F2:validation:409,symbol_mismatch,failure,11,,28,validation,F2,28,13.039346694946289,reversed_functor_control,1,28
1,F2:validation:42,,binding,11,24=25,25,validation,F2,25,11.611003398895264,reversed_functor_control,1,25
1,F2:validation:192,,binding,11,23=16,16,validation,F2,16,10.62685489654541,canonical_functor_control,1,16
1,F2:validation:654,,binding,11,17=19,19,validation,F2,19,12.512334823608398,reversed_predicate_control,1,19
1,F2:validation:411,symbol_mismatch,failure,11,,28,validation,F2,28,12.073984622955322,reversed_functor_control,1,28
1,F2:validation:506,,binding,11,24=17,17,validation,F2,17,10.20234727859497,reversed_functor_control,1,17
1,F2:validation:622,,binding,11,21=27,27,validation,F2,27,11.13532543182373,reversed_functor_control,1,27
1,F2:validation:512,,binding,11,17=20,20,validation,F2,20,12.868360996246338,reversed_functor_control,1,20
1,F2:validation:427,symbol_mismatch,failure,11,,28,validation,F2,28,12.567170143127441,reversed_functor_control,1,28
1,F2:validation:8,,binding,11,22=20,20,validation,F2,20,10.435223579406738,canonical_functor_control,1,20
1,F2:validation:504,,binding,11,19=16,16,validation,F2,16,9.849918365478516,reversed_functor_control,1,16
1,F2:validation:451,symbol_mismatch,failure,11,,28,validation,F2,28,12.421270847320557,canonical_predicate_control,1,28
1,F2:validation:446,,binding,11,22=23,23,validation,F2,23,10.334336757659912,canonical_predicate_control,1,23
1,F2:validation:91,symbol_mismatch,failure,11,,28,validation,F2,28,13.080517292022705,reversed_predicate_control,1,28
1,F2:validation:509,symbol_mismatch,failure,11,,28,validation,F2,28,11.821512222290039,reversed_functor_control,1,28
1,F2:validation:698,,binding,11,27=17,17,validation,F2,17,11.301355838775635,reversed_functor_control,1,17
1,F2:validation:214,,binding,11,18=27,27,validation,F2,27,10.770904541015625,canonical_functor_control,1,27
1,F2:validation:491,symbol_mismatch,failure,11,,28,validation,F2,28,13.205744743347168,canonical_functor_control,1,28
1,F2:validation:551,symbol_mismatch,failure,11,,28,validation,F2,28,13.033196926116943,canonical_predicate_control,1,28
1,F2:validation:494,,binding,11,20=23,23,validation,F2,23,10.123600482940674,canonical_functor_control,1,23
1,F2:validation:753,symbol_mismatch,failure,11,,28,validation,F2,28,12.063952445983887,reversed_predicate_control,1,28
1,F2:validation:425,symbol_mismatch,failure,11,,28,validation,F2,28,10.873366355895996,reversed_functor_control,1,28
1,F2:validation:355,symbol_mismatch,failure,11,,28,validation,F2,28,12.583669662475586,canonical_predicate_control,1,28
1,F2:validation:312,,binding,11,19=16,16,validation,F2,16,9.85476016998291,reversed_functor_control,1,16
1,F2:validation:376,,binding,11,18=24,24,validation,F2,24,10.698626518249512,reversed_predicate_control,1,24
1,F2:validation:429,symbol_mismatch,failure,11,,28,validation,F2,28,11.888613224029541,reversed_functor_control,1,28
1,F2:validation:372,,binding,11,26=22,22,validation,F2,22,10.146305561065674,reversed_predicate_control,1,22
1,F2:validation:385,symbol_mismatch,failure,11,,28,validation,F2,28,13.42648458480835,canonical_functor_control,1,28
1,F2:validation:238,,binding,11,20=27,27,validation,F2,27,12.168776988983154,reversed_functor_control,1,27
1,F2:validation:588,,binding,11,25=22,22,validation,F2,22,14.776240825653076,canonical_functor_control,1,22
1,F2:validation:454,,binding,11,19=27,27,validation,F2,27,11.321553230285645,canonical_predicate_control,1,27
1,F2:validation:55,symbol_mismatch,failure,11,,28,validation,F2,28,10.871599197387695,canonical_predicate_control,1,28
1,F2:validation:610,,binding,11,20=21,21,validation,F2,21,10.36165189743042,reversed_functor_control,1,21
1,F2:validation:518,,binding,11,21=23,23,validation,F2,23,10.414906978607178,reversed_functor_control,1,23
1,F2:validation:717,symbol_mismatch,failure,11,,28,validation,F2,28,11.539550304412842,reversed_functor_control,1,28
1,F2:validation:672,,binding,11,20=16,16,validation,F2,16,9.677233695983887,canonical_functor_control,1,16
1,F2:validation:606,,binding,11,17=19,19,validation,F2,19,12.597674369812012,reversed_functor_control,1,19
1,F2:validation:384,,binding,11,17=16,16,validation,F2,16,8.92669677734375,canonical_functor_control,1,16
1,F2:validation:343,symbol_mismatch,failure,11,,28,validation,F2,28,10.960536003112793,canonical_predicate_control,1,28
1,F2:validation:604,,binding,11,23=18,18,validation,F2,18,13.350806713104248,reversed_functor_control,1,18
1,F2:validation:285,symbol_mismatch,failure,11,,28,validation,F2,28,11.586033821105957,reversed_predicate_control,1,28
1,F2:validation:597,symbol_mismatch,failure,11,,28,validation,F2,28,11.07556962966919,canonical_functor_control,1,28
1,F2:validation:609,symbol_mismatch,failure,11,,28,validation,F2,28,11.601203918457031,reversed_functor_control,1,28
1,F2:validation:524,,binding,11,19=26,26,validation,F2,26,10.514195442199707,reversed_functor_control,1,26
1,F2:validation:331,symbol_mismatch,failure,11,,28,validation,F2,28,11.73786735534668,reversed_functor_control,1,28
1,F2:validation:656,,binding,11,22=20,20,validation,F2,20,8.623104095458984,reversed_predicate_control,1,20
1,F2:validation:635,symbol_mismatch,failure,11,,28,validation,F2,28,13.444366931915283,canonical_predicate_control,1,28
1,F2:validation:686,,binding,11,26=23,23,validation,F2,23,9.013253211975098,canonical_functor_control,1,23
1,F2:validation:632,,binding,11,23=20,20,validation,F2,20,12.37157416343689,canonical_predicate_control,1,20
1,F2:validation:465,symbol_mismatch,failure,11,,28,validation,F2,28,11.130133628845215,reversed_predicate_control,1,28
1,F2:validation:92,,binding,11,27=26,26,validation,F2,26,10.858531475067139,reversed_predicate_control,1,26
1,F2:validation:319,symbol_mismatch,failure,11,,28,validation,F2,28,11.427580833435059,reversed_functor_control,1,28
1,F2:validation:749,symbol_mismatch,failure,11,,28,validation,F2,28,11.90574598312378,reversed_predicate_control,1,28
1,F2:validation:360,,binding,11,22=16,16,validation,F2,16,11.160705089569092,reversed_predicate_control,1,16
1,F2:validation:503,symbol_mismatch,failure,11,,28,validation,F2,28,12.600328922271729,canonical_functor_control,1,28
1,F2:validation:353,symbol_mismatch,failure,11,,28,validation,F2,28,11.63136911392212,canonical_predicate_control,1,28
1,F2:validation:302,,binding,11,26=23,23,validation,F2,23,9.042101383209229,canonical_functor_control,1,23
1,F2:validation:599,symbol_mismatch,failure,11,,28,validation,F2,28,13.273026466369629,canonical_functor_control,1,28
1,F2:validation:154,,binding,11,16=21,21,validation,F2,21,10.6554856300354,canonical_predicate_control,1,21
1,F2:validation:754,,binding,11,16=21,21,validation,F2,21,11.30351209640503,reversed_predicate_control,1,21
1,F2:validation:27,symbol_mismatch,failure,11,,28,validation,F2,28,11.009982109069824,reversed_functor_control,1,28
1,F2:validation:537,symbol_mismatch,failure,11,,28,validation,F2,28,11.645946025848389,canonical_predicate_control,1,28
1,F2:validation:420,,binding,11,27=22,22,validation,F2,22,12.199397563934326,reversed_functor_control,1,22
1,F2:validation:68,,binding,11,24=26,26,validation,F2,26,8.596619606018066,canonical_predicate_control,1,26
1,F2:validation:416,,binding,11,25=20,20,validation,F2,20,11.105094909667969,reversed_functor_control,1,20
1,F2:validation:216,,binding,11,23=16,16,validation,F2,16,10.380683898925781,reversed_functor_control,1,16
1,F2:validation:690,,binding,11,26=25,25,validation,F2,25,11.103293418884277,canonical_functor_control,1,25
1,F2:validation:233,symbol_mismatch,failure,11,,28,validation,F2,28,11.269903659820557,reversed_functor_control,1,28
1,F2:validation:764,,binding,11,16=26,26,validation,F2,26,11.093409061431885,reversed_predicate_control,1,26
1,F2:validation:56,,binding,11,24=20,20,validation,F2,20,9.444689750671387,canonical_predicate_control,1,20
1,F2:validation:666,,binding,11,23=25,25,validation,F2,25,10.688062191009521,reversed_predicate_control,1,25
1,F2:validation:412,,binding,11,23=18,18,validation,F2,18,13.54994535446167,reversed_functor_control,1,18
1,F2:validation:354,,binding,11,17=25,25,validation,F2,25,10.817722797393799,canonical_predicate_control,1,25
1,F2:validation:722,,binding,11,24=17,17,validation,F2,17,7.803713798522949,canonical_predicate_control,1,17
1,F2:validation:179,symbol_mismatch,failure,11,,28,validation,F2,28,11.333487510681152,reversed_predicate_control,1,28
1,F2:validation:209,symbol_mismatch,failure,11,,28,validation,F2,28,11.049547672271729,canonical_functor_control,1,28
1,F2:validation:296,,binding,11,16=20,20,validation,F2,20,11.233227252960205,canonical_functor_control,1,20
1,F2:validation:325,symbol_mismatch,failure,11,,28,validation,F2,28,12.257829666137695,reversed_functor_control,1,28
1,F2:validation:576,,binding,11,27=16,16,validation,F2,16,8.558077812194824,canonical_functor_control,1,16
1,F2:validation:94,,binding,11,18=27,27,validation,F2,27,11.008004188537598,reversed_predicate_control,1,27
1,F2:validation:651,symbol_mismatch,failure,11,,28,validation,F2,28,12.637067317962646,reversed_predicate_control,1,28
1,F2:validation:382,,binding,11,21=27,27,validation,F2,27,11.531020641326904,reversed_predicate_control,1,27
1,F2:validation:462,,binding,11,24=19,19,validation,F2,19,11.515514373779297,reversed_predicate_control,1,19
1,F2:validation:131,symbol_mismatch,failure,11,,28,validation,F2,28,12.429932594299316,reversed_functor_control,1,28
1,F2:validation:631,symbol_mismatch,failure,11,,28,validation,F2,28,11.419807434082031,canonical_predicate_control,1,28
1,F2:validation:239,symbol_mismatch,failure,11,,28,validation,F2,28,12.092894554138184,reversed_functor_control,1,28
1,F2:validation:164,,binding,11,23=26,26,validation,F2,26,10.366269588470459,canonical_predicate_control,1,26
1,F2:validation:380,,binding,11,22=26,26,validation,F2,26,10.916309833526611,reversed_predicate_control,1,26
1,F2:validation:667,symbol_mismatch,failure,11,,28,validation,F2,28,13.082233428955078,reversed_predicate_control,1,28
1,F2:validation:379,symbol_mismatch,failure,11,,28,validation,F2,28,13.099506378173828,reversed_predicate_control,1,28
1,F2:validation:377,symbol_mismatch,failure,11,,28,validation,F2,28,11.852479457855225,reversed_predicate_control,1,28
1,F2:validation:254,,binding,11,20=23,23,validation,F2,23,10.205439567565918,canonical_predicate_control,1,23
1,F2:validation:18,,binding,11,17=25,25,validation,F2,25,11.078855514526367,canonical_functor_control,1,25
1,F2:validation:689,symbol_mismatch,failure,11,,28,validation,F2,28,11.437137126922607,canonical_functor_control,1,28
1,F2:validation:608,,binding,11,17=20,20,validation,F2,20,12.699382066726685,reversed_functor_control,1,20
1,F2:validation:1,symbol_mismatch,failure,11,,28,validation,F2,28,13.573555946350098,canonical_functor_control,1,28
1,F2:validation:697,symbol_mismatch,failure,11,,28,validation,F2,28,13.009541988372803,reversed_functor_control,1,28
1,F2:validation:655,symbol_mismatch,failure,11,,28,validation,F2,28,11.037930488586426,reversed_predicate_control,1,28
1,F2:validation:737,symbol_mismatch,failure,11,,28,validation,F2,28,12.171864032745361,canonical_predicate_control,1,28
1,F2:validation:407,symbol_mismatch,failure,11,,28,validation,F2,28,13.12051010131836,canonical_functor_control,1,28
1,F2:validation:449,symbol_mismatch,failure,11,,28,validation,F2,28,11.414711952209473,canonical_predicate_control,1,28
1,F2:validation:513,symbol_mismatch,failure,11,,28,validation,F2,28,12.049108505249023,reversed_functor_control,1,28
1,F2:validation:688,,binding,11,16=24,24,validation,F2,24,10.707884788513184,canonical_functor_control,1,24
1,F2:validation:172,,binding,11,17=18,18,validation,F2,18,10.661310195922852,reversed_predicate_control,1,18
1,F2:validation:258,,binding,11,26=25,25,validation,F2,25,10.757845878601074,canonical_predicate_control,1,25
1,F2:validation:523,symbol_mismatch,failure,11,,28,validation,F2,28,12.890279293060303,reversed_functor_control,1,28
1,F2:validation:295,symbol_mismatch,failure,11,,28,validation,F2,28,11.54686164855957,canonical_functor_control,1,28
1,F2:validation:100,,binding,11,20=18,18,validation,F2,18,10.742249011993408,canonical_functor_control,1,18
1,F2:validation:316,,binding,11,17=18,18,validation,F2,18,10.526066780090332,reversed_functor_control,1,18
1,F2:validation:259,symbol_mismatch,failure,11,,28,validation,F2,28,12.38259744644165,canonical_predicate_control,1,28
1,F2:validation:58,,binding,11,20=21,21,validation,F2,21,9.006062984466553,canonical_predicate_control,1,21
1,F2:validation:358,,binding,11,22=27,27,validation,F2,27,11.12897777557373,canonical_predicate_control,1,27
1,F2:validation:61,symbol_mismatch,failure,11,,28,validation,F2,28,11.122271060943604,canonical_predicate_control,1,28
1,F2:validation:368,,binding,11,26=20,20,validation,F2,20,9.941153526306152,reversed_predicate_control,1,20
1,F2:validation:589,symbol_mismatch,failure,11,,28,validation,F2,28,12.02711820602417,canonical_functor_control,1,28
1,F2:validation:607,symbol_mismatch,failure,11,,28,validation,F2,28,11.752134323120117,reversed_functor_control,1,28
1,F2:validation:660,,binding,11,23=22,22,validation,F2,22,11.919876098632812,reversed_predicate_control,1,22
1,F2:validation:682,,binding,11,17=21,21,validation,F2,21,9.415863990783691,canonical_functor_control,1,21
1,F2:validation:519,symbol_mismatch,failure,11,,28,validation,F2,28,11.04727029800415,reversed_functor_control,1,28
1,F2:validation:189,symbol_mismatch,failure,11,,28,validation,F2,28,10.731979370117188,reversed_predicate_control,1,28
1,F2:validation:193,symbol_mismatch,failure,11,,28,validation,F2,28,13.549624919891357,canonical_functor_control,1,28
1,F2:validation:122,,binding,11,21=17,17,validation,F2,17,11.201231956481934,reversed_functor_control,1,17
1,F2:validation:223,symbol_mismatch,failure,11,,28,validation,F2,28,8.111586570739746,reversed_functor_control,1,28
1,F2:validation:573,symbol_mismatch,failure,11,,28,validation,F2,28,11.98105239868164,reversed_predicate_control,1,28
1,F2:validation:335,symbol_mismatch,failure,11,,28,validation,F2,28,11.911803722381592,reversed_functor_control,1,28
1,F2:validation:175,symbol_mismatch,failure,11,,28,validation,F2,28,10.268719673156738,reversed_predicate_control,1,28
1,F2:validation:415,symbol_mismatch,failure,11,,28,validation,F2,28,11.005608558654785,reversed_functor_control,1,28
1,F2:validation:532,,binding,11,22=18,18,validation,F2,18,10.122868061065674,canonical_predicate_control,1,18
1,F2:validation:110,,binding,11,16=23,23,validation,F2,23,11.296071529388428,canonical_functor_control,1,23
1,F2:validation:476,,binding,11,16=26,26,validation,F2,26,11.19388484954834,reversed_predicate_control,1,26
1,F2:validation:138,,binding,11,24=25,25,validation,F2,25,11.261692523956299,reversed_functor_control,1,25
1,F2:validation:153,symbol_mismatch,failure,11,,28,validation,F2,28,11.880682945251465,canonical_predicate_control,1,28
1,F2:validation:188,,binding,11,20=26,26,validation,F2,26,11.395758628845215,reversed_predicate_control,1,26
1,F2:validation:206,,binding,11,22=23,23,validation,F2,23,10.558223247528076,canonical_functor_control,1,23
1,F2:validation:497,symbol_mismatch,failure,11,,28,validation,F2,28,11.458858013153076,canonical_functor_control,1,28
1,F2:validation:366,,binding,11,21=19,19,validation,F2,19,9.699464797973633,reversed_predicate_control,1,19
1,F2:validation:158,,binding,11,19=23,23,validation,F2,23,11.8173348903656,canonical_predicate_control,1,23
1,F2:validation:194,,binding,11,23=17,17,validation,F2,17,11.29222822189331,canonical_functor_control,1,17
1,F2:validation:135,symbol_mismatch,failure,11,,28,validation,F2,28,10.58083438873291,reversed_functor_control,1,28
1,F2:validation:112,,binding,11,21=24,24,validation,F2,24,11.26202392578125,canonical_functor_control,1,24
1,F2:validation:386,,binding,11,25=17,17,validation,F2,17,11.263225078582764,canonical_functor_control,1,17
1,F2:validation:663,symbol_mismatch,failure,11,,28,validation,F2,28,11.988627433776855,reversed_predicate_control,1,28
1,F2:validation:508,,binding,11,27=18,18,validation,F2,18,11.719085216522217,reversed_functor_control,1,18
1,F2:validation:637,symbol_mismatch,failure,11,,28,validation,F2,28,11.925846576690674,canonical_predicate_control,1,28
1,F2:validation:167,symbol_mismatch,failure,11,,28,validation,F2,28,13.387479305267334,canonical_predicate_control,1,28
1,F2:validation:473,symbol_mismatch,failure,11,,28,validation,F2,28,12.408289909362793,reversed_predicate_control,1,28
1,F2:validation:207,symbol_mismatch,failure,11,,28,validation,F2,28,12.14157772064209,canonical_functor_control,1,28
1,F2:validation:190,,binding,11,19=27,27,validation,F2,27,11.630916595458984,reversed_predicate_control,1,27
1,F2:validation:605,symbol_mismatch,failure,11,,28,validation,F2,28,11.599085330963135,reversed_functor_control,1,28
1,F2:validation:260,,binding,11,18=26,26,validation,F2,26,10.68058443069458,canonical_predicate_control,1,26
1,F2:validation:10,,binding,11,23=21,21,validation,F2,21,11.09652853012085,canonical_functor_control,1,21
1,F2:validation:314,,binding,11,24=17,17,validation,F2,17,9.726713180541992,reversed_functor_control,1,17
1,F2:validation:643,symbol_mismatch,failure,11,,28,validation,F2,28,13.054995059967041,canonical_predicate_control,1,28
1,F2:validation:136,,binding,11,25=24,24,validation,F2,24,11.168859481811523,reversed_functor_control,1,24
1,F2:validation:76,,binding,11,25=18,18,validation,F2,18,11.354450702667236,reversed_predicate_control,1,18
1,F2:validation:95,symbol_mismatch,failure,11,,28,validation,F2,28,12.879605770111084,reversed_predicate_control,1,28
1,F2:validation:677,symbol_mismatch,failure,11,,28,validation,F2,28,11.582123279571533,canonical_functor_control,1,28
1,F2:validation:636,,binding,11,25=22,22,validation,F2,22,14.982998371124268,canonical_predicate_control,1,22
1,F2:validation:750,,binding,11,25=19,19,validation,F2,19,9.336490631103516,reversed_predicate_control,1,19
1,F2:validation:742,,binding,11,25=27,27,validation,F2,27,10.815396785736084,canonical_predicate_control,1,27
1,F2:validation:502,,binding,11,25=27,27,validation,F2,27,10.881687641143799,canonical_functor_control,1,27
1,F2:validation:337,symbol_mismatch,failure,11,,28,validation,F2,28,11.644725322723389,canonical_predicate_control,1,28
1,F2:validation:719,symbol_mismatch,failure,11,,28,validation,F2,28,12.32106637954712,reversed_functor_control,1,28
1,F2:validation:142,,binding,11,22=27,27,validation,F2,27,11.331757068634033,reversed_functor_control,1,27
1,F2:validation:404,,binding,11,16=26,26,validation,F2,26,11.442013263702393,canonical_functor_control,1,26
1,F2:validation:290,,binding,11,20=17,17,validation,F2,17,9.606244087219238,canonical_functor_control,1,17
1,F2:validation:478,,binding,11,24=27,27,validation,F2,27,10.461236953735352,reversed_predicate_control,1,27
1,F2:validation:590,,binding,11,18=23,23,validation,F2,23,12.310057401657104,canonical_functor_control,1,23
1,F2:validation:132,,binding,11,25=22,22,validation,F2,22,13.267106533050537,reversed_functor_control,1,22
1,F2:validation:198,,binding,11,21=19,19,validation,F2,19,11.681826114654541,canonical_functor_control,1,19
1,F2:validation:263,symbol_mismatch,failure,11,,28,validation,F2,28,12.733568668365479,canonical_predicate_control,1,28
1,F2:validation:675,symbol_mismatch,failure,11,,28,validation,F2,28,12.132378101348877,canonical_functor_control,1,28
1,F2:validation:159,symbol_mismatch,failure,11,,28,validation,F2,28,11.337585926055908,canonical_predicate_control,1,28
1,F2:validation:552,,binding,11,18=16,16,validation,F2,16,9.502237319946289,reversed_predicate_control,1,16
1,F2:validation:237,symbol_mismatch,failure,11,,28,validation,F2,28,11.498701572418213,reversed_functor_control,1,28
1,F2:validation:29,symbol_mismatch,failure,11,,28,validation,F2,28,11.723861694335938,reversed_functor_control,1,28
1,F2:validation:587,symbol_mismatch,failure,11,,28,validation,F2,28,13.439276218414307,canonical_functor_control,1,28
1,F2:validation:82,,binding,11,17=21,21,validation,F2,21,11.079890251159668,reversed_predicate_control,1,21
1,F2:validation:287,symbol_mismatch,failure,11,,28,validation,F2,28,12.874287605285645,reversed_predicate_control,1,28
1,F2:validation:761,symbol_mismatch,failure,11,,28,validation,F2,28,11.633300304412842,reversed_predicate_control,1,28
1,F2:validation:41,symbol_mismatch,failure,11,,28,validation,F2,28,11.188965797424316,reversed_functor_control,1,28
1,F2:validation:44,,binding,11,16=26,26,validation,F2,26,11.039648532867432,reversed_functor_control,1,26
1,F2:validation:554,,binding,11,26=17,17,validation,F2,17,9.890367984771729,reversed_predicate_control,1,17
1,F2:validation:673,symbol_mismatch,failure,11,,28,validation,F2,28,13.152577877044678,canonical_functor_control,1,28
1,F2:validation:720,,binding,11,21=16,16,validation,F2,16,12.089767456054688,canonical_predicate_control,1,16
1,F2:validation:630,,binding,11,26=19,19,validation,F2,19,9.28907585144043,canonical_predicate_control,1,19
1,F2:validation:659,symbol_mismatch,failure,11,,28,validation,F2,28,12.70328426361084,reversed_predicate_control,1,28
1,F2:validation:680,,binding,11,18=20,20,validation,F2,20,12.84421706199646,canonical_functor_control,1,20
1,F2:validation:328,,binding,11,17=24,24,validation,F2,24,11.350905418395996,reversed_functor_control,1,24
1,F2:validation:501,symbol_mismatch,failure,11,,28,validation,F2,28,11.82398271560669,canonical_functor_control,1,28
1,F2:validation:126,,binding,11,23=19,19,validation,F2,19,11.56479787826538,reversed_functor_control,1,19
1,F2:validation:387,symbol_mismatch,failure,11,,28,validation,F2,28,12.209115982055664,canonical_functor_control,1,28
1,F2:validation:197,symbol_mismatch,failure,11,,28,validation,F2,28,11.783776760101318,canonical_functor_control,1,28
1,F2:validation:578,,binding,11,20=17,17,validation,F2,17,9.751535415649414,canonical_functor_control,1,17
1,F2:validation:598,,binding,11,20=27,27,validation,F2,27,11.358570575714111,canonical_functor_control,1,27
1,F2:validation:178,,binding,11,23=21,21,validation,F2,21,12.526121377944946,reversed_predicate_control,1,21
1,F2:validation:763,symbol_mismatch,failure,11,,28,validation,F2,28,13.328146934509277,reversed_predicate_control,1,28
1,F2:validation:230,,binding,11,24=23,23,validation,F2,23,10.347675323486328,reversed_functor_control,1,23
1,F2:validation:756,,binding,11,25=22,22,validation,F2,22,13.01554250717163,reversed_predicate_control,1,22
1,F2:validation:408,,binding,11,18=16,16,validation,F2,16,9.410819053649902,reversed_functor_control,1,16
1,F2:validation:715,symbol_mismatch,failure,11,,28,validation,F2,28,12.338010787963867,reversed_functor_control,1,28
1,F2:validation:109,symbol_mismatch,failure,11,,28,validation,F2,28,12.078023910522461,canonical_functor_control,1,28
1,F2:validation:236,,binding,11,18=26,26,validation,F2,26,11.187060356140137,reversed_functor_control,1,26
1,F2:validation:85,symbol_mismatch,failure,11,,28,validation,F2,28,12.354389667510986,reversed_predicate_control,1,28
1,F2:validation:101,symbol_mismatch,failure,11,,28,validation,F2,28,11.741698265075684,canonical_functor_control,1,28
1,F2:validation:653,symbol_mismatch,failure,11,,28,validation,F2,28,12.088395595550537,reversed_predicate_control,1,28
1,F2:validation:373,symbol_mismatch,failure,11,,28,validation,F2,28,11.441391944885254,reversed_predicate_control,1,28
1,F2:validation:213,symbol_mismatch,failure,11,,28,validation,F2,28,10.74428653717041,canonical_functor_control,1,28
1,F2:validation:155,symbol_mismatch,failure,11,,28,validation,F2,28,12.495261669158936,canonical_predicate_control,1,28
1,F2:validation:247,symbol_mismatch,failure,11,,28,validation,F2,28,11.151091575622559,canonical_predicate_control,1,28
1,F2:validation:563,symbol_mismatch,failure,11,,28,validation,F2,28,13.24162769317627,reversed_predicate_control,1,28
1,F2:validation:665,symbol_mismatch,failure,11,,28,validation,F2,28,11.609143733978271,reversed_predicate_control,1,28
1,F2:validation:240,,binding,11,21=16,16,validation,F2,16,12.476607322692871,canonical_predicate_control,1,16
1,F2:validation:17,symbol_mismatch,failure,11,,28,validation,F2,28,11.864518642425537,canonical_functor_control,1,28
1,F2:validation:243,symbol_mismatch,failure,11,,28,validation,F2,28,11.545271396636963,canonical_predicate_control,1,28
1,F2:validation:648,,binding,11,26=16,16,validation,F2,16,9.726771354675293,reversed_predicate_control,1,16
1,F2:validation:145,symbol_mismatch,failure,11,,28,validation,F2,28,14.093624114990234,canonical_predicate_control,1,28
1,F2:validation:339,symbol_mismatch,failure,11,,28,validation,F2,28,13.121927261352539,canonical_predicate_control,1,28
1,F2:validation:443,symbol_mismatch,failure,11,,28,validation,F2,28,12.719396114349365,canonical_predicate_control,1,28
1,F2:validation:30,,binding,11,25=19,19,validation,F2,19,8.911287307739258,reversed_functor_control,1,19
1,F2:validation:704,,binding,11,23=20,20,validation,F2,20,12.16150975227356,reversed_functor_control,1,20
1,F2:validation:725,symbol_mismatch,failure,11,,28,validation,F2,28,11.256011962890625,canonical_predicate_control,1,28
1,F2:validation:760,,binding,11,20=24,24,validation,F2,24,10.319469451904297,reversed_predicate_control,1,24
1,F2:validation:536,,binding,11,25=20,20,validation,F2,20,11.58922004699707,canonical_predicate_control,1,20
1,F2:validation:430,,binding,11,23=27,27,validation,F2,27,10.160557270050049,reversed_functor_control,1,27
1,F2:validation:724,,binding,11,16=18,18,validation,F2,18,10.26832103729248,canonical_predicate_control,1,18
1,F2:validation:303,symbol_mismatch,failure,11,,28,validation,F2,28,10.640921592712402,canonical_functor_control,1,28
1,F2:validation:741,symbol_mismatch,failure,11,,28,validation,F2,28,11.467674255371094,canonical_predicate_control,1,28
1,F2:validation:556,,binding,11,27=18,18,validation,F2,18,12.015588760375977,reversed_predicate_control,1,18
1,F2:validation:718,,binding,11,18=27,27,validation,F2,27,11.16619873046875,reversed_functor_control,1,27
1,F2:validation:196,,binding,11,16=18,18,validation,F2,18,10.061841011047363,canonical_functor_control,1,18
1,F2:validation:146,,binding,11,27=17,17,validation,F2,17,10.348083019256592,canonical_predicate_control,1,17
1,F2:validation:250,,binding,11,16=21,21,validation,F2,21,10.633012771606445,canonical_predicate_control,1,21
1,F2:validation:735,symbol_mismatch,failure,11,,28,validation,F2,28,12.33074426651001,canonical_predicate_control,1,28
1,F2:validation:338,,binding,11,20=17,17,validation,F2,17,9.587549209594727,canonical_predicate_control,1,17
1,F2:validation:97,symbol_mismatch,failure,11,,28,validation,F2,28,12.990785598754883,canonical_functor_control,1,28
1,F2:validation:538,,binding,11,25=21,21,validation,F2,21,10.077178478240967,canonical_predicate_control,1,21
1,F2:validation:35,symbol_mismatch,failure,11,,28,validation,F2,28,13.263047695159912,reversed_functor_control,1,28
1,F2:validation:103,symbol_mismatch,failure,11,,28,validation,F2,28,11.346365928649902,canonical_functor_control,1,28
1,F2:validation:351,symbol_mismatch,failure,11,,28,validation,F2,28,11.716408729553223,canonical_predicate_control,1,28
1,F2:validation:388,,binding,11,21=18,18,validation,F2,18,8.934239387512207,canonical_functor_control,1,18
1,F2:validation:567,symbol_mismatch,failure,11,,28,validation,F2,28,11.07560396194458,reversed_predicate_control,1,28
1,F2:validation:297,symbol_mismatch,failure,11,,28,validation,F2,28,11.698868751525879,canonical_functor_control,1,28
1,F2:validation:246,,binding,11,21=19,19,validation,F2,19,10.780755996704102,canonical_predicate_control,1,19
1,F2:validation:640,,binding,11,26=24,24,validation,F2,24,12.3959641456604,canonical_predicate_control,1,24
1,F2:validation:394,,binding,11,25=21,21,validation,F2,21,9.854922771453857,canonical_functor_control,1,21
1,F2:validation:350,,binding,11,17=23,23,validation,F2,23,11.266422033309937,canonical_predicate_control,1,23
1,F2:validation:579,symbol_mismatch,failure,11,,28,validation,F2,28,11.343982219696045,canonical_functor_control,1,28
1,F2:validation:375,symbol_mismatch,failure,11,,28,validation,F2,28,11.226338863372803,reversed_predicate_control,1,28
1,F2:validation:468,,binding,11,16=22,22,validation,F2,22,11.661974430084229,reversed_predicate_control,1,22
1,F2:validation:344,,binding,11,24=20,20,validation,F2,20,9.78676986694336,canonical_predicate_control,1,20
1,F2:validation:88,,binding,11,20=24,24,validation,F2,24,10.402266502380371,reversed_predicate_control,1,24
1,F2:validation:401,symbol_mismatch,failure,11,,28,validation,F2,28,11.46522855758667,canonical_functor_control,1,28
1,F2:validation:46,,binding,11,25=27,27,validation,F2,27,11.69043493270874,reversed_functor_control,1,27
1,F2:validation:7,symbol_mismatch,failure,11,,28,validation,F2,28,11.515729904174805,canonical_functor_control,1,28
1,F2:validation:235,symbol_mismatch,failure,11,,28,validation,F2,28,11.855104446411133,reversed_functor_control,1,28
1,F2:validation:432,,binding,11,24=16,16,validation,F2,16,10.890543937683105,canonical_predicate_control,1,16
1,F2:validation:51,symbol_mismatch,failure,11,,28,validation,F2,28,11.497963905334473,canonical_predicate_control,1,28
1,F2:validation:67,symbol_mismatch,failure,11,,28,validation,F2,28,11.642037391662598,canonical_predicate_control,1,28
1,F2:validation:759,symbol_mismatch,failure,11,,28,validation,F2,28,11.822796821594238,reversed_predicate_control,1,28
1,F2:validation:65,symbol_mismatch,failure,11,,28,validation,F2,28,11.351171016693115,canonical_predicate_control,1,28
1,F2:validation:221,symbol_mismatch,failure,11,,28,validation,F2,28,11.76466417312622,reversed_functor_control,1,28
1,F2:validation:662,,binding,11,20=23,23,validation,F2,23,10.641111850738525,reversed_predicate_control,1,23
1,F2:validation:545,symbol_mismatch,failure,11,,28,validation,F2,28,11.539680480957031,canonical_predicate_control,1,28
1,F2:validation:746,,binding,11,18=17,17,validation,F2,17,11.02331256866455,reversed_predicate_control,1,17
1,F2:validation:530,,binding,11,21=17,17,validation,F2,17,10.689105033874512,canonical_predicate_control,1,17
1,F2:validation:679,symbol_mismatch,failure,11,,28,validation,F2,28,11.843403816223145,canonical_functor_control,1,28
1,F2:validation:522,,binding,11,16=25,25,validation,F2,25,12.203454971313477,reversed_functor_control,1,25
1,F2:validation:332,,binding,11,22=26,26,validation,F2,26,10.87773084640503,reversed_functor_control,1,26
1,F2:validation:228,,binding,11,16=22,22,validation,F2,22,11.929028987884521,reversed_functor_control,1,22
1,F2:validation:371,symbol_mismatch,failure,11,,28,validation,F2,28,12.698962688446045,reversed_predicate_control,1,28
1,F2:validation:348,,binding,11,24=22,22,validation,F2,22,10.11287260055542,canonical_predicate_control,1,22
1,F2:validation:381,symbol_mismatch,failure,11,,28,validation,F2,28,11.52513074874878,reversed_predicate_control,1,28
1,F2:validation:62,,binding,11,18=23,23,validation,F2,23,12.235774993896484,canonical_predicate_control,1,23
1,F2:validation:176,,binding,11,19=20,20,validation,F2,20,11.815490245819092,reversed_predicate_control,1,20
1,F2:validation:21,symbol_mismatch,failure,11,,28,validation,F2,28,11.777066230773926,canonical_functor_control,1,28
1,F2:validation:580,,binding,11,24=18,18,validation,F2,18,10.214396953582764,canonical_functor_control,1,18
1,F2:validation:448,,binding,11,18=24,24,validation,F2,24,10.716057300567627,canonical_predicate_control,1,24
1,F2:validation:99,symbol_mismatch,failure,11,,28,validation,F2,28,11.92596435546875,canonical_functor_control,1,28
1,F2:validation:37,symbol_mismatch,failure,11,,28,validation,F2,28,11.36829137802124,reversed_functor_control,1,28
1,F2:validation:280,,binding,11,16=24,24,validation,F2,24,11.05135726928711,reversed_predicate_control,1,24
1,F2:validation:603,symbol_mismatch,failure,11,,28,validation,F2,28,11.780571937561035,reversed_functor_control,1,28
1,F2:validation:148,,binding,11,23=18,18,validation,F2,18,13.013572216033936,canonical_predicate_control,1,18
1,F2:validation:414,,binding,11,23=19,19,validation,F2,19,11.537997722625732,reversed_functor_control,1,19
1,F2:validation:541,symbol_mismatch,failure,11,,28,validation,F2,28,12.117823600769043,canonical_predicate_control,1,28
1,F2:validation:745,symbol_mismatch,failure,11,,28,validation,F2,28,11.475514888763428,reversed_predicate_control,1,28
1,F2:validation:128,,binding,11,24=20,20,validation,F2,20,8.982573986053467,reversed_functor_control,1,20
1,F2:validation:692,,binding,11,18=26,26,validation,F2,26,10.15791940689087,canonical_functor_control,1,26
1,F2:validation:471,symbol_mismatch,failure,11,,28,validation,F2,28,12.30778169631958,reversed_predicate_control,1,28
1,F2:validation:278,,binding,11,24=23,23,validation,F2,23,10.004600048065186,reversed_predicate_control,1,23
1,F2:validation:326,,binding,11,26=23,23,validation,F2,23,8.644651412963867,reversed_functor_control,1,23
1,F2:validation:333,symbol_mismatch,failure,11,,28,validation,F2,28,11.99340295791626,reversed_functor_control,1,28
1,F2:validation:320,,binding,11,16=20,20,validation,F2,20,10.668323040008545,reversed_functor_control,1,20
1,F2:validation:751,symbol_mismatch,failure,11,,28,validation,F2,28,10.684094429016113,reversed_predicate_control,1,28
1,F2:validation:218,,binding,11,16=17,17,validation,F2,17,11.91804313659668,reversed_functor_control,1,17
1,F2:validation:568,,binding,11,21=24,24,validation,F2,24,10.948564529418945,reversed_predicate_control,1,24
1,F2:validation:11,symbol_mismatch,failure,11,,28,validation,F2,28,13.901819705963135,canonical_functor_control,1,28
1,F2:validation:723,symbol_mismatch,failure,11,,28,validation,F2,28,11.450682163238525,canonical_predicate_control,1,28
1,F2:validation:286,,binding,11,24=27,27,validation,F2,27,10.071858406066895,reversed_predicate_control,1,27
1,F2:validation:485,symbol_mismatch,failure,11,,28,validation,F2,28,11.513297080993652,canonical_functor_control,1,28
1,F2:validation:43,symbol_mismatch,failure,11,,28,validation,F2,28,10.809981346130371,reversed_functor_control,1,28
1,F2:validation:389,symbol_mismatch,failure,11,,28,validation,F2,28,11.572709083557129,canonical_functor_control,1,28
1,F2:validation:566,,binding,11,19=23,23,validation,F2,23,10.770474910736084,reversed_predicate_control,1,23
1,F2:validation:423,symbol_mismatch,failure,11,,28,validation,F2,28,11.737606048583984,reversed_functor_control,1,28
1,F2:validation:181,symbol_mismatch,failure,11,,28,validation,F2,28,12.297654151916504,reversed_predicate_control,1,28
1,F2:validation:301,symbol_mismatch,failure,11,,28,validation,F2,28,11.817625999450684,canonical_functor_control,1,28
1,F2:validation:480,,binding,11,21=16,16,validation,F2,16,11.992865085601807,canonical_functor_control,1,16
1,F2:validation:546,,binding,11,26=25,25,validation,F2,25,10.320956230163574,canonical_predicate_control,1,25
1,F2:validation:356,,binding,11,21=26,26,validation,F2,26,11.816329956054688,canonical_predicate_control,1,26
1,F2:validation:489,symbol_mismatch,failure,11,,28,validation,F2,28,11.987626075744629,canonical_functor_control,1,28
1,F2:validation:69,symbol_mismatch,failure,11,,28,validation,F2,28,11.212556838989258,canonical_predicate_control,1,28
1,F2:validation:141,symbol_mismatch,failure,11,,28,validation,F2,28,11.252879619598389,reversed_functor_control,1,28
1,F2:validation:581,symbol_mismatch,failure,11,,28,validation,F2,28,11.736418724060059,canonical_functor_control,1,28
1,F2:validation:507,symbol_mismatch,failure,11,,28,validation,F2,28,11.0700044631958,reversed_functor_control,1,28
1,F2:validation:347,symbol_mismatch,failure,11,,28,validation,F2,28,13.312068462371826,canonical_predicate_control,1,28
1,F2:validation:472,,binding,11,27=24,24,validation,F2,24,9.555519104003906,reversed_predicate_control,1,24
1,F2:validation:107,symbol_mismatch,failure,11,,28,validation,F2,28,12.425580978393555,canonical_functor_control,1,28
1,F2:validation:52,,binding,11,24=18,18,validation,F2,18,10.111361980438232,canonical_predicate_control,1,18
1,F2:validation:463,symbol_mismatch,failure,11,,28,validation,F2,28,11.623409271240234,reversed_predicate_control,1,28
1,F2:validation:96,,binding,11,25=16,16,validation,F2,16,9.601229667663574,canonical_functor_control,1,16
1,F2:validation:740,,binding,11,17=26,26,validation,F2,26,11.206489086151123,canonical_predicate_control,1,26
1,F2:validation:466,,binding,11,19=21,21,validation,F2,21,11.691763877868652,reversed_predicate_control,1,21
1,F2:validation:283,symbol_mismatch,failure,11,,28,validation,F2,28,11.746242046356201,reversed_predicate_control,1,28
1,F2:validation:526,,binding,11,22=27,27,validation,F2,27,11.296102523803711,reversed_functor_control,1,27
1,F2:validation:535,symbol_mismatch,failure,11,,28,validation,F2,28,11.50880241394043,canonical_predicate_control,1,28
1,F2:validation:57,symbol_mismatch,failure,11,,28,validation,F2,28,12.57160234451294,canonical_predicate_control,1,28
1,F2:validation:157,symbol_mismatch,failure,11,,28,validation,F2,28,12.215175151824951,canonical_predicate_control,1,28
1,F2:validation:129,symbol_mismatch,failure,11,,28,validation,F2,28,12.012957096099854,reversed_functor_control,1,28
1,F2:validation:455,symbol_mismatch,failure,11,,28,validation,F2,28,12.51283311843872,canonical_predicate_control,1,28
1,F2:validation:309,symbol_mismatch,failure,11,,28,validation,F2,28,11.37205171585083,canonical_functor_control,1,28
1,F2:validation:591,symbol_mismatch,failure,11,,28,validation,F2,28,11.233996391296387,canonical_functor_control,1,28
1,F2:validation:564,,binding,11,24=22,22,validation,F2,22,10.099133014678955,reversed_predicate_control,1,22
1,F2:validation:586,,binding,11,27=21,21,validation,F2,21,9.799330234527588,canonical_functor_control,1,21
1,F2:validation:493,symbol_mismatch,failure,11,,28,validation,F2,28,11.492099285125732,canonical_functor_control,1,28
1,F2:validation:60,,binding,11,18=22,22,validation,F2,22,12.531118869781494,canonical_predicate_control,1,22
1,F2:validation:367,symbol_mismatch,failure,11,,28,validation,F2,28,10.781652450561523,reversed_predicate_control,1,28
1,F2:validation:311,symbol_mismatch,failure,11,,28,validation,F2,28,12.828297138214111,canonical_functor_control,1,28
1,F2:validation:459,symbol_mismatch,failure,11,,28,validation,F2,28,12.170525074005127,reversed_predicate_control,1,28
1,F2:validation:160,,binding,11,22=24,24,validation,F2,24,8.441699981689453,canonical_predicate_control,1,24
1,F2:validation:570,,binding,11,16=25,25,validation,F2,25,11.795499801635742,reversed_predicate_control,1,25
1,F2:validation:736,,binding,11,18=24,24,validation,F2,24,11.446227073669434,canonical_predicate_control,1,24
1,F2:validation:595,symbol_mismatch,failure,11,,28,validation,F2,28,11.505154609680176,canonical_functor_control,1,28
1,F2:validation:16,,binding,11,26=24,24,validation,F2,24,12.555152416229248,canonical_functor_control,1,24
1,F2:validation:161,symbol_mismatch,failure,11,,28,validation,F2,28,11.384539127349854,canonical_predicate_control,1,28
1,F2:validation:710,,binding,11,19=23,23,validation,F2,23,10.68505573272705,reversed_functor_control,1,23
1,F2:validation:739,symbol_mismatch,failure,11,,28,validation,F2,28,13.129348278045654,canonical_predicate_control,1,28
1,F2:validation:702,,binding,11,25=19,19,validation,F2,19,9.393247127532959,reversed_functor_control,1,19
1,F2:validation:527,symbol_mismatch,failure,11,,28,validation,F2,28,11.429009437561035,reversed_functor_control,1,28
1,F2:validation:711,symbol_mismatch,failure,11,,28,validation,F2,28,11.446819305419922,reversed_functor_control,1,28
1,F2:validation:143,symbol_mismatch,failure,11,,28,validation,F2,28,13.014732837677002,reversed_functor_control,1,28
1,F2:validation:177,symbol_mismatch,failure,11,,28,validation,F2,28,12.179576396942139,reversed_predicate_control,1,28
1,F2:validation:544,,binding,11,25=24,24,validation,F2,24,11.76404857635498,canonical_predicate_control,1,24
1,F2:validation:661,symbol_mismatch,failure,11,,28,validation,F2,28,12.28270149230957,reversed_predicate_control,1,28
1,F2:validation:649,symbol_mismatch,failure,11,,28,validation,F2,28,10.571659564971924,reversed_predicate_control,1,28
1,F2:validation:714,,binding,11,27=25,25,validation,F2,25,11.8350248336792,reversed_functor_control,1,25
1,F2:validation:185,symbol_mismatch,failure,11,,28,validation,F2,28,11.447701454162598,reversed_predicate_control,1,28
1,F2:validation:225,symbol_mismatch,failure,11,,28,validation,F2,28,11.97100305557251,reversed_functor_control,1,28
1,F2:validation:701,symbol_mismatch,failure,11,,28,validation,F2,28,11.608637809753418,reversed_functor_control,1,28
1,F2:validation:403,symbol_mismatch,failure,11,,28,validation,F2,28,11.963985443115234,canonical_functor_control,1,28
1,F2:validation:168,,binding,11,22=16,16,validation,F2,16,10.63908863067627,reversed_predicate_control,1,16
1,F2:validation:696,,binding,11,26=16,16,validation,F2,16,9.589180946350098,reversed_functor_control,1,16
1,F2:validation:307,symbol_mismatch,failure,11,,28,validation,F2,28,12.070382118225098,canonical_functor_control,1,28
1,F2:validation:542,,binding,11,22=23,23,validation,F2,23,10.306511878967285,canonical_predicate_control,1,23
1,F2:validation:219,symbol_mismatch,failure,11,,28,validation,F2,28,11.02632188796997,reversed_functor_control,1,28
1,F2:validation:201,symbol_mismatch,failure,11,,28,validation,F2,28,10.681755065917969,canonical_functor_control,1,28
1,F2:validation:322,,binding,11,19=21,21,validation,F2,21,11.776156425476074,reversed_functor_control,1,21
1,F2:validation:453,symbol_mismatch,failure,11,,28,validation,F2,28,11.42089033126831,canonical_predicate_control,1,28
1,F2:validation:149,symbol_mismatch,failure,11,,28,validation,F2,28,11.311615943908691,canonical_predicate_control,1,28
1,F2:test:761,symbol_mismatch,failure,11,,28,test,F2,28,12.92587423324585,reversed_predicate_control,1,28
1,F2:test:555,symbol_mismatch,failure,11,,28,test,F2,28,10.073348045349121,reversed_predicate_control,1,28
1,F2:test:495,symbol_mismatch,failure,11,,28,test,F2,28,11.093404293060303,canonical_functor_control,1,28
1,F2:test:479,symbol_mismatch,failure,11,,28,test,F2,28,13.29897689819336,reversed_predicate_control,1,28
1,F2:test:701,symbol_mismatch,failure,11,,28,test,F2,28,11.33154010772705,reversed_functor_control,1,28
1,F2:test:233,symbol_mismatch,failure,11,,28,test,F2,28,10.959710121154785,reversed_functor_control,1,28
1,F2:test:700,,binding,11,16=18,18,test,F2,18,10.123538970947266,reversed_functor_control,1,18
1,F2:test:560,,binding,11,16=20,20,test,F2,20,11.326948642730713,reversed_predicate_control,1,20
1,F2:test:467,symbol_mismatch,failure,11,,28,test,F2,28,12.366299152374268,reversed_predicate_control,1,28
1,F2:test:382,,binding,11,20=27,27,test,F2,27,11.5324125289917,reversed_predicate_control,1,27
1,F2:test:195,symbol_mismatch,failure,11,,28,test,F2,28,11.193578243255615,canonical_functor_control,1,28
1,F2:test:91,symbol_mismatch,failure,11,,28,test,F2,28,12.716558933258057,reversed_predicate_control,1,28
1,F2:test:609,symbol_mismatch,failure,11,,28,test,F2,28,12.097329139709473,reversed_functor_control,1,28
1,F2:test:202,,binding,11,18=21,21,test,F2,21,10.088689804077148,canonical_functor_control,1,21
1,F2:test:723,symbol_mismatch,failure,11,,28,test,F2,28,10.408416748046875,canonical_predicate_control,1,28
1,F2:test:691,symbol_mismatch,failure,11,,28,test,F2,28,12.070191383361816,canonical_functor_control,1,28
1,F2:test:15,symbol_mismatch,failure,11,,28,test,F2,28,11.573267459869385,canonical_functor_control,1,28
1,F2:test:583,symbol_mismatch,failure,11,,28,test,F2,28,11.531997680664062,canonical_functor_control,1,28
1,F2:test:163,symbol_mismatch,failure,11,,28,test,F2,28,12.342700481414795,canonical_predicate_control,1,28
1,F2:test:507,symbol_mismatch,failure,11,,28,test,F2,28,11.33254337310791,reversed_functor_control,1,28
1,F2:test:725,symbol_mismatch,failure,11,,28,test,F2,28,11.609835624694824,canonical_predicate_control,1,28
1,F2:test:662,,binding,11,20=23,23,test,F2,23,10.635987758636475,reversed_predicate_control,1,23
1,F2:test:637,symbol_mismatch,failure,11,,28,test,F2,28,11.26513671875,canonical_predicate_control,1,28
1,F2:test:16,,binding,11,26=24,24,test,F2,24,13.000840187072754,canonical_functor_control,1,24
1,F2:test:359,symbol_mismatch,failure,11,,28,test,F2,28,13.698378562927246,canonical_predicate_control,1,28
1,F2:test:38,,binding,11,25=23,23,test,F2,23,9.513790607452393,reversed_functor_control,1,23
1,F2:test:165,symbol_mismatch,failure,11,,28,test,F2,28,11.060873031616211,canonical_predicate_control,1,28
1,F2:test:49,symbol_mismatch,failure,11,,28,test,F2,28,11.536171913146973,canonical_predicate_control,1,28
1,F2:test:585,symbol_mismatch,failure,11,,28,test,F2,28,11.372631072998047,canonical_functor_control,1,28
1,F2:test:545,symbol_mismatch,failure,11,,28,test,F2,28,12.271259784698486,canonical_predicate_control,1,28
1,F2:test:353,symbol_mismatch,failure,11,,28,test,F2,28,11.885558605194092,canonical_predicate_control,1,28
1,F2:test:138,,binding,11,18=25,25,test,F2,25,8.695992469787598,reversed_functor_control,1,25
1,F2:test:31,symbol_mismatch,failure,11,,28,test,F2,28,11.533137321472168,reversed_functor_control,1,28
1,F2:test:536,,binding,11,25=20,20,test,F2,20,12.005769729614258,canonical_predicate_control,1,20
1,F2:test:441,symbol_mismatch,failure,11,,28,test,F2,28,10.979730606079102,canonical_predicate_control,1,28
1,F2:test:231,symbol_mismatch,failure,11,,28,test,F2,28,10.35236930847168,reversed_functor_control,1,28
1,F2:test:688,,binding,11,16=24,24,test,F2,24,10.608945369720459,canonical_functor_control,1,24
1,F2:test:210,,binding,11,21=25,25,test,F2,25,12.33412790298462,canonical_functor_control,1,25
1,F2:test:158,,binding,11,27=23,23,test,F2,23,9.929342269897461,canonical_predicate_control,1,23
1,F2:test:685,symbol_mismatch,failure,11,,28,test,F2,28,12.501967430114746,canonical_functor_control,1,28
1,F2:test:241,symbol_mismatch,failure,11,,28,test,F2,28,11.95750379562378,canonical_predicate_control,1,28
1,F2:test:2,,binding,11,27=17,17,test,F2,17,10.204662799835205,canonical_functor_control,1,17
1,F2:test:102,,binding,11,18=19,19,test,F2,19,9.318201065063477,canonical_functor_control,1,19
1,F2:test:18,,binding,11,22=25,25,test,F2,25,13.087957859039307,canonical_functor_control,1,25
1,F2:test:655,symbol_mismatch,failure,11,,28,test,F2,28,10.297478675842285,reversed_predicate_control,1,28
1,F2:test:196,,binding,11,17=18,18,test,F2,18,10.306678771972656,canonical_functor_control,1,18
1,F2:test:186,,binding,11,16=25,25,test,F2,25,11.74956464767456,reversed_predicate_control,1,25
1,F2:test:268,,binding,11,25=18,18,test,F2,18,11.493403911590576,reversed_predicate_control,1,18
1,F2:test:465,symbol_mismatch,failure,11,,28,test,F2,28,10.9249267578125,reversed_predicate_control,1,28
1,F2:test:54,,binding,11,17=19,19,test,F2,19,12.698851108551025,canonical_predicate_control,1,19
1,F2:test:672,,binding,11,20=16,16,test,F2,16,9.882537841796875,canonical_functor_control,1,16
1,F2:test:19,symbol_mismatch,failure,11,,28,test,F2,28,11.106620788574219,canonical_functor_control,1,28
1,F2:test:732,,binding,11,24=22,22,test,F2,22,10.362541675567627,canonical_predicate_control,1,22
1,F2:test:393,symbol_mismatch,failure,11,,28,test,F2,28,11.737199783325195,canonical_functor_control,1,28
1,F2:test:307,symbol_mismatch,failure,11,,28,test,F2,28,11.945455551147461,canonical_functor_control,1,28
1,F2:test:160,,binding,11,21=24,24,test,F2,24,11.190428256988525,canonical_predicate_control,1,24
1,F2:test:569,symbol_mismatch,failure,11,,28,test,F2,28,9.476242542266846,reversed_predicate_control,1,28
1,F2:test:132,,binding,11,25=22,22,test,F2,22,12.602331638336182,reversed_functor_control,1,22
1,F2:test:271,symbol_mismatch,failure,11,,28,test,F2,28,10.004348754882812,reversed_predicate_control,1,28
1,F2:test:754,,binding,11,19=21,21,test,F2,21,12.111093521118164,reversed_predicate_control,1,21
1,F2:test:407,symbol_mismatch,failure,11,,28,test,F2,28,12.898082256317139,canonical_functor_control,1,28
1,F2:test:624,,binding,11,21=16,16,test,F2,16,11.649753093719482,canonical_predicate_control,1,16
1,F2:test:1,symbol_mismatch,failure,11,,28,test,F2,28,13.69837474822998,canonical_functor_control,1,28
1,F2:test:151,symbol_mismatch,failure,11,,28,test,F2,28,10.980142593383789,canonical_predicate_control,1,28
1,F2:test:208,,binding,11,19=24,24,test,F2,24,11.97451114654541,canonical_functor_control,1,24
1,F2:test:472,,binding,11,20=24,24,test,F2,24,9.998456001281738,reversed_predicate_control,1,24
1,F2:test:300,,binding,11,21=22,22,test,F2,22,12.628644943237305,canonical_functor_control,1,22
1,F2:test:618,,binding,11,27=25,25,test,F2,25,11.010228633880615,reversed_functor_control,1,25
1,F2:test:270,,binding,11,17=19,19,test,F2,19,12.369216442108154,reversed_predicate_control,1,19
1,F2:test:639,symbol_mismatch,failure,11,,28,test,F2,28,11.311723709106445,canonical_predicate_control,1,28
1,F2:test:427,symbol_mismatch,failure,11,,28,test,F2,28,11.541748046875,reversed_functor_control,1,28
1,F2:test:209,symbol_mismatch,failure,11,,28,test,F2,28,11.302602767944336,canonical_functor_control,1,28
1,F2:test:667,symbol_mismatch,failure,11,,28,test,F2,28,12.056510925292969,reversed_predicate_control,1,28
1,F2:test:179,symbol_mismatch,failure,11,,28,test,F2,28,12.477320194244385,reversed_predicate_control,1,28
1,F2:test:442,,binding,11,18=21,21,test,F2,21,10.274234294891357,canonical_predicate_control,1,21
1,F2:test:52,,binding,11,19=18,18,test,F2,18,11.313773155212402,canonical_predicate_control,1,18
1,F2:test:44,,binding,11,21=26,26,test,F2,26,11.378398418426514,reversed_functor_control,1,26
1,F2:test:188,,binding,11,27=26,26,test,F2,26,11.158077716827393,reversed_predicate_control,1,26
1,F2:test:391,symbol_mismatch,failure,11,,28,test,F2,28,12.103863716125488,canonical_functor_control,1,28
1,F2:test:493,symbol_mismatch,failure,11,,28,test,F2,28,11.854409217834473,canonical_functor_control,1,28
1,F2:test:767,symbol_mismatch,failure,11,,28,test,F2,28,12.580868244171143,reversed_predicate_control,1,28
1,F2:test:256,,binding,11,18=24,24,test,F2,24,11.131615161895752,canonical_predicate_control,1,24
1,F2:test:748,,binding,11,27=18,18,test,F2,18,11.679935932159424,reversed_predicate_control,1,18
1,F2:test:527,symbol_mismatch,failure,11,,28,test,F2,28,11.355542182922363,reversed_functor_control,1,28
1,F2:test:702,,binding,11,27=19,19,test,F2,19,12.255270004272461,reversed_functor_control,1,19
1,F2:test:475,symbol_mismatch,failure,11,,28,test,F2,28,13.142104625701904,reversed_predicate_control,1,28
1,F2:test:664,,binding,11,19=24,24,test,F2,24,11.150352001190186,reversed_predicate_control,1,24
1,F2:test:375,symbol_mismatch,failure,11,,28,test,F2,28,11.889822959899902,reversed_predicate_control,1,28
1,F2:test:251,symbol_mismatch,failure,11,,28,test,F2,28,11.578944206237793,canonical_predicate_control,1,28
1,F2:test:319,symbol_mismatch,failure,11,,28,test,F2,28,11.206483840942383,reversed_functor_control,1,28
1,F2:test:530,,binding,11,18=17,17,test,F2,17,11.520670890808105,canonical_predicate_control,1,17
1,F2:test:763,symbol_mismatch,failure,11,,28,test,F2,28,13.076383113861084,reversed_predicate_control,1,28
1,F2:test:247,symbol_mismatch,failure,11,,28,test,F2,28,10.935792922973633,canonical_predicate_control,1,28
1,F2:test:296,,binding,11,23=20,20,test,F2,20,12.303572416305542,canonical_functor_control,1,20
1,F2:test:24,,binding,11,18=16,16,test,F2,16,9.270502090454102,reversed_functor_control,1,16
1,F2:test:461,symbol_mismatch,failure,11,,28,test,F2,28,11.67176342010498,reversed_predicate_control,1,28
1,F2:test:316,,binding,11,20=18,18,test,F2,18,10.94791316986084,reversed_functor_control,1,18
1,F2:test:499,symbol_mismatch,failure,11,,28,test,F2,28,12.123603820800781,canonical_functor_control,1,28
1,F2:test:403,symbol_mismatch,failure,11,,28,test,F2,28,11.490496635437012,canonical_functor_control,1,28
1,F2:test:226,,binding,11,24=21,21,test,F2,21,11.49685001373291,reversed_functor_control,1,21
1,F2:test:534,,binding,11,22=19,19,test,F2,19,10.630252838134766,canonical_predicate_control,1,19
1,F2:test:192,,binding,11,22=16,16,test,F2,16,10.470802307128906,canonical_functor_control,1,16
1,F2:test:72,,binding,11,22=16,16,test,F2,16,10.78339958190918,reversed_predicate_control,1,16
1,F2:test:155,symbol_mismatch,failure,11,,28,test,F2,28,12.89033555984497,canonical_predicate_control,1,28
1,F2:test:116,,binding,11,19=26,26,test,F2,26,10.96270751953125,canonical_functor_control,1,26
1,F2:test:634,,binding,11,27=21,21,test,F2,21,9.906940460205078,canonical_predicate_control,1,21
1,F2:test:287,symbol_mismatch,failure,11,,28,test,F2,28,13.180873394012451,reversed_predicate_control,1,28
1,F2:test:22,,binding,11,23=27,27,test,F2,27,9.793323993682861,canonical_functor_control,1,27
1,F2:test:574,,binding,11,21=27,27,test,F2,27,10.687771797180176,reversed_predicate_control,1,27
1,F2:test:78,,binding,11,22=19,19,test,F2,19,10.697839260101318,reversed_predicate_control,1,19
1,F2:test:232,,binding,11,17=24,24,test,F2,24,11.31654691696167,reversed_functor_control,1,24
1,F2:test:587,symbol_mismatch,failure,11,,28,test,F2,28,12.298813343048096,canonical_functor_control,1,28
1,F2:test:223,symbol_mismatch,failure,11,,28,test,F2,28,10.935592651367188,reversed_functor_control,1,28
1,F2:test:146,,binding,11,24=17,17,test,F2,17,8.733229637145996,canonical_predicate_control,1,17
1,F2:test:81,symbol_mismatch,failure,11,,28,test,F2,28,12.143427848815918,reversed_predicate_control,1,28
1,F2:test:710,,binding,11,17=23,23,test,F2,23,10.778052806854248,reversed_functor_control,1,23
1,F2:test:225,symbol_mismatch,failure,11,,28,test,F2,28,12.024617671966553,reversed_functor_control,1,28
1,F2:test:619,symbol_mismatch,failure,11,,28,test,F2,28,12.091036796569824,reversed_functor_control,1,28
1,F2:test:302,,binding,11,22=23,23,test,F2,23,10.473301887512207,canonical_functor_control,1,23
1,F2:test:371,symbol_mismatch,failure,11,,28,test,F2,28,11.594830989837646,reversed_predicate_control,1,28
1,F2:test:762,,binding,11,24=25,25,test,F2,25,11.20423412322998,reversed_predicate_control,1,25
1,F2:test:261,symbol_mismatch,failure,11,,28,test,F2,28,11.143444061279297,canonical_predicate_control,1,28
1,F2:test:244,,binding,11,25=18,18,test,F2,18,10.591984748840332,canonical_predicate_control,1,18
1,F2:test:450,,binding,11,27=25,25,test,F2,25,10.438093662261963,canonical_predicate_control,1,25
1,F2:test:367,symbol_mismatch,failure,11,,28,test,F2,28,11.157618522644043,reversed_predicate_control,1,28
1,F2:test:389,symbol_mismatch,failure,11,,28,test,F2,28,11.566476821899414,canonical_functor_control,1,28
1,F2:test:126,,binding,11,17=19,19,test,F2,19,12.765486717224121,reversed_functor_control,1,19
1,F2:test:104,,binding,11,17=20,20,test,F2,20,13.063138365745544,canonical_functor_control,1,20
1,F2:test:581,symbol_mismatch,failure,11,,28,test,F2,28,11.809457302093506,canonical_functor_control,1,28
1,F2:test:350,,binding,11,19=23,23,test,F2,23,11.393120288848877,canonical_predicate_control,1,23
1,F2:test:614,,binding,11,19=23,23,test,F2,23,10.921245574951172,reversed_functor_control,1,23
1,F2:test:757,symbol_mismatch,failure,11,,28,test,F2,28,12.796011447906494,reversed_predicate_control,1,28
1,F2:test:13,symbol_mismatch,failure,11,,28,test,F2,28,12.249380111694336,canonical_functor_control,1,28
1,F2:test:408,,binding,11,18=16,16,test,F2,16,9.666411399841309,reversed_functor_control,1,16
1,F2:test:747,symbol_mismatch,failure,11,,28,test,F2,28,12.463059902191162,reversed_predicate_control,1,28
1,F2:test:515,symbol_mismatch,failure,11,,28,test,F2,28,13.003625869750977,reversed_functor_control,1,28
1,F2:test:141,symbol_mismatch,failure,11,,28,test,F2,28,10.997894287109375,reversed_functor_control,1,28
1,F2:test:272,,binding,11,16=20,20,test,F2,20,10.90258264541626,reversed_predicate_control,1,20
1,F2:test:451,symbol_mismatch,failure,11,,28,test,F2,28,12.205901622772217,canonical_predicate_control,1,28
1,F2:test:285,symbol_mismatch,failure,11,,28,test,F2,28,11.862267971038818,reversed_predicate_control,1,28
1,F2:test:87,symbol_mismatch,failure,11,,28,test,F2,28,10.330886840820312,reversed_predicate_control,1,28
1,F2:test:150,,binding,11,26=19,19,test,F2,19,10.458101749420166,canonical_predicate_control,1,19
1,F2:test:480,,binding,11,26=16,16,test,F2,16,8.755535125732422,canonical_functor_control,1,16
1,F2:test:113,symbol_mismatch,failure,11,,28,test,F2,28,10.49342155456543,canonical_functor_control,1,28
1,F2:test:511,symbol_mismatch,failure,11,,28,test,F2,28,11.314663887023926,reversed_functor_control,1,28
1,F2:test:674,,binding,11,20=17,17,test,F2,17,9.584993839263916,canonical_functor_control,1,17
1,F2:test:206,,binding,11,17=23,23,test,F2,23,10.94816541671753,canonical_functor_control,1,23
1,F2:test:97,symbol_mismatch,failure,11,,28,test,F2,28,13.636674880981445,canonical_functor_control,1,28
1,F2:test:406,,binding,11,21=27,27,test,F2,27,9.738893508911133,canonical_functor_control,1,27
1,F2:test:193,symbol_mismatch,failure,11,,28,test,F2,28,11.549930095672607,canonical_functor_control,1,28
1,F2:test:727,symbol_mismatch,failure,11,,28,test,F2,28,11.684720039367676,canonical_predicate_control,1,28
1,F2:test:690,,binding,11,18=25,25,test,F2,25,9.159097671508789,canonical_functor_control,1,25
1,F2:test:395,symbol_mismatch,failure,11,,28,test,F2,28,12.407920360565186,canonical_functor_control,1,28
1,F2:test:83,symbol_mismatch,failure,11,,28,test,F2,28,11.22707748413086,reversed_predicate_control,1,28
1,F2:test:487,symbol_mismatch,failure,11,,28,test,F2,28,11.929471015930176,canonical_functor_control,1,28
1,F2:test:172,,binding,11,17=18,18,test,F2,18,10.526066780090332,reversed_predicate_control,1,18
1,F2:test:425,symbol_mismatch,failure,11,,28,test,F2,28,11.359947681427002,reversed_functor_control,1,28
1,F2:test:697,symbol_mismatch,failure,11,,28,test,F2,28,12.370371341705322,reversed_functor_control,1,28
1,F2:test:214,,binding,11,24=27,27,test,F2,27,9.660051345825195,canonical_functor_control,1,27
1,F2:test:627,symbol_mismatch,failure,11,,28,test,F2,28,11.955344676971436,canonical_predicate_control,1,28
1,F2:test:354,,binding,11,22=25,25,test,F2,25,13.221723079681396,canonical_predicate_control,1,25
1,F2:test:115,symbol_mismatch,failure,11,,28,test,F2,28,12.404520034790039,canonical_functor_control,1,28
1,F2:test:695,symbol_mismatch,failure,11,,28,test,F2,28,12.222312450408936,canonical_functor_control,1,28
1,F2:test:404,,binding,11,17=26,26,test,F2,26,11.219319820404053,canonical_functor_control,1,26
1,F2:test:3,symbol_mismatch,failure,11,,28,test,F2,28,11.994314193725586,canonical_functor_control,1,28
1,F2:test:252,,binding,11,19=22,22,test,F2,22,12.671339988708496,canonical_predicate_control,1,22
1,F2:test:571,symbol_mismatch,failure,11,,28,test,F2,28,13.186613082885742,reversed_predicate_control,1,28
1,F2:test:737,symbol_mismatch,failure,11,,28,test,F2,28,11.767762660980225,canonical_predicate_control,1,28
1,F2:test:329,symbol_mismatch,failure,11,,28,test,F2,28,11.161911010742188,reversed_functor_control,1,28
1,F2:test:171,symbol_mismatch,failure,11,,28,test,F2,28,12.644505023956299,reversed_predicate_control,1,28
1,F2:test:20,,binding,11,21=26,26,test,F2,26,11.592561721801758,canonical_functor_control,1,26
1,F2:test:203,symbol_mismatch,failure,11,,28,test,F2,28,13.637430667877197,canonical_functor_control,1,28
1,F2:test:418,,binding,11,19=21,21,test,F2,21,11.92777395248413,reversed_functor_control,1,21
1,F2:test:557,symbol_mismatch,failure,11,,28,test,F2,28,11.499468803405762,reversed_predicate_control,1,28
1,F2:test:234,,binding,11,17=25,25,test,F2,25,11.674668312072754,reversed_functor_control,1,25
1,F2:test:559,symbol_mismatch,failure,11,,28,test,F2,28,10.692767143249512,reversed_predicate_control,1,28
1,F2:test:682,,binding,11,26=21,21,test,F2,21,10.131457328796387,canonical_functor_control,1,21
1,F2:test:742,,binding,11,20=27,27,test,F2,27,11.6573166847229,canonical_predicate_control,1,27
1,F2:test:35,symbol_mismatch,failure,11,,28,test,F2,28,13.442782878875732,reversed_functor_control,1,28
1,F2:test:325,symbol_mismatch,failure,11,,28,test,F2,28,11.623420715332031,reversed_functor_control,1,28
1,F2:test:29,symbol_mismatch,failure,11,,28,test,F2,28,11.44580602645874,reversed_functor_control,1,28
1,F2:test:673,symbol_mismatch,failure,11,,28,test,F2,28,13.364760875701904,canonical_functor_control,1,28
1,F2:test:135,symbol_mismatch,failure,11,,28,test,F2,28,11.085464000701904,reversed_functor_control,1,28
1,F2:test:370,,binding,11,16=21,21,test,F2,21,11.54098653793335,reversed_predicate_control,1,21
1,F2:test:103,symbol_mismatch,failure,11,,28,test,F2,28,11.431600570678711,canonical_functor_control,1,28
1,F2:test:586,,binding,11,20=21,21,test,F2,21,9.326122283935547,canonical_functor_control,1,21
1,F2:test:402,,binding,11,21=25,25,test,F2,25,12.253630638122559,canonical_functor_control,1,25
1,F2:test:159,symbol_mismatch,failure,11,,28,test,F2,28,10.45536994934082,canonical_predicate_control,1,28
1,F2:test:349,symbol_mismatch,failure,11,,28,test,F2,28,11.35731554031372,canonical_predicate_control,1,28
1,F2:test:504,,binding,11,27=16,16,test,F2,16,10.901091575622559,reversed_functor_control,1,16
1,F2:test:85,symbol_mismatch,failure,11,,28,test,F2,28,12.627668380737305,reversed_predicate_control,1,28
1,F2:test:217,symbol_mismatch,failure,11,,28,test,F2,28,12.895975589752197,reversed_functor_control,1,28
1,F2:test:445,symbol_mismatch,failure,11,,28,test,F2,28,12.039270401000977,canonical_predicate_control,1,28
1,F2:test:90,,binding,11,18=25,25,test,F2,25,8.434609413146973,reversed_predicate_control,1,25
1,F2:test:161,symbol_mismatch,failure,11,,28,test,F2,28,11.736212730407715,canonical_predicate_control,1,28
1,F2:test:106,,binding,11,18=21,21,test,F2,21,9.85755205154419,canonical_functor_control,1,21
1,F2:test:33,symbol_mismatch,failure,11,,28,test,F2,28,11.825686931610107,reversed_functor_control,1,28
1,F2:test:464,,binding,11,25=20,20,test,F2,20,11.631311893463135,reversed_predicate_control,1,20
1,F2:test:313,symbol_mismatch,failure,11,,28,test,F2,28,12.850377559661865,reversed_functor_control,1,28
1,F2:test:428,,binding,11,27=26,26,test,F2,26,10.691292762756348,reversed_functor_control,1,26
1,F2:test:670,,binding,11,17=27,27,test,F2,27,13.585829257965088,reversed_predicate_control,1,27
1,F2:test:348,,binding,11,27=22,22,test,F2,22,12.129553318023682,canonical_predicate_control,1,22
1,F2:test:346,,binding,11,24=21,21,test,F2,21,10.45035457611084,canonical_predicate_control,1,21
1,F2:test:601,symbol_mismatch,failure,11,,28,test,F2,28,12.161506175994873,reversed_functor_control,1,28
1,F2:test:384,,binding,11,26=16,16,test,F2,16,8.505073547363281,canonical_functor_control,1,16
1,F2:test:721,symbol_mismatch,failure,11,,28,test,F2,28,12.305944442749023,canonical_predicate_control,1,28
1,F2:test:478,,binding,11,18=27,27,test,F2,27,11.048421382904053,reversed_predicate_control,1,27
1,F2:test:458,,binding,11,26=17,17,test,F2,17,9.558641910552979,reversed_predicate_control,1,17
1,F2:test:568,,binding,11,19=24,24,test,F2,24,11.784924983978271,reversed_predicate_control,1,24
1,F2:test:596,,binding,11,16=26,26,test,F2,26,11.0115966796875,canonical_functor_control,1,26
1,F2:test:726,,binding,11,20=19,19,test,F2,19,12.571519374847412,canonical_predicate_control,1,19
1,F2:test:409,symbol_mismatch,failure,11,,28,test,F2,28,11.995314121246338,reversed_functor_control,1,28
1,F2:test:5,symbol_mismatch,failure,11,,28,test,F2,28,11.163328647613525,canonical_functor_control,1,28
1,F2:test:717,symbol_mismatch,failure,11,,28,test,F2,28,11.604313850402832,reversed_functor_control,1,28
1,F2:test:692,,binding,11,27=26,26,test,F2,26,11.225571632385254,canonical_functor_control,1,26
1,F2:test:611,symbol_mismatch,failure,11,,28,test,F2,28,12.141624927520752,reversed_functor_control,1,28
1,F2:test:416,,binding,11,26=20,20,test,F2,20,8.987687587738037,reversed_functor_control,1,20
1,F2:test:423,symbol_mismatch,failure,11,,28,test,F2,28,11.185696601867676,reversed_functor_control,1,28
1,F2:test:320,,binding,11,27=20,20,test,F2,20,12.472259283065796,reversed_functor_control,1,20
1,F2:test:112,,binding,11,22=24,24,test,F2,24,8.214859962463379,canonical_functor_control,1,24
1,F2:test:105,symbol_mismatch,failure,11,,28,test,F2,28,11.670598983764648,canonical_functor_control,1,28
1,F2:test:68,,binding,11,19=26,26,test,F2,26,10.520721435546875,canonical_predicate_control,1,26
1,F2:test:765,symbol_mismatch,failure,11,,28,test,F2,28,10.787389755249023,reversed_predicate_control,1,28
1,F2:test:332,,binding,11,21=26,26,test,F2,26,11.059534549713135,reversed_functor_control,1,26
1,F2:test:117,symbol_mismatch,failure,11,,28,test,F2,28,12.035316467285156,canonical_functor_control,1,28
1,F2:test:440,,binding,11,26=20,20,test,F2,20,8.62380599975586,canonical_predicate_control,1,20
1,F2:test:595,symbol_mismatch,failure,11,,28,test,F2,28,11.137263298034668,canonical_functor_control,1,28
1,F2:test:218,,binding,11,22=17,17,test,F2,17,9.422637462615967,reversed_functor_control,1,17
1,F2:test:323,symbol_mismatch,failure,11,,28,test,F2,28,12.27786636352539,reversed_functor_control,1,28
1,F2:test:477,symbol_mismatch,failure,11,,28,test,F2,28,11.544795036315918,reversed_predicate_control,1,28
1,F2:test:452,,binding,11,24=26,26,test,F2,26,8.775662422180176,canonical_predicate_control,1,26
1,F2:test:514,,binding,11,22=21,21,test,F2,21,9.662225723266602,reversed_functor_control,1,21
1,F2:test:240,,binding,11,17=16,16,test,F2,16,8.791254043579102,canonical_predicate_control,1,16
1,F2:test:228,,binding,11,26=22,22,test,F2,22,10.220431804656982,reversed_functor_control,1,22
1,F2:test:178,,binding,11,19=21,21,test,F2,21,11.731156826019287,reversed_predicate_control,1,21
1,F2:test:607,symbol_mismatch,failure,11,,28,test,F2,28,11.057560920715332,reversed_functor_control,1,28
1,F2:test:744,,binding,11,26=16,16,test,F2,16,8.830095291137695,reversed_predicate_control,1,16
1,F2:test:139,symbol_mismatch,failure,11,,28,test,F2,28,10.976983070373535,reversed_functor_control,1,28
1,F2:test:419,symbol_mismatch,failure,11,,28,test,F2,28,12.665852546691895,reversed_functor_control,1,28
1,F2:test:481,symbol_mismatch,failure,11,,28,test,F2,28,13.659526348114014,canonical_functor_control,1,28
1,F2:test:149,symbol_mismatch,failure,11,,28,test,F2,28,11.634387969970703,canonical_predicate_control,1,28
1,F2:test:612,,binding,11,17=22,22,test,F2,22,10.361182689666748,reversed_functor_control,1,22
1,F2:test:71,symbol_mismatch,failure,11,,28,test,F2,28,12.493652820587158,canonical_predicate_control,1,28
1,F2:test:269,symbol_mismatch,failure,11,,28,test,F2,28,11.56300163269043,reversed_predicate_control,1,28
1,F2:test:474,,binding,11,21=25,25,test,F2,25,11.75916862487793,reversed_predicate_control,1,25
1,F2:test:76,,binding,11,25=18,18,test,F2,18,11.470821380615234,reversed_predicate_control,1,18
1,F2:test:341,symbol_mismatch,failure,11,,28,test,F2,28,11.630371570587158,canonical_predicate_control,1,28
1,F2:test:678,,binding,11,27=19,19,test,F2,19,12.587653160095215,canonical_functor_control,1,19
1,F2:test:381,symbol_mismatch,failure,11,,28,test,F2,28,11.109354019165039,reversed_predicate_control,1,28
1,F2:test:630,,binding,11,23=19,19,test,F2,19,9.879847049713135,canonical_predicate_control,1,19
1,F2:test:658,,binding,11,18=21,21,test,F2,21,9.986744403839111,reversed_predicate_control,1,21
1,F2:test:0,,binding,11,19=16,16,test,F2,16,9.590106010437012,canonical_functor_control,1,16
1,F2:test:517,symbol_mismatch,failure,11,,28,test,F2,28,12.336113452911377,reversed_functor_control,1,28
1,F2:test:376,,binding,11,19=24,24,test,F2,24,11.432788848876953,reversed_predicate_control,1,24
1,F2:test:88,,binding,11,19=24,24,test,F2,24,11.53865098953247,reversed_predicate_control,1,24
1,F2:test:100,,binding,11,25=18,18,test,F2,18,10.367035865783691,canonical_functor_control,1,18
1,F2:test:45,symbol_mismatch,failure,11,,28,test,F2,28,11.886205196380615,reversed_functor_control,1,28
1,F2:test:743,symbol_mismatch,failure,11,,28,test,F2,28,13.250351905822754,canonical_predicate_control,1,28
1,F2:test:131,symbol_mismatch,failure,11,,28,test,F2,28,11.370447635650635,reversed_functor_control,1,28
1,F2:test:521,symbol_mismatch,failure,11,,28,test,F2,28,11.817478656768799,reversed_functor_control,1,28
1,F2:test:110,,binding,11,19=23,23,test,F2,23,11.678847074508667,canonical_functor_control,1,23
1,F2:test:77,symbol_mismatch,failure,11,,28,test,F2,28,11.814846515655518,reversed_predicate_control,1,28
1,F2:test:378,,binding,11,18=25,25,test,F2,25,8.973868370056152,reversed_predicate_control,1,25
1,F2:test:157,symbol_mismatch,failure,11,,28,test,F2,28,11.714365005493164,canonical_predicate_control,1,28
1,F2:test:369,symbol_mismatch,failure,11,,28,test,F2,28,11.82545804977417,reversed_predicate_control,1,28
1,F2:test:333,symbol_mismatch,failure,11,,28,test,F2,28,11.009165287017822,reversed_functor_control,1,28
1,F2:test:640,,binding,11,16=24,24,test,F2,24,10.131397724151611,canonical_predicate_control,1,24
1,F2:test:498,,binding,11,17=25,25,test,F2,25,11.1239595413208,canonical_functor_control,1,25
1,F2:test:566,,binding,11,17=23,23,test,F2,23,10.43124771118164,reversed_predicate_control,1,23
1,F2:test:284,,binding,11,19=26,26,test,F2,26,10.21636152267456,reversed_predicate_control,1,26
1,F2:test:96,,binding,11,22=16,16,test,F2,16,10.87175178527832,canonical_functor_control,1,16
1,F2:test:315,symbol_mismatch,failure,11,,28,test,F2,28,10.979498386383057,reversed_functor_control,1,28
1,F2:test:230,,binding,11,26=23,23,test,F2,23,8.079052925109863,reversed_functor_control,1,23
1,F2:test:396,,binding,11,25=22,22,test,F2,22,14.839392185211182,canonical_functor_control,1,22
1,F2:test:368,,binding,11,25=20,20,test,F2,20,11.693026065826416,reversed_predicate_control,1,20
1,F2:test:439,symbol_mismatch,failure,11,,28,test,F2,28,11.365440368652344,canonical_predicate_control,1,28
1,F2:test:144,,binding,11,22=16,16,test,F2,16,10.899088859558105,canonical_predicate_control,1,16
1,F2:test:720,,binding,11,17=16,16,test,F2,16,8.606626510620117,canonical_predicate_control,1,16
1,F2:test:339,symbol_mismatch,failure,11,,28,test,F2,28,13.285672187805176,canonical_predicate_control,1,28
1,F2:test:360,,binding,11,21=16,16,test,F2,16,12.1950364112854,reversed_predicate_control,1,16
1,F2:test:48,,binding,11,20=16,16,test,F2,16,9.562759399414062,canonical_predicate_control,1,16
1,F2:test:533,symbol_mismatch,failure,11,,28,test,F2,28,10.825972557067871,canonical_predicate_control,1,28
1,F2:test:589,symbol_mismatch,failure,11,,28,test,F2,28,12.065721988677979,canonical_functor_control,1,28
1,F2:test:705,symbol_mismatch,failure,11,,28,test,F2,28,11.211394309997559,reversed_functor_control,1,28
1,F2:test:308,,binding,11,19=26,26,test,F2,26,10.680262088775635,canonical_functor_control,1,26
1,F2:test:99,symbol_mismatch,failure,11,,28,test,F2,28,11.922479629516602,canonical_functor_control,1,28
1,F2:test:66,,binding,11,22=25,25,test,F2,25,12.991856098175049,canonical_predicate_control,1,25
1,F2:test:550,,binding,11,24=27,27,test,F2,27,10.212220191955566,canonical_predicate_control,1,27
1,F2:test:437,symbol_mismatch,failure,11,,28,test,F2,28,11.784546375274658,canonical_predicate_control,1,28
1,F2:test:531,symbol_mismatch,failure,11,,28,test,F2,28,12.088744163513184,canonical_predicate_control,1,28
1,F2:test:93,symbol_mismatch,failure,11,,28,test,F2,28,11.42515754699707,reversed_predicate_control,1,28
1,F2:test:430,,binding,11,20=27,27,test,F2,27,12.368342399597168,reversed_functor_control,1,27
1,F2:test:687,symbol_mismatch,failure,11,,28,test,F2,28,10.749859809875488,canonical_functor_control,1,28
1,F2:test:278,,binding,11,20=23,23,test,F2,23,10.556653022766113,reversed_predicate_control,1,23
1,F2:test:366,,binding,11,21=19,19,test,F2,19,11.540559768676758,reversed_predicate_control,1,19
1,F2:test:365,symbol_mismatch,failure,11,,28,test,F2,28,12.284963607788086,reversed_predicate_control,1,28
1,F2:test:730,,binding,11,23=21,21,test,F2,21,11.442162036895752,canonical_predicate_control,1,21
1,F2:test:625,symbol_mismatch,failure,11,,28,test,F2,28,14.459444046020508,canonical_predicate_control,1,28
1,F2:test:729,symbol_mismatch,failure,11,,28,test,F2,28,12.027842044830322,canonical_predicate_control,1,28
1,F2:test:65,symbol_mismatch,failure,11,,28,test,F2,28,11.004026412963867,canonical_predicate_control,1,28
1,F2:test:671,symbol_mismatch,failure,11,,28,test,F2,28,11.953533172607422,reversed_predicate_control,1,28
1,F2:test:142,,binding,11,19=27,27,test,F2,27,11.831637382507324,reversed_functor_control,1,27
1,F2:test:8,,binding,11,22=20,20,test,F2,20,10.334901809692383,canonical_functor_control,1,20
1,F2:test:282,,binding,11,18=25,25,test,F2,25,8.939621925354004,reversed_predicate_control,1,25
1,F2:test:616,,binding,11,25=24,24,test,F2,24,10.963469505310059,reversed_functor_control,1,24
1,F2:test:205,symbol_mismatch,failure,11,,28,test,F2,28,11.706634521484375,canonical_functor_control,1,28
1,F2:test:32,,binding,11,26=20,20,test,F2,20,9.43260145187378,reversed_functor_control,1,20
1,F2:test:306,,binding,11,17=25,25,test,F2,25,11.11146354675293,canonical_functor_control,1,25
1,F2:test:513,symbol_mismatch,failure,11,,28,test,F2,28,11.95227336883545,reversed_functor_control,1,28
1,F2:test:628,,binding,11,17=18,18,test,F2,18,9.926206588745117,canonical_predicate_control,1,18
1,F2:test:746,,binding,11,27=17,17,test,F2,17,10.894845962524414,reversed_predicate_control,1,17
1,F2:test:273,symbol_mismatch,failure,11,,28,test,F2,28,11.473584175109863,reversed_predicate_control,1,28
1,F2:test:718,,binding,11,20=27,27,test,F2,27,11.945229530334473,reversed_functor_control,1,27
1,F2:test:520,,binding,11,21=24,24,test,F2,24,10.94935941696167,reversed_functor_control,1,24
1,F2:test:438,,binding,11,26=19,19,test,F2,19,10.430924892425537,canonical_predicate_control,1,19
1,F2:test:140,,binding,11,21=26,26,test,F2,26,11.167326927185059,reversed_functor_control,1,26
1,F2:test:326,,binding,11,24=23,23,test,F2,23,10.273155689239502,reversed_functor_control,1,23
1,F2:test:17,symbol_mismatch,failure,11,,28,test,F2,28,11.339574813842773,canonical_functor_control,1,28
1,F2:test:219,symbol_mismatch,failure,11,,28,test,F2,28,11.360848903656006,reversed_functor_control,1,28
1,F2:test:502,,binding,11,25=27,27,test,F2,27,10.491918563842773,canonical_functor_control,1,27
1,F2:test:277,symbol_mismatch,failure,11,,28,test,F2,28,12.383825302124023,reversed_predicate_control,1,28
1,F2:test:245,symbol_mismatch,failure,11,,28,test,F2,28,11.956698417663574,canonical_predicate_control,1,28
1,F2:test:242,,binding,11,26=17,17,test,F2,17,9.282914161682129,canonical_predicate_control,1,17
1,F2:test:593,symbol_mismatch,failure,11,,28,test,F2,28,10.70106029510498,canonical_functor_control,1,28
1,F2:test:64,,binding,11,20=24,24,test,F2,24,10.566588878631592,canonical_predicate_control,1,24
1,F2:test:735,symbol_mismatch,failure,11,,28,test,F2,28,12.294034957885742,canonical_predicate_control,1,28
1,F2:test:204,,binding,11,17=22,22,test,F2,22,13.237624645233154,canonical_functor_control,1,22
1,F2:test:448,,binding,11,26=24,24,test,F2,24,12.569574356079102,canonical_predicate_control,1,24
1,F2:test:516,,binding,11,21=22,22,test,F2,22,11.734204292297363,reversed_functor_control,1,22
1,F2:test:668,,binding,11,17=26,26,test,F2,26,10.992090702056885,reversed_predicate_control,1,26
1,F2:test:764,,binding,11,16=26,26,test,F2,26,11.162407875061035,reversed_predicate_control,1,26
1,F2:test:434,,binding,11,24=17,17,test,F2,17,8.377129077911377,canonical_predicate_control,1,17
1,F2:test:286,,binding,11,16=27,27,test,F2,27,10.316558361053467,reversed_predicate_control,1,27
1,F2:test:651,symbol_mismatch,failure,11,,28,test,F2,28,9.212116718292236,reversed_predicate_control,1,28
1,F2:test:604,,binding,11,27=18,18,test,F2,18,11.742060661315918,reversed_functor_control,1,18
1,F2:test:740,,binding,11,23=26,26,test,F2,26,10.21821117401123,canonical_predicate_control,1,26
1,F2:test:629,symbol_mismatch,failure,11,,28,test,F2,28,11.395023345947266,canonical_predicate_control,1,28
1,F2:test:189,symbol_mismatch,failure,11,,28,test,F2,28,11.681945323944092,reversed_predicate_control,1,28
1,F2:test:488,,binding,11,22=20,20,test,F2,20,10.35806131362915,canonical_functor_control,1,20
1,F2:test:36,,binding,11,19=22,22,test,F2,22,11.90965986251831,reversed_functor_control,1,22
1,F2:test:199,symbol_mismatch,failure,11,,28,test,F2,28,12.13782787322998,canonical_functor_control,1,28
1,F2:test:649,symbol_mismatch,failure,11,,28,test,F2,28,11.303712844848633,reversed_predicate_control,1,28
1,F2:test:551,symbol_mismatch,failure,11,,28,test,F2,28,13.166887283325195,canonical_predicate_control,1,28
1,F2:test:26,,binding,11,20=17,17,test,F2,17,9.53712511062622,reversed_functor_control,1,17
1,F2:test:75,symbol_mismatch,failure,11,,28,test,F2,28,9.616140842437744,reversed_predicate_control,1,28
1,F2:test:613,symbol_mismatch,failure,11,,28,test,F2,28,13.047742366790771,reversed_functor_control,1,28
1,F2:test:292,,binding,11,16=18,18,test,F2,18,10.288727760314941,canonical_functor_control,1,18
1,F2:test:675,symbol_mismatch,failure,11,,28,test,F2,28,11.009041786193848,canonical_functor_control,1,28
1,F2:test:120,,binding,11,22=16,16,test,F2,16,10.951510906219482,reversed_functor_control,1,16
1,F2:test:538,,binding,11,23=21,21,test,F2,21,11.490405559539795,canonical_predicate_control,1,21
1,F2:test:383,symbol_mismatch,failure,11,,28,test,F2,28,12.917886734008789,reversed_predicate_control,1,28
1,F2:test:274,,binding,11,16=21,21,test,F2,21,11.256223201751709,reversed_predicate_control,1,21
1,F2:test:401,symbol_mismatch,failure,11,,28,test,F2,28,11.77538776397705,canonical_functor_control,1,28
1,F2:test:532,,binding,11,16=18,18,test,F2,18,10.0357027053833,canonical_predicate_control,1,18
1,F2:test:597,symbol_mismatch,failure,11,,28,test,F2,28,11.372401237487793,canonical_functor_control,1,28
1,F2:test:444,,binding,11,27=22,22,test,F2,22,12.368606090545654,canonical_predicate_control,1,22
1,F2:test:79,symbol_mismatch,failure,11,,28,test,F2,28,10.826675415039062,reversed_predicate_control,1,28
1,F2:test:69,symbol_mismatch,failure,11,,28,test,F2,28,10.863614082336426,canonical_predicate_control,1,28
1,F2:test:665,symbol_mismatch,failure,11,,28,test,F2,28,11.234029769897461,reversed_predicate_control,1,28
1,F2:test:57,symbol_mismatch,failure,11,,28,test,F2,28,8.71076774597168,canonical_predicate_control,1,28
1,F2:test:623,symbol_mismatch,failure,11,,28,test,F2,28,12.118643283843994,reversed_functor_control,1,28
1,F2:test:147,symbol_mismatch,failure,11,,28,test,F2,28,12.615455150604248,canonical_predicate_control,1,28
1,F2:test:584,,binding,11,25=20,20,test,F2,20,11.749352931976318,canonical_functor_control,1,20
1,F2:test:56,,binding,11,22=20,20,test,F2,20,10.311148643493652,canonical_predicate_control,1,20
1,F2:test:749,symbol_mismatch,failure,11,,28,test,F2,28,11.026289939880371,reversed_predicate_control,1,28
1,F2:test:351,symbol_mismatch,failure,11,,28,test,F2,28,9.904566764831543,canonical_predicate_control,1,28
1,F2:test:447,symbol_mismatch,failure,11,,28,test,F2,28,11.787314891815186,canonical_predicate_control,1,28
1,F2:test:343,symbol_mismatch,failure,11,,28,test,F2,28,11.028246879577637,canonical_predicate_control,1,28
1,F2:test:653,symbol_mismatch,failure,11,,28,test,F2,28,11.82941722869873,reversed_predicate_control,1,28
1,F2:test:253,symbol_mismatch,failure,11,,28,test,F2,28,12.488878726959229,canonical_predicate_control,1,28
1,F2:test:719,symbol_mismatch,failure,11,,28,test,F2,28,12.512540340423584,reversed_functor_control,1,28
1,F2:test:731,symbol_mismatch,failure,11,,28,test,F2,28,11.911781787872314,canonical_predicate_control,1,28
1,F2:test:592,,binding,11,25=24,24,test,F2,24,11.608634948730469,canonical_functor_control,1,24
1,F2:test:426,,binding,11,21=25,25,test,F2,25,11.737735271453857,reversed_functor_control,1,25
1,F2:test:698,,binding,11,27=17,17,test,F2,17,11.118984699249268,reversed_functor_control,1,17
1,F2:test:373,symbol_mismatch,failure,11,,28,test,F2,28,12.123930931091309,reversed_predicate_control,1,28
1,F2:test:7,symbol_mismatch,failure,11,,28,test,F2,28,11.51663589477539,canonical_functor_control,1,28
1,F2:test:175,symbol_mismatch,failure,11,,28,test,F2,28,9.235640525817871,reversed_predicate_control,1,28
1,F2:test:554,,binding,11,19=17,17,test,F2,17,10.591378211975098,reversed_predicate_control,1,17
1,F2:test:4,,binding,11,24=18,18,test,F2,18,9.463577270507812,canonical_functor_control,1,18
1,F2:test:374,,binding,11,18=23,23,test,F2,23,12.275521755218506,reversed_predicate_control,1,23
1,F2:test:86,,binding,11,24=23,23,test,F2,23,9.901148319244385,reversed_predicate_control,1,23
1,F2:test:558,,binding,11,16=19,19,test,F2,19,11.616210460662842,reversed_predicate_control,1,19
1,F2:test:661,symbol_mismatch,failure,11,,28,test,F2,28,13.010991096496582,reversed_predicate_control,1,28
1,F2:test:128,,binding,11,23=20,20,test,F2,20,12.140056133270264,reversed_functor_control,1,20
1,F2:test:194,,binding,11,26=17,17,test,F2,17,8.698285102844238,canonical_functor_control,1,17
1,F2:test:260,,binding,11,16=26,26,test,F2,26,10.953451156616211,canonical_predicate_control,1,26
1,F2:test:392,,binding,11,18=20,20,test,F2,20,12.852107048034668,canonical_functor_control,1,20
1,F2:test:123,symbol_mismatch,failure,11,,28,test,F2,28,11.50783395767212,reversed_functor_control,1,28
1,F2:test:136,,binding,11,22=24,24,test,F2,24,8.11026668548584,reversed_functor_control,1,24
1,F2:test:309,symbol_mismatch,failure,11,,28,test,F2,28,10.977648735046387,canonical_functor_control,1,28
1,F2:test:388,,binding,11,27=18,18,test,F2,18,11.250622749328613,canonical_functor_control,1,18
1,F2:test:659,symbol_mismatch,failure,11,,28,test,F2,28,12.641656875610352,reversed_predicate_control,1,28
1,F2:test:166,,binding,11,24=27,27,test,F2,27,9.917969703674316,canonical_predicate_control,1,27
1,F2:test:280,,binding,11,26=24,24,test,F2,24,12.86512041091919,reversed_predicate_control,1,24
1,F2:test:276,,binding,11,17=22,22,test,F2,22,10.159947395324707,reversed_predicate_control,1,22
1,F2:test:133,symbol_mismatch,failure,11,,28,test,F2,28,12.370664596557617,reversed_functor_control,1,28
1,F2:test:463,symbol_mismatch,failure,11,,28,test,F2,28,11.529704093933105,reversed_predicate_control,1,28
1,F2:test:84,,binding,11,17=22,22,test,F2,22,10.027173042297363,reversed_predicate_control,1,22
1,F2:test:283,symbol_mismatch,failure,11,,28,test,F2,28,12.513108253479004,reversed_predicate_control,1,28
1,F2:test:600,,binding,11,26=16,16,test,F2,16,9.359901428222656,reversed_functor_control,1,16
1,F2:test:575,symbol_mismatch,failure,11,,28,test,F2,28,12.212261199951172,reversed_predicate_control,1,28
1,F2:test:191,symbol_mismatch,failure,11,,28,test,F2,28,12.595339298248291,reversed_predicate_control,1,28
1,F2:test:229,symbol_mismatch,failure,11,,28,test,F2,28,12.345478057861328,reversed_functor_control,1,28
1,F2:test:745,symbol_mismatch,failure,11,,28,test,F2,28,12.31054401397705,reversed_predicate_control,1,28
1,F2:test:62,,binding,11,20=23,23,test,F2,23,10.341460704803467,canonical_predicate_control,1,23
1,F2:test:666,,binding,11,23=25,25,test,F2,25,10.536126136779785,reversed_predicate_control,1,25
1,F2:test:148,,binding,11,19=18,18,test,F2,18,11.076653957366943,canonical_predicate_control,1,18
1,F2:test:483,symbol_mismatch,failure,11,,28,test,F2,28,11.1526780128479,canonical_functor_control,1,28
1,F2:test:121,symbol_mismatch,failure,11,,28,test,F2,28,12.358875751495361,reversed_functor_control,1,28
1,F2:test:537,symbol_mismatch,failure,11,,28,test,F2,28,11.669761657714844,canonical_predicate_control,1,28
1,F2:test:101,symbol_mismatch,failure,11,,28,test,F2,28,11.254150390625,canonical_functor_control,1,28
1,F2:test:620,,binding,11,24=26,26,test,F2,26,8.375834941864014,reversed_functor_control,1,26
1,F2:test:51,symbol_mismatch,failure,11,,28,test,F2,28,11.951733112335205,canonical_predicate_control,1,28
1,F2:test:176,,binding,11,27=20,20,test,F2,20,12.600013494491577,reversed_predicate_control,1,20
1,F2:test:485,symbol_mismatch,failure,11,,28,test,F2,28,12.340644359588623,canonical_functor_control,1,28
1,F2:test:297,symbol_mismatch,failure,11,,28,test,F2,28,11.748788833618164,canonical_functor_control,1,28
1,F2:test:713,symbol_mismatch,failure,11,,28,test,F2,28,11.62830924987793,reversed_functor_control,1,28
1,F2:test:716,,binding,11,16=26,26,test,F2,26,11.317631244659424,reversed_functor_control,1,26
1,F2:test:598,,binding,11,20=27,27,test,F2,27,11.559647560119629,canonical_functor_control,1,27
1,F2:test:539,symbol_mismatch,failure,11,,28,test,F2,28,12.675915718078613,canonical_predicate_control,1,28
1,F2:test:594,,binding,11,18=25,25,test,F2,25,9.029247283935547,canonical_functor_control,1,25
1,F2:test:645,symbol_mismatch,failure,11,,28,test,F2,28,11.257518291473389,canonical_predicate_control,1,28
1,F2:test:689,symbol_mismatch,failure,11,,28,test,F2,28,11.463021278381348,canonical_functor_control,1,28
1,F2:test:344,,binding,11,24=20,20,test,F2,20,9.554444789886475,canonical_predicate_control,1,20
1,F2:test:281,symbol_mismatch,failure,11,,28,test,F2,28,11.104653358459473,reversed_predicate_control,1,28
1,F2:test:548,,binding,11,20=26,26,test,F2,26,11.447511196136475,canonical_predicate_control,1,26
1,F2:test:643,symbol_mismatch,failure,11,,28,test,F2,28,11.765345096588135,canonical_predicate_control,1,28
1,F2:test:298,,binding,11,26=21,21,test,F2,21,9.045650482177734,canonical_functor_control,1,21
1,F2:test:182,,binding,11,24=23,23,test,F2,23,9.986544132232666,reversed_predicate_control,1,23
1,F2:test:535,symbol_mismatch,failure,11,,28,test,F2,28,11.07657527923584,canonical_predicate_control,1,28
1,F2:test:262,,binding,11,17=27,27,test,F2,27,13.368937969207764,canonical_predicate_control,1,27
1,F2:test:317,symbol_mismatch,failure,11,,28,test,F2,28,11.37121295928955,reversed_functor_control,1,28
1,F2:test:410,,binding,11,20=17,17,test,F2,17,9.963923931121826,reversed_functor_control,1,17
1,F2:test:549,symbol_mismatch,failure,11,,28,test,F2,28,11.633909225463867,canonical_predicate_control,1,28
1,F2:test:125,symbol_mismatch,failure,11,,28,test,F2,28,11.023168563842773,reversed_functor_control,1,28
1,F2:test:704,,binding,11,26=20,20,test,F2,20,9.072562217712402,reversed_functor_control,1,20
1,F2:test:254,,binding,11,25=23,23,test,F2,23,10.986200332641602,canonical_predicate_control,1,23
1,F2:test:714,,binding,11,19=25,25,test,F2,25,9.978613376617432,reversed_functor_control,1,25
1,F2:test:114,,binding,11,24=25,25,test,F2,25,11.570060729980469,canonical_functor_control,1,25
1,F2:test:433,symbol_mismatch,failure,11,,28,test,F2,28,14.142541408538818,canonical_predicate_control,1,28
1,F2:test:519,symbol_mismatch,failure,11,,28,test,F2,28,10.996141910552979,reversed_functor_control,1,28
1,F2:test:236,,binding,11,24=26,26,test,F2,26,8.375834941864014,reversed_functor_control,1,26
1,F2:test:310,,binding,11,17=27,27,test,F2,27,13.24222469329834,canonical_functor_control,1,27
1,F2:test:387,symbol_mismatch,failure,11,,28,test,F2,28,11.343135356903076,canonical_functor_control,1,28
1,F2:test:173,symbol_mismatch,failure,11,,28,test,F2,28,10.159079551696777,reversed_predicate_control,1,28
1,F2:test:501,symbol_mismatch,failure,11,,28,test,F2,28,11.746853828430176,canonical_functor_control,1,28
1,F2:test:580,,binding,11,23=18,18,test,F2,18,12.913833141326904,canonical_functor_control,1,18
1,F2:test:679,symbol_mismatch,failure,11,,28,test,F2,28,11.785252571105957,canonical_functor_control,1,28
1,F2:test:715,symbol_mismatch,failure,11,,28,test,F2,28,11.990429878234863,reversed_functor_control,1,28
1,F2:test:355,symbol_mismatch,failure,11,,28,test,F2,28,11.32801628112793,canonical_predicate_control,1,28
1,F2:test:237,symbol_mismatch,failure,11,,28,test,F2,28,11.590707778930664,reversed_functor_control,1,28
1,F2:test:137,symbol_mismatch,failure,11,,28,test,F2,28,11.100111484527588,reversed_functor_control,1,28
1,F2:test:42,,binding,11,20=25,25,test,F2,25,11.32472276687622,reversed_functor_control,1,25
1,F2:test:358,,binding,11,18=27,27,test,F2,27,10.500275135040283,canonical_predicate_control,1,27
1,F2:test:540,,binding,11,23=22,22,test,F2,22,12.468047618865967,canonical_predicate_control,1,22
1,F2:test:660,,binding,11,21=22,22,test,F2,22,11.96782922744751,reversed_predicate_control,1,22
1,F2:test:626,,binding,11,18=17,17,test,F2,17,10.658370018005371,canonical_predicate_control,1,17
1,F2:test:496,,binding,11,26=24,24,test,F2,24,12.608977317810059,canonical_functor_control,1,24
1,F2:test:34,,binding,11,26=21,21,test,F2,21,10.507949829101562,reversed_functor_control,1,21
1,F2:test:98,,binding,11,16=17,17,test,F2,17,11.626070499420166,canonical_functor_control,1,17
1,F2:test:129,symbol_mismatch,failure,11,,28,test,F2,28,11.545960426330566,reversed_functor_control,1,28
1,F2:test:250,,binding,11,26=21,21,test,F2,21,9.045650482177734,canonical_predicate_control,1,21
1,F2:test:694,,binding,11,21=27,27,test,F2,27,11.08306884765625,canonical_functor_control,1,27
1,F2:test:650,,binding,11,20=17,17,test,F2,17,9.614346027374268,reversed_predicate_control,1,17
1,F2:test:564,,binding,11,23=22,22,test,F2,22,11.962902069091797,reversed_predicate_control,1,22
1,F2:test:124,,binding,11,20=18,18,test,F2,18,11.050755023956299,reversed_functor_control,1,18
1,F2:test:347,symbol_mismatch,failure,11,,28,test,F2,28,13.112832069396973,canonical_predicate_control,1,28
1,F2:test:293,symbol_mismatch,failure,11,,28,test,F2,28,11.939236640930176,canonical_functor_control,1,28
1,F2:test:122,,binding,11,27=17,17,test,F2,17,10.586623668670654,reversed_functor_control,1,17
1,F2:test:318,,binding,11,22=19,19,test,F2,19,10.847792625427246,reversed_functor_control,1,19
1,F2:test:291,symbol_mismatch,failure,11,,28,test,F2,28,10.966341972351074,canonical_functor_control,1,28
1,F2:test:390,,binding,11,17=19,19,test,F2,19,12.787100791931152,canonical_functor_control,1,19
1,F2:test:750,,binding,11,21=19,19,test,F2,19,10.069330215454102,reversed_predicate_control,1,19
1,F2:test:696,,binding,11,24=16,16,test,F2,16,11.658849716186523,reversed_functor_control,1,16
1,F2:test:552,,binding,11,18=16,16,test,F2,16,9.455450057983398,reversed_predicate_control,1,16
1,F2:test:466,,binding,11,16=21,21,test,F2,21,11.489614009857178,reversed_predicate_control,1,21
1,F2:test:60,,binding,11,19=22,22,test,F2,22,12.50152587890625,canonical_predicate_control,1,22
1,F2:test:331,symbol_mismatch,failure,11,,28,test,F2,28,11.369368553161621,reversed_functor_control,1,28
1,F2:test:497,symbol_mismatch,failure,11,,28,test,F2,28,11.631017208099365,canonical_functor_control,1,28
1,F2:test:642,,binding,11,24=25,25,test,F2,25,11.636303901672363,canonical_predicate_control,1,25
1,F2:test:258,,binding,11,27=25,25,test,F2,25,11.459466934204102,canonical_predicate_control,1,25
1,F2:test:455,symbol_mismatch,failure,11,,28,test,F2,28,13.786657333374023,canonical_predicate_control,1,28
1,F2:test:243,symbol_mismatch,failure,11,,28,test,F2,28,11.723289489746094,canonical_predicate_control,1,28
1,F2:test:573,symbol_mismatch,failure,11,,28,test,F2,28,12.180480480194092,reversed_predicate_control,1,28
1,F2:test:734,,binding,11,16=23,23,test,F2,23,11.188332557678223,canonical_predicate_control,1,23
1,F2:test:275,symbol_mismatch,failure,11,,28,test,F2,28,12.9210524559021,reversed_predicate_control,1,28
1,F2:test:197,symbol_mismatch,failure,11,,28,test,F2,28,11.37593698501587,canonical_functor_control,1,28
1,F2:test:544,,binding,11,20=24,24,test,F2,24,10.26318883895874,canonical_predicate_control,1,24
1,F2:test:357,symbol_mismatch,failure,11,,28,test,F2,28,9.901106834411621,canonical_predicate_control,1,28
1,F2:test:543,symbol_mismatch,failure,11,,28,test,F2,28,11.678398132324219,canonical_predicate_control,1,28
1,F2:test:89,symbol_mismatch,failure,11,,28,test,F2,28,11.830325603485107,reversed_predicate_control,1,28
1,F2:test:615,symbol_mismatch,failure,11,,28,test,F2,28,10.87623405456543,reversed_functor_control,1,28
1,F2:test:184,,binding,11,26=24,24,test,F2,24,13.129137516021729,reversed_predicate_control,1,24
1,F2:test:47,symbol_mismatch,failure,11,,28,test,F2,28,12.440765857696533,reversed_functor_control,1,28
1,F2:test:712,,binding,11,20=24,24,test,F2,24,9.841917037963867,reversed_functor_control,1,24
1,F2:test:739,symbol_mismatch,failure,11,,28,test,F2,28,13.0782151222229,canonical_predicate_control,1,28
1,F2:test:446,,binding,11,18=23,23,test,F2,23,12.605850219726562,canonical_predicate_control,1,23
1,F2:test:414,,binding,11,22=19,19,test,F2,19,11.090732097625732,reversed_functor_control,1,19
1,F2:test:486,,binding,11,24=19,19,test,F2,19,10.232391357421875,canonical_functor_control,1,19
1,F2:test:567,symbol_mismatch,failure,11,,28,test,F2,28,10.856827735900879,reversed_predicate_control,1,28
1,F2:test:190,,binding,11,22=27,27,test,F2,27,11.192599296569824,reversed_predicate_control,1,27
1,F2:test:328,,binding,11,19=24,24,test,F2,24,11.661520004272461,reversed_functor_control,1,24
1,F2:test:722,,binding,11,24=17,17,test,F2,17,8.95463752746582,canonical_predicate_control,1,17
1,F2:test:473,symbol_mismatch,failure,11,,28,test,F2,28,12.116206169128418,reversed_predicate_control,1,28
1,F2:test:170,,binding,11,20=17,17,test,F2,17,9.712263584136963,reversed_predicate_control,1,17
1,F2:test:82,,binding,11,23=21,21,test,F2,21,12.377859354019165,reversed_predicate_control,1,21
1,F2:test:421,symbol_mismatch,failure,11,,28,test,F2,28,12.41812801361084,reversed_functor_control,1,28
1,F2:test:528,,binding,11,21=16,16,test,F2,16,11.699392795562744,canonical_predicate_control,1,16
1,F2:test:453,symbol_mismatch,failure,11,,28,test,F2,28,10.62480354309082,canonical_predicate_control,1,28
1,F2:test:386,,binding,11,20=17,17,test,F2,17,9.532225131988525,canonical_functor_control,1,17
1,F2:test:529,symbol_mismatch,failure,11,,28,test,F2,28,12.48392105102539,canonical_predicate_control,1,28
1,F2:test:74,,binding,11,19=17,17,test,F2,17,10.979257106781006,reversed_predicate_control,1,17
1,F2:test:303,symbol_mismatch,failure,11,,28,test,F2,28,11.28120470046997,canonical_functor_control,1,28
1,F2:test:588,,binding,11,24=22,22,test,F2,22,10.591550350189209,canonical_functor_control,1,22
1,F2:test:509,symbol_mismatch,failure,11,,28,test,F2,28,12.030295848846436,reversed_functor_control,1,28
1,F2:test:362,,binding,11,18=17,17,test,F2,17,11.077363967895508,reversed_predicate_control,1,17
1,F2:test:415,symbol_mismatch,failure,11,,28,test,F2,28,11.539851188659668,reversed_functor_control,1,28
1,F2:test:246,,binding,11,27=19,19,test,F2,19,11.64394474029541,canonical_predicate_control,1,19
1,F2:test:352,,binding,11,16=24,24,test,F2,24,10.558137893676758,canonical_predicate_control,1,24
1,F2:test:63,symbol_mismatch,failure,11,,28,test,F2,28,11.635125637054443,canonical_predicate_control,1,28
1,F2:test:248,,binding,11,21=20,20,test,F2,20,13.205328941345215,canonical_predicate_control,1,20
1,F2:test:503,symbol_mismatch,failure,11,,28,test,F2,28,11.5803861618042,canonical_functor_control,1,28
1,F2:test:417,symbol_mismatch,failure,11,,28,test,F2,28,11.82140588760376,reversed_functor_control,1,28
1,F2:test:420,,binding,11,18=22,22,test,F2,22,12.01358413696289,reversed_functor_control,1,22
1,F2:test:279,symbol_mismatch,failure,11,,28,test,F2,28,11.532013416290283,reversed_predicate_control,1,28
1,F2:test:23,symbol_mismatch,failure,11,,28,test,F2,28,13.056941032409668,canonical_functor_control,1,28
1,F2:test:648,,binding,11,25=16,16,test,F2,16,9.783747673034668,reversed_predicate_control,1,16
1,F2:test:336,,binding,11,23=16,16,test,F2,16,10.419731140136719,canonical_predicate_control,1,16
1,F2:test:522,,binding,11,24=25,25,test,F2,25,11.371490955352783,reversed_functor_control,1,25
1,F2:test:211,symbol_mismatch,failure,11,,28,test,F2,28,11.342631340026855,canonical_functor_control,1,28
1,F2:test:290,,binding,11,19=17,17,test,F2,17,10.587459564208984,canonical_functor_control,1,17
1,F2:test:235,symbol_mismatch,failure,11,,28,test,F2,28,12.33565092086792,reversed_functor_control,1,28
1,F2:test:484,,binding,11,19=18,18,test,F2,18,11.110979080200195,canonical_functor_control,1,18
1,F2:test:9,symbol_mismatch,failure,11,,28,test,F2,28,12.302706241607666,canonical_functor_control,1,28
1,F2:test:489,symbol_mismatch,failure,11,,28,test,F2,28,12.440127849578857,canonical_functor_control,1,28
1,F2:test:37,symbol_mismatch,failure,11,,28,test,F2,28,12.207740306854248,reversed_functor_control,1,28
1,F2:test:12,,binding,11,27=22,22,test,F2,22,12.576908588409424,canonical_functor_control,1,22
1,F2:test:46,,binding,11,24=27,27,test,F2,27,9.82876205444336,reversed_functor_control,1,27
1,F2:test:432,,binding,11,26=16,16,test,F2,16,9.680314064025879,canonical_predicate_control,1,16
1,F2:test:314,,binding,11,16=17,17,test,F2,17,11.90846872329712,reversed_functor_control,1,17
1,F2:test:372,,binding,11,16=22,22,test,F2,22,11.768329620361328,reversed_predicate_control,1,22
1,F2:test:288,,binding,11,19=16,16,test,F2,16,9.738286972045898,canonical_functor_control,1,16
1,F2:test:621,symbol_mismatch,failure,11,,28,test,F2,28,10.560365676879883,reversed_functor_control,1,28
1,F2:test:684,,binding,11,23=22,22,test,F2,22,12.091179847717285,canonical_functor_control,1,22
1,F2:test:212,,binding,11,21=26,26,test,F2,26,11.849645614624023,canonical_functor_control,1,26
1,F2:test:385,symbol_mismatch,failure,11,,28,test,F2,28,11.318845272064209,canonical_functor_control,1,28
1,F2:test:733,symbol_mismatch,failure,11,,28,test,F2,28,10.61732816696167,canonical_predicate_control,1,28
1,F2:test:693,symbol_mismatch,failure,11,,28,test,F2,28,11.643126010894775,canonical_functor_control,1,28
1,F2:test:264,,binding,11,17=16,16,test,F2,16,10.206698417663574,reversed_predicate_control,1,16
1,F2:test:394,,binding,11,20=21,21,test,F2,21,9.261127948760986,canonical_functor_control,1,21
1,F2:test:168,,binding,11,19=16,16,test,F2,16,9.672767639160156,reversed_predicate_control,1,16
1,F2:test:345,symbol_mismatch,failure,11,,28,test,F2,28,10.75705862045288,canonical_predicate_control,1,28
1,F2:test:28,,binding,11,22=18,18,test,F2,18,11.192440032958984,reversed_functor_control,1,18
1,F2:test:377,symbol_mismatch,failure,11,,28,test,F2,28,11.831669807434082,reversed_predicate_control,1,28
1,F2:test:185,symbol_mismatch,failure,11,,28,test,F2,28,12.276270866394043,reversed_predicate_control,1,28
1,F2:test:541,symbol_mismatch,failure,11,,28,test,F2,28,11.476351261138916,canonical_predicate_control,1,28
1,F2:test:167,symbol_mismatch,failure,11,,28,test,F2,28,13.234576225280762,canonical_predicate_control,1,28
1,F2:test:109,symbol_mismatch,failure,11,,28,test,F2,28,11.902228832244873,canonical_functor_control,1,28
1,F2:test:524,,binding,11,18=26,26,test,F2,26,11.22545337677002,reversed_functor_control,1,26
1,F2:test:361,symbol_mismatch,failure,11,,28,test,F2,28,12.922264099121094,reversed_predicate_control,1,28
1,F2:test:43,symbol_mismatch,failure,11,,28,test,F2,28,11.954741477966309,reversed_functor_control,1,28
1,F2:test:95,symbol_mismatch,failure,11,,28,test,F2,28,12.857029914855957,reversed_predicate_control,1,28
1,F2:test:58,,binding,11,26=21,21,test,F2,21,10.60523271560669,canonical_predicate_control,1,21
1,F2:test:239,symbol_mismatch,failure,11,,28,test,F2,28,12.166414737701416,reversed_functor_control,1,28
1,F2:test:14,,binding,11,17=23,23,test,F2,23,11.419341087341309,canonical_functor_control,1,23
1,F2:test:686,,binding,11,24=23,23,test,F2,23,10.24630880355835,canonical_functor_control,1,23
1,F2:test:449,symbol_mismatch,failure,11,,28,test,F2,28,12.820661067962646,canonical_predicate_control,1,28
1,F2:test:563,symbol_mismatch,failure,11,,28,test,F2,28,12.7865571975708,reversed_predicate_control,1,28
1,F2:test:500,,binding,11,16=26,26,test,F2,26,10.88238525390625,canonical_functor_control,1,26
1,F2:test:266,,binding,11,27=17,17,test,F2,17,10.80487585067749,reversed_predicate_control,1,17
1,F2:test:654,,binding,11,21=19,19,test,F2,19,9.792620182037354,reversed_predicate_control,1,19
1,F2:test:215,symbol_mismatch,failure,11,,28,test,F2,28,13.52121353149414,canonical_functor_control,1,28
1,F2:test:21,symbol_mismatch,failure,11,,28,test,F2,28,11.771727561950684,canonical_functor_control,1,28
1,F2:test:469,symbol_mismatch,failure,11,,28,test,F2,28,11.54521369934082,reversed_predicate_control,1,28
1,F2:test:221,symbol_mismatch,failure,11,,28,test,F2,28,11.536836624145508,reversed_functor_control,1,28
1,F2:test:622,,binding,11,25=27,27,test,F2,27,12.076026916503906,reversed_functor_control,1,27
1,F2:test:603,symbol_mismatch,failure,11,,28,test,F2,28,11.001805782318115,reversed_functor_control,1,28
1,F2:test:644,,binding,11,19=26,26,test,F2,26,10.614991188049316,canonical_predicate_control,1,26
1,F2:test:636,,binding,11,19=22,22,test,F2,22,12.963775157928467,canonical_predicate_control,1,22
1,F2:test:50,,binding,11,18=17,17,test,F2,17,10.307920932769775,canonical_predicate_control,1,17
1,F2:test:164,,binding,11,22=26,26,test,F2,26,9.486087799072266,canonical_predicate_control,1,26
1,F2:test:299,symbol_mismatch,failure,11,,28,test,F2,28,12.427061557769775,canonical_functor_control,1,28
1,F2:test:617,symbol_mismatch,failure,11,,28,test,F2,28,11.854663848876953,reversed_functor_control,1,28
1,F2:test:259,symbol_mismatch,failure,11,,28,test,F2,28,12.387150764465332,canonical_predicate_control,1,28
1,F2:test:364,,binding,11,25=18,18,test,F2,18,10.99180555343628,reversed_predicate_control,1,18
1,F2:test:207,symbol_mismatch,failure,11,,28,test,F2,28,10.55359172821045,canonical_functor_control,1,28
1,F2:test:30,,binding,11,17=19,19,test,F2,19,12.517240524291992,reversed_functor_control,1,19
1,F2:test:265,symbol_mismatch,failure,11,,28,test,F2,28,12.22109079360962,reversed_predicate_control,1,28
1,F2:test:709,symbol_mismatch,failure,11,,28,test,F2,28,12.133371829986572,reversed_functor_control,1,28
1,F2:test:591,symbol_mismatch,failure,11,,28,test,F2,28,11.621155261993408,canonical_functor_control,1,28
1,F2:test:379,symbol_mismatch,failure,11,,28,test,F2,28,12.632371425628662,reversed_predicate_control,1,28
1,F2:test:337,symbol_mismatch,failure,11,,28,test,F2,28,11.168300151824951,canonical_predicate_control,1,28
1,F2:test:6,,binding,11,27=19,19,test,F2,19,11.95201826095581,canonical_functor_control,1,19
1,F2:test:340,,binding,11,25=18,18,test,F2,18,11.024970054626465,canonical_predicate_control,1,18
1,F2:test:711,symbol_mismatch,failure,11,,28,test,F2,28,10.965337753295898,reversed_functor_control,1,28
1,F2:test:635,symbol_mismatch,failure,11,,28,test,F2,28,13.008068084716797,canonical_predicate_control,1,28
1,F2:test:118,,binding,11,18=27,27,test,F2,27,10.682376861572266,canonical_functor_control,1,27
1,F2:test:238,,binding,11,18=27,27,test,F2,27,11.052109241485596,reversed_functor_control,1,27
1,F2:test:553,symbol_mismatch,failure,11,,28,test,F2,28,12.01019287109375,reversed_predicate_control,1,28
1,F2:test:482,,binding,11,16=17,17,test,F2,17,11.559415340423584,canonical_functor_control,1,17
1,F2:test:454,,binding,11,20=27,27,test,F2,27,11.815629959106445,canonical_predicate_control,1,27
1,F2:test:80,,binding,11,23=20,20,test,F2,20,12.165837287902832,reversed_predicate_control,1,20
1,F2:test:255,symbol_mismatch,failure,11,,28,test,F2,28,11.384764194488525,canonical_predicate_control,1,28
1,F2:test:59,symbol_mismatch,failure,11,,28,test,F2,28,12.621574878692627,canonical_predicate_control,1,28
1,F2:test:92,,binding,11,21=26,26,test,F2,26,11.103789806365967,reversed_predicate_control,1,26
1,F2:test:73,symbol_mismatch,failure,11,,28,test,F2,28,12.022289752960205,reversed_predicate_control,1,28
1,F2:test:652,,binding,11,16=18,18,test,F2,18,9.990273475646973,reversed_predicate_control,1,18
1,F2:test:707,symbol_mismatch,failure,11,,28,test,F2,28,12.762552738189697,reversed_functor_control,1,28
1,F2:test:599,symbol_mismatch,failure,11,,28,test,F2,28,12.49780797958374,canonical_functor_control,1,28
1,F2:test:462,,binding,11,22=19,19,test,F2,19,11.142160415649414,reversed_predicate_control,1,19
1,F2:test:590,,binding,11,20=23,23,test,F2,23,10.423111915588379,canonical_functor_control,1,23
1,F2:test:311,symbol_mismatch,failure,11,,28,test,F2,28,12.9984130859375,canonical_functor_control,1,28
1,F2:test:542,,binding,11,18=23,23,test,F2,23,12.438068866729736,canonical_predicate_control,1,23
1,F2:test:683,symbol_mismatch,failure,11,,28,test,F2,28,12.295819759368896,canonical_functor_control,1,28
1,F2:test:706,,binding,11,26=21,21,test,F2,21,11.49184513092041,reversed_functor_control,1,21
1,F2:test:27,symbol_mismatch,failure,11,,28,test,F2,28,11.057762145996094,reversed_functor_control,1,28
1,F2:test:94,,binding,11,21=27,27,test,F2,27,10.934862613677979,reversed_predicate_control,1,27
1,F2:test:327,symbol_mismatch,failure,11,,28,test,F2,28,10.989394187927246,reversed_functor_control,1,28
1,F2:test:766,,binding,11,26=27,27,test,F2,27,9.790263175964355,reversed_predicate_control,1,27
1,F2:test:582,,binding,11,26=19,19,test,F2,19,9.893959999084473,canonical_functor_control,1,19
1,F2:test:641,symbol_mismatch,failure,11,,28,test,F2,28,11.57803201675415,canonical_predicate_control,1,28
1,F2:test:216,,binding,11,22=16,16,test,F2,16,11.503657341003418,reversed_functor_control,1,16
1,F2:test:55,symbol_mismatch,failure,11,,28,test,F2,28,11.041172981262207,canonical_predicate_control,1,28
1,F2:test:257,symbol_mismatch,failure,11,,28,test,F2,28,12.289443492889404,canonical_predicate_control,1,28
1,F2:test:397,symbol_mismatch,failure,11,,28,test,F2,28,11.757861137390137,canonical_functor_control,1,28
1,F2:test:491,symbol_mismatch,failure,11,,28,test,F2,28,12.603250503540039,canonical_functor_control,1,28
1,F2:test:570,,binding,11,26=25,25,test,F2,25,10.903444766998291,reversed_predicate_control,1,25
1,F2:test:108,,binding,11,19=22,22,test,F2,22,12.638855457305908,canonical_functor_control,1,22
1,F2:test:363,symbol_mismatch,failure,11,,28,test,F2,28,12.432936191558838,reversed_predicate_control,1,28
1,F2:test:67,symbol_mismatch,failure,11,,28,test,F2,28,12.147632122039795,canonical_predicate_control,1,28
1,F2:test:40,,binding,11,20=24,24,test,F2,24,10.27291488647461,reversed_functor_control,1,24
1,F2:test:413,symbol_mismatch,failure,11,,28,test,F2,28,11.975183010101318,reversed_functor_control,1,28
1,F2:test:647,symbol_mismatch,failure,11,,28,test,F2,28,13.197540283203125,canonical_predicate_control,1,28
1,F2:test:289,symbol_mismatch,failure,11,,28,test,F2,28,13.033963680267334,canonical_functor_control,1,28
1,F2:test:759,symbol_mismatch,failure,11,,28,test,F2,28,11.028694152832031,reversed_predicate_control,1,28
1,F2:test:322,,binding,11,18=21,21,test,F2,21,9.464207172393799,reversed_functor_control,1,21
1,F2:test:638,,binding,11,25=23,23,test,F2,23,10.721691608428955,canonical_predicate_control,1,23
1,F2:test:53,symbol_mismatch,failure,11,,28,test,F2,28,12.072553634643555,canonical_predicate_control,1,28
1,F2:test:187,symbol_mismatch,failure,11,,28,test,F2,28,13.300709247589111,reversed_predicate_control,1,28
1,F2:test:301,symbol_mismatch,failure,11,,28,test,F2,28,11.795305252075195,canonical_functor_control,1,28
1,F2:test:646,,binding,11,21=27,27,test,F2,27,10.85798168182373,canonical_predicate_control,1,27
1,F2:test:222,,binding,11,18=19,19,test,F2,19,10.959136009216309,reversed_functor_control,1,19
1,F2:test:510,,binding,11,26=19,19,test,F2,19,10.494422912597656,reversed_functor_control,1,19
1,F2:test:676,,binding,11,21=18,18,test,F2,18,11.063243389129639,canonical_functor_control,1,18
1,F2:test:400,,binding,11,27=24,24,test,F2,24,10.432498931884766,canonical_functor_control,1,24
1,F2:test:152,,binding,11,26=20,20,test,F2,20,8.723809719085693,canonical_predicate_control,1,20
1,F2:test:470,,binding,11,27=23,23,test,F2,23,10.745927810668945,reversed_predicate_control,1,23
1,F2:test:755,symbol_mismatch,failure,11,,28,test,F2,28,13.251202583312988,reversed_predicate_control,1,28
1,F2:test:342,,binding,11,23=19,19,test,F2,19,9.78525161743164,canonical_predicate_control,1,19
1,F2:test:490,,binding,11,23=21,21,test,F2,21,11.124894618988037,canonical_functor_control,1,21
1,F2:test:751,symbol_mismatch,failure,11,,28,test,F2,28,11.390183448791504,reversed_predicate_control,1,28
1,F2:test:162,,binding,11,27=25,25,test,F2,25,12.438180923461914,canonical_predicate_control,1,25
1,F2:test:227,symbol_mismatch,failure,11,,28,test,F2,28,13.103977680206299,reversed_functor_control,1,28
1,F2:test:632,,binding,11,25=20,20,test,F2,20,12.008430004119873,canonical_predicate_control,1,20
1,F2:test:267,symbol_mismatch,failure,11,,28,test,F2,28,11.506644248962402,reversed_predicate_control,1,28
1,F2:test:578,,binding,11,21=17,17,test,F2,17,10.403269290924072,canonical_functor_control,1,17
1,F2:test:356,,binding,11,27=26,26,test,F2,26,11.38449478149414,canonical_predicate_control,1,26
1,F2:test:41,symbol_mismatch,failure,11,,28,test,F2,28,11.989442348480225,reversed_functor_control,1,28
1,F2:test:119,symbol_mismatch,failure,11,,28,test,F2,28,12.447400093078613,canonical_functor_control,1,28
1,F2:test:130,,binding,11,26=21,21,test,F2,21,10.675567150115967,reversed_functor_control,1,21
1,F2:test:523,symbol_mismatch,failure,11,,28,test,F2,28,12.898565292358398,reversed_functor_control,1,28
1,F2:test:213,symbol_mismatch,failure,11,,28,test,F2,28,11.82966423034668,canonical_functor_control,1,28
1,F2:test:399,symbol_mismatch,failure,11,,28,test,F2,28,10.941502094268799,canonical_functor_control,1,28
1,F2:test:424,,binding,11,16=24,24,test,F2,24,10.977250576019287,reversed_functor_control,1,24
1,F2:test:738,,binding,11,22=25,25,test,F2,25,13.35278034210205,canonical_predicate_control,1,25
1,F2:test:605,symbol_mismatch,failure,11,,28,test,F2,28,11.451037406921387,reversed_functor_control,1,28
1,F2:test:156,,binding,11,18=22,22,test,F2,22,13.552425384521484,canonical_predicate_control,1,22
1,F2:test:633,symbol_mismatch,failure,11,,28,test,F2,28,11.638608932495117,canonical_predicate_control,1,28
1,F2:test:177,symbol_mismatch,failure,11,,28,test,F2,28,12.345378875732422,reversed_predicate_control,1,28
1,F2:test:602,,binding,11,21=17,17,test,F2,17,11.157333374023438,reversed_functor_control,1,17
1,F2:test:677,symbol_mismatch,failure,11,,28,test,F2,28,11.57531213760376,canonical_functor_control,1,28
1,F2:test:680,,binding,11,19=20,20,test,F2,20,12.089306831359863,canonical_functor_control,1,20
1,F2:test:663,symbol_mismatch,failure,11,,28,test,F2,28,11.29636287689209,reversed_predicate_control,1,28
1,F2:test:443,symbol_mismatch,failure,11,,28,test,F2,28,12.769317150115967,canonical_predicate_control,1,28
1,F2:test:134,,binding,11,16=23,23,test,F2,23,11.314475536346436,reversed_functor_control,1,23
1,F2:test:657,symbol_mismatch,failure,11,,28,test,F2,28,11.649453163146973,reversed_predicate_control,1,28
1,F2:test:471,symbol_mismatch,failure,11,,28,test,F2,28,12.230718612670898,reversed_predicate_control,1,28
1,F2:test:508,,binding,11,21=18,18,test,F2,18,11.246781826019287,reversed_functor_control,1,18
1,F2:test:11,symbol_mismatch,failure,11,,28,test,F2,28,13.344666004180908,canonical_functor_control,1,28
1,F2:test:321,symbol_mismatch,failure,11,,28,test,F2,28,11.84885549545288,reversed_functor_control,1,28
1,F2:test:752,,binding,11,26=20,20,test,F2,20,8.621870994567871,reversed_predicate_control,1,20
1,F2:test:561,symbol_mismatch,failure,11,,28,test,F2,28,8.415552139282227,reversed_predicate_control,1,28
1,F2:test:669,symbol_mismatch,failure,11,,28,test,F2,28,11.99542236328125,reversed_predicate_control,1,28
1,F2:test:249,symbol_mismatch,failure,11,,28,test,F2,28,9.793176651000977,canonical_predicate_control,1,28
1,F2:test:338,,binding,11,23=17,17,test,F2,17,11.581498146057129,canonical_predicate_control,1,17
1,F2:test:708,,binding,11,25=22,22,test,F2,22,12.867636680603027,reversed_functor_control,1,22
1,F2:test:728,,binding,11,25=20,20,test,F2,20,11.58922004699707,canonical_predicate_control,1,20
1,F2:test:39,symbol_mismatch,failure,11,,28,test,F2,28,11.032018661499023,reversed_functor_control,1,28
1,F2:test:25,symbol_mismatch,failure,11,,28,test,F2,28,12.590134143829346,reversed_functor_control,1,28
1,F2:test:180,,binding,11,26=22,22,test,F2,22,9.078598976135254,reversed_predicate_control,1,22
1,F2:test:506,,binding,11,25=17,17,test,F2,17,11.774218559265137,reversed_functor_control,1,17
1,F2:test:579,symbol_mismatch,failure,11,,28,test,F2,28,11.332946300506592,canonical_functor_control,1,28
1,F2:test:429,symbol_mismatch,failure,11,,28,test,F2,28,11.814432144165039,reversed_functor_control,1,28
1,F2:test:436,,binding,11,21=18,18,test,F2,18,10.634795665740967,canonical_predicate_control,1,18
1,F2:test:201,symbol_mismatch,failure,11,,28,test,F2,28,12.217555046081543,canonical_functor_control,1,28
1,F2:test:656,,binding,11,18=20,20,test,F2,20,11.791079759597778,reversed_predicate_control,1,20
1,F2:test:181,symbol_mismatch,failure,11,,28,test,F2,28,12.384700775146484,reversed_predicate_control,1,28
1,F2:test:562,,binding,11,20=21,21,test,F2,21,9.647591590881348,reversed_predicate_control,1,21
1,F2:test:753,symbol_mismatch,failure,11,,28,test,F2,28,12.216059684753418,reversed_predicate_control,1,28
1,F2:test:61,symbol_mismatch,failure,11,,28,test,F2,28,12.102198123931885,canonical_predicate_control,1,28
1,F2:test:10,,binding,11,16=21,21,test,F2,21,10.5942063331604,canonical_functor_control,1,21
1,F2:test:380,,binding,11,22=26,26,test,F2,26,11.182016849517822,reversed_predicate_control,1,26
1,F2:test:198,,binding,11,16=19,19,test,F2,19,10.793010234832764,canonical_functor_control,1,19
1,F2:test:398,,binding,11,26=23,23,test,F2,23,10.741308689117432,canonical_functor_control,1,23
1,F2:test:127,symbol_mismatch,failure,11,,28,test,F2,28,11.849837303161621,reversed_functor_control,1,28
1,F2:test:183,symbol_mismatch,failure,11,,28,test,F2,28,11.585196495056152,reversed_predicate_control,1,28
1,F2:test:468,,binding,11,21=22,22,test,F2,22,11.801583290100098,reversed_predicate_control,1,22
1,F2:test:312,,binding,11,26=16,16,test,F2,16,9.397383689880371,reversed_functor_control,1,16
1,F2:test:756,,binding,11,23=22,22,test,F2,22,12.340474128723145,reversed_predicate_control,1,22
1,F2:test:143,symbol_mismatch,failure,11,,28,test,F2,28,13.369600772857666,reversed_functor_control,1,28
1,F2:test:456,,binding,11,17=16,16,test,F2,16,10.412184715270996,reversed_predicate_control,1,16
1,F2:test:107,symbol_mismatch,failure,11,,28,test,F2,28,12.183803081512451,canonical_functor_control,1,28
1,F2:test:518,,binding,11,22=23,23,test,F2,23,9.846795558929443,reversed_functor_control,1,23
1,F2:test:145,symbol_mismatch,failure,11,,28,test,F2,28,10.415852069854736,canonical_predicate_control,1,28
1,F2:test:494,,binding,11,25=23,23,test,F2,23,11.096498966217041,canonical_functor_control,1,23
1,F2:test:546,,binding,11,19=25,25,test,F2,25,11.339433193206787,canonical_predicate_control,1,25
1,F2:test:422,,binding,11,24=23,23,test,F2,23,10.25235366821289,reversed_functor_control,1,23
1,F2:test:556,,binding,11,24=18,18,test,F2,18,10.131223201751709,reversed_predicate_control,1,18
1,F2:test:606,,binding,11,16=19,19,test,F2,19,11.492249011993408,reversed_functor_control,1,19
1,F2:test:576,,binding,11,19=16,16,test,F2,16,9.741426467895508,canonical_functor_control,1,16
1,F2:test:703,symbol_mismatch,failure,11,,28,test,F2,28,11.148250579833984,reversed_functor_control,1,28
1,F2:test:174,,binding,11,17=19,19,test,F2,19,12.369216442108154,reversed_predicate_control,1,19
1,F2:test:263,symbol_mismatch,failure,11,,28,test,F2,28,13.246269226074219,canonical_predicate_control,1,28
1,F2:test:699,symbol_mismatch,failure,11,,28,test,F2,28,11.164106369018555,reversed_functor_control,1,28
1,F2:test:330,,binding,11,27=25,25,test,F2,25,10.988131046295166,reversed_functor_control,1,25
1,F2:test:724,,binding,11,20=18,18,test,F2,18,10.361327648162842,canonical_predicate_control,1,18
1,F2:test:492,,binding,11,21=22,22,test,F2,22,12.544528007507324,canonical_functor_control,1,22
1,F2:test:335,symbol_mismatch,failure,11,,28,test,F2,28,12.81096601486206,reversed_functor_control,1,28
1,F2:test:294,,binding,11,25=19,19,test,F2,19,9.922183990478516,canonical_functor_control,1,19
1,F2:test:741,symbol_mismatch,failure,11,,28,test,F2,28,11.302978038787842,canonical_predicate_control,1,28
1,F2:test:736,,binding,11,16=24,24,test,F2,24,10.979234218597412,canonical_predicate_control,1,24
1,F2:test:200,,binding,11,18=20,20,test,F2,20,12.125966310501099,canonical_functor_control,1,20
1,F2:test:526,,binding,11,19=27,27,test,F2,27,12.174936294555664,reversed_functor_control,1,27
1,F2:test:758,,binding,11,16=23,23,test,F2,23,11.466826438903809,reversed_predicate_control,1,23
1,F2:test:153,symbol_mismatch,failure,11,,28,test,F2,28,11.820323467254639,canonical_predicate_control,1,28
1,F2:test:547,symbol_mismatch,failure,11,,28,test,F2,28,12.644655227661133,canonical_predicate_control,1,28
1,F2:test:460,,binding,11,19=18,18,test,F2,18,10.928303241729736,reversed_predicate_control,1,18
1,F2:test:681,symbol_mismatch,failure,11,,28,test,F2,28,11.915225505828857,canonical_functor_control,1,28
1,F2:test:224,,binding,11,27=20,20,test,F2,20,12.667470932006836,reversed_functor_control,1,20
1,F2:test:435,symbol_mismatch,failure,11,,28,test,F2,28,12.094913005828857,canonical_predicate_control,1,28
1,F2:test:459,symbol_mismatch,failure,11,,28,test,F2,28,12.150054454803467,reversed_predicate_control,1,28
1,F2:test:324,,binding,11,21=22,22,test,F2,22,12.272924423217773,reversed_functor_control,1,22
1,F2:test:610,,binding,11,26=21,21,test,F2,21,10.045711994171143,reversed_functor_control,1,21
1,F2:test:405,symbol_mismatch,failure,11,,28,test,F2,28,11.496391773223877,canonical_functor_control,1,28
1,F2:test:220,,binding,11,25=18,18,test,F2,18,11.643515586853027,reversed_functor_control,1,18
1,F2:test:295,symbol_mismatch,failure,11,,28,test,F2,28,11.393061637878418,canonical_functor_control,1,28
1,F2:test:70,,binding,11,18=27,27,test,F2,27,10.929374694824219,canonical_predicate_control,1,27
1,F2:test:334,,binding,11,18=27,27,test,F2,27,10.844748973846436,reversed_functor_control,1,27
1,F2:test:412,,binding,11,26=18,18,test,F2,18,9.762474536895752,reversed_functor_control,1,18
1,F2:test:577,symbol_mismatch,failure,11,,28,test,F2,28,13.280274868011475,canonical_functor_control,1,28
1,F2:test:111,symbol_mismatch,failure,11,,28,test,F2,28,11.108782768249512,canonical_functor_control,1,28
1,F2:test:154,,binding,11,24=21,21,test,F2,21,9.940887928009033,canonical_predicate_control,1,21
1,F2:test:305,symbol_mismatch,failure,11,,28,test,F2,28,11.077245712280273,canonical_functor_control,1,28
1,F2:test:608,,binding,11,25=20,20,test,F2,20,10.931727409362793,reversed_functor_control,1,20
1,F2:test:411,symbol_mismatch,failure,11,,28,test,F2,28,11.175915241241455,reversed_functor_control,1,28
1,F2:test:457,symbol_mismatch,failure,11,,28,test,F2,28,11.728356838226318,reversed_predicate_control,1,28
1,F2:test:572,,binding,11,19=26,26,test,F2,26,10.51646900177002,reversed_predicate_control,1,26
1,F2:test:476,,binding,11,27=26,26,test,F2,26,10.937430381774902,reversed_predicate_control,1,26
1,F2:test:760,,binding,11,20=24,24,test,F2,24,10.571973323822021,reversed_predicate_control,1,24
1,F2:test:512,,binding,11,26=20,20,test,F2,20,9.131147384643555,reversed_functor_control,1,20
1,F2:test:304,,binding,11,19=24,24,test,F2,24,11.765544891357422,canonical_functor_control,1,24
1,F2:test:525,symbol_mismatch,failure,11,,28,test,F2,28,10.703540325164795,reversed_functor_control,1,28
1,F2:test:505,symbol_mismatch,failure,11,,28,test,F2,28,12.32978868484497,reversed_functor_control,1,28
1,F2:test:565,symbol_mismatch,failure,11,,28,test,F2,28,12.204533576965332,reversed_predicate_control,1,28
1,F2:test:431,symbol_mismatch,failure,11,,28,test,F2,28,12.165634155273438,reversed_functor_control,1,28
1,F2:test:631,symbol_mismatch,failure,11,,28,test,F2,28,10.890914916992188,canonical_predicate_control,1,28
1,F2:test:169,symbol_mismatch,failure,11,,28,test,F2,28,12.233405113220215,reversed_predicate_control,1,28
1,F2:validation:558,,binding,23,22=19,19,validation,F2,19,2.253458023071289,reversed_predicate_control,1,19
1,F2:validation:467,symbol_mismatch,failure,23,,28,validation,F2,28,12.720646381378174,reversed_predicate_control,1,28
1,F2:validation:257,symbol_mismatch,failure,23,,28,validation,F2,28,9.598649978637695,canonical_predicate_control,1,28
1,F2:validation:633,symbol_mismatch,failure,23,,28,validation,F2,28,10.280067443847656,canonical_predicate_control,1,28
1,F2:validation:617,symbol_mismatch,failure,23,,28,validation,F2,28,3.979342460632324,reversed_functor_control,1,28
1,F2:validation:732,,binding,23,16=22,22,validation,F2,22,2.483065605163574,canonical_predicate_control,1,22
1,F2:validation:70,,binding,23,23=27,27,validation,F2,27,2.1849727630615234,canonical_predicate_control,1,27
1,F2:validation:127,symbol_mismatch,failure,23,,28,validation,F2,28,8.210741519927979,reversed_functor_control,1,28
0,F2:validation:390,,binding,23,18=19,27,validation,F2,19,-3.206653594970703,canonical_functor_control,0,27
1,F2:validation:232,,binding,23,26=24,24,validation,F2,24,4.869998931884766,reversed_functor_control,1,24
1,F2:validation:593,symbol_mismatch,failure,23,,28,validation,F2,28,7.890810489654541,canonical_functor_control,1,28
1,F2:validation:395,symbol_mismatch,failure,23,,28,validation,F2,28,8.810793399810791,canonical_functor_control,1,28
1,F2:validation:284,,binding,23,17=26,26,validation,F2,26,2.4428110122680664,reversed_predicate_control,1,26
1,F2:validation:650,,binding,23,16=17,17,validation,F2,17,1.4076452255249023,reversed_predicate_control,1,17
1,F2:validation:133,symbol_mismatch,failure,23,,28,validation,F2,28,9.403894901275635,reversed_functor_control,1,28
1,F2:validation:726,,binding,23,24=19,19,validation,F2,19,1.150670051574707,canonical_predicate_control,1,19
1,F2:validation:695,symbol_mismatch,failure,23,,28,validation,F2,28,5.679320335388184,canonical_functor_control,1,28
1,F2:validation:84,,binding,23,27=22,22,validation,F2,22,2.43210506439209,reversed_predicate_control,1,22
1,F2:validation:80,,binding,23,22=20,20,validation,F2,20,3.8586292266845703,reversed_predicate_control,1,20
1,F2:validation:728,,binding,23,23=20,20,validation,F2,20,2.0389270782470703,canonical_predicate_control,1,20
1,F2:validation:208,,binding,23,20=24,24,validation,F2,24,6.018228054046631,canonical_functor_control,1,24
1,F2:validation:203,symbol_mismatch,failure,23,,28,validation,F2,28,8.646410942077637,canonical_functor_control,1,28
1,F2:validation:105,symbol_mismatch,failure,23,,28,validation,F2,28,10.493061065673828,canonical_functor_control,1,28
1,F2:validation:525,symbol_mismatch,failure,23,,28,validation,F2,28,7.333364486694336,reversed_functor_control,1,28
1,F2:validation:716,,binding,23,24=26,26,validation,F2,26,0.2894105911254883,reversed_functor_control,1,26
1,F2:validation:340,,binding,23,25=18,18,validation,F2,18,4.4159440994262695,canonical_predicate_control,1,18
1,F2:validation:490,,binding,23,23=21,21,validation,F2,21,2.143507957458496,canonical_functor_control,1,21
0,F2:validation:370,,binding,23,16=21,28,validation,F2,21,-1.038619041442871,reversed_predicate_control,0,28
1,F2:validation:486,,binding,23,18=19,19,validation,F2,19,0.9344348907470703,canonical_functor_control,1,19
1,F2:validation:34,,binding,23,16=21,21,validation,F2,21,0.8156538009643555,reversed_functor_control,1,21
1,F2:validation:252,,binding,23,19=22,22,validation,F2,22,1.9339466094970703,canonical_predicate_control,1,22
1,F2:validation:342,,binding,23,25=19,19,validation,F2,19,1.6439590454101562,canonical_predicate_control,1,19
1,F2:validation:520,,binding,23,23=24,24,validation,F2,24,4.944969177246094,reversed_functor_control,1,24
1,F2:validation:288,,binding,23,22=16,16,validation,F2,16,3.4464521408081055,canonical_functor_control,1,16
1,F2:validation:12,,binding,23,19=22,22,validation,F2,22,3.6979379653930664,canonical_functor_control,1,22
1,F2:validation:713,symbol_mismatch,failure,23,,28,validation,F2,28,9.879404544830322,reversed_functor_control,1,28
1,F2:validation:121,symbol_mismatch,failure,23,,28,validation,F2,28,11.168321132659912,reversed_functor_control,1,28
1,F2:validation:191,symbol_mismatch,failure,23,,28,validation,F2,28,9.007950782775879,reversed_predicate_control,1,28
1,F2:validation:707,symbol_mismatch,failure,23,,28,validation,F2,28,1.29144287109375,reversed_functor_control,1,28
0,F2:validation:421,symbol_mismatch,failure,23,,22,validation,F2,28,-3.174266815185547,reversed_functor_control,0,22
1,F2:validation:400,,binding,23,20=24,24,validation,F2,24,5.769628524780273,canonical_functor_control,1,24
0,F2:validation:559,symbol_mismatch,failure,23,,19,validation,F2,28,-0.3416118621826172,reversed_predicate_control,0,19
1,F2:validation:514,,binding,23,22=21,21,validation,F2,21,1.1977958679199219,reversed_functor_control,1,21
1,F2:validation:487,symbol_mismatch,failure,23,,28,validation,F2,28,7.8325958251953125,canonical_functor_control,1,28
1,F2:validation:78,,binding,23,23=19,19,validation,F2,19,1.8338804244995117,reversed_predicate_control,1,19
1,F2:validation:577,symbol_mismatch,failure,23,,28,validation,F2,28,10.1354079246521,canonical_functor_control,1,28
1,F2:validation:406,,binding,23,24=27,27,validation,F2,27,2.4413137435913086,canonical_functor_control,1,27
1,F2:validation:361,symbol_mismatch,failure,23,,28,validation,F2,28,7.953384876251221,reversed_predicate_control,1,28
1,F2:validation:115,symbol_mismatch,failure,23,,28,validation,F2,28,6.420524597167969,canonical_functor_control,1,28
1,F2:validation:349,symbol_mismatch,failure,23,,28,validation,F2,28,6.399166584014893,canonical_predicate_control,1,28
1,F2:validation:602,,binding,23,20=17,17,validation,F2,17,2.6736831665039062,reversed_functor_control,1,17
1,F2:validation:767,symbol_mismatch,failure,23,,28,validation,F2,28,9.342761993408203,reversed_predicate_control,1,28
1,F2:validation:428,,binding,23,27=26,26,validation,F2,26,4.472751617431641,reversed_functor_control,1,26
1,F2:validation:479,symbol_mismatch,failure,23,,28,validation,F2,28,6.790468215942383,reversed_predicate_control,1,28
1,F2:validation:664,,binding,23,20=24,24,validation,F2,24,5.627079963684082,reversed_predicate_control,1,24
1,F2:validation:64,,binding,23,18=24,24,validation,F2,24,4.722442150115967,canonical_predicate_control,1,24
1,F2:validation:437,symbol_mismatch,failure,23,,28,validation,F2,28,8.757081985473633,canonical_predicate_control,1,28
1,F2:validation:334,,binding,23,18=27,27,validation,F2,27,4.947916030883789,reversed_functor_control,1,27
0,F2:validation:548,,binding,23,19=26,28,validation,F2,26,-3.6995038986206055,canonical_predicate_control,0,28
1,F2:validation:543,symbol_mismatch,failure,23,,28,validation,F2,28,9.05038070678711,canonical_predicate_control,1,28
1,F2:validation:229,symbol_mismatch,failure,23,,28,validation,F2,28,3.7257213592529297,reversed_functor_control,1,28
1,F2:validation:681,symbol_mismatch,failure,23,,28,validation,F2,28,10.905343532562256,canonical_functor_control,1,28
1,F2:validation:341,symbol_mismatch,failure,23,,28,validation,F2,28,9.460649013519287,canonical_predicate_control,1,28
1,F2:validation:456,,binding,23,26=16,16,validation,F2,16,3.945812225341797,reversed_predicate_control,1,16
0,F2:validation:691,symbol_mismatch,failure,23,,25,validation,F2,28,-3.4333133697509766,canonical_functor_control,0,25
1,F2:validation:571,symbol_mismatch,failure,23,,28,validation,F2,28,8.555918216705322,reversed_predicate_control,1,28
1,F2:validation:291,symbol_mismatch,failure,23,,28,validation,F2,28,3.0027217864990234,canonical_functor_control,1,28
1,F2:validation:118,,binding,23,21=27,27,validation,F2,27,3.712124824523926,canonical_functor_control,1,27
1,F2:validation:269,symbol_mismatch,failure,23,,28,validation,F2,28,12.360036849975586,reversed_predicate_control,1,28
1,F2:validation:211,symbol_mismatch,failure,23,,28,validation,F2,28,2.7682838439941406,canonical_functor_control,1,28
1,F2:validation:108,,binding,23,18=22,22,validation,F2,22,3.2418594360351562,canonical_functor_control,1,22
1,F2:validation:363,symbol_mismatch,failure,23,,28,validation,F2,28,10.684954643249512,reversed_predicate_control,1,28
1,F2:validation:248,,binding,23,22=20,20,validation,F2,20,4.210951805114746,canonical_predicate_control,1,20
1,F2:validation:241,symbol_mismatch,failure,23,,28,validation,F2,28,8.759490966796875,canonical_predicate_control,1,28
1,F2:validation:612,,binding,23,19=22,22,validation,F2,22,1.423203468322754,reversed_functor_control,1,22
1,F2:validation:419,symbol_mismatch,failure,23,,28,validation,F2,28,7.340205192565918,reversed_functor_control,1,28
1,F2:validation:150,,binding,23,21=19,19,validation,F2,19,1.6420574188232422,canonical_predicate_control,1,19
1,F2:validation:249,symbol_mismatch,failure,23,,28,validation,F2,28,9.871488094329834,canonical_predicate_control,1,28
0,F2:validation:755,symbol_mismatch,failure,23,,21,validation,F2,28,-1.3126964569091797,reversed_predicate_control,0,21
0,F2:validation:562,,binding,23,17=21,28,validation,F2,21,-0.1778249740600586,reversed_predicate_control,0,28
1,F2:validation:227,symbol_mismatch,failure,23,,28,validation,F2,28,7.635438919067383,reversed_functor_control,1,28
1,F2:validation:365,symbol_mismatch,failure,23,,28,validation,F2,28,11.589653015136719,reversed_predicate_control,1,28
1,F2:validation:47,symbol_mismatch,failure,23,,28,validation,F2,28,3.0111522674560547,reversed_functor_control,1,28
1,F2:validation:534,,binding,23,27=19,19,validation,F2,19,2.563065528869629,canonical_predicate_control,1,19
1,F2:validation:611,symbol_mismatch,failure,23,,28,validation,F2,28,7.3527984619140625,reversed_functor_control,1,28
1,F2:validation:392,,binding,23,18=20,20,validation,F2,20,5.422138690948486,canonical_functor_control,1,20
1,F2:validation:492,,binding,23,19=22,22,validation,F2,22,0.9633102416992188,canonical_functor_control,1,22
0,F2:validation:647,symbol_mismatch,failure,23,,27,validation,F2,28,-2.5822696685791016,canonical_predicate_control,0,27
1,F2:validation:565,symbol_mismatch,failure,23,,28,validation,F2,28,7.454834938049316,reversed_predicate_control,1,28
1,F2:validation:484,,binding,23,19=18,18,validation,F2,18,2.9516353607177734,canonical_functor_control,1,18
1,F2:validation:442,,binding,23,23=21,21,validation,F2,21,3.504304885864258,canonical_predicate_control,1,21
1,F2:validation:140,,binding,23,18=26,26,validation,F2,26,2.6351547241210938,reversed_functor_control,1,26
1,F2:validation:336,,binding,23,23=16,16,validation,F2,16,2.6550779342651367,canonical_predicate_control,1,16
1,F2:validation:306,,binding,23,22=25,25,validation,F2,25,4.3557891845703125,canonical_functor_control,1,25
1,F2:validation:330,,binding,23,16=25,25,validation,F2,25,4.192403793334961,reversed_functor_control,1,25
1,F2:validation:273,symbol_mismatch,failure,23,,28,validation,F2,28,12.93119740486145,reversed_predicate_control,1,28
1,F2:validation:642,,binding,23,22=25,25,validation,F2,25,4.750715732574463,canonical_predicate_control,1,25
1,F2:validation:762,,binding,23,22=25,25,validation,F2,25,3.902864456176758,reversed_predicate_control,1,25
1,F2:validation:130,,binding,23,26=21,21,validation,F2,21,2.1331911087036133,reversed_functor_control,1,21
1,F2:validation:734,,binding,23,25=23,23,validation,F2,23,3.487079620361328,canonical_predicate_control,1,23
1,F2:validation:694,,binding,23,20=27,27,validation,F2,27,5.177260398864746,canonical_functor_control,1,27
1,F2:validation:151,symbol_mismatch,failure,23,,28,validation,F2,28,7.977806091308594,canonical_predicate_control,1,28
1,F2:validation:687,symbol_mismatch,failure,23,,28,validation,F2,28,9.928192138671875,canonical_functor_control,1,28
1,F2:validation:378,,binding,23,24=25,25,validation,F2,25,4.8813676834106445,reversed_predicate_control,1,25
1,F2:validation:469,symbol_mismatch,failure,23,,28,validation,F2,28,11.040213584899902,reversed_predicate_control,1,28
0,F2:validation:557,symbol_mismatch,failure,23,,18,validation,F2,28,-2.1567392349243164,reversed_predicate_control,0,18
1,F2:validation:180,,binding,23,24=22,22,validation,F2,22,4.360106468200684,reversed_predicate_control,1,22
1,F2:validation:436,,binding,23,24=18,18,validation,F2,18,0.28697872161865234,canonical_predicate_control,1,18
1,F2:validation:292,,binding,23,19=18,18,validation,F2,18,4.252374649047852,canonical_functor_control,1,18
1,F2:validation:166,,binding,23,24=27,27,validation,F2,27,1.3426494598388672,canonical_predicate_control,1,27
1,F2:validation:362,,binding,23,19=17,17,validation,F2,17,2.85189151763916,reversed_predicate_control,1,17
1,F2:validation:521,symbol_mismatch,failure,23,,28,validation,F2,28,8.469107151031494,reversed_functor_control,1,28
1,F2:validation:114,,binding,23,27=25,25,validation,F2,25,4.583888053894043,canonical_functor_control,1,25
1,F2:validation:264,,binding,23,18=16,16,validation,F2,16,4.8334808349609375,reversed_predicate_control,1,16
1,F2:validation:528,,binding,23,19=16,16,validation,F2,16,2.108959197998047,canonical_predicate_control,1,16
1,F2:validation:305,symbol_mismatch,failure,23,,28,validation,F2,28,8.451142311096191,canonical_functor_control,1,28
1,F2:validation:299,symbol_mismatch,failure,23,,28,validation,F2,28,11.370457172393799,canonical_functor_control,1,28
1,F2:validation:50,,binding,23,20=17,17,validation,F2,17,3.519709587097168,canonical_predicate_control,1,17
1,F2:validation:134,,binding,23,25=23,23,validation,F2,23,4.7953948974609375,reversed_functor_control,1,23
1,F2:validation:644,,binding,23,24=26,26,validation,F2,26,1.2459096908569336,canonical_predicate_control,1,26
1,F2:validation:352,,binding,23,16=24,24,validation,F2,24,4.698031425476074,canonical_predicate_control,1,24
1,F2:validation:744,,binding,23,27=16,16,validation,F2,16,1.9020652770996094,reversed_predicate_control,1,16
1,F2:validation:329,symbol_mismatch,failure,23,,28,validation,F2,28,9.904604434967041,reversed_functor_control,1,28
1,F2:validation:684,,binding,23,24=22,22,validation,F2,22,2.4201202392578125,canonical_functor_control,1,22
1,F2:validation:391,symbol_mismatch,failure,23,,28,validation,F2,28,9.658841609954834,canonical_functor_control,1,28
1,F2:validation:447,symbol_mismatch,failure,23,,28,validation,F2,28,9.371206760406494,canonical_predicate_control,1,28
1,F2:validation:173,symbol_mismatch,failure,23,,28,validation,F2,28,10.69519853591919,reversed_predicate_control,1,28
1,F2:validation:137,symbol_mismatch,failure,23,,28,validation,F2,28,9.879175186157227,reversed_functor_control,1,28
0,F2:validation:195,symbol_mismatch,failure,23,,17,validation,F2,28,-2.396718978881836,canonical_functor_control,0,17
1,F2:validation:79,symbol_mismatch,failure,23,,28,validation,F2,28,8.691519260406494,reversed_predicate_control,1,28
1,F2:validation:374,,binding,23,16=23,23,validation,F2,23,0.5761899948120117,reversed_predicate_control,1,23
1,F2:validation:72,,binding,23,25=16,16,validation,F2,16,4.274333953857422,reversed_predicate_control,1,16
1,F2:validation:48,,binding,23,27=16,16,validation,F2,16,2.5425968170166016,canonical_predicate_control,1,16
0,F2:validation:706,,binding,23,27=21,28,validation,F2,21,-0.09519290924072266,reversed_functor_control,0,28
1,F2:validation:63,symbol_mismatch,failure,23,,28,validation,F2,28,10.434782981872559,canonical_predicate_control,1,28
1,F2:validation:23,symbol_mismatch,failure,23,,28,validation,F2,28,2.846363067626953,canonical_functor_control,1,28
0,F2:validation:641,symbol_mismatch,failure,23,,24,validation,F2,28,-3.3422183990478516,canonical_predicate_control,0,24
1,F2:validation:678,,binding,23,25=19,19,validation,F2,19,0.7453594207763672,canonical_functor_control,1,19
1,F2:validation:418,,binding,23,24=21,21,validation,F2,21,1.8098154067993164,reversed_functor_control,1,21
1,F2:validation:483,symbol_mismatch,failure,23,,28,validation,F2,28,5.560407638549805,canonical_functor_control,1,28
1,F2:validation:555,symbol_mismatch,failure,23,,28,validation,F2,28,7.934812545776367,reversed_predicate_control,1,28
1,F2:validation:752,,binding,23,18=20,20,validation,F2,20,3.6218338012695312,reversed_predicate_control,1,20
1,F2:validation:324,,binding,23,23=22,22,validation,F2,22,4.123342514038086,reversed_functor_control,1,22
1,F2:validation:458,,binding,23,26=17,17,validation,F2,17,2.5808868408203125,reversed_predicate_control,1,17
1,F2:validation:619,symbol_mismatch,failure,23,,28,validation,F2,28,9.075968265533447,reversed_functor_control,1,28
1,F2:validation:539,symbol_mismatch,failure,23,,28,validation,F2,28,8.927226543426514,canonical_predicate_control,1,28
1,F2:validation:616,,binding,23,25=24,24,validation,F2,24,4.349765777587891,reversed_functor_control,1,24
1,F2:validation:77,symbol_mismatch,failure,23,,28,validation,F2,28,13.429410934448242,reversed_predicate_control,1,28
1,F2:validation:125,symbol_mismatch,failure,23,,28,validation,F2,28,11.015220165252686,reversed_functor_control,1,28
1,F2:validation:583,symbol_mismatch,failure,23,,28,validation,F2,28,8.10028076171875,canonical_functor_control,1,28
1,F2:validation:231,symbol_mismatch,failure,23,,28,validation,F2,28,7.4529876708984375,reversed_functor_control,1,28
1,F2:validation:182,,binding,23,24=23,23,validation,F2,23,4.544730186462402,reversed_predicate_control,1,23
1,F2:validation:668,,binding,23,21=26,26,validation,F2,26,5.184589385986328,reversed_predicate_control,1,26
1,F2:validation:500,,binding,23,22=26,26,validation,F2,26,4.875424385070801,canonical_functor_control,1,26
1,F2:validation:572,,binding,23,24=26,26,validation,F2,26,2.3010454177856445,reversed_predicate_control,1,26
1,F2:validation:549,symbol_mismatch,failure,23,,28,validation,F2,28,7.99406623840332,canonical_predicate_control,1,28
1,F2:validation:298,,binding,23,20=21,21,validation,F2,21,2.822416305541992,canonical_functor_control,1,21
1,F2:validation:74,,binding,23,24=17,17,validation,F2,17,4.942593574523926,reversed_predicate_control,1,17
1,F2:validation:733,symbol_mismatch,failure,23,,28,validation,F2,28,6.951969623565674,canonical_predicate_control,1,28
1,F2:validation:748,,binding,23,27=18,18,validation,F2,18,3.1869049072265625,reversed_predicate_control,1,18
1,F2:validation:383,symbol_mismatch,failure,23,,28,validation,F2,28,7.720494270324707,reversed_predicate_control,1,28
1,F2:validation:594,,binding,23,24=25,25,validation,F2,25,4.0271806716918945,canonical_functor_control,1,25
0,F2:validation:369,symbol_mismatch,failure,23,,20,validation,F2,28,-3.0023202896118164,reversed_predicate_control,0,20
1,F2:validation:669,symbol_mismatch,failure,23,,28,validation,F2,28,2.5752077102661133,reversed_predicate_control,1,28
1,F2:validation:498,,binding,23,23=25,25,validation,F2,25,6.1387763023376465,canonical_functor_control,1,25
0,F2:validation:204,,binding,23,24=22,28,validation,F2,22,-0.3272819519042969,canonical_functor_control,0,28
1,F2:validation:613,symbol_mismatch,failure,23,,28,validation,F2,28,9.376075744628906,reversed_functor_control,1,28
1,F2:validation:220,,binding,23,20=18,18,validation,F2,18,4.203118324279785,reversed_functor_control,1,18
1,F2:validation:6,,binding,23,22=19,19,validation,F2,19,1.4028940200805664,canonical_functor_control,1,19
1,F2:validation:685,symbol_mismatch,failure,23,,28,validation,F2,28,5.514887809753418,canonical_functor_control,1,28
1,F2:validation:435,symbol_mismatch,failure,23,,28,validation,F2,28,6.1016035079956055,canonical_predicate_control,1,28
1,F2:validation:441,symbol_mismatch,failure,23,,28,validation,F2,28,9.921700954437256,canonical_predicate_control,1,28
1,F2:validation:575,symbol_mismatch,failure,23,,28,validation,F2,28,6.383352756500244,reversed_predicate_control,1,28
1,F2:validation:217,symbol_mismatch,failure,23,,28,validation,F2,28,9.088199615478516,reversed_functor_control,1,28
0,F2:validation:464,,binding,23,25=20,28,validation,F2,20,-0.5410861968994141,reversed_predicate_control,0,28
1,F2:validation:670,,binding,23,23=27,27,validation,F2,27,3.3220224380493164,reversed_predicate_control,1,27
1,F2:validation:345,symbol_mismatch,failure,23,,28,validation,F2,28,9.52991533279419,canonical_predicate_control,1,28
1,F2:validation:628,,binding,23,25=18,18,validation,F2,18,3.770112991333008,canonical_predicate_control,1,18
1,F2:validation:123,symbol_mismatch,failure,23,,28,validation,F2,28,6.743603706359863,reversed_functor_control,1,28
0,F2:validation:54,,binding,23,16=19,28,validation,F2,19,-0.43722057342529297,canonical_predicate_control,0,28
0,F2:validation:652,,binding,23,16=18,28,validation,F2,18,-1.746145248413086,reversed_predicate_control,0,28
1,F2:validation:49,symbol_mismatch,failure,23,,28,validation,F2,28,7.551741123199463,canonical_predicate_control,1,28
1,F2:validation:765,symbol_mismatch,failure,23,,28,validation,F2,28,9.47966194152832,reversed_predicate_control,1,28
1,F2:validation:226,,binding,23,18=21,21,validation,F2,21,1.7976999282836914,reversed_functor_control,1,21
1,F2:validation:624,,binding,23,26=16,16,validation,F2,16,2.6290283203125,canonical_predicate_control,1,16
1,F2:validation:271,symbol_mismatch,failure,23,,28,validation,F2,28,6.639314651489258,reversed_predicate_control,1,28
0,F2:validation:3,symbol_mismatch,failure,23,,17,validation,F2,28,-1.451766014099121,canonical_functor_control,0,17
1,F2:validation:139,symbol_mismatch,failure,23,,28,validation,F2,28,5.152833938598633,reversed_functor_control,1,28
1,F2:validation:540,,binding,23,26=22,22,validation,F2,22,0.1810474395751953,canonical_predicate_control,1,22
1,F2:validation:199,symbol_mismatch,failure,23,,28,validation,F2,28,8.635615825653076,canonical_functor_control,1,28
1,F2:validation:766,,binding,23,16=27,27,validation,F2,27,1.6448259353637695,reversed_predicate_control,1,27
1,F2:validation:517,symbol_mismatch,failure,23,,28,validation,F2,28,5.804518699645996,reversed_functor_control,1,28
1,F2:validation:317,symbol_mismatch,failure,23,,28,validation,F2,28,7.013251781463623,reversed_functor_control,1,28
0,F2:validation:560,,binding,23,16=20,28,validation,F2,20,-2.04183292388916,reversed_predicate_control,0,28
1,F2:validation:321,symbol_mismatch,failure,23,,28,validation,F2,28,1.01922607421875,reversed_functor_control,1,28
1,F2:validation:397,symbol_mismatch,failure,23,,28,validation,F2,28,3.924929618835449,canonical_functor_control,1,28
1,F2:validation:625,symbol_mismatch,failure,23,,28,validation,F2,28,5.4892473220825195,canonical_predicate_control,1,28
1,F2:validation:422,,binding,23,20=23,23,validation,F2,23,4.41397762298584,reversed_functor_control,1,23
1,F2:validation:699,symbol_mismatch,failure,23,,28,validation,F2,28,9.003175735473633,reversed_functor_control,1,28
1,F2:validation:703,symbol_mismatch,failure,23,,28,validation,F2,28,5.991769790649414,reversed_functor_control,1,28
1,F2:validation:547,symbol_mismatch,failure,23,,28,validation,F2,28,8.349006175994873,canonical_predicate_control,1,28
0,F2:validation:561,symbol_mismatch,failure,23,,20,validation,F2,28,-2.8424835205078125,reversed_predicate_control,0,20
1,F2:validation:234,,binding,23,16=25,25,validation,F2,25,3.973443031311035,reversed_functor_control,1,25
1,F2:validation:505,symbol_mismatch,failure,23,,28,validation,F2,28,10.87448501586914,reversed_functor_control,1,28
1,F2:validation:477,symbol_mismatch,failure,23,,28,validation,F2,28,10.1242036819458,reversed_predicate_control,1,28
1,F2:validation:13,symbol_mismatch,failure,23,,28,validation,F2,28,10.885685443878174,canonical_functor_control,1,28
1,F2:validation:439,symbol_mismatch,failure,23,,28,validation,F2,28,9.009117603302002,canonical_predicate_control,1,28
1,F2:validation:323,symbol_mismatch,failure,23,,28,validation,F2,28,7.577212333679199,reversed_functor_control,1,28
1,F2:validation:410,,binding,23,21=17,17,validation,F2,17,3.2650146484375,reversed_functor_control,1,17
1,F2:validation:215,symbol_mismatch,failure,23,,28,validation,F2,28,5.2283430099487305,canonical_functor_control,1,28
1,F2:validation:200,,binding,23,23=20,20,validation,F2,20,2.525899887084961,canonical_functor_control,1,20
1,F2:validation:531,symbol_mismatch,failure,23,,28,validation,F2,28,6.587974548339844,canonical_predicate_control,1,28
1,F2:validation:600,,binding,23,27=16,16,validation,F2,16,1.9975662231445312,reversed_functor_control,1,16
1,F2:validation:293,symbol_mismatch,failure,23,,28,validation,F2,28,5.732975006103516,canonical_functor_control,1,28
1,F2:validation:346,,binding,23,27=21,21,validation,F2,21,0.9869041442871094,canonical_predicate_control,1,21
1,F2:validation:700,,binding,23,17=18,18,validation,F2,18,2.4990768432617188,reversed_functor_control,1,18
1,F2:validation:5,symbol_mismatch,failure,23,,28,validation,F2,28,7.705280303955078,canonical_functor_control,1,28
1,F2:validation:81,symbol_mismatch,failure,23,,28,validation,F2,28,10.979753017425537,reversed_predicate_control,1,28
1,F2:validation:152,,binding,23,18=20,20,validation,F2,20,3.9402732849121094,canonical_predicate_control,1,20
1,F2:validation:727,symbol_mismatch,failure,23,,28,validation,F2,28,5.486771583557129,canonical_predicate_control,1,28
1,F2:validation:705,symbol_mismatch,failure,23,,28,validation,F2,28,4.6953887939453125,reversed_functor_control,1,28
1,F2:validation:738,,binding,23,22=25,25,validation,F2,25,4.71907901763916,canonical_predicate_control,1,25
1,F2:validation:569,symbol_mismatch,failure,23,,28,validation,F2,28,10.911931991577148,reversed_predicate_control,1,28
1,F2:validation:444,,binding,23,17=22,22,validation,F2,22,2.3904037475585938,canonical_predicate_control,1,22
1,F2:validation:629,symbol_mismatch,failure,23,,28,validation,F2,28,11.648181438446045,canonical_predicate_control,1,28
0,F2:validation:171,symbol_mismatch,failure,23,,17,validation,F2,28,-1.9400529861450195,reversed_predicate_control,0,17
1,F2:validation:457,symbol_mismatch,failure,23,,28,validation,F2,28,8.86349630355835,reversed_predicate_control,1,28
1,F2:validation:496,,binding,23,25=24,24,validation,F2,24,2.53045654296875,canonical_functor_control,1,24
1,F2:validation:116,,binding,23,17=26,26,validation,F2,26,3.260313034057617,canonical_functor_control,1,26
1,F2:validation:22,,binding,23,18=27,27,validation,F2,27,5.2256317138671875,canonical_functor_control,1,27
1,F2:validation:433,symbol_mismatch,failure,23,,28,validation,F2,28,12.043001651763916,canonical_predicate_control,1,28
1,F2:validation:481,symbol_mismatch,failure,23,,28,validation,F2,28,7.068781852722168,canonical_functor_control,1,28
1,F2:validation:452,,binding,23,24=26,26,validation,F2,26,5.523695945739746,canonical_predicate_control,1,26
1,F2:validation:657,symbol_mismatch,failure,23,,28,validation,F2,28,11.79324197769165,reversed_predicate_control,1,28
1,F2:validation:488,,binding,23,19=20,20,validation,F2,20,6.578718662261963,canonical_functor_control,1,20
1,F2:validation:222,,binding,23,21=19,19,validation,F2,19,1.6137590408325195,reversed_functor_control,1,19
0,F2:validation:300,,binding,23,25=22,28,validation,F2,22,-0.552241325378418,canonical_functor_control,0,28
1,F2:validation:634,,binding,23,20=21,21,validation,F2,21,3.254317283630371,canonical_predicate_control,1,21
1,F2:validation:24,,binding,23,20=16,16,validation,F2,16,3.4953527450561523,reversed_functor_control,1,16
1,F2:validation:202,,binding,23,24=21,21,validation,F2,21,4.258794784545898,canonical_functor_control,1,21
1,F2:validation:186,,binding,23,17=25,25,validation,F2,25,3.321547508239746,reversed_predicate_control,1,25
1,F2:validation:729,symbol_mismatch,failure,23,,28,validation,F2,28,10.858619213104248,canonical_predicate_control,1,28
1,F2:validation:511,symbol_mismatch,failure,23,,28,validation,F2,28,11.067167282104492,reversed_functor_control,1,28
1,F2:validation:66,,binding,23,18=25,25,validation,F2,25,5.29044771194458,canonical_predicate_control,1,25
1,F2:validation:272,,binding,23,27=20,20,validation,F2,20,3.975414276123047,reversed_predicate_control,1,20
1,F2:validation:618,,binding,23,23=25,25,validation,F2,25,4.836146354675293,reversed_functor_control,1,25
1,F2:validation:282,,binding,23,26=25,25,validation,F2,25,5.6041765213012695,reversed_predicate_control,1,25
1,F2:validation:434,,binding,23,26=17,17,validation,F2,17,3.7261905670166016,canonical_predicate_control,1,17
1,F2:validation:712,,binding,23,16=24,24,validation,F2,24,3.141324996948242,reversed_functor_control,1,24
1,F2:validation:162,,binding,23,20=25,25,validation,F2,25,5.173239707946777,canonical_predicate_control,1,25
1,F2:validation:553,symbol_mismatch,failure,23,,28,validation,F2,28,5.341530799865723,reversed_predicate_control,1,28
1,F2:validation:87,symbol_mismatch,failure,23,,28,validation,F2,28,8.258570671081543,reversed_predicate_control,1,28
1,F2:validation:0,,binding,23,26=16,16,validation,F2,16,2.800762176513672,canonical_functor_control,1,16
1,F2:validation:440,,binding,23,18=20,20,validation,F2,20,6.686638832092285,canonical_predicate_control,1,20
0,F2:validation:255,symbol_mismatch,failure,23,,23,validation,F2,28,-3.228348731994629,canonical_predicate_control,0,23
1,F2:validation:73,symbol_mismatch,failure,23,,28,validation,F2,28,5.281201362609863,reversed_predicate_control,1,28
1,F2:validation:294,,binding,23,26=19,19,validation,F2,19,2.586604118347168,canonical_functor_control,1,19
1,F2:validation:584,,binding,23,23=20,20,validation,F2,20,2.0389270782470703,canonical_functor_control,1,20
1,F2:validation:32,,binding,23,18=20,20,validation,F2,20,3.4229726791381836,reversed_functor_control,1,20
1,F2:validation:315,symbol_mismatch,failure,23,,28,validation,F2,28,9.774690628051758,reversed_functor_control,1,28
1,F2:validation:499,symbol_mismatch,failure,23,,28,validation,F2,28,11.789105892181396,canonical_functor_control,1,28
1,F2:validation:529,symbol_mismatch,failure,23,,28,validation,F2,28,5.736867904663086,canonical_predicate_control,1,28
1,F2:validation:205,symbol_mismatch,failure,23,,28,validation,F2,28,5.332300186157227,canonical_functor_control,1,28
1,F2:validation:224,,binding,23,18=20,20,validation,F2,20,2.6698780059814453,reversed_functor_control,1,20
1,F2:validation:601,symbol_mismatch,failure,23,,28,validation,F2,28,4.536457061767578,reversed_functor_control,1,28
1,F2:validation:36,,binding,23,20=22,22,validation,F2,22,4.236598014831543,reversed_functor_control,1,22
1,F2:validation:495,symbol_mismatch,failure,23,,28,validation,F2,28,11.44460153579712,canonical_functor_control,1,28
1,F2:validation:256,,binding,23,22=24,24,validation,F2,24,3.8125314712524414,canonical_predicate_control,1,24
1,F2:validation:14,,binding,23,18=23,23,validation,F2,23,3.0677356719970703,canonical_functor_control,1,23
1,F2:validation:262,,binding,23,16=27,27,validation,F2,27,1.3093843460083008,canonical_predicate_control,1,27
1,F2:validation:251,symbol_mismatch,failure,23,,28,validation,F2,28,5.32548713684082,canonical_predicate_control,1,28
0,F2:validation:75,symbol_mismatch,failure,23,,17,validation,F2,28,-1.0826749801635742,reversed_predicate_control,0,17
1,F2:validation:396,,binding,23,21=22,22,validation,F2,22,2.1448888778686523,canonical_functor_control,1,22
1,F2:validation:450,,binding,23,24=25,25,validation,F2,25,4.427392959594727,canonical_predicate_control,1,25
1,F2:validation:102,,binding,23,24=19,19,validation,F2,19,0.3912496566772461,canonical_functor_control,1,19
1,F2:validation:413,symbol_mismatch,failure,23,,28,validation,F2,28,5.8055853843688965,reversed_functor_control,1,28
1,F2:validation:31,symbol_mismatch,failure,23,,28,validation,F2,28,11.730255126953125,reversed_functor_control,1,28
1,F2:validation:289,symbol_mismatch,failure,23,,28,validation,F2,28,3.9990835189819336,canonical_functor_control,1,28
1,F2:validation:19,symbol_mismatch,failure,23,,28,validation,F2,28,10.192983627319336,canonical_functor_control,1,28
1,F2:validation:596,,binding,23,20=26,26,validation,F2,26,2.881235122680664,canonical_functor_control,1,26
1,F2:validation:515,symbol_mismatch,failure,23,,28,validation,F2,28,6.70430850982666,reversed_functor_control,1,28
1,F2:validation:165,symbol_mismatch,failure,23,,28,validation,F2,28,9.842771053314209,canonical_predicate_control,1,28
1,F2:validation:274,,binding,23,22=21,21,validation,F2,21,3.4114227294921875,reversed_predicate_control,1,21
1,F2:validation:550,,binding,23,20=27,27,validation,F2,27,3.649834632873535,canonical_predicate_control,1,27
1,F2:validation:671,symbol_mismatch,failure,23,,28,validation,F2,28,4.779069900512695,reversed_predicate_control,1,28
1,F2:validation:721,symbol_mismatch,failure,23,,28,validation,F2,28,6.393307685852051,canonical_predicate_control,1,28
1,F2:validation:364,,binding,23,24=18,18,validation,F2,18,2.8762340545654297,reversed_predicate_control,1,18
1,F2:validation:163,symbol_mismatch,failure,23,,28,validation,F2,28,2.99661922454834,canonical_predicate_control,1,28
1,F2:validation:708,,binding,23,21=22,22,validation,F2,22,3.228510856628418,reversed_functor_control,1,22
1,F2:validation:117,symbol_mismatch,failure,23,,28,validation,F2,28,6.261687278747559,canonical_functor_control,1,28
1,F2:validation:266,,binding,23,19=17,17,validation,F2,17,3.6909074783325195,reversed_predicate_control,1,17
1,F2:validation:4,,binding,23,16=18,18,validation,F2,18,2.8708925247192383,canonical_functor_control,1,18
1,F2:validation:39,symbol_mismatch,failure,23,,28,validation,F2,28,8.373198986053467,reversed_functor_control,1,28
1,F2:validation:398,,binding,23,18=23,23,validation,F2,23,1.8849153518676758,canonical_functor_control,1,23
1,F2:validation:461,symbol_mismatch,failure,23,,28,validation,F2,28,12.71142292022705,reversed_predicate_control,1,28
1,F2:validation:26,,binding,23,24=17,17,validation,F2,17,3.748763084411621,reversed_functor_control,1,17
1,F2:validation:270,,binding,23,27=19,19,validation,F2,19,1.3195219039916992,reversed_predicate_control,1,19
1,F2:validation:730,,binding,23,19=21,21,validation,F2,21,2.1991453170776367,canonical_predicate_control,1,21
1,F2:validation:119,symbol_mismatch,failure,23,,28,validation,F2,28,5.288119316101074,canonical_functor_control,1,28
1,F2:validation:15,symbol_mismatch,failure,23,,28,validation,F2,28,10.502777576446533,canonical_functor_control,1,28
1,F2:validation:242,,binding,23,25=17,17,validation,F2,17,2.4774703979492188,canonical_predicate_control,1,17
1,F2:validation:2,,binding,23,20=17,17,validation,F2,17,2.285555839538574,canonical_functor_control,1,17
1,F2:validation:614,,binding,23,20=23,23,validation,F2,23,5.096039772033691,reversed_functor_control,1,23
1,F2:validation:183,symbol_mismatch,failure,23,,28,validation,F2,28,8.498412609100342,reversed_predicate_control,1,28
1,F2:validation:83,symbol_mismatch,failure,23,,28,validation,F2,28,8.192401885986328,reversed_predicate_control,1,28
0,F2:validation:187,symbol_mismatch,failure,23,,25,validation,F2,28,-3.2770299911499023,reversed_predicate_control,0,25
1,F2:validation:28,,binding,23,23=18,18,validation,F2,18,4.340706825256348,reversed_functor_control,1,18
0,F2:validation:71,symbol_mismatch,failure,23,,27,validation,F2,28,-1.4141349792480469,canonical_predicate_control,0,27
1,F2:validation:431,symbol_mismatch,failure,23,,28,validation,F2,28,5.0429792404174805,reversed_functor_control,1,28
0,F2:validation:111,symbol_mismatch,failure,23,,23,validation,F2,28,-3.656808853149414,canonical_functor_control,0,23
0,F2:validation:327,symbol_mismatch,failure,23,,23,validation,F2,28,-5.288957595825195,reversed_functor_control,0,23
1,F2:validation:90,,binding,23,18=25,25,validation,F2,25,4.459014892578125,reversed_predicate_control,1,25
1,F2:validation:184,,binding,23,26=24,24,validation,F2,24,4.17240047454834,reversed_predicate_control,1,24
1,F2:validation:626,,binding,23,21=17,17,validation,F2,17,5.23543643951416,canonical_predicate_control,1,17
1,F2:validation:676,,binding,23,22=18,18,validation,F2,18,1.4718818664550781,canonical_functor_control,1,18
1,F2:validation:731,symbol_mismatch,failure,23,,28,validation,F2,28,9.918846130371094,canonical_predicate_control,1,28
1,F2:validation:25,symbol_mismatch,failure,23,,28,validation,F2,28,10.003083229064941,reversed_functor_control,1,28
1,F2:validation:265,symbol_mismatch,failure,23,,28,validation,F2,28,0.35792064666748047,reversed_predicate_control,1,28
1,F2:validation:45,symbol_mismatch,failure,23,,28,validation,F2,28,11.44276475906372,reversed_functor_control,1,28
1,F2:validation:86,,binding,23,17=23,23,validation,F2,23,3.2029037475585938,reversed_predicate_control,1,23
1,F2:validation:615,symbol_mismatch,failure,23,,28,validation,F2,28,8.006625652313232,reversed_functor_control,1,28
1,F2:validation:104,,binding,23,17=20,20,validation,F2,20,4.095229148864746,canonical_functor_control,1,20
0,F2:validation:574,,binding,23,20=27,28,validation,F2,27,-0.6269741058349609,reversed_predicate_control,0,28
1,F2:validation:582,,binding,23,23=19,19,validation,F2,19,2.6224117279052734,canonical_functor_control,1,19
1,F2:validation:20,,binding,23,16=26,26,validation,F2,26,5.216453552246094,canonical_functor_control,1,26
1,F2:validation:253,symbol_mismatch,failure,23,,28,validation,F2,28,4.793951034545898,canonical_predicate_control,1,28
0,F2:validation:438,,binding,23,22=19,28,validation,F2,19,-0.6739816665649414,canonical_predicate_control,0,28
1,F2:validation:245,symbol_mismatch,failure,23,,28,validation,F2,28,10.892441749572754,canonical_predicate_control,1,28
1,F2:validation:424,,binding,23,25=24,24,validation,F2,24,4.3820648193359375,reversed_functor_control,1,24
1,F2:validation:156,,binding,23,21=22,22,validation,F2,22,2.6160688400268555,canonical_predicate_control,1,22
1,F2:validation:693,symbol_mismatch,failure,23,,28,validation,F2,28,6.897137641906738,canonical_functor_control,1,28
1,F2:validation:38,,binding,23,19=23,23,validation,F2,23,1.4674615859985352,reversed_functor_control,1,23
1,F2:validation:638,,binding,23,19=23,23,validation,F2,23,1.5698556900024414,canonical_predicate_control,1,23
1,F2:validation:120,,binding,23,23=16,16,validation,F2,16,4.902494430541992,reversed_functor_control,1,16
1,F2:validation:658,,binding,23,27=21,21,validation,F2,21,0.09666633605957031,reversed_predicate_control,1,21
1,F2:validation:310,,binding,23,17=27,27,validation,F2,27,4.040755271911621,canonical_functor_control,1,27
1,F2:validation:357,symbol_mismatch,failure,23,,28,validation,F2,28,11.556960105895996,canonical_predicate_control,1,28
1,F2:validation:53,symbol_mismatch,failure,23,,28,validation,F2,28,12.677260398864746,canonical_predicate_control,1,28
1,F2:validation:470,,binding,23,16=23,23,validation,F2,23,2.3811445236206055,reversed_predicate_control,1,23
1,F2:validation:281,symbol_mismatch,failure,23,,28,validation,F2,28,3.701340675354004,reversed_predicate_control,1,28
1,F2:validation:170,,binding,23,23=17,17,validation,F2,17,5.083498954772949,reversed_predicate_control,1,17
1,F2:validation:627,symbol_mismatch,failure,23,,28,validation,F2,28,7.37191915512085,canonical_predicate_control,1,28
1,F2:validation:426,,binding,23,19=25,25,validation,F2,25,4.540281295776367,reversed_functor_control,1,25
1,F2:validation:623,symbol_mismatch,failure,23,,28,validation,F2,28,0.5789031982421875,reversed_functor_control,1,28
1,F2:validation:98,,binding,23,24=17,17,validation,F2,17,4.276425361633301,canonical_functor_control,1,17
1,F2:validation:516,,binding,23,20=22,22,validation,F2,22,2.8412742614746094,reversed_functor_control,1,22
1,F2:validation:743,symbol_mismatch,failure,23,,28,validation,F2,28,10.718976497650146,canonical_predicate_control,1,28
0,F2:validation:147,symbol_mismatch,failure,23,,17,validation,F2,28,-2.9079713821411133,canonical_predicate_control,0,17
1,F2:validation:683,symbol_mismatch,failure,23,,28,validation,F2,28,5.849979400634766,canonical_functor_control,1,28
1,F2:validation:402,,binding,23,22=25,25,validation,F2,25,4.382635116577148,canonical_functor_control,1,25
1,F2:validation:304,,binding,23,22=24,24,validation,F2,24,1.9602432250976562,canonical_functor_control,1,24
0,F2:validation:445,symbol_mismatch,failure,23,,22,validation,F2,28,-2.5871925354003906,canonical_predicate_control,0,22
1,F2:validation:318,,binding,23,20=19,19,validation,F2,19,2.525798797607422,reversed_functor_control,1,19
1,F2:validation:645,symbol_mismatch,failure,23,,28,validation,F2,28,8.754034519195557,canonical_predicate_control,1,28
1,F2:validation:9,symbol_mismatch,failure,23,,28,validation,F2,28,11.490481853485107,canonical_functor_control,1,28
1,F2:validation:709,symbol_mismatch,failure,23,,28,validation,F2,28,10.298537731170654,reversed_functor_control,1,28
1,F2:validation:169,symbol_mismatch,failure,23,,28,validation,F2,28,8.993422985076904,reversed_predicate_control,1,28
1,F2:validation:620,,binding,23,23=26,26,validation,F2,26,1.451772689819336,reversed_functor_control,1,26
1,F2:validation:482,,binding,23,19=17,17,validation,F2,17,2.863926887512207,canonical_functor_control,1,17
0,F2:validation:475,symbol_mismatch,failure,23,,25,validation,F2,28,-4.925623893737793,reversed_predicate_control,0,25
1,F2:validation:124,,binding,23,27=18,18,validation,F2,18,2.917355537414551,reversed_functor_control,1,18
1,F2:validation:405,symbol_mismatch,failure,23,,28,validation,F2,28,6.691317558288574,canonical_functor_control,1,28
1,F2:validation:275,symbol_mismatch,failure,23,,28,validation,F2,28,8.981565475463867,reversed_predicate_control,1,28
1,F2:validation:210,,binding,23,23=25,25,validation,F2,25,5.529565811157227,canonical_functor_control,1,25
1,F2:validation:268,,binding,23,22=18,18,validation,F2,18,3.9037113189697266,reversed_predicate_control,1,18
1,F2:validation:592,,binding,23,22=24,24,validation,F2,24,0.53533935546875,canonical_functor_control,1,24
1,F2:validation:308,,binding,23,21=26,26,validation,F2,26,5.330718040466309,canonical_functor_control,1,26
1,F2:validation:212,,binding,23,17=26,26,validation,F2,26,3.260313034057617,canonical_functor_control,1,26
1,F2:validation:279,symbol_mismatch,failure,23,,28,validation,F2,28,9.211065769195557,reversed_predicate_control,1,28
1,F2:validation:40,,binding,23,20=24,24,validation,F2,24,5.107023239135742,reversed_functor_control,1,24
0,F2:validation:276,,binding,23,20=22,28,validation,F2,22,-0.14493465423583984,reversed_predicate_control,0,28
1,F2:validation:89,symbol_mismatch,failure,23,,28,validation,F2,28,7.309680461883545,reversed_predicate_control,1,28
1,F2:validation:261,symbol_mismatch,failure,23,,28,validation,F2,28,6.936635971069336,canonical_predicate_control,1,28
1,F2:validation:174,,binding,23,21=19,19,validation,F2,19,0.8297300338745117,reversed_predicate_control,1,19
1,F2:validation:460,,binding,23,26=18,18,validation,F2,18,3.5233068466186523,reversed_predicate_control,1,18
1,F2:validation:758,,binding,23,26=23,23,validation,F2,23,3.053295135498047,reversed_predicate_control,1,23
1,F2:validation:267,symbol_mismatch,failure,23,,28,validation,F2,28,7.830096244812012,reversed_predicate_control,1,28
1,F2:validation:417,symbol_mismatch,failure,23,,28,validation,F2,28,9.618508338928223,reversed_functor_control,1,28
1,F2:validation:393,symbol_mismatch,failure,23,,28,validation,F2,28,7.932985305786133,canonical_functor_control,1,28
1,F2:validation:474,,binding,23,26=25,25,validation,F2,25,5.425397872924805,reversed_predicate_control,1,25
1,F2:validation:59,symbol_mismatch,failure,23,,28,validation,F2,28,12.135611057281494,canonical_predicate_control,1,28
1,F2:validation:399,symbol_mismatch,failure,23,,28,validation,F2,28,10.225749969482422,canonical_functor_control,1,28
1,F2:validation:510,,binding,23,22=19,19,validation,F2,19,0.9317655563354492,reversed_functor_control,1,19
1,F2:validation:244,,binding,23,25=18,18,validation,F2,18,4.296343803405762,canonical_predicate_control,1,18
1,F2:validation:313,symbol_mismatch,failure,23,,28,validation,F2,28,8.693684577941895,reversed_functor_control,1,28
1,F2:validation:33,symbol_mismatch,failure,23,,28,validation,F2,28,6.412927627563477,reversed_functor_control,1,28
1,F2:validation:646,,binding,23,16=27,27,validation,F2,27,2.4005069732666016,canonical_predicate_control,1,27
1,F2:validation:674,,binding,23,19=17,17,validation,F2,17,4.0881242752075195,canonical_functor_control,1,17
1,F2:validation:533,symbol_mismatch,failure,23,,28,validation,F2,28,7.183317184448242,canonical_predicate_control,1,28
1,F2:validation:747,symbol_mismatch,failure,23,,28,validation,F2,28,6.579991817474365,reversed_predicate_control,1,28
0,F2:validation:639,symbol_mismatch,failure,23,,23,validation,F2,28,-2.1343841552734375,canonical_predicate_control,0,23
1,F2:validation:113,symbol_mismatch,failure,23,,28,validation,F2,28,7.928519248962402,canonical_functor_control,1,28
1,F2:validation:277,symbol_mismatch,failure,23,,28,validation,F2,28,7.051640033721924,reversed_predicate_control,1,28
1,F2:validation:93,symbol_mismatch,failure,23,,28,validation,F2,28,4.8395843505859375,reversed_predicate_control,1,28
1,F2:validation:757,symbol_mismatch,failure,23,,28,validation,F2,28,8.59116268157959,reversed_predicate_control,1,28
1,F2:validation:585,symbol_mismatch,failure,23,,28,validation,F2,28,7.3302130699157715,canonical_functor_control,1,28
1,F2:validation:106,,binding,23,27=21,21,validation,F2,21,1.5506505966186523,canonical_functor_control,1,21
0,F2:validation:621,symbol_mismatch,failure,23,,26,validation,F2,28,-1.915975570678711,reversed_functor_control,0,26
1,F2:validation:359,symbol_mismatch,failure,23,,28,validation,F2,28,9.772708415985107,canonical_predicate_control,1,28
1,F2:validation:144,,binding,23,18=16,16,validation,F2,16,5.663886070251465,canonical_predicate_control,1,16
1,F2:validation:409,symbol_mismatch,failure,23,,28,validation,F2,28,8.176772117614746,reversed_functor_control,1,28
1,F2:validation:42,,binding,23,24=25,25,validation,F2,25,3.9308910369873047,reversed_functor_control,1,25
1,F2:validation:192,,binding,23,23=16,16,validation,F2,16,1.6752691268920898,canonical_functor_control,1,16
1,F2:validation:654,,binding,23,17=19,19,validation,F2,19,2.4014129638671875,reversed_predicate_control,1,19
1,F2:validation:411,symbol_mismatch,failure,23,,28,validation,F2,28,7.74757194519043,reversed_functor_control,1,28
1,F2:validation:506,,binding,23,24=17,17,validation,F2,17,4.188675880432129,reversed_functor_control,1,17
1,F2:validation:622,,binding,23,21=27,27,validation,F2,27,2.1520872116088867,reversed_functor_control,1,27
1,F2:validation:512,,binding,23,17=20,20,validation,F2,20,3.0221948623657227,reversed_functor_control,1,20
1,F2:validation:427,symbol_mismatch,failure,23,,28,validation,F2,28,9.855212688446045,reversed_functor_control,1,28
1,F2:validation:8,,binding,23,22=20,20,validation,F2,20,4.494419097900391,canonical_functor_control,1,20
1,F2:validation:504,,binding,23,19=16,16,validation,F2,16,3.8686952590942383,reversed_functor_control,1,16
1,F2:validation:451,symbol_mismatch,failure,23,,28,validation,F2,28,12.92860460281372,canonical_predicate_control,1,28
1,F2:validation:446,,binding,23,22=23,23,validation,F2,23,3.1728992462158203,canonical_predicate_control,1,23
1,F2:validation:91,symbol_mismatch,failure,23,,28,validation,F2,28,8.975005149841309,reversed_predicate_control,1,28
1,F2:validation:509,symbol_mismatch,failure,23,,28,validation,F2,28,7.116756439208984,reversed_functor_control,1,28
1,F2:validation:698,,binding,23,27=17,17,validation,F2,17,3.0186939239501953,reversed_functor_control,1,17
1,F2:validation:214,,binding,23,18=27,27,validation,F2,27,4.9356184005737305,canonical_functor_control,1,27
1,F2:validation:491,symbol_mismatch,failure,23,,28,validation,F2,28,11.045196533203125,canonical_functor_control,1,28
1,F2:validation:551,symbol_mismatch,failure,23,,28,validation,F2,28,7.242544174194336,canonical_predicate_control,1,28
1,F2:validation:494,,binding,23,20=23,23,validation,F2,23,1.444498062133789,canonical_functor_control,1,23
1,F2:validation:753,symbol_mismatch,failure,23,,28,validation,F2,28,10.954005718231201,reversed_predicate_control,1,28
1,F2:validation:425,symbol_mismatch,failure,23,,28,validation,F2,28,4.696815490722656,reversed_functor_control,1,28
1,F2:validation:355,symbol_mismatch,failure,23,,28,validation,F2,28,7.759532451629639,canonical_predicate_control,1,28
1,F2:validation:312,,binding,23,19=16,16,validation,F2,16,2.137875556945801,reversed_functor_control,1,16
1,F2:validation:376,,binding,23,18=24,24,validation,F2,24,4.452702522277832,reversed_predicate_control,1,24
0,F2:validation:429,symbol_mismatch,failure,23,,26,validation,F2,28,-2.6262588500976562,reversed_functor_control,0,26
1,F2:validation:372,,binding,23,26=22,22,validation,F2,22,3.270510673522949,reversed_predicate_control,1,22
1,F2:validation:385,symbol_mismatch,failure,23,,28,validation,F2,28,9.688607215881348,canonical_functor_control,1,28
1,F2:validation:238,,binding,23,20=27,27,validation,F2,27,0.5901031494140625,reversed_functor_control,1,27
0,F2:validation:588,,binding,23,25=22,28,validation,F2,22,-4.17620325088501,canonical_functor_control,0,28
1,F2:validation:454,,binding,23,19=27,27,validation,F2,27,1.2434415817260742,canonical_predicate_control,1,27
1,F2:validation:55,symbol_mismatch,failure,23,,28,validation,F2,28,7.977806091308594,canonical_predicate_control,1,28
1,F2:validation:610,,binding,23,20=21,21,validation,F2,21,2.127492904663086,reversed_functor_control,1,21
1,F2:validation:518,,binding,23,21=23,23,validation,F2,23,4.516931533813477,reversed_functor_control,1,23
1,F2:validation:717,symbol_mismatch,failure,23,,28,validation,F2,28,7.887984275817871,reversed_functor_control,1,28
1,F2:validation:672,,binding,23,20=16,16,validation,F2,16,4.7929534912109375,canonical_functor_control,1,16
1,F2:validation:606,,binding,23,17=19,19,validation,F2,19,1.2086095809936523,reversed_functor_control,1,19
1,F2:validation:384,,binding,23,17=16,16,validation,F2,16,0.21805286407470703,canonical_functor_control,1,16
1,F2:validation:343,symbol_mismatch,failure,23,,28,validation,F2,28,6.7538042068481445,canonical_predicate_control,1,28
1,F2:validation:604,,binding,23,23=18,18,validation,F2,18,1.9903078079223633,reversed_functor_control,1,18
1,F2:validation:285,symbol_mismatch,failure,23,,28,validation,F2,28,7.764254570007324,reversed_predicate_control,1,28
1,F2:validation:597,symbol_mismatch,failure,23,,28,validation,F2,28,8.854697704315186,canonical_functor_control,1,28
1,F2:validation:609,symbol_mismatch,failure,23,,28,validation,F2,28,4.645112037658691,reversed_functor_control,1,28
1,F2:validation:524,,binding,23,19=26,26,validation,F2,26,3.656707763671875,reversed_functor_control,1,26
1,F2:validation:331,symbol_mismatch,failure,23,,28,validation,F2,28,10.986745834350586,reversed_functor_control,1,28
1,F2:validation:656,,binding,23,22=20,20,validation,F2,20,3.04422664642334,reversed_predicate_control,1,20
1,F2:validation:635,symbol_mismatch,failure,23,,28,validation,F2,28,10.71767520904541,canonical_predicate_control,1,28
1,F2:validation:686,,binding,23,26=23,23,validation,F2,23,3.0569820404052734,canonical_functor_control,1,23
1,F2:validation:632,,binding,23,23=20,20,validation,F2,20,2.0505905151367188,canonical_predicate_control,1,20
0,F2:validation:465,symbol_mismatch,failure,23,,20,validation,F2,28,-3.091043472290039,reversed_predicate_control,0,20
1,F2:validation:92,,binding,23,27=26,26,validation,F2,26,4.254661560058594,reversed_predicate_control,1,26
1,F2:validation:319,symbol_mismatch,failure,23,,28,validation,F2,28,10.11399221420288,reversed_functor_control,1,28
1,F2:validation:749,symbol_mismatch,failure,23,,28,validation,F2,28,10.363669395446777,reversed_predicate_control,1,28
1,F2:validation:360,,binding,23,22=16,16,validation,F2,16,2.665475845336914,reversed_predicate_control,1,16
1,F2:validation:503,symbol_mismatch,failure,23,,28,validation,F2,28,3.7675695419311523,canonical_functor_control,1,28
1,F2:validation:353,symbol_mismatch,failure,23,,28,validation,F2,28,9.832744121551514,canonical_predicate_control,1,28
1,F2:validation:302,,binding,23,26=23,23,validation,F2,23,4.082587242126465,canonical_functor_control,1,23
1,F2:validation:599,symbol_mismatch,failure,23,,28,validation,F2,28,7.44716739654541,canonical_functor_control,1,28
1,F2:validation:154,,binding,23,16=21,21,validation,F2,21,2.0939369201660156,canonical_predicate_control,1,21
1,F2:validation:754,,binding,23,16=21,21,validation,F2,21,1.0980396270751953,reversed_predicate_control,1,21
1,F2:validation:27,symbol_mismatch,failure,23,,28,validation,F2,28,7.3014726638793945,reversed_functor_control,1,28
1,F2:validation:537,symbol_mismatch,failure,23,,28,validation,F2,28,9.38093614578247,canonical_predicate_control,1,28
1,F2:validation:420,,binding,23,27=22,22,validation,F2,22,3.130711555480957,reversed_functor_control,1,22
1,F2:validation:68,,binding,23,24=26,26,validation,F2,26,4.421263694763184,canonical_predicate_control,1,26
0,F2:validation:416,,binding,23,25=20,28,validation,F2,20,-0.5410861968994141,reversed_functor_control,0,28
1,F2:validation:216,,binding,23,23=16,16,validation,F2,16,4.900640964508057,reversed_functor_control,1,16
1,F2:validation:690,,binding,23,26=25,25,validation,F2,25,5.464029788970947,canonical_functor_control,1,25
1,F2:validation:233,symbol_mismatch,failure,23,,28,validation,F2,28,10.743861675262451,reversed_functor_control,1,28
1,F2:validation:764,,binding,23,16=26,26,validation,F2,26,0.36689090728759766,reversed_predicate_control,1,26
1,F2:validation:56,,binding,23,24=20,20,validation,F2,20,5.360610008239746,canonical_predicate_control,1,20
1,F2:validation:666,,binding,23,23=25,25,validation,F2,25,4.834168434143066,reversed_predicate_control,1,25
1,F2:validation:412,,binding,23,23=18,18,validation,F2,18,5.223928451538086,reversed_functor_control,1,18
1,F2:validation:354,,binding,23,17=25,25,validation,F2,25,4.938521385192871,canonical_predicate_control,1,25
1,F2:validation:722,,binding,23,24=17,17,validation,F2,17,3.8226823806762695,canonical_predicate_control,1,17
1,F2:validation:179,symbol_mismatch,failure,23,,28,validation,F2,28,7.608662128448486,reversed_predicate_control,1,28
1,F2:validation:209,symbol_mismatch,failure,23,,28,validation,F2,28,10.912336349487305,canonical_functor_control,1,28
1,F2:validation:296,,binding,23,16=20,20,validation,F2,20,2.596588134765625,canonical_functor_control,1,20
1,F2:validation:325,symbol_mismatch,failure,23,,28,validation,F2,28,9.280532360076904,reversed_functor_control,1,28
1,F2:validation:576,,binding,23,27=16,16,validation,F2,16,1.4378023147583008,canonical_functor_control,1,16
1,F2:validation:94,,binding,23,18=27,27,validation,F2,27,4.506522178649902,reversed_predicate_control,1,27
1,F2:validation:651,symbol_mismatch,failure,23,,28,validation,F2,28,5.153560638427734,reversed_predicate_control,1,28
1,F2:validation:382,,binding,23,21=27,27,validation,F2,27,2.08457088470459,reversed_predicate_control,1,27
1,F2:validation:462,,binding,23,24=19,19,validation,F2,19,0.46078014373779297,reversed_predicate_control,1,19
1,F2:validation:131,symbol_mismatch,failure,23,,28,validation,F2,28,10.345470905303955,reversed_functor_control,1,28
1,F2:validation:631,symbol_mismatch,failure,23,,28,validation,F2,28,7.375726699829102,canonical_predicate_control,1,28
1,F2:validation:239,symbol_mismatch,failure,23,,28,validation,F2,28,8.031209945678711,reversed_functor_control,1,28
1,F2:validation:164,,binding,23,23=26,26,validation,F2,26,7.98001766204834,canonical_predicate_control,1,26
1,F2:validation:380,,binding,23,22=26,26,validation,F2,26,4.045713424682617,reversed_predicate_control,1,26
0,F2:validation:667,symbol_mismatch,failure,23,,25,validation,F2,28,-5.031648635864258,reversed_predicate_control,0,25
1,F2:validation:379,symbol_mismatch,failure,23,,28,validation,F2,28,4.798177719116211,reversed_predicate_control,1,28
1,F2:validation:377,symbol_mismatch,failure,23,,28,validation,F2,28,7.4051432609558105,reversed_predicate_control,1,28
1,F2:validation:254,,binding,23,20=23,23,validation,F2,23,0.012526512145996094,canonical_predicate_control,1,23
1,F2:validation:18,,binding,23,17=25,25,validation,F2,25,4.9396867752075195,canonical_functor_control,1,25
1,F2:validation:689,symbol_mismatch,failure,23,,28,validation,F2,28,7.345433235168457,canonical_functor_control,1,28
1,F2:validation:608,,binding,23,17=20,20,validation,F2,20,3.2369728088378906,reversed_functor_control,1,20
1,F2:validation:1,symbol_mismatch,failure,23,,28,validation,F2,28,5.914031982421875,canonical_functor_control,1,28
1,F2:validation:697,symbol_mismatch,failure,23,,28,validation,F2,28,7.687123775482178,reversed_functor_control,1,28
1,F2:validation:655,symbol_mismatch,failure,23,,28,validation,F2,28,8.62302303314209,reversed_predicate_control,1,28
1,F2:validation:737,symbol_mismatch,failure,23,,28,validation,F2,28,10.416004657745361,canonical_predicate_control,1,28
1,F2:validation:407,symbol_mismatch,failure,23,,28,validation,F2,28,7.415135383605957,canonical_functor_control,1,28
1,F2:validation:449,symbol_mismatch,failure,23,,28,validation,F2,28,5.401800155639648,canonical_predicate_control,1,28
1,F2:validation:513,symbol_mismatch,failure,23,,28,validation,F2,28,11.743195056915283,reversed_functor_control,1,28
1,F2:validation:688,,binding,23,16=24,24,validation,F2,24,1.7566108703613281,canonical_functor_control,1,24
1,F2:validation:172,,binding,23,17=18,18,validation,F2,18,2.449946403503418,reversed_predicate_control,1,18
1,F2:validation:258,,binding,23,26=25,25,validation,F2,25,4.728518486022949,canonical_predicate_control,1,25
1,F2:validation:523,symbol_mismatch,failure,23,,28,validation,F2,28,9.565984725952148,reversed_functor_control,1,28
1,F2:validation:295,symbol_mismatch,failure,23,,28,validation,F2,28,10.134615421295166,canonical_functor_control,1,28
1,F2:validation:100,,binding,23,20=18,18,validation,F2,18,2.766058921813965,canonical_functor_control,1,18
1,F2:validation:316,,binding,23,17=18,18,validation,F2,18,2.963502883911133,reversed_functor_control,1,18
1,F2:validation:259,symbol_mismatch,failure,23,,28,validation,F2,28,9.347107410430908,canonical_predicate_control,1,28
0,F2:validation:58,,binding,23,20=21,28,validation,F2,21,-3.3416309356689453,canonical_predicate_control,0,28
1,F2:validation:358,,binding,23,22=27,27,validation,F2,27,2.9128828048706055,canonical_predicate_control,1,27
1,F2:validation:61,symbol_mismatch,failure,23,,28,validation,F2,28,2.376397132873535,canonical_predicate_control,1,28
1,F2:validation:368,,binding,23,26=20,20,validation,F2,20,3.4173240661621094,reversed_predicate_control,1,20
1,F2:validation:589,symbol_mismatch,failure,23,,28,validation,F2,28,3.891826629638672,canonical_functor_control,1,28
1,F2:validation:607,symbol_mismatch,failure,23,,28,validation,F2,28,11.786346435546875,reversed_functor_control,1,28
1,F2:validation:660,,binding,23,23=22,22,validation,F2,22,4.237449645996094,reversed_predicate_control,1,22
1,F2:validation:682,,binding,23,17=21,21,validation,F2,21,0.9912786483764648,canonical_functor_control,1,21
1,F2:validation:519,symbol_mismatch,failure,23,,28,validation,F2,28,10.801743030548096,reversed_functor_control,1,28
0,F2:validation:189,symbol_mismatch,failure,23,,26,validation,F2,28,-5.2254486083984375,reversed_predicate_control,0,26
1,F2:validation:193,symbol_mismatch,failure,23,,28,validation,F2,28,9.01981258392334,canonical_functor_control,1,28
1,F2:validation:122,,binding,23,21=17,17,validation,F2,17,3.551274299621582,reversed_functor_control,1,17
1,F2:validation:223,symbol_mismatch,failure,23,,28,validation,F2,28,9.011795043945312,reversed_functor_control,1,28
1,F2:validation:573,symbol_mismatch,failure,23,,28,validation,F2,28,7.885871410369873,reversed_predicate_control,1,28
1,F2:validation:335,symbol_mismatch,failure,23,,28,validation,F2,28,10.029121398925781,reversed_functor_control,1,28
1,F2:validation:175,symbol_mismatch,failure,23,,28,validation,F2,28,9.249562740325928,reversed_predicate_control,1,28
1,F2:validation:415,symbol_mismatch,failure,23,,28,validation,F2,28,10.133187770843506,reversed_functor_control,1,28
1,F2:validation:532,,binding,23,22=18,18,validation,F2,18,1.3305015563964844,canonical_predicate_control,1,18
1,F2:validation:110,,binding,23,16=23,23,validation,F2,23,1.9105863571166992,canonical_functor_control,1,23
1,F2:validation:476,,binding,23,16=26,26,validation,F2,26,5.23931884765625,reversed_predicate_control,1,26
1,F2:validation:138,,binding,23,24=25,25,validation,F2,25,4.656987190246582,reversed_functor_control,1,25
0,F2:validation:153,symbol_mismatch,failure,23,,20,validation,F2,28,-0.3332357406616211,canonical_predicate_control,0,20
1,F2:validation:188,,binding,23,20=26,26,validation,F2,26,4.110775470733643,reversed_predicate_control,1,26
1,F2:validation:206,,binding,23,22=23,23,validation,F2,23,2.7439374923706055,canonical_functor_control,1,23
1,F2:validation:497,symbol_mismatch,failure,23,,28,validation,F2,28,10.108203887939453,canonical_functor_control,1,28
1,F2:validation:366,,binding,23,21=19,19,validation,F2,19,1.6368169784545898,reversed_predicate_control,1,19
1,F2:validation:158,,binding,23,19=23,23,validation,F2,23,1.0565013885498047,canonical_predicate_control,1,23
1,F2:validation:194,,binding,23,23=17,17,validation,F2,17,2.022279739379883,canonical_functor_control,1,17
1,F2:validation:135,symbol_mismatch,failure,23,,28,validation,F2,28,8.8794846534729,reversed_functor_control,1,28
1,F2:validation:112,,binding,23,21=24,24,validation,F2,24,5.638550758361816,canonical_functor_control,1,24
1,F2:validation:386,,binding,23,25=17,17,validation,F2,17,2.9499807357788086,canonical_functor_control,1,17
1,F2:validation:663,symbol_mismatch,failure,23,,28,validation,F2,28,10.389437675476074,reversed_predicate_control,1,28
1,F2:validation:508,,binding,23,27=18,18,validation,F2,18,3.1886463165283203,reversed_functor_control,1,18
1,F2:validation:637,symbol_mismatch,failure,23,,28,validation,F2,28,5.480220794677734,canonical_predicate_control,1,28
1,F2:validation:167,symbol_mismatch,failure,23,,28,validation,F2,28,9.324356079101562,canonical_predicate_control,1,28
1,F2:validation:473,symbol_mismatch,failure,23,,28,validation,F2,28,10.265936851501465,reversed_predicate_control,1,28
1,F2:validation:207,symbol_mismatch,failure,23,,28,validation,F2,28,7.577425956726074,canonical_functor_control,1,28
1,F2:validation:190,,binding,23,19=27,27,validation,F2,27,3.698561668395996,reversed_predicate_control,1,27
1,F2:validation:605,symbol_mismatch,failure,23,,28,validation,F2,28,10.067148685455322,reversed_functor_control,1,28
1,F2:validation:260,,binding,23,18=26,26,validation,F2,26,3.6712074279785156,canonical_predicate_control,1,26
1,F2:validation:10,,binding,23,23=21,21,validation,F2,21,2.355100631713867,canonical_functor_control,1,21
1,F2:validation:314,,binding,23,24=17,17,validation,F2,17,1.7735843658447266,reversed_functor_control,1,17
1,F2:validation:643,symbol_mismatch,failure,23,,28,validation,F2,28,9.100218296051025,canonical_predicate_control,1,28
1,F2:validation:136,,binding,23,25=24,24,validation,F2,24,3.683535575866699,reversed_functor_control,1,24
1,F2:validation:76,,binding,23,25=18,18,validation,F2,18,1.9711532592773438,reversed_predicate_control,1,18
1,F2:validation:95,symbol_mismatch,failure,23,,28,validation,F2,28,9.431849002838135,reversed_predicate_control,1,28
1,F2:validation:677,symbol_mismatch,failure,23,,28,validation,F2,28,6.3960676193237305,canonical_functor_control,1,28
0,F2:validation:636,,binding,23,25=22,28,validation,F2,22,-4.054890155792236,canonical_predicate_control,0,28
0,F2:validation:750,,binding,23,25=19,28,validation,F2,19,-1.0930395126342773,reversed_predicate_control,0,28
0,F2:validation:742,,binding,23,25=27,28,validation,F2,27,-9.4452064037323,canonical_predicate_control,0,28
1,F2:validation:502,,binding,23,25=27,27,validation,F2,27,4.400066375732422,canonical_functor_control,1,27
1,F2:validation:337,symbol_mismatch,failure,23,,28,validation,F2,28,10.770153522491455,canonical_predicate_control,1,28
1,F2:validation:719,symbol_mismatch,failure,23,,28,validation,F2,28,8.002990245819092,reversed_functor_control,1,28
1,F2:validation:142,,binding,23,22=27,27,validation,F2,27,1.953939437866211,reversed_functor_control,1,27
1,F2:validation:404,,binding,23,16=26,26,validation,F2,26,4.020225524902344,canonical_functor_control,1,26
1,F2:validation:290,,binding,23,20=17,17,validation,F2,17,2.6561851501464844,canonical_functor_control,1,17
1,F2:validation:478,,binding,23,24=27,27,validation,F2,27,2.0986156463623047,reversed_predicate_control,1,27
1,F2:validation:590,,binding,23,18=23,23,validation,F2,23,0.802734375,canonical_functor_control,1,23
1,F2:validation:132,,binding,23,25=22,22,validation,F2,22,3.9163427352905273,reversed_functor_control,1,22
1,F2:validation:198,,binding,23,21=19,19,validation,F2,19,0.07508563995361328,canonical_functor_control,1,19
1,F2:validation:263,symbol_mismatch,failure,23,,28,validation,F2,28,9.76913833618164,canonical_predicate_control,1,28
1,F2:validation:675,symbol_mismatch,failure,23,,28,validation,F2,28,6.669495105743408,canonical_functor_control,1,28
1,F2:validation:159,symbol_mismatch,failure,23,,28,validation,F2,28,8.826229572296143,canonical_predicate_control,1,28
1,F2:validation:552,,binding,23,18=16,16,validation,F2,16,3.6895294189453125,reversed_predicate_control,1,16
1,F2:validation:237,symbol_mismatch,failure,23,,28,validation,F2,28,7.708406448364258,reversed_functor_control,1,28
1,F2:validation:29,symbol_mismatch,failure,23,,28,validation,F2,28,4.14585018157959,reversed_functor_control,1,28
1,F2:validation:587,symbol_mismatch,failure,23,,28,validation,F2,28,8.470955848693848,canonical_functor_control,1,28
1,F2:validation:82,,binding,23,17=21,21,validation,F2,21,1.338892936706543,reversed_predicate_control,1,21
1,F2:validation:287,symbol_mismatch,failure,23,,28,validation,F2,28,5.930855751037598,reversed_predicate_control,1,28
1,F2:validation:761,symbol_mismatch,failure,23,,28,validation,F2,28,7.238935470581055,reversed_predicate_control,1,28
1,F2:validation:41,symbol_mismatch,failure,23,,28,validation,F2,28,8.968079090118408,reversed_functor_control,1,28
1,F2:validation:44,,binding,23,16=26,26,validation,F2,26,3.663374900817871,reversed_functor_control,1,26
1,F2:validation:554,,binding,23,26=17,17,validation,F2,17,2.7512359619140625,reversed_predicate_control,1,17
1,F2:validation:673,symbol_mismatch,failure,23,,28,validation,F2,28,3.6045656204223633,canonical_functor_control,1,28
1,F2:validation:720,,binding,23,21=16,16,validation,F2,16,2.216632843017578,canonical_predicate_control,1,16
1,F2:validation:630,,binding,23,26=19,19,validation,F2,19,2.7919015884399414,canonical_predicate_control,1,19
1,F2:validation:659,symbol_mismatch,failure,23,,28,validation,F2,28,9.02324390411377,reversed_predicate_control,1,28
1,F2:validation:680,,binding,23,18=20,20,validation,F2,20,6.276874542236328,canonical_functor_control,1,20
1,F2:validation:328,,binding,23,17=24,24,validation,F2,24,4.737126350402832,reversed_functor_control,1,24
1,F2:validation:501,symbol_mismatch,failure,23,,28,validation,F2,28,1.6523399353027344,canonical_functor_control,1,28
1,F2:validation:126,,binding,23,23=19,19,validation,F2,19,0.9757051467895508,reversed_functor_control,1,19
1,F2:validation:387,symbol_mismatch,failure,23,,28,validation,F2,28,5.372397422790527,canonical_functor_control,1,28
0,F2:validation:197,symbol_mismatch,failure,23,,18,validation,F2,28,-2.4708452224731445,canonical_functor_control,0,18
1,F2:validation:578,,binding,23,20=17,17,validation,F2,17,2.6416053771972656,canonical_functor_control,1,17
1,F2:validation:598,,binding,23,20=27,27,validation,F2,27,6.443485260009766,canonical_functor_control,1,27
0,F2:validation:178,,binding,23,23=21,23,validation,F2,21,-4.713804244995117,reversed_predicate_control,0,23
0,F2:validation:763,symbol_mismatch,failure,23,,25,validation,F2,28,-3.420159339904785,reversed_predicate_control,0,25
1,F2:validation:230,,binding,23,24=23,23,validation,F2,23,4.382458686828613,reversed_functor_control,1,23
1,F2:validation:756,,binding,23,25=22,22,validation,F2,22,2.603663444519043,reversed_predicate_control,1,22
1,F2:validation:408,,binding,23,18=16,16,validation,F2,16,3.452145576477051,reversed_functor_control,1,16
1,F2:validation:715,symbol_mismatch,failure,23,,28,validation,F2,28,10.10155725479126,reversed_functor_control,1,28
1,F2:validation:109,symbol_mismatch,failure,23,,28,validation,F2,28,5.777549743652344,canonical_functor_control,1,28
1,F2:validation:236,,binding,23,18=26,26,validation,F2,26,2.9361467361450195,reversed_functor_control,1,26
1,F2:validation:85,symbol_mismatch,failure,23,,28,validation,F2,28,5.477205276489258,reversed_predicate_control,1,28
1,F2:validation:101,symbol_mismatch,failure,23,,28,validation,F2,28,7.5065388679504395,canonical_functor_control,1,28
1,F2:validation:653,symbol_mismatch,failure,23,,28,validation,F2,28,11.917552947998047,reversed_predicate_control,1,28
1,F2:validation:373,symbol_mismatch,failure,23,,28,validation,F2,28,7.123486518859863,reversed_predicate_control,1,28
1,F2:validation:213,symbol_mismatch,failure,23,,28,validation,F2,28,6.691317558288574,canonical_functor_control,1,28
1,F2:validation:155,symbol_mismatch,failure,23,,28,validation,F2,28,5.303769111633301,canonical_predicate_control,1,28
1,F2:validation:247,symbol_mismatch,failure,23,,28,validation,F2,28,5.756601333618164,canonical_predicate_control,1,28
1,F2:validation:563,symbol_mismatch,failure,23,,28,validation,F2,28,10.885538101196289,reversed_predicate_control,1,28
1,F2:validation:665,symbol_mismatch,failure,23,,28,validation,F2,28,2.296039581298828,reversed_predicate_control,1,28
1,F2:validation:240,,binding,23,21=16,16,validation,F2,16,1.5410661697387695,canonical_predicate_control,1,16
0,F2:validation:17,symbol_mismatch,failure,23,,24,validation,F2,28,-0.11410713195800781,canonical_functor_control,0,24
1,F2:validation:243,symbol_mismatch,failure,23,,28,validation,F2,28,5.960051536560059,canonical_predicate_control,1,28
1,F2:validation:648,,binding,23,26=16,16,validation,F2,16,4.0756378173828125,reversed_predicate_control,1,16
1,F2:validation:145,symbol_mismatch,failure,23,,28,validation,F2,28,6.738714218139648,canonical_predicate_control,1,28
1,F2:validation:339,symbol_mismatch,failure,23,,28,validation,F2,28,8.884401321411133,canonical_predicate_control,1,28
0,F2:validation:443,symbol_mismatch,failure,23,,21,validation,F2,28,-3.158583641052246,canonical_predicate_control,0,21
1,F2:validation:30,,binding,23,25=19,19,validation,F2,19,0.7523860931396484,reversed_functor_control,1,19
1,F2:validation:704,,binding,23,23=20,20,validation,F2,20,1.8432741165161133,reversed_functor_control,1,20
1,F2:validation:725,symbol_mismatch,failure,23,,28,validation,F2,28,8.812141418457031,canonical_predicate_control,1,28
1,F2:validation:760,,binding,23,20=24,24,validation,F2,24,4.964709281921387,reversed_predicate_control,1,24
1,F2:validation:536,,binding,23,25=20,20,validation,F2,20,3.7963714599609375,canonical_predicate_control,1,20
1,F2:validation:430,,binding,23,23=27,27,validation,F2,27,2.3805694580078125,reversed_functor_control,1,27
1,F2:validation:724,,binding,23,16=18,18,validation,F2,18,1.4394645690917969,canonical_predicate_control,1,18
1,F2:validation:303,symbol_mismatch,failure,23,,28,validation,F2,28,5.876354694366455,canonical_functor_control,1,28
1,F2:validation:741,symbol_mismatch,failure,23,,28,validation,F2,28,9.383204936981201,canonical_predicate_control,1,28
1,F2:validation:556,,binding,23,27=18,18,validation,F2,18,3.8054914474487305,reversed_predicate_control,1,18
1,F2:validation:718,,binding,23,18=27,27,validation,F2,27,4.818824768066406,reversed_functor_control,1,27
1,F2:validation:196,,binding,23,16=18,18,validation,F2,18,1.9254169464111328,canonical_functor_control,1,18
1,F2:validation:146,,binding,23,27=17,17,validation,F2,17,2.8665103912353516,canonical_predicate_control,1,17
1,F2:validation:250,,binding,23,16=21,21,validation,F2,21,1.9737319946289062,canonical_predicate_control,1,21
1,F2:validation:735,symbol_mismatch,failure,23,,28,validation,F2,28,10.821671962738037,canonical_predicate_control,1,28
1,F2:validation:338,,binding,23,20=17,17,validation,F2,17,2.6057376861572266,canonical_predicate_control,1,17
1,F2:validation:97,symbol_mismatch,failure,23,,28,validation,F2,28,9.504239082336426,canonical_functor_control,1,28
1,F2:validation:538,,binding,23,25=21,21,validation,F2,21,2.9059267044067383,canonical_predicate_control,1,21
1,F2:validation:35,symbol_mismatch,failure,23,,28,validation,F2,28,9.257992267608643,reversed_functor_control,1,28
1,F2:validation:103,symbol_mismatch,failure,23,,28,validation,F2,28,7.771202564239502,canonical_functor_control,1,28
1,F2:validation:351,symbol_mismatch,failure,23,,28,validation,F2,28,8.191502571105957,canonical_predicate_control,1,28
1,F2:validation:388,,binding,23,21=18,18,validation,F2,18,4.05401611328125,canonical_functor_control,1,18
1,F2:validation:567,symbol_mismatch,failure,23,,28,validation,F2,28,10.003581523895264,reversed_predicate_control,1,28
1,F2:validation:297,symbol_mismatch,failure,23,,28,validation,F2,28,8.775004386901855,canonical_functor_control,1,28
1,F2:validation:246,,binding,23,21=19,19,validation,F2,19,2.7758655548095703,canonical_predicate_control,1,19
1,F2:validation:640,,binding,23,26=24,24,validation,F2,24,2.396111488342285,canonical_predicate_control,1,24
1,F2:validation:394,,binding,23,25=21,21,validation,F2,21,3.1916751861572266,canonical_functor_control,1,21
1,F2:validation:350,,binding,23,17=23,23,validation,F2,23,2.774367332458496,canonical_predicate_control,1,23
0,F2:validation:579,symbol_mismatch,failure,23,,17,validation,F2,28,-3.3562278747558594,canonical_functor_control,0,17
1,F2:validation:375,symbol_mismatch,failure,23,,28,validation,F2,28,7.515627861022949,reversed_predicate_control,1,28
1,F2:validation:468,,binding,23,16=22,22,validation,F2,22,3.3207740783691406,reversed_predicate_control,1,22
1,F2:validation:344,,binding,23,24=20,20,validation,F2,20,4.8080034255981445,canonical_predicate_control,1,20
1,F2:validation:88,,binding,23,20=24,24,validation,F2,24,5.243956565856934,reversed_predicate_control,1,24
1,F2:validation:401,symbol_mismatch,failure,23,,28,validation,F2,28,5.494086265563965,canonical_functor_control,1,28
1,F2:validation:46,,binding,23,25=27,27,validation,F2,27,4.299959182739258,reversed_functor_control,1,27
1,F2:validation:7,symbol_mismatch,failure,23,,28,validation,F2,28,0.561091423034668,canonical_functor_control,1,28
0,F2:validation:235,symbol_mismatch,failure,23,,25,validation,F2,28,-2.0552453994750977,reversed_functor_control,0,25
1,F2:validation:432,,binding,23,24=16,16,validation,F2,16,4.528655052185059,canonical_predicate_control,1,16
1,F2:validation:51,symbol_mismatch,failure,23,,28,validation,F2,28,8.192589282989502,canonical_predicate_control,1,28
1,F2:validation:67,symbol_mismatch,failure,23,,28,validation,F2,28,5.023181438446045,canonical_predicate_control,1,28
1,F2:validation:759,symbol_mismatch,failure,23,,28,validation,F2,28,10.82145643234253,reversed_predicate_control,1,28
1,F2:validation:65,symbol_mismatch,failure,23,,28,validation,F2,28,5.8038129806518555,canonical_predicate_control,1,28
1,F2:validation:221,symbol_mismatch,failure,23,,28,validation,F2,28,10.304835796356201,reversed_functor_control,1,28
1,F2:validation:662,,binding,23,20=23,23,validation,F2,23,5.4972615242004395,reversed_predicate_control,1,23
1,F2:validation:545,symbol_mismatch,failure,23,,28,validation,F2,28,7.336858749389648,canonical_predicate_control,1,28
1,F2:validation:746,,binding,23,18=17,17,validation,F2,17,4.433967590332031,reversed_predicate_control,1,17
1,F2:validation:530,,binding,23,21=17,17,validation,F2,17,4.585968971252441,canonical_predicate_control,1,17
1,F2:validation:679,symbol_mismatch,failure,23,,28,validation,F2,28,7.489565372467041,canonical_functor_control,1,28
1,F2:validation:522,,binding,23,16=25,25,validation,F2,25,5.341193199157715,reversed_functor_control,1,25
1,F2:validation:332,,binding,23,22=26,26,validation,F2,26,6.112458229064941,reversed_functor_control,1,26
1,F2:validation:228,,binding,23,16=22,22,validation,F2,22,3.197392463684082,reversed_functor_control,1,22
1,F2:validation:371,symbol_mismatch,failure,23,,28,validation,F2,28,5.222269535064697,reversed_predicate_control,1,28
1,F2:validation:348,,binding,23,24=22,22,validation,F2,22,1.3007898330688477,canonical_predicate_control,1,22
1,F2:validation:381,symbol_mismatch,failure,23,,28,validation,F2,28,7.8592448234558105,reversed_predicate_control,1,28
1,F2:validation:62,,binding,23,18=23,23,validation,F2,23,2.954620361328125,canonical_predicate_control,1,23
1,F2:validation:176,,binding,23,19=20,20,validation,F2,20,1.4983701705932617,reversed_predicate_control,1,20
0,F2:validation:21,symbol_mismatch,failure,23,,26,validation,F2,28,-0.8490772247314453,canonical_functor_control,0,26
1,F2:validation:580,,binding,23,24=18,18,validation,F2,18,1.4668073654174805,canonical_functor_control,1,18
1,F2:validation:448,,binding,23,18=24,24,validation,F2,24,3.021918296813965,canonical_predicate_control,1,24
1,F2:validation:99,symbol_mismatch,failure,23,,28,validation,F2,28,0.25684642791748047,canonical_functor_control,1,28
1,F2:validation:37,symbol_mismatch,failure,23,,28,validation,F2,28,1.4257783889770508,reversed_functor_control,1,28
1,F2:validation:280,,binding,23,16=24,24,validation,F2,24,3.0791215896606445,reversed_predicate_control,1,24
1,F2:validation:603,symbol_mismatch,failure,23,,28,validation,F2,28,8.77977180480957,reversed_functor_control,1,28
1,F2:validation:148,,binding,23,23=18,18,validation,F2,18,5.166731834411621,canonical_predicate_control,1,18
1,F2:validation:414,,binding,23,23=19,19,validation,F2,19,1.6454858779907227,reversed_functor_control,1,19
1,F2:validation:541,symbol_mismatch,failure,23,,28,validation,F2,28,5.1465301513671875,canonical_predicate_control,1,28
1,F2:validation:745,symbol_mismatch,failure,23,,28,validation,F2,28,8.682769298553467,reversed_predicate_control,1,28
1,F2:validation:128,,binding,23,24=20,20,validation,F2,20,3.671839714050293,reversed_functor_control,1,20
1,F2:validation:692,,binding,23,18=26,26,validation,F2,26,4.259453773498535,canonical_functor_control,1,26
1,F2:validation:471,symbol_mismatch,failure,23,,28,validation,F2,28,11.09219217300415,reversed_predicate_control,1,28
1,F2:validation:278,,binding,23,24=23,23,validation,F2,23,3.7938709259033203,reversed_predicate_control,1,23
1,F2:validation:326,,binding,23,26=23,23,validation,F2,23,0.22666168212890625,reversed_functor_control,1,23
1,F2:validation:333,symbol_mismatch,failure,23,,28,validation,F2,28,9.81845998764038,reversed_functor_control,1,28
0,F2:validation:320,,binding,23,16=20,28,validation,F2,20,-5.4827799797058105,reversed_functor_control,0,28
1,F2:validation:751,symbol_mismatch,failure,23,,28,validation,F2,28,4.087369918823242,reversed_predicate_control,1,28
1,F2:validation:218,,binding,23,16=17,17,validation,F2,17,2.7576541900634766,reversed_functor_control,1,17
1,F2:validation:568,,binding,23,21=24,24,validation,F2,24,4.432914733886719,reversed_predicate_control,1,24
1,F2:validation:11,symbol_mismatch,failure,23,,28,validation,F2,28,10.718117237091064,canonical_functor_control,1,28
1,F2:validation:723,symbol_mismatch,failure,23,,28,validation,F2,28,5.348003387451172,canonical_predicate_control,1,28
1,F2:validation:286,,binding,23,24=27,27,validation,F2,27,2.727031707763672,reversed_predicate_control,1,27
1,F2:validation:485,symbol_mismatch,failure,23,,28,validation,F2,28,7.828907489776611,canonical_functor_control,1,28
1,F2:validation:43,symbol_mismatch,failure,23,,28,validation,F2,28,8.685790538787842,reversed_functor_control,1,28
1,F2:validation:389,symbol_mismatch,failure,23,,28,validation,F2,28,4.503194808959961,canonical_functor_control,1,28
1,F2:validation:566,,binding,23,19=23,23,validation,F2,23,1.4015464782714844,reversed_predicate_control,1,23
1,F2:validation:423,symbol_mismatch,failure,23,,28,validation,F2,28,8.109848022460938,reversed_functor_control,1,28
1,F2:validation:181,symbol_mismatch,failure,23,,28,validation,F2,28,7.727651119232178,reversed_predicate_control,1,28
1,F2:validation:301,symbol_mismatch,failure,23,,28,validation,F2,28,3.624603271484375,canonical_functor_control,1,28
1,F2:validation:480,,binding,23,21=16,16,validation,F2,16,3.7485198974609375,canonical_functor_control,1,16
1,F2:validation:546,,binding,23,26=25,25,validation,F2,25,5.095571517944336,canonical_predicate_control,1,25
1,F2:validation:356,,binding,23,21=26,26,validation,F2,26,5.71804141998291,canonical_predicate_control,1,26
1,F2:validation:489,symbol_mismatch,failure,23,,28,validation,F2,28,5.428964614868164,canonical_functor_control,1,28
1,F2:validation:69,symbol_mismatch,failure,23,,28,validation,F2,28,9.283648014068604,canonical_predicate_control,1,28
1,F2:validation:141,symbol_mismatch,failure,23,,28,validation,F2,28,9.77086877822876,reversed_functor_control,1,28
1,F2:validation:581,symbol_mismatch,failure,23,,28,validation,F2,28,3.6924333572387695,canonical_functor_control,1,28
1,F2:validation:507,symbol_mismatch,failure,23,,28,validation,F2,28,8.831207275390625,reversed_functor_control,1,28
0,F2:validation:347,symbol_mismatch,failure,23,,21,validation,F2,28,-0.9201774597167969,canonical_predicate_control,0,21
1,F2:validation:472,,binding,23,27=24,24,validation,F2,24,3.8715572357177734,reversed_predicate_control,1,24
1,F2:validation:107,symbol_mismatch,failure,23,,28,validation,F2,28,11.588589191436768,canonical_functor_control,1,28
1,F2:validation:52,,binding,23,24=18,18,validation,F2,18,1.4762554168701172,canonical_predicate_control,1,18
0,F2:validation:463,symbol_mismatch,failure,23,,19,validation,F2,28,-0.25249290466308594,reversed_predicate_control,0,19
1,F2:validation:96,,binding,23,25=16,16,validation,F2,16,4.259559631347656,canonical_functor_control,1,16
1,F2:validation:740,,binding,23,17=26,26,validation,F2,26,4.096875190734863,canonical_predicate_control,1,26
0,F2:validation:466,,binding,23,19=21,28,validation,F2,21,-2.0798797607421875,reversed_predicate_control,0,28
1,F2:validation:283,symbol_mismatch,failure,23,,28,validation,F2,28,13.57107162475586,reversed_predicate_control,1,28
1,F2:validation:526,,binding,23,22=27,27,validation,F2,27,1.5478439331054688,reversed_functor_control,1,27
1,F2:validation:535,symbol_mismatch,failure,23,,28,validation,F2,28,7.632801055908203,canonical_predicate_control,1,28
1,F2:validation:57,symbol_mismatch,failure,23,,28,validation,F2,28,10.384349822998047,canonical_predicate_control,1,28
1,F2:validation:157,symbol_mismatch,failure,23,,28,validation,F2,28,5.851903915405273,canonical_predicate_control,1,28
1,F2:validation:129,symbol_mismatch,failure,23,,28,validation,F2,28,12.053479671478271,reversed_functor_control,1,28
1,F2:validation:455,symbol_mismatch,failure,23,,28,validation,F2,28,8.865315437316895,canonical_predicate_control,1,28
1,F2:validation:309,symbol_mismatch,failure,23,,28,validation,F2,28,6.858819007873535,canonical_functor_control,1,28
1,F2:validation:591,symbol_mismatch,failure,23,,28,validation,F2,28,8.45054578781128,canonical_functor_control,1,28
1,F2:validation:564,,binding,23,24=22,22,validation,F2,22,3.892803192138672,reversed_predicate_control,1,22
1,F2:validation:586,,binding,23,27=21,21,validation,F2,21,2.4582958221435547,canonical_functor_control,1,21
1,F2:validation:493,symbol_mismatch,failure,23,,28,validation,F2,28,4.871020317077637,canonical_functor_control,1,28
1,F2:validation:60,,binding,23,18=22,22,validation,F2,22,1.9698619842529297,canonical_predicate_control,1,22
1,F2:validation:367,symbol_mismatch,failure,23,,28,validation,F2,28,7.668912887573242,reversed_predicate_control,1,28
1,F2:validation:311,symbol_mismatch,failure,23,,28,validation,F2,28,7.680920600891113,canonical_functor_control,1,28
0,F2:validation:459,symbol_mismatch,failure,23,,17,validation,F2,28,-2.56217098236084,reversed_predicate_control,0,17
1,F2:validation:160,,binding,23,22=24,24,validation,F2,24,3.87239933013916,canonical_predicate_control,1,24
1,F2:validation:570,,binding,23,16=25,25,validation,F2,25,4.110011100769043,reversed_predicate_control,1,25
1,F2:validation:736,,binding,23,18=24,24,validation,F2,24,2.967055320739746,canonical_predicate_control,1,24
1,F2:validation:595,symbol_mismatch,failure,23,,28,validation,F2,28,10.510392665863037,canonical_functor_control,1,28
1,F2:validation:16,,binding,23,26=24,24,validation,F2,24,2.741755485534668,canonical_functor_control,1,24
1,F2:validation:161,symbol_mismatch,failure,23,,28,validation,F2,28,10.343671321868896,canonical_predicate_control,1,28
1,F2:validation:710,,binding,23,19=23,23,validation,F2,23,4.55596923828125,reversed_functor_control,1,23
1,F2:validation:739,symbol_mismatch,failure,23,,28,validation,F2,28,8.911245822906494,canonical_predicate_control,1,28
0,F2:validation:702,,binding,23,25=19,28,validation,F2,19,-0.6594467163085938,reversed_functor_control,0,28
1,F2:validation:527,symbol_mismatch,failure,23,,28,validation,F2,28,8.34749698638916,reversed_functor_control,1,28
1,F2:validation:711,symbol_mismatch,failure,23,,28,validation,F2,28,8.373578548431396,reversed_functor_control,1,28
1,F2:validation:143,symbol_mismatch,failure,23,,28,validation,F2,28,6.999388694763184,reversed_functor_control,1,28
1,F2:validation:177,symbol_mismatch,failure,23,,28,validation,F2,28,11.904757022857666,reversed_predicate_control,1,28
1,F2:validation:544,,binding,23,25=24,24,validation,F2,24,2.204130172729492,canonical_predicate_control,1,24
1,F2:validation:661,symbol_mismatch,failure,23,,28,validation,F2,28,8.490781784057617,reversed_predicate_control,1,28
1,F2:validation:649,symbol_mismatch,failure,23,,28,validation,F2,28,8.01075792312622,reversed_predicate_control,1,28
1,F2:validation:714,,binding,23,27=25,25,validation,F2,25,3.808748245239258,reversed_functor_control,1,25
1,F2:validation:185,symbol_mismatch,failure,23,,28,validation,F2,28,7.617203712463379,reversed_predicate_control,1,28
1,F2:validation:225,symbol_mismatch,failure,23,,28,validation,F2,28,10.133639335632324,reversed_functor_control,1,28
0,F2:validation:701,symbol_mismatch,failure,23,,18,validation,F2,28,-3.8948497772216797,reversed_functor_control,0,18
1,F2:validation:403,symbol_mismatch,failure,23,,28,validation,F2,28,8.531110763549805,canonical_functor_control,1,28
1,F2:validation:168,,binding,23,22=16,16,validation,F2,16,4.30045223236084,reversed_predicate_control,1,16
1,F2:validation:696,,binding,23,26=16,16,validation,F2,16,3.94635009765625,reversed_functor_control,1,16
1,F2:validation:307,symbol_mismatch,failure,23,,28,validation,F2,28,8.786056995391846,canonical_functor_control,1,28
1,F2:validation:542,,binding,23,22=23,23,validation,F2,23,3.8104591369628906,canonical_predicate_control,1,23
1,F2:validation:219,symbol_mismatch,failure,23,,28,validation,F2,28,6.458650588989258,reversed_functor_control,1,28
1,F2:validation:201,symbol_mismatch,failure,23,,28,validation,F2,28,10.222650051116943,canonical_functor_control,1,28
0,F2:validation:322,,binding,23,19=21,28,validation,F2,21,-0.2724733352661133,reversed_functor_control,0,28
1,F2:validation:453,symbol_mismatch,failure,23,,28,validation,F2,28,5.330040454864502,canonical_predicate_control,1,28
1,F2:validation:149,symbol_mismatch,failure,23,,28,validation,F2,28,10.76716947555542,canonical_predicate_control,1,28
1,F2:test:761,symbol_mismatch,failure,23,,28,test,F2,28,8.75731897354126,reversed_predicate_control,1,28
0,F2:test:555,symbol_mismatch,failure,23,,17,test,F2,28,-4.355169296264648,reversed_predicate_control,0,17
1,F2:test:495,symbol_mismatch,failure,23,,28,test,F2,28,10.727065563201904,canonical_functor_control,1,28
1,F2:test:479,symbol_mismatch,failure,23,,28,test,F2,28,9.151857376098633,reversed_predicate_control,1,28
1,F2:test:701,symbol_mismatch,failure,23,,28,test,F2,28,11.683038711547852,reversed_functor_control,1,28
1,F2:test:233,symbol_mismatch,failure,23,,28,test,F2,28,8.94714069366455,reversed_functor_control,1,28
1,F2:test:700,,binding,23,16=18,18,test,F2,18,1.2261390686035156,reversed_functor_control,1,18
1,F2:test:560,,binding,23,16=20,20,test,F2,20,0.6587305068969727,reversed_predicate_control,1,20
1,F2:test:467,symbol_mismatch,failure,23,,28,test,F2,28,9.498233795166016,reversed_predicate_control,1,28
1,F2:test:382,,binding,23,20=27,27,test,F2,27,1.6207962036132812,reversed_predicate_control,1,27
1,F2:test:195,symbol_mismatch,failure,23,,28,test,F2,28,4.369291305541992,canonical_functor_control,1,28
1,F2:test:91,symbol_mismatch,failure,23,,28,test,F2,28,11.91892409324646,reversed_predicate_control,1,28
1,F2:test:609,symbol_mismatch,failure,23,,28,test,F2,28,9.916868686676025,reversed_functor_control,1,28
1,F2:test:202,,binding,23,18=21,21,test,F2,21,2.8435707092285156,canonical_functor_control,1,21
1,F2:test:723,symbol_mismatch,failure,23,,28,test,F2,28,5.654959678649902,canonical_predicate_control,1,28
1,F2:test:691,symbol_mismatch,failure,23,,28,test,F2,28,7.40093994140625,canonical_functor_control,1,28
1,F2:test:15,symbol_mismatch,failure,23,,28,test,F2,28,1.2900028228759766,canonical_functor_control,1,28
1,F2:test:583,symbol_mismatch,failure,23,,28,test,F2,28,11.0296950340271,canonical_functor_control,1,28
1,F2:test:163,symbol_mismatch,failure,23,,28,test,F2,28,7.053828716278076,canonical_predicate_control,1,28
1,F2:test:507,symbol_mismatch,failure,23,,28,test,F2,28,6.560707092285156,reversed_functor_control,1,28
1,F2:test:725,symbol_mismatch,failure,23,,28,test,F2,28,7.787533283233643,canonical_predicate_control,1,28
1,F2:test:662,,binding,23,20=23,23,test,F2,23,5.207551002502441,reversed_predicate_control,1,23
0,F2:test:637,symbol_mismatch,failure,23,,22,test,F2,28,-0.6700973510742188,canonical_predicate_control,0,22
1,F2:test:16,,binding,23,26=24,24,test,F2,24,2.0162487030029297,canonical_functor_control,1,24
1,F2:test:359,symbol_mismatch,failure,23,,28,test,F2,28,9.958272457122803,canonical_predicate_control,1,28
1,F2:test:38,,binding,23,25=23,23,test,F2,23,4.8776140213012695,reversed_functor_control,1,23
1,F2:test:165,symbol_mismatch,failure,23,,28,test,F2,28,7.347592353820801,canonical_predicate_control,1,28
1,F2:test:49,symbol_mismatch,failure,23,,28,test,F2,28,2.920699119567871,canonical_predicate_control,1,28
1,F2:test:585,symbol_mismatch,failure,23,,28,test,F2,28,8.549094676971436,canonical_functor_control,1,28
1,F2:test:545,symbol_mismatch,failure,23,,28,test,F2,28,9.686091423034668,canonical_predicate_control,1,28
1,F2:test:353,symbol_mismatch,failure,23,,28,test,F2,28,8.874960899353027,canonical_predicate_control,1,28
1,F2:test:138,,binding,23,18=25,25,test,F2,25,4.023077011108398,reversed_functor_control,1,25
1,F2:test:31,symbol_mismatch,failure,23,,28,test,F2,28,9.072407722473145,reversed_functor_control,1,28
1,F2:test:536,,binding,23,25=20,20,test,F2,20,1.124673843383789,canonical_predicate_control,1,20
1,F2:test:441,symbol_mismatch,failure,23,,28,test,F2,28,11.688879489898682,canonical_predicate_control,1,28
1,F2:test:231,symbol_mismatch,failure,23,,28,test,F2,28,6.596860885620117,reversed_functor_control,1,28
1,F2:test:688,,binding,23,16=24,24,test,F2,24,3.271054267883301,canonical_functor_control,1,24
1,F2:test:210,,binding,23,21=25,25,test,F2,25,5.895673751831055,canonical_functor_control,1,25
1,F2:test:158,,binding,23,27=23,23,test,F2,23,1.487351417541504,canonical_predicate_control,1,23
0,F2:test:685,symbol_mismatch,failure,23,,22,test,F2,28,-3.8691797256469727,canonical_functor_control,0,22
1,F2:test:241,symbol_mismatch,failure,23,,28,test,F2,28,10.076886177062988,canonical_predicate_control,1,28
1,F2:test:2,,binding,23,27=17,17,test,F2,17,3.591703414916992,canonical_functor_control,1,17
0,F2:test:102,,binding,23,18=19,28,test,F2,19,-1.959338665008545,canonical_functor_control,0,28
1,F2:test:18,,binding,23,22=25,25,test,F2,25,5.259358882904053,canonical_functor_control,1,25
1,F2:test:655,symbol_mismatch,failure,23,,28,test,F2,28,9.224939823150635,reversed_predicate_control,1,28
1,F2:test:196,,binding,23,17=18,18,test,F2,18,3.8841352462768555,canonical_functor_control,1,18
1,F2:test:186,,binding,23,16=25,25,test,F2,25,4.4291887283325195,reversed_predicate_control,1,25
1,F2:test:268,,binding,23,25=18,18,test,F2,18,2.138615608215332,reversed_predicate_control,1,18
0,F2:test:465,symbol_mismatch,failure,23,,20,test,F2,28,-2.000577926635742,reversed_predicate_control,0,20
1,F2:test:54,,binding,23,17=19,19,test,F2,19,2.493379592895508,canonical_predicate_control,1,19
1,F2:test:672,,binding,23,20=16,16,test,F2,16,4.676236152648926,canonical_functor_control,1,16
1,F2:test:19,symbol_mismatch,failure,23,,28,test,F2,28,10.363892555236816,canonical_functor_control,1,28
1,F2:test:732,,binding,23,24=22,22,test,F2,22,1.157191276550293,canonical_predicate_control,1,22
1,F2:test:393,symbol_mismatch,failure,23,,28,test,F2,28,10.674458026885986,canonical_functor_control,1,28
1,F2:test:307,symbol_mismatch,failure,23,,28,test,F2,28,6.342576503753662,canonical_functor_control,1,28
1,F2:test:160,,binding,23,21=24,24,test,F2,24,5.4037580490112305,canonical_predicate_control,1,24
1,F2:test:569,symbol_mismatch,failure,23,,28,test,F2,28,6.1715803146362305,reversed_predicate_control,1,28
1,F2:test:132,,binding,23,25=22,22,test,F2,22,3.936075210571289,reversed_functor_control,1,22
1,F2:test:271,symbol_mismatch,failure,23,,28,test,F2,28,7.795269012451172,reversed_predicate_control,1,28
1,F2:test:754,,binding,23,19=21,21,test,F2,21,0.6760854721069336,reversed_predicate_control,1,21
1,F2:test:407,symbol_mismatch,failure,23,,28,test,F2,28,5.707000732421875,canonical_functor_control,1,28
1,F2:test:624,,binding,23,21=16,16,test,F2,16,1.6290769577026367,canonical_predicate_control,1,16
1,F2:test:1,symbol_mismatch,failure,23,,28,test,F2,28,4.502832412719727,canonical_functor_control,1,28
1,F2:test:151,symbol_mismatch,failure,23,,28,test,F2,28,10.778880596160889,canonical_predicate_control,1,28
1,F2:test:208,,binding,23,19=24,24,test,F2,24,3.0083112716674805,canonical_functor_control,1,24
1,F2:test:472,,binding,23,20=24,24,test,F2,24,2.793628692626953,reversed_predicate_control,1,24
1,F2:test:300,,binding,23,21=22,22,test,F2,22,3.459003448486328,canonical_functor_control,1,22
1,F2:test:618,,binding,23,27=25,25,test,F2,25,4.156414031982422,reversed_functor_control,1,25
1,F2:test:270,,binding,23,17=19,19,test,F2,19,2.0769519805908203,reversed_predicate_control,1,19
0,F2:test:639,symbol_mismatch,failure,23,,23,test,F2,28,-3.6497116088867188,canonical_predicate_control,0,23
1,F2:test:427,symbol_mismatch,failure,23,,28,test,F2,28,9.81342363357544,reversed_functor_control,1,28
1,F2:test:209,symbol_mismatch,failure,23,,28,test,F2,28,9.967419147491455,canonical_functor_control,1,28
1,F2:test:667,symbol_mismatch,failure,23,,28,test,F2,28,11.574584484100342,reversed_predicate_control,1,28
1,F2:test:179,symbol_mismatch,failure,23,,28,test,F2,28,9.969269275665283,reversed_predicate_control,1,28
1,F2:test:442,,binding,23,18=21,21,test,F2,21,3.731142997741699,canonical_predicate_control,1,21
1,F2:test:52,,binding,23,19=18,18,test,F2,18,4.256345748901367,canonical_predicate_control,1,18
1,F2:test:44,,binding,23,21=26,26,test,F2,26,5.202336311340332,reversed_functor_control,1,26
1,F2:test:188,,binding,23,27=26,26,test,F2,26,4.612581253051758,reversed_predicate_control,1,26
1,F2:test:391,symbol_mismatch,failure,23,,28,test,F2,28,10.739020824432373,canonical_functor_control,1,28
1,F2:test:493,symbol_mismatch,failure,23,,28,test,F2,28,6.251729965209961,canonical_functor_control,1,28
1,F2:test:767,symbol_mismatch,failure,23,,28,test,F2,28,8.341063022613525,reversed_predicate_control,1,28
1,F2:test:256,,binding,23,18=24,24,test,F2,24,4.7288594245910645,canonical_predicate_control,1,24
1,F2:test:748,,binding,23,27=18,18,test,F2,18,4.0449018478393555,reversed_predicate_control,1,18
1,F2:test:527,symbol_mismatch,failure,23,,28,test,F2,28,7.281660556793213,reversed_functor_control,1,28
1,F2:test:702,,binding,23,27=19,19,test,F2,19,1.050710678100586,reversed_functor_control,1,19
1,F2:test:475,symbol_mismatch,failure,23,,28,test,F2,28,8.805516242980957,reversed_predicate_control,1,28
1,F2:test:664,,binding,23,19=24,24,test,F2,24,4.293099403381348,reversed_predicate_control,1,24
1,F2:test:375,symbol_mismatch,failure,23,,28,test,F2,28,8.85629653930664,reversed_predicate_control,1,28
1,F2:test:251,symbol_mismatch,failure,23,,28,test,F2,28,10.717128276824951,canonical_predicate_control,1,28
1,F2:test:319,symbol_mismatch,failure,23,,28,test,F2,28,10.4561448097229,reversed_functor_control,1,28
1,F2:test:530,,binding,23,18=17,17,test,F2,17,4.849902153015137,canonical_predicate_control,1,17
1,F2:test:763,symbol_mismatch,failure,23,,28,test,F2,28,14.11728811264038,reversed_predicate_control,1,28
1,F2:test:247,symbol_mismatch,failure,23,,28,test,F2,28,6.05441951751709,canonical_predicate_control,1,28
1,F2:test:296,,binding,23,23=20,20,test,F2,20,2.0288190841674805,canonical_functor_control,1,20
1,F2:test:24,,binding,23,18=16,16,test,F2,16,3.65017032623291,reversed_functor_control,1,16
1,F2:test:461,symbol_mismatch,failure,23,,28,test,F2,28,7.61972713470459,reversed_predicate_control,1,28
1,F2:test:316,,binding,23,20=18,18,test,F2,18,5.54672908782959,reversed_functor_control,1,18
1,F2:test:499,symbol_mismatch,failure,23,,28,test,F2,28,8.764208316802979,canonical_functor_control,1,28
1,F2:test:403,symbol_mismatch,failure,23,,28,test,F2,28,8.229101181030273,canonical_functor_control,1,28
1,F2:test:226,,binding,23,24=21,21,test,F2,21,2.2799720764160156,reversed_functor_control,1,21
1,F2:test:534,,binding,23,22=19,19,test,F2,19,1.5107250213623047,canonical_predicate_control,1,19
1,F2:test:192,,binding,23,22=16,16,test,F2,16,3.691412925720215,canonical_functor_control,1,16
1,F2:test:72,,binding,23,22=16,16,test,F2,16,2.8911352157592773,reversed_predicate_control,1,16
1,F2:test:155,symbol_mismatch,failure,23,,28,test,F2,28,12.788853645324707,canonical_predicate_control,1,28
1,F2:test:116,,binding,23,19=26,26,test,F2,26,1.442901611328125,canonical_functor_control,1,26
1,F2:test:634,,binding,23,27=21,21,test,F2,21,0.9072189331054688,canonical_predicate_control,1,21
1,F2:test:287,symbol_mismatch,failure,23,,28,test,F2,28,0.21435070037841797,reversed_predicate_control,1,28
1,F2:test:22,,binding,23,23=27,27,test,F2,27,3.042098045349121,canonical_functor_control,1,27
1,F2:test:574,,binding,23,21=27,27,test,F2,27,3.7902488708496094,reversed_predicate_control,1,27
1,F2:test:78,,binding,23,22=19,19,test,F2,19,1.6629199981689453,reversed_predicate_control,1,19
1,F2:test:232,,binding,23,17=24,24,test,F2,24,3.931903839111328,reversed_functor_control,1,24
1,F2:test:587,symbol_mismatch,failure,23,,28,test,F2,28,0.3015127182006836,canonical_functor_control,1,28
1,F2:test:223,symbol_mismatch,failure,23,,28,test,F2,28,10.133097648620605,reversed_functor_control,1,28
1,F2:test:146,,binding,23,24=17,17,test,F2,17,5.305818557739258,canonical_predicate_control,1,17
1,F2:test:81,symbol_mismatch,failure,23,,28,test,F2,28,12.076779127120972,reversed_predicate_control,1,28
1,F2:test:710,,binding,23,17=23,23,test,F2,23,3.4357833862304688,reversed_functor_control,1,23
1,F2:test:225,symbol_mismatch,failure,23,,28,test,F2,28,3.7071151733398438,reversed_functor_control,1,28
0,F2:test:619,symbol_mismatch,failure,23,,25,test,F2,28,-3.760009765625,reversed_functor_control,0,25
1,F2:test:302,,binding,23,22=23,23,test,F2,23,3.4921579360961914,canonical_functor_control,1,23
1,F2:test:371,symbol_mismatch,failure,23,,28,test,F2,28,10.418365478515625,reversed_predicate_control,1,28
1,F2:test:762,,binding,23,24=25,25,test,F2,25,3.701094627380371,reversed_predicate_control,1,25
1,F2:test:261,symbol_mismatch,failure,23,,28,test,F2,28,10.758922100067139,canonical_predicate_control,1,28
1,F2:test:244,,binding,23,25=18,18,test,F2,18,4.758172988891602,canonical_predicate_control,1,18
1,F2:test:450,,binding,23,27=25,25,test,F2,25,4.556515216827393,canonical_predicate_control,1,25
1,F2:test:367,symbol_mismatch,failure,23,,28,test,F2,28,9.43124532699585,reversed_predicate_control,1,28
1,F2:test:389,symbol_mismatch,failure,23,,28,test,F2,28,10.907817840576172,canonical_functor_control,1,28
1,F2:test:126,,binding,23,17=19,19,test,F2,19,1.1477508544921875,reversed_functor_control,1,19
1,F2:test:104,,binding,23,17=20,20,test,F2,20,5.295505523681641,canonical_functor_control,1,20
1,F2:test:581,symbol_mismatch,failure,23,,28,test,F2,28,9.41919755935669,canonical_functor_control,1,28
1,F2:test:350,,binding,23,19=23,23,test,F2,23,1.1676759719848633,canonical_predicate_control,1,23
1,F2:test:614,,binding,23,19=23,23,test,F2,23,4.492393493652344,reversed_functor_control,1,23
1,F2:test:757,symbol_mismatch,failure,23,,28,test,F2,28,11.718565464019775,reversed_predicate_control,1,28
1,F2:test:13,symbol_mismatch,failure,23,,28,test,F2,28,3.4646854400634766,canonical_functor_control,1,28
1,F2:test:408,,binding,23,18=16,16,test,F2,16,3.648138999938965,reversed_functor_control,1,16
1,F2:test:747,symbol_mismatch,failure,23,,28,test,F2,28,11.071781635284424,reversed_predicate_control,1,28
0,F2:test:515,symbol_mismatch,failure,23,,21,test,F2,28,-0.6333198547363281,reversed_functor_control,0,21
1,F2:test:141,symbol_mismatch,failure,23,,28,test,F2,28,10.259385585784912,reversed_functor_control,1,28
1,F2:test:272,,binding,23,16=20,20,test,F2,20,0.38190174102783203,reversed_predicate_control,1,20
1,F2:test:451,symbol_mismatch,failure,23,,28,test,F2,28,12.801536083221436,canonical_predicate_control,1,28
1,F2:test:285,symbol_mismatch,failure,23,,28,test,F2,28,8.581736087799072,reversed_predicate_control,1,28
1,F2:test:87,symbol_mismatch,failure,23,,28,test,F2,28,10.018256664276123,reversed_predicate_control,1,28
1,F2:test:150,,binding,23,26=19,19,test,F2,19,2.198284149169922,canonical_predicate_control,1,19
1,F2:test:480,,binding,23,26=16,16,test,F2,16,3.090115547180176,canonical_functor_control,1,16
0,F2:test:113,symbol_mismatch,failure,23,,24,test,F2,28,-2.151118278503418,canonical_functor_control,0,24
1,F2:test:511,symbol_mismatch,failure,23,,28,test,F2,28,10.32897424697876,reversed_functor_control,1,28
1,F2:test:674,,binding,23,20=17,17,test,F2,17,2.5779523849487305,canonical_functor_control,1,17
1,F2:test:206,,binding,23,17=23,23,test,F2,23,2.7806472778320312,canonical_functor_control,1,23
1,F2:test:97,symbol_mismatch,failure,23,,28,test,F2,28,4.986459732055664,canonical_functor_control,1,28
1,F2:test:406,,binding,23,21=27,27,test,F2,27,4.628023147583008,canonical_functor_control,1,27
1,F2:test:193,symbol_mismatch,failure,23,,28,test,F2,28,2.0408830642700195,canonical_functor_control,1,28
1,F2:test:727,symbol_mismatch,failure,23,,28,test,F2,28,7.607707977294922,canonical_predicate_control,1,28
1,F2:test:690,,binding,23,18=25,25,test,F2,25,5.071450710296631,canonical_functor_control,1,25
1,F2:test:395,symbol_mismatch,failure,23,,28,test,F2,28,2.501429557800293,canonical_functor_control,1,28
1,F2:test:83,symbol_mismatch,failure,23,,28,test,F2,28,9.089905738830566,reversed_predicate_control,1,28
1,F2:test:487,symbol_mismatch,failure,23,,28,test,F2,28,10.50300645828247,canonical_functor_control,1,28
1,F2:test:172,,binding,23,17=18,18,test,F2,18,2.963502883911133,reversed_predicate_control,1,18
1,F2:test:425,symbol_mismatch,failure,23,,28,test,F2,28,6.0636796951293945,reversed_functor_control,1,28
1,F2:test:697,symbol_mismatch,failure,23,,28,test,F2,28,5.800864219665527,reversed_functor_control,1,28
0,F2:test:214,,binding,23,24=27,28,test,F2,27,-12.550639152526855,canonical_functor_control,0,28
1,F2:test:627,symbol_mismatch,failure,23,,28,test,F2,28,4.3859100341796875,canonical_predicate_control,1,28
1,F2:test:354,,binding,23,22=25,25,test,F2,25,4.98630428314209,canonical_predicate_control,1,25
0,F2:test:115,symbol_mismatch,failure,23,,25,test,F2,28,-0.5601987838745117,canonical_functor_control,0,25
1,F2:test:695,symbol_mismatch,failure,23,,28,test,F2,28,8.765474796295166,canonical_functor_control,1,28
1,F2:test:404,,binding,23,17=26,26,test,F2,26,5.301244735717773,canonical_functor_control,1,26
1,F2:test:3,symbol_mismatch,failure,23,,28,test,F2,28,6.734869956970215,canonical_functor_control,1,28
1,F2:test:252,,binding,23,19=22,22,test,F2,22,3.8582162857055664,canonical_predicate_control,1,22
1,F2:test:571,symbol_mismatch,failure,23,,28,test,F2,28,8.365310192108154,reversed_predicate_control,1,28
1,F2:test:737,symbol_mismatch,failure,23,,28,test,F2,28,8.566193580627441,canonical_predicate_control,1,28
1,F2:test:329,symbol_mismatch,failure,23,,28,test,F2,28,9.382293224334717,reversed_functor_control,1,28
1,F2:test:171,symbol_mismatch,failure,23,,28,test,F2,28,8.945024490356445,reversed_predicate_control,1,28
1,F2:test:20,,binding,23,21=26,26,test,F2,26,3.6955976486206055,canonical_functor_control,1,26
1,F2:test:203,symbol_mismatch,failure,23,,28,test,F2,28,9.404644966125488,canonical_functor_control,1,28
0,F2:test:418,,binding,23,19=21,28,test,F2,21,-0.8611898422241211,reversed_functor_control,0,28
1,F2:test:557,symbol_mismatch,failure,23,,28,test,F2,28,9.426869869232178,reversed_predicate_control,1,28
1,F2:test:234,,binding,23,17=25,25,test,F2,25,3.1612682342529297,reversed_functor_control,1,25
1,F2:test:559,symbol_mismatch,failure,23,,28,test,F2,28,6.115512847900391,reversed_predicate_control,1,28
1,F2:test:682,,binding,23,26=21,21,test,F2,21,1.007558822631836,canonical_functor_control,1,21
1,F2:test:742,,binding,23,20=27,27,test,F2,27,3.5192689895629883,canonical_predicate_control,1,27
1,F2:test:35,symbol_mismatch,failure,23,,28,test,F2,28,1.101273536682129,reversed_functor_control,1,28
1,F2:test:325,symbol_mismatch,failure,23,,28,test,F2,28,3.74252986907959,reversed_functor_control,1,28
1,F2:test:29,symbol_mismatch,failure,23,,28,test,F2,28,11.600841999053955,reversed_functor_control,1,28
1,F2:test:673,symbol_mismatch,failure,23,,28,test,F2,28,4.823246002197266,canonical_functor_control,1,28
1,F2:test:135,symbol_mismatch,failure,23,,28,test,F2,28,9.861494064331055,reversed_functor_control,1,28
1,F2:test:370,,binding,23,16=21,21,test,F2,21,1.7729625701904297,reversed_predicate_control,1,21
1,F2:test:103,symbol_mismatch,failure,23,,28,test,F2,28,7.7428669929504395,canonical_functor_control,1,28
1,F2:test:586,,binding,23,20=21,21,test,F2,21,3.18295955657959,canonical_functor_control,1,21
1,F2:test:402,,binding,23,21=25,25,test,F2,25,5.881147384643555,canonical_functor_control,1,25
1,F2:test:159,symbol_mismatch,failure,23,,28,test,F2,28,10.191280841827393,canonical_predicate_control,1,28
1,F2:test:349,symbol_mismatch,failure,23,,28,test,F2,28,8.261307716369629,canonical_predicate_control,1,28
1,F2:test:504,,binding,23,27=16,16,test,F2,16,1.4606132507324219,reversed_functor_control,1,16
1,F2:test:85,symbol_mismatch,failure,23,,28,test,F2,28,7.934284687042236,reversed_predicate_control,1,28
1,F2:test:217,symbol_mismatch,failure,23,,28,test,F2,28,5.389870643615723,reversed_functor_control,1,28
1,F2:test:445,symbol_mismatch,failure,23,,28,test,F2,28,4.116059303283691,canonical_predicate_control,1,28
1,F2:test:90,,binding,23,18=25,25,test,F2,25,3.623798370361328,reversed_predicate_control,1,25
1,F2:test:161,symbol_mismatch,failure,23,,28,test,F2,28,8.406563758850098,canonical_predicate_control,1,28
1,F2:test:106,,binding,23,18=21,21,test,F2,21,1.8812294006347656,canonical_functor_control,1,21
1,F2:test:33,symbol_mismatch,failure,23,,28,test,F2,28,8.41321611404419,reversed_functor_control,1,28
1,F2:test:464,,binding,23,25=20,20,test,F2,20,1.3303966522216797,reversed_predicate_control,1,20
1,F2:test:313,symbol_mismatch,failure,23,,28,test,F2,28,6.044649124145508,reversed_functor_control,1,28
1,F2:test:428,,binding,23,27=26,26,test,F2,26,4.672646522521973,reversed_functor_control,1,26
1,F2:test:670,,binding,23,17=27,27,test,F2,27,1.7372798919677734,reversed_predicate_control,1,27
1,F2:test:348,,binding,23,27=22,22,test,F2,22,4.171703338623047,canonical_predicate_control,1,22
1,F2:test:346,,binding,23,24=21,21,test,F2,21,4.267441749572754,canonical_predicate_control,1,21
1,F2:test:601,symbol_mismatch,failure,23,,28,test,F2,28,9.39304256439209,reversed_functor_control,1,28
1,F2:test:384,,binding,23,26=16,16,test,F2,16,2.817720413208008,canonical_functor_control,1,16
1,F2:test:721,symbol_mismatch,failure,23,,28,test,F2,28,11.03779935836792,canonical_predicate_control,1,28
1,F2:test:478,,binding,23,18=27,27,test,F2,27,4.698545455932617,reversed_predicate_control,1,27
1,F2:test:458,,binding,23,26=17,17,test,F2,17,1.0863590240478516,reversed_predicate_control,1,17
1,F2:test:568,,binding,23,19=24,24,test,F2,24,4.746485710144043,reversed_predicate_control,1,24
1,F2:test:596,,binding,23,16=26,26,test,F2,26,4.26341438293457,canonical_functor_control,1,26
1,F2:test:726,,binding,23,20=19,19,test,F2,19,3.1323490142822266,canonical_predicate_control,1,19
1,F2:test:409,symbol_mismatch,failure,23,,28,test,F2,28,7.3138837814331055,reversed_functor_control,1,28
1,F2:test:5,symbol_mismatch,failure,23,,28,test,F2,28,5.689634323120117,canonical_functor_control,1,28
1,F2:test:717,symbol_mismatch,failure,23,,28,test,F2,28,7.54884672164917,reversed_functor_control,1,28
1,F2:test:692,,binding,23,27=26,26,test,F2,26,4.467951774597168,canonical_functor_control,1,26
1,F2:test:611,symbol_mismatch,failure,23,,28,test,F2,28,6.663290500640869,reversed_functor_control,1,28
1,F2:test:416,,binding,23,26=20,20,test,F2,20,4.477557182312012,reversed_functor_control,1,20
1,F2:test:423,symbol_mismatch,failure,23,,28,test,F2,28,9.596266746520996,reversed_functor_control,1,28
1,F2:test:320,,binding,23,27=20,20,test,F2,20,2.952815055847168,reversed_functor_control,1,20
1,F2:test:112,,binding,23,22=24,24,test,F2,24,0.53533935546875,canonical_functor_control,1,24
1,F2:test:105,symbol_mismatch,failure,23,,28,test,F2,28,11.939384460449219,canonical_functor_control,1,28
0,F2:test:68,,binding,23,19=26,28,test,F2,26,-1.6972846984863281,canonical_predicate_control,0,28
1,F2:test:765,symbol_mismatch,failure,23,,28,test,F2,28,7.226491928100586,reversed_predicate_control,1,28
1,F2:test:332,,binding,23,21=26,26,test,F2,26,5.477893829345703,reversed_functor_control,1,26
1,F2:test:117,symbol_mismatch,failure,23,,28,test,F2,28,9.296140193939209,canonical_functor_control,1,28
1,F2:test:440,,binding,23,26=20,20,test,F2,20,4.1426167488098145,canonical_predicate_control,1,20
1,F2:test:595,symbol_mismatch,failure,23,,28,test,F2,28,9.67253589630127,canonical_functor_control,1,28
1,F2:test:218,,binding,23,22=17,17,test,F2,17,2.7188949584960938,reversed_functor_control,1,17
1,F2:test:323,symbol_mismatch,failure,23,,28,test,F2,28,10.281069278717041,reversed_functor_control,1,28
1,F2:test:477,symbol_mismatch,failure,23,,28,test,F2,28,7.5943522453308105,reversed_predicate_control,1,28
1,F2:test:452,,binding,23,24=26,26,test,F2,26,5.497598648071289,canonical_predicate_control,1,26
1,F2:test:514,,binding,23,22=21,21,test,F2,21,2.897336959838867,reversed_functor_control,1,21
1,F2:test:240,,binding,23,17=16,16,test,F2,16,3.4400243759155273,canonical_predicate_control,1,16
1,F2:test:228,,binding,23,26=22,22,test,F2,22,3.587594985961914,reversed_functor_control,1,22
0,F2:test:178,,binding,23,19=21,28,test,F2,21,-0.1963024139404297,reversed_predicate_control,0,28
1,F2:test:607,symbol_mismatch,failure,23,,28,test,F2,28,9.976053237915039,reversed_functor_control,1,28
1,F2:test:744,,binding,23,26=16,16,test,F2,16,4.015207290649414,reversed_predicate_control,1,16
1,F2:test:139,symbol_mismatch,failure,23,,28,test,F2,28,9.897488117218018,reversed_functor_control,1,28
1,F2:test:419,symbol_mismatch,failure,23,,28,test,F2,28,10.729348182678223,reversed_functor_control,1,28
1,F2:test:481,symbol_mismatch,failure,23,,28,test,F2,28,6.722447395324707,canonical_functor_control,1,28
1,F2:test:149,symbol_mismatch,failure,23,,28,test,F2,28,13.013933658599854,canonical_predicate_control,1,28
1,F2:test:612,,binding,23,17=22,22,test,F2,22,2.761140823364258,reversed_functor_control,1,22
1,F2:test:71,symbol_mismatch,failure,23,,28,test,F2,28,7.27337646484375,canonical_predicate_control,1,28
1,F2:test:269,symbol_mismatch,failure,23,,28,test,F2,28,12.81714415550232,reversed_predicate_control,1,28
1,F2:test:474,,binding,23,21=25,25,test,F2,25,3.8086814880371094,reversed_predicate_control,1,25
1,F2:test:76,,binding,23,25=18,18,test,F2,18,2.327564239501953,reversed_predicate_control,1,18
1,F2:test:341,symbol_mismatch,failure,23,,28,test,F2,28,12.31727647781372,canonical_predicate_control,1,28
1,F2:test:678,,binding,23,27=19,19,test,F2,19,2.8261404037475586,canonical_functor_control,1,19
1,F2:test:381,symbol_mismatch,failure,23,,28,test,F2,28,6.94549560546875,reversed_predicate_control,1,28
1,F2:test:630,,binding,23,23=19,19,test,F2,19,2.253995895385742,canonical_predicate_control,1,19
1,F2:test:658,,binding,23,18=21,21,test,F2,21,1.7803630828857422,reversed_predicate_control,1,21
1,F2:test:0,,binding,23,19=16,16,test,F2,16,1.5485515594482422,canonical_functor_control,1,16
0,F2:test:517,symbol_mismatch,failure,23,,23,test,F2,28,-3.577244758605957,reversed_functor_control,0,23
1,F2:test:376,,binding,23,19=24,24,test,F2,24,5.281497001647949,reversed_predicate_control,1,24
1,F2:test:88,,binding,23,19=24,24,test,F2,24,3.0688915252685547,reversed_predicate_control,1,24
1,F2:test:100,,binding,23,25=18,18,test,F2,18,3.888381004333496,canonical_functor_control,1,18
0,F2:test:45,symbol_mismatch,failure,23,,26,test,F2,28,-3.9116525650024414,reversed_functor_control,0,26
0,F2:test:743,symbol_mismatch,failure,23,,27,test,F2,28,-3.272369384765625,canonical_predicate_control,0,27
1,F2:test:131,symbol_mismatch,failure,23,,28,test,F2,28,9.337340354919434,reversed_functor_control,1,28
1,F2:test:521,symbol_mismatch,failure,23,,28,test,F2,28,9.846352100372314,reversed_functor_control,1,28
1,F2:test:110,,binding,23,19=23,23,test,F2,23,0.5109491348266602,canonical_functor_control,1,23
1,F2:test:77,symbol_mismatch,failure,23,,28,test,F2,28,12.400017499923706,reversed_predicate_control,1,28
1,F2:test:378,,binding,23,18=25,25,test,F2,25,3.6265087127685547,reversed_predicate_control,1,25
1,F2:test:157,symbol_mismatch,failure,23,,28,test,F2,28,4.989348411560059,canonical_predicate_control,1,28
1,F2:test:369,symbol_mismatch,failure,23,,28,test,F2,28,11.089994430541992,reversed_predicate_control,1,28
1,F2:test:333,symbol_mismatch,failure,23,,28,test,F2,28,9.434374332427979,reversed_functor_control,1,28
1,F2:test:640,,binding,23,16=24,24,test,F2,24,4.4550933837890625,canonical_predicate_control,1,24
1,F2:test:498,,binding,23,17=25,25,test,F2,25,3.974888801574707,canonical_functor_control,1,25
1,F2:test:566,,binding,23,17=23,23,test,F2,23,2.2942943572998047,reversed_predicate_control,1,23
1,F2:test:284,,binding,23,19=26,26,test,F2,26,1.4683380126953125,reversed_predicate_control,1,26
1,F2:test:96,,binding,23,22=16,16,test,F2,16,3.0183238983154297,canonical_functor_control,1,16
1,F2:test:315,symbol_mismatch,failure,23,,28,test,F2,28,1.3419122695922852,reversed_functor_control,1,28
1,F2:test:230,,binding,23,26=23,23,test,F2,23,3.2758655548095703,reversed_functor_control,1,23
0,F2:test:396,,binding,23,25=22,28,test,F2,22,-4.258464336395264,canonical_functor_control,0,28
1,F2:test:368,,binding,23,25=20,20,test,F2,20,3.016383171081543,reversed_predicate_control,1,20
1,F2:test:439,symbol_mismatch,failure,23,,28,test,F2,28,5.211154937744141,canonical_predicate_control,1,28
1,F2:test:144,,binding,23,22=16,16,test,F2,16,2.725653648376465,canonical_predicate_control,1,16
1,F2:test:720,,binding,23,17=16,16,test,F2,16,2.201920509338379,canonical_predicate_control,1,16
1,F2:test:339,symbol_mismatch,failure,23,,28,test,F2,28,5.644952774047852,canonical_predicate_control,1,28
1,F2:test:360,,binding,23,21=16,16,test,F2,16,2.260289192199707,reversed_predicate_control,1,16
1,F2:test:48,,binding,23,20=16,16,test,F2,16,6.658715724945068,canonical_predicate_control,1,16
1,F2:test:533,symbol_mismatch,failure,23,,28,test,F2,28,9.968756675720215,canonical_predicate_control,1,28
0,F2:test:589,symbol_mismatch,failure,23,,22,test,F2,28,-0.3445615768432617,canonical_functor_control,0,22
1,F2:test:705,symbol_mismatch,failure,23,,28,test,F2,28,9.618195533752441,reversed_functor_control,1,28
1,F2:test:308,,binding,23,19=26,26,test,F2,26,1.365736961364746,canonical_functor_control,1,26
1,F2:test:99,symbol_mismatch,failure,23,,28,test,F2,28,5.377605438232422,canonical_functor_control,1,28
1,F2:test:66,,binding,23,22=25,25,test,F2,25,5.244407653808594,canonical_predicate_control,1,25
0,F2:test:550,,binding,23,24=27,28,test,F2,27,-1.6306123733520508,canonical_predicate_control,0,28
1,F2:test:437,symbol_mismatch,failure,23,,28,test,F2,28,13.342989444732666,canonical_predicate_control,1,28
1,F2:test:531,symbol_mismatch,failure,23,,28,test,F2,28,6.0641865730285645,canonical_predicate_control,1,28
0,F2:test:93,symbol_mismatch,failure,23,,26,test,F2,28,-6.8344526290893555,reversed_predicate_control,0,26
0,F2:test:430,,binding,23,20=27,28,test,F2,27,-1.945906639099121,reversed_functor_control,0,28
1,F2:test:687,symbol_mismatch,failure,23,,28,test,F2,28,6.966536045074463,canonical_functor_control,1,28
1,F2:test:278,,binding,23,20=23,23,test,F2,23,4.7805585861206055,reversed_predicate_control,1,23
1,F2:test:366,,binding,23,21=19,19,test,F2,19,0.5620508193969727,reversed_predicate_control,1,19
1,F2:test:365,symbol_mismatch,failure,23,,28,test,F2,28,11.92024564743042,reversed_predicate_control,1,28
1,F2:test:730,,binding,23,23=21,21,test,F2,21,2.3331480026245117,canonical_predicate_control,1,21
1,F2:test:625,symbol_mismatch,failure,23,,28,test,F2,28,8.989015102386475,canonical_predicate_control,1,28
1,F2:test:729,symbol_mismatch,failure,23,,28,test,F2,28,9.827908039093018,canonical_predicate_control,1,28
1,F2:test:65,symbol_mismatch,failure,23,,28,test,F2,28,10.688939571380615,canonical_predicate_control,1,28
1,F2:test:671,symbol_mismatch,failure,23,,28,test,F2,28,7.154880523681641,reversed_predicate_control,1,28
1,F2:test:142,,binding,23,19=27,27,test,F2,27,4.323698043823242,reversed_functor_control,1,27
1,F2:test:8,,binding,23,22=20,20,test,F2,20,4.529187202453613,canonical_functor_control,1,20
1,F2:test:282,,binding,23,18=25,25,test,F2,25,3.653900146484375,reversed_predicate_control,1,25
1,F2:test:616,,binding,23,25=24,24,test,F2,24,4.708386421203613,reversed_functor_control,1,24
1,F2:test:205,symbol_mismatch,failure,23,,28,test,F2,28,10.77600359916687,canonical_functor_control,1,28
1,F2:test:32,,binding,23,26=20,20,test,F2,20,3.9937124252319336,reversed_functor_control,1,20
1,F2:test:306,,binding,23,17=25,25,test,F2,25,4.092141151428223,canonical_functor_control,1,25
1,F2:test:513,symbol_mismatch,failure,23,,28,test,F2,28,6.344772815704346,reversed_functor_control,1,28
1,F2:test:628,,binding,23,17=18,18,test,F2,18,2.389768600463867,canonical_predicate_control,1,18
1,F2:test:746,,binding,23,27=17,17,test,F2,17,2.7705507278442383,reversed_predicate_control,1,17
1,F2:test:273,symbol_mismatch,failure,23,,28,test,F2,28,7.531559944152832,reversed_predicate_control,1,28
1,F2:test:718,,binding,23,20=27,27,test,F2,27,2.662642478942871,reversed_functor_control,1,27
1,F2:test:520,,binding,23,21=24,24,test,F2,24,3.261733055114746,reversed_functor_control,1,24
1,F2:test:438,,binding,23,26=19,19,test,F2,19,2.450153350830078,canonical_predicate_control,1,19
1,F2:test:140,,binding,23,21=26,26,test,F2,26,5.965139389038086,reversed_functor_control,1,26
1,F2:test:326,,binding,23,24=23,23,test,F2,23,4.306743621826172,reversed_functor_control,1,23
1,F2:test:17,symbol_mismatch,failure,23,,28,test,F2,28,8.163737297058105,canonical_functor_control,1,28
1,F2:test:219,symbol_mismatch,failure,23,,28,test,F2,28,8.934959411621094,reversed_functor_control,1,28
1,F2:test:502,,binding,23,25=27,27,test,F2,27,5.363228797912598,canonical_functor_control,1,27
1,F2:test:277,symbol_mismatch,failure,23,,28,test,F2,28,6.368433952331543,reversed_predicate_control,1,28
1,F2:test:245,symbol_mismatch,failure,23,,28,test,F2,28,8.736119747161865,canonical_predicate_control,1,28
1,F2:test:242,,binding,23,26=17,17,test,F2,17,3.0686893463134766,canonical_predicate_control,1,17
1,F2:test:593,symbol_mismatch,failure,23,,28,test,F2,28,9.071238040924072,canonical_functor_control,1,28
1,F2:test:64,,binding,23,20=24,24,test,F2,24,3.8864641189575195,canonical_predicate_control,1,24
1,F2:test:735,symbol_mismatch,failure,23,,28,test,F2,28,7.301276683807373,canonical_predicate_control,1,28
1,F2:test:204,,binding,23,17=22,22,test,F2,22,2.00559139251709,canonical_functor_control,1,22
1,F2:test:448,,binding,23,26=24,24,test,F2,24,3.4028539657592773,canonical_predicate_control,1,24
1,F2:test:516,,binding,23,21=22,22,test,F2,22,3.2053842544555664,reversed_functor_control,1,22
1,F2:test:668,,binding,23,17=26,26,test,F2,26,2.401034355163574,reversed_predicate_control,1,26
1,F2:test:764,,binding,23,16=26,26,test,F2,26,3.534130096435547,reversed_predicate_control,1,26
1,F2:test:434,,binding,23,24=17,17,test,F2,17,4.164290428161621,canonical_predicate_control,1,17
1,F2:test:286,,binding,23,16=27,27,test,F2,27,2.2512922286987305,reversed_predicate_control,1,27
1,F2:test:651,symbol_mismatch,failure,23,,28,test,F2,28,6.017906188964844,reversed_predicate_control,1,28
1,F2:test:604,,binding,23,27=18,18,test,F2,18,2.903140068054199,reversed_functor_control,1,18
1,F2:test:740,,binding,23,23=26,26,test,F2,26,6.843408584594727,canonical_predicate_control,1,26
1,F2:test:629,symbol_mismatch,failure,23,,28,test,F2,28,3.1020126342773438,canonical_predicate_control,1,28
1,F2:test:189,symbol_mismatch,failure,23,,28,test,F2,28,10.2950758934021,reversed_predicate_control,1,28
1,F2:test:488,,binding,23,22=20,20,test,F2,20,4.2235870361328125,canonical_functor_control,1,20
1,F2:test:36,,binding,23,19=22,22,test,F2,22,1.4844236373901367,reversed_functor_control,1,22
0,F2:test:199,symbol_mismatch,failure,23,,19,test,F2,28,-0.003551483154296875,canonical_functor_control,0,19
1,F2:test:649,symbol_mismatch,failure,23,,28,test,F2,28,7.456771373748779,reversed_predicate_control,1,28
1,F2:test:551,symbol_mismatch,failure,23,,28,test,F2,28,5.85452938079834,canonical_predicate_control,1,28
1,F2:test:26,,binding,23,20=17,17,test,F2,17,3.0091867446899414,reversed_functor_control,1,17
1,F2:test:75,symbol_mismatch,failure,23,,28,test,F2,28,6.455667972564697,reversed_predicate_control,1,28
1,F2:test:613,symbol_mismatch,failure,23,,28,test,F2,28,0.5458583831787109,reversed_functor_control,1,28
1,F2:test:292,,binding,23,16=18,18,test,F2,18,1.107900619506836,canonical_functor_control,1,18
1,F2:test:675,symbol_mismatch,failure,23,,28,test,F2,28,5.633514404296875,canonical_functor_control,1,28
1,F2:test:120,,binding,23,22=16,16,test,F2,16,4.7275495529174805,reversed_functor_control,1,16
1,F2:test:538,,binding,23,23=21,21,test,F2,21,3.521050453186035,canonical_predicate_control,1,21
1,F2:test:383,symbol_mismatch,failure,23,,28,test,F2,28,6.877986431121826,reversed_predicate_control,1,28
0,F2:test:274,,binding,23,16=21,28,test,F2,21,-0.2922945022583008,reversed_predicate_control,0,28
1,F2:test:401,symbol_mismatch,failure,23,,28,test,F2,28,3.6720094680786133,canonical_functor_control,1,28
1,F2:test:532,,binding,23,16=18,18,test,F2,18,0.5683145523071289,canonical_predicate_control,1,18
1,F2:test:597,symbol_mismatch,failure,23,,28,test,F2,28,7.951600551605225,canonical_functor_control,1,28
1,F2:test:444,,binding,23,27=22,22,test,F2,22,2.987977981567383,canonical_predicate_control,1,22
1,F2:test:79,symbol_mismatch,failure,23,,28,test,F2,28,7.261185646057129,reversed_predicate_control,1,28
1,F2:test:69,symbol_mismatch,failure,23,,28,test,F2,28,9.500603675842285,canonical_predicate_control,1,28
1,F2:test:665,symbol_mismatch,failure,23,,28,test,F2,28,7.211503982543945,reversed_predicate_control,1,28
1,F2:test:57,symbol_mismatch,failure,23,,28,test,F2,28,10.644740104675293,canonical_predicate_control,1,28
1,F2:test:623,symbol_mismatch,failure,23,,28,test,F2,28,6.351095199584961,reversed_functor_control,1,28
1,F2:test:147,symbol_mismatch,failure,23,,28,test,F2,28,12.346339702606201,canonical_predicate_control,1,28
1,F2:test:584,,binding,23,25=20,20,test,F2,20,4.831009864807129,canonical_functor_control,1,20
1,F2:test:56,,binding,23,22=20,20,test,F2,20,3.897380828857422,canonical_predicate_control,1,20
1,F2:test:749,symbol_mismatch,failure,23,,28,test,F2,28,2.6682262420654297,reversed_predicate_control,1,28
1,F2:test:351,symbol_mismatch,failure,23,,28,test,F2,28,2.7163591384887695,canonical_predicate_control,1,28
1,F2:test:447,symbol_mismatch,failure,23,,28,test,F2,28,9.689211368560791,canonical_predicate_control,1,28
1,F2:test:343,symbol_mismatch,failure,23,,28,test,F2,28,5.755841255187988,canonical_predicate_control,1,28
0,F2:test:653,symbol_mismatch,failure,23,,18,test,F2,28,-3.9399938583374023,reversed_predicate_control,0,18
1,F2:test:253,symbol_mismatch,failure,23,,28,test,F2,28,9.890594482421875,canonical_predicate_control,1,28
0,F2:test:719,symbol_mismatch,failure,23,,27,test,F2,28,-2.970320701599121,reversed_functor_control,0,27
1,F2:test:731,symbol_mismatch,failure,23,,28,test,F2,28,8.406466484069824,canonical_predicate_control,1,28
1,F2:test:592,,binding,23,25=24,24,test,F2,24,3.8084964752197266,canonical_functor_control,1,24
1,F2:test:426,,binding,23,21=25,25,test,F2,25,3.8354148864746094,reversed_functor_control,1,25
1,F2:test:698,,binding,23,27=17,17,test,F2,17,2.604556083679199,reversed_functor_control,1,17
1,F2:test:373,symbol_mismatch,failure,23,,28,test,F2,28,5.153969764709473,reversed_predicate_control,1,28
1,F2:test:7,symbol_mismatch,failure,23,,28,test,F2,28,9.124269008636475,canonical_functor_control,1,28
0,F2:test:175,symbol_mismatch,failure,23,,19,test,F2,28,-2.0736637115478516,reversed_predicate_control,0,19
1,F2:test:554,,binding,23,19=17,17,test,F2,17,3.072951316833496,reversed_predicate_control,1,17
1,F2:test:4,,binding,23,24=18,18,test,F2,18,2.8261194229125977,canonical_functor_control,1,18
1,F2:test:374,,binding,23,18=23,23,test,F2,23,4.880035400390625,reversed_predicate_control,1,23
1,F2:test:86,,binding,23,24=23,23,test,F2,23,3.6606664657592773,reversed_predicate_control,1,23
0,F2:test:558,,binding,23,16=19,28,test,F2,19,-2.146611213684082,reversed_predicate_control,0,28
1,F2:test:661,symbol_mismatch,failure,23,,28,test,F2,28,8.61815071105957,reversed_predicate_control,1,28
1,F2:test:128,,binding,23,23=20,20,test,F2,20,5.703519344329834,reversed_functor_control,1,20
1,F2:test:194,,binding,23,26=17,17,test,F2,17,3.6113128662109375,canonical_functor_control,1,17
0,F2:test:260,,binding,23,16=26,28,test,F2,26,-4.883431434631348,canonical_predicate_control,0,28
1,F2:test:392,,binding,23,18=20,20,test,F2,20,4.241705894470215,canonical_functor_control,1,20
1,F2:test:123,symbol_mismatch,failure,23,,28,test,F2,28,4.283299446105957,reversed_functor_control,1,28
1,F2:test:136,,binding,23,22=24,24,test,F2,24,2.1720876693725586,reversed_functor_control,1,24
1,F2:test:309,symbol_mismatch,failure,23,,28,test,F2,28,8.043107986450195,canonical_functor_control,1,28
1,F2:test:388,,binding,23,27=18,18,test,F2,18,3.796095848083496,canonical_functor_control,1,18
1,F2:test:659,symbol_mismatch,failure,23,,28,test,F2,28,10.50565481185913,reversed_predicate_control,1,28
1,F2:test:166,,binding,23,24=27,27,test,F2,27,1.332179069519043,canonical_predicate_control,1,27
1,F2:test:280,,binding,23,26=24,24,test,F2,24,4.636002540588379,reversed_predicate_control,1,24
1,F2:test:276,,binding,23,17=22,22,test,F2,22,1.6969594955444336,reversed_predicate_control,1,22
1,F2:test:133,symbol_mismatch,failure,23,,28,test,F2,28,9.271267414093018,reversed_functor_control,1,28
1,F2:test:463,symbol_mismatch,failure,23,,28,test,F2,28,8.676414966583252,reversed_predicate_control,1,28
1,F2:test:84,,binding,23,17=22,22,test,F2,22,2.9009323120117188,reversed_predicate_control,1,22
0,F2:test:283,symbol_mismatch,failure,23,,25,test,F2,28,-3.832437515258789,reversed_predicate_control,0,25
1,F2:test:600,,binding,23,26=16,16,test,F2,16,2.6666173934936523,reversed_functor_control,1,16
1,F2:test:575,symbol_mismatch,failure,23,,28,test,F2,28,7.699129581451416,reversed_predicate_control,1,28
1,F2:test:191,symbol_mismatch,failure,23,,28,test,F2,28,11.888967990875244,reversed_predicate_control,1,28
0,F2:test:229,symbol_mismatch,failure,23,,22,test,F2,28,-2.167860984802246,reversed_functor_control,0,22
1,F2:test:745,symbol_mismatch,failure,23,,28,test,F2,28,9.363101959228516,reversed_predicate_control,1,28
1,F2:test:62,,binding,23,20=23,23,test,F2,23,1.0598840713500977,canonical_predicate_control,1,23
1,F2:test:666,,binding,23,23=25,25,test,F2,25,4.550323486328125,reversed_predicate_control,1,25
1,F2:test:148,,binding,23,19=18,18,test,F2,18,4.254547119140625,canonical_predicate_control,1,18
1,F2:test:483,symbol_mismatch,failure,23,,28,test,F2,28,7.207956314086914,canonical_functor_control,1,28
1,F2:test:121,symbol_mismatch,failure,23,,28,test,F2,28,7.490386009216309,reversed_functor_control,1,28
1,F2:test:537,symbol_mismatch,failure,23,,28,test,F2,28,9.668986797332764,canonical_predicate_control,1,28
1,F2:test:101,symbol_mismatch,failure,23,,28,test,F2,28,5.588703155517578,canonical_functor_control,1,28
1,F2:test:620,,binding,23,24=26,26,test,F2,26,3.6773242950439453,reversed_functor_control,1,26
0,F2:test:51,symbol_mismatch,failure,23,,17,test,F2,28,-1.9312896728515625,canonical_predicate_control,0,17
1,F2:test:176,,binding,23,27=20,20,test,F2,20,4.143113136291504,reversed_predicate_control,1,20
1,F2:test:485,symbol_mismatch,failure,23,,28,test,F2,28,6.8642964363098145,canonical_functor_control,1,28
1,F2:test:297,symbol_mismatch,failure,23,,28,test,F2,28,10.578656673431396,canonical_functor_control,1,28
1,F2:test:713,symbol_mismatch,failure,23,,28,test,F2,28,11.125117778778076,reversed_functor_control,1,28
1,F2:test:716,,binding,23,16=26,26,test,F2,26,1.2994565963745117,reversed_functor_control,1,26
1,F2:test:598,,binding,23,20=27,27,test,F2,27,6.409309387207031,canonical_functor_control,1,27
1,F2:test:539,symbol_mismatch,failure,23,,28,test,F2,28,2.136018753051758,canonical_predicate_control,1,28
0,F2:test:594,,binding,23,18=25,16,test,F2,25,-0.5240726470947266,canonical_functor_control,0,16
0,F2:test:645,symbol_mismatch,failure,23,,26,test,F2,28,-5.277042388916016,canonical_predicate_control,0,26
1,F2:test:689,symbol_mismatch,failure,23,,28,test,F2,28,6.170121192932129,canonical_functor_control,1,28
1,F2:test:344,,binding,23,24=20,20,test,F2,20,2.740659713745117,canonical_predicate_control,1,20
1,F2:test:281,symbol_mismatch,failure,23,,28,test,F2,28,9.485000610351562,reversed_predicate_control,1,28
0,F2:test:548,,binding,23,20=26,28,test,F2,26,-0.29497528076171875,canonical_predicate_control,0,28
1,F2:test:643,symbol_mismatch,failure,23,,28,test,F2,28,10.07695484161377,canonical_predicate_control,1,28
1,F2:test:298,,binding,23,26=21,21,test,F2,21,2.3673391342163086,canonical_functor_control,1,21
1,F2:test:182,,binding,23,24=23,23,test,F2,23,3.768341064453125,reversed_predicate_control,1,23
1,F2:test:535,symbol_mismatch,failure,23,,28,test,F2,28,10.837954044342041,canonical_predicate_control,1,28
1,F2:test:262,,binding,23,17=27,27,test,F2,27,2.633063316345215,canonical_predicate_control,1,27
1,F2:test:317,symbol_mismatch,failure,23,,28,test,F2,28,9.547409534454346,reversed_functor_control,1,28
1,F2:test:410,,binding,23,20=17,17,test,F2,17,3.942734718322754,reversed_functor_control,1,17
1,F2:test:549,symbol_mismatch,failure,23,,28,test,F2,28,6.4202375411987305,canonical_predicate_control,1,28
1,F2:test:125,symbol_mismatch,failure,23,,28,test,F2,28,9.194372177124023,reversed_functor_control,1,28
1,F2:test:704,,binding,23,26=20,20,test,F2,20,3.5729808807373047,reversed_functor_control,1,20
1,F2:test:254,,binding,23,25=23,23,test,F2,23,3.9906301498413086,canonical_predicate_control,1,23
1,F2:test:714,,binding,23,19=25,25,test,F2,25,4.302973747253418,reversed_functor_control,1,25
1,F2:test:114,,binding,23,24=25,25,test,F2,25,3.060688018798828,canonical_functor_control,1,25
1,F2:test:433,symbol_mismatch,failure,23,,28,test,F2,28,9.335076808929443,canonical_predicate_control,1,28
1,F2:test:519,symbol_mismatch,failure,23,,28,test,F2,28,7.440445899963379,reversed_functor_control,1,28
1,F2:test:236,,binding,23,24=26,26,test,F2,26,3.6773242950439453,reversed_functor_control,1,26
1,F2:test:310,,binding,23,17=27,27,test,F2,27,3.2713842391967773,canonical_functor_control,1,27
1,F2:test:387,symbol_mismatch,failure,23,,28,test,F2,28,4.954595565795898,canonical_functor_control,1,28
1,F2:test:173,symbol_mismatch,failure,23,,28,test,F2,28,11.904884815216064,reversed_predicate_control,1,28
1,F2:test:501,symbol_mismatch,failure,23,,28,test,F2,28,6.725221633911133,canonical_functor_control,1,28
1,F2:test:580,,binding,23,23=18,18,test,F2,18,3.7650985717773438,canonical_functor_control,1,18
1,F2:test:679,symbol_mismatch,failure,23,,28,test,F2,28,9.189645290374756,canonical_functor_control,1,28
0,F2:test:715,symbol_mismatch,failure,23,,25,test,F2,28,-2.290189743041992,reversed_functor_control,0,25
1,F2:test:355,symbol_mismatch,failure,23,,28,test,F2,28,4.51542854309082,canonical_predicate_control,1,28
1,F2:test:237,symbol_mismatch,failure,23,,28,test,F2,28,7.290787696838379,reversed_functor_control,1,28
1,F2:test:137,symbol_mismatch,failure,23,,28,test,F2,28,8.615121841430664,reversed_functor_control,1,28
1,F2:test:42,,binding,23,20=25,25,test,F2,25,5.027095794677734,reversed_functor_control,1,25
1,F2:test:358,,binding,23,18=27,27,test,F2,27,4.6326704025268555,canonical_predicate_control,1,27
1,F2:test:540,,binding,23,23=22,22,test,F2,22,1.2488994598388672,canonical_predicate_control,1,22
1,F2:test:660,,binding,23,21=22,22,test,F2,22,2.2611522674560547,reversed_predicate_control,1,22
1,F2:test:626,,binding,23,18=17,17,test,F2,17,5.023563385009766,canonical_predicate_control,1,17
1,F2:test:496,,binding,23,26=24,24,test,F2,24,3.14401912689209,canonical_functor_control,1,24
1,F2:test:34,,binding,23,26=21,21,test,F2,21,2.4226484298706055,reversed_functor_control,1,21
1,F2:test:98,,binding,23,16=17,17,test,F2,17,3.9902639389038086,canonical_functor_control,1,17
1,F2:test:129,symbol_mismatch,failure,23,,28,test,F2,28,11.553027629852295,reversed_functor_control,1,28
1,F2:test:250,,binding,23,26=21,21,test,F2,21,2.3673391342163086,canonical_predicate_control,1,21
1,F2:test:694,,binding,23,21=27,27,test,F2,27,3.713528633117676,canonical_functor_control,1,27
1,F2:test:650,,binding,23,20=17,17,test,F2,17,1.8517236709594727,reversed_predicate_control,1,17
1,F2:test:564,,binding,23,23=22,22,test,F2,22,1.0679693222045898,reversed_predicate_control,1,22
1,F2:test:124,,binding,23,20=18,18,test,F2,18,2.4933977127075195,reversed_functor_control,1,18
0,F2:test:347,symbol_mismatch,failure,23,,21,test,F2,28,-2.5958681106567383,canonical_predicate_control,0,21
0,F2:test:293,symbol_mismatch,failure,23,,18,test,F2,28,-0.42072296142578125,canonical_functor_control,0,18
1,F2:test:122,,binding,23,27=17,17,test,F2,17,2.75710391998291,reversed_functor_control,1,17
1,F2:test:318,,binding,23,22=19,19,test,F2,19,0.6789846420288086,reversed_functor_control,1,19
1,F2:test:291,symbol_mismatch,failure,23,,28,test,F2,28,5.9548258781433105,canonical_functor_control,1,28
1,F2:test:390,,binding,23,17=19,19,test,F2,19,2.826282501220703,canonical_functor_control,1,19
1,F2:test:750,,binding,23,21=19,19,test,F2,19,1.6137590408325195,reversed_predicate_control,1,19
1,F2:test:696,,binding,23,24=16,16,test,F2,16,0.5756092071533203,reversed_functor_control,1,16
1,F2:test:552,,binding,23,18=16,16,test,F2,16,3.693513870239258,reversed_predicate_control,1,16
1,F2:test:466,,binding,23,16=21,21,test,F2,21,2.107630729675293,reversed_predicate_control,1,21
1,F2:test:60,,binding,23,19=22,22,test,F2,22,4.51307487487793,canonical_predicate_control,1,22
1,F2:test:331,symbol_mismatch,failure,23,,28,test,F2,28,9.871085166931152,reversed_functor_control,1,28
0,F2:test:497,symbol_mismatch,failure,23,,24,test,F2,28,-2.9643688201904297,canonical_functor_control,0,24
1,F2:test:642,,binding,23,24=25,25,test,F2,25,2.869955062866211,canonical_predicate_control,1,25
1,F2:test:258,,binding,23,27=25,25,test,F2,25,4.559662342071533,canonical_predicate_control,1,25
1,F2:test:455,symbol_mismatch,failure,23,,28,test,F2,28,11.109370708465576,canonical_predicate_control,1,28
1,F2:test:243,symbol_mismatch,failure,23,,28,test,F2,28,5.806950569152832,canonical_predicate_control,1,28
1,F2:test:573,symbol_mismatch,failure,23,,28,test,F2,28,8.71440839767456,reversed_predicate_control,1,28
1,F2:test:734,,binding,23,16=23,23,test,F2,23,2.2127513885498047,canonical_predicate_control,1,23
1,F2:test:275,symbol_mismatch,failure,23,,28,test,F2,28,6.753787040710449,reversed_predicate_control,1,28
1,F2:test:197,symbol_mismatch,failure,23,,28,test,F2,28,4.016012191772461,canonical_functor_control,1,28
1,F2:test:544,,binding,23,20=24,24,test,F2,24,5.188724040985107,canonical_predicate_control,1,24
1,F2:test:357,symbol_mismatch,failure,23,,28,test,F2,28,0.21149063110351562,canonical_predicate_control,1,28
1,F2:test:543,symbol_mismatch,failure,23,,28,test,F2,28,7.783926010131836,canonical_predicate_control,1,28
1,F2:test:89,symbol_mismatch,failure,23,,28,test,F2,28,6.222862243652344,reversed_predicate_control,1,28
1,F2:test:615,symbol_mismatch,failure,23,,28,test,F2,28,5.810329437255859,reversed_functor_control,1,28
1,F2:test:184,,binding,23,26=24,24,test,F2,24,4.869998931884766,reversed_predicate_control,1,24
1,F2:test:47,symbol_mismatch,failure,23,,28,test,F2,28,3.894763946533203,reversed_functor_control,1,28
1,F2:test:712,,binding,23,20=24,24,test,F2,24,2.748300552368164,reversed_functor_control,1,24
1,F2:test:739,symbol_mismatch,failure,23,,28,test,F2,28,5.488338470458984,canonical_predicate_control,1,28
1,F2:test:446,,binding,23,18=23,23,test,F2,23,3.0212106704711914,canonical_predicate_control,1,23
1,F2:test:414,,binding,23,22=19,19,test,F2,19,1.7073287963867188,reversed_functor_control,1,19
1,F2:test:486,,binding,23,24=19,19,test,F2,19,1.265359878540039,canonical_functor_control,1,19
1,F2:test:567,symbol_mismatch,failure,23,,28,test,F2,28,9.243038654327393,reversed_predicate_control,1,28
1,F2:test:190,,binding,23,22=27,27,test,F2,27,1.5580415725708008,reversed_predicate_control,1,27
1,F2:test:328,,binding,23,19=24,24,test,F2,24,4.913015365600586,reversed_functor_control,1,24
1,F2:test:722,,binding,23,24=17,17,test,F2,17,5.174526214599609,canonical_predicate_control,1,17
0,F2:test:473,symbol_mismatch,failure,23,,24,test,F2,28,-5.050765037536621,reversed_predicate_control,0,24
1,F2:test:170,,binding,23,20=17,17,test,F2,17,2.5977630615234375,reversed_predicate_control,1,17
1,F2:test:82,,binding,23,23=21,21,test,F2,21,1.767796516418457,reversed_predicate_control,1,21
1,F2:test:421,symbol_mismatch,failure,23,,28,test,F2,28,3.8932065963745117,reversed_functor_control,1,28
1,F2:test:528,,binding,23,21=16,16,test,F2,16,1.6236686706542969,canonical_predicate_control,1,16
1,F2:test:453,symbol_mismatch,failure,23,,28,test,F2,28,5.622491836547852,canonical_predicate_control,1,28
1,F2:test:386,,binding,23,20=17,17,test,F2,17,2.640254020690918,canonical_functor_control,1,17
1,F2:test:529,symbol_mismatch,failure,23,,28,test,F2,28,7.855494499206543,canonical_predicate_control,1,28
1,F2:test:74,,binding,23,19=17,17,test,F2,17,3.5201263427734375,reversed_predicate_control,1,17
1,F2:test:303,symbol_mismatch,failure,23,,28,test,F2,28,8.020833492279053,canonical_functor_control,1,28
1,F2:test:588,,binding,23,24=22,22,test,F2,22,2.6578216552734375,canonical_functor_control,1,22
1,F2:test:509,symbol_mismatch,failure,23,,28,test,F2,28,8.208825588226318,reversed_functor_control,1,28
1,F2:test:362,,binding,23,18=17,17,test,F2,17,4.358827590942383,reversed_predicate_control,1,17
1,F2:test:415,symbol_mismatch,failure,23,,28,test,F2,28,7.857524394989014,reversed_functor_control,1,28
1,F2:test:246,,binding,23,27=19,19,test,F2,19,2.588629722595215,canonical_predicate_control,1,19
1,F2:test:352,,binding,23,16=24,24,test,F2,24,5.80075740814209,canonical_predicate_control,1,24
1,F2:test:63,symbol_mismatch,failure,23,,28,test,F2,28,12.039937973022461,canonical_predicate_control,1,28
1,F2:test:248,,binding,23,21=20,20,test,F2,20,5.600229263305664,canonical_predicate_control,1,20
1,F2:test:503,symbol_mismatch,failure,23,,28,test,F2,28,7.026594161987305,canonical_functor_control,1,28
0,F2:test:417,symbol_mismatch,failure,23,,20,test,F2,28,-2.381481170654297,reversed_functor_control,0,20
1,F2:test:420,,binding,23,18=22,22,test,F2,22,4.030926704406738,reversed_functor_control,1,22
1,F2:test:279,symbol_mismatch,failure,23,,28,test,F2,28,10.046667098999023,reversed_predicate_control,1,28
1,F2:test:23,symbol_mismatch,failure,23,,28,test,F2,28,0.007323265075683594,canonical_functor_control,1,28
1,F2:test:648,,binding,23,25=16,16,test,F2,16,2.8324356079101562,reversed_predicate_control,1,16
1,F2:test:336,,binding,23,23=16,16,test,F2,16,1.5197601318359375,canonical_predicate_control,1,16
1,F2:test:522,,binding,23,24=25,25,test,F2,25,3.909459114074707,reversed_functor_control,1,25
1,F2:test:211,symbol_mismatch,failure,23,,28,test,F2,28,2.2277002334594727,canonical_functor_control,1,28
1,F2:test:290,,binding,23,19=17,17,test,F2,17,3.4443206787109375,canonical_functor_control,1,17
1,F2:test:235,symbol_mismatch,failure,23,,28,test,F2,28,10.935147762298584,reversed_functor_control,1,28
1,F2:test:484,,binding,23,19=18,18,test,F2,18,4.23103141784668,canonical_functor_control,1,18
1,F2:test:9,symbol_mismatch,failure,23,,28,test,F2,28,11.58182144165039,canonical_functor_control,1,28
0,F2:test:489,symbol_mismatch,failure,23,,20,test,F2,28,-0.2981433868408203,canonical_functor_control,0,20
1,F2:test:37,symbol_mismatch,failure,23,,28,test,F2,28,3.7050962448120117,reversed_functor_control,1,28
1,F2:test:12,,binding,23,27=22,22,test,F2,22,4.049918174743652,canonical_functor_control,1,22
1,F2:test:46,,binding,23,24=27,27,test,F2,27,2.5017013549804688,reversed_functor_control,1,27
1,F2:test:432,,binding,23,26=16,16,test,F2,16,2.8880767822265625,canonical_predicate_control,1,16
1,F2:test:314,,binding,23,16=17,17,test,F2,17,3.59151554107666,reversed_functor_control,1,17
1,F2:test:372,,binding,23,16=22,22,test,F2,22,2.688364028930664,reversed_predicate_control,1,22
1,F2:test:288,,binding,23,19=16,16,test,F2,16,2.663372039794922,canonical_functor_control,1,16
0,F2:test:621,symbol_mismatch,failure,23,,26,test,F2,28,-4.748128890991211,reversed_functor_control,0,26
1,F2:test:684,,binding,23,23=22,22,test,F2,22,2.6397361755371094,canonical_functor_control,1,22
1,F2:test:212,,binding,23,21=26,26,test,F2,26,5.878231048583984,canonical_functor_control,1,26
1,F2:test:385,symbol_mismatch,failure,23,,28,test,F2,28,5.700473785400391,canonical_functor_control,1,28
1,F2:test:733,symbol_mismatch,failure,23,,28,test,F2,28,7.379545211791992,canonical_predicate_control,1,28
1,F2:test:693,symbol_mismatch,failure,23,,28,test,F2,28,10.815698623657227,canonical_functor_control,1,28
1,F2:test:264,,binding,23,17=16,16,test,F2,16,0.8759994506835938,reversed_predicate_control,1,16
1,F2:test:394,,binding,23,20=21,21,test,F2,21,2.6363086700439453,canonical_functor_control,1,21
1,F2:test:168,,binding,23,19=16,16,test,F2,16,2.707819938659668,reversed_predicate_control,1,16
1,F2:test:345,symbol_mismatch,failure,23,,28,test,F2,28,11.314363479614258,canonical_predicate_control,1,28
1,F2:test:28,,binding,23,22=18,18,test,F2,18,3.9631433486938477,reversed_functor_control,1,18
1,F2:test:377,symbol_mismatch,failure,23,,28,test,F2,28,7.5400190353393555,reversed_predicate_control,1,28
1,F2:test:185,symbol_mismatch,failure,23,,28,test,F2,28,10.913596153259277,reversed_predicate_control,1,28
1,F2:test:541,symbol_mismatch,failure,23,,28,test,F2,28,5.569140434265137,canonical_predicate_control,1,28
0,F2:test:167,symbol_mismatch,failure,23,,27,test,F2,28,-3.023686408996582,canonical_predicate_control,0,27
1,F2:test:109,symbol_mismatch,failure,23,,28,test,F2,28,7.993964195251465,canonical_functor_control,1,28
1,F2:test:524,,binding,23,18=26,26,test,F2,26,2.868326187133789,reversed_functor_control,1,26
1,F2:test:361,symbol_mismatch,failure,23,,28,test,F2,28,8.26547908782959,reversed_predicate_control,1,28
1,F2:test:43,symbol_mismatch,failure,23,,28,test,F2,28,9.815899848937988,reversed_functor_control,1,28
1,F2:test:95,symbol_mismatch,failure,23,,28,test,F2,28,9.828080654144287,reversed_predicate_control,1,28
1,F2:test:58,,binding,23,26=21,21,test,F2,21,2.3676633834838867,canonical_predicate_control,1,21
1,F2:test:239,symbol_mismatch,failure,23,,28,test,F2,28,10.193851470947266,reversed_functor_control,1,28
1,F2:test:14,,binding,23,17=23,23,test,F2,23,3.639148712158203,canonical_functor_control,1,23
1,F2:test:686,,binding,23,24=23,23,test,F2,23,4.4028215408325195,canonical_functor_control,1,23
1,F2:test:449,symbol_mismatch,failure,23,,28,test,F2,28,9.452719688415527,canonical_predicate_control,1,28
1,F2:test:563,symbol_mismatch,failure,23,,28,test,F2,28,7.260566711425781,reversed_predicate_control,1,28
1,F2:test:500,,binding,23,16=26,26,test,F2,26,4.624202728271484,canonical_functor_control,1,26
1,F2:test:266,,binding,23,27=17,17,test,F2,17,2.8469419479370117,reversed_predicate_control,1,17
1,F2:test:654,,binding,23,21=19,19,test,F2,19,1.065129280090332,reversed_predicate_control,1,19
1,F2:test:215,symbol_mismatch,failure,23,,28,test,F2,28,10.607309818267822,canonical_functor_control,1,28
1,F2:test:21,symbol_mismatch,failure,23,,28,test,F2,28,3.118159294128418,canonical_functor_control,1,28
1,F2:test:469,symbol_mismatch,failure,23,,28,test,F2,28,7.4233527183532715,reversed_predicate_control,1,28
1,F2:test:221,symbol_mismatch,failure,23,,28,test,F2,28,7.748147487640381,reversed_functor_control,1,28
1,F2:test:622,,binding,23,25=27,27,test,F2,27,4.606073379516602,reversed_functor_control,1,27
1,F2:test:603,symbol_mismatch,failure,23,,28,test,F2,28,7.502678871154785,reversed_functor_control,1,28
0,F2:test:644,,binding,23,19=26,28,test,F2,26,-5.387463092803955,canonical_predicate_control,0,28
1,F2:test:636,,binding,23,19=22,22,test,F2,22,3.868313789367676,canonical_predicate_control,1,22
1,F2:test:50,,binding,23,18=17,17,test,F2,17,4.323427200317383,canonical_predicate_control,1,17
1,F2:test:164,,binding,23,22=26,26,test,F2,26,3.8404674530029297,canonical_predicate_control,1,26
1,F2:test:299,symbol_mismatch,failure,23,,28,test,F2,28,8.864502429962158,canonical_functor_control,1,28
1,F2:test:617,symbol_mismatch,failure,23,,28,test,F2,28,8.4244065284729,reversed_functor_control,1,28
1,F2:test:259,symbol_mismatch,failure,23,,28,test,F2,28,2.798807144165039,canonical_predicate_control,1,28
1,F2:test:364,,binding,23,25=18,18,test,F2,18,1.2335052490234375,reversed_predicate_control,1,18
1,F2:test:207,symbol_mismatch,failure,23,,28,test,F2,28,7.541520595550537,canonical_functor_control,1,28
1,F2:test:30,,binding,23,17=19,19,test,F2,19,2.426028251647949,reversed_functor_control,1,19
1,F2:test:265,symbol_mismatch,failure,23,,28,test,F2,28,6.341803550720215,reversed_predicate_control,1,28
1,F2:test:709,symbol_mismatch,failure,23,,28,test,F2,28,4.251075744628906,reversed_functor_control,1,28
1,F2:test:591,symbol_mismatch,failure,23,,28,test,F2,28,8.814704895019531,canonical_functor_control,1,28
1,F2:test:379,symbol_mismatch,failure,23,,28,test,F2,28,8.916938781738281,reversed_predicate_control,1,28
1,F2:test:337,symbol_mismatch,failure,23,,28,test,F2,28,7.1602277755737305,canonical_predicate_control,1,28
1,F2:test:6,,binding,23,27=19,19,test,F2,19,2.6606788635253906,canonical_functor_control,1,19
1,F2:test:340,,binding,23,25=18,18,test,F2,18,3.5234127044677734,canonical_predicate_control,1,18
1,F2:test:711,symbol_mismatch,failure,23,,28,test,F2,28,9.08766222000122,reversed_functor_control,1,28
1,F2:test:635,symbol_mismatch,failure,23,,28,test,F2,28,8.649662017822266,canonical_predicate_control,1,28
1,F2:test:118,,binding,23,18=27,27,test,F2,27,4.879885673522949,canonical_functor_control,1,27
1,F2:test:238,,binding,23,18=27,27,test,F2,27,4.81373405456543,reversed_functor_control,1,27
1,F2:test:553,symbol_mismatch,failure,23,,28,test,F2,28,8.055909156799316,reversed_predicate_control,1,28
1,F2:test:482,,binding,23,16=17,17,test,F2,17,3.203923225402832,canonical_functor_control,1,17
1,F2:test:454,,binding,23,20=27,27,test,F2,27,1.421194076538086,canonical_predicate_control,1,27
1,F2:test:80,,binding,23,23=20,20,test,F2,20,1.5438404083251953,reversed_predicate_control,1,20
1,F2:test:255,symbol_mismatch,failure,23,,28,test,F2,28,8.765215396881104,canonical_predicate_control,1,28
1,F2:test:59,symbol_mismatch,failure,23,,28,test,F2,28,9.814888954162598,canonical_predicate_control,1,28
1,F2:test:92,,binding,23,21=26,26,test,F2,26,5.948967933654785,reversed_predicate_control,1,26
1,F2:test:73,symbol_mismatch,failure,23,,28,test,F2,28,6.280649185180664,reversed_predicate_control,1,28
1,F2:test:652,,binding,23,16=18,18,test,F2,18,1.8199653625488281,reversed_predicate_control,1,18
1,F2:test:707,symbol_mismatch,failure,23,,28,test,F2,28,10.066884517669678,reversed_functor_control,1,28
1,F2:test:599,symbol_mismatch,failure,23,,28,test,F2,28,6.443267822265625,canonical_functor_control,1,28
0,F2:test:462,,binding,23,22=19,28,test,F2,19,-0.3343467712402344,reversed_predicate_control,0,28
1,F2:test:590,,binding,23,20=23,23,test,F2,23,3.8149471282958984,canonical_functor_control,1,23
1,F2:test:311,symbol_mismatch,failure,23,,28,test,F2,28,7.278445243835449,canonical_functor_control,1,28
1,F2:test:542,,binding,23,18=23,23,test,F2,23,2.6273880004882812,canonical_predicate_control,1,23
1,F2:test:683,symbol_mismatch,failure,23,,28,test,F2,28,7.431541442871094,canonical_functor_control,1,28
1,F2:test:706,,binding,23,26=21,21,test,F2,21,2.338038444519043,reversed_functor_control,1,21
1,F2:test:27,symbol_mismatch,failure,23,,28,test,F2,28,6.462009429931641,reversed_functor_control,1,28
1,F2:test:94,,binding,23,21=27,27,test,F2,27,3.7164859771728516,reversed_predicate_control,1,27
1,F2:test:327,symbol_mismatch,failure,23,,28,test,F2,28,6.06430721282959,reversed_functor_control,1,28
1,F2:test:766,,binding,23,26=27,27,test,F2,27,3.4410743713378906,reversed_predicate_control,1,27
1,F2:test:582,,binding,23,26=19,19,test,F2,19,1.8093767166137695,canonical_functor_control,1,19
0,F2:test:641,symbol_mismatch,failure,23,,24,test,F2,28,-3.859734535217285,canonical_predicate_control,0,24
1,F2:test:216,,binding,23,22=16,16,test,F2,16,2.9544668197631836,reversed_functor_control,1,16
0,F2:test:55,symbol_mismatch,failure,23,,19,test,F2,28,-0.6394271850585938,canonical_predicate_control,0,19
1,F2:test:257,symbol_mismatch,failure,23,,28,test,F2,28,13.095876932144165,canonical_predicate_control,1,28
1,F2:test:397,symbol_mismatch,failure,23,,28,test,F2,28,1.7304372787475586,canonical_functor_control,1,28
0,F2:test:491,symbol_mismatch,failure,23,,21,test,F2,28,-1.7736482620239258,canonical_functor_control,0,21
1,F2:test:570,,binding,23,26=25,25,test,F2,25,5.599775791168213,reversed_predicate_control,1,25
0,F2:test:108,,binding,23,19=22,28,test,F2,22,-0.5485763549804688,canonical_functor_control,0,28
1,F2:test:363,symbol_mismatch,failure,23,,28,test,F2,28,10.497848510742188,reversed_predicate_control,1,28
1,F2:test:67,symbol_mismatch,failure,23,,28,test,F2,28,7.945937633514404,canonical_predicate_control,1,28
1,F2:test:40,,binding,23,20=24,24,test,F2,24,5.261490821838379,reversed_functor_control,1,24
0,F2:test:413,symbol_mismatch,failure,23,,18,test,F2,28,-2.263296127319336,reversed_functor_control,0,18
1,F2:test:647,symbol_mismatch,failure,23,,28,test,F2,28,8.420501708984375,canonical_predicate_control,1,28
0,F2:test:289,symbol_mismatch,failure,23,,16,test,F2,28,-4.438693046569824,canonical_functor_control,0,16
1,F2:test:759,symbol_mismatch,failure,23,,28,test,F2,28,12.064061641693115,reversed_predicate_control,1,28
1,F2:test:322,,binding,23,18=21,21,test,F2,21,1.7030830383300781,reversed_functor_control,1,21
1,F2:test:638,,binding,23,25=23,23,test,F2,23,2.2679100036621094,canonical_predicate_control,1,23
1,F2:test:53,symbol_mismatch,failure,23,,28,test,F2,28,11.019615411758423,canonical_predicate_control,1,28
1,F2:test:187,symbol_mismatch,failure,23,,28,test,F2,28,3.779759407043457,reversed_predicate_control,1,28
1,F2:test:301,symbol_mismatch,failure,23,,28,test,F2,28,10.858194351196289,canonical_functor_control,1,28
1,F2:test:646,,binding,23,21=27,27,test,F2,27,2.9327611923217773,canonical_predicate_control,1,27
1,F2:test:222,,binding,23,18=19,19,test,F2,19,1.0705890655517578,reversed_functor_control,1,19
1,F2:test:510,,binding,23,26=19,19,test,F2,19,2.3038406372070312,reversed_functor_control,1,19
1,F2:test:676,,binding,23,21=18,18,test,F2,18,4.69482421875,canonical_functor_control,1,18
1,F2:test:400,,binding,23,27=24,24,test,F2,24,2.170866012573242,canonical_functor_control,1,24
1,F2:test:152,,binding,23,26=20,20,test,F2,20,4.1305084228515625,canonical_predicate_control,1,20
1,F2:test:470,,binding,23,27=23,23,test,F2,23,4.749530792236328,reversed_predicate_control,1,23
1,F2:test:755,symbol_mismatch,failure,23,,28,test,F2,28,7.285961627960205,reversed_predicate_control,1,28
1,F2:test:342,,binding,23,23=19,19,test,F2,19,2.2056455612182617,canonical_predicate_control,1,19
0,F2:test:490,,binding,23,23=21,28,test,F2,21,-3.2868452072143555,canonical_functor_control,0,28
1,F2:test:751,symbol_mismatch,failure,23,,28,test,F2,28,8.459933280944824,reversed_predicate_control,1,28
1,F2:test:162,,binding,23,27=25,25,test,F2,25,4.61063814163208,canonical_predicate_control,1,25
1,F2:test:227,symbol_mismatch,failure,23,,28,test,F2,28,2.9321298599243164,reversed_functor_control,1,28
1,F2:test:632,,binding,23,25=20,20,test,F2,20,4.847912788391113,canonical_predicate_control,1,20
1,F2:test:267,symbol_mismatch,failure,23,,28,test,F2,28,8.123544692993164,reversed_predicate_control,1,28
1,F2:test:578,,binding,23,21=17,17,test,F2,17,5.23543643951416,canonical_functor_control,1,17
1,F2:test:356,,binding,23,27=26,26,test,F2,26,3.677541732788086,canonical_predicate_control,1,26
1,F2:test:41,symbol_mismatch,failure,23,,28,test,F2,28,7.266963005065918,reversed_functor_control,1,28
1,F2:test:119,symbol_mismatch,failure,23,,28,test,F2,28,5.780599594116211,canonical_functor_control,1,28
1,F2:test:130,,binding,23,26=21,21,test,F2,21,2.0894041061401367,reversed_functor_control,1,21
1,F2:test:523,symbol_mismatch,failure,23,,28,test,F2,28,9.927456855773926,reversed_functor_control,1,28
1,F2:test:213,symbol_mismatch,failure,23,,28,test,F2,28,8.39869213104248,canonical_functor_control,1,28
0,F2:test:399,symbol_mismatch,failure,23,,23,test,F2,28,-3.483102798461914,canonical_functor_control,0,23
1,F2:test:424,,binding,23,16=24,24,test,F2,24,4.71995735168457,reversed_functor_control,1,24
1,F2:test:738,,binding,23,22=25,25,test,F2,25,4.984081268310547,canonical_predicate_control,1,25
1,F2:test:605,symbol_mismatch,failure,23,,28,test,F2,28,9.08112382888794,reversed_functor_control,1,28
1,F2:test:156,,binding,23,18=22,22,test,F2,22,0.9248065948486328,canonical_predicate_control,1,22
1,F2:test:633,symbol_mismatch,failure,23,,28,test,F2,28,9.588338375091553,canonical_predicate_control,1,28
1,F2:test:177,symbol_mismatch,failure,23,,28,test,F2,28,11.03577995300293,reversed_predicate_control,1,28
1,F2:test:602,,binding,23,21=17,17,test,F2,17,0.35524940490722656,reversed_functor_control,1,17
1,F2:test:677,symbol_mismatch,failure,23,,28,test,F2,28,11.6658456325531,canonical_functor_control,1,28
1,F2:test:680,,binding,23,19=20,20,test,F2,20,6.740604400634766,canonical_functor_control,1,20
1,F2:test:663,symbol_mismatch,failure,23,,28,test,F2,28,11.502975463867188,reversed_predicate_control,1,28
1,F2:test:443,symbol_mismatch,failure,23,,28,test,F2,28,11.300339221954346,canonical_predicate_control,1,28
1,F2:test:134,,binding,23,16=23,23,test,F2,23,1.334609031677246,reversed_functor_control,1,23
0,F2:test:657,symbol_mismatch,failure,23,,20,test,F2,28,-4.571613311767578,reversed_predicate_control,0,20
1,F2:test:471,symbol_mismatch,failure,23,,28,test,F2,28,10.737357139587402,reversed_predicate_control,1,28
1,F2:test:508,,binding,23,21=18,18,test,F2,18,0.26497840881347656,reversed_functor_control,1,18
1,F2:test:11,symbol_mismatch,failure,23,,28,test,F2,28,12.021941661834717,canonical_functor_control,1,28
1,F2:test:321,symbol_mismatch,failure,23,,28,test,F2,28,8.335914134979248,reversed_functor_control,1,28
1,F2:test:752,,binding,23,26=20,20,test,F2,20,3.1951122283935547,reversed_predicate_control,1,20
0,F2:test:561,symbol_mismatch,failure,23,,20,test,F2,28,-1.0081262588500977,reversed_predicate_control,0,20
1,F2:test:669,symbol_mismatch,failure,23,,28,test,F2,28,6.663688659667969,reversed_predicate_control,1,28
1,F2:test:249,symbol_mismatch,failure,23,,28,test,F2,28,8.908918857574463,canonical_predicate_control,1,28
1,F2:test:338,,binding,23,23=17,17,test,F2,17,4.884087562561035,canonical_predicate_control,1,17
1,F2:test:708,,binding,23,25=22,22,test,F2,22,4.172636032104492,reversed_functor_control,1,22
1,F2:test:728,,binding,23,25=20,20,test,F2,20,3.7963714599609375,canonical_predicate_control,1,20
0,F2:test:39,symbol_mismatch,failure,23,,23,test,F2,28,-4.584982872009277,reversed_functor_control,0,23
1,F2:test:25,symbol_mismatch,failure,23,,28,test,F2,28,6.46833610534668,reversed_functor_control,1,28
0,F2:test:180,,binding,23,26=22,28,test,F2,22,-0.4256553649902344,reversed_predicate_control,0,28
1,F2:test:506,,binding,23,25=17,17,test,F2,17,2.859372138977051,reversed_functor_control,1,17
1,F2:test:579,symbol_mismatch,failure,23,,28,test,F2,28,2.748711585998535,canonical_functor_control,1,28
1,F2:test:429,symbol_mismatch,failure,23,,28,test,F2,28,7.849703311920166,reversed_functor_control,1,28
1,F2:test:436,,binding,23,21=18,18,test,F2,18,4.101879119873047,canonical_predicate_control,1,18
1,F2:test:201,symbol_mismatch,failure,23,,28,test,F2,28,10.330846309661865,canonical_functor_control,1,28
1,F2:test:656,,binding,23,18=20,20,test,F2,20,3.904848098754883,reversed_predicate_control,1,20
1,F2:test:181,symbol_mismatch,failure,23,,28,test,F2,28,6.763681411743164,reversed_predicate_control,1,28
1,F2:test:562,,binding,23,20=21,21,test,F2,21,1.3997554779052734,reversed_predicate_control,1,21
1,F2:test:753,symbol_mismatch,failure,23,,28,test,F2,28,13.235161781311035,reversed_predicate_control,1,28
1,F2:test:61,symbol_mismatch,failure,23,,28,test,F2,28,9.938934326171875,canonical_predicate_control,1,28
1,F2:test:10,,binding,23,16=21,21,test,F2,21,2.8817882537841797,canonical_functor_control,1,21
1,F2:test:380,,binding,23,22=26,26,test,F2,26,3.508816719055176,reversed_predicate_control,1,26
1,F2:test:198,,binding,23,16=19,19,test,F2,19,1.3953561782836914,canonical_functor_control,1,19
1,F2:test:398,,binding,23,26=23,23,test,F2,23,4.274880409240723,canonical_functor_control,1,23
1,F2:test:127,symbol_mismatch,failure,23,,28,test,F2,28,9.54332160949707,reversed_functor_control,1,28
1,F2:test:183,symbol_mismatch,failure,23,,28,test,F2,28,8.708065509796143,reversed_predicate_control,1,28
1,F2:test:468,,binding,23,21=22,22,test,F2,22,3.3546276092529297,reversed_predicate_control,1,22
1,F2:test:312,,binding,23,26=16,16,test,F2,16,4.245405197143555,reversed_functor_control,1,16
1,F2:test:756,,binding,23,23=22,22,test,F2,22,1.0804786682128906,reversed_predicate_control,1,22
1,F2:test:143,symbol_mismatch,failure,23,,28,test,F2,28,9.310997486114502,reversed_functor_control,1,28
1,F2:test:456,,binding,23,17=16,16,test,F2,16,0.25896453857421875,reversed_predicate_control,1,16
1,F2:test:107,symbol_mismatch,failure,23,,28,test,F2,28,9.92735242843628,canonical_functor_control,1,28
1,F2:test:518,,binding,23,22=23,23,test,F2,23,3.6167564392089844,reversed_functor_control,1,23
1,F2:test:145,symbol_mismatch,failure,23,,28,test,F2,28,7.763040542602539,canonical_predicate_control,1,28
1,F2:test:494,,binding,23,25=23,23,test,F2,23,3.3640480041503906,canonical_functor_control,1,23
1,F2:test:546,,binding,23,19=25,25,test,F2,25,4.927268981933594,canonical_predicate_control,1,25
1,F2:test:422,,binding,23,24=23,23,test,F2,23,4.374464988708496,reversed_functor_control,1,23
1,F2:test:556,,binding,23,24=18,18,test,F2,18,3.10598087310791,reversed_predicate_control,1,18
0,F2:test:606,,binding,23,16=19,28,test,F2,19,-2.168583869934082,reversed_functor_control,0,28
1,F2:test:576,,binding,23,19=16,16,test,F2,16,5.653341293334961,canonical_functor_control,1,16
1,F2:test:703,symbol_mismatch,failure,23,,28,test,F2,28,10.05603837966919,reversed_functor_control,1,28
1,F2:test:174,,binding,23,17=19,19,test,F2,19,2.0769519805908203,reversed_predicate_control,1,19
1,F2:test:263,symbol_mismatch,failure,23,,28,test,F2,28,12.171315670013428,canonical_predicate_control,1,28
1,F2:test:699,symbol_mismatch,failure,23,,28,test,F2,28,5.534891128540039,reversed_functor_control,1,28
1,F2:test:330,,binding,23,27=25,25,test,F2,25,3.7223644256591797,reversed_functor_control,1,25
1,F2:test:724,,binding,23,20=18,18,test,F2,18,2.795649528503418,canonical_predicate_control,1,18
1,F2:test:492,,binding,23,21=22,22,test,F2,22,0.8669567108154297,canonical_functor_control,1,22
1,F2:test:335,symbol_mismatch,failure,23,,28,test,F2,28,5.138918876647949,reversed_functor_control,1,28
0,F2:test:294,,binding,23,25=19,28,test,F2,19,-0.3016080856323242,canonical_functor_control,0,28
1,F2:test:741,symbol_mismatch,failure,23,,28,test,F2,28,11.965190410614014,canonical_predicate_control,1,28
1,F2:test:736,,binding,23,16=24,24,test,F2,24,3.9371566772460938,canonical_predicate_control,1,24
1,F2:test:200,,binding,23,18=20,20,test,F2,20,6.4689836502075195,canonical_functor_control,1,20
1,F2:test:526,,binding,23,19=27,27,test,F2,27,2.2009191513061523,reversed_functor_control,1,27
1,F2:test:758,,binding,23,16=23,23,test,F2,23,2.088380813598633,reversed_predicate_control,1,23
1,F2:test:153,symbol_mismatch,failure,23,,28,test,F2,28,9.964642524719238,canonical_predicate_control,1,28
1,F2:test:547,symbol_mismatch,failure,23,,28,test,F2,28,5.771932601928711,canonical_predicate_control,1,28
1,F2:test:460,,binding,23,19=18,18,test,F2,18,4.093960762023926,reversed_predicate_control,1,18
1,F2:test:681,symbol_mismatch,failure,23,,28,test,F2,28,9.052367210388184,canonical_functor_control,1,28
1,F2:test:224,,binding,23,27=20,20,test,F2,20,4.2687177658081055,reversed_functor_control,1,20
1,F2:test:435,symbol_mismatch,failure,23,,28,test,F2,28,6.361217021942139,canonical_predicate_control,1,28
1,F2:test:459,symbol_mismatch,failure,23,,28,test,F2,28,5.711031913757324,reversed_predicate_control,1,28
1,F2:test:324,,binding,23,21=22,22,test,F2,22,2.781644821166992,reversed_functor_control,1,22
1,F2:test:610,,binding,23,26=21,21,test,F2,21,2.4115543365478516,reversed_functor_control,1,21
1,F2:test:405,symbol_mismatch,failure,23,,28,test,F2,28,6.498775482177734,canonical_functor_control,1,28
1,F2:test:220,,binding,23,25=18,18,test,F2,18,1.6204137802124023,reversed_functor_control,1,18
1,F2:test:295,symbol_mismatch,failure,23,,28,test,F2,28,10.2301926612854,canonical_functor_control,1,28
1,F2:test:70,,binding,23,18=27,27,test,F2,27,5.980075836181641,canonical_predicate_control,1,27
1,F2:test:334,,binding,23,18=27,27,test,F2,27,4.8208723068237305,reversed_functor_control,1,27
1,F2:test:412,,binding,23,26=18,18,test,F2,18,2.7773828506469727,reversed_functor_control,1,18
0,F2:test:577,symbol_mismatch,failure,23,,16,test,F2,28,-0.8613061904907227,canonical_functor_control,0,16
1,F2:test:111,symbol_mismatch,failure,23,,28,test,F2,28,8.351211547851562,canonical_functor_control,1,28
1,F2:test:154,,binding,23,24=21,21,test,F2,21,4.259615898132324,canonical_predicate_control,1,21
1,F2:test:305,symbol_mismatch,failure,23,,28,test,F2,28,8.037097454071045,canonical_functor_control,1,28
1,F2:test:608,,binding,23,25=20,20,test,F2,20,3.119630813598633,reversed_functor_control,1,20
1,F2:test:411,symbol_mismatch,failure,23,,28,test,F2,28,6.129543304443359,reversed_functor_control,1,28
1,F2:test:457,symbol_mismatch,failure,23,,28,test,F2,28,7.048439979553223,reversed_predicate_control,1,28
1,F2:test:572,,binding,23,19=26,26,test,F2,26,5.345227241516113,reversed_predicate_control,1,26
1,F2:test:476,,binding,23,27=26,26,test,F2,26,4.589743614196777,reversed_predicate_control,1,26
1,F2:test:760,,binding,23,20=24,24,test,F2,24,5.2286834716796875,reversed_predicate_control,1,24
1,F2:test:512,,binding,23,26=20,20,test,F2,20,3.979987144470215,reversed_functor_control,1,20
1,F2:test:304,,binding,23,19=24,24,test,F2,24,3.9990530014038086,canonical_functor_control,1,24
0,F2:test:525,symbol_mismatch,failure,23,,26,test,F2,28,-6.59529972076416,reversed_functor_control,0,26
0,F2:test:505,symbol_mismatch,failure,23,,16,test,F2,28,-2.1025609970092773,reversed_functor_control,0,16
1,F2:test:565,symbol_mismatch,failure,23,,28,test,F2,28,11.034201622009277,reversed_predicate_control,1,28
1,F2:test:431,symbol_mismatch,failure,23,,28,test,F2,28,6.883556365966797,reversed_functor_control,1,28
1,F2:test:631,symbol_mismatch,failure,23,,28,test,F2,28,6.009026527404785,canonical_predicate_control,1,28
0,F2:test:169,symbol_mismatch,failure,23,,16,test,F2,28,-4.613246917724609,reversed_predicate_control,0,16
1,F2:validation:558,,binding,37,22=19,19,validation,F2,19,8.98193359375,reversed_predicate_control,1,19
1,F2:validation:467,symbol_mismatch,failure,37,,28,validation,F2,28,11.428008556365967,reversed_predicate_control,1,28
1,F2:validation:257,symbol_mismatch,failure,37,,28,validation,F2,28,12.3154296875,canonical_predicate_control,1,28
1,F2:validation:633,symbol_mismatch,failure,37,,28,validation,F2,28,11.690011024475098,canonical_predicate_control,1,28
1,F2:validation:617,symbol_mismatch,failure,37,,28,validation,F2,28,6.193303108215332,reversed_functor_control,1,28
1,F2:validation:732,,binding,37,16=22,22,validation,F2,22,7.012027740478516,canonical_predicate_control,1,22
1,F2:validation:70,,binding,37,23=27,27,validation,F2,27,5.404025077819824,canonical_predicate_control,1,27
1,F2:validation:127,symbol_mismatch,failure,37,,28,validation,F2,28,13.732007503509521,reversed_functor_control,1,28
1,F2:validation:390,,binding,37,18=19,19,validation,F2,19,7.2061567306518555,canonical_functor_control,1,19
1,F2:validation:232,,binding,37,26=24,24,validation,F2,24,8.946904182434082,reversed_functor_control,1,24
1,F2:validation:593,symbol_mismatch,failure,37,,28,validation,F2,28,14.886492252349854,canonical_functor_control,1,28
1,F2:validation:395,symbol_mismatch,failure,37,,28,validation,F2,28,13.737972736358643,canonical_functor_control,1,28
1,F2:validation:284,,binding,37,17=26,26,validation,F2,26,8.3666410446167,reversed_predicate_control,1,26
1,F2:validation:650,,binding,37,16=17,17,validation,F2,17,6.621700286865234,reversed_predicate_control,1,17
1,F2:validation:133,symbol_mismatch,failure,37,,28,validation,F2,28,14.117247581481934,reversed_functor_control,1,28
1,F2:validation:726,,binding,37,24=19,19,validation,F2,19,6.839404106140137,canonical_predicate_control,1,19
1,F2:validation:695,symbol_mismatch,failure,37,,28,validation,F2,28,5.820869445800781,canonical_functor_control,1,28
1,F2:validation:84,,binding,37,27=22,22,validation,F2,22,6.906344413757324,reversed_predicate_control,1,22
1,F2:validation:80,,binding,37,22=20,20,validation,F2,20,6.772189140319824,reversed_predicate_control,1,20
1,F2:validation:728,,binding,37,23=20,20,validation,F2,20,6.879175186157227,canonical_predicate_control,1,20
1,F2:validation:208,,binding,37,20=24,24,validation,F2,24,9.922266006469727,canonical_functor_control,1,24
1,F2:validation:203,symbol_mismatch,failure,37,,28,validation,F2,28,13.935551643371582,canonical_functor_control,1,28
1,F2:validation:105,symbol_mismatch,failure,37,,28,validation,F2,28,13.620444774627686,canonical_functor_control,1,28
1,F2:validation:525,symbol_mismatch,failure,37,,28,validation,F2,28,7.301976203918457,reversed_functor_control,1,28
1,F2:validation:716,,binding,37,24=26,26,validation,F2,26,7.25398063659668,reversed_functor_control,1,26
1,F2:validation:340,,binding,37,25=18,18,validation,F2,18,7.960439682006836,canonical_predicate_control,1,18
1,F2:validation:490,,binding,37,23=21,21,validation,F2,21,8.401457786560059,canonical_functor_control,1,21
1,F2:validation:370,,binding,37,16=21,21,validation,F2,21,9.454358577728271,reversed_predicate_control,1,21
1,F2:validation:486,,binding,37,18=19,19,validation,F2,19,8.420112609863281,canonical_functor_control,1,19
1,F2:validation:34,,binding,37,16=21,21,validation,F2,21,9.70095157623291,reversed_functor_control,1,21
1,F2:validation:252,,binding,37,19=22,22,validation,F2,22,3.256802558898926,canonical_predicate_control,1,22
1,F2:validation:342,,binding,37,25=19,19,validation,F2,19,9.758912563323975,canonical_predicate_control,1,19
1,F2:validation:520,,binding,37,23=24,24,validation,F2,24,8.528852462768555,reversed_functor_control,1,24
1,F2:validation:288,,binding,37,22=16,16,validation,F2,16,5.581552505493164,canonical_functor_control,1,16
1,F2:validation:12,,binding,37,19=22,22,validation,F2,22,3.0157041549682617,canonical_functor_control,1,22
1,F2:validation:713,symbol_mismatch,failure,37,,28,validation,F2,28,14.065345764160156,reversed_functor_control,1,28
1,F2:validation:121,symbol_mismatch,failure,37,,28,validation,F2,28,13.66533899307251,reversed_functor_control,1,28
1,F2:validation:191,symbol_mismatch,failure,37,,28,validation,F2,28,10.71399974822998,reversed_predicate_control,1,28
1,F2:validation:707,symbol_mismatch,failure,37,,28,validation,F2,28,8.472381591796875,reversed_functor_control,1,28
1,F2:validation:421,symbol_mismatch,failure,37,,28,validation,F2,28,9.612879753112793,reversed_functor_control,1,28
1,F2:validation:400,,binding,37,20=24,24,validation,F2,24,8.128799438476562,canonical_functor_control,1,24
1,F2:validation:559,symbol_mismatch,failure,37,,28,validation,F2,28,6.334144592285156,reversed_predicate_control,1,28
1,F2:validation:514,,binding,37,22=21,21,validation,F2,21,8.619501113891602,reversed_functor_control,1,21
1,F2:validation:487,symbol_mismatch,failure,37,,28,validation,F2,28,10.777934551239014,canonical_functor_control,1,28
1,F2:validation:78,,binding,37,23=19,19,validation,F2,19,9.026573181152344,reversed_predicate_control,1,19
1,F2:validation:577,symbol_mismatch,failure,37,,28,validation,F2,28,13.267047882080078,canonical_functor_control,1,28
1,F2:validation:406,,binding,37,24=27,27,validation,F2,27,6.547408103942871,canonical_functor_control,1,27
1,F2:validation:361,symbol_mismatch,failure,37,,28,validation,F2,28,12.878207683563232,reversed_predicate_control,1,28
1,F2:validation:115,symbol_mismatch,failure,37,,28,validation,F2,28,14.39088249206543,canonical_functor_control,1,28
1,F2:validation:349,symbol_mismatch,failure,37,,28,validation,F2,28,13.402603149414062,canonical_predicate_control,1,28
1,F2:validation:602,,binding,37,20=17,17,validation,F2,17,7.218233108520508,reversed_functor_control,1,17
1,F2:validation:767,symbol_mismatch,failure,37,,28,validation,F2,28,10.147595882415771,reversed_predicate_control,1,28
1,F2:validation:428,,binding,37,27=26,26,validation,F2,26,8.046449661254883,reversed_functor_control,1,26
1,F2:validation:479,symbol_mismatch,failure,37,,28,validation,F2,28,12.33908462524414,reversed_predicate_control,1,28
1,F2:validation:664,,binding,37,20=24,24,validation,F2,24,7.732240676879883,reversed_predicate_control,1,24
1,F2:validation:64,,binding,37,18=24,24,validation,F2,24,6.01280403137207,canonical_predicate_control,1,24
1,F2:validation:437,symbol_mismatch,failure,37,,28,validation,F2,28,13.377415180206299,canonical_predicate_control,1,28
1,F2:validation:334,,binding,37,18=27,27,validation,F2,27,6.661170959472656,reversed_functor_control,1,27
1,F2:validation:548,,binding,37,19=26,26,validation,F2,26,9.267844200134277,canonical_predicate_control,1,26
1,F2:validation:543,symbol_mismatch,failure,37,,28,validation,F2,28,14.071298599243164,canonical_predicate_control,1,28
1,F2:validation:229,symbol_mismatch,failure,37,,28,validation,F2,28,11.870711326599121,reversed_functor_control,1,28
1,F2:validation:681,symbol_mismatch,failure,37,,28,validation,F2,28,14.565470218658447,canonical_functor_control,1,28
1,F2:validation:341,symbol_mismatch,failure,37,,28,validation,F2,28,9.49524736404419,canonical_predicate_control,1,28
1,F2:validation:456,,binding,37,26=16,16,validation,F2,16,2.8066282272338867,reversed_predicate_control,1,16
1,F2:validation:691,symbol_mismatch,failure,37,,28,validation,F2,28,13.894455432891846,canonical_functor_control,1,28
1,F2:validation:571,symbol_mismatch,failure,37,,28,validation,F2,28,13.016618251800537,reversed_predicate_control,1,28
1,F2:validation:291,symbol_mismatch,failure,37,,28,validation,F2,28,8.434779167175293,canonical_functor_control,1,28
1,F2:validation:118,,binding,37,21=27,27,validation,F2,27,5.5327911376953125,canonical_functor_control,1,27
1,F2:validation:269,symbol_mismatch,failure,37,,28,validation,F2,28,10.650291442871094,reversed_predicate_control,1,28
1,F2:validation:211,symbol_mismatch,failure,37,,28,validation,F2,28,13.112239837646484,canonical_functor_control,1,28
1,F2:validation:108,,binding,37,18=22,22,validation,F2,22,4.453313827514648,canonical_functor_control,1,22
1,F2:validation:363,symbol_mismatch,failure,37,,28,validation,F2,28,5.89836311340332,reversed_predicate_control,1,28
1,F2:validation:248,,binding,37,22=20,20,validation,F2,20,4.230101585388184,canonical_predicate_control,1,20
1,F2:validation:241,symbol_mismatch,failure,37,,28,validation,F2,28,10.371848583221436,canonical_predicate_control,1,28
1,F2:validation:612,,binding,37,19=22,22,validation,F2,22,6.748904228210449,reversed_functor_control,1,22
1,F2:validation:419,symbol_mismatch,failure,37,,28,validation,F2,28,7.656964302062988,reversed_functor_control,1,28
1,F2:validation:150,,binding,37,21=19,19,validation,F2,19,9.508650779724121,canonical_predicate_control,1,19
1,F2:validation:249,symbol_mismatch,failure,37,,28,validation,F2,28,11.683729648590088,canonical_predicate_control,1,28
1,F2:validation:755,symbol_mismatch,failure,37,,28,validation,F2,28,8.743518829345703,reversed_predicate_control,1,28
1,F2:validation:562,,binding,37,17=21,21,validation,F2,21,7.756677627563477,reversed_predicate_control,1,21
1,F2:validation:227,symbol_mismatch,failure,37,,28,validation,F2,28,7.155765533447266,reversed_functor_control,1,28
0,F2:validation:365,symbol_mismatch,failure,37,,18,validation,F2,28,-7.000517845153809,reversed_predicate_control,0,18
1,F2:validation:47,symbol_mismatch,failure,37,,28,validation,F2,28,9.181025505065918,reversed_functor_control,1,28
1,F2:validation:534,,binding,37,27=19,19,validation,F2,19,7.247697830200195,canonical_predicate_control,1,19
1,F2:validation:611,symbol_mismatch,failure,37,,28,validation,F2,28,12.714414596557617,reversed_functor_control,1,28
1,F2:validation:392,,binding,37,18=20,20,validation,F2,20,8.080656051635742,canonical_functor_control,1,20
1,F2:validation:492,,binding,37,19=22,22,validation,F2,22,3.5705604553222656,canonical_functor_control,1,22
1,F2:validation:647,symbol_mismatch,failure,37,,28,validation,F2,28,8.221283912658691,canonical_predicate_control,1,28
1,F2:validation:565,symbol_mismatch,failure,37,,28,validation,F2,28,9.412751197814941,reversed_predicate_control,1,28
1,F2:validation:484,,binding,37,19=18,18,validation,F2,18,6.609882354736328,canonical_functor_control,1,18
1,F2:validation:442,,binding,37,23=21,21,validation,F2,21,9.053266048431396,canonical_predicate_control,1,21
1,F2:validation:140,,binding,37,18=26,26,validation,F2,26,5.853532791137695,reversed_functor_control,1,26
1,F2:validation:336,,binding,37,23=16,16,validation,F2,16,7.654656410217285,canonical_predicate_control,1,16
1,F2:validation:306,,binding,37,22=25,25,validation,F2,25,7.45942497253418,canonical_functor_control,1,25
1,F2:validation:330,,binding,37,16=25,25,validation,F2,25,7.822765827178955,reversed_functor_control,1,25
1,F2:validation:273,symbol_mismatch,failure,37,,28,validation,F2,28,8.768083572387695,reversed_predicate_control,1,28
1,F2:validation:642,,binding,37,22=25,25,validation,F2,25,6.2430419921875,canonical_predicate_control,1,25
1,F2:validation:762,,binding,37,22=25,25,validation,F2,25,6.300670623779297,reversed_predicate_control,1,25
1,F2:validation:130,,binding,37,26=21,21,validation,F2,21,7.516751289367676,reversed_functor_control,1,21
1,F2:validation:734,,binding,37,25=23,23,validation,F2,23,8.528633117675781,canonical_predicate_control,1,23
1,F2:validation:694,,binding,37,20=27,27,validation,F2,27,5.139444351196289,canonical_functor_control,1,27
1,F2:validation:151,symbol_mismatch,failure,37,,28,validation,F2,28,9.850894927978516,canonical_predicate_control,1,28
1,F2:validation:687,symbol_mismatch,failure,37,,28,validation,F2,28,11.668954372406006,canonical_functor_control,1,28
1,F2:validation:378,,binding,37,24=25,25,validation,F2,25,7.845837593078613,reversed_predicate_control,1,25
1,F2:validation:469,symbol_mismatch,failure,37,,28,validation,F2,28,12.35607385635376,reversed_predicate_control,1,28
1,F2:validation:557,symbol_mismatch,failure,37,,28,validation,F2,28,5.847779273986816,reversed_predicate_control,1,28
1,F2:validation:180,,binding,37,24=22,22,validation,F2,22,6.808925628662109,reversed_predicate_control,1,22
1,F2:validation:436,,binding,37,24=18,18,validation,F2,18,5.4730329513549805,canonical_predicate_control,1,18
1,F2:validation:292,,binding,37,19=18,18,validation,F2,18,6.421588897705078,canonical_functor_control,1,18
1,F2:validation:166,,binding,37,24=27,27,validation,F2,27,4.585309028625488,canonical_predicate_control,1,27
1,F2:validation:362,,binding,37,19=17,17,validation,F2,17,7.667860984802246,reversed_predicate_control,1,17
1,F2:validation:521,symbol_mismatch,failure,37,,28,validation,F2,28,11.817877769470215,reversed_functor_control,1,28
1,F2:validation:114,,binding,37,27=25,25,validation,F2,25,6.628134727478027,canonical_functor_control,1,25
1,F2:validation:264,,binding,37,18=16,16,validation,F2,16,7.558862686157227,reversed_predicate_control,1,16
1,F2:validation:528,,binding,37,19=16,16,validation,F2,16,6.542263031005859,canonical_predicate_control,1,16
1,F2:validation:305,symbol_mismatch,failure,37,,28,validation,F2,28,14.465574741363525,canonical_functor_control,1,28
1,F2:validation:299,symbol_mismatch,failure,37,,28,validation,F2,28,13.258125305175781,canonical_functor_control,1,28
1,F2:validation:50,,binding,37,20=17,17,validation,F2,17,7.655325889587402,canonical_predicate_control,1,17
1,F2:validation:134,,binding,37,25=23,23,validation,F2,23,7.897454738616943,reversed_functor_control,1,23
1,F2:validation:644,,binding,37,24=26,26,validation,F2,26,8.959356307983398,canonical_predicate_control,1,26
1,F2:validation:352,,binding,37,16=24,24,validation,F2,24,7.539800643920898,canonical_predicate_control,1,24
1,F2:validation:744,,binding,37,27=16,16,validation,F2,16,0.7701253890991211,reversed_predicate_control,1,16
1,F2:validation:329,symbol_mismatch,failure,37,,28,validation,F2,28,15.056037425994873,reversed_functor_control,1,28
1,F2:validation:684,,binding,37,24=22,22,validation,F2,22,7.099937438964844,canonical_functor_control,1,22
1,F2:validation:391,symbol_mismatch,failure,37,,28,validation,F2,28,8.4725923538208,canonical_functor_control,1,28
1,F2:validation:447,symbol_mismatch,failure,37,,28,validation,F2,28,7.871695518493652,canonical_predicate_control,1,28
1,F2:validation:173,symbol_mismatch,failure,37,,28,validation,F2,28,6.403632164001465,reversed_predicate_control,1,28
1,F2:validation:137,symbol_mismatch,failure,37,,28,validation,F2,28,12.736560821533203,reversed_functor_control,1,28
1,F2:validation:195,symbol_mismatch,failure,37,,28,validation,F2,28,9.810259819030762,canonical_functor_control,1,28
1,F2:validation:79,symbol_mismatch,failure,37,,28,validation,F2,28,4.290579795837402,reversed_predicate_control,1,28
1,F2:validation:374,,binding,37,16=23,23,validation,F2,23,9.912610054016113,reversed_predicate_control,1,23
1,F2:validation:72,,binding,37,25=16,16,validation,F2,16,8.371370315551758,reversed_predicate_control,1,16
1,F2:validation:48,,binding,37,27=16,16,validation,F2,16,2.3419132232666016,canonical_predicate_control,1,16
1,F2:validation:706,,binding,37,27=21,21,validation,F2,21,6.542383193969727,reversed_functor_control,1,21
1,F2:validation:63,symbol_mismatch,failure,37,,28,validation,F2,28,4.503706932067871,canonical_predicate_control,1,28
1,F2:validation:23,symbol_mismatch,failure,37,,28,validation,F2,28,10.101330757141113,canonical_functor_control,1,28
0,F2:validation:641,symbol_mismatch,failure,37,,24,validation,F2,28,-7.966527938842773,canonical_predicate_control,0,24
1,F2:validation:678,,binding,37,25=19,19,validation,F2,19,8.614262580871582,canonical_functor_control,1,19
1,F2:validation:418,,binding,37,24=21,21,validation,F2,21,8.526406288146973,reversed_functor_control,1,21
1,F2:validation:483,symbol_mismatch,failure,37,,28,validation,F2,28,7.043951034545898,canonical_functor_control,1,28
1,F2:validation:555,symbol_mismatch,failure,37,,28,validation,F2,28,3.9480953216552734,reversed_predicate_control,1,28
1,F2:validation:752,,binding,37,18=20,20,validation,F2,20,5.269492149353027,reversed_predicate_control,1,20
1,F2:validation:324,,binding,37,23=22,22,validation,F2,22,5.772124290466309,reversed_functor_control,1,22
1,F2:validation:458,,binding,37,26=17,17,validation,F2,17,7.551114082336426,reversed_predicate_control,1,17
1,F2:validation:619,symbol_mismatch,failure,37,,28,validation,F2,28,15.933810234069824,reversed_functor_control,1,28
1,F2:validation:539,symbol_mismatch,failure,37,,28,validation,F2,28,1.9698982238769531,canonical_predicate_control,1,28
1,F2:validation:616,,binding,37,25=24,24,validation,F2,24,10.41134262084961,reversed_functor_control,1,24
1,F2:validation:77,symbol_mismatch,failure,37,,28,validation,F2,28,4.21315336227417,reversed_predicate_control,1,28
1,F2:validation:125,symbol_mismatch,failure,37,,28,validation,F2,28,11.7879319190979,reversed_functor_control,1,28
1,F2:validation:583,symbol_mismatch,failure,37,,28,validation,F2,28,11.974874019622803,canonical_functor_control,1,28
1,F2:validation:231,symbol_mismatch,failure,37,,28,validation,F2,28,14.792738914489746,reversed_functor_control,1,28
1,F2:validation:182,,binding,37,24=23,23,validation,F2,23,5.536917686462402,reversed_predicate_control,1,23
1,F2:validation:668,,binding,37,21=26,26,validation,F2,26,7.107220649719238,reversed_predicate_control,1,26
1,F2:validation:500,,binding,37,22=26,26,validation,F2,26,9.095002174377441,canonical_functor_control,1,26
1,F2:validation:572,,binding,37,24=26,26,validation,F2,26,8.306861877441406,reversed_predicate_control,1,26
1,F2:validation:549,symbol_mismatch,failure,37,,28,validation,F2,28,10.746342658996582,canonical_predicate_control,1,28
1,F2:validation:298,,binding,37,20=21,21,validation,F2,21,6.566298484802246,canonical_functor_control,1,21
1,F2:validation:74,,binding,37,24=17,17,validation,F2,17,7.581832408905029,reversed_predicate_control,1,17
1,F2:validation:733,symbol_mismatch,failure,37,,28,validation,F2,28,9.40951156616211,canonical_predicate_control,1,28
1,F2:validation:748,,binding,37,27=18,18,validation,F2,18,7.879142761230469,reversed_predicate_control,1,18
1,F2:validation:383,symbol_mismatch,failure,37,,28,validation,F2,28,10.614070892333984,reversed_predicate_control,1,28
1,F2:validation:594,,binding,37,24=25,25,validation,F2,25,6.686359405517578,canonical_functor_control,1,25
1,F2:validation:369,symbol_mismatch,failure,37,,28,validation,F2,28,11.340610980987549,reversed_predicate_control,1,28
1,F2:validation:669,symbol_mismatch,failure,37,,28,validation,F2,28,11.176132202148438,reversed_predicate_control,1,28
1,F2:validation:498,,binding,37,23=25,25,validation,F2,25,7.272686004638672,canonical_functor_control,1,25
1,F2:validation:204,,binding,37,24=22,22,validation,F2,22,5.6840972900390625,canonical_functor_control,1,22
1,F2:validation:613,symbol_mismatch,failure,37,,28,validation,F2,28,13.975212097167969,reversed_functor_control,1,28
1,F2:validation:220,,binding,37,20=18,18,validation,F2,18,9.126729965209961,reversed_functor_control,1,18
1,F2:validation:6,,binding,37,22=19,19,validation,F2,19,10.878576278686523,canonical_functor_control,1,19
1,F2:validation:685,symbol_mismatch,failure,37,,28,validation,F2,28,12.092581272125244,canonical_functor_control,1,28
1,F2:validation:435,symbol_mismatch,failure,37,,28,validation,F2,28,5.869339942932129,canonical_predicate_control,1,28
1,F2:validation:441,symbol_mismatch,failure,37,,28,validation,F2,28,14.675196647644043,canonical_predicate_control,1,28
1,F2:validation:575,symbol_mismatch,failure,37,,28,validation,F2,28,14.447803020477295,reversed_predicate_control,1,28
1,F2:validation:217,symbol_mismatch,failure,37,,28,validation,F2,28,16.110615015029907,reversed_functor_control,1,28
1,F2:validation:464,,binding,37,25=20,20,validation,F2,20,7.286120414733887,reversed_predicate_control,1,20
1,F2:validation:670,,binding,37,23=27,27,validation,F2,27,5.083010673522949,reversed_predicate_control,1,27
1,F2:validation:345,symbol_mismatch,failure,37,,28,validation,F2,28,15.783268451690674,canonical_predicate_control,1,28
1,F2:validation:628,,binding,37,25=18,18,validation,F2,18,7.640523433685303,canonical_predicate_control,1,18
1,F2:validation:123,symbol_mismatch,failure,37,,28,validation,F2,28,9.770943641662598,reversed_functor_control,1,28
1,F2:validation:54,,binding,37,16=19,19,validation,F2,19,7.106583595275879,canonical_predicate_control,1,19
1,F2:validation:652,,binding,37,16=18,18,validation,F2,18,8.10906457901001,reversed_predicate_control,1,18
1,F2:validation:49,symbol_mismatch,failure,37,,28,validation,F2,28,12.992321968078613,canonical_predicate_control,1,28
1,F2:validation:765,symbol_mismatch,failure,37,,28,validation,F2,28,7.964007377624512,reversed_predicate_control,1,28
1,F2:validation:226,,binding,37,18=21,21,validation,F2,21,9.834818840026855,reversed_functor_control,1,21
1,F2:validation:624,,binding,37,26=16,16,validation,F2,16,1.9061698913574219,canonical_predicate_control,1,16
1,F2:validation:271,symbol_mismatch,failure,37,,28,validation,F2,28,13.52190113067627,reversed_predicate_control,1,28
1,F2:validation:3,symbol_mismatch,failure,37,,28,validation,F2,28,4.591632843017578,canonical_functor_control,1,28
1,F2:validation:139,symbol_mismatch,failure,37,,28,validation,F2,28,7.733841896057129,reversed_functor_control,1,28
1,F2:validation:540,,binding,37,26=22,22,validation,F2,22,7.470409393310547,canonical_predicate_control,1,22
1,F2:validation:199,symbol_mismatch,failure,37,,28,validation,F2,28,9.19722843170166,canonical_functor_control,1,28
1,F2:validation:766,,binding,37,16=27,27,validation,F2,27,5.798680305480957,reversed_predicate_control,1,27
1,F2:validation:517,symbol_mismatch,failure,37,,28,validation,F2,28,14.442583084106445,reversed_functor_control,1,28
1,F2:validation:317,symbol_mismatch,failure,37,,28,validation,F2,28,11.472641944885254,reversed_functor_control,1,28
1,F2:validation:560,,binding,37,16=20,20,validation,F2,20,5.426268577575684,reversed_predicate_control,1,20
1,F2:validation:321,symbol_mismatch,failure,37,,28,validation,F2,28,10.565134048461914,reversed_functor_control,1,28
1,F2:validation:397,symbol_mismatch,failure,37,,28,validation,F2,28,12.840484619140625,canonical_functor_control,1,28
1,F2:validation:625,symbol_mismatch,failure,37,,28,validation,F2,28,10.397197246551514,canonical_predicate_control,1,28
1,F2:validation:422,,binding,37,20=23,23,validation,F2,23,7.024696350097656,reversed_functor_control,1,23
1,F2:validation:699,symbol_mismatch,failure,37,,28,validation,F2,28,14.490774631500244,reversed_functor_control,1,28
1,F2:validation:703,symbol_mismatch,failure,37,,28,validation,F2,28,12.857892513275146,reversed_functor_control,1,28
1,F2:validation:547,symbol_mismatch,failure,37,,28,validation,F2,28,13.346092700958252,canonical_predicate_control,1,28
1,F2:validation:561,symbol_mismatch,failure,37,,28,validation,F2,28,6.845250129699707,reversed_predicate_control,1,28
1,F2:validation:234,,binding,37,16=25,25,validation,F2,25,8.00246524810791,reversed_functor_control,1,25
1,F2:validation:505,symbol_mismatch,failure,37,,28,validation,F2,28,15.72236156463623,reversed_functor_control,1,28
1,F2:validation:477,symbol_mismatch,failure,37,,28,validation,F2,28,8.944559574127197,reversed_predicate_control,1,28
1,F2:validation:13,symbol_mismatch,failure,37,,28,validation,F2,28,15.267968654632568,canonical_functor_control,1,28
1,F2:validation:439,symbol_mismatch,failure,37,,28,validation,F2,28,15.180557250976562,canonical_predicate_control,1,28
1,F2:validation:323,symbol_mismatch,failure,37,,28,validation,F2,28,16.08125066757202,reversed_functor_control,1,28
1,F2:validation:410,,binding,37,21=17,17,validation,F2,17,8.696120738983154,reversed_functor_control,1,17
1,F2:validation:215,symbol_mismatch,failure,37,,28,validation,F2,28,12.292255878448486,canonical_functor_control,1,28
1,F2:validation:200,,binding,37,23=20,20,validation,F2,20,6.623220443725586,canonical_functor_control,1,20
1,F2:validation:531,symbol_mismatch,failure,37,,28,validation,F2,28,12.185536861419678,canonical_predicate_control,1,28
1,F2:validation:600,,binding,37,27=16,16,validation,F2,16,4.930377006530762,reversed_functor_control,1,16
1,F2:validation:293,symbol_mismatch,failure,37,,28,validation,F2,28,10.857319831848145,canonical_functor_control,1,28
1,F2:validation:346,,binding,37,27=21,21,validation,F2,21,4.198624610900879,canonical_predicate_control,1,21
1,F2:validation:700,,binding,37,17=18,18,validation,F2,18,6.989668846130371,reversed_functor_control,1,18
1,F2:validation:5,symbol_mismatch,failure,37,,28,validation,F2,28,12.306425094604492,canonical_functor_control,1,28
1,F2:validation:81,symbol_mismatch,failure,37,,28,validation,F2,28,9.601766586303711,reversed_predicate_control,1,28
1,F2:validation:152,,binding,37,18=20,20,validation,F2,20,7.144709587097168,canonical_predicate_control,1,20
0,F2:validation:727,symbol_mismatch,failure,37,,19,validation,F2,28,-4.914634704589844,canonical_predicate_control,0,19
1,F2:validation:705,symbol_mismatch,failure,37,,28,validation,F2,28,11.374574661254883,reversed_functor_control,1,28
1,F2:validation:738,,binding,37,22=25,25,validation,F2,25,6.923872947692871,canonical_predicate_control,1,25
0,F2:validation:569,symbol_mismatch,failure,37,,24,validation,F2,28,-4.448386192321777,reversed_predicate_control,0,24
1,F2:validation:444,,binding,37,17=22,22,validation,F2,22,3.1425161361694336,canonical_predicate_control,1,22
1,F2:validation:629,symbol_mismatch,failure,37,,28,validation,F2,28,14.128999710083008,canonical_predicate_control,1,28
1,F2:validation:171,symbol_mismatch,failure,37,,28,validation,F2,28,11.163584232330322,reversed_predicate_control,1,28
1,F2:validation:457,symbol_mismatch,failure,37,,28,validation,F2,28,5.948288917541504,reversed_predicate_control,1,28
1,F2:validation:496,,binding,37,25=24,24,validation,F2,24,8.416726112365723,canonical_functor_control,1,24
1,F2:validation:116,,binding,37,17=26,26,validation,F2,26,7.727471351623535,canonical_functor_control,1,26
1,F2:validation:22,,binding,37,18=27,27,validation,F2,27,7.863559722900391,canonical_functor_control,1,27
1,F2:validation:433,symbol_mismatch,failure,37,,28,validation,F2,28,10.759106636047363,canonical_predicate_control,1,28
1,F2:validation:481,symbol_mismatch,failure,37,,28,validation,F2,28,16.52239227294922,canonical_functor_control,1,28
1,F2:validation:452,,binding,37,24=26,26,validation,F2,26,9.95315170288086,canonical_predicate_control,1,26
1,F2:validation:657,symbol_mismatch,failure,37,,28,validation,F2,28,1.4324798583984375,reversed_predicate_control,1,28
1,F2:validation:488,,binding,37,19=20,20,validation,F2,20,8.813987731933594,canonical_functor_control,1,20
1,F2:validation:222,,binding,37,21=19,19,validation,F2,19,9.131596565246582,reversed_functor_control,1,19
1,F2:validation:300,,binding,37,25=22,22,validation,F2,22,6.226132392883301,canonical_functor_control,1,22
1,F2:validation:634,,binding,37,20=21,21,validation,F2,21,6.546725273132324,canonical_predicate_control,1,21
1,F2:validation:24,,binding,37,20=16,16,validation,F2,16,7.781686782836914,reversed_functor_control,1,16
1,F2:validation:202,,binding,37,24=21,21,validation,F2,21,8.459426879882812,canonical_functor_control,1,21
1,F2:validation:186,,binding,37,17=25,25,validation,F2,25,7.912100791931152,reversed_predicate_control,1,25
1,F2:validation:729,symbol_mismatch,failure,37,,28,validation,F2,28,16.085058212280273,canonical_predicate_control,1,28
1,F2:validation:511,symbol_mismatch,failure,37,,28,validation,F2,28,13.197400569915771,reversed_functor_control,1,28
1,F2:validation:66,,binding,37,18=25,25,validation,F2,25,7.848817348480225,canonical_predicate_control,1,25
1,F2:validation:272,,binding,37,27=20,20,validation,F2,20,6.637456893920898,reversed_predicate_control,1,20
1,F2:validation:618,,binding,37,23=25,25,validation,F2,25,8.051332473754883,reversed_functor_control,1,25
1,F2:validation:282,,binding,37,26=25,25,validation,F2,25,8.752564430236816,reversed_predicate_control,1,25
1,F2:validation:434,,binding,37,26=17,17,validation,F2,17,6.755982398986816,canonical_predicate_control,1,17
1,F2:validation:712,,binding,37,16=24,24,validation,F2,24,7.600964546203613,reversed_functor_control,1,24
1,F2:validation:162,,binding,37,20=25,25,validation,F2,25,6.504648208618164,canonical_predicate_control,1,25
1,F2:validation:553,symbol_mismatch,failure,37,,28,validation,F2,28,11.543059825897217,reversed_predicate_control,1,28
1,F2:validation:87,symbol_mismatch,failure,37,,28,validation,F2,28,6.95049524307251,reversed_predicate_control,1,28
1,F2:validation:0,,binding,37,26=16,16,validation,F2,16,5.6438140869140625,canonical_functor_control,1,16
1,F2:validation:440,,binding,37,18=20,20,validation,F2,20,9.051277160644531,canonical_predicate_control,1,20
1,F2:validation:255,symbol_mismatch,failure,37,,28,validation,F2,28,4.61536979675293,canonical_predicate_control,1,28
1,F2:validation:73,symbol_mismatch,failure,37,,28,validation,F2,28,10.159835815429688,reversed_predicate_control,1,28
1,F2:validation:294,,binding,37,26=19,19,validation,F2,19,7.5288496017456055,canonical_functor_control,1,19
1,F2:validation:584,,binding,37,23=20,20,validation,F2,20,6.879175186157227,canonical_functor_control,1,20
1,F2:validation:32,,binding,37,18=20,20,validation,F2,20,7.154304504394531,reversed_functor_control,1,20
1,F2:validation:315,symbol_mismatch,failure,37,,28,validation,F2,28,9.355618476867676,reversed_functor_control,1,28
1,F2:validation:499,symbol_mismatch,failure,37,,28,validation,F2,28,7.637554168701172,canonical_functor_control,1,28
1,F2:validation:529,symbol_mismatch,failure,37,,28,validation,F2,28,5.080151557922363,canonical_predicate_control,1,28
1,F2:validation:205,symbol_mismatch,failure,37,,28,validation,F2,28,12.802770614624023,canonical_functor_control,1,28
1,F2:validation:224,,binding,37,18=20,20,validation,F2,20,8.448258399963379,reversed_functor_control,1,20
1,F2:validation:601,symbol_mismatch,failure,37,,28,validation,F2,28,8.011805534362793,reversed_functor_control,1,28
1,F2:validation:36,,binding,37,20=22,22,validation,F2,22,9.749167919158936,reversed_functor_control,1,22
1,F2:validation:495,symbol_mismatch,failure,37,,28,validation,F2,28,13.92426347732544,canonical_functor_control,1,28
1,F2:validation:256,,binding,37,22=24,24,validation,F2,24,7.722137451171875,canonical_predicate_control,1,24
1,F2:validation:14,,binding,37,18=23,23,validation,F2,23,8.49868631362915,canonical_functor_control,1,23
1,F2:validation:262,,binding,37,16=27,27,validation,F2,27,7.280353546142578,canonical_predicate_control,1,27
1,F2:validation:251,symbol_mismatch,failure,37,,28,validation,F2,28,15.558847904205322,canonical_predicate_control,1,28
1,F2:validation:75,symbol_mismatch,failure,37,,28,validation,F2,28,7.503211975097656,reversed_predicate_control,1,28
1,F2:validation:396,,binding,37,21=22,22,validation,F2,22,5.368921279907227,canonical_functor_control,1,22
1,F2:validation:450,,binding,37,24=25,25,validation,F2,25,6.756089210510254,canonical_predicate_control,1,25
1,F2:validation:102,,binding,37,24=19,19,validation,F2,19,8.346962928771973,canonical_functor_control,1,19
1,F2:validation:413,symbol_mismatch,failure,37,,28,validation,F2,28,11.825421810150146,reversed_functor_control,1,28
1,F2:validation:31,symbol_mismatch,failure,37,,28,validation,F2,28,11.235118865966797,reversed_functor_control,1,28
1,F2:validation:289,symbol_mismatch,failure,37,,28,validation,F2,28,14.440821170806885,canonical_functor_control,1,28
1,F2:validation:19,symbol_mismatch,failure,37,,28,validation,F2,28,15.911532402038574,canonical_functor_control,1,28
1,F2:validation:596,,binding,37,20=26,26,validation,F2,26,6.461462020874023,canonical_functor_control,1,26
1,F2:validation:515,symbol_mismatch,failure,37,,28,validation,F2,28,7.895461082458496,reversed_functor_control,1,28
1,F2:validation:165,symbol_mismatch,failure,37,,28,validation,F2,28,5.3733015060424805,canonical_predicate_control,1,28
1,F2:validation:274,,binding,37,22=21,21,validation,F2,21,9.874797821044922,reversed_predicate_control,1,21
1,F2:validation:550,,binding,37,20=27,27,validation,F2,27,7.052399635314941,canonical_predicate_control,1,27
1,F2:validation:671,symbol_mismatch,failure,37,,28,validation,F2,28,11.869979858398438,reversed_predicate_control,1,28
1,F2:validation:721,symbol_mismatch,failure,37,,28,validation,F2,28,8.420991897583008,canonical_predicate_control,1,28
1,F2:validation:364,,binding,37,24=18,18,validation,F2,18,6.336523056030273,reversed_predicate_control,1,18
1,F2:validation:163,symbol_mismatch,failure,37,,28,validation,F2,28,12.459249019622803,canonical_predicate_control,1,28
1,F2:validation:708,,binding,37,21=22,22,validation,F2,22,7.132584571838379,reversed_functor_control,1,22
1,F2:validation:117,symbol_mismatch,failure,37,,28,validation,F2,28,6.924756050109863,canonical_functor_control,1,28
1,F2:validation:266,,binding,37,19=17,17,validation,F2,17,6.005304336547852,reversed_predicate_control,1,17
1,F2:validation:4,,binding,37,16=18,18,validation,F2,18,3.720850944519043,canonical_functor_control,1,18
1,F2:validation:39,symbol_mismatch,failure,37,,28,validation,F2,28,10.790746688842773,reversed_functor_control,1,28
1,F2:validation:398,,binding,37,18=23,23,validation,F2,23,9.308578968048096,canonical_functor_control,1,23
1,F2:validation:461,symbol_mismatch,failure,37,,28,validation,F2,28,10.826448440551758,reversed_predicate_control,1,28
1,F2:validation:26,,binding,37,24=17,17,validation,F2,17,7.849303722381592,reversed_functor_control,1,17
1,F2:validation:270,,binding,37,27=19,19,validation,F2,19,6.497408866882324,reversed_predicate_control,1,19
1,F2:validation:730,,binding,37,19=21,21,validation,F2,21,7.140267372131348,canonical_predicate_control,1,21
1,F2:validation:119,symbol_mismatch,failure,37,,28,validation,F2,28,6.561858177185059,canonical_functor_control,1,28
1,F2:validation:15,symbol_mismatch,failure,37,,28,validation,F2,28,8.246768951416016,canonical_functor_control,1,28
1,F2:validation:242,,binding,37,25=17,17,validation,F2,17,1.948185920715332,canonical_predicate_control,1,17
1,F2:validation:2,,binding,37,20=17,17,validation,F2,17,7.534567832946777,canonical_functor_control,1,17
1,F2:validation:614,,binding,37,20=23,23,validation,F2,23,8.195663928985596,reversed_functor_control,1,23
1,F2:validation:183,symbol_mismatch,failure,37,,28,validation,F2,28,7.1715569496154785,reversed_predicate_control,1,28
1,F2:validation:83,symbol_mismatch,failure,37,,28,validation,F2,28,9.13037109375,reversed_predicate_control,1,28
1,F2:validation:187,symbol_mismatch,failure,37,,28,validation,F2,28,8.262907981872559,reversed_predicate_control,1,28
1,F2:validation:28,,binding,37,23=18,18,validation,F2,18,7.318985939025879,reversed_functor_control,1,18
1,F2:validation:71,symbol_mismatch,failure,37,,28,validation,F2,28,9.583630561828613,canonical_predicate_control,1,28
1,F2:validation:431,symbol_mismatch,failure,37,,28,validation,F2,28,10.904019355773926,reversed_functor_control,1,28
1,F2:validation:111,symbol_mismatch,failure,37,,28,validation,F2,28,7.027713775634766,canonical_functor_control,1,28
1,F2:validation:327,symbol_mismatch,failure,37,,28,validation,F2,28,14.47026801109314,reversed_functor_control,1,28
1,F2:validation:90,,binding,37,18=25,25,validation,F2,25,6.843775749206543,reversed_predicate_control,1,25
1,F2:validation:184,,binding,37,26=24,24,validation,F2,24,9.601073265075684,reversed_predicate_control,1,24
1,F2:validation:626,,binding,37,21=17,17,validation,F2,17,6.801813125610352,canonical_predicate_control,1,17
1,F2:validation:676,,binding,37,22=18,18,validation,F2,18,7.003772735595703,canonical_functor_control,1,18
1,F2:validation:731,symbol_mismatch,failure,37,,28,validation,F2,28,9.29894733428955,canonical_predicate_control,1,28
1,F2:validation:25,symbol_mismatch,failure,37,,28,validation,F2,28,14.051523685455322,reversed_functor_control,1,28
1,F2:validation:265,symbol_mismatch,failure,37,,28,validation,F2,28,8.12026596069336,reversed_predicate_control,1,28
1,F2:validation:45,symbol_mismatch,failure,37,,28,validation,F2,28,16.199987173080444,reversed_functor_control,1,28
1,F2:validation:86,,binding,37,17=23,23,validation,F2,23,9.470606327056885,reversed_predicate_control,1,23
1,F2:validation:615,symbol_mismatch,failure,37,,28,validation,F2,28,10.957653522491455,reversed_functor_control,1,28
1,F2:validation:104,,binding,37,17=20,20,validation,F2,20,8.414868354797363,canonical_functor_control,1,20
1,F2:validation:574,,binding,37,20=27,27,validation,F2,27,4.536545753479004,reversed_predicate_control,1,27
1,F2:validation:582,,binding,37,23=19,19,validation,F2,19,7.472399711608887,canonical_functor_control,1,19
1,F2:validation:20,,binding,37,16=26,26,validation,F2,26,7.908525466918945,canonical_functor_control,1,26
1,F2:validation:253,symbol_mismatch,failure,37,,28,validation,F2,28,8.988249778747559,canonical_predicate_control,1,28
1,F2:validation:438,,binding,37,22=19,19,validation,F2,19,11.420717239379883,canonical_predicate_control,1,19
1,F2:validation:245,symbol_mismatch,failure,37,,28,validation,F2,28,10.35353946685791,canonical_predicate_control,1,28
1,F2:validation:424,,binding,37,25=24,24,validation,F2,24,9.341399192810059,reversed_functor_control,1,24
1,F2:validation:156,,binding,37,21=22,22,validation,F2,22,5.415178298950195,canonical_predicate_control,1,22
1,F2:validation:693,symbol_mismatch,failure,37,,28,validation,F2,28,15.99422550201416,canonical_functor_control,1,28
1,F2:validation:38,,binding,37,19=23,23,validation,F2,23,3.1336517333984375,reversed_functor_control,1,23
1,F2:validation:638,,binding,37,19=23,23,validation,F2,23,8.1105375289917,canonical_predicate_control,1,23
1,F2:validation:120,,binding,37,23=16,16,validation,F2,16,7.975533485412598,reversed_functor_control,1,16
1,F2:validation:658,,binding,37,27=21,21,validation,F2,21,7.1183013916015625,reversed_predicate_control,1,21
1,F2:validation:310,,binding,37,17=27,27,validation,F2,27,6.554474830627441,canonical_functor_control,1,27
1,F2:validation:357,symbol_mismatch,failure,37,,28,validation,F2,28,14.807435512542725,canonical_predicate_control,1,28
1,F2:validation:53,symbol_mismatch,failure,37,,28,validation,F2,28,8.61650037765503,canonical_predicate_control,1,28
1,F2:validation:470,,binding,37,16=23,23,validation,F2,23,8.388317584991455,reversed_predicate_control,1,23
1,F2:validation:281,symbol_mismatch,failure,37,,28,validation,F2,28,12.664544105529785,reversed_predicate_control,1,28
1,F2:validation:170,,binding,37,23=17,17,validation,F2,17,4.519778251647949,reversed_predicate_control,1,17
1,F2:validation:627,symbol_mismatch,failure,37,,28,validation,F2,28,9.078804016113281,canonical_predicate_control,1,28
1,F2:validation:426,,binding,37,19=25,25,validation,F2,25,5.665597915649414,reversed_functor_control,1,25
1,F2:validation:623,symbol_mismatch,failure,37,,28,validation,F2,28,8.00698471069336,reversed_functor_control,1,28
1,F2:validation:98,,binding,37,24=17,17,validation,F2,17,8.872813701629639,canonical_functor_control,1,17
1,F2:validation:516,,binding,37,20=22,22,validation,F2,22,8.862500190734863,reversed_functor_control,1,22
0,F2:validation:743,symbol_mismatch,failure,37,,27,validation,F2,28,-1.127976417541504,canonical_predicate_control,0,27
1,F2:validation:147,symbol_mismatch,failure,37,,28,validation,F2,28,11.07157278060913,canonical_predicate_control,1,28
1,F2:validation:683,symbol_mismatch,failure,37,,28,validation,F2,28,11.076389789581299,canonical_functor_control,1,28
1,F2:validation:402,,binding,37,22=25,25,validation,F2,25,6.4430084228515625,canonical_functor_control,1,25
1,F2:validation:304,,binding,37,22=24,24,validation,F2,24,8.14130973815918,canonical_functor_control,1,24
1,F2:validation:445,symbol_mismatch,failure,37,,28,validation,F2,28,11.94459056854248,canonical_predicate_control,1,28
1,F2:validation:318,,binding,37,20=19,19,validation,F2,19,6.385032653808594,reversed_functor_control,1,19
1,F2:validation:645,symbol_mismatch,failure,37,,28,validation,F2,28,9.881414413452148,canonical_predicate_control,1,28
1,F2:validation:9,symbol_mismatch,failure,37,,28,validation,F2,28,14.565076351165771,canonical_functor_control,1,28
1,F2:validation:709,symbol_mismatch,failure,37,,28,validation,F2,28,12.915065288543701,reversed_functor_control,1,28
1,F2:validation:169,symbol_mismatch,failure,37,,28,validation,F2,28,14.35974931716919,reversed_predicate_control,1,28
1,F2:validation:620,,binding,37,23=26,26,validation,F2,26,7.0218048095703125,reversed_functor_control,1,26
1,F2:validation:482,,binding,37,19=17,17,validation,F2,17,7.951914310455322,canonical_functor_control,1,17
1,F2:validation:475,symbol_mismatch,failure,37,,28,validation,F2,28,6.4357500076293945,reversed_predicate_control,1,28
1,F2:validation:124,,binding,37,27=18,18,validation,F2,18,5.708105087280273,reversed_functor_control,1,18
1,F2:validation:405,symbol_mismatch,failure,37,,28,validation,F2,28,16.08767604827881,canonical_functor_control,1,28
1,F2:validation:275,symbol_mismatch,failure,37,,28,validation,F2,28,9.545220375061035,reversed_predicate_control,1,28
1,F2:validation:210,,binding,37,23=25,25,validation,F2,25,8.53906536102295,canonical_functor_control,1,25
1,F2:validation:268,,binding,37,22=18,18,validation,F2,18,8.105737686157227,reversed_predicate_control,1,18
1,F2:validation:592,,binding,37,22=24,24,validation,F2,24,7.396684646606445,canonical_functor_control,1,24
1,F2:validation:308,,binding,37,21=26,26,validation,F2,26,8.16273307800293,canonical_functor_control,1,26
1,F2:validation:212,,binding,37,17=26,26,validation,F2,26,7.727471351623535,canonical_functor_control,1,26
1,F2:validation:279,symbol_mismatch,failure,37,,28,validation,F2,28,7.398070812225342,reversed_predicate_control,1,28
1,F2:validation:40,,binding,37,20=24,24,validation,F2,24,9.506439208984375,reversed_functor_control,1,24
1,F2:validation:276,,binding,37,20=22,22,validation,F2,22,9.822028160095215,reversed_predicate_control,1,22
1,F2:validation:89,symbol_mismatch,failure,37,,28,validation,F2,28,8.081693649291992,reversed_predicate_control,1,28
1,F2:validation:261,symbol_mismatch,failure,37,,28,validation,F2,28,11.834197521209717,canonical_predicate_control,1,28
1,F2:validation:174,,binding,37,21=19,19,validation,F2,19,9.196468830108643,reversed_predicate_control,1,19
1,F2:validation:460,,binding,37,26=18,18,validation,F2,18,6.809807300567627,reversed_predicate_control,1,18
1,F2:validation:758,,binding,37,26=23,23,validation,F2,23,7.653108596801758,reversed_predicate_control,1,23
1,F2:validation:267,symbol_mismatch,failure,37,,28,validation,F2,28,11.423134326934814,reversed_predicate_control,1,28
1,F2:validation:417,symbol_mismatch,failure,37,,28,validation,F2,28,11.611033916473389,reversed_functor_control,1,28
1,F2:validation:393,symbol_mismatch,failure,37,,28,validation,F2,28,11.032603740692139,canonical_functor_control,1,28
1,F2:validation:474,,binding,37,26=25,25,validation,F2,25,7.599784851074219,reversed_predicate_control,1,25
1,F2:validation:59,symbol_mismatch,failure,37,,28,validation,F2,28,6.565459251403809,canonical_predicate_control,1,28
1,F2:validation:399,symbol_mismatch,failure,37,,28,validation,F2,28,15.163742065429688,canonical_functor_control,1,28
1,F2:validation:510,,binding,37,22=19,19,validation,F2,19,7.501157760620117,reversed_functor_control,1,19
1,F2:validation:244,,binding,37,25=18,18,validation,F2,18,7.142163276672363,canonical_predicate_control,1,18
1,F2:validation:313,symbol_mismatch,failure,37,,28,validation,F2,28,15.783048868179321,reversed_functor_control,1,28
1,F2:validation:33,symbol_mismatch,failure,37,,28,validation,F2,28,12.045297145843506,reversed_functor_control,1,28
1,F2:validation:646,,binding,37,16=27,27,validation,F2,27,6.789165496826172,canonical_predicate_control,1,27
1,F2:validation:674,,binding,37,19=17,17,validation,F2,17,5.654738426208496,canonical_functor_control,1,17
1,F2:validation:533,symbol_mismatch,failure,37,,28,validation,F2,28,5.294200420379639,canonical_predicate_control,1,28
1,F2:validation:747,symbol_mismatch,failure,37,,28,validation,F2,28,9.191061973571777,reversed_predicate_control,1,28
1,F2:validation:639,symbol_mismatch,failure,37,,28,validation,F2,28,8.766998291015625,canonical_predicate_control,1,28
1,F2:validation:113,symbol_mismatch,failure,37,,28,validation,F2,28,15.0076265335083,canonical_functor_control,1,28
1,F2:validation:277,symbol_mismatch,failure,37,,28,validation,F2,28,9.235459804534912,reversed_predicate_control,1,28
1,F2:validation:93,symbol_mismatch,failure,37,,28,validation,F2,28,6.861374855041504,reversed_predicate_control,1,28
1,F2:validation:757,symbol_mismatch,failure,37,,28,validation,F2,28,5.588861465454102,reversed_predicate_control,1,28
1,F2:validation:585,symbol_mismatch,failure,37,,28,validation,F2,28,13.57275390625,canonical_functor_control,1,28
1,F2:validation:106,,binding,37,27=21,21,validation,F2,21,6.2116241455078125,canonical_functor_control,1,21
1,F2:validation:621,symbol_mismatch,failure,37,,28,validation,F2,28,7.137246131896973,reversed_functor_control,1,28
1,F2:validation:359,symbol_mismatch,failure,37,,28,validation,F2,28,10.571649551391602,canonical_predicate_control,1,28
1,F2:validation:144,,binding,37,18=16,16,validation,F2,16,7.943269729614258,canonical_predicate_control,1,16
1,F2:validation:409,symbol_mismatch,failure,37,,28,validation,F2,28,11.058658123016357,reversed_functor_control,1,28
1,F2:validation:42,,binding,37,24=25,25,validation,F2,25,7.0992584228515625,reversed_functor_control,1,25
1,F2:validation:192,,binding,37,23=16,16,validation,F2,16,6.3739519119262695,canonical_functor_control,1,16
1,F2:validation:654,,binding,37,17=19,19,validation,F2,19,8.969120502471924,reversed_predicate_control,1,19
1,F2:validation:411,symbol_mismatch,failure,37,,28,validation,F2,28,9.134239196777344,reversed_functor_control,1,28
1,F2:validation:506,,binding,37,24=17,17,validation,F2,17,7.977464199066162,reversed_functor_control,1,17
1,F2:validation:622,,binding,37,21=27,27,validation,F2,27,4.758070945739746,reversed_functor_control,1,27
1,F2:validation:512,,binding,37,17=20,20,validation,F2,20,5.425388336181641,reversed_functor_control,1,20
1,F2:validation:427,symbol_mismatch,failure,37,,28,validation,F2,28,14.352007865905762,reversed_functor_control,1,28
1,F2:validation:8,,binding,37,22=20,20,validation,F2,20,4.1056718826293945,canonical_functor_control,1,20
1,F2:validation:504,,binding,37,19=16,16,validation,F2,16,7.099218368530273,reversed_functor_control,1,16
1,F2:validation:451,symbol_mismatch,failure,37,,28,validation,F2,28,10.802852153778076,canonical_predicate_control,1,28
1,F2:validation:446,,binding,37,22=23,23,validation,F2,23,8.731925010681152,canonical_predicate_control,1,23
1,F2:validation:91,symbol_mismatch,failure,37,,28,validation,F2,28,7.2177734375,reversed_predicate_control,1,28
1,F2:validation:509,symbol_mismatch,failure,37,,28,validation,F2,28,12.017188549041748,reversed_functor_control,1,28
1,F2:validation:698,,binding,37,27=17,17,validation,F2,17,6.531012535095215,reversed_functor_control,1,17
1,F2:validation:214,,binding,37,18=27,27,validation,F2,27,6.901849746704102,canonical_functor_control,1,27
1,F2:validation:491,symbol_mismatch,failure,37,,28,validation,F2,28,15.24390697479248,canonical_functor_control,1,28
1,F2:validation:551,symbol_mismatch,failure,37,,28,validation,F2,28,8.8241605758667,canonical_predicate_control,1,28
1,F2:validation:494,,binding,37,20=23,23,validation,F2,23,6.1586456298828125,canonical_functor_control,1,23
1,F2:validation:753,symbol_mismatch,failure,37,,28,validation,F2,28,5.772401809692383,reversed_predicate_control,1,28
1,F2:validation:425,symbol_mismatch,failure,37,,28,validation,F2,28,15.33643913269043,reversed_functor_control,1,28
1,F2:validation:355,symbol_mismatch,failure,37,,28,validation,F2,28,10.18975830078125,canonical_predicate_control,1,28
1,F2:validation:312,,binding,37,19=16,16,validation,F2,16,6.386255264282227,reversed_functor_control,1,16
1,F2:validation:376,,binding,37,18=24,24,validation,F2,24,8.295886039733887,reversed_predicate_control,1,24
1,F2:validation:429,symbol_mismatch,failure,37,,28,validation,F2,28,12.98833179473877,reversed_functor_control,1,28
1,F2:validation:372,,binding,37,26=22,22,validation,F2,22,7.2259111404418945,reversed_predicate_control,1,22
1,F2:validation:385,symbol_mismatch,failure,37,,28,validation,F2,28,11.992398262023926,canonical_functor_control,1,28
1,F2:validation:238,,binding,37,20=27,27,validation,F2,27,5.237981796264648,reversed_functor_control,1,27
1,F2:validation:588,,binding,37,25=22,22,validation,F2,22,7.396764755249023,canonical_functor_control,1,22
1,F2:validation:454,,binding,37,19=27,27,validation,F2,27,0.9159069061279297,canonical_predicate_control,1,27
1,F2:validation:55,symbol_mismatch,failure,37,,28,validation,F2,28,9.850894927978516,canonical_predicate_control,1,28
1,F2:validation:610,,binding,37,20=21,21,validation,F2,21,7.843944549560547,reversed_functor_control,1,21
1,F2:validation:518,,binding,37,21=23,23,validation,F2,23,6.089660167694092,reversed_functor_control,1,23
1,F2:validation:717,symbol_mismatch,failure,37,,28,validation,F2,28,6.384613990783691,reversed_functor_control,1,28
1,F2:validation:672,,binding,37,20=16,16,validation,F2,16,6.811958312988281,canonical_functor_control,1,16
1,F2:validation:606,,binding,37,17=19,19,validation,F2,19,8.484375953674316,reversed_functor_control,1,19
1,F2:validation:384,,binding,37,17=16,16,validation,F2,16,6.361307144165039,canonical_functor_control,1,16
1,F2:validation:343,symbol_mismatch,failure,37,,28,validation,F2,28,8.570756912231445,canonical_predicate_control,1,28
1,F2:validation:604,,binding,37,23=18,18,validation,F2,18,8.577766418457031,reversed_functor_control,1,18
1,F2:validation:285,symbol_mismatch,failure,37,,28,validation,F2,28,5.204510688781738,reversed_predicate_control,1,28
1,F2:validation:597,symbol_mismatch,failure,37,,28,validation,F2,28,6.702755928039551,canonical_functor_control,1,28
1,F2:validation:609,symbol_mismatch,failure,37,,28,validation,F2,28,7.205171585083008,reversed_functor_control,1,28
1,F2:validation:524,,binding,37,19=26,26,validation,F2,26,8.04632568359375,reversed_functor_control,1,26
1,F2:validation:331,symbol_mismatch,failure,37,,28,validation,F2,28,15.05146312713623,reversed_functor_control,1,28
1,F2:validation:656,,binding,37,22=20,20,validation,F2,20,8.448699951171875,reversed_predicate_control,1,20
1,F2:validation:635,symbol_mismatch,failure,37,,28,validation,F2,28,0.28656864166259766,canonical_predicate_control,1,28
1,F2:validation:686,,binding,37,26=23,23,validation,F2,23,6.487260818481445,canonical_functor_control,1,23
1,F2:validation:632,,binding,37,23=20,20,validation,F2,20,5.362003326416016,canonical_predicate_control,1,20
1,F2:validation:465,symbol_mismatch,failure,37,,28,validation,F2,28,9.107760429382324,reversed_predicate_control,1,28
1,F2:validation:92,,binding,37,27=26,26,validation,F2,26,6.438082695007324,reversed_predicate_control,1,26
1,F2:validation:319,symbol_mismatch,failure,37,,28,validation,F2,28,15.075310230255127,reversed_functor_control,1,28
1,F2:validation:749,symbol_mismatch,failure,37,,28,validation,F2,28,7.866523265838623,reversed_predicate_control,1,28
1,F2:validation:360,,binding,37,22=16,16,validation,F2,16,6.422441482543945,reversed_predicate_control,1,16
1,F2:validation:503,symbol_mismatch,failure,37,,28,validation,F2,28,5.911290168762207,canonical_functor_control,1,28
1,F2:validation:353,symbol_mismatch,failure,37,,28,validation,F2,28,9.42106819152832,canonical_predicate_control,1,28
1,F2:validation:302,,binding,37,26=23,23,validation,F2,23,8.099644660949707,canonical_functor_control,1,23
1,F2:validation:599,symbol_mismatch,failure,37,,28,validation,F2,28,5.434728622436523,canonical_functor_control,1,28
1,F2:validation:154,,binding,37,16=21,21,validation,F2,21,8.691163063049316,canonical_predicate_control,1,21
1,F2:validation:754,,binding,37,16=21,21,validation,F2,21,8.255276679992676,reversed_predicate_control,1,21
1,F2:validation:27,symbol_mismatch,failure,37,,28,validation,F2,28,6.4841766357421875,reversed_functor_control,1,28
1,F2:validation:537,symbol_mismatch,failure,37,,28,validation,F2,28,15.612264156341553,canonical_predicate_control,1,28
1,F2:validation:420,,binding,37,27=22,22,validation,F2,22,5.103178977966309,reversed_functor_control,1,22
1,F2:validation:68,,binding,37,24=26,26,validation,F2,26,9.129866600036621,canonical_predicate_control,1,26
1,F2:validation:416,,binding,37,25=20,20,validation,F2,20,7.286120414733887,reversed_functor_control,1,20
1,F2:validation:216,,binding,37,23=16,16,validation,F2,16,7.99144172668457,reversed_functor_control,1,16
1,F2:validation:690,,binding,37,26=25,25,validation,F2,25,7.334853172302246,canonical_functor_control,1,25
1,F2:validation:233,symbol_mismatch,failure,37,,28,validation,F2,28,15.471917629241943,reversed_functor_control,1,28
1,F2:validation:764,,binding,37,16=26,26,validation,F2,26,6.116039276123047,reversed_predicate_control,1,26
1,F2:validation:56,,binding,37,24=20,20,validation,F2,20,5.4470672607421875,canonical_predicate_control,1,20
1,F2:validation:666,,binding,37,23=25,25,validation,F2,25,7.110179901123047,reversed_predicate_control,1,25
1,F2:validation:412,,binding,37,23=18,18,validation,F2,18,7.758223533630371,reversed_functor_control,1,18
1,F2:validation:354,,binding,37,17=25,25,validation,F2,25,6.6835527420043945,canonical_predicate_control,1,25
1,F2:validation:722,,binding,37,24=17,17,validation,F2,17,7.123090744018555,canonical_predicate_control,1,17
1,F2:validation:179,symbol_mismatch,failure,37,,28,validation,F2,28,10.303926467895508,reversed_predicate_control,1,28
1,F2:validation:209,symbol_mismatch,failure,37,,28,validation,F2,28,11.18142318725586,canonical_functor_control,1,28
1,F2:validation:296,,binding,37,16=20,20,validation,F2,20,3.4835891723632812,canonical_functor_control,1,20
1,F2:validation:325,symbol_mismatch,failure,37,,28,validation,F2,28,14.123353958129883,reversed_functor_control,1,28
1,F2:validation:576,,binding,37,27=16,16,validation,F2,16,0.26284217834472656,canonical_functor_control,1,16
1,F2:validation:94,,binding,37,18=27,27,validation,F2,27,5.884950637817383,reversed_predicate_control,1,27
1,F2:validation:651,symbol_mismatch,failure,37,,28,validation,F2,28,6.677120208740234,reversed_predicate_control,1,28
1,F2:validation:382,,binding,37,21=27,27,validation,F2,27,0.35144519805908203,reversed_predicate_control,1,27
1,F2:validation:462,,binding,37,24=19,19,validation,F2,19,5.683483123779297,reversed_predicate_control,1,19
1,F2:validation:131,symbol_mismatch,failure,37,,28,validation,F2,28,4.967090606689453,reversed_functor_control,1,28
1,F2:validation:631,symbol_mismatch,failure,37,,28,validation,F2,28,11.658255100250244,canonical_predicate_control,1,28
1,F2:validation:239,symbol_mismatch,failure,37,,28,validation,F2,28,10.207790851593018,reversed_functor_control,1,28
1,F2:validation:164,,binding,37,23=26,26,validation,F2,26,7.730413436889648,canonical_predicate_control,1,26
1,F2:validation:380,,binding,37,22=26,26,validation,F2,26,8.567617416381836,reversed_predicate_control,1,26
1,F2:validation:667,symbol_mismatch,failure,37,,28,validation,F2,28,15.71749496459961,reversed_predicate_control,1,28
1,F2:validation:379,symbol_mismatch,failure,37,,28,validation,F2,28,14.219171047210693,reversed_predicate_control,1,28
1,F2:validation:377,symbol_mismatch,failure,37,,28,validation,F2,28,13.06793212890625,reversed_predicate_control,1,28
1,F2:validation:254,,binding,37,20=23,23,validation,F2,23,8.777391910552979,canonical_predicate_control,1,23
1,F2:validation:18,,binding,37,17=25,25,validation,F2,25,8.111339569091797,canonical_functor_control,1,25
1,F2:validation:689,symbol_mismatch,failure,37,,28,validation,F2,28,13.823002815246582,canonical_functor_control,1,28
1,F2:validation:608,,binding,37,17=20,20,validation,F2,20,6.147897720336914,reversed_functor_control,1,20
1,F2:validation:1,symbol_mismatch,failure,37,,28,validation,F2,28,12.82240915298462,canonical_functor_control,1,28
1,F2:validation:697,symbol_mismatch,failure,37,,28,validation,F2,28,9.21409273147583,reversed_functor_control,1,28
1,F2:validation:655,symbol_mismatch,failure,37,,28,validation,F2,28,7.015766143798828,reversed_predicate_control,1,28
1,F2:validation:737,symbol_mismatch,failure,37,,28,validation,F2,28,5.9923858642578125,canonical_predicate_control,1,28
1,F2:validation:407,symbol_mismatch,failure,37,,28,validation,F2,28,11.003657341003418,canonical_functor_control,1,28
1,F2:validation:449,symbol_mismatch,failure,37,,28,validation,F2,28,11.711416244506836,canonical_predicate_control,1,28
1,F2:validation:513,symbol_mismatch,failure,37,,28,validation,F2,28,14.599462509155273,reversed_functor_control,1,28
1,F2:validation:688,,binding,37,16=24,24,validation,F2,24,7.726922988891602,canonical_functor_control,1,24
1,F2:validation:172,,binding,37,17=18,18,validation,F2,18,7.480063438415527,reversed_predicate_control,1,18
1,F2:validation:258,,binding,37,26=25,25,validation,F2,25,7.88181209564209,canonical_predicate_control,1,25
1,F2:validation:523,symbol_mismatch,failure,37,,28,validation,F2,28,14.789073467254639,reversed_functor_control,1,28
1,F2:validation:295,symbol_mismatch,failure,37,,28,validation,F2,28,6.878666877746582,canonical_functor_control,1,28
1,F2:validation:100,,binding,37,20=18,18,validation,F2,18,8.803421020507812,canonical_functor_control,1,18
1,F2:validation:316,,binding,37,17=18,18,validation,F2,18,6.030138969421387,reversed_functor_control,1,18
1,F2:validation:259,symbol_mismatch,failure,37,,28,validation,F2,28,8.115730285644531,canonical_predicate_control,1,28
1,F2:validation:58,,binding,37,20=21,21,validation,F2,21,7.626300811767578,canonical_predicate_control,1,21
1,F2:validation:358,,binding,37,22=27,27,validation,F2,27,5.3071794509887695,canonical_predicate_control,1,27
0,F2:validation:61,symbol_mismatch,failure,37,,22,validation,F2,28,-6.149100303649902,canonical_predicate_control,0,22
1,F2:validation:368,,binding,37,26=20,20,validation,F2,20,7.793396949768066,reversed_predicate_control,1,20
1,F2:validation:589,symbol_mismatch,failure,37,,28,validation,F2,28,5.623805046081543,canonical_functor_control,1,28
1,F2:validation:607,symbol_mismatch,failure,37,,28,validation,F2,28,15.802210569381714,reversed_functor_control,1,28
1,F2:validation:660,,binding,37,23=22,22,validation,F2,22,7.162754058837891,reversed_predicate_control,1,22
1,F2:validation:682,,binding,37,17=21,21,validation,F2,21,8.429053783416748,canonical_functor_control,1,21
1,F2:validation:519,symbol_mismatch,failure,37,,28,validation,F2,28,15.336204051971436,reversed_functor_control,1,28
1,F2:validation:189,symbol_mismatch,failure,37,,28,validation,F2,28,7.097330093383789,reversed_predicate_control,1,28
1,F2:validation:193,symbol_mismatch,failure,37,,28,validation,F2,28,7.103549957275391,canonical_functor_control,1,28
1,F2:validation:122,,binding,37,21=17,17,validation,F2,17,6.639098167419434,reversed_functor_control,1,17
1,F2:validation:223,symbol_mismatch,failure,37,,28,validation,F2,28,8.612089157104492,reversed_functor_control,1,28
1,F2:validation:573,symbol_mismatch,failure,37,,28,validation,F2,28,15.49274492263794,reversed_predicate_control,1,28
1,F2:validation:335,symbol_mismatch,failure,37,,28,validation,F2,28,11.655466079711914,reversed_functor_control,1,28
1,F2:validation:175,symbol_mismatch,failure,37,,28,validation,F2,28,2.8773880004882812,reversed_predicate_control,1,28
1,F2:validation:415,symbol_mismatch,failure,37,,28,validation,F2,28,9.817447662353516,reversed_functor_control,1,28
1,F2:validation:532,,binding,37,22=18,18,validation,F2,18,8.575005054473877,canonical_predicate_control,1,18
1,F2:validation:110,,binding,37,16=23,23,validation,F2,23,7.953037261962891,canonical_functor_control,1,23
1,F2:validation:476,,binding,37,16=26,26,validation,F2,26,5.824959754943848,reversed_predicate_control,1,26
1,F2:validation:138,,binding,37,24=25,25,validation,F2,25,5.967168807983398,reversed_functor_control,1,25
1,F2:validation:153,symbol_mismatch,failure,37,,28,validation,F2,28,8.198850631713867,canonical_predicate_control,1,28
1,F2:validation:188,,binding,37,20=26,26,validation,F2,26,7.896176338195801,reversed_predicate_control,1,26
1,F2:validation:206,,binding,37,22=23,23,validation,F2,23,9.967554092407227,canonical_functor_control,1,23
1,F2:validation:497,symbol_mismatch,failure,37,,28,validation,F2,28,11.702508926391602,canonical_functor_control,1,28
1,F2:validation:366,,binding,37,21=19,19,validation,F2,19,5.577862739562988,reversed_predicate_control,1,19
1,F2:validation:158,,binding,37,19=23,23,validation,F2,23,6.595095634460449,canonical_predicate_control,1,23
1,F2:validation:194,,binding,37,23=17,17,validation,F2,17,9.125575542449951,canonical_functor_control,1,17
1,F2:validation:135,symbol_mismatch,failure,37,,28,validation,F2,28,14.20723295211792,reversed_functor_control,1,28
1,F2:validation:112,,binding,37,21=24,24,validation,F2,24,7.819612503051758,canonical_functor_control,1,24
1,F2:validation:386,,binding,37,25=17,17,validation,F2,17,7.466653823852539,canonical_functor_control,1,17
1,F2:validation:663,symbol_mismatch,failure,37,,28,validation,F2,28,7.911832332611084,reversed_predicate_control,1,28
1,F2:validation:508,,binding,37,27=18,18,validation,F2,18,6.197533130645752,reversed_functor_control,1,18
1,F2:validation:637,symbol_mismatch,failure,37,,28,validation,F2,28,15.1301589012146,canonical_predicate_control,1,28
1,F2:validation:167,symbol_mismatch,failure,37,,28,validation,F2,28,8.45158338546753,canonical_predicate_control,1,28
1,F2:validation:473,symbol_mismatch,failure,37,,28,validation,F2,28,11.608534336090088,reversed_predicate_control,1,28
1,F2:validation:207,symbol_mismatch,failure,37,,28,validation,F2,28,10.70538330078125,canonical_functor_control,1,28
1,F2:validation:190,,binding,37,19=27,27,validation,F2,27,0.29651832580566406,reversed_predicate_control,1,27
1,F2:validation:605,symbol_mismatch,failure,37,,28,validation,F2,28,9.827616691589355,reversed_functor_control,1,28
1,F2:validation:260,,binding,37,18=26,26,validation,F2,26,6.579220771789551,canonical_predicate_control,1,26
1,F2:validation:10,,binding,37,23=21,21,validation,F2,21,8.533627986907959,canonical_functor_control,1,21
1,F2:validation:314,,binding,37,24=17,17,validation,F2,17,8.778971195220947,reversed_functor_control,1,17
1,F2:validation:643,symbol_mismatch,failure,37,,28,validation,F2,28,10.723888397216797,canonical_predicate_control,1,28
1,F2:validation:136,,binding,37,25=24,24,validation,F2,24,4.345279693603516,reversed_functor_control,1,24
1,F2:validation:76,,binding,37,25=18,18,validation,F2,18,6.788041114807129,reversed_predicate_control,1,18
1,F2:validation:95,symbol_mismatch,failure,37,,28,validation,F2,28,8.01253604888916,reversed_predicate_control,1,28
1,F2:validation:677,symbol_mismatch,failure,37,,28,validation,F2,28,8.378493309020996,canonical_functor_control,1,28
1,F2:validation:636,,binding,37,25=22,22,validation,F2,22,6.447792053222656,canonical_predicate_control,1,22
1,F2:validation:750,,binding,37,25=19,19,validation,F2,19,7.370124816894531,reversed_predicate_control,1,19
1,F2:validation:742,,binding,37,25=27,27,validation,F2,27,6.788991928100586,canonical_predicate_control,1,27
1,F2:validation:502,,binding,37,25=27,27,validation,F2,27,5.644560813903809,canonical_functor_control,1,27
1,F2:validation:337,symbol_mismatch,failure,37,,28,validation,F2,28,9.783595085144043,canonical_predicate_control,1,28
1,F2:validation:719,symbol_mismatch,failure,37,,28,validation,F2,28,11.020827770233154,reversed_functor_control,1,28
1,F2:validation:142,,binding,37,22=27,27,validation,F2,27,2.489781379699707,reversed_functor_control,1,27
1,F2:validation:404,,binding,37,16=26,26,validation,F2,26,4.780276298522949,canonical_functor_control,1,26
1,F2:validation:290,,binding,37,20=17,17,validation,F2,17,5.823314666748047,canonical_functor_control,1,17
1,F2:validation:478,,binding,37,24=27,27,validation,F2,27,5.742741584777832,reversed_predicate_control,1,27
1,F2:validation:590,,binding,37,18=23,23,validation,F2,23,8.914101123809814,canonical_functor_control,1,23
1,F2:validation:132,,binding,37,25=22,22,validation,F2,22,6.2033843994140625,reversed_functor_control,1,22
1,F2:validation:198,,binding,37,21=19,19,validation,F2,19,9.424562454223633,canonical_functor_control,1,19
1,F2:validation:263,symbol_mismatch,failure,37,,28,validation,F2,28,7.2488508224487305,canonical_predicate_control,1,28
1,F2:validation:675,symbol_mismatch,failure,37,,28,validation,F2,28,9.75893783569336,canonical_functor_control,1,28
1,F2:validation:159,symbol_mismatch,failure,37,,28,validation,F2,28,6.602415084838867,canonical_predicate_control,1,28
1,F2:validation:552,,binding,37,18=16,16,validation,F2,16,8.05583667755127,reversed_predicate_control,1,16
1,F2:validation:237,symbol_mismatch,failure,37,,28,validation,F2,28,6.57894229888916,reversed_functor_control,1,28
1,F2:validation:29,symbol_mismatch,failure,37,,28,validation,F2,28,11.69996166229248,reversed_functor_control,1,28
1,F2:validation:587,symbol_mismatch,failure,37,,28,validation,F2,28,7.199538230895996,canonical_functor_control,1,28
1,F2:validation:82,,binding,37,17=21,21,validation,F2,21,8.436869621276855,reversed_predicate_control,1,21
1,F2:validation:287,symbol_mismatch,failure,37,,28,validation,F2,28,11.056484699249268,reversed_predicate_control,1,28
1,F2:validation:761,symbol_mismatch,failure,37,,28,validation,F2,28,5.069231033325195,reversed_predicate_control,1,28
1,F2:validation:41,symbol_mismatch,failure,37,,28,validation,F2,28,7.69489860534668,reversed_functor_control,1,28
1,F2:validation:44,,binding,37,16=26,26,validation,F2,26,6.606222152709961,reversed_functor_control,1,26
1,F2:validation:554,,binding,37,26=17,17,validation,F2,17,7.40849494934082,reversed_predicate_control,1,17
1,F2:validation:673,symbol_mismatch,failure,37,,28,validation,F2,28,8.786520957946777,canonical_functor_control,1,28
1,F2:validation:720,,binding,37,21=16,16,validation,F2,16,7.616950988769531,canonical_predicate_control,1,16
1,F2:validation:630,,binding,37,26=19,19,validation,F2,19,7.167132377624512,canonical_predicate_control,1,19
1,F2:validation:659,symbol_mismatch,failure,37,,28,validation,F2,28,11.977979183197021,reversed_predicate_control,1,28
1,F2:validation:680,,binding,37,18=20,20,validation,F2,20,8.007050514221191,canonical_functor_control,1,20
1,F2:validation:328,,binding,37,17=24,24,validation,F2,24,10.331290245056152,reversed_functor_control,1,24
1,F2:validation:501,symbol_mismatch,failure,37,,28,validation,F2,28,13.340109825134277,canonical_functor_control,1,28
1,F2:validation:126,,binding,37,23=19,19,validation,F2,19,9.564996242523193,reversed_functor_control,1,19
1,F2:validation:387,symbol_mismatch,failure,37,,28,validation,F2,28,8.975471019744873,canonical_functor_control,1,28
1,F2:validation:197,symbol_mismatch,failure,37,,28,validation,F2,28,10.96959638595581,canonical_functor_control,1,28
1,F2:validation:578,,binding,37,20=17,17,validation,F2,17,6.086087226867676,canonical_functor_control,1,17
1,F2:validation:598,,binding,37,20=27,27,validation,F2,27,6.70787239074707,canonical_functor_control,1,27
1,F2:validation:178,,binding,37,23=21,21,validation,F2,21,9.22683334350586,reversed_predicate_control,1,21
1,F2:validation:763,symbol_mismatch,failure,37,,28,validation,F2,28,8.744481086730957,reversed_predicate_control,1,28
1,F2:validation:230,,binding,37,24=23,23,validation,F2,23,6.059924125671387,reversed_functor_control,1,23
1,F2:validation:756,,binding,37,25=22,22,validation,F2,22,6.678467750549316,reversed_predicate_control,1,22
1,F2:validation:408,,binding,37,18=16,16,validation,F2,16,8.01888656616211,reversed_functor_control,1,16
1,F2:validation:715,symbol_mismatch,failure,37,,28,validation,F2,28,14.22209358215332,reversed_functor_control,1,28
1,F2:validation:109,symbol_mismatch,failure,37,,28,validation,F2,28,13.803918838500977,canonical_functor_control,1,28
1,F2:validation:236,,binding,37,18=26,26,validation,F2,26,6.614855766296387,reversed_functor_control,1,26
1,F2:validation:85,symbol_mismatch,failure,37,,28,validation,F2,28,8.395627975463867,reversed_predicate_control,1,28
1,F2:validation:101,symbol_mismatch,failure,37,,28,validation,F2,28,8.572017669677734,canonical_functor_control,1,28
1,F2:validation:653,symbol_mismatch,failure,37,,28,validation,F2,28,3.79156494140625,reversed_predicate_control,1,28
1,F2:validation:373,symbol_mismatch,failure,37,,28,validation,F2,28,14.98001480102539,reversed_predicate_control,1,28
1,F2:validation:213,symbol_mismatch,failure,37,,28,validation,F2,28,16.08767604827881,canonical_functor_control,1,28
1,F2:validation:155,symbol_mismatch,failure,37,,28,validation,F2,28,14.96175765991211,canonical_predicate_control,1,28
1,F2:validation:247,symbol_mismatch,failure,37,,28,validation,F2,28,14.013818264007568,canonical_predicate_control,1,28
1,F2:validation:563,symbol_mismatch,failure,37,,28,validation,F2,28,15.723176002502441,reversed_predicate_control,1,28
1,F2:validation:665,symbol_mismatch,failure,37,,28,validation,F2,28,6.8517961502075195,reversed_predicate_control,1,28
1,F2:validation:240,,binding,37,21=16,16,validation,F2,16,4.517919540405273,canonical_predicate_control,1,16
1,F2:validation:17,symbol_mismatch,failure,37,,28,validation,F2,28,7.272699356079102,canonical_functor_control,1,28
1,F2:validation:243,symbol_mismatch,failure,37,,28,validation,F2,28,11.002329349517822,canonical_predicate_control,1,28
1,F2:validation:648,,binding,37,26=16,16,validation,F2,16,5.993234634399414,reversed_predicate_control,1,16
1,F2:validation:145,symbol_mismatch,failure,37,,28,validation,F2,28,7.504759788513184,canonical_predicate_control,1,28
1,F2:validation:339,symbol_mismatch,failure,37,,28,validation,F2,28,9.565361022949219,canonical_predicate_control,1,28
1,F2:validation:443,symbol_mismatch,failure,37,,28,validation,F2,28,10.581916809082031,canonical_predicate_control,1,28
1,F2:validation:30,,binding,37,25=19,19,validation,F2,19,8.834453105926514,reversed_functor_control,1,19
1,F2:validation:704,,binding,37,23=20,20,validation,F2,20,6.382635116577148,reversed_functor_control,1,20
1,F2:validation:725,symbol_mismatch,failure,37,,28,validation,F2,28,2.9591331481933594,canonical_predicate_control,1,28
1,F2:validation:760,,binding,37,20=24,24,validation,F2,24,6.61796760559082,reversed_predicate_control,1,24
1,F2:validation:536,,binding,37,25=20,20,validation,F2,20,6.852952003479004,canonical_predicate_control,1,20
1,F2:validation:430,,binding,37,23=27,27,validation,F2,27,6.104601860046387,reversed_functor_control,1,27
1,F2:validation:724,,binding,37,16=18,18,validation,F2,18,8.05650520324707,canonical_predicate_control,1,18
1,F2:validation:303,symbol_mismatch,failure,37,,28,validation,F2,28,12.931140422821045,canonical_functor_control,1,28
1,F2:validation:741,symbol_mismatch,failure,37,,28,validation,F2,28,11.138882637023926,canonical_predicate_control,1,28
1,F2:validation:556,,binding,37,27=18,18,validation,F2,18,8.029542922973633,reversed_predicate_control,1,18
1,F2:validation:718,,binding,37,18=27,27,validation,F2,27,5.573910713195801,reversed_functor_control,1,27
1,F2:validation:196,,binding,37,16=18,18,validation,F2,18,6.839689254760742,canonical_functor_control,1,18
1,F2:validation:146,,binding,37,27=17,17,validation,F2,17,8.425504684448242,canonical_predicate_control,1,17
1,F2:validation:250,,binding,37,16=21,21,validation,F2,21,9.456151008605957,canonical_predicate_control,1,21
1,F2:validation:735,symbol_mismatch,failure,37,,28,validation,F2,28,4.066344261169434,canonical_predicate_control,1,28
1,F2:validation:338,,binding,37,20=17,17,validation,F2,17,5.808016777038574,canonical_predicate_control,1,17
1,F2:validation:97,symbol_mismatch,failure,37,,28,validation,F2,28,15.142199039459229,canonical_functor_control,1,28
1,F2:validation:538,,binding,37,25=21,21,validation,F2,21,8.862362384796143,canonical_predicate_control,1,21
1,F2:validation:35,symbol_mismatch,failure,37,,28,validation,F2,28,13.945630550384521,reversed_functor_control,1,28
1,F2:validation:103,symbol_mismatch,failure,37,,28,validation,F2,28,12.573387622833252,canonical_functor_control,1,28
1,F2:validation:351,symbol_mismatch,failure,37,,28,validation,F2,28,6.471412658691406,canonical_predicate_control,1,28
1,F2:validation:388,,binding,37,21=18,18,validation,F2,18,5.839260101318359,canonical_functor_control,1,18
1,F2:validation:567,symbol_mismatch,failure,37,,28,validation,F2,28,11.407077312469482,reversed_predicate_control,1,28
1,F2:validation:297,symbol_mismatch,failure,37,,28,validation,F2,28,6.980476379394531,canonical_functor_control,1,28
1,F2:validation:246,,binding,37,21=19,19,validation,F2,19,9.30014705657959,canonical_predicate_control,1,19
1,F2:validation:640,,binding,37,26=24,24,validation,F2,24,6.9467010498046875,canonical_predicate_control,1,24
1,F2:validation:394,,binding,37,25=21,21,validation,F2,21,8.930968284606934,canonical_functor_control,1,21
1,F2:validation:350,,binding,37,17=23,23,validation,F2,23,9.406472206115723,canonical_predicate_control,1,23
1,F2:validation:579,symbol_mismatch,failure,37,,28,validation,F2,28,8.916686058044434,canonical_functor_control,1,28
1,F2:validation:375,symbol_mismatch,failure,37,,28,validation,F2,28,5.15444278717041,reversed_predicate_control,1,28
1,F2:validation:468,,binding,37,16=22,22,validation,F2,22,8.661975860595703,reversed_predicate_control,1,22
1,F2:validation:344,,binding,37,24=20,20,validation,F2,20,6.431164741516113,canonical_predicate_control,1,20
1,F2:validation:88,,binding,37,20=24,24,validation,F2,24,9.8190279006958,reversed_predicate_control,1,24
1,F2:validation:401,symbol_mismatch,failure,37,,28,validation,F2,28,12.684281826019287,canonical_functor_control,1,28
1,F2:validation:46,,binding,37,25=27,27,validation,F2,27,1.7919397354125977,reversed_functor_control,1,27
1,F2:validation:7,symbol_mismatch,failure,37,,28,validation,F2,28,12.850337028503418,canonical_functor_control,1,28
1,F2:validation:235,symbol_mismatch,failure,37,,28,validation,F2,28,13.394915103912354,reversed_functor_control,1,28
1,F2:validation:432,,binding,37,24=16,16,validation,F2,16,9.087376594543457,canonical_predicate_control,1,16
1,F2:validation:51,symbol_mismatch,failure,37,,28,validation,F2,28,11.251575946807861,canonical_predicate_control,1,28
1,F2:validation:67,symbol_mismatch,failure,37,,28,validation,F2,28,12.56613540649414,canonical_predicate_control,1,28
0,F2:validation:759,symbol_mismatch,failure,37,,23,validation,F2,28,-6.654391288757324,reversed_predicate_control,0,23
1,F2:validation:65,symbol_mismatch,failure,37,,28,validation,F2,28,15.327375411987305,canonical_predicate_control,1,28
1,F2:validation:221,symbol_mismatch,failure,37,,28,validation,F2,28,11.252862453460693,reversed_functor_control,1,28
1,F2:validation:662,,binding,37,20=23,23,validation,F2,23,8.35174036026001,reversed_predicate_control,1,23
1,F2:validation:545,symbol_mismatch,failure,37,,28,validation,F2,28,13.82733154296875,canonical_predicate_control,1,28
1,F2:validation:746,,binding,37,18=17,17,validation,F2,17,7.891012191772461,reversed_predicate_control,1,17
1,F2:validation:530,,binding,37,21=17,17,validation,F2,17,2.68540096282959,canonical_predicate_control,1,17
1,F2:validation:679,symbol_mismatch,failure,37,,28,validation,F2,28,15.556044578552246,canonical_functor_control,1,28
1,F2:validation:522,,binding,37,16=25,25,validation,F2,25,2.3512840270996094,reversed_functor_control,1,25
1,F2:validation:332,,binding,37,22=26,26,validation,F2,26,8.45329475402832,reversed_functor_control,1,26
1,F2:validation:228,,binding,37,16=22,22,validation,F2,22,7.662436485290527,reversed_functor_control,1,22
1,F2:validation:371,symbol_mismatch,failure,37,,28,validation,F2,28,12.610408782958984,reversed_predicate_control,1,28
1,F2:validation:348,,binding,37,24=22,22,validation,F2,22,6.196682929992676,canonical_predicate_control,1,22
1,F2:validation:381,symbol_mismatch,failure,37,,28,validation,F2,28,15.734883785247803,reversed_predicate_control,1,28
1,F2:validation:62,,binding,37,18=23,23,validation,F2,23,10.34790325164795,canonical_predicate_control,1,23
1,F2:validation:176,,binding,37,19=20,20,validation,F2,20,3.5055971145629883,reversed_predicate_control,1,20
1,F2:validation:21,symbol_mismatch,failure,37,,28,validation,F2,28,7.256534576416016,canonical_functor_control,1,28
1,F2:validation:580,,binding,37,24=18,18,validation,F2,18,6.411141395568848,canonical_functor_control,1,18
1,F2:validation:448,,binding,37,18=24,24,validation,F2,24,9.257110595703125,canonical_predicate_control,1,24
1,F2:validation:99,symbol_mismatch,failure,37,,28,validation,F2,28,7.844328880310059,canonical_functor_control,1,28
1,F2:validation:37,symbol_mismatch,failure,37,,28,validation,F2,28,4.522674560546875,reversed_functor_control,1,28
1,F2:validation:280,,binding,37,16=24,24,validation,F2,24,7.331053733825684,reversed_predicate_control,1,24
1,F2:validation:603,symbol_mismatch,failure,37,,28,validation,F2,28,8.77733850479126,reversed_functor_control,1,28
1,F2:validation:148,,binding,37,23=18,18,validation,F2,18,6.977953910827637,canonical_predicate_control,1,18
1,F2:validation:414,,binding,37,23=19,19,validation,F2,19,8.420648574829102,reversed_functor_control,1,19
0,F2:validation:541,symbol_mismatch,failure,37,,22,validation,F2,28,-6.388768196105957,canonical_predicate_control,0,22
1,F2:validation:745,symbol_mismatch,failure,37,,28,validation,F2,28,8.59638786315918,reversed_predicate_control,1,28
1,F2:validation:128,,binding,37,24=20,20,validation,F2,20,7.178871154785156,reversed_functor_control,1,20
1,F2:validation:692,,binding,37,18=26,26,validation,F2,26,7.50124454498291,canonical_functor_control,1,26
1,F2:validation:471,symbol_mismatch,failure,37,,28,validation,F2,28,6.214879035949707,reversed_predicate_control,1,28
1,F2:validation:278,,binding,37,24=23,23,validation,F2,23,3.358731269836426,reversed_predicate_control,1,23
1,F2:validation:326,,binding,37,26=23,23,validation,F2,23,7.862646102905273,reversed_functor_control,1,23
1,F2:validation:333,symbol_mismatch,failure,37,,28,validation,F2,28,13.166074275970459,reversed_functor_control,1,28
1,F2:validation:320,,binding,37,16=20,20,validation,F2,20,4.693305015563965,reversed_functor_control,1,20
1,F2:validation:751,symbol_mismatch,failure,37,,28,validation,F2,28,5.54426383972168,reversed_predicate_control,1,28
1,F2:validation:218,,binding,37,16=17,17,validation,F2,17,7.921329021453857,reversed_functor_control,1,17
1,F2:validation:568,,binding,37,21=24,24,validation,F2,24,9.696624755859375,reversed_predicate_control,1,24
1,F2:validation:11,symbol_mismatch,failure,37,,28,validation,F2,28,13.190080165863037,canonical_functor_control,1,28
1,F2:validation:723,symbol_mismatch,failure,37,,28,validation,F2,28,8.302428245544434,canonical_predicate_control,1,28
1,F2:validation:286,,binding,37,24=27,27,validation,F2,27,3.3322696685791016,reversed_predicate_control,1,27
1,F2:validation:485,symbol_mismatch,failure,37,,28,validation,F2,28,11.299236297607422,canonical_functor_control,1,28
1,F2:validation:43,symbol_mismatch,failure,37,,28,validation,F2,28,11.918704986572266,reversed_functor_control,1,28
1,F2:validation:389,symbol_mismatch,failure,37,,28,validation,F2,28,10.784932136535645,canonical_functor_control,1,28
1,F2:validation:566,,binding,37,19=23,23,validation,F2,23,5.992278575897217,reversed_predicate_control,1,23
1,F2:validation:423,symbol_mismatch,failure,37,,28,validation,F2,28,14.502564430236816,reversed_functor_control,1,28
1,F2:validation:181,symbol_mismatch,failure,37,,28,validation,F2,28,10.932029724121094,reversed_predicate_control,1,28
1,F2:validation:301,symbol_mismatch,failure,37,,28,validation,F2,28,5.060816764831543,canonical_functor_control,1,28
1,F2:validation:480,,binding,37,21=16,16,validation,F2,16,7.55184268951416,canonical_functor_control,1,16
1,F2:validation:546,,binding,37,26=25,25,validation,F2,25,5.959824562072754,canonical_predicate_control,1,25
1,F2:validation:356,,binding,37,21=26,26,validation,F2,26,8.151409149169922,canonical_predicate_control,1,26
1,F2:validation:489,symbol_mismatch,failure,37,,28,validation,F2,28,7.621476173400879,canonical_functor_control,1,28
1,F2:validation:69,symbol_mismatch,failure,37,,28,validation,F2,28,10.396834373474121,canonical_predicate_control,1,28
1,F2:validation:141,symbol_mismatch,failure,37,,28,validation,F2,28,15.740196704864502,reversed_functor_control,1,28
1,F2:validation:581,symbol_mismatch,failure,37,,28,validation,F2,28,7.923330307006836,canonical_functor_control,1,28
1,F2:validation:507,symbol_mismatch,failure,37,,28,validation,F2,28,9.79798936843872,reversed_functor_control,1,28
1,F2:validation:347,symbol_mismatch,failure,37,,28,validation,F2,28,11.155418395996094,canonical_predicate_control,1,28
1,F2:validation:472,,binding,37,27=24,24,validation,F2,24,5.479643821716309,reversed_predicate_control,1,24
1,F2:validation:107,symbol_mismatch,failure,37,,28,validation,F2,28,13.203272342681885,canonical_functor_control,1,28
1,F2:validation:52,,binding,37,24=18,18,validation,F2,18,5.163503646850586,canonical_predicate_control,1,18
1,F2:validation:463,symbol_mismatch,failure,37,,28,validation,F2,28,5.396947860717773,reversed_predicate_control,1,28
1,F2:validation:96,,binding,37,25=16,16,validation,F2,16,7.891353607177734,canonical_functor_control,1,16
1,F2:validation:740,,binding,37,17=26,26,validation,F2,26,6.570565223693848,canonical_predicate_control,1,26
1,F2:validation:466,,binding,37,19=21,21,validation,F2,21,7.5014190673828125,reversed_predicate_control,1,21
1,F2:validation:283,symbol_mismatch,failure,37,,28,validation,F2,28,11.083178997039795,reversed_predicate_control,1,28
1,F2:validation:526,,binding,37,22=27,27,validation,F2,27,3.9510726928710938,reversed_functor_control,1,27
1,F2:validation:535,symbol_mismatch,failure,37,,28,validation,F2,28,9.638310432434082,canonical_predicate_control,1,28
1,F2:validation:57,symbol_mismatch,failure,37,,28,validation,F2,28,12.22343635559082,canonical_predicate_control,1,28
1,F2:validation:157,symbol_mismatch,failure,37,,28,validation,F2,28,10.366198539733887,canonical_predicate_control,1,28
1,F2:validation:129,symbol_mismatch,failure,37,,28,validation,F2,28,9.352400302886963,reversed_functor_control,1,28
1,F2:validation:455,symbol_mismatch,failure,37,,28,validation,F2,28,8.79184341430664,canonical_predicate_control,1,28
1,F2:validation:309,symbol_mismatch,failure,37,,28,validation,F2,28,10.879010200500488,canonical_functor_control,1,28
1,F2:validation:591,symbol_mismatch,failure,37,,28,validation,F2,28,9.320973873138428,canonical_functor_control,1,28
1,F2:validation:564,,binding,37,24=22,22,validation,F2,22,7.349207878112793,reversed_predicate_control,1,22
1,F2:validation:586,,binding,37,27=21,21,validation,F2,21,4.807408332824707,canonical_functor_control,1,21
1,F2:validation:493,symbol_mismatch,failure,37,,28,validation,F2,28,11.968833446502686,canonical_functor_control,1,28
1,F2:validation:60,,binding,37,18=22,22,validation,F2,22,5.394740104675293,canonical_predicate_control,1,22
1,F2:validation:367,symbol_mismatch,failure,37,,28,validation,F2,28,12.737595081329346,reversed_predicate_control,1,28
1,F2:validation:311,symbol_mismatch,failure,37,,28,validation,F2,28,10.231064796447754,canonical_functor_control,1,28
1,F2:validation:459,symbol_mismatch,failure,37,,28,validation,F2,28,9.317203521728516,reversed_predicate_control,1,28
1,F2:validation:160,,binding,37,22=24,24,validation,F2,24,7.165709495544434,canonical_predicate_control,1,24
1,F2:validation:570,,binding,37,16=25,25,validation,F2,25,7.690860748291016,reversed_predicate_control,1,25
1,F2:validation:736,,binding,37,18=24,24,validation,F2,24,10.146322250366211,canonical_predicate_control,1,24
1,F2:validation:595,symbol_mismatch,failure,37,,28,validation,F2,28,15.061954021453857,canonical_functor_control,1,28
1,F2:validation:16,,binding,37,26=24,24,validation,F2,24,6.437047958374023,canonical_functor_control,1,24
1,F2:validation:161,symbol_mismatch,failure,37,,28,validation,F2,28,11.375434875488281,canonical_predicate_control,1,28
1,F2:validation:710,,binding,37,19=23,23,validation,F2,23,4.440898895263672,reversed_functor_control,1,23
1,F2:validation:739,symbol_mismatch,failure,37,,28,validation,F2,28,12.433233737945557,canonical_predicate_control,1,28
1,F2:validation:702,,binding,37,25=19,19,validation,F2,19,7.139287948608398,reversed_functor_control,1,19
1,F2:validation:527,symbol_mismatch,failure,37,,28,validation,F2,28,5.561601638793945,reversed_functor_control,1,28
1,F2:validation:711,symbol_mismatch,failure,37,,28,validation,F2,28,14.571912288665771,reversed_functor_control,1,28
1,F2:validation:143,symbol_mismatch,failure,37,,28,validation,F2,28,14.814879894256592,reversed_functor_control,1,28
1,F2:validation:177,symbol_mismatch,failure,37,,28,validation,F2,28,7.339503288269043,reversed_predicate_control,1,28
1,F2:validation:544,,binding,37,25=24,24,validation,F2,24,8.513612747192383,canonical_predicate_control,1,24
1,F2:validation:661,symbol_mismatch,failure,37,,28,validation,F2,28,11.423717021942139,reversed_predicate_control,1,28
1,F2:validation:649,symbol_mismatch,failure,37,,28,validation,F2,28,14.699099063873291,reversed_predicate_control,1,28
1,F2:validation:714,,binding,37,27=25,25,validation,F2,25,8.446857452392578,reversed_functor_control,1,25
0,F2:validation:185,symbol_mismatch,failure,37,,26,validation,F2,28,-3.7197341918945312,reversed_predicate_control,0,26
1,F2:validation:225,symbol_mismatch,failure,37,,28,validation,F2,28,8.19096851348877,reversed_functor_control,1,28
1,F2:validation:701,symbol_mismatch,failure,37,,28,validation,F2,28,10.83281660079956,reversed_functor_control,1,28
1,F2:validation:403,symbol_mismatch,failure,37,,28,validation,F2,28,12.387028217315674,canonical_functor_control,1,28
1,F2:validation:168,,binding,37,22=16,16,validation,F2,16,7.18673038482666,reversed_predicate_control,1,16
1,F2:validation:696,,binding,37,26=16,16,validation,F2,16,5.386263847351074,reversed_functor_control,1,16
1,F2:validation:307,symbol_mismatch,failure,37,,28,validation,F2,28,15.100000381469727,canonical_functor_control,1,28
1,F2:validation:542,,binding,37,22=23,23,validation,F2,23,9.66946268081665,canonical_predicate_control,1,23
1,F2:validation:219,symbol_mismatch,failure,37,,28,validation,F2,28,7.051324844360352,reversed_functor_control,1,28
1,F2:validation:201,symbol_mismatch,failure,37,,28,validation,F2,28,14.85388994216919,canonical_functor_control,1,28
1,F2:validation:322,,binding,37,19=21,21,validation,F2,21,9.734065532684326,reversed_functor_control,1,21
1,F2:validation:453,symbol_mismatch,failure,37,,28,validation,F2,28,10.65726089477539,canonical_predicate_control,1,28
1,F2:validation:149,symbol_mismatch,failure,37,,28,validation,F2,28,9.598857879638672,canonical_predicate_control,1,28
1,F2:test:761,symbol_mismatch,failure,37,,28,test,F2,28,4.863284111022949,reversed_predicate_control,1,28
1,F2:test:555,symbol_mismatch,failure,37,,28,test,F2,28,9.295846462249756,reversed_predicate_control,1,28
1,F2:test:495,symbol_mismatch,failure,37,,28,test,F2,28,11.632415771484375,canonical_functor_control,1,28
1,F2:test:479,symbol_mismatch,failure,37,,28,test,F2,28,10.046406269073486,reversed_predicate_control,1,28
1,F2:test:701,symbol_mismatch,failure,37,,28,test,F2,28,12.356666088104248,reversed_functor_control,1,28
1,F2:test:233,symbol_mismatch,failure,37,,28,test,F2,28,6.030574798583984,reversed_functor_control,1,28
1,F2:test:700,,binding,37,16=18,18,test,F2,18,7.203088760375977,reversed_functor_control,1,18
1,F2:test:560,,binding,37,16=20,20,test,F2,20,4.1924848556518555,reversed_predicate_control,1,20
1,F2:test:467,symbol_mismatch,failure,37,,28,test,F2,28,12.818735122680664,reversed_predicate_control,1,28
1,F2:test:382,,binding,37,20=27,27,test,F2,27,3.401759147644043,reversed_predicate_control,1,27
1,F2:test:195,symbol_mismatch,failure,37,,28,test,F2,28,9.350627899169922,canonical_functor_control,1,28
1,F2:test:91,symbol_mismatch,failure,37,,28,test,F2,28,8.655794143676758,reversed_predicate_control,1,28
1,F2:test:609,symbol_mismatch,failure,37,,28,test,F2,28,7.607062339782715,reversed_functor_control,1,28
1,F2:test:202,,binding,37,18=21,21,test,F2,21,9.251178741455078,canonical_functor_control,1,21
1,F2:test:723,symbol_mismatch,failure,37,,28,test,F2,28,5.167802810668945,canonical_predicate_control,1,28
1,F2:test:691,symbol_mismatch,failure,37,,28,test,F2,28,14.306100845336914,canonical_functor_control,1,28
1,F2:test:15,symbol_mismatch,failure,37,,28,test,F2,28,7.526890754699707,canonical_functor_control,1,28
1,F2:test:583,symbol_mismatch,failure,37,,28,test,F2,28,9.455277442932129,canonical_functor_control,1,28
1,F2:test:163,symbol_mismatch,failure,37,,28,test,F2,28,7.505867958068848,canonical_predicate_control,1,28
1,F2:test:507,symbol_mismatch,failure,37,,28,test,F2,28,8.18580150604248,reversed_functor_control,1,28
1,F2:test:725,symbol_mismatch,failure,37,,28,test,F2,28,7.38273811340332,canonical_predicate_control,1,28
1,F2:test:662,,binding,37,20=23,23,test,F2,23,8.090606212615967,reversed_predicate_control,1,23
1,F2:test:637,symbol_mismatch,failure,37,,28,test,F2,28,8.902204990386963,canonical_predicate_control,1,28
1,F2:test:16,,binding,37,26=24,24,test,F2,24,8.14334774017334,canonical_functor_control,1,24
1,F2:test:359,symbol_mismatch,failure,37,,28,test,F2,28,5.931300163269043,canonical_predicate_control,1,28
1,F2:test:38,,binding,37,25=23,23,test,F2,23,5.257219314575195,reversed_functor_control,1,23
1,F2:test:165,symbol_mismatch,failure,37,,28,test,F2,28,7.90052604675293,canonical_predicate_control,1,28
1,F2:test:49,symbol_mismatch,failure,37,,28,test,F2,28,9.116271018981934,canonical_predicate_control,1,28
1,F2:test:585,symbol_mismatch,failure,37,,28,test,F2,28,7.602386474609375,canonical_functor_control,1,28
1,F2:test:545,symbol_mismatch,failure,37,,28,test,F2,28,13.178764820098877,canonical_predicate_control,1,28
1,F2:test:353,symbol_mismatch,failure,37,,28,test,F2,28,10.444122314453125,canonical_predicate_control,1,28
1,F2:test:138,,binding,37,18=25,25,test,F2,25,6.842442512512207,reversed_functor_control,1,25
1,F2:test:31,symbol_mismatch,failure,37,,28,test,F2,28,14.002513408660889,reversed_functor_control,1,28
1,F2:test:536,,binding,37,25=20,20,test,F2,20,7.539098739624023,canonical_predicate_control,1,20
1,F2:test:441,symbol_mismatch,failure,37,,28,test,F2,28,9.00180435180664,canonical_predicate_control,1,28
1,F2:test:231,symbol_mismatch,failure,37,,28,test,F2,28,13.08044719696045,reversed_functor_control,1,28
1,F2:test:688,,binding,37,16=24,24,test,F2,24,7.723507881164551,canonical_functor_control,1,24
1,F2:test:210,,binding,37,21=25,25,test,F2,25,6.437587738037109,canonical_functor_control,1,25
1,F2:test:158,,binding,37,27=23,23,test,F2,23,5.735838890075684,canonical_predicate_control,1,23
1,F2:test:685,symbol_mismatch,failure,37,,28,test,F2,28,14.451969146728516,canonical_functor_control,1,28
1,F2:test:241,symbol_mismatch,failure,37,,28,test,F2,28,14.488408088684082,canonical_predicate_control,1,28
1,F2:test:2,,binding,37,27=17,17,test,F2,17,6.9951581954956055,canonical_functor_control,1,17
1,F2:test:102,,binding,37,18=19,19,test,F2,19,8.228734970092773,canonical_functor_control,1,19
1,F2:test:18,,binding,37,22=25,25,test,F2,25,5.592670440673828,canonical_functor_control,1,25
1,F2:test:655,symbol_mismatch,failure,37,,28,test,F2,28,2.6190576553344727,reversed_predicate_control,1,28
1,F2:test:196,,binding,37,17=18,18,test,F2,18,9.270446300506592,canonical_functor_control,1,18
1,F2:test:186,,binding,37,16=25,25,test,F2,25,6.802935600280762,reversed_predicate_control,1,25
1,F2:test:268,,binding,37,25=18,18,test,F2,18,7.052202224731445,reversed_predicate_control,1,18
1,F2:test:465,symbol_mismatch,failure,37,,28,test,F2,28,6.723318099975586,reversed_predicate_control,1,28
1,F2:test:54,,binding,37,17=19,19,test,F2,19,10.226970672607422,canonical_predicate_control,1,19
1,F2:test:672,,binding,37,20=16,16,test,F2,16,7.470834732055664,canonical_functor_control,1,16
1,F2:test:19,symbol_mismatch,failure,37,,28,test,F2,28,14.100235939025879,canonical_functor_control,1,28
1,F2:test:732,,binding,37,24=22,22,test,F2,22,6.07529354095459,canonical_predicate_control,1,22
1,F2:test:393,symbol_mismatch,failure,37,,28,test,F2,28,9.097014427185059,canonical_functor_control,1,28
1,F2:test:307,symbol_mismatch,failure,37,,28,test,F2,28,16.236077308654785,canonical_functor_control,1,28
1,F2:test:160,,binding,37,21=24,24,test,F2,24,7.987820625305176,canonical_predicate_control,1,24
1,F2:test:569,symbol_mismatch,failure,37,,28,test,F2,28,9.400821685791016,reversed_predicate_control,1,28
1,F2:test:132,,binding,37,25=22,22,test,F2,22,6.3543548583984375,reversed_functor_control,1,22
1,F2:test:271,symbol_mismatch,failure,37,,28,test,F2,28,10.663614273071289,reversed_predicate_control,1,28
1,F2:test:754,,binding,37,19=21,21,test,F2,21,7.800065994262695,reversed_predicate_control,1,21
1,F2:test:407,symbol_mismatch,failure,37,,28,test,F2,28,2.7052078247070312,canonical_functor_control,1,28
1,F2:test:624,,binding,37,21=16,16,test,F2,16,7.22556209564209,canonical_predicate_control,1,16
1,F2:test:1,symbol_mismatch,failure,37,,28,test,F2,28,15.34708833694458,canonical_functor_control,1,28
1,F2:test:151,symbol_mismatch,failure,37,,28,test,F2,28,4.395684242248535,canonical_predicate_control,1,28
1,F2:test:208,,binding,37,19=24,24,test,F2,24,8.647247314453125,canonical_functor_control,1,24
1,F2:test:472,,binding,37,20=24,24,test,F2,24,5.241400718688965,reversed_predicate_control,1,24
1,F2:test:300,,binding,37,21=22,22,test,F2,22,2.573927879333496,canonical_functor_control,1,22
1,F2:test:618,,binding,37,27=25,25,test,F2,25,8.404613018035889,reversed_functor_control,1,25
1,F2:test:270,,binding,37,17=19,19,test,F2,19,6.887199401855469,reversed_predicate_control,1,19
1,F2:test:639,symbol_mismatch,failure,37,,28,test,F2,28,7.511754035949707,canonical_predicate_control,1,28
1,F2:test:427,symbol_mismatch,failure,37,,28,test,F2,28,13.41918659210205,reversed_functor_control,1,28
1,F2:test:209,symbol_mismatch,failure,37,,28,test,F2,28,7.68834114074707,canonical_functor_control,1,28
1,F2:test:667,symbol_mismatch,failure,37,,28,test,F2,28,11.816370010375977,reversed_predicate_control,1,28
1,F2:test:179,symbol_mismatch,failure,37,,28,test,F2,28,12.498669624328613,reversed_predicate_control,1,28
1,F2:test:442,,binding,37,18=21,21,test,F2,21,9.772789001464844,canonical_predicate_control,1,21
1,F2:test:52,,binding,37,19=18,18,test,F2,18,3.7797975540161133,canonical_predicate_control,1,18
1,F2:test:44,,binding,37,21=26,26,test,F2,26,8.25657844543457,reversed_functor_control,1,26
1,F2:test:188,,binding,37,27=26,26,test,F2,26,3.7687320709228516,reversed_predicate_control,1,26
1,F2:test:391,symbol_mismatch,failure,37,,28,test,F2,28,9.1422119140625,canonical_functor_control,1,28
1,F2:test:493,symbol_mismatch,failure,37,,28,test,F2,28,12.167192935943604,canonical_functor_control,1,28
1,F2:test:767,symbol_mismatch,failure,37,,28,test,F2,28,9.226029872894287,reversed_predicate_control,1,28
1,F2:test:256,,binding,37,18=24,24,test,F2,24,9.498176574707031,canonical_predicate_control,1,24
1,F2:test:748,,binding,37,27=18,18,test,F2,18,7.382473945617676,reversed_predicate_control,1,18
1,F2:test:527,symbol_mismatch,failure,37,,28,test,F2,28,10.817272663116455,reversed_functor_control,1,28
1,F2:test:702,,binding,37,27=19,19,test,F2,19,6.163695335388184,reversed_functor_control,1,19
1,F2:test:475,symbol_mismatch,failure,37,,28,test,F2,28,13.338271617889404,reversed_predicate_control,1,28
1,F2:test:664,,binding,37,19=24,24,test,F2,24,8.308244705200195,reversed_predicate_control,1,24
1,F2:test:375,symbol_mismatch,failure,37,,28,test,F2,28,12.336626529693604,reversed_predicate_control,1,28
1,F2:test:251,symbol_mismatch,failure,37,,28,test,F2,28,3.156095504760742,canonical_predicate_control,1,28
1,F2:test:319,symbol_mismatch,failure,37,,28,test,F2,28,14.3206148147583,reversed_functor_control,1,28
1,F2:test:530,,binding,37,18=17,17,test,F2,17,6.9394073486328125,canonical_predicate_control,1,17
1,F2:test:763,symbol_mismatch,failure,37,,28,test,F2,28,10.035004615783691,reversed_predicate_control,1,28
1,F2:test:247,symbol_mismatch,failure,37,,28,test,F2,28,6.8861494064331055,canonical_predicate_control,1,28
1,F2:test:296,,binding,37,23=20,20,test,F2,20,6.404068946838379,canonical_functor_control,1,20
1,F2:test:24,,binding,37,18=16,16,test,F2,16,8.403812408447266,reversed_functor_control,1,16
1,F2:test:461,symbol_mismatch,failure,37,,28,test,F2,28,4.447593688964844,reversed_predicate_control,1,28
1,F2:test:316,,binding,37,20=18,18,test,F2,18,8.639911651611328,reversed_functor_control,1,18
1,F2:test:499,symbol_mismatch,failure,37,,28,test,F2,28,8.510357856750488,canonical_functor_control,1,28
1,F2:test:403,symbol_mismatch,failure,37,,28,test,F2,28,12.889431953430176,canonical_functor_control,1,28
1,F2:test:226,,binding,37,24=21,21,test,F2,21,8.737180233001709,reversed_functor_control,1,21
1,F2:test:534,,binding,37,22=19,19,test,F2,19,10.317465782165527,canonical_predicate_control,1,19
1,F2:test:192,,binding,37,22=16,16,test,F2,16,6.900946617126465,canonical_functor_control,1,16
1,F2:test:72,,binding,37,22=16,16,test,F2,16,3.035839080810547,reversed_predicate_control,1,16
1,F2:test:155,symbol_mismatch,failure,37,,28,test,F2,28,13.073712825775146,canonical_predicate_control,1,28
1,F2:test:116,,binding,37,19=26,26,test,F2,26,6.977362632751465,canonical_functor_control,1,26
1,F2:test:634,,binding,37,27=21,21,test,F2,21,4.695496559143066,canonical_predicate_control,1,21
1,F2:test:287,symbol_mismatch,failure,37,,28,test,F2,28,12.257518291473389,reversed_predicate_control,1,28
1,F2:test:22,,binding,37,23=27,27,test,F2,27,5.700858116149902,canonical_functor_control,1,27
1,F2:test:574,,binding,37,21=27,27,test,F2,27,3.3307933807373047,reversed_predicate_control,1,27
1,F2:test:78,,binding,37,22=19,19,test,F2,19,9.618856430053711,reversed_predicate_control,1,19
1,F2:test:232,,binding,37,17=24,24,test,F2,24,9.619147300720215,reversed_functor_control,1,24
1,F2:test:587,symbol_mismatch,failure,37,,28,test,F2,28,13.396796226501465,canonical_functor_control,1,28
1,F2:test:223,symbol_mismatch,failure,37,,28,test,F2,28,12.665412425994873,reversed_functor_control,1,28
1,F2:test:146,,binding,37,24=17,17,test,F2,17,8.243531703948975,canonical_predicate_control,1,17
1,F2:test:81,symbol_mismatch,failure,37,,28,test,F2,28,10.587502479553223,reversed_predicate_control,1,28
1,F2:test:710,,binding,37,17=23,23,test,F2,23,9.242195129394531,reversed_functor_control,1,23
1,F2:test:225,symbol_mismatch,failure,37,,28,test,F2,28,14.915487289428711,reversed_functor_control,1,28
1,F2:test:619,symbol_mismatch,failure,37,,28,test,F2,28,8.884217262268066,reversed_functor_control,1,28
1,F2:test:302,,binding,37,22=23,23,test,F2,23,10.172845840454102,canonical_functor_control,1,23
1,F2:test:371,symbol_mismatch,failure,37,,28,test,F2,28,7.196032524108887,reversed_predicate_control,1,28
1,F2:test:762,,binding,37,24=25,25,test,F2,25,7.6128644943237305,reversed_predicate_control,1,25
1,F2:test:261,symbol_mismatch,failure,37,,28,test,F2,28,9.096599578857422,canonical_predicate_control,1,28
1,F2:test:244,,binding,37,25=18,18,test,F2,18,6.906795501708984,canonical_predicate_control,1,18
1,F2:test:450,,binding,37,27=25,25,test,F2,25,6.8402204513549805,canonical_predicate_control,1,25
1,F2:test:367,symbol_mismatch,failure,37,,28,test,F2,28,10.659493923187256,reversed_predicate_control,1,28
1,F2:test:389,symbol_mismatch,failure,37,,28,test,F2,28,11.556294918060303,canonical_functor_control,1,28
1,F2:test:126,,binding,37,17=19,19,test,F2,19,7.526348114013672,reversed_functor_control,1,19
1,F2:test:104,,binding,37,17=20,20,test,F2,20,8.430697441101074,canonical_functor_control,1,20
1,F2:test:581,symbol_mismatch,failure,37,,28,test,F2,28,11.695866107940674,canonical_functor_control,1,28
1,F2:test:350,,binding,37,19=23,23,test,F2,23,8.810040473937988,canonical_predicate_control,1,23
1,F2:test:614,,binding,37,19=23,23,test,F2,23,5.358982563018799,reversed_functor_control,1,23
1,F2:test:757,symbol_mismatch,failure,37,,28,test,F2,28,8.995070457458496,reversed_predicate_control,1,28
1,F2:test:13,symbol_mismatch,failure,37,,28,test,F2,28,5.495251655578613,canonical_functor_control,1,28
1,F2:test:408,,binding,37,18=16,16,test,F2,16,8.320375442504883,reversed_functor_control,1,16
1,F2:test:747,symbol_mismatch,failure,37,,28,test,F2,28,5.359294891357422,reversed_predicate_control,1,28
1,F2:test:515,symbol_mismatch,failure,37,,28,test,F2,28,8.806893348693848,reversed_functor_control,1,28
1,F2:test:141,symbol_mismatch,failure,37,,28,test,F2,28,13.764691829681396,reversed_functor_control,1,28
1,F2:test:272,,binding,37,16=20,20,test,F2,20,5.858184814453125,reversed_predicate_control,1,20
1,F2:test:451,symbol_mismatch,failure,37,,28,test,F2,28,11.234944820404053,canonical_predicate_control,1,28
1,F2:test:285,symbol_mismatch,failure,37,,28,test,F2,28,7.755677223205566,reversed_predicate_control,1,28
1,F2:test:87,symbol_mismatch,failure,37,,28,test,F2,28,11.495842933654785,reversed_predicate_control,1,28
1,F2:test:150,,binding,37,26=19,19,test,F2,19,8.997371673583984,canonical_predicate_control,1,19
1,F2:test:480,,binding,37,26=16,16,test,F2,16,7.934736251831055,canonical_functor_control,1,16
1,F2:test:113,symbol_mismatch,failure,37,,28,test,F2,28,13.796680450439453,canonical_functor_control,1,28
1,F2:test:511,symbol_mismatch,failure,37,,28,test,F2,28,9.40218448638916,reversed_functor_control,1,28
1,F2:test:674,,binding,37,20=17,17,test,F2,17,7.2168121337890625,canonical_functor_control,1,17
1,F2:test:206,,binding,37,17=23,23,test,F2,23,9.683650493621826,canonical_functor_control,1,23
1,F2:test:97,symbol_mismatch,failure,37,,28,test,F2,28,9.175165176391602,canonical_functor_control,1,28
1,F2:test:406,,binding,37,21=27,27,test,F2,27,5.068302154541016,canonical_functor_control,1,27
1,F2:test:193,symbol_mismatch,failure,37,,28,test,F2,28,14.751894474029541,canonical_functor_control,1,28
1,F2:test:727,symbol_mismatch,failure,37,,28,test,F2,28,8.020261764526367,canonical_predicate_control,1,28
1,F2:test:690,,binding,37,18=25,25,test,F2,25,8.337935447692871,canonical_functor_control,1,25
1,F2:test:395,symbol_mismatch,failure,37,,28,test,F2,28,2.4783172607421875,canonical_functor_control,1,28
1,F2:test:83,symbol_mismatch,failure,37,,28,test,F2,28,10.983593940734863,reversed_predicate_control,1,28
1,F2:test:487,symbol_mismatch,failure,37,,28,test,F2,28,9.218538284301758,canonical_functor_control,1,28
1,F2:test:172,,binding,37,17=18,18,test,F2,18,6.030138969421387,reversed_predicate_control,1,18
1,F2:test:425,symbol_mismatch,failure,37,,28,test,F2,28,8.883583068847656,reversed_functor_control,1,28
1,F2:test:697,symbol_mismatch,failure,37,,28,test,F2,28,13.738681316375732,reversed_functor_control,1,28
1,F2:test:214,,binding,37,24=27,27,test,F2,27,7.025334358215332,canonical_functor_control,1,27
1,F2:test:627,symbol_mismatch,failure,37,,28,test,F2,28,4.934366226196289,canonical_predicate_control,1,28
1,F2:test:354,,binding,37,22=25,25,test,F2,25,4.669207572937012,canonical_predicate_control,1,25
1,F2:test:115,symbol_mismatch,failure,37,,28,test,F2,28,14.274751663208008,canonical_functor_control,1,28
1,F2:test:695,symbol_mismatch,failure,37,,28,test,F2,28,10.762228012084961,canonical_functor_control,1,28
1,F2:test:404,,binding,37,17=26,26,test,F2,26,9.57370662689209,canonical_functor_control,1,26
1,F2:test:3,symbol_mismatch,failure,37,,28,test,F2,28,11.501903533935547,canonical_functor_control,1,28
0,F2:test:252,,binding,37,19=22,28,test,F2,22,-1.420827865600586,canonical_predicate_control,0,28
1,F2:test:571,symbol_mismatch,failure,37,,28,test,F2,28,6.3489885330200195,reversed_predicate_control,1,28
1,F2:test:737,symbol_mismatch,failure,37,,28,test,F2,28,12.261520862579346,canonical_predicate_control,1,28
1,F2:test:329,symbol_mismatch,failure,37,,28,test,F2,28,12.02934741973877,reversed_functor_control,1,28
1,F2:test:171,symbol_mismatch,failure,37,,28,test,F2,28,10.16177225112915,reversed_predicate_control,1,28
1,F2:test:20,,binding,37,21=26,26,test,F2,26,8.269515991210938,canonical_functor_control,1,26
1,F2:test:203,symbol_mismatch,failure,37,,28,test,F2,28,12.836942672729492,canonical_functor_control,1,28
1,F2:test:418,,binding,37,19=21,21,test,F2,21,7.6754255294799805,reversed_functor_control,1,21
1,F2:test:557,symbol_mismatch,failure,37,,28,test,F2,28,7.943453788757324,reversed_predicate_control,1,28
1,F2:test:234,,binding,37,17=25,25,test,F2,25,6.764150619506836,reversed_functor_control,1,25
1,F2:test:559,symbol_mismatch,failure,37,,28,test,F2,28,7.5049896240234375,reversed_predicate_control,1,28
1,F2:test:682,,binding,37,26=21,21,test,F2,21,7.700603008270264,canonical_functor_control,1,21
1,F2:test:742,,binding,37,20=27,27,test,F2,27,9.02424144744873,canonical_predicate_control,1,27
1,F2:test:35,symbol_mismatch,failure,37,,28,test,F2,28,12.412740230560303,reversed_functor_control,1,28
0,F2:test:325,symbol_mismatch,failure,37,,22,test,F2,28,-0.4692096710205078,reversed_functor_control,0,22
1,F2:test:29,symbol_mismatch,failure,37,,28,test,F2,28,14.051820278167725,reversed_functor_control,1,28
1,F2:test:673,symbol_mismatch,failure,37,,28,test,F2,28,15.48255968093872,canonical_functor_control,1,28
1,F2:test:135,symbol_mismatch,failure,37,,28,test,F2,28,14.303990364074707,reversed_functor_control,1,28
1,F2:test:370,,binding,37,16=21,21,test,F2,21,9.464489936828613,reversed_predicate_control,1,21
1,F2:test:103,symbol_mismatch,failure,37,,28,test,F2,28,7.756043434143066,canonical_functor_control,1,28
1,F2:test:586,,binding,37,20=21,21,test,F2,21,6.474794387817383,canonical_functor_control,1,21
1,F2:test:402,,binding,37,21=25,25,test,F2,25,5.649555206298828,canonical_functor_control,1,25
1,F2:test:159,symbol_mismatch,failure,37,,28,test,F2,28,3.1771554946899414,canonical_predicate_control,1,28
1,F2:test:349,symbol_mismatch,failure,37,,28,test,F2,28,9.723105907440186,canonical_predicate_control,1,28
1,F2:test:504,,binding,37,27=16,16,test,F2,16,5.022705078125,reversed_functor_control,1,16
1,F2:test:85,symbol_mismatch,failure,37,,28,test,F2,28,14.173981666564941,reversed_predicate_control,1,28
1,F2:test:217,symbol_mismatch,failure,37,,28,test,F2,28,8.995954513549805,reversed_functor_control,1,28
1,F2:test:445,symbol_mismatch,failure,37,,28,test,F2,28,1.7073898315429688,canonical_predicate_control,1,28
1,F2:test:90,,binding,37,18=25,25,test,F2,25,7.641485214233398,reversed_predicate_control,1,25
1,F2:test:161,symbol_mismatch,failure,37,,28,test,F2,28,10.73311996459961,canonical_predicate_control,1,28
1,F2:test:106,,binding,37,18=21,21,test,F2,21,8.877202033996582,canonical_functor_control,1,21
1,F2:test:33,symbol_mismatch,failure,37,,28,test,F2,28,13.524963855743408,reversed_functor_control,1,28
1,F2:test:464,,binding,37,25=20,20,test,F2,20,7.189162254333496,reversed_predicate_control,1,20
1,F2:test:313,symbol_mismatch,failure,37,,28,test,F2,28,14.396081447601318,reversed_functor_control,1,28
1,F2:test:428,,binding,37,27=26,26,test,F2,26,8.637842178344727,reversed_functor_control,1,26
1,F2:test:670,,binding,37,17=27,27,test,F2,27,5.941127777099609,reversed_predicate_control,1,27
1,F2:test:348,,binding,37,27=22,22,test,F2,22,2.83731746673584,canonical_predicate_control,1,22
1,F2:test:346,,binding,37,24=21,21,test,F2,21,7.260725021362305,canonical_predicate_control,1,21
1,F2:test:601,symbol_mismatch,failure,37,,28,test,F2,28,14.313704490661621,reversed_functor_control,1,28
1,F2:test:384,,binding,37,26=16,16,test,F2,16,4.852451324462891,canonical_functor_control,1,16
1,F2:test:721,symbol_mismatch,failure,37,,28,test,F2,28,8.727717399597168,canonical_predicate_control,1,28
1,F2:test:478,,binding,37,18=27,27,test,F2,27,4.111244201660156,reversed_predicate_control,1,27
1,F2:test:458,,binding,37,26=17,17,test,F2,17,7.9326019287109375,reversed_predicate_control,1,17
1,F2:test:568,,binding,37,19=24,24,test,F2,24,7.827012062072754,reversed_predicate_control,1,24
1,F2:test:596,,binding,37,16=26,26,test,F2,26,7.487316131591797,canonical_functor_control,1,26
1,F2:test:726,,binding,37,20=19,19,test,F2,19,5.990555763244629,canonical_predicate_control,1,19
1,F2:test:409,symbol_mismatch,failure,37,,28,test,F2,28,13.775769710540771,reversed_functor_control,1,28
1,F2:test:5,symbol_mismatch,failure,37,,28,test,F2,28,13.160794258117676,canonical_functor_control,1,28
1,F2:test:717,symbol_mismatch,failure,37,,28,test,F2,28,7.371173858642578,reversed_functor_control,1,28
1,F2:test:692,,binding,37,27=26,26,test,F2,26,5.58991813659668,canonical_functor_control,1,26
1,F2:test:611,symbol_mismatch,failure,37,,28,test,F2,28,13.290635108947754,reversed_functor_control,1,28
1,F2:test:416,,binding,37,26=20,20,test,F2,20,7.372296333312988,reversed_functor_control,1,20
1,F2:test:423,symbol_mismatch,failure,37,,28,test,F2,28,13.089922904968262,reversed_functor_control,1,28
1,F2:test:320,,binding,37,27=20,20,test,F2,20,2.5619916915893555,reversed_functor_control,1,20
1,F2:test:112,,binding,37,22=24,24,test,F2,24,7.396684646606445,canonical_functor_control,1,24
1,F2:test:105,symbol_mismatch,failure,37,,28,test,F2,28,15.61858606338501,canonical_functor_control,1,28
1,F2:test:68,,binding,37,19=26,26,test,F2,26,8.863261222839355,canonical_predicate_control,1,26
1,F2:test:765,symbol_mismatch,failure,37,,28,test,F2,28,15.113870620727539,reversed_predicate_control,1,28
1,F2:test:332,,binding,37,21=26,26,test,F2,26,9.118619918823242,reversed_functor_control,1,26
1,F2:test:117,symbol_mismatch,failure,37,,28,test,F2,28,8.994770050048828,canonical_functor_control,1,28
1,F2:test:440,,binding,37,26=20,20,test,F2,20,6.860655784606934,canonical_predicate_control,1,20
1,F2:test:595,symbol_mismatch,failure,37,,28,test,F2,28,13.896737575531006,canonical_functor_control,1,28
1,F2:test:218,,binding,37,22=17,17,test,F2,17,5.512550354003906,reversed_functor_control,1,17
1,F2:test:323,symbol_mismatch,failure,37,,28,test,F2,28,15.3028244972229,reversed_functor_control,1,28
1,F2:test:477,symbol_mismatch,failure,37,,28,test,F2,28,15.963208198547363,reversed_predicate_control,1,28
1,F2:test:452,,binding,37,24=26,26,test,F2,26,10.139313697814941,canonical_predicate_control,1,26
1,F2:test:514,,binding,37,22=21,21,test,F2,21,10.270911693572998,reversed_functor_control,1,21
1,F2:test:240,,binding,37,17=16,16,test,F2,16,7.984039306640625,canonical_predicate_control,1,16
1,F2:test:228,,binding,37,26=22,22,test,F2,22,8.486398696899414,reversed_functor_control,1,22
1,F2:test:178,,binding,37,19=21,21,test,F2,21,9.725983142852783,reversed_predicate_control,1,21
1,F2:test:607,symbol_mismatch,failure,37,,28,test,F2,28,11.786214351654053,reversed_functor_control,1,28
1,F2:test:744,,binding,37,26=16,16,test,F2,16,7.5230207443237305,reversed_predicate_control,1,16
1,F2:test:139,symbol_mismatch,failure,37,,28,test,F2,28,7.257748603820801,reversed_functor_control,1,28
1,F2:test:419,symbol_mismatch,failure,37,,28,test,F2,28,13.637024402618408,reversed_functor_control,1,28
1,F2:test:481,symbol_mismatch,failure,37,,28,test,F2,28,13.586268424987793,canonical_functor_control,1,28
1,F2:test:149,symbol_mismatch,failure,37,,28,test,F2,28,7.651922225952148,canonical_predicate_control,1,28
1,F2:test:612,,binding,37,17=22,22,test,F2,22,8.073473930358887,reversed_functor_control,1,22
1,F2:test:71,symbol_mismatch,failure,37,,28,test,F2,28,8.705877304077148,canonical_predicate_control,1,28
1,F2:test:269,symbol_mismatch,failure,37,,28,test,F2,28,7.060434341430664,reversed_predicate_control,1,28
1,F2:test:474,,binding,37,21=25,25,test,F2,25,7.105395317077637,reversed_predicate_control,1,25
1,F2:test:76,,binding,37,25=18,18,test,F2,18,7.625842094421387,reversed_predicate_control,1,18
1,F2:test:341,symbol_mismatch,failure,37,,28,test,F2,28,13.94831132888794,canonical_predicate_control,1,28
1,F2:test:678,,binding,37,27=19,19,test,F2,19,6.993351936340332,canonical_functor_control,1,19
1,F2:test:381,symbol_mismatch,failure,37,,28,test,F2,28,8.33716869354248,reversed_predicate_control,1,28
1,F2:test:630,,binding,37,23=19,19,test,F2,19,8.968375205993652,canonical_predicate_control,1,19
1,F2:test:658,,binding,37,18=21,21,test,F2,21,9.01599407196045,reversed_predicate_control,1,21
1,F2:test:0,,binding,37,19=16,16,test,F2,16,6.033231735229492,canonical_functor_control,1,16
1,F2:test:517,symbol_mismatch,failure,37,,28,test,F2,28,3.6455821990966797,reversed_functor_control,1,28
1,F2:test:376,,binding,37,19=24,24,test,F2,24,6.726866722106934,reversed_predicate_control,1,24
1,F2:test:88,,binding,37,19=24,24,test,F2,24,7.527224540710449,reversed_predicate_control,1,24
1,F2:test:100,,binding,37,25=18,18,test,F2,18,8.062021255493164,canonical_functor_control,1,18
1,F2:test:45,symbol_mismatch,failure,37,,28,test,F2,28,12.020150184631348,reversed_functor_control,1,28
1,F2:test:743,symbol_mismatch,failure,37,,28,test,F2,28,8.637965202331543,canonical_predicate_control,1,28
1,F2:test:131,symbol_mismatch,failure,37,,28,test,F2,28,10.177459716796875,reversed_functor_control,1,28
1,F2:test:521,symbol_mismatch,failure,37,,28,test,F2,28,14.711219787597656,reversed_functor_control,1,28
1,F2:test:110,,binding,37,19=23,23,test,F2,23,8.124459743499756,canonical_functor_control,1,23
1,F2:test:77,symbol_mismatch,failure,37,,28,test,F2,28,0.33664608001708984,reversed_predicate_control,1,28
1,F2:test:378,,binding,37,18=25,25,test,F2,25,7.722640037536621,reversed_predicate_control,1,25
0,F2:test:157,symbol_mismatch,failure,37,,22,test,F2,28,-4.495728492736816,canonical_predicate_control,0,22
1,F2:test:369,symbol_mismatch,failure,37,,28,test,F2,28,10.537034511566162,reversed_predicate_control,1,28
1,F2:test:333,symbol_mismatch,failure,37,,28,test,F2,28,14.754394054412842,reversed_functor_control,1,28
1,F2:test:640,,binding,37,16=24,24,test,F2,24,7.098350524902344,canonical_predicate_control,1,24
1,F2:test:498,,binding,37,17=25,25,test,F2,25,9.048683643341064,canonical_functor_control,1,25
1,F2:test:566,,binding,37,17=23,23,test,F2,23,8.772075653076172,reversed_predicate_control,1,23
1,F2:test:284,,binding,37,19=26,26,test,F2,26,8.4486722946167,reversed_predicate_control,1,26
1,F2:test:96,,binding,37,22=16,16,test,F2,16,6.111028671264648,canonical_functor_control,1,16
1,F2:test:315,symbol_mismatch,failure,37,,28,test,F2,28,6.87352180480957,reversed_functor_control,1,28
1,F2:test:230,,binding,37,26=23,23,test,F2,23,8.562184810638428,reversed_functor_control,1,23
1,F2:test:396,,binding,37,25=22,22,test,F2,22,7.004036903381348,canonical_functor_control,1,22
1,F2:test:368,,binding,37,25=20,20,test,F2,20,7.694923400878906,reversed_predicate_control,1,20
1,F2:test:439,symbol_mismatch,failure,37,,28,test,F2,28,2.583064079284668,canonical_predicate_control,1,28
1,F2:test:144,,binding,37,22=16,16,test,F2,16,6.9685773849487305,canonical_predicate_control,1,16
1,F2:test:720,,binding,37,17=16,16,test,F2,16,6.747824668884277,canonical_predicate_control,1,16
1,F2:test:339,symbol_mismatch,failure,37,,28,test,F2,28,12.576449871063232,canonical_predicate_control,1,28
1,F2:test:360,,binding,37,21=16,16,test,F2,16,6.911664009094238,reversed_predicate_control,1,16
1,F2:test:48,,binding,37,20=16,16,test,F2,16,6.8253984451293945,canonical_predicate_control,1,16
1,F2:test:533,symbol_mismatch,failure,37,,28,test,F2,28,6.097530841827393,canonical_predicate_control,1,28
1,F2:test:589,symbol_mismatch,failure,37,,28,test,F2,28,12.026175022125244,canonical_functor_control,1,28
1,F2:test:705,symbol_mismatch,failure,37,,28,test,F2,28,16.24591851234436,reversed_functor_control,1,28
1,F2:test:308,,binding,37,19=26,26,test,F2,26,8.824570655822754,canonical_functor_control,1,26
1,F2:test:99,symbol_mismatch,failure,37,,28,test,F2,28,8.176206588745117,canonical_functor_control,1,28
1,F2:test:66,,binding,37,22=25,25,test,F2,25,8.011900424957275,canonical_predicate_control,1,25
1,F2:test:550,,binding,37,24=27,27,test,F2,27,7.5372114181518555,canonical_predicate_control,1,27
1,F2:test:437,symbol_mismatch,failure,37,,28,test,F2,28,10.971400260925293,canonical_predicate_control,1,28
1,F2:test:531,symbol_mismatch,failure,37,,28,test,F2,28,10.851543426513672,canonical_predicate_control,1,28
1,F2:test:93,symbol_mismatch,failure,37,,28,test,F2,28,8.261796951293945,reversed_predicate_control,1,28
1,F2:test:430,,binding,37,20=27,27,test,F2,27,5.367816925048828,reversed_functor_control,1,27
1,F2:test:687,symbol_mismatch,failure,37,,28,test,F2,28,6.076541900634766,canonical_functor_control,1,28
1,F2:test:278,,binding,37,20=23,23,test,F2,23,7.21450138092041,reversed_predicate_control,1,23
1,F2:test:366,,binding,37,21=19,19,test,F2,19,7.881440162658691,reversed_predicate_control,1,19
1,F2:test:365,symbol_mismatch,failure,37,,28,test,F2,28,8.27185583114624,reversed_predicate_control,1,28
1,F2:test:730,,binding,37,23=21,21,test,F2,21,7.790351390838623,canonical_predicate_control,1,21
1,F2:test:625,symbol_mismatch,failure,37,,28,test,F2,28,12.335624694824219,canonical_predicate_control,1,28
1,F2:test:729,symbol_mismatch,failure,37,,28,test,F2,28,15.551204681396484,canonical_predicate_control,1,28
1,F2:test:65,symbol_mismatch,failure,37,,28,test,F2,28,13.24695348739624,canonical_predicate_control,1,28
1,F2:test:671,symbol_mismatch,failure,37,,28,test,F2,28,10.976078510284424,reversed_predicate_control,1,28
0,F2:test:142,,binding,37,19=27,28,test,F2,27,-0.15755939483642578,reversed_functor_control,0,28
1,F2:test:8,,binding,37,22=20,20,test,F2,20,6.732259750366211,canonical_functor_control,1,20
1,F2:test:282,,binding,37,18=25,25,test,F2,25,7.450296401977539,reversed_predicate_control,1,25
1,F2:test:616,,binding,37,25=24,24,test,F2,24,8.362110137939453,reversed_functor_control,1,24
1,F2:test:205,symbol_mismatch,failure,37,,28,test,F2,28,11.832118034362793,canonical_functor_control,1,28
1,F2:test:32,,binding,37,26=20,20,test,F2,20,7.908379554748535,reversed_functor_control,1,20
1,F2:test:306,,binding,37,17=25,25,test,F2,25,9.20170783996582,canonical_functor_control,1,25
1,F2:test:513,symbol_mismatch,failure,37,,28,test,F2,28,14.284406185150146,reversed_functor_control,1,28
1,F2:test:628,,binding,37,17=18,18,test,F2,18,7.332094192504883,canonical_predicate_control,1,18
1,F2:test:746,,binding,37,27=17,17,test,F2,17,5.6556806564331055,reversed_predicate_control,1,17
1,F2:test:273,symbol_mismatch,failure,37,,28,test,F2,28,11.760004043579102,reversed_predicate_control,1,28
1,F2:test:718,,binding,37,20=27,27,test,F2,27,3.3075618743896484,reversed_functor_control,1,27
1,F2:test:520,,binding,37,21=24,24,test,F2,24,8.52471923828125,reversed_functor_control,1,24
1,F2:test:438,,binding,37,26=19,19,test,F2,19,7.851471900939941,canonical_predicate_control,1,19
1,F2:test:140,,binding,37,21=26,26,test,F2,26,9.765973091125488,reversed_functor_control,1,26
1,F2:test:326,,binding,37,24=23,23,test,F2,23,6.314962387084961,reversed_functor_control,1,23
1,F2:test:17,symbol_mismatch,failure,37,,28,test,F2,28,14.433738708496094,canonical_functor_control,1,28
1,F2:test:219,symbol_mismatch,failure,37,,28,test,F2,28,10.649684429168701,reversed_functor_control,1,28
1,F2:test:502,,binding,37,25=27,27,test,F2,27,5.548102378845215,canonical_functor_control,1,27
1,F2:test:277,symbol_mismatch,failure,37,,28,test,F2,28,11.625155448913574,reversed_predicate_control,1,28
1,F2:test:245,symbol_mismatch,failure,37,,28,test,F2,28,9.833516597747803,canonical_predicate_control,1,28
1,F2:test:242,,binding,37,26=17,17,test,F2,17,4.925357818603516,canonical_predicate_control,1,17
1,F2:test:593,symbol_mismatch,failure,37,,28,test,F2,28,16.021777629852295,canonical_functor_control,1,28
1,F2:test:64,,binding,37,20=24,24,test,F2,24,9.612801551818848,canonical_predicate_control,1,24
1,F2:test:735,symbol_mismatch,failure,37,,28,test,F2,28,6.963523864746094,canonical_predicate_control,1,28
1,F2:test:204,,binding,37,17=22,22,test,F2,22,5.54115104675293,canonical_functor_control,1,22
1,F2:test:448,,binding,37,26=24,24,test,F2,24,7.608407020568848,canonical_predicate_control,1,24
1,F2:test:516,,binding,37,21=22,22,test,F2,22,4.301041603088379,reversed_functor_control,1,22
1,F2:test:668,,binding,37,17=26,26,test,F2,26,7.0715484619140625,reversed_predicate_control,1,26
1,F2:test:764,,binding,37,16=26,26,test,F2,26,7.773210525512695,reversed_predicate_control,1,26
1,F2:test:434,,binding,37,24=17,17,test,F2,17,8.598682403564453,canonical_predicate_control,1,17
1,F2:test:286,,binding,37,16=27,27,test,F2,27,6.584047317504883,reversed_predicate_control,1,27
0,F2:test:651,symbol_mismatch,failure,37,,17,test,F2,28,-5.699909210205078,reversed_predicate_control,0,17
1,F2:test:604,,binding,37,27=18,18,test,F2,18,7.82283878326416,reversed_functor_control,1,18
1,F2:test:740,,binding,37,23=26,26,test,F2,26,8.21371841430664,canonical_predicate_control,1,26
1,F2:test:629,symbol_mismatch,failure,37,,28,test,F2,28,14.235280513763428,canonical_predicate_control,1,28
1,F2:test:189,symbol_mismatch,failure,37,,28,test,F2,28,16.50081467628479,reversed_predicate_control,1,28
1,F2:test:488,,binding,37,22=20,20,test,F2,20,4.234170913696289,canonical_functor_control,1,20
1,F2:test:36,,binding,37,19=22,22,test,F2,22,4.464703559875488,reversed_functor_control,1,22
1,F2:test:199,symbol_mismatch,failure,37,,28,test,F2,28,12.239795684814453,canonical_functor_control,1,28
1,F2:test:649,symbol_mismatch,failure,37,,28,test,F2,28,5.773370742797852,reversed_predicate_control,1,28
1,F2:test:551,symbol_mismatch,failure,37,,28,test,F2,28,9.361769676208496,canonical_predicate_control,1,28
1,F2:test:26,,binding,37,20=17,17,test,F2,17,8.24324893951416,reversed_functor_control,1,17
1,F2:test:75,symbol_mismatch,failure,37,,28,test,F2,28,6.48348331451416,reversed_predicate_control,1,28
1,F2:test:613,symbol_mismatch,failure,37,,28,test,F2,28,12.344257354736328,reversed_functor_control,1,28
1,F2:test:292,,binding,37,16=18,18,test,F2,18,6.819830417633057,canonical_functor_control,1,18
1,F2:test:675,symbol_mismatch,failure,37,,28,test,F2,28,6.266161918640137,canonical_functor_control,1,28
1,F2:test:120,,binding,37,22=16,16,test,F2,16,8.187101364135742,reversed_functor_control,1,16
1,F2:test:538,,binding,37,23=21,21,test,F2,21,8.03392505645752,canonical_predicate_control,1,21
1,F2:test:383,symbol_mismatch,failure,37,,28,test,F2,28,11.103315830230713,reversed_predicate_control,1,28
1,F2:test:274,,binding,37,16=21,21,test,F2,21,9.378286361694336,reversed_predicate_control,1,21
1,F2:test:401,symbol_mismatch,failure,37,,28,test,F2,28,12.89878225326538,canonical_functor_control,1,28
1,F2:test:532,,binding,37,16=18,18,test,F2,18,7.4361162185668945,canonical_predicate_control,1,18
1,F2:test:597,symbol_mismatch,failure,37,,28,test,F2,28,12.380239963531494,canonical_functor_control,1,28
1,F2:test:444,,binding,37,27=22,22,test,F2,22,5.029383659362793,canonical_predicate_control,1,22
1,F2:test:79,symbol_mismatch,failure,37,,28,test,F2,28,14.659669399261475,reversed_predicate_control,1,28
1,F2:test:69,symbol_mismatch,failure,37,,28,test,F2,28,7.075892448425293,canonical_predicate_control,1,28
1,F2:test:665,symbol_mismatch,failure,37,,28,test,F2,28,8.639541625976562,reversed_predicate_control,1,28
1,F2:test:57,symbol_mismatch,failure,37,,28,test,F2,28,16.10738182067871,canonical_predicate_control,1,28
1,F2:test:623,symbol_mismatch,failure,37,,28,test,F2,28,8.304317474365234,reversed_functor_control,1,28
1,F2:test:147,symbol_mismatch,failure,37,,28,test,F2,28,9.049236297607422,canonical_predicate_control,1,28
1,F2:test:584,,binding,37,25=20,20,test,F2,20,6.8650007247924805,canonical_functor_control,1,20
1,F2:test:56,,binding,37,22=20,20,test,F2,20,5.285983085632324,canonical_predicate_control,1,20
1,F2:test:749,symbol_mismatch,failure,37,,28,test,F2,28,7.895630836486816,reversed_predicate_control,1,28
1,F2:test:351,symbol_mismatch,failure,37,,28,test,F2,28,14.96339750289917,canonical_predicate_control,1,28
1,F2:test:447,symbol_mismatch,failure,37,,28,test,F2,28,8.251771450042725,canonical_predicate_control,1,28
1,F2:test:343,symbol_mismatch,failure,37,,28,test,F2,28,14.731266021728516,canonical_predicate_control,1,28
1,F2:test:653,symbol_mismatch,failure,37,,28,test,F2,28,8.004615783691406,reversed_predicate_control,1,28
1,F2:test:253,symbol_mismatch,failure,37,,28,test,F2,28,10.176919937133789,canonical_predicate_control,1,28
1,F2:test:719,symbol_mismatch,failure,37,,28,test,F2,28,7.0479583740234375,reversed_functor_control,1,28
1,F2:test:731,symbol_mismatch,failure,37,,28,test,F2,28,13.308509826660156,canonical_predicate_control,1,28
1,F2:test:592,,binding,37,25=24,24,test,F2,24,6.508171081542969,canonical_functor_control,1,24
1,F2:test:426,,binding,37,21=25,25,test,F2,25,6.758919715881348,reversed_functor_control,1,25
1,F2:test:698,,binding,37,27=17,17,test,F2,17,5.641530990600586,reversed_functor_control,1,17
1,F2:test:373,symbol_mismatch,failure,37,,28,test,F2,28,7.460926055908203,reversed_predicate_control,1,28
1,F2:test:7,symbol_mismatch,failure,37,,28,test,F2,28,8.289420127868652,canonical_functor_control,1,28
0,F2:test:175,symbol_mismatch,failure,37,,19,test,F2,28,-9.05812406539917,reversed_predicate_control,0,19
1,F2:test:554,,binding,37,19=17,17,test,F2,17,7.926705360412598,reversed_predicate_control,1,17
1,F2:test:4,,binding,37,24=18,18,test,F2,18,6.507104873657227,canonical_functor_control,1,18
1,F2:test:374,,binding,37,18=23,23,test,F2,23,9.568109035491943,reversed_predicate_control,1,23
1,F2:test:86,,binding,37,24=23,23,test,F2,23,4.5044846534729,reversed_predicate_control,1,23
1,F2:test:558,,binding,37,16=19,19,test,F2,19,6.550187110900879,reversed_predicate_control,1,19
1,F2:test:661,symbol_mismatch,failure,37,,28,test,F2,28,11.00491189956665,reversed_predicate_control,1,28
1,F2:test:128,,binding,37,23=20,20,test,F2,20,6.856533050537109,reversed_functor_control,1,20
1,F2:test:194,,binding,37,26=17,17,test,F2,17,4.965527534484863,canonical_functor_control,1,17
1,F2:test:260,,binding,37,16=26,26,test,F2,26,6.41139030456543,canonical_predicate_control,1,26
1,F2:test:392,,binding,37,18=20,20,test,F2,20,8.128008842468262,canonical_functor_control,1,20
1,F2:test:123,symbol_mismatch,failure,37,,28,test,F2,28,11.287298202514648,reversed_functor_control,1,28
1,F2:test:136,,binding,37,22=24,24,test,F2,24,7.038697242736816,reversed_functor_control,1,24
1,F2:test:309,symbol_mismatch,failure,37,,28,test,F2,28,15.134659051895142,canonical_functor_control,1,28
1,F2:test:388,,binding,37,27=18,18,test,F2,18,5.484457969665527,canonical_functor_control,1,18
0,F2:test:659,symbol_mismatch,failure,37,,21,test,F2,28,-8.38155460357666,reversed_predicate_control,0,21
1,F2:test:166,,binding,37,24=27,27,test,F2,27,4.591128349304199,canonical_predicate_control,1,27
1,F2:test:280,,binding,37,26=24,24,test,F2,24,9.256144523620605,reversed_predicate_control,1,24
1,F2:test:276,,binding,37,17=22,22,test,F2,22,8.236555099487305,reversed_predicate_control,1,22
1,F2:test:133,symbol_mismatch,failure,37,,28,test,F2,28,12.536677360534668,reversed_functor_control,1,28
1,F2:test:463,symbol_mismatch,failure,37,,28,test,F2,28,5.153362274169922,reversed_predicate_control,1,28
1,F2:test:84,,binding,37,17=22,22,test,F2,22,7.292547225952148,reversed_predicate_control,1,22
1,F2:test:283,symbol_mismatch,failure,37,,28,test,F2,28,6.838120460510254,reversed_predicate_control,1,28
1,F2:test:600,,binding,37,26=16,16,test,F2,16,6.321341514587402,reversed_functor_control,1,16
1,F2:test:575,symbol_mismatch,failure,37,,28,test,F2,28,9.868514060974121,reversed_predicate_control,1,28
1,F2:test:191,symbol_mismatch,failure,37,,28,test,F2,28,11.0556058883667,reversed_predicate_control,1,28
1,F2:test:229,symbol_mismatch,failure,37,,28,test,F2,28,14.013818264007568,reversed_functor_control,1,28
1,F2:test:745,symbol_mismatch,failure,37,,28,test,F2,28,6.200685501098633,reversed_predicate_control,1,28
1,F2:test:62,,binding,37,20=23,23,test,F2,23,8.717308521270752,canonical_predicate_control,1,23
1,F2:test:666,,binding,37,23=25,25,test,F2,25,8.317539691925049,reversed_predicate_control,1,25
1,F2:test:148,,binding,37,19=18,18,test,F2,18,3.4558725357055664,canonical_predicate_control,1,18
1,F2:test:483,symbol_mismatch,failure,37,,28,test,F2,28,6.9236297607421875,canonical_functor_control,1,28
1,F2:test:121,symbol_mismatch,failure,37,,28,test,F2,28,15.86736011505127,reversed_functor_control,1,28
1,F2:test:537,symbol_mismatch,failure,37,,28,test,F2,28,15.613952159881592,canonical_predicate_control,1,28
1,F2:test:101,symbol_mismatch,failure,37,,28,test,F2,28,8.5257568359375,canonical_functor_control,1,28
1,F2:test:620,,binding,37,24=26,26,test,F2,26,7.975277900695801,reversed_functor_control,1,26
1,F2:test:51,symbol_mismatch,failure,37,,28,test,F2,28,7.1336565017700195,canonical_predicate_control,1,28
0,F2:test:176,,binding,37,27=20,28,test,F2,20,-1.3954124450683594,reversed_predicate_control,0,28
1,F2:test:485,symbol_mismatch,failure,37,,28,test,F2,28,9.47069263458252,canonical_functor_control,1,28
1,F2:test:297,symbol_mismatch,failure,37,,28,test,F2,28,14.903312683105469,canonical_functor_control,1,28
1,F2:test:713,symbol_mismatch,failure,37,,28,test,F2,28,13.609347820281982,reversed_functor_control,1,28
1,F2:test:716,,binding,37,16=26,26,test,F2,26,7.424558639526367,reversed_functor_control,1,26
1,F2:test:598,,binding,37,20=27,27,test,F2,27,7.162869453430176,canonical_functor_control,1,27
1,F2:test:539,symbol_mismatch,failure,37,,28,test,F2,28,10.593531608581543,canonical_predicate_control,1,28
1,F2:test:594,,binding,37,18=25,25,test,F2,25,7.247653961181641,canonical_functor_control,1,25
1,F2:test:645,symbol_mismatch,failure,37,,28,test,F2,28,14.585014820098877,canonical_predicate_control,1,28
1,F2:test:689,symbol_mismatch,failure,37,,28,test,F2,28,15.269461631774902,canonical_functor_control,1,28
1,F2:test:344,,binding,37,24=20,20,test,F2,20,7.453034400939941,canonical_predicate_control,1,20
1,F2:test:281,symbol_mismatch,failure,37,,28,test,F2,28,8.30601692199707,reversed_predicate_control,1,28
1,F2:test:548,,binding,37,20=26,26,test,F2,26,9.039498329162598,canonical_predicate_control,1,26
0,F2:test:643,symbol_mismatch,failure,37,,25,test,F2,28,-7.303509712219238,canonical_predicate_control,0,25
1,F2:test:298,,binding,37,26=21,21,test,F2,21,7.596958160400391,canonical_functor_control,1,21
1,F2:test:182,,binding,37,24=23,23,test,F2,23,7.5054473876953125,reversed_predicate_control,1,23
1,F2:test:535,symbol_mismatch,failure,37,,28,test,F2,28,4.49514102935791,canonical_predicate_control,1,28
1,F2:test:262,,binding,37,17=27,27,test,F2,27,7.133296012878418,canonical_predicate_control,1,27
1,F2:test:317,symbol_mismatch,failure,37,,28,test,F2,28,10.91338062286377,reversed_functor_control,1,28
1,F2:test:410,,binding,37,20=17,17,test,F2,17,7.479007720947266,reversed_functor_control,1,17
1,F2:test:549,symbol_mismatch,failure,37,,28,test,F2,28,8.6156005859375,canonical_predicate_control,1,28
1,F2:test:125,symbol_mismatch,failure,37,,28,test,F2,28,12.005632877349854,reversed_functor_control,1,28
1,F2:test:704,,binding,37,26=20,20,test,F2,20,3.700190544128418,reversed_functor_control,1,20
1,F2:test:254,,binding,37,25=23,23,test,F2,23,8.039716243743896,canonical_predicate_control,1,23
1,F2:test:714,,binding,37,19=25,25,test,F2,25,7.665167808532715,reversed_functor_control,1,25
1,F2:test:114,,binding,37,24=25,25,test,F2,25,7.073332786560059,canonical_functor_control,1,25
1,F2:test:433,symbol_mismatch,failure,37,,28,test,F2,28,13.00256872177124,canonical_predicate_control,1,28
1,F2:test:519,symbol_mismatch,failure,37,,28,test,F2,28,14.033275604248047,reversed_functor_control,1,28
1,F2:test:236,,binding,37,24=26,26,test,F2,26,7.975277900695801,reversed_functor_control,1,26
1,F2:test:310,,binding,37,17=27,27,test,F2,27,5.45650577545166,canonical_functor_control,1,27
1,F2:test:387,symbol_mismatch,failure,37,,28,test,F2,28,6.921236991882324,canonical_functor_control,1,28
1,F2:test:173,symbol_mismatch,failure,37,,28,test,F2,28,7.448352813720703,reversed_predicate_control,1,28
1,F2:test:501,symbol_mismatch,failure,37,,28,test,F2,28,14.094353199005127,canonical_functor_control,1,28
1,F2:test:580,,binding,37,23=18,18,test,F2,18,6.014674186706543,canonical_functor_control,1,18
1,F2:test:679,symbol_mismatch,failure,37,,28,test,F2,28,8.651334762573242,canonical_functor_control,1,28
1,F2:test:715,symbol_mismatch,failure,37,,28,test,F2,28,7.495082855224609,reversed_functor_control,1,28
1,F2:test:355,symbol_mismatch,failure,37,,28,test,F2,28,13.70606517791748,canonical_predicate_control,1,28
1,F2:test:237,symbol_mismatch,failure,37,,28,test,F2,28,7.623222351074219,reversed_functor_control,1,28
1,F2:test:137,symbol_mismatch,failure,37,,28,test,F2,28,12.391055583953857,reversed_functor_control,1,28
1,F2:test:42,,binding,37,20=25,25,test,F2,25,4.409182548522949,reversed_functor_control,1,25
1,F2:test:358,,binding,37,18=27,27,test,F2,27,7.364479064941406,canonical_predicate_control,1,27
1,F2:test:540,,binding,37,23=22,22,test,F2,22,4.6013383865356445,canonical_predicate_control,1,22
1,F2:test:660,,binding,37,21=22,22,test,F2,22,6.955434799194336,reversed_predicate_control,1,22
1,F2:test:626,,binding,37,18=17,17,test,F2,17,5.708130836486816,canonical_predicate_control,1,17
1,F2:test:496,,binding,37,26=24,24,test,F2,24,8.57615852355957,canonical_functor_control,1,24
1,F2:test:34,,binding,37,26=21,21,test,F2,21,8.810218811035156,reversed_functor_control,1,21
1,F2:test:98,,binding,37,16=17,17,test,F2,17,5.94344425201416,canonical_functor_control,1,17
1,F2:test:129,symbol_mismatch,failure,37,,28,test,F2,28,15.59798812866211,reversed_functor_control,1,28
1,F2:test:250,,binding,37,26=21,21,test,F2,21,7.596958160400391,canonical_predicate_control,1,21
1,F2:test:694,,binding,37,21=27,27,test,F2,27,5.766556739807129,canonical_functor_control,1,27
1,F2:test:650,,binding,37,20=17,17,test,F2,17,8.731946468353271,reversed_predicate_control,1,17
1,F2:test:564,,binding,37,23=22,22,test,F2,22,7.057433128356934,reversed_predicate_control,1,22
1,F2:test:124,,binding,37,20=18,18,test,F2,18,8.984964847564697,reversed_functor_control,1,18
1,F2:test:347,symbol_mismatch,failure,37,,28,test,F2,28,8.995865821838379,canonical_predicate_control,1,28
1,F2:test:293,symbol_mismatch,failure,37,,28,test,F2,28,12.858414649963379,canonical_functor_control,1,28
1,F2:test:122,,binding,37,27=17,17,test,F2,17,5.681036949157715,reversed_functor_control,1,17
1,F2:test:318,,binding,37,22=19,19,test,F2,19,9.992464065551758,reversed_functor_control,1,19
1,F2:test:291,symbol_mismatch,failure,37,,28,test,F2,28,6.353253364562988,canonical_functor_control,1,28
1,F2:test:390,,binding,37,17=19,19,test,F2,19,10.774107933044434,canonical_functor_control,1,19
1,F2:test:750,,binding,37,21=19,19,test,F2,19,9.131596565246582,reversed_predicate_control,1,19
1,F2:test:696,,binding,37,24=16,16,test,F2,16,6.652604103088379,reversed_functor_control,1,16
1,F2:test:552,,binding,37,18=16,16,test,F2,16,8.067798614501953,reversed_predicate_control,1,16
1,F2:test:466,,binding,37,16=21,21,test,F2,21,9.901515007019043,reversed_predicate_control,1,21
1,F2:test:60,,binding,37,19=22,22,test,F2,22,1.721221923828125,canonical_predicate_control,1,22
1,F2:test:331,symbol_mismatch,failure,37,,28,test,F2,28,6.826998710632324,reversed_functor_control,1,28
1,F2:test:497,symbol_mismatch,failure,37,,28,test,F2,28,13.756444931030273,canonical_functor_control,1,28
1,F2:test:642,,binding,37,24=25,25,test,F2,25,7.040205001831055,canonical_predicate_control,1,25
1,F2:test:258,,binding,37,27=25,25,test,F2,25,6.763526916503906,canonical_predicate_control,1,25
1,F2:test:455,symbol_mismatch,failure,37,,28,test,F2,28,8.157469749450684,canonical_predicate_control,1,28
1,F2:test:243,symbol_mismatch,failure,37,,28,test,F2,28,7.307129859924316,canonical_predicate_control,1,28
1,F2:test:573,symbol_mismatch,failure,37,,28,test,F2,28,10.851677894592285,reversed_predicate_control,1,28
1,F2:test:734,,binding,37,16=23,23,test,F2,23,8.286848068237305,canonical_predicate_control,1,23
1,F2:test:275,symbol_mismatch,failure,37,,28,test,F2,28,11.189311504364014,reversed_predicate_control,1,28
1,F2:test:197,symbol_mismatch,failure,37,,28,test,F2,28,7.907951354980469,canonical_functor_control,1,28
1,F2:test:544,,binding,37,20=24,24,test,F2,24,8.33657169342041,canonical_predicate_control,1,24
1,F2:test:357,symbol_mismatch,failure,37,,28,test,F2,28,7.765646934509277,canonical_predicate_control,1,28
1,F2:test:543,symbol_mismatch,failure,37,,28,test,F2,28,7.793089389801025,canonical_predicate_control,1,28
1,F2:test:89,symbol_mismatch,failure,37,,28,test,F2,28,13.077651023864746,reversed_predicate_control,1,28
1,F2:test:615,symbol_mismatch,failure,37,,28,test,F2,28,11.391732692718506,reversed_functor_control,1,28
1,F2:test:184,,binding,37,26=24,24,test,F2,24,8.946904182434082,reversed_predicate_control,1,24
1,F2:test:47,symbol_mismatch,failure,37,,28,test,F2,28,13.31086015701294,reversed_functor_control,1,28
1,F2:test:712,,binding,37,20=24,24,test,F2,24,4.931693077087402,reversed_functor_control,1,24
1,F2:test:739,symbol_mismatch,failure,37,,28,test,F2,28,5.859982490539551,canonical_predicate_control,1,28
1,F2:test:446,,binding,37,18=23,23,test,F2,23,10.899586200714111,canonical_predicate_control,1,23
1,F2:test:414,,binding,37,22=19,19,test,F2,19,10.029983520507812,reversed_functor_control,1,19
1,F2:test:486,,binding,37,24=19,19,test,F2,19,7.06724739074707,canonical_functor_control,1,19
1,F2:test:567,symbol_mismatch,failure,37,,28,test,F2,28,14.625697135925293,reversed_predicate_control,1,28
1,F2:test:190,,binding,37,22=27,27,test,F2,27,3.655940055847168,reversed_predicate_control,1,27
1,F2:test:328,,binding,37,19=24,24,test,F2,24,8.372260093688965,reversed_functor_control,1,24
1,F2:test:722,,binding,37,24=17,17,test,F2,17,7.92914342880249,canonical_predicate_control,1,17
1,F2:test:473,symbol_mismatch,failure,37,,28,test,F2,28,9.001080513000488,reversed_predicate_control,1,28
1,F2:test:170,,binding,37,20=17,17,test,F2,17,8.792099952697754,reversed_predicate_control,1,17
1,F2:test:82,,binding,37,23=21,21,test,F2,21,9.793742179870605,reversed_predicate_control,1,21
1,F2:test:421,symbol_mismatch,failure,37,,28,test,F2,28,2.6428375244140625,reversed_functor_control,1,28
1,F2:test:528,,binding,37,21=16,16,test,F2,16,7.154443740844727,canonical_predicate_control,1,16
1,F2:test:453,symbol_mismatch,failure,37,,28,test,F2,28,8.327165603637695,canonical_predicate_control,1,28
1,F2:test:386,,binding,37,20=17,17,test,F2,17,7.163976669311523,canonical_functor_control,1,17
1,F2:test:529,symbol_mismatch,failure,37,,28,test,F2,28,8.051977157592773,canonical_predicate_control,1,28
1,F2:test:74,,binding,37,19=17,17,test,F2,17,8.642050743103027,reversed_predicate_control,1,17
1,F2:test:303,symbol_mismatch,failure,37,,28,test,F2,28,11.632370471954346,canonical_functor_control,1,28
1,F2:test:588,,binding,37,24=22,22,test,F2,22,6.000535011291504,canonical_functor_control,1,22
1,F2:test:509,symbol_mismatch,failure,37,,28,test,F2,28,12.480190753936768,reversed_functor_control,1,28
1,F2:test:362,,binding,37,18=17,17,test,F2,17,7.7856597900390625,reversed_predicate_control,1,17
1,F2:test:415,symbol_mismatch,failure,37,,28,test,F2,28,9.02509880065918,reversed_functor_control,1,28
1,F2:test:246,,binding,37,27=19,19,test,F2,19,6.410429954528809,canonical_predicate_control,1,19
1,F2:test:352,,binding,37,16=24,24,test,F2,24,7.083009719848633,canonical_predicate_control,1,24
1,F2:test:63,symbol_mismatch,failure,37,,28,test,F2,28,13.323471546173096,canonical_predicate_control,1,28
1,F2:test:248,,binding,37,21=20,20,test,F2,20,5.474139213562012,canonical_predicate_control,1,20
1,F2:test:503,symbol_mismatch,failure,37,,28,test,F2,28,12.209660530090332,canonical_functor_control,1,28
1,F2:test:417,symbol_mismatch,failure,37,,28,test,F2,28,13.675920963287354,reversed_functor_control,1,28
1,F2:test:420,,binding,37,18=22,22,test,F2,22,8.879961013793945,reversed_functor_control,1,22
1,F2:test:279,symbol_mismatch,failure,37,,28,test,F2,28,7.380681037902832,reversed_predicate_control,1,28
1,F2:test:23,symbol_mismatch,failure,37,,28,test,F2,28,10.452410221099854,canonical_functor_control,1,28
1,F2:test:648,,binding,37,25=16,16,test,F2,16,6.7445526123046875,reversed_predicate_control,1,16
1,F2:test:336,,binding,37,23=16,16,test,F2,16,7.757541656494141,canonical_predicate_control,1,16
1,F2:test:522,,binding,37,24=25,25,test,F2,25,7.56758975982666,reversed_functor_control,1,25
1,F2:test:211,symbol_mismatch,failure,37,,28,test,F2,28,12.86893606185913,canonical_functor_control,1,28
1,F2:test:290,,binding,37,19=17,17,test,F2,17,4.65108585357666,canonical_functor_control,1,17
1,F2:test:235,symbol_mismatch,failure,37,,28,test,F2,28,13.823682308197021,reversed_functor_control,1,28
1,F2:test:484,,binding,37,19=18,18,test,F2,18,7.603035926818848,canonical_functor_control,1,18
1,F2:test:9,symbol_mismatch,failure,37,,28,test,F2,28,16.22695302963257,canonical_functor_control,1,28
1,F2:test:489,symbol_mismatch,failure,37,,28,test,F2,28,6.822304725646973,canonical_functor_control,1,28
1,F2:test:37,symbol_mismatch,failure,37,,28,test,F2,28,3.235611915588379,reversed_functor_control,1,28
1,F2:test:12,,binding,37,27=22,22,test,F2,22,5.450556755065918,canonical_functor_control,1,22
1,F2:test:46,,binding,37,24=27,27,test,F2,27,5.52163028717041,reversed_functor_control,1,27
1,F2:test:432,,binding,37,26=16,16,test,F2,16,5.166811943054199,canonical_predicate_control,1,16
1,F2:test:314,,binding,37,16=17,17,test,F2,17,7.955810546875,reversed_functor_control,1,17
1,F2:test:372,,binding,37,16=22,22,test,F2,22,7.907365798950195,reversed_predicate_control,1,22
1,F2:test:288,,binding,37,19=16,16,test,F2,16,6.308110237121582,canonical_functor_control,1,16
1,F2:test:621,symbol_mismatch,failure,37,,28,test,F2,28,13.368160247802734,reversed_functor_control,1,28
1,F2:test:684,,binding,37,23=22,22,test,F2,22,3.324885368347168,canonical_functor_control,1,22
1,F2:test:212,,binding,37,21=26,26,test,F2,26,7.932578086853027,canonical_functor_control,1,26
1,F2:test:385,symbol_mismatch,failure,37,,28,test,F2,28,16.858030557632446,canonical_functor_control,1,28
1,F2:test:733,symbol_mismatch,failure,37,,28,test,F2,28,15.909658908843994,canonical_predicate_control,1,28
1,F2:test:693,symbol_mismatch,failure,37,,28,test,F2,28,11.544422149658203,canonical_functor_control,1,28
1,F2:test:264,,binding,37,17=16,16,test,F2,16,6.64370059967041,reversed_predicate_control,1,16
1,F2:test:394,,binding,37,20=21,21,test,F2,21,8.256454944610596,canonical_functor_control,1,21
1,F2:test:168,,binding,37,19=16,16,test,F2,16,6.969989776611328,reversed_predicate_control,1,16
1,F2:test:345,symbol_mismatch,failure,37,,28,test,F2,28,8.558329582214355,canonical_predicate_control,1,28
1,F2:test:28,,binding,37,22=18,18,test,F2,18,7.365509510040283,reversed_functor_control,1,18
1,F2:test:377,symbol_mismatch,failure,37,,28,test,F2,28,14.25877857208252,reversed_predicate_control,1,28
0,F2:test:185,symbol_mismatch,failure,37,,24,test,F2,28,-8.478190422058105,reversed_predicate_control,0,24
0,F2:test:541,symbol_mismatch,failure,37,,22,test,F2,28,-5.978638648986816,canonical_predicate_control,0,22
1,F2:test:167,symbol_mismatch,failure,37,,28,test,F2,28,10.205825805664062,canonical_predicate_control,1,28
1,F2:test:109,symbol_mismatch,failure,37,,28,test,F2,28,12.202379703521729,canonical_functor_control,1,28
1,F2:test:524,,binding,37,18=26,26,test,F2,26,6.442655563354492,reversed_functor_control,1,26
1,F2:test:361,symbol_mismatch,failure,37,,28,test,F2,28,11.544957160949707,reversed_predicate_control,1,28
1,F2:test:43,symbol_mismatch,failure,37,,28,test,F2,28,12.608641147613525,reversed_functor_control,1,28
1,F2:test:95,symbol_mismatch,failure,37,,28,test,F2,28,8.597753524780273,reversed_predicate_control,1,28
1,F2:test:58,,binding,37,26=21,21,test,F2,21,7.846169948577881,canonical_predicate_control,1,21
1,F2:test:239,symbol_mismatch,failure,37,,28,test,F2,28,11.741719722747803,reversed_functor_control,1,28
1,F2:test:14,,binding,37,17=23,23,test,F2,23,11.299022674560547,canonical_functor_control,1,23
1,F2:test:686,,binding,37,24=23,23,test,F2,23,5.989203929901123,canonical_functor_control,1,23
1,F2:test:449,symbol_mismatch,failure,37,,28,test,F2,28,9.291155815124512,canonical_predicate_control,1,28
1,F2:test:563,symbol_mismatch,failure,37,,28,test,F2,28,11.34960651397705,reversed_predicate_control,1,28
1,F2:test:500,,binding,37,16=26,26,test,F2,26,6.746294021606445,canonical_functor_control,1,26
1,F2:test:266,,binding,37,27=17,17,test,F2,17,7.035304069519043,reversed_predicate_control,1,17
1,F2:test:654,,binding,37,21=19,19,test,F2,19,8.8220534324646,reversed_predicate_control,1,19
1,F2:test:215,symbol_mismatch,failure,37,,28,test,F2,28,7.265711784362793,canonical_functor_control,1,28
1,F2:test:21,symbol_mismatch,failure,37,,28,test,F2,28,14.649709224700928,canonical_functor_control,1,28
1,F2:test:469,symbol_mismatch,failure,37,,28,test,F2,28,8.901304244995117,reversed_predicate_control,1,28
1,F2:test:221,symbol_mismatch,failure,37,,28,test,F2,28,8.713889122009277,reversed_functor_control,1,28
1,F2:test:622,,binding,37,25=27,27,test,F2,27,5.257915496826172,reversed_functor_control,1,27
1,F2:test:603,symbol_mismatch,failure,37,,28,test,F2,28,7.872769355773926,reversed_functor_control,1,28
1,F2:test:644,,binding,37,19=26,26,test,F2,26,8.166990280151367,canonical_predicate_control,1,26
0,F2:test:636,,binding,37,19=22,28,test,F2,22,-1.4283361434936523,canonical_predicate_control,0,28
1,F2:test:50,,binding,37,18=17,17,test,F2,17,7.5321550369262695,canonical_predicate_control,1,17
1,F2:test:164,,binding,37,22=26,26,test,F2,26,8.946308135986328,canonical_predicate_control,1,26
1,F2:test:299,symbol_mismatch,failure,37,,28,test,F2,28,11.337797164916992,canonical_functor_control,1,28
1,F2:test:617,symbol_mismatch,failure,37,,28,test,F2,28,4.700939178466797,reversed_functor_control,1,28
1,F2:test:259,symbol_mismatch,failure,37,,28,test,F2,28,13.381611347198486,canonical_predicate_control,1,28
1,F2:test:364,,binding,37,25=18,18,test,F2,18,7.9990386962890625,reversed_predicate_control,1,18
1,F2:test:207,symbol_mismatch,failure,37,,28,test,F2,28,14.0275559425354,canonical_functor_control,1,28
1,F2:test:30,,binding,37,17=19,19,test,F2,19,6.053351402282715,reversed_functor_control,1,19
1,F2:test:265,symbol_mismatch,failure,37,,28,test,F2,28,12.920407772064209,reversed_predicate_control,1,28
1,F2:test:709,symbol_mismatch,failure,37,,28,test,F2,28,1.890578269958496,reversed_functor_control,1,28
1,F2:test:591,symbol_mismatch,failure,37,,28,test,F2,28,12.455070495605469,canonical_functor_control,1,28
1,F2:test:379,symbol_mismatch,failure,37,,28,test,F2,28,15.710835456848145,reversed_predicate_control,1,28
1,F2:test:337,symbol_mismatch,failure,37,,28,test,F2,28,10.124412536621094,canonical_predicate_control,1,28
1,F2:test:6,,binding,37,27=19,19,test,F2,19,6.964456558227539,canonical_functor_control,1,19
1,F2:test:340,,binding,37,25=18,18,test,F2,18,5.911740303039551,canonical_predicate_control,1,18
1,F2:test:711,symbol_mismatch,failure,37,,28,test,F2,28,11.728622436523438,reversed_functor_control,1,28
1,F2:test:635,symbol_mismatch,failure,37,,28,test,F2,28,7.6762800216674805,canonical_predicate_control,1,28
1,F2:test:118,,binding,37,18=27,27,test,F2,27,6.773392677307129,canonical_functor_control,1,27
1,F2:test:238,,binding,37,18=27,27,test,F2,27,5.335134506225586,reversed_functor_control,1,27
0,F2:test:553,symbol_mismatch,failure,37,,16,test,F2,28,-2.1342267990112305,reversed_predicate_control,0,16
1,F2:test:482,,binding,37,16=17,17,test,F2,17,6.858441352844238,canonical_functor_control,1,17
1,F2:test:454,,binding,37,20=27,27,test,F2,27,5.042808532714844,canonical_predicate_control,1,27
1,F2:test:80,,binding,37,23=20,20,test,F2,20,7.520689964294434,reversed_predicate_control,1,20
1,F2:test:255,symbol_mismatch,failure,37,,28,test,F2,28,15.30435562133789,canonical_predicate_control,1,28
1,F2:test:59,symbol_mismatch,failure,37,,28,test,F2,28,9.192317008972168,canonical_predicate_control,1,28
1,F2:test:92,,binding,37,21=26,26,test,F2,26,8.146913528442383,reversed_predicate_control,1,26
1,F2:test:73,symbol_mismatch,failure,37,,28,test,F2,28,11.715829849243164,reversed_predicate_control,1,28
1,F2:test:652,,binding,37,16=18,18,test,F2,18,6.591785430908203,reversed_predicate_control,1,18
1,F2:test:707,symbol_mismatch,failure,37,,28,test,F2,28,14.681519031524658,reversed_functor_control,1,28
1,F2:test:599,symbol_mismatch,failure,37,,28,test,F2,28,6.505857467651367,canonical_functor_control,1,28
1,F2:test:462,,binding,37,22=19,19,test,F2,19,9.042428493499756,reversed_predicate_control,1,19
1,F2:test:590,,binding,37,20=23,23,test,F2,23,6.943133354187012,canonical_functor_control,1,23
1,F2:test:311,symbol_mismatch,failure,37,,28,test,F2,28,10.315590858459473,canonical_functor_control,1,28
1,F2:test:542,,binding,37,18=23,23,test,F2,23,9.312700271606445,canonical_predicate_control,1,23
1,F2:test:683,symbol_mismatch,failure,37,,28,test,F2,28,3.252033233642578,canonical_functor_control,1,28
1,F2:test:706,,binding,37,26=21,21,test,F2,21,8.162731170654297,reversed_functor_control,1,21
1,F2:test:27,symbol_mismatch,failure,37,,28,test,F2,28,6.983275413513184,reversed_functor_control,1,28
1,F2:test:94,,binding,37,21=27,27,test,F2,27,0.29088401794433594,reversed_predicate_control,1,27
1,F2:test:327,symbol_mismatch,failure,37,,28,test,F2,28,15.022015571594238,reversed_functor_control,1,28
1,F2:test:766,,binding,37,26=27,27,test,F2,27,4.055154800415039,reversed_predicate_control,1,27
1,F2:test:582,,binding,37,26=19,19,test,F2,19,9.424161911010742,canonical_functor_control,1,19
1,F2:test:641,symbol_mismatch,failure,37,,28,test,F2,28,8.44239616394043,canonical_predicate_control,1,28
1,F2:test:216,,binding,37,22=16,16,test,F2,16,4.071290016174316,reversed_functor_control,1,16
1,F2:test:55,symbol_mismatch,failure,37,,28,test,F2,28,14.928356647491455,canonical_predicate_control,1,28
1,F2:test:257,symbol_mismatch,failure,37,,28,test,F2,28,13.829320907592773,canonical_predicate_control,1,28
1,F2:test:397,symbol_mismatch,failure,37,,28,test,F2,28,11.346255779266357,canonical_functor_control,1,28
1,F2:test:491,symbol_mismatch,failure,37,,28,test,F2,28,6.530281066894531,canonical_functor_control,1,28
1,F2:test:570,,binding,37,26=25,25,test,F2,25,7.359549522399902,reversed_predicate_control,1,25
1,F2:test:108,,binding,37,19=22,22,test,F2,22,2.633455276489258,canonical_functor_control,1,22
1,F2:test:363,symbol_mismatch,failure,37,,28,test,F2,28,11.104694366455078,reversed_predicate_control,1,28
1,F2:test:67,symbol_mismatch,failure,37,,28,test,F2,28,10.541667461395264,canonical_predicate_control,1,28
1,F2:test:40,,binding,37,20=24,24,test,F2,24,6.2565107345581055,reversed_functor_control,1,24
1,F2:test:413,symbol_mismatch,failure,37,,28,test,F2,28,8.66489315032959,reversed_functor_control,1,28
1,F2:test:647,symbol_mismatch,failure,37,,28,test,F2,28,10.490222930908203,canonical_predicate_control,1,28
1,F2:test:289,symbol_mismatch,failure,37,,28,test,F2,28,7.939567565917969,canonical_functor_control,1,28
1,F2:test:759,symbol_mismatch,failure,37,,28,test,F2,28,6.508371353149414,reversed_predicate_control,1,28
1,F2:test:322,,binding,37,18=21,21,test,F2,21,8.51384449005127,reversed_functor_control,1,21
1,F2:test:638,,binding,37,25=23,23,test,F2,23,6.5505852699279785,canonical_predicate_control,1,23
1,F2:test:53,symbol_mismatch,failure,37,,28,test,F2,28,7.071767807006836,canonical_predicate_control,1,28
1,F2:test:187,symbol_mismatch,failure,37,,28,test,F2,28,11.574810028076172,reversed_predicate_control,1,28
1,F2:test:301,symbol_mismatch,failure,37,,28,test,F2,28,7.64576530456543,canonical_functor_control,1,28
1,F2:test:646,,binding,37,21=27,27,test,F2,27,7.584141731262207,canonical_predicate_control,1,27
1,F2:test:222,,binding,37,18=19,19,test,F2,19,6.852705955505371,reversed_functor_control,1,19
1,F2:test:510,,binding,37,26=19,19,test,F2,19,7.582259178161621,reversed_functor_control,1,19
1,F2:test:676,,binding,37,21=18,18,test,F2,18,6.996153831481934,canonical_functor_control,1,18
1,F2:test:400,,binding,37,27=24,24,test,F2,24,6.020637512207031,canonical_functor_control,1,24
1,F2:test:152,,binding,37,26=20,20,test,F2,20,4.0643720626831055,canonical_predicate_control,1,20
1,F2:test:470,,binding,37,27=23,23,test,F2,23,4.718347549438477,reversed_predicate_control,1,23
0,F2:test:755,symbol_mismatch,failure,37,,21,test,F2,28,-8.447844505310059,reversed_predicate_control,0,21
1,F2:test:342,,binding,37,23=19,19,test,F2,19,10.797412872314453,canonical_predicate_control,1,19
1,F2:test:490,,binding,37,23=21,21,test,F2,21,9.096123695373535,canonical_functor_control,1,21
1,F2:test:751,symbol_mismatch,failure,37,,28,test,F2,28,12.569105625152588,reversed_predicate_control,1,28
1,F2:test:162,,binding,37,27=25,25,test,F2,25,6.6378984451293945,canonical_predicate_control,1,25
1,F2:test:227,symbol_mismatch,failure,37,,28,test,F2,28,8.582097053527832,reversed_functor_control,1,28
1,F2:test:632,,binding,37,25=20,20,test,F2,20,5.537550926208496,canonical_predicate_control,1,20
1,F2:test:267,symbol_mismatch,failure,37,,28,test,F2,28,8.878999710083008,reversed_predicate_control,1,28
1,F2:test:578,,binding,37,21=17,17,test,F2,17,6.801813125610352,canonical_functor_control,1,17
1,F2:test:356,,binding,37,27=26,26,test,F2,26,7.4830427169799805,canonical_predicate_control,1,26
1,F2:test:41,symbol_mismatch,failure,37,,28,test,F2,28,10.0398530960083,reversed_functor_control,1,28
1,F2:test:119,symbol_mismatch,failure,37,,28,test,F2,28,13.123196601867676,canonical_functor_control,1,28
1,F2:test:130,,binding,37,26=21,21,test,F2,21,8.702856063842773,reversed_functor_control,1,21
1,F2:test:523,symbol_mismatch,failure,37,,28,test,F2,28,9.377488613128662,reversed_functor_control,1,28
1,F2:test:213,symbol_mismatch,failure,37,,28,test,F2,28,7.278608322143555,canonical_functor_control,1,28
1,F2:test:399,symbol_mismatch,failure,37,,28,test,F2,28,11.494102954864502,canonical_functor_control,1,28
1,F2:test:424,,binding,37,16=24,24,test,F2,24,8.299396514892578,reversed_functor_control,1,24
1,F2:test:738,,binding,37,22=25,25,test,F2,25,5.648867607116699,canonical_predicate_control,1,25
1,F2:test:605,symbol_mismatch,failure,37,,28,test,F2,28,13.48346996307373,reversed_functor_control,1,28
1,F2:test:156,,binding,37,18=22,22,test,F2,22,6.49919319152832,canonical_predicate_control,1,22
1,F2:test:633,symbol_mismatch,failure,37,,28,test,F2,28,11.036711692810059,canonical_predicate_control,1,28
1,F2:test:177,symbol_mismatch,failure,37,,28,test,F2,28,12.333685398101807,reversed_predicate_control,1,28
1,F2:test:602,,binding,37,21=17,17,test,F2,17,4.74089241027832,reversed_functor_control,1,17
1,F2:test:677,symbol_mismatch,failure,37,,28,test,F2,28,11.382912158966064,canonical_functor_control,1,28
1,F2:test:680,,binding,37,19=20,20,test,F2,20,7.158608436584473,canonical_functor_control,1,20
1,F2:test:663,symbol_mismatch,failure,37,,28,test,F2,28,7.4296345710754395,reversed_predicate_control,1,28
1,F2:test:443,symbol_mismatch,failure,37,,28,test,F2,28,10.635363578796387,canonical_predicate_control,1,28
1,F2:test:134,,binding,37,16=23,23,test,F2,23,9.568718433380127,reversed_functor_control,1,23
1,F2:test:657,symbol_mismatch,failure,37,,28,test,F2,28,15.03847599029541,reversed_predicate_control,1,28
1,F2:test:471,symbol_mismatch,failure,37,,28,test,F2,28,6.131538391113281,reversed_predicate_control,1,28
1,F2:test:508,,binding,37,21=18,18,test,F2,18,9.436166763305664,reversed_functor_control,1,18
1,F2:test:11,symbol_mismatch,failure,37,,28,test,F2,28,15.302394390106201,canonical_functor_control,1,28
1,F2:test:321,symbol_mismatch,failure,37,,28,test,F2,28,0.48046302795410156,reversed_functor_control,1,28
1,F2:test:752,,binding,37,26=20,20,test,F2,20,2.6489973068237305,reversed_predicate_control,1,20
1,F2:test:561,symbol_mismatch,failure,37,,28,test,F2,28,8.330842018127441,reversed_predicate_control,1,28
1,F2:test:669,symbol_mismatch,failure,37,,28,test,F2,28,15.228675842285156,reversed_predicate_control,1,28
1,F2:test:249,symbol_mismatch,failure,37,,28,test,F2,28,15.869725704193115,canonical_predicate_control,1,28
1,F2:test:338,,binding,37,23=17,17,test,F2,17,8.543303966522217,canonical_predicate_control,1,17
1,F2:test:708,,binding,37,25=22,22,test,F2,22,6.830859184265137,reversed_functor_control,1,22
1,F2:test:728,,binding,37,25=20,20,test,F2,20,6.852952003479004,canonical_predicate_control,1,20
1,F2:test:39,symbol_mismatch,failure,37,,28,test,F2,28,15.330451488494873,reversed_functor_control,1,28
1,F2:test:25,symbol_mismatch,failure,37,,28,test,F2,28,8.420400619506836,reversed_functor_control,1,28
1,F2:test:180,,binding,37,26=22,22,test,F2,22,7.735323905944824,reversed_predicate_control,1,22
1,F2:test:506,,binding,37,25=17,17,test,F2,17,8.263570308685303,reversed_functor_control,1,17
1,F2:test:579,symbol_mismatch,failure,37,,28,test,F2,28,7.870081901550293,canonical_functor_control,1,28
1,F2:test:429,symbol_mismatch,failure,37,,28,test,F2,28,7.885248184204102,reversed_functor_control,1,28
1,F2:test:436,,binding,37,21=18,18,test,F2,18,8.191162109375,canonical_predicate_control,1,18
1,F2:test:201,symbol_mismatch,failure,37,,28,test,F2,28,6.079164505004883,canonical_functor_control,1,28
1,F2:test:656,,binding,37,18=20,20,test,F2,20,7.512325286865234,reversed_predicate_control,1,20
1,F2:test:181,symbol_mismatch,failure,37,,28,test,F2,28,7.4139814376831055,reversed_predicate_control,1,28
1,F2:test:562,,binding,37,20=21,21,test,F2,21,8.606603622436523,reversed_predicate_control,1,21
1,F2:test:753,symbol_mismatch,failure,37,,28,test,F2,28,10.765000820159912,reversed_predicate_control,1,28
1,F2:test:61,symbol_mismatch,failure,37,,28,test,F2,28,10.708431720733643,canonical_predicate_control,1,28
1,F2:test:10,,binding,37,16=21,21,test,F2,21,7.567270278930664,canonical_functor_control,1,21
1,F2:test:380,,binding,37,22=26,26,test,F2,26,9.135419845581055,reversed_predicate_control,1,26
1,F2:test:198,,binding,37,16=19,19,test,F2,19,8.810089111328125,canonical_functor_control,1,19
1,F2:test:398,,binding,37,26=23,23,test,F2,23,8.212363719940186,canonical_functor_control,1,23
1,F2:test:127,symbol_mismatch,failure,37,,28,test,F2,28,13.734524250030518,reversed_functor_control,1,28
1,F2:test:183,symbol_mismatch,failure,37,,28,test,F2,28,5.830472946166992,reversed_predicate_control,1,28
1,F2:test:468,,binding,37,21=22,22,test,F2,22,7.206827163696289,reversed_predicate_control,1,22
1,F2:test:312,,binding,37,26=16,16,test,F2,16,6.911276817321777,reversed_functor_control,1,16
1,F2:test:756,,binding,37,23=22,22,test,F2,22,7.1744608879089355,reversed_predicate_control,1,22
1,F2:test:143,symbol_mismatch,failure,37,,28,test,F2,28,10.875033378601074,reversed_functor_control,1,28
1,F2:test:456,,binding,37,17=16,16,test,F2,16,5.985161781311035,reversed_predicate_control,1,16
1,F2:test:107,symbol_mismatch,failure,37,,28,test,F2,28,14.32816743850708,canonical_functor_control,1,28
1,F2:test:518,,binding,37,22=23,23,test,F2,23,4.577761650085449,reversed_functor_control,1,23
1,F2:test:145,symbol_mismatch,failure,37,,28,test,F2,28,13.330727100372314,canonical_predicate_control,1,28
1,F2:test:494,,binding,37,25=23,23,test,F2,23,8.869157314300537,canonical_functor_control,1,23
1,F2:test:546,,binding,37,19=25,25,test,F2,25,4.7502241134643555,canonical_predicate_control,1,25
1,F2:test:422,,binding,37,24=23,23,test,F2,23,6.523255348205566,reversed_functor_control,1,23
1,F2:test:556,,binding,37,24=18,18,test,F2,18,6.899141311645508,reversed_predicate_control,1,18
1,F2:test:606,,binding,37,16=19,19,test,F2,19,6.5673370361328125,reversed_functor_control,1,19
1,F2:test:576,,binding,37,19=16,16,test,F2,16,6.592730522155762,canonical_functor_control,1,16
1,F2:test:703,symbol_mismatch,failure,37,,28,test,F2,28,9.335828304290771,reversed_functor_control,1,28
1,F2:test:174,,binding,37,17=19,19,test,F2,19,6.887199401855469,reversed_predicate_control,1,19
1,F2:test:263,symbol_mismatch,failure,37,,28,test,F2,28,10.514183044433594,canonical_predicate_control,1,28
1,F2:test:699,symbol_mismatch,failure,37,,28,test,F2,28,10.991436958312988,reversed_functor_control,1,28
1,F2:test:330,,binding,37,27=25,25,test,F2,25,6.706475257873535,reversed_functor_control,1,25
1,F2:test:724,,binding,37,20=18,18,test,F2,18,8.526128768920898,canonical_predicate_control,1,18
1,F2:test:492,,binding,37,21=22,22,test,F2,22,5.160306930541992,canonical_functor_control,1,22
1,F2:test:335,symbol_mismatch,failure,37,,28,test,F2,28,11.119675636291504,reversed_functor_control,1,28
1,F2:test:294,,binding,37,25=19,19,test,F2,19,9.826434135437012,canonical_functor_control,1,19
1,F2:test:741,symbol_mismatch,failure,37,,28,test,F2,28,12.478145599365234,canonical_predicate_control,1,28
1,F2:test:736,,binding,37,16=24,24,test,F2,24,7.296199798583984,canonical_predicate_control,1,24
1,F2:test:200,,binding,37,18=20,20,test,F2,20,8.770611763000488,canonical_functor_control,1,20
0,F2:test:526,,binding,37,19=27,28,test,F2,27,-0.11120986938476562,reversed_functor_control,0,28
1,F2:test:758,,binding,37,16=23,23,test,F2,23,9.468648433685303,reversed_predicate_control,1,23
1,F2:test:153,symbol_mismatch,failure,37,,28,test,F2,28,12.509921550750732,canonical_predicate_control,1,28
1,F2:test:547,symbol_mismatch,failure,37,,28,test,F2,28,13.76750373840332,canonical_predicate_control,1,28
1,F2:test:460,,binding,37,19=18,18,test,F2,18,4.884730339050293,reversed_predicate_control,1,18
1,F2:test:681,symbol_mismatch,failure,37,,28,test,F2,28,9.433653354644775,canonical_functor_control,1,28
1,F2:test:224,,binding,37,27=20,20,test,F2,20,4.806333541870117,reversed_functor_control,1,20
1,F2:test:435,symbol_mismatch,failure,37,,28,test,F2,28,12.196529865264893,canonical_predicate_control,1,28
1,F2:test:459,symbol_mismatch,failure,37,,28,test,F2,28,12.024651050567627,reversed_predicate_control,1,28
1,F2:test:324,,binding,37,21=22,22,test,F2,22,8.136590957641602,reversed_functor_control,1,22
1,F2:test:610,,binding,37,26=21,21,test,F2,21,8.538593292236328,reversed_functor_control,1,21
1,F2:test:405,symbol_mismatch,failure,37,,28,test,F2,28,7.306543350219727,canonical_functor_control,1,28
1,F2:test:220,,binding,37,25=18,18,test,F2,18,8.161470890045166,reversed_functor_control,1,18
1,F2:test:295,symbol_mismatch,failure,37,,28,test,F2,28,13.601115226745605,canonical_functor_control,1,28
1,F2:test:70,,binding,37,18=27,27,test,F2,27,6.485039710998535,canonical_predicate_control,1,27
1,F2:test:334,,binding,37,18=27,27,test,F2,27,2.0477218627929688,reversed_functor_control,1,27
1,F2:test:412,,binding,37,26=18,18,test,F2,18,8.114662170410156,reversed_functor_control,1,18
1,F2:test:577,symbol_mismatch,failure,37,,28,test,F2,28,13.796462059020996,canonical_functor_control,1,28
1,F2:test:111,symbol_mismatch,failure,37,,28,test,F2,28,13.083387851715088,canonical_functor_control,1,28
1,F2:test:154,,binding,37,24=21,21,test,F2,21,7.325569152832031,canonical_predicate_control,1,21
1,F2:test:305,symbol_mismatch,failure,37,,28,test,F2,28,14.870192050933838,canonical_functor_control,1,28
1,F2:test:608,,binding,37,25=20,20,test,F2,20,7.498480796813965,reversed_functor_control,1,20
1,F2:test:411,symbol_mismatch,failure,37,,28,test,F2,28,8.184309005737305,reversed_functor_control,1,28
1,F2:test:457,symbol_mismatch,failure,37,,28,test,F2,28,12.166234016418457,reversed_predicate_control,1,28
1,F2:test:572,,binding,37,19=26,26,test,F2,26,7.995791435241699,reversed_predicate_control,1,26
1,F2:test:476,,binding,37,27=26,26,test,F2,26,3.7951364517211914,reversed_predicate_control,1,26
1,F2:test:760,,binding,37,20=24,24,test,F2,24,8.127988815307617,reversed_predicate_control,1,24
1,F2:test:512,,binding,37,26=20,20,test,F2,20,5.326825141906738,reversed_functor_control,1,20
1,F2:test:304,,binding,37,19=24,24,test,F2,24,8.028711318969727,canonical_functor_control,1,24
1,F2:test:525,symbol_mismatch,failure,37,,28,test,F2,28,15.604840278625488,reversed_functor_control,1,28
1,F2:test:505,symbol_mismatch,failure,37,,28,test,F2,28,15.133202075958252,reversed_functor_control,1,28
1,F2:test:565,symbol_mismatch,failure,37,,28,test,F2,28,11.097993850708008,reversed_predicate_control,1,28
1,F2:test:431,symbol_mismatch,failure,37,,28,test,F2,28,16.26643133163452,reversed_functor_control,1,28
0,F2:test:631,symbol_mismatch,failure,37,,19,test,F2,28,-6.74169921875,canonical_predicate_control,0,19
1,F2:test:169,symbol_mismatch,failure,37,,28,test,F2,28,6.460428237915039,reversed_predicate_control,1,28
1,P2:validation:63,,modus_tollens:invalid,11,,61,validation,P2,61,20.355311691761017,mt_rule_direction,1,61
1,P2:validation:656,,contraposition:valid,11,,60,validation,P2,60,7.971010208129883,cp_consequent_polarity,1,60
1,P2:validation:121,,modus_tollens:invalid,11,,61,validation,P2,61,31.31834840774536,mt_fact_polarity,1,61
1,P2:validation:225,,contraposition:invalid,11,,61,validation,P2,61,15.857651710510254,cp_consequent_polarity,1,61
1,P2:validation:489,,contraposition:invalid,11,,61,validation,P2,61,26.63015341758728,cp_consequent_polarity,1,61
1,P2:validation:353,,modus_tollens:invalid,11,,61,validation,P2,61,31.78186559677124,mt_query_polarity,1,61
1,P2:validation:193,,modus_tollens:invalid,11,,61,validation,P2,61,29.996026515960693,mt_fact_polarity,1,61
1,P2:validation:593,,modus_tollens:invalid,11,,61,validation,P2,61,24.924626011401415,mt_query_polarity,1,61
1,P2:validation:546,,contraposition:valid,11,,60,validation,P2,60,17.24817419052124,cp_antecedent_polarity,1,60
1,P2:validation:180,,modus_tollens:valid,11,,60,validation,P2,60,10.28905200958252,mt_fact_polarity,1,60
1,P2:validation:669,,contraposition:invalid,11,,61,validation,P2,61,15.184747695922852,cp_consequent_polarity,1,61
1,P2:validation:528,,modus_tollens:valid,11,,60,validation,P2,60,10.28905200958252,mt_fact_polarity,1,60
1,P2:validation:111,,modus_tollens:invalid,11,,61,validation,P2,61,25.368178367614746,mt_rule_direction,1,61
1,P2:validation:766,,contraposition:valid,11,,60,validation,P2,60,19.88583731651306,cp_direction,1,60
1,P2:validation:95,,contraposition:invalid,11,,61,validation,P2,61,29.37657880783081,cp_direction,1,61
1,P2:validation:89,,modus_tollens:invalid,11,,61,validation,P2,61,32.31149864196777,mt_query_polarity,1,61
1,P2:validation:81,,contraposition:invalid,11,,61,validation,P2,61,25.95733666419983,cp_consequent_polarity,1,61
1,P2:validation:342,,contraposition:valid,11,,60,validation,P2,60,19.340752959251404,cp_antecedent_polarity,1,60
1,P2:validation:711,,modus_tollens:invalid,11,,61,validation,P2,61,19.52394437789917,mt_rule_direction,1,61
1,P2:validation:677,,modus_tollens:invalid,11,,61,validation,P2,61,30.13945436477661,mt_query_polarity,1,61
1,P2:validation:213,,contraposition:invalid,11,,61,validation,P2,61,14.297282218933105,cp_consequent_polarity,1,61
1,P2:validation:328,,modus_tollens:valid,11,,60,validation,P2,60,8.311153411865234,mt_query_polarity,1,60
1,P2:validation:9,,contraposition:invalid,11,,61,validation,P2,61,13.7355318069458,cp_consequent_polarity,1,61
1,P2:validation:341,,modus_tollens:invalid,11,,61,validation,P2,61,28.009381532669067,mt_query_polarity,1,61
1,P2:validation:80,,contraposition:valid,11,,60,validation,P2,60,15.362256526947021,cp_consequent_polarity,1,60
1,P2:validation:495,,modus_tollens:invalid,11,,61,validation,P2,61,10.379942893981934,mt_rule_direction,1,61
1,P2:validation:745,,modus_tollens:invalid,11,,61,validation,P2,61,31.335947036743164,mt_fact_polarity,1,61
1,P2:validation:701,,modus_tollens:invalid,11,,61,validation,P2,61,30.671387195587158,mt_query_polarity,1,61
1,P2:validation:740,,contraposition:valid,11,,60,validation,P2,60,15.201273918151855,cp_consequent_polarity,1,60
1,P2:validation:218,,modus_tollens:valid,11,,60,validation,P2,60,15.165575504302979,mt_rule_direction,1,60
1,P2:validation:82,,contraposition:valid,11,,60,validation,P2,60,20.359777212142944,cp_direction,1,60
1,P2:validation:152,,contraposition:valid,11,,60,validation,P2,60,21.176122307777405,cp_consequent_polarity,1,60
1,P2:validation:563,,contraposition:invalid,11,,61,validation,P2,61,28.089041233062744,cp_direction,1,61
1,P2:validation:139,,contraposition:invalid,11,,61,validation,P2,61,25.77210235595703,cp_antecedent_polarity,1,61
1,P2:validation:202,,contraposition:valid,11,,60,validation,P2,60,8.787224769592285,cp_direction,1,60
1,P2:validation:431,,contraposition:invalid,11,,61,validation,P2,61,20.97550129890442,cp_direction,1,61
1,P2:validation:453,,contraposition:invalid,11,,61,validation,P2,61,15.742294311523438,cp_consequent_polarity,1,61
1,P2:validation:125,,modus_tollens:invalid,11,,61,validation,P2,61,31.30494976043701,mt_query_polarity,1,61
1,P2:validation:754,,contraposition:valid,11,,60,validation,P2,60,18.428967237472534,cp_direction,1,60
1,P2:validation:183,,modus_tollens:invalid,11,,61,validation,P2,61,6.775835037231445,mt_rule_direction,1,61
1,P2:validation:347,,contraposition:invalid,11,,61,validation,P2,61,30.506946563720703,cp_direction,1,61
1,P2:validation:206,,modus_tollens:valid,11,,60,validation,P2,60,8.1921968460083,mt_rule_direction,1,60
1,P2:validation:321,,contraposition:invalid,11,,61,validation,P2,61,13.291393756866455,cp_consequent_polarity,1,61
1,P2:validation:34,,contraposition:valid,11,,60,validation,P2,60,13.538457870483398,cp_direction,1,60
1,P2:validation:731,,contraposition:invalid,11,,61,validation,P2,61,14.6836519241333,cp_direction,1,61
1,P2:validation:28,,modus_tollens:valid,11,,60,validation,P2,60,13.102136135101318,mt_query_polarity,1,60
1,P2:validation:162,,contraposition:valid,11,,60,validation,P2,60,18.67569100856781,cp_antecedent_polarity,1,60
1,P2:validation:51,,modus_tollens:invalid,11,,61,validation,P2,61,22.578379571437836,mt_rule_direction,1,61
1,P2:validation:695,,contraposition:invalid,11,,61,validation,P2,61,29.835599422454834,cp_direction,1,61
1,P2:validation:527,,contraposition:invalid,11,,61,validation,P2,61,26.468489408493042,cp_direction,1,61
1,P2:validation:23,,contraposition:invalid,11,,61,validation,P2,61,13.031327247619629,cp_direction,1,61
1,P2:validation:577,,modus_tollens:invalid,11,,61,validation,P2,61,31.3157320022583,mt_fact_polarity,1,61
1,P2:validation:560,,contraposition:valid,11,,60,validation,P2,60,17.345850706100464,cp_consequent_polarity,1,60
1,P2:validation:463,,contraposition:invalid,11,,61,validation,P2,61,18.042177200317383,cp_antecedent_polarity,1,61
1,P2:validation:244,,modus_tollens:valid,11,,60,validation,P2,60,11.325035572052002,mt_query_polarity,1,60
1,P2:validation:483,,modus_tollens:invalid,11,,61,validation,P2,61,20.515883684158325,mt_rule_direction,1,61
1,P2:validation:131,,contraposition:invalid,11,,61,validation,P2,61,29.072945594787598,cp_direction,1,61
1,P2:validation:185,,modus_tollens:invalid,11,,61,validation,P2,61,30.307471752166748,mt_query_polarity,1,61
1,P2:validation:713,,modus_tollens:invalid,11,,61,validation,P2,61,28.86759090423584,mt_query_polarity,1,61
1,P2:validation:173,,modus_tollens:invalid,11,,61,validation,P2,61,30.30242681503296,mt_query_polarity,1,61
1,P2:validation:652,,modus_tollens:valid,11,,60,validation,P2,60,12.779743671417236,mt_query_polarity,1,60
1,P2:validation:133,,modus_tollens:invalid,11,,61,validation,P2,61,23.925590217113495,mt_fact_polarity,1,61
1,P2:validation:556,,modus_tollens:valid,11,,60,validation,P2,60,12.386549472808838,mt_query_polarity,1,60
1,P2:validation:404,,contraposition:valid,11,,60,validation,P2,60,18.991215229034424,cp_consequent_polarity,1,60
1,P2:validation:613,,modus_tollens:invalid,11,,61,validation,P2,61,26.038384079933167,mt_fact_polarity,1,61
1,P2:validation:617,,modus_tollens:invalid,11,,61,validation,P2,61,27.33367943763733,mt_query_polarity,1,61
1,P2:validation:419,,contraposition:invalid,11,,61,validation,P2,61,25.31526470184326,cp_direction,1,61
1,P2:validation:312,,modus_tollens:valid,11,,60,validation,P2,60,12.65036916732788,mt_fact_polarity,1,60
1,P2:validation:134,,modus_tollens:valid,11,,60,validation,P2,60,9.790910243988037,mt_rule_direction,1,60
1,P2:validation:507,,modus_tollens:invalid,11,,61,validation,P2,61,11.848525047302246,mt_rule_direction,1,61
1,P2:validation:357,,contraposition:invalid,11,,61,validation,P2,61,17.826308727264404,cp_consequent_polarity,1,61
1,P2:validation:524,,contraposition:valid,11,,60,validation,P2,60,21.458441138267517,cp_consequent_polarity,1,60
1,P2:validation:249,,contraposition:invalid,11,,61,validation,P2,61,21.168086051940918,cp_consequent_polarity,1,61
1,P2:validation:375,,modus_tollens:invalid,11,,61,validation,P2,61,21.575442910194397,mt_rule_direction,1,61
1,P2:validation:516,,modus_tollens:valid,11,,60,validation,P2,60,10.611877918243408,mt_fact_polarity,1,60
1,P2:validation:275,,contraposition:invalid,11,,61,validation,P2,61,31.236574172973633,cp_direction,1,61
1,P2:validation:634,,contraposition:valid,11,,60,validation,P2,60,19.510632753372192,cp_direction,1,60
1,P2:validation:384,,modus_tollens:valid,11,,60,validation,P2,60,17.40821623802185,mt_fact_polarity,1,60
1,P2:validation:698,,modus_tollens:valid,11,,60,validation,P2,60,11.325035572052002,mt_rule_direction,1,60
1,P2:validation:428,,contraposition:valid,11,,60,validation,P2,60,19.578927516937256,cp_consequent_polarity,1,60
1,P2:validation:598,,contraposition:valid,11,,60,validation,P2,60,20.569174826145172,cp_direction,1,60
1,P2:validation:222,,contraposition:valid,11,,60,validation,P2,60,23.35636067390442,cp_antecedent_polarity,1,60
1,P2:validation:250,,contraposition:valid,11,,60,validation,P2,60,15.509291410446167,cp_direction,1,60
1,P2:validation:296,,contraposition:valid,11,,60,validation,P2,60,17.76075053215027,cp_consequent_polarity,1,60
1,P2:validation:432,,modus_tollens:valid,11,,60,validation,P2,60,15.953002452850342,mt_fact_polarity,1,60
1,P2:validation:113,,modus_tollens:invalid,11,,61,validation,P2,61,25.231777787208557,mt_query_polarity,1,61
1,P2:validation:484,,modus_tollens:valid,11,,60,validation,P2,60,8.718117713928223,mt_query_polarity,1,60
1,P2:validation:363,,modus_tollens:invalid,11,,61,validation,P2,61,13.852203845977783,mt_rule_direction,1,61
1,P2:validation:612,,modus_tollens:valid,11,,60,validation,P2,60,12.050911903381348,mt_fact_polarity,1,60
1,P2:validation:505,,modus_tollens:invalid,11,,61,validation,P2,61,26.936583757400513,mt_fact_polarity,1,61
1,P2:validation:226,,contraposition:valid,11,,60,validation,P2,60,22.546316146850586,cp_direction,1,60
1,P2:validation:83,,contraposition:invalid,11,,61,validation,P2,61,29.072945594787598,cp_direction,1,61
1,P2:validation:706,,contraposition:valid,11,,60,validation,P2,60,22.043054580688477,cp_direction,1,60
1,P2:validation:331,,contraposition:invalid,11,,61,validation,P2,61,22.64369535446167,cp_antecedent_polarity,1,61
1,P2:validation:177,,contraposition:invalid,11,,61,validation,P2,61,25.458923816680908,cp_consequent_polarity,1,61
1,P2:validation:101,,modus_tollens:invalid,11,,61,validation,P2,61,30.048420906066895,mt_query_polarity,1,61
1,P2:validation:124,,modus_tollens:valid,11,,60,validation,P2,60,11.727915287017822,mt_query_polarity,1,60
1,P2:validation:0,,modus_tollens:valid,11,,60,validation,P2,60,13.008142948150635,mt_fact_polarity,1,60
1,P2:validation:655,,contraposition:invalid,11,,61,validation,P2,61,22.2868754863739,cp_antecedent_polarity,1,61
1,P2:validation:74,,modus_tollens:valid,11,,60,validation,P2,60,11.727915287017822,mt_rule_direction,1,60
1,P2:validation:27,,modus_tollens:invalid,11,,61,validation,P2,61,23.49820187687874,mt_rule_direction,1,61
1,P2:validation:199,,contraposition:invalid,11,,61,validation,P2,61,24.529712557792664,cp_antecedent_polarity,1,61
1,P2:validation:42,,contraposition:valid,11,,60,validation,P2,60,19.638782113790512,cp_antecedent_polarity,1,60
1,P2:validation:57,,contraposition:invalid,11,,61,validation,P2,61,24.034932613372803,cp_consequent_polarity,1,61
1,P2:validation:726,,contraposition:valid,11,,60,validation,P2,60,22.709946870803833,cp_antecedent_polarity,1,60
1,P2:validation:217,,modus_tollens:invalid,11,,61,validation,P2,61,32.31857919692993,mt_fact_polarity,1,61
1,P2:validation:187,,contraposition:invalid,11,,61,validation,P2,61,15.245073795318604,cp_antecedent_polarity,1,61
1,P2:validation:610,,contraposition:valid,11,,60,validation,P2,60,20.956783890724182,cp_direction,1,60
1,P2:validation:694,,contraposition:valid,11,,60,validation,P2,60,22.90640616416931,cp_direction,1,60
1,P2:validation:58,,contraposition:valid,11,,60,validation,P2,60,23.063358664512634,cp_direction,1,60
1,P2:validation:91,,contraposition:invalid,11,,61,validation,P2,61,24.6214382648468,cp_antecedent_polarity,1,61
1,P2:validation:446,,modus_tollens:valid,11,,60,validation,P2,60,14.902343034744263,mt_rule_direction,1,60
1,P2:validation:360,,modus_tollens:valid,11,,60,validation,P2,60,12.821621894836426,mt_fact_polarity,1,60
1,P2:validation:430,,contraposition:valid,11,,60,validation,P2,60,24.306821584701538,cp_direction,1,60
1,P2:validation:165,,contraposition:invalid,11,,61,validation,P2,61,21.582229137420654,cp_consequent_polarity,1,61
1,P2:validation:56,,contraposition:valid,11,,60,validation,P2,60,19.39064931869507,cp_consequent_polarity,1,60
1,P2:validation:307,,contraposition:invalid,11,,61,validation,P2,61,23.14858329296112,cp_antecedent_polarity,1,61
1,P2:validation:19,,contraposition:invalid,11,,61,validation,P2,61,19.090913772583008,cp_antecedent_polarity,1,61
1,P2:validation:684,,modus_tollens:valid,11,,60,validation,P2,60,9.78297233581543,mt_fact_polarity,1,60
1,P2:validation:179,,contraposition:invalid,11,,61,validation,P2,61,27.23814618587494,cp_direction,1,61
1,P2:validation:552,,modus_tollens:valid,11,,60,validation,P2,60,14.970953941345215,mt_fact_polarity,1,60
1,P2:validation:229,,modus_tollens:invalid,11,,61,validation,P2,61,31.31861114501953,mt_fact_polarity,1,61
1,P2:validation:79,,contraposition:invalid,11,,61,validation,P2,61,23.01119637489319,cp_antecedent_polarity,1,61
1,P2:validation:88,,modus_tollens:valid,11,,60,validation,P2,60,11.735770225524902,mt_query_polarity,1,60
1,P2:validation:159,,modus_tollens:invalid,11,,61,validation,P2,61,22.091694831848145,mt_rule_direction,1,61
1,P2:validation:284,,contraposition:valid,11,,60,validation,P2,60,20.410199284553528,cp_consequent_polarity,1,60
1,P2:validation:554,,modus_tollens:valid,11,,60,validation,P2,60,11.727914810180664,mt_rule_direction,1,60
1,P2:validation:536,,contraposition:valid,11,,60,validation,P2,60,14.677858352661133,cp_consequent_polarity,1,60
1,P2:validation:270,,contraposition:valid,11,,60,validation,P2,60,18.73444390296936,cp_antecedent_polarity,1,60
1,P2:validation:337,,modus_tollens:invalid,11,,61,validation,P2,61,31.34147548675537,mt_fact_polarity,1,61
1,P2:validation:764,,contraposition:valid,11,,60,validation,P2,60,21.01465878635645,cp_consequent_polarity,1,60
1,P2:validation:481,,modus_tollens:invalid,11,,61,validation,P2,61,31.44123077392578,mt_fact_polarity,1,61
1,P2:validation:397,,modus_tollens:invalid,11,,61,validation,P2,61,25.727544486522675,mt_fact_polarity,1,61
1,P2:validation:492,,modus_tollens:valid,11,,60,validation,P2,60,7.908430099487305,mt_fact_polarity,1,60
1,P2:validation:151,,contraposition:invalid,11,,61,validation,P2,61,22.766749143600464,cp_antecedent_polarity,1,61
1,P2:validation:767,,contraposition:invalid,11,,61,validation,P2,61,24.428205609321594,cp_direction,1,61
1,P2:validation:518,,modus_tollens:valid,11,,60,validation,P2,60,12.778439998626709,mt_rule_direction,1,60
1,P2:validation:148,,modus_tollens:valid,11,,60,validation,P2,60,14.204943656921387,mt_query_polarity,1,60
1,P2:validation:385,,modus_tollens:invalid,11,,61,validation,P2,61,24.407787442207336,mt_fact_polarity,1,61
1,P2:validation:640,,modus_tollens:valid,11,,60,validation,P2,60,14.14680528640747,mt_query_polarity,1,60
1,P2:validation:653,,modus_tollens:invalid,11,,61,validation,P2,61,27.395284175872803,mt_query_polarity,1,61
1,P2:validation:49,,modus_tollens:invalid,11,,61,validation,P2,61,31.31861114501953,mt_fact_polarity,1,61
1,P2:validation:544,,modus_tollens:valid,11,,60,validation,P2,60,14.15079927444458,mt_query_polarity,1,60
1,P2:validation:154,,contraposition:valid,11,,60,validation,P2,60,9.524345397949219,cp_direction,1,60
1,P2:validation:702,,contraposition:valid,11,,60,validation,P2,60,7.581826210021973,cp_antecedent_polarity,1,60
1,P2:validation:112,,modus_tollens:valid,11,,60,validation,P2,60,12.741083145141602,mt_query_polarity,1,60
1,P2:validation:135,,modus_tollens:invalid,11,,61,validation,P2,61,10.001007080078125,mt_rule_direction,1,61
1,P2:validation:438,,contraposition:valid,11,,60,validation,P2,60,21.361362040042877,cp_antecedent_polarity,1,60
1,P2:validation:109,,modus_tollens:invalid,11,,61,validation,P2,61,22.470900535583496,mt_fact_polarity,1,61
1,P2:validation:679,,contraposition:invalid,11,,61,validation,P2,61,22.820351123809814,cp_antecedent_polarity,1,61
1,P2:validation:146,,modus_tollens:valid,11,,60,validation,P2,60,13.235907554626465,mt_rule_direction,1,60
1,P2:validation:755,,contraposition:invalid,11,,61,validation,P2,61,30.506946563720703,cp_direction,1,61
1,P2:validation:615,,modus_tollens:invalid,11,,61,validation,P2,61,25.368178367614746,mt_rule_direction,1,61
1,P2:validation:691,,contraposition:invalid,11,,61,validation,P2,61,22.820351123809814,cp_antecedent_polarity,1,61
1,P2:validation:271,,contraposition:invalid,11,,61,validation,P2,61,22.38070511817932,cp_antecedent_polarity,1,61
1,P2:validation:477,,contraposition:invalid,11,,61,validation,P2,61,21.582229137420654,cp_consequent_polarity,1,61
1,P2:validation:671,,contraposition:invalid,11,,61,validation,P2,61,24.49506950378418,cp_direction,1,61
1,P2:validation:2,,modus_tollens:valid,11,,60,validation,P2,60,10.367376327514648,mt_rule_direction,1,60
1,P2:validation:299,,contraposition:invalid,11,,61,validation,P2,61,28.729408740997314,cp_direction,1,61
1,P2:validation:378,,contraposition:valid,11,,60,validation,P2,60,22.157412499189377,cp_antecedent_polarity,1,60
1,P2:validation:627,,modus_tollens:invalid,11,,61,validation,P2,61,19.379810333251953,mt_rule_direction,1,61
1,P2:validation:31,,contraposition:invalid,11,,61,validation,P2,61,17.676878452301025,cp_antecedent_polarity,1,61
1,P2:validation:743,,contraposition:invalid,11,,61,validation,P2,61,9.01914119720459,cp_direction,1,61
1,P2:validation:338,,modus_tollens:valid,11,,60,validation,P2,60,14.780159711837769,mt_rule_direction,1,60
1,P2:validation:724,,modus_tollens:valid,11,,60,validation,P2,60,8.455821990966797,mt_query_polarity,1,60
1,P2:validation:500,,contraposition:valid,11,,60,validation,P2,60,15.989295244216919,cp_consequent_polarity,1,60
1,P2:validation:591,,modus_tollens:invalid,11,,61,validation,P2,61,8.46941089630127,mt_rule_direction,1,61
1,P2:validation:85,,modus_tollens:invalid,11,,61,validation,P2,61,24.61544269323349,mt_fact_polarity,1,61
1,P2:validation:471,,modus_tollens:invalid,11,,61,validation,P2,61,24.04537808895111,mt_rule_direction,1,61
1,P2:validation:469,,modus_tollens:invalid,11,,61,validation,P2,61,27.964868545532227,mt_fact_polarity,1,61
1,P2:validation:354,,contraposition:valid,11,,60,validation,P2,60,21.967786192893982,cp_antecedent_polarity,1,60
1,P2:validation:209,,modus_tollens:invalid,11,,61,validation,P2,61,29.43651270866394,mt_query_polarity,1,61
1,P2:validation:287,,contraposition:invalid,11,,61,validation,P2,61,29.666381359100342,cp_direction,1,61
1,P2:validation:65,,modus_tollens:invalid,11,,61,validation,P2,61,29.47477698326111,mt_query_polarity,1,61
1,P2:validation:48,,modus_tollens:valid,11,,60,validation,P2,60,9.790910243988037,mt_fact_polarity,1,60
1,P2:validation:54,,contraposition:valid,11,,60,validation,P2,60,20.39401215314865,cp_antecedent_polarity,1,60
1,P2:validation:651,,modus_tollens:invalid,11,,61,validation,P2,61,21.489993929862976,mt_rule_direction,1,61
1,P2:validation:100,,modus_tollens:valid,11,,60,validation,P2,60,14.938261032104492,mt_query_polarity,1,60
1,P2:validation:103,,contraposition:invalid,11,,61,validation,P2,61,18.550943851470947,cp_antecedent_polarity,1,61
1,P2:validation:514,,contraposition:valid,11,,60,validation,P2,60,19.88583731651306,cp_direction,1,60
1,P2:validation:490,,contraposition:valid,11,,60,validation,P2,60,15.989295244216919,cp_direction,1,60
1,P2:validation:122,,modus_tollens:valid,11,,60,validation,P2,60,9.420778274536133,mt_rule_direction,1,60
1,P2:validation:550,,contraposition:valid,11,,60,validation,P2,60,5.515507698059082,cp_direction,1,60
1,P2:validation:393,,contraposition:invalid,11,,61,validation,P2,61,21.29395031929016,cp_consequent_polarity,1,61
1,P2:validation:383,,contraposition:invalid,11,,61,validation,P2,61,30.061945915222168,cp_direction,1,61
1,P2:validation:735,,modus_tollens:invalid,11,,61,validation,P2,61,9.696535110473633,mt_rule_direction,1,61
1,P2:validation:732,,modus_tollens:valid,11,,60,validation,P2,60,12.951837062835693,mt_fact_polarity,1,60
1,P2:validation:330,,contraposition:valid,11,,60,validation,P2,60,7.482355117797852,cp_antecedent_polarity,1,60
1,P2:validation:364,,modus_tollens:valid,11,,60,validation,P2,60,10.32984209060669,mt_query_polarity,1,60
1,P2:validation:92,,contraposition:valid,11,,60,validation,P2,60,22.722596406936646,cp_consequent_polarity,1,60
1,P2:validation:609,,contraposition:invalid,11,,61,validation,P2,61,18.43360996246338,cp_consequent_polarity,1,61
1,P2:validation:171,,modus_tollens:invalid,11,,61,validation,P2,61,24.149394512176514,mt_rule_direction,1,61
1,P2:validation:50,,modus_tollens:valid,11,,60,validation,P2,60,15.315017700195312,mt_rule_direction,1,60
1,P2:validation:510,,contraposition:valid,11,,60,validation,P2,60,17.17570972442627,cp_antecedent_polarity,1,60
1,P2:validation:697,,modus_tollens:invalid,11,,61,validation,P2,61,30.110408306121826,mt_fact_polarity,1,61
1,P2:validation:727,,contraposition:invalid,11,,61,validation,P2,61,25.827600479125977,cp_antecedent_polarity,1,61
1,P2:validation:308,,contraposition:valid,11,,60,validation,P2,60,19.39064931869507,cp_consequent_polarity,1,60
1,P2:validation:29,,modus_tollens:invalid,11,,61,validation,P2,61,29.52530550956726,mt_query_polarity,1,61
1,P2:validation:448,,modus_tollens:valid,11,,60,validation,P2,60,13.008142948150635,mt_query_polarity,1,60
1,P2:validation:97,,modus_tollens:invalid,11,,61,validation,P2,61,25.417284905910492,mt_fact_polarity,1,61
1,P2:validation:259,,contraposition:invalid,11,,61,validation,P2,61,25.76127791404724,cp_antecedent_polarity,1,61
1,P2:validation:201,,contraposition:invalid,11,,61,validation,P2,61,17.826308727264404,cp_consequent_polarity,1,61
1,P2:validation:118,,contraposition:valid,11,,60,validation,P2,60,8.069625854492188,cp_direction,1,60
1,P2:validation:240,,modus_tollens:valid,11,,60,validation,P2,60,13.008142948150635,mt_fact_polarity,1,60
1,P2:validation:502,,contraposition:valid,11,,60,validation,P2,60,22.377922892570496,cp_direction,1,60
1,P2:validation:403,,contraposition:invalid,11,,61,validation,P2,61,21.059486389160156,cp_antecedent_polarity,1,61
1,P2:validation:685,,modus_tollens:invalid,11,,61,validation,P2,61,30.31971836090088,mt_fact_polarity,1,61
1,P2:validation:239,,contraposition:invalid,11,,61,validation,P2,61,24.38831301033497,cp_direction,1,61
1,P2:validation:400,,modus_tollens:valid,11,,60,validation,P2,60,11.735770225524902,mt_query_polarity,1,60
1,P2:validation:434,,modus_tollens:valid,11,,60,validation,P2,60,17.40137529373169,mt_rule_direction,1,60
1,P2:validation:382,,contraposition:valid,11,,60,validation,P2,60,19.153283834457397,cp_direction,1,60
1,P2:validation:548,,contraposition:valid,11,,60,validation,P2,60,23.30197787284851,cp_consequent_polarity,1,60
1,P2:validation:638,,modus_tollens:valid,11,,60,validation,P2,60,17.339848279953003,mt_rule_direction,1,60
1,P2:validation:184,,modus_tollens:valid,11,,60,validation,P2,60,9.42077922821045,mt_query_polarity,1,60
1,P2:validation:55,,contraposition:invalid,11,,61,validation,P2,61,16.808992862701416,cp_antecedent_polarity,1,61
1,P2:validation:267,,modus_tollens:invalid,11,,61,validation,P2,61,16.419787883758545,mt_rule_direction,1,61
1,P2:validation:268,,modus_tollens:valid,11,,60,validation,P2,60,15.41575002670288,mt_query_polarity,1,60
1,P2:validation:75,,modus_tollens:invalid,11,,61,validation,P2,61,25.780563592910767,mt_rule_direction,1,61
1,P2:validation:473,,modus_tollens:invalid,11,,61,validation,P2,61,30.392504692077637,mt_query_polarity,1,61
1,P2:validation:241,,modus_tollens:invalid,11,,61,validation,P2,61,25.417284905910492,mt_fact_polarity,1,61
1,P2:validation:564,,modus_tollens:valid,11,,60,validation,P2,60,12.694339752197266,mt_fact_polarity,1,60
1,P2:validation:370,,contraposition:valid,11,,60,validation,P2,60,17.350185871124268,cp_direction,1,60
1,P2:validation:235,,contraposition:invalid,11,,61,validation,P2,61,7.09183406829834,cp_antecedent_polarity,1,61
1,P2:validation:260,,contraposition:valid,11,,60,validation,P2,60,20.956783890724182,cp_consequent_polarity,1,60
1,P2:validation:247,,contraposition:invalid,11,,61,validation,P2,61,23.72956156730652,cp_antecedent_polarity,1,61
1,P2:validation:269,,modus_tollens:invalid,11,,61,validation,P2,61,30.30242681503296,mt_query_polarity,1,61
1,P2:validation:728,,contraposition:valid,11,,60,validation,P2,60,15.405508041381836,cp_consequent_polarity,1,60
1,P2:validation:582,,contraposition:valid,11,,60,validation,P2,60,19.510632753372192,cp_antecedent_polarity,1,60
1,P2:validation:447,,modus_tollens:invalid,11,,61,validation,P2,61,22.092595100402832,mt_rule_direction,1,61
1,P2:validation:127,,contraposition:invalid,11,,61,validation,P2,61,22.022443294525146,cp_antecedent_polarity,1,61
1,P2:validation:144,,modus_tollens:valid,11,,60,validation,P2,60,12.693426132202148,mt_fact_polarity,1,60
1,P2:validation:529,,modus_tollens:invalid,11,,61,validation,P2,61,31.34147548675537,mt_fact_polarity,1,61
1,P2:validation:366,,contraposition:valid,11,,60,validation,P2,60,19.153283834457397,cp_antecedent_polarity,1,60
1,P2:validation:292,,modus_tollens:valid,11,,60,validation,P2,60,10.357048034667969,mt_query_polarity,1,60
1,P2:validation:459,,modus_tollens:invalid,11,,61,validation,P2,61,17.152930736541748,mt_rule_direction,1,61
1,P2:validation:493,,modus_tollens:invalid,11,,61,validation,P2,61,31.482747554779053,mt_fact_polarity,1,61
1,P2:validation:169,,modus_tollens:invalid,11,,61,validation,P2,61,22.509396076202393,mt_fact_polarity,1,61
1,P2:validation:734,,modus_tollens:valid,11,,60,validation,P2,60,14.970953941345215,mt_rule_direction,1,60
1,P2:validation:468,,modus_tollens:valid,11,,60,validation,P2,60,15.683308601379395,mt_fact_polarity,1,60
1,P2:validation:558,,contraposition:valid,11,,60,validation,P2,60,22.709946870803833,cp_antecedent_polarity,1,60
1,P2:validation:654,,contraposition:valid,11,,60,validation,P2,60,18.67569100856781,cp_antecedent_polarity,1,60
1,P2:validation:707,,contraposition:invalid,11,,61,validation,P2,61,30.506946563720703,cp_direction,1,61
1,P2:validation:670,,contraposition:valid,11,,60,validation,P2,60,7.482355117797852,cp_direction,1,60
1,P2:validation:545,,modus_tollens:invalid,11,,61,validation,P2,61,26.53977608680725,mt_query_polarity,1,61
1,P2:validation:189,,contraposition:invalid,11,,61,validation,P2,61,21.36600685119629,cp_consequent_polarity,1,61
1,P2:validation:38,,modus_tollens:valid,11,,60,validation,P2,60,17.339848279953003,mt_rule_direction,1,60
1,P2:validation:622,,contraposition:valid,11,,60,validation,P2,60,20.011706471443176,cp_direction,1,60
1,P2:validation:675,,modus_tollens:invalid,11,,61,validation,P2,61,14.124202728271484,mt_rule_direction,1,61
1,P2:validation:286,,contraposition:valid,11,,60,validation,P2,60,15.350023984909058,cp_direction,1,60
1,P2:validation:442,,contraposition:valid,11,,60,validation,P2,60,18.1704204082489,cp_direction,1,60
1,P2:validation:106,,contraposition:valid,11,,60,validation,P2,60,22.686043739318848,cp_direction,1,60
0,P2:validation:167,,contraposition:invalid,11,,60,validation,P2,61,-9.031721115112305,cp_direction,0,60
1,P2:validation:374,,modus_tollens:valid,11,,60,validation,P2,60,15.683308601379395,mt_rule_direction,1,60
1,P2:validation:126,,contraposition:valid,11,,60,validation,P2,60,19.761622309684753,cp_antecedent_polarity,1,60
1,P2:validation:274,,contraposition:valid,11,,60,validation,P2,60,7.58182430267334,cp_direction,1,60
1,P2:validation:406,,contraposition:valid,11,,60,validation,P2,60,19.737708568572998,cp_direction,1,60
1,P2:validation:119,,contraposition:invalid,11,,61,validation,P2,61,31.0115385055542,cp_direction,1,61
1,P2:validation:680,,contraposition:valid,11,,60,validation,P2,60,9.524345397949219,cp_consequent_polarity,1,60
1,P2:validation:762,,contraposition:valid,11,,60,validation,P2,60,16.07937741279602,cp_antecedent_polarity,1,60
1,P2:validation:455,,contraposition:invalid,11,,61,validation,P2,61,15.509986400604248,cp_direction,1,61
1,P2:validation:86,,modus_tollens:valid,11,,60,validation,P2,60,17.40137529373169,mt_rule_direction,1,60
1,P2:validation:757,,modus_tollens:invalid,11,,61,validation,P2,61,31.325994968414307,mt_fact_polarity,1,61
1,P2:validation:435,,modus_tollens:invalid,11,,61,validation,P2,61,20.163612723350525,mt_rule_direction,1,61
1,P2:validation:512,,contraposition:valid,11,,60,validation,P2,60,15.201273918151855,cp_consequent_polarity,1,60
1,P2:validation:672,,modus_tollens:valid,11,,60,validation,P2,60,12.69033670425415,mt_fact_polarity,1,60
1,P2:validation:245,,modus_tollens:invalid,11,,61,validation,P2,61,30.13945436477661,mt_query_polarity,1,61
1,P2:validation:302,,modus_tollens:valid,11,,60,validation,P2,60,15.520041942596436,mt_rule_direction,1,60
1,P2:validation:138,,contraposition:valid,11,,60,validation,P2,60,21.471787571907043,cp_antecedent_polarity,1,60
1,P2:validation:607,,contraposition:invalid,11,,61,validation,P2,61,16.65388298034668,cp_antecedent_polarity,1,61
1,P2:validation:645,,contraposition:invalid,11,,61,validation,P2,61,14.94776439666748,cp_consequent_polarity,1,61
1,P2:validation:445,,modus_tollens:invalid,11,,61,validation,P2,61,26.038384079933167,mt_fact_polarity,1,61
1,P2:validation:440,,contraposition:valid,11,,60,validation,P2,60,11.883550643920898,cp_consequent_polarity,1,60
1,P2:validation:35,,contraposition:invalid,11,,61,validation,P2,61,26.592448949813843,cp_direction,1,61
1,P2:validation:335,,contraposition:invalid,11,,61,validation,P2,61,31.236574172973633,cp_direction,1,61
1,P2:validation:644,,contraposition:valid,11,,60,validation,P2,60,18.9912166595459,cp_consequent_polarity,1,60
1,P2:validation:601,,modus_tollens:invalid,11,,61,validation,P2,61,31.379764080047607,mt_fact_polarity,1,61
1,P2:validation:579,,modus_tollens:invalid,11,,61,validation,P2,61,17.152931213378906,mt_rule_direction,1,61
1,P2:validation:630,,contraposition:valid,11,,60,validation,P2,60,19.934413194656372,cp_antecedent_polarity,1,60
1,P2:validation:575,,contraposition:invalid,11,,61,validation,P2,61,12.28481674194336,cp_direction,1,61
1,P2:validation:532,,modus_tollens:valid,11,,60,validation,P2,60,12.783881664276123,mt_query_polarity,1,60
1,P2:validation:261,,contraposition:invalid,11,,61,validation,P2,61,15.071552276611328,cp_consequent_polarity,1,61
1,P2:validation:47,,contraposition:invalid,11,,61,validation,P2,61,11.954707145690918,cp_direction,1,61
1,P2:validation:765,,contraposition:invalid,11,,61,validation,P2,61,16.005123138427734,cp_consequent_polarity,1,61
1,P2:validation:1,,modus_tollens:invalid,11,,61,validation,P2,61,23.574041783809662,mt_fact_polarity,1,61
1,P2:validation:717,,contraposition:invalid,11,,61,validation,P2,61,21.36600685119629,cp_consequent_polarity,1,61
1,P2:validation:346,,contraposition:valid,11,,60,validation,P2,60,8.585609436035156,cp_direction,1,60
1,P2:validation:415,,contraposition:invalid,11,,61,validation,P2,61,24.529712557792664,cp_antecedent_polarity,1,61
1,P2:validation:291,,modus_tollens:invalid,11,,61,validation,P2,61,19.664714813232422,mt_rule_direction,1,61
1,P2:validation:673,,modus_tollens:invalid,11,,61,validation,P2,61,31.338073253631592,mt_fact_polarity,1,61
1,P2:validation:8,,contraposition:valid,11,,60,validation,P2,60,18.618886947631836,cp_consequent_polarity,1,60
1,P2:validation:53,,modus_tollens:invalid,11,,61,validation,P2,61,25.546156227588654,mt_query_polarity,1,61
1,P2:validation:426,,contraposition:valid,11,,60,validation,P2,60,15.201273918151855,cp_antecedent_polarity,1,60
1,P2:validation:72,,modus_tollens:valid,11,,60,validation,P2,60,10.91091537475586,mt_fact_polarity,1,60
1,P2:validation:411,,modus_tollens:invalid,11,,61,validation,P2,61,8.46941089630127,mt_rule_direction,1,61
1,P2:validation:738,,contraposition:valid,11,,60,validation,P2,60,7.482355117797852,cp_antecedent_polarity,1,60
1,P2:validation:305,,modus_tollens:invalid,11,,61,validation,P2,61,25.872295260429382,mt_query_polarity,1,61
1,P2:validation:647,,contraposition:invalid,11,,61,validation,P2,61,27.23814618587494,cp_direction,1,61
1,P2:validation:108,,modus_tollens:valid,11,,60,validation,P2,60,14.825069904327393,mt_fact_polarity,1,60
1,P2:validation:196,,modus_tollens:valid,11,,60,validation,P2,60,12.84253215789795,mt_query_polarity,1,60
1,P2:validation:304,,modus_tollens:valid,11,,60,validation,P2,60,10.618273735046387,mt_query_polarity,1,60
1,P2:validation:386,,modus_tollens:valid,11,,60,validation,P2,60,15.165575504302979,mt_rule_direction,1,60
1,P2:validation:568,,modus_tollens:valid,11,,60,validation,P2,60,15.165575504302979,mt_query_polarity,1,60
1,P2:validation:721,,modus_tollens:invalid,11,,61,validation,P2,61,23.083763241767883,mt_fact_polarity,1,61
1,P2:validation:633,,contraposition:invalid,11,,61,validation,P2,61,21.27588939666748,cp_consequent_polarity,1,61
1,P2:validation:104,,contraposition:valid,11,,60,validation,P2,60,24.306821584701538,cp_consequent_polarity,1,60
1,P2:validation:314,,modus_tollens:valid,11,,60,validation,P2,60,15.520041942596436,mt_rule_direction,1,60
1,P2:validation:408,,modus_tollens:valid,11,,60,validation,P2,60,15.295964241027832,mt_fact_polarity,1,60
1,P2:validation:392,,contraposition:valid,11,,60,validation,P2,60,18.568687677383423,cp_consequent_polarity,1,60
1,P2:validation:401,,modus_tollens:invalid,11,,61,validation,P2,61,26.868388950824738,mt_query_polarity,1,61
1,P2:validation:219,,modus_tollens:invalid,11,,61,validation,P2,61,4.759620666503906,mt_rule_direction,1,61
1,P2:validation:281,,modus_tollens:invalid,11,,61,validation,P2,61,32.271456241607666,mt_query_polarity,1,61
1,P2:validation:317,,modus_tollens:invalid,11,,61,validation,P2,61,27.707292318344116,mt_query_polarity,1,61
1,P2:validation:210,,contraposition:valid,11,,60,validation,P2,60,20.062522411346436,cp_antecedent_polarity,1,60
1,P2:validation:70,,contraposition:valid,11,,60,validation,P2,60,22.043054580688477,cp_direction,1,60
1,P2:validation:300,,modus_tollens:valid,11,,60,validation,P2,60,12.69033670425415,mt_fact_polarity,1,60
1,P2:validation:708,,modus_tollens:valid,11,,60,validation,P2,60,10.32984209060669,mt_fact_polarity,1,60
1,P2:validation:318,,contraposition:valid,11,,60,validation,P2,60,18.727940797805786,cp_antecedent_polarity,1,60
1,P2:validation:624,,modus_tollens:valid,11,,60,validation,P2,60,7.908430099487305,mt_fact_polarity,1,60
1,P2:validation:340,,modus_tollens:valid,11,,60,validation,P2,60,11.559719562530518,mt_query_polarity,1,60
1,P2:validation:359,,contraposition:invalid,11,,61,validation,P2,61,12.566263198852539,cp_direction,1,61
1,P2:validation:413,,modus_tollens:invalid,11,,61,validation,P2,61,30.339175701141357,mt_query_polarity,1,61
1,P2:validation:164,,contraposition:valid,11,,60,validation,P2,60,22.05598145723343,cp_consequent_polarity,1,60
1,P2:validation:452,,contraposition:valid,11,,60,validation,P2,60,22.722596406936646,cp_consequent_polarity,1,60
1,P2:validation:212,,contraposition:valid,11,,60,validation,P2,60,8.19493579864502,cp_consequent_polarity,1,60
1,P2:validation:203,,contraposition:invalid,11,,61,validation,P2,61,25.373091757297516,cp_direction,1,61
1,P2:validation:555,,modus_tollens:invalid,11,,61,validation,P2,61,8.201675415039062,mt_rule_direction,1,61
1,P2:validation:76,,modus_tollens:valid,11,,60,validation,P2,60,10.497313499450684,mt_query_polarity,1,60
1,P2:validation:474,,contraposition:valid,11,,60,validation,P2,60,18.1704204082489,cp_antecedent_polarity,1,60
1,P2:validation:581,,modus_tollens:invalid,11,,61,validation,P2,61,32.22103261947632,mt_query_polarity,1,61
1,P2:validation:242,,modus_tollens:valid,11,,60,validation,P2,60,14.887079238891602,mt_rule_direction,1,60
1,P2:validation:322,,contraposition:valid,11,,60,validation,P2,60,21.593850553035736,cp_direction,1,60
1,P2:validation:368,,contraposition:valid,11,,60,validation,P2,60,18.200846910476685,cp_consequent_polarity,1,60
1,P2:validation:381,,contraposition:invalid,11,,61,validation,P2,61,21.27588939666748,cp_consequent_polarity,1,61
1,P2:validation:759,,modus_tollens:invalid,11,,61,validation,P2,61,28.179943561553955,mt_rule_direction,1,61
1,P2:validation:420,,modus_tollens:valid,11,,60,validation,P2,60,13.796783924102783,mt_fact_polarity,1,60
1,P2:validation:30,,contraposition:valid,11,,60,validation,P2,60,12.899550437927246,cp_antecedent_polarity,1,60
1,P2:validation:313,,modus_tollens:invalid,11,,61,validation,P2,61,30.35401487350464,mt_fact_polarity,1,61
1,P2:validation:458,,modus_tollens:valid,11,,60,validation,P2,60,9.823290824890137,mt_rule_direction,1,60
1,P2:validation:753,,contraposition:invalid,11,,61,validation,P2,61,22.265333652496338,cp_consequent_polarity,1,61
1,P2:validation:298,,contraposition:valid,11,,60,validation,P2,60,18.794677019119263,cp_direction,1,60
1,P2:validation:11,,contraposition:invalid,11,,61,validation,P2,61,30.352308750152588,cp_direction,1,61
1,P2:validation:648,,modus_tollens:valid,11,,60,validation,P2,60,17.45889186859131,mt_fact_polarity,1,60
1,P2:validation:387,,modus_tollens:invalid,11,,61,validation,P2,61,20.647147059440613,mt_rule_direction,1,61
1,P2:validation:234,,contraposition:valid,11,,60,validation,P2,60,15.986337661743164,cp_antecedent_polarity,1,60
1,P2:validation:511,,contraposition:invalid,11,,61,validation,P2,61,24.289146304130554,cp_antecedent_polarity,1,61
1,P2:validation:15,,modus_tollens:invalid,11,,61,validation,P2,61,22.561340630054474,mt_rule_direction,1,61
1,P2:validation:288,,modus_tollens:valid,11,,60,validation,P2,60,9.477564811706543,mt_fact_polarity,1,60
1,P2:validation:460,,modus_tollens:valid,11,,60,validation,P2,60,17.339848279953003,mt_query_polarity,1,60
1,P2:validation:107,,contraposition:invalid,11,,61,validation,P2,61,22.484967172145844,cp_direction,1,61
1,P2:validation:636,,modus_tollens:valid,11,,60,validation,P2,60,11.304866790771484,mt_fact_polarity,1,60
1,P2:validation:334,,contraposition:valid,11,,60,validation,P2,60,7.419281959533691,cp_direction,1,60
1,P2:validation:429,,contraposition:invalid,11,,61,validation,P2,61,22.472428798675537,cp_consequent_polarity,1,61
1,P2:validation:310,,contraposition:valid,11,,60,validation,P2,60,23.30197787284851,cp_direction,1,60
1,P2:validation:565,,modus_tollens:invalid,11,,61,validation,P2,61,31.015516757965088,mt_fact_polarity,1,61
1,P2:validation:605,,modus_tollens:invalid,11,,61,validation,P2,61,27.33367943763733,mt_query_polarity,1,61
1,P2:validation:399,,modus_tollens:invalid,11,,61,validation,P2,61,25.780563592910767,mt_rule_direction,1,61
1,P2:validation:7,,contraposition:invalid,11,,61,validation,P2,61,26.019800186157227,cp_antecedent_polarity,1,61
1,P2:validation:409,,modus_tollens:invalid,11,,61,validation,P2,61,31.079797744750977,mt_fact_polarity,1,61
1,P2:validation:290,,modus_tollens:valid,11,,60,validation,P2,60,11.70652151107788,mt_rule_direction,1,60
1,P2:validation:221,,modus_tollens:invalid,11,,61,validation,P2,61,27.484774112701416,mt_query_polarity,1,61
1,P2:validation:649,,modus_tollens:invalid,11,,61,validation,P2,61,29.996026515960693,mt_fact_polarity,1,61
1,P2:validation:33,,contraposition:invalid,11,,61,validation,P2,61,21.441978931427002,cp_consequent_polarity,1,61
1,P2:validation:264,,modus_tollens:valid,11,,60,validation,P2,60,12.38654899597168,mt_fact_polarity,1,60
1,P2:validation:352,,modus_tollens:valid,11,,60,validation,P2,60,12.951837062835693,mt_query_polarity,1,60
1,P2:validation:567,,modus_tollens:invalid,11,,61,validation,P2,61,15.885194301605225,mt_rule_direction,1,61
1,P2:validation:485,,modus_tollens:invalid,11,,61,validation,P2,61,31.78186559677124,mt_query_polarity,1,61
1,P2:validation:232,,modus_tollens:valid,11,,60,validation,P2,60,9.78297233581543,mt_query_polarity,1,60
1,P2:validation:619,,contraposition:invalid,11,,61,validation,P2,61,21.455801725387573,cp_antecedent_polarity,1,61
1,P2:validation:508,,modus_tollens:valid,11,,60,validation,P2,60,10.657195568084717,mt_query_polarity,1,60
1,P2:validation:198,,contraposition:valid,11,,60,validation,P2,60,7.419281959533691,cp_antecedent_polarity,1,60
1,P2:validation:461,,modus_tollens:invalid,11,,61,validation,P2,61,30.099141120910645,mt_query_polarity,1,61
1,P2:validation:543,,modus_tollens:invalid,11,,61,validation,P2,61,23.393195152282715,mt_rule_direction,1,61
1,P2:validation:116,,contraposition:valid,11,,60,validation,P2,60,20.956783890724182,cp_consequent_polarity,1,60
1,P2:validation:254,,modus_tollens:valid,11,,60,validation,P2,60,11.709672451019287,mt_rule_direction,1,60
1,P2:validation:16,,modus_tollens:valid,11,,60,validation,P2,60,10.94168472290039,mt_query_polarity,1,60
1,P2:validation:61,,modus_tollens:invalid,11,,61,validation,P2,61,31.953248500823975,mt_fact_polarity,1,61
1,P2:validation:276,,modus_tollens:valid,11,,60,validation,P2,60,8.254144668579102,mt_fact_polarity,1,60
1,P2:validation:13,,modus_tollens:invalid,11,,61,validation,P2,61,32.31440782546997,mt_fact_polarity,1,61
1,P2:validation:425,,modus_tollens:invalid,11,,61,validation,P2,61,30.306605339050293,mt_query_polarity,1,61
1,P2:validation:665,,modus_tollens:invalid,11,,61,validation,P2,61,28.009381532669067,mt_query_polarity,1,61
1,P2:validation:358,,contraposition:valid,11,,60,validation,P2,60,15.509291410446167,cp_direction,1,60
1,P2:validation:725,,modus_tollens:invalid,11,,61,validation,P2,61,25.295640766620636,mt_query_polarity,1,61
1,P2:validation:98,,modus_tollens:valid,11,,60,validation,P2,60,7.9084320068359375,mt_rule_direction,1,60
1,P2:validation:194,,modus_tollens:valid,11,,60,validation,P2,60,9.654547691345215,mt_rule_direction,1,60
1,P2:validation:696,,modus_tollens:valid,11,,60,validation,P2,60,17.39883804321289,mt_fact_polarity,1,60
1,P2:validation:576,,modus_tollens:valid,11,,60,validation,P2,60,12.842535018920898,mt_fact_polarity,1,60
1,P2:validation:578,,modus_tollens:valid,11,,60,validation,P2,60,12.720795154571533,mt_rule_direction,1,60
1,P2:validation:224,,contraposition:valid,11,,60,validation,P2,60,18.200846910476685,cp_consequent_polarity,1,60
1,P2:validation:37,,modus_tollens:invalid,11,,61,validation,P2,61,25.68082058429718,mt_fact_polarity,1,61
1,P2:validation:594,,contraposition:valid,11,,60,validation,P2,60,7.419281959533691,cp_antecedent_polarity,1,60
1,P2:validation:40,,modus_tollens:valid,11,,60,validation,P2,60,12.386549472808838,mt_query_polarity,1,60
1,P2:validation:600,,modus_tollens:valid,11,,60,validation,P2,60,8.455821990966797,mt_fact_polarity,1,60
1,P2:validation:661,,modus_tollens:invalid,11,,61,validation,P2,61,24.712173707783222,mt_fact_polarity,1,61
1,P2:validation:569,,modus_tollens:invalid,11,,61,validation,P2,61,29.43651270866394,mt_query_polarity,1,61
1,P2:validation:693,,contraposition:invalid,11,,61,validation,P2,61,21.93373727798462,cp_consequent_polarity,1,61
1,P2:validation:676,,modus_tollens:valid,11,,60,validation,P2,60,10.611877918243408,mt_query_polarity,1,60
1,P2:validation:132,,modus_tollens:valid,11,,60,validation,P2,60,8.370351791381836,mt_fact_polarity,1,60
1,P2:validation:642,,contraposition:valid,11,,60,validation,P2,60,14.677856922149658,cp_antecedent_polarity,1,60
1,P2:validation:470,,modus_tollens:valid,11,,60,validation,P2,60,17.34232807159424,mt_rule_direction,1,60
1,P2:validation:204,,modus_tollens:valid,11,,60,validation,P2,60,11.709672451019287,mt_fact_polarity,1,60
1,P2:validation:522,,contraposition:valid,11,,60,validation,P2,60,17.24817419052124,cp_antecedent_polarity,1,60
1,P2:validation:174,,contraposition:valid,11,,60,validation,P2,60,19.638782113790512,cp_antecedent_polarity,1,60
1,P2:validation:574,,contraposition:valid,11,,60,validation,P2,60,7.581826210021973,cp_direction,1,60
1,P2:validation:542,,modus_tollens:valid,11,,60,validation,P2,60,13.015119075775146,mt_rule_direction,1,60
1,P2:validation:26,,modus_tollens:valid,11,,60,validation,P2,60,12.69033670425415,mt_rule_direction,1,60
1,P2:validation:371,,contraposition:invalid,11,,61,validation,P2,61,24.428205609321594,cp_direction,1,61
1,P2:validation:752,,contraposition:valid,11,,60,validation,P2,60,17.76075053215027,cp_consequent_polarity,1,60
1,P2:validation:540,,modus_tollens:valid,11,,60,validation,P2,60,8.455821990966797,mt_fact_polarity,1,60
1,P2:validation:115,,contraposition:invalid,11,,61,validation,P2,61,23.449740052223206,cp_antecedent_polarity,1,61
1,P2:validation:166,,contraposition:valid,11,,60,validation,P2,60,19.737711012363434,cp_direction,1,60
1,P2:validation:285,,contraposition:invalid,11,,61,validation,P2,61,21.93373727798462,cp_consequent_polarity,1,61
1,P2:validation:480,,modus_tollens:valid,11,,60,validation,P2,60,15.520041942596436,mt_fact_polarity,1,60
1,P2:validation:77,,modus_tollens:invalid,11,,61,validation,P2,61,32.31876802444458,mt_query_polarity,1,61
1,P2:validation:41,,modus_tollens:invalid,11,,61,validation,P2,61,30.16832208633423,mt_query_polarity,1,61
1,P2:validation:620,,contraposition:valid,11,,60,validation,P2,60,17.345850706100464,cp_consequent_polarity,1,60
1,P2:validation:319,,contraposition:invalid,11,,61,validation,P2,61,22.820351123809814,cp_antecedent_polarity,1,61
1,P2:validation:73,,modus_tollens:invalid,11,,61,validation,P2,61,30.989497184753418,mt_fact_polarity,1,61
1,P2:validation:589,,modus_tollens:invalid,11,,61,validation,P2,61,31.19371461868286,mt_fact_polarity,1,61
1,P2:validation:491,,contraposition:invalid,11,,61,validation,P2,61,4.459692001342773,cp_direction,1,61
1,P2:validation:52,,modus_tollens:valid,11,,60,validation,P2,60,12.783225536346436,mt_query_polarity,1,60
1,P2:validation:78,,contraposition:valid,11,,60,validation,P2,60,22.05598145723343,cp_antecedent_polarity,1,60
1,P2:validation:748,,modus_tollens:valid,11,,60,validation,P2,60,12.69033670425415,mt_query_polarity,1,60
1,P2:validation:297,,contraposition:invalid,11,,61,validation,P2,61,14.815801620483398,cp_consequent_polarity,1,61
1,P2:validation:155,,contraposition:invalid,11,,61,validation,P2,61,12.102214813232422,cp_direction,1,61
1,P2:validation:715,,contraposition:invalid,11,,61,validation,P2,61,15.437200546264648,cp_antecedent_polarity,1,61
1,P2:validation:709,,modus_tollens:invalid,11,,61,validation,P2,61,20.174876928329468,mt_fact_polarity,1,61
1,P2:validation:506,,modus_tollens:valid,11,,60,validation,P2,60,13.096435546875,mt_rule_direction,1,60
1,P2:validation:587,,contraposition:invalid,11,,61,validation,P2,61,1.2078838348388672,cp_direction,1,61
1,P2:validation:433,,modus_tollens:invalid,11,,61,validation,P2,61,32.31440782546997,mt_fact_polarity,1,61
1,P2:validation:596,,contraposition:valid,11,,60,validation,P2,60,11.96690320968628,cp_consequent_polarity,1,60
1,P2:validation:69,,contraposition:invalid,11,,61,validation,P2,61,15.825291633605957,cp_consequent_polarity,1,61
1,P2:validation:763,,contraposition:invalid,11,,61,validation,P2,61,17.888680934906006,cp_antecedent_polarity,1,61
1,P2:validation:530,,modus_tollens:valid,11,,60,validation,P2,60,9.477564811706543,mt_rule_direction,1,60
1,P2:validation:487,,contraposition:invalid,11,,61,validation,P2,61,18.21737289428711,cp_antecedent_polarity,1,61
1,P2:validation:700,,modus_tollens:valid,11,,60,validation,P2,60,11.70652151107788,mt_query_polarity,1,60
1,P2:validation:534,,contraposition:valid,11,,60,validation,P2,60,22.595520436763763,cp_antecedent_polarity,1,60
1,P2:validation:521,,modus_tollens:invalid,11,,61,validation,P2,61,27.395284175872803,mt_query_polarity,1,61
1,P2:validation:664,,modus_tollens:valid,11,,60,validation,P2,60,9.420778274536133,mt_query_polarity,1,60
1,P2:validation:557,,modus_tollens:invalid,11,,61,validation,P2,61,30.13945436477661,mt_query_polarity,1,61
1,P2:validation:351,,modus_tollens:invalid,11,,61,validation,P2,61,24.201606512069702,mt_rule_direction,1,61
1,P2:validation:549,,contraposition:invalid,11,,61,validation,P2,61,21.728639125823975,cp_consequent_polarity,1,61
1,P2:validation:223,,contraposition:invalid,11,,61,validation,P2,61,23.14858329296112,cp_antecedent_polarity,1,61
1,P2:validation:760,,modus_tollens:valid,11,,60,validation,P2,60,12.951837062835693,mt_query_polarity,1,60
1,P2:validation:666,,contraposition:valid,11,,60,validation,P2,60,19.374794483184814,cp_antecedent_polarity,1,60
1,P2:validation:228,,modus_tollens:valid,11,,60,validation,P2,60,12.859224319458008,mt_fact_polarity,1,60
1,P2:validation:380,,contraposition:valid,11,,60,validation,P2,60,7.243389129638672,cp_consequent_polarity,1,60
1,P2:validation:437,,modus_tollens:invalid,11,,61,validation,P2,61,27.042006731033325,mt_query_polarity,1,61
1,P2:validation:692,,contraposition:valid,11,,60,validation,P2,60,17.175706148147583,cp_consequent_polarity,1,60
1,P2:validation:472,,modus_tollens:valid,11,,60,validation,P2,60,12.898070335388184,mt_query_polarity,1,60
1,P2:validation:46,,contraposition:valid,11,,60,validation,P2,60,22.546316146850586,cp_direction,1,60
1,P2:validation:253,,modus_tollens:invalid,11,,61,validation,P2,61,23.023594617843628,mt_fact_polarity,1,61
1,P2:validation:289,,modus_tollens:invalid,11,,61,validation,P2,61,31.291704177856445,mt_fact_polarity,1,61
1,P2:validation:412,,modus_tollens:valid,11,,60,validation,P2,60,13.102136135101318,mt_query_polarity,1,60
1,P2:validation:172,,modus_tollens:valid,11,,60,validation,P2,60,12.783881664276123,mt_query_polarity,1,60
1,P2:validation:389,,modus_tollens:invalid,11,,61,validation,P2,61,27.30038356781006,mt_query_polarity,1,61
1,P2:validation:356,,contraposition:valid,11,,60,validation,P2,60,7.419281959533691,cp_consequent_polarity,1,60
1,P2:validation:686,,modus_tollens:valid,11,,60,validation,P2,60,12.780488967895508,mt_rule_direction,1,60
1,P2:validation:588,,modus_tollens:valid,11,,60,validation,P2,60,8.298564910888672,mt_fact_polarity,1,60
1,P2:validation:418,,contraposition:valid,11,,60,validation,P2,60,18.727940797805786,cp_direction,1,60
1,P2:validation:402,,contraposition:valid,11,,60,validation,P2,60,21.613073468208313,cp_antecedent_polarity,1,60
1,P2:validation:394,,contraposition:valid,11,,60,validation,P2,60,21.380309462547302,cp_direction,1,60
1,P2:validation:20,,contraposition:valid,11,,60,validation,P2,60,18.727940797805786,cp_consequent_polarity,1,60
1,P2:validation:246,,contraposition:valid,11,,60,validation,P2,60,18.9912166595459,cp_antecedent_polarity,1,60
1,P2:validation:668,,contraposition:valid,11,,60,validation,P2,60,7.243389129638672,cp_consequent_polarity,1,60
1,P2:validation:258,,contraposition:valid,11,,60,validation,P2,60,18.76780390739441,cp_antecedent_polarity,1,60
1,P2:validation:584,,contraposition:valid,11,,60,validation,P2,60,22.546316146850586,cp_consequent_polarity,1,60
1,P2:validation:324,,modus_tollens:valid,11,,60,validation,P2,60,14.780159711837769,mt_fact_polarity,1,60
1,P2:validation:561,,contraposition:invalid,11,,61,validation,P2,61,14.967784404754639,cp_consequent_polarity,1,61
1,P2:validation:94,,contraposition:valid,11,,60,validation,P2,60,22.722596406936646,cp_direction,1,60
1,P2:validation:320,,contraposition:valid,11,,60,validation,P2,60,22.377922892570496,cp_consequent_polarity,1,60
1,P2:validation:278,,modus_tollens:valid,11,,60,validation,P2,60,15.007395267486572,mt_rule_direction,1,60
1,P2:validation:683,,contraposition:invalid,11,,61,validation,P2,61,13.84614372253418,cp_direction,1,61
1,P2:validation:361,,modus_tollens:invalid,11,,61,validation,P2,61,31.379764080047607,mt_fact_polarity,1,61
1,P2:validation:443,,contraposition:invalid,11,,61,validation,P2,61,28.70568561553955,cp_direction,1,61
1,P2:validation:233,,modus_tollens:invalid,11,,61,validation,P2,61,31.676931381225586,mt_query_polarity,1,61
1,P2:validation:509,,modus_tollens:invalid,11,,61,validation,P2,61,31.78186559677124,mt_query_polarity,1,61
1,P2:validation:252,,modus_tollens:valid,11,,60,validation,P2,60,12.728402614593506,mt_fact_polarity,1,60
1,P2:validation:147,,modus_tollens:invalid,11,,61,validation,P2,61,23.319209098815918,mt_rule_direction,1,61
1,P2:validation:407,,contraposition:invalid,11,,61,validation,P2,61,11.954707145690918,cp_direction,1,61
1,P2:validation:188,,contraposition:valid,11,,60,validation,P2,60,22.377922892570496,cp_consequent_polarity,1,60
1,P2:validation:333,,contraposition:invalid,11,,61,validation,P2,61,22.15755033493042,cp_consequent_polarity,1,61
1,P2:validation:336,,modus_tollens:valid,11,,60,validation,P2,60,17.39883804321289,mt_fact_polarity,1,60
1,P2:validation:746,,modus_tollens:valid,11,,60,validation,P2,60,10.357048034667969,mt_rule_direction,1,60
1,P2:validation:531,,modus_tollens:invalid,11,,61,validation,P2,61,13.027034282684326,mt_rule_direction,1,61
1,P2:validation:520,,modus_tollens:valid,11,,60,validation,P2,60,12.720808982849121,mt_query_polarity,1,60
1,P2:validation:449,,modus_tollens:invalid,11,,61,validation,P2,61,27.20180583000183,mt_query_polarity,1,61
1,P2:validation:339,,modus_tollens:invalid,11,,61,validation,P2,61,19.379810333251953,mt_rule_direction,1,61
1,P2:validation:280,,modus_tollens:valid,11,,60,validation,P2,60,11.018108367919922,mt_query_polarity,1,60
1,P2:validation:311,,contraposition:invalid,11,,61,validation,P2,61,4.459692001342773,cp_direction,1,61
1,P2:validation:496,,modus_tollens:valid,11,,60,validation,P2,60,12.693426132202148,mt_query_polarity,1,60
1,P2:validation:663,,modus_tollens:invalid,11,,61,validation,P2,61,22.248811887577176,mt_rule_direction,1,61
1,P2:validation:462,,contraposition:valid,11,,60,validation,P2,60,19.340752959251404,cp_antecedent_polarity,1,60
1,P2:validation:736,,modus_tollens:valid,11,,60,validation,P2,60,15.315017700195312,mt_query_polarity,1,60
1,P2:validation:186,,contraposition:valid,11,,60,validation,P2,60,15.871736526489258,cp_antecedent_polarity,1,60
1,P2:validation:197,,modus_tollens:invalid,11,,61,validation,P2,61,30.254539489746094,mt_query_polarity,1,61
1,P2:validation:423,,modus_tollens:invalid,11,,61,validation,P2,61,19.993862509727478,mt_rule_direction,1,61
1,P2:validation:526,,contraposition:valid,11,,60,validation,P2,60,14.677856922149658,cp_direction,1,60
1,P2:validation:719,,contraposition:invalid,11,,61,validation,P2,61,29.072945594787598,cp_direction,1,61
1,P2:validation:142,,contraposition:valid,11,,60,validation,P2,60,21.390831023454666,cp_direction,1,60
1,P2:validation:398,,modus_tollens:valid,11,,60,validation,P2,60,12.694339752197266,mt_rule_direction,1,60
1,P2:validation:639,,modus_tollens:invalid,11,,61,validation,P2,61,15.761030197143555,mt_rule_direction,1,61
1,P2:validation:43,,contraposition:invalid,11,,61,validation,P2,61,24.443304777145386,cp_antecedent_polarity,1,61
1,P2:validation:110,,modus_tollens:valid,11,,60,validation,P2,60,7.908430099487305,mt_rule_direction,1,60
1,P2:validation:625,,modus_tollens:invalid,11,,61,validation,P2,61,31.379764080047607,mt_fact_polarity,1,61
1,P2:validation:456,,modus_tollens:valid,11,,60,validation,P2,60,12.417273998260498,mt_fact_polarity,1,60
1,P2:validation:704,,contraposition:valid,11,,60,validation,P2,60,15.201273918151855,cp_consequent_polarity,1,60
1,P2:validation:114,,contraposition:valid,11,,60,validation,P2,60,18.73444390296936,cp_antecedent_polarity,1,60
1,P2:validation:12,,modus_tollens:valid,11,,60,validation,P2,60,12.07907485961914,mt_fact_polarity,1,60
1,P2:validation:562,,contraposition:valid,11,,60,validation,P2,60,18.41449761390686,cp_direction,1,60
1,P2:validation:208,,modus_tollens:valid,11,,60,validation,P2,60,9.654550552368164,mt_query_polarity,1,60
1,P2:validation:238,,contraposition:valid,11,,60,validation,P2,60,15.986339092254639,cp_direction,1,60
1,P2:validation:123,,modus_tollens:invalid,11,,61,validation,P2,61,16.472294807434082,mt_rule_direction,1,61
1,P2:validation:479,,contraposition:invalid,11,,61,validation,P2,61,25.60131072998047,cp_direction,1,61
1,P2:validation:395,,contraposition:invalid,11,,61,validation,P2,61,24.761754035949707,cp_direction,1,61
1,P2:validation:248,,contraposition:valid,11,,60,validation,P2,60,10.935810565948486,cp_consequent_polarity,1,60
1,P2:validation:195,,modus_tollens:invalid,11,,61,validation,P2,61,22.51085789501667,mt_rule_direction,1,61
1,P2:validation:236,,contraposition:valid,11,,60,validation,P2,60,19.638782113790512,cp_consequent_polarity,1,60
1,P2:validation:718,,contraposition:valid,11,,60,validation,P2,60,18.200846910476685,cp_direction,1,60
1,P2:validation:410,,modus_tollens:valid,11,,60,validation,P2,60,13.235907554626465,mt_rule_direction,1,60
1,P2:validation:372,,modus_tollens:valid,11,,60,validation,P2,60,13.211504936218262,mt_fact_polarity,1,60
1,P2:validation:283,,contraposition:invalid,11,,61,validation,P2,61,21.812484741210938,cp_antecedent_polarity,1,61
1,P2:validation:84,,modus_tollens:valid,11,,60,validation,P2,60,12.784281730651855,mt_fact_polarity,1,60
1,P2:validation:547,,contraposition:invalid,11,,61,validation,P2,61,16.49351406097412,cp_antecedent_polarity,1,61
1,P2:validation:323,,contraposition:invalid,11,,61,validation,P2,61,29.66530418395996,cp_direction,1,61
1,P2:validation:482,,modus_tollens:valid,11,,60,validation,P2,60,17.339848279953003,mt_rule_direction,1,60
1,P2:validation:231,,modus_tollens:invalid,11,,61,validation,P2,61,25.620448112487793,mt_rule_direction,1,61
1,P2:validation:295,,contraposition:invalid,11,,61,validation,P2,61,18.212278842926025,cp_antecedent_polarity,1,61
1,P2:validation:59,,contraposition:invalid,11,,61,validation,P2,61,24.49506950378418,cp_direction,1,61
1,P2:validation:635,,contraposition:invalid,11,,61,validation,P2,61,29.220471382141113,cp_direction,1,61
1,P2:validation:486,,contraposition:valid,11,,60,validation,P2,60,21.728781819343567,cp_antecedent_polarity,1,60
1,P2:validation:266,,modus_tollens:valid,11,,60,validation,P2,60,17.57583785057068,mt_rule_direction,1,60
1,P2:validation:192,,modus_tollens:valid,11,,60,validation,P2,60,17.39883804321289,mt_fact_polarity,1,60
1,P2:validation:102,,contraposition:valid,11,,60,validation,P2,60,6.4638471603393555,cp_antecedent_polarity,1,60
1,P2:validation:176,,contraposition:valid,11,,60,validation,P2,60,20.410199284553528,cp_consequent_polarity,1,60
1,P2:validation:733,,modus_tollens:invalid,11,,61,validation,P2,61,26.15226185321808,mt_fact_polarity,1,61
1,P2:validation:504,,modus_tollens:valid,11,,60,validation,P2,60,14.928916215896606,mt_fact_polarity,1,60
1,P2:validation:451,,contraposition:invalid,11,,61,validation,P2,61,7.09183406829834,cp_antecedent_polarity,1,61
1,P2:validation:293,,modus_tollens:invalid,11,,61,validation,P2,61,31.409258365631104,mt_query_polarity,1,61
1,P2:validation:379,,contraposition:invalid,11,,61,validation,P2,61,23.14858329296112,cp_antecedent_polarity,1,61
1,P2:validation:24,,modus_tollens:valid,11,,60,validation,P2,60,12.720795154571533,mt_fact_polarity,1,60
1,P2:validation:130,,contraposition:valid,11,,60,validation,P2,60,19.39064931869507,cp_direction,1,60
1,P2:validation:309,,contraposition:invalid,11,,61,validation,P2,61,24.53161710500717,cp_consequent_polarity,1,61
1,P2:validation:345,,contraposition:invalid,11,,61,validation,P2,61,23.139065504074097,cp_consequent_polarity,1,61
1,P2:validation:681,,contraposition:invalid,11,,61,validation,P2,61,22.253230333328247,cp_consequent_polarity,1,61
1,P2:validation:674,,modus_tollens:valid,11,,60,validation,P2,60,9.821491718292236,mt_rule_direction,1,60
1,P2:validation:637,,modus_tollens:invalid,11,,61,validation,P2,61,25.343310296535492,mt_fact_polarity,1,61
1,P2:validation:687,,modus_tollens:invalid,11,,61,validation,P2,61,6.6622419357299805,mt_rule_direction,1,61
1,P2:validation:277,,modus_tollens:invalid,11,,61,validation,P2,61,23.75833946466446,mt_fact_polarity,1,61
1,P2:validation:216,,modus_tollens:valid,11,,60,validation,P2,60,11.70652151107788,mt_fact_polarity,1,60
1,P2:validation:497,,modus_tollens:invalid,11,,61,validation,P2,61,24.924626011401415,mt_query_polarity,1,61
1,P2:validation:182,,modus_tollens:valid,11,,60,validation,P2,60,9.78297233581543,mt_rule_direction,1,60
1,P2:validation:117,,contraposition:invalid,11,,61,validation,P2,61,21.168086051940918,cp_consequent_polarity,1,61
1,P2:validation:749,,modus_tollens:invalid,11,,61,validation,P2,61,27.415252208709717,mt_query_polarity,1,61
1,P2:validation:604,,modus_tollens:valid,11,,60,validation,P2,60,10.28905200958252,mt_query_polarity,1,60
1,P2:validation:32,,contraposition:valid,11,,60,validation,P2,60,19.168461084365845,cp_consequent_polarity,1,60
1,P2:validation:414,,contraposition:valid,11,,60,validation,P2,60,20.569174826145172,cp_antecedent_polarity,1,60
1,P2:validation:367,,contraposition:invalid,11,,61,validation,P2,61,21.608490705490112,cp_antecedent_polarity,1,61
1,P2:validation:553,,modus_tollens:invalid,11,,61,validation,P2,61,32.265209674835205,mt_fact_polarity,1,61
1,P2:validation:571,,contraposition:invalid,11,,61,validation,P2,61,21.986729621887207,cp_antecedent_polarity,1,61
1,P2:validation:608,,contraposition:valid,11,,60,validation,P2,60,16.07937741279602,cp_consequent_polarity,1,60
1,P2:validation:170,,modus_tollens:valid,11,,60,validation,P2,60,12.720795154571533,mt_rule_direction,1,60
1,P2:validation:17,,modus_tollens:invalid,11,,61,validation,P2,61,30.307471752166748,mt_query_polarity,1,61
1,P2:validation:200,,contraposition:valid,11,,60,validation,P2,60,19.838150024414062,cp_consequent_polarity,1,60
1,P2:validation:362,,modus_tollens:valid,11,,60,validation,P2,60,15.269439220428467,mt_rule_direction,1,60
1,P2:validation:603,,modus_tollens:invalid,11,,61,validation,P2,61,20.089441776275635,mt_rule_direction,1,61
1,P2:validation:10,,contraposition:valid,11,,60,validation,P2,60,18.428967237472534,cp_direction,1,60
1,P2:validation:618,,contraposition:valid,11,,60,validation,P2,60,19.737711012363434,cp_antecedent_polarity,1,60
1,P2:validation:105,,contraposition:invalid,11,,61,validation,P2,61,23.75350320339203,cp_consequent_polarity,1,61
1,P2:validation:747,,modus_tollens:invalid,11,,61,validation,P2,61,24.344048976898193,mt_rule_direction,1,61
1,P2:validation:427,,contraposition:invalid,11,,61,validation,P2,61,7.09183406829834,cp_antecedent_polarity,1,61
1,P2:validation:153,,contraposition:invalid,11,,61,validation,P2,61,18.837743282318115,cp_consequent_polarity,1,61
1,P2:validation:503,,contraposition:invalid,11,,61,validation,P2,61,13.84614372253418,cp_direction,1,61
1,P2:validation:279,,modus_tollens:invalid,11,,61,validation,P2,61,8.46941089630127,mt_rule_direction,1,61
1,P2:validation:741,,contraposition:invalid,11,,61,validation,P2,61,23.33445930480957,cp_consequent_polarity,1,61
1,P2:validation:160,,modus_tollens:valid,11,,60,validation,P2,60,13.235907554626465,mt_query_polarity,1,60
1,P2:validation:71,,contraposition:invalid,11,,61,validation,P2,61,22.484970808029175,cp_direction,1,61
1,P2:validation:327,,modus_tollens:invalid,11,,61,validation,P2,61,24.149394512176514,mt_rule_direction,1,61
1,P2:validation:272,,contraposition:valid,11,,60,validation,P2,60,17.24817419052124,cp_consequent_polarity,1,60
1,P2:validation:168,,modus_tollens:valid,11,,60,validation,P2,60,12.779743671417236,mt_fact_polarity,1,60
1,P2:validation:211,,contraposition:invalid,11,,61,validation,P2,61,10.450226783752441,cp_antecedent_polarity,1,61
1,P2:validation:344,,contraposition:valid,11,,60,validation,P2,60,17.76075053215027,cp_consequent_polarity,1,60
1,P2:validation:90,,contraposition:valid,11,,60,validation,P2,60,22.546316146850586,cp_antecedent_polarity,1,60
1,P2:validation:257,,modus_tollens:invalid,11,,61,validation,P2,61,27.248449563980103,mt_query_polarity,1,61
1,P2:validation:156,,modus_tollens:valid,11,,60,validation,P2,60,13.211504936218262,mt_fact_polarity,1,60
1,P2:validation:761,,modus_tollens:invalid,11,,61,validation,P2,61,32.31149864196777,mt_query_polarity,1,61
1,P2:validation:251,,contraposition:invalid,11,,61,validation,P2,61,26.132305145263672,cp_direction,1,61
1,P2:validation:525,,contraposition:invalid,11,,61,validation,P2,61,21.168086051940918,cp_consequent_polarity,1,61
1,P2:validation:161,,modus_tollens:invalid,11,,61,validation,P2,61,31.642809867858887,mt_query_polarity,1,61
1,P2:validation:365,,modus_tollens:invalid,11,,61,validation,P2,61,25.645292580127716,mt_query_polarity,1,61
1,P2:validation:750,,contraposition:valid,11,,60,validation,P2,60,21.361362040042877,cp_antecedent_polarity,1,60
1,P2:validation:444,,modus_tollens:valid,11,,60,validation,P2,60,9.477564811706543,mt_fact_polarity,1,60
1,P2:validation:306,,contraposition:valid,11,,60,validation,P2,60,19.638782113790512,cp_antecedent_polarity,1,60
1,P2:validation:744,,modus_tollens:valid,11,,60,validation,P2,60,12.050911903381348,mt_fact_polarity,1,60
1,P2:validation:62,,modus_tollens:valid,11,,60,validation,P2,60,13.096434593200684,mt_rule_direction,1,60
1,P2:validation:424,,modus_tollens:valid,11,,60,validation,P2,60,10.669976234436035,mt_query_polarity,1,60
1,P2:validation:678,,contraposition:valid,11,,60,validation,P2,60,19.542909026145935,cp_antecedent_polarity,1,60
1,P2:validation:628,,modus_tollens:valid,11,,60,validation,P2,60,8.625528335571289,mt_query_polarity,1,60
1,P2:validation:742,,contraposition:valid,11,,60,validation,P2,60,18.727940797805786,cp_direction,1,60
1,P2:validation:355,,contraposition:invalid,11,,61,validation,P2,61,24.6214382648468,cp_antecedent_polarity,1,61
1,P2:validation:641,,modus_tollens:invalid,11,,61,validation,P2,61,32.22103261947632,mt_query_polarity,1,61
1,P2:validation:66,,contraposition:valid,11,,60,validation,P2,60,8.787224769592285,cp_antecedent_polarity,1,60
1,P2:validation:178,,contraposition:valid,11,,60,validation,P2,60,19.88583731651306,cp_direction,1,60
1,P2:validation:181,,modus_tollens:invalid,11,,61,validation,P2,61,31.291704177856445,mt_fact_polarity,1,61
1,P2:validation:722,,modus_tollens:valid,11,,60,validation,P2,60,13.92503309249878,mt_rule_direction,1,60
1,P2:validation:586,,contraposition:valid,11,,60,validation,P2,60,19.88583731651306,cp_direction,1,60
1,P2:validation:729,,contraposition:invalid,11,,61,validation,P2,61,24.55647188425064,cp_consequent_polarity,1,61
1,P2:validation:716,,contraposition:valid,11,,60,validation,P2,60,13.585151672363281,cp_consequent_polarity,1,60
1,P2:validation:326,,modus_tollens:valid,11,,60,validation,P2,60,11.325035572052002,mt_rule_direction,1,60
1,P2:validation:537,,contraposition:invalid,11,,61,validation,P2,61,27.062880039215088,cp_consequent_polarity,1,61
1,P2:validation:739,,contraposition:invalid,11,,61,validation,P2,61,21.923555612564087,cp_antecedent_polarity,1,61
1,P2:validation:273,,contraposition:invalid,11,,61,validation,P2,61,18.42854118347168,cp_consequent_polarity,1,61
1,P2:validation:207,,modus_tollens:invalid,11,,61,validation,P2,61,25.780563592910767,mt_rule_direction,1,61
1,P2:validation:614,,modus_tollens:valid,11,,60,validation,P2,60,10.185383796691895,mt_rule_direction,1,60
1,P2:validation:626,,modus_tollens:valid,11,,60,validation,P2,60,11.325035572052002,mt_rule_direction,1,60
1,P2:validation:720,,modus_tollens:valid,11,,60,validation,P2,60,17.177428722381592,mt_fact_polarity,1,60
1,P2:validation:538,,contraposition:valid,11,,60,validation,P2,60,21.380309462547302,cp_direction,1,60
1,P2:validation:39,,modus_tollens:invalid,11,,61,validation,P2,61,23.297698736190796,mt_rule_direction,1,61
1,P2:validation:376,,modus_tollens:valid,11,,60,validation,P2,60,10.367376327514648,mt_query_polarity,1,60
1,P2:validation:14,,modus_tollens:valid,11,,60,validation,P2,60,13.796784400939941,mt_rule_direction,1,60
1,P2:validation:44,,contraposition:valid,11,,60,validation,P2,60,21.01465878635645,cp_consequent_polarity,1,60
1,P2:validation:688,,modus_tollens:valid,11,,60,validation,P2,60,11.304866790771484,mt_query_polarity,1,60
1,P2:validation:332,,contraposition:valid,11,,60,validation,P2,60,22.157412499189377,cp_consequent_polarity,1,60
1,P2:validation:6,,contraposition:valid,11,,60,validation,P2,60,22.519006729125977,cp_antecedent_polarity,1,60
1,P2:validation:205,,modus_tollens:invalid,11,,61,validation,P2,61,26.15226185321808,mt_fact_polarity,1,61
1,P2:validation:699,,modus_tollens:invalid,11,,61,validation,P2,61,19.526702642440796,mt_rule_direction,1,61
1,P2:validation:498,,contraposition:valid,11,,60,validation,P2,60,18.794677019119263,cp_antecedent_polarity,1,60
1,P2:validation:140,,contraposition:valid,11,,60,validation,P2,60,23.027379274368286,cp_consequent_polarity,1,60
1,P2:validation:377,,modus_tollens:invalid,11,,61,validation,P2,61,25.551326632499695,mt_query_polarity,1,61
1,P2:validation:454,,contraposition:valid,11,,60,validation,P2,60,22.709946870803833,cp_direction,1,60
1,P2:validation:315,,modus_tollens:invalid,11,,61,validation,P2,61,13.027034282684326,mt_rule_direction,1,61
1,P2:validation:214,,contraposition:valid,11,,60,validation,P2,60,20.011706471443176,cp_direction,1,60
1,P2:validation:758,,modus_tollens:valid,11,,60,validation,P2,60,10.497313499450684,mt_rule_direction,1,60
1,P2:validation:466,,contraposition:valid,11,,60,validation,P2,60,19.374794483184814,cp_direction,1,60
1,P2:validation:405,,contraposition:invalid,11,,61,validation,P2,61,23.898826718330383,cp_consequent_polarity,1,61
1,P2:validation:464,,contraposition:valid,11,,60,validation,P2,60,19.578927516937256,cp_consequent_polarity,1,60
1,P2:validation:316,,modus_tollens:valid,11,,60,validation,P2,60,12.720795154571533,mt_query_polarity,1,60
1,P2:validation:67,,contraposition:invalid,11,,61,validation,P2,61,21.812484741210938,cp_antecedent_polarity,1,61
1,P2:validation:682,,contraposition:valid,11,,60,validation,P2,60,13.538457870483398,cp_direction,1,60
1,P2:validation:416,,contraposition:valid,11,,60,validation,P2,60,17.7607501745224,cp_consequent_polarity,1,60
1,P2:validation:476,,contraposition:valid,11,,60,validation,P2,60,23.16638708114624,cp_consequent_polarity,1,60
1,P2:validation:611,,contraposition:invalid,11,,61,validation,P2,61,30.394990921020508,cp_direction,1,61
1,P2:validation:667,,contraposition:invalid,11,,61,validation,P2,61,18.002275943756104,cp_antecedent_polarity,1,61
1,P2:validation:659,,contraposition:invalid,11,,61,validation,P2,61,11.679434776306152,cp_direction,1,61
1,P2:validation:590,,modus_tollens:valid,11,,60,validation,P2,60,12.69033670425415,mt_rule_direction,1,60
1,P2:validation:629,,modus_tollens:invalid,11,,61,validation,P2,61,30.306605339050293,mt_query_polarity,1,61
1,P2:validation:710,,modus_tollens:valid,11,,60,validation,P2,60,8.1921968460083,mt_rule_direction,1,60
1,P2:validation:539,,contraposition:invalid,11,,61,validation,P2,61,30.235373973846436,cp_direction,1,61
1,P2:validation:303,,modus_tollens:invalid,11,,61,validation,P2,61,14.475920677185059,mt_rule_direction,1,61
1,P2:validation:551,,contraposition:invalid,11,,61,validation,P2,61,26.18856954574585,cp_direction,1,61
1,P2:validation:191,,contraposition:invalid,11,,61,validation,P2,61,6.696364402770996,cp_direction,1,61
1,P2:validation:25,,modus_tollens:invalid,11,,61,validation,P2,61,31.11518955230713,mt_fact_polarity,1,61
1,P2:validation:690,,contraposition:valid,11,,60,validation,P2,60,19.153283834457397,cp_antecedent_polarity,1,60
1,P2:validation:21,,contraposition:invalid,11,,61,validation,P2,61,21.937252044677734,cp_consequent_polarity,1,61
1,P2:validation:712,,modus_tollens:valid,11,,60,validation,P2,60,11.559719562530518,mt_query_polarity,1,60
1,P2:validation:149,,modus_tollens:invalid,11,,61,validation,P2,61,27.415252208709717,mt_query_polarity,1,61
1,P2:validation:215,,contraposition:invalid,11,,61,validation,P2,61,24.428205609321594,cp_direction,1,61
1,P2:validation:190,,contraposition:valid,11,,60,validation,P2,60,16.387768983840942,cp_direction,1,60
1,P2:validation:535,,contraposition:invalid,11,,61,validation,P2,61,15.778669834136963,cp_antecedent_polarity,1,61
1,P2:validation:517,,modus_tollens:invalid,11,,61,validation,P2,61,31.59076738357544,mt_fact_polarity,1,61
1,P2:validation:643,,contraposition:invalid,11,,61,validation,P2,61,23.54181259870529,cp_antecedent_polarity,1,61
1,P2:validation:650,,modus_tollens:valid,11,,60,validation,P2,60,11.735770225524902,mt_rule_direction,1,60
1,P2:validation:350,,modus_tollens:valid,11,,60,validation,P2,60,12.784281730651855,mt_rule_direction,1,60
1,P2:validation:573,,contraposition:invalid,11,,61,validation,P2,61,15.484772205352783,cp_consequent_polarity,1,61
1,P2:validation:475,,contraposition:invalid,11,,61,validation,P2,61,22.588269472122192,cp_antecedent_polarity,1,61
1,P2:validation:230,,modus_tollens:valid,11,,60,validation,P2,60,15.315017700195312,mt_rule_direction,1,60
1,P2:validation:220,,modus_tollens:valid,11,,60,validation,P2,60,17.177428722381592,mt_query_polarity,1,60
1,P2:validation:570,,contraposition:valid,11,,60,validation,P2,60,19.578927516937256,cp_antecedent_polarity,1,60
1,P2:validation:87,,modus_tollens:invalid,11,,61,validation,P2,61,26.327802658081055,mt_rule_direction,1,61
1,P2:validation:737,,modus_tollens:invalid,11,,61,validation,P2,61,31.676931381225586,mt_query_polarity,1,61
1,P2:validation:599,,contraposition:invalid,11,,61,validation,P2,61,28.646981716156006,cp_direction,1,61
1,P2:validation:294,,contraposition:valid,11,,60,validation,P2,60,18.67569100856781,cp_antecedent_polarity,1,60
1,P2:validation:343,,contraposition:invalid,11,,61,validation,P2,61,15.245073795318604,cp_antecedent_polarity,1,61
1,P2:validation:129,,contraposition:invalid,11,,61,validation,P2,61,15.044597625732422,cp_consequent_polarity,1,61
1,P2:validation:227,,contraposition:invalid,11,,61,validation,P2,61,28.729408740997314,cp_direction,1,61
1,P2:validation:263,,contraposition:invalid,11,,61,validation,P2,61,6.696364402770996,cp_direction,1,61
1,P2:validation:441,,contraposition:invalid,11,,61,validation,P2,61,25.458923816680908,cp_consequent_polarity,1,61
1,P2:validation:349,,modus_tollens:invalid,11,,61,validation,P2,61,30.146251916885376,mt_fact_polarity,1,61
1,P2:validation:262,,contraposition:valid,11,,60,validation,P2,60,20.110776841640472,cp_direction,1,60
1,P2:validation:4,,modus_tollens:valid,11,,60,validation,P2,60,12.07907485961914,mt_query_polarity,1,60
1,P2:validation:120,,modus_tollens:valid,11,,60,validation,P2,60,10.94168472290039,mt_fact_polarity,1,60
1,P2:validation:128,,contraposition:valid,11,,60,validation,P2,60,18.618886947631836,cp_consequent_polarity,1,60
1,P2:validation:255,,modus_tollens:invalid,11,,61,validation,P2,61,19.52394437789917,mt_rule_direction,1,61
1,P2:validation:421,,modus_tollens:invalid,11,,61,validation,P2,61,32.13739204406738,mt_fact_polarity,1,61
1,P2:validation:5,,modus_tollens:invalid,11,,61,validation,P2,61,30.118736267089844,mt_query_polarity,1,61
1,P2:validation:237,,contraposition:invalid,11,,61,validation,P2,61,25.739426612854004,cp_consequent_polarity,1,61
1,P2:validation:373,,modus_tollens:invalid,11,,61,validation,P2,61,32.19229459762573,mt_fact_polarity,1,61
1,P2:validation:137,,modus_tollens:invalid,11,,61,validation,P2,61,25.645292580127716,mt_query_polarity,1,61
1,P2:validation:436,,modus_tollens:valid,11,,60,validation,P2,60,14.204943656921387,mt_query_polarity,1,60
1,P2:validation:478,,contraposition:valid,11,,60,validation,P2,60,12.899550437927246,cp_direction,1,60
1,P2:validation:396,,modus_tollens:valid,11,,60,validation,P2,60,12.783881664276123,mt_fact_polarity,1,60
1,P2:validation:714,,contraposition:valid,11,,60,validation,P2,60,13.538457870483398,cp_antecedent_polarity,1,60
1,P2:validation:143,,contraposition:invalid,11,,61,validation,P2,61,25.407888889312744,cp_direction,1,61
1,P2:validation:99,,modus_tollens:invalid,11,,61,validation,P2,61,25.368178367614746,mt_rule_direction,1,61
1,P2:validation:329,,modus_tollens:invalid,11,,61,validation,P2,61,27.182923555374146,mt_query_polarity,1,61
1,P2:validation:256,,modus_tollens:valid,11,,60,validation,P2,60,15.272778511047363,mt_query_polarity,1,60
1,P2:validation:580,,modus_tollens:valid,11,,60,validation,P2,60,10.657195568084717,mt_query_polarity,1,60
1,P2:validation:689,,modus_tollens:invalid,11,,61,validation,P2,61,27.348919928073883,mt_query_polarity,1,61
1,P2:validation:756,,modus_tollens:valid,11,,60,validation,P2,60,10.28905200958252,mt_fact_polarity,1,60
1,P2:validation:158,,modus_tollens:valid,11,,60,validation,P2,60,10.357048034667969,mt_rule_direction,1,60
1,P2:validation:513,,contraposition:invalid,11,,61,validation,P2,61,23.139065504074097,cp_consequent_polarity,1,61
1,P2:validation:18,,contraposition:valid,11,,60,validation,P2,60,13.704840183258057,cp_antecedent_polarity,1,60
1,P2:validation:533,,modus_tollens:invalid,11,,61,validation,P2,61,29.307779788970947,mt_query_polarity,1,61
1,P2:validation:22,,contraposition:valid,11,,60,validation,P2,60,19.637202501296997,cp_direction,1,60
1,P2:validation:36,,modus_tollens:valid,11,,60,validation,P2,60,17.408215522766113,mt_fact_polarity,1,60
1,P2:validation:751,,contraposition:invalid,11,,61,validation,P2,61,19.272783279418945,cp_antecedent_polarity,1,61
1,P2:validation:616,,modus_tollens:valid,11,,60,validation,P2,60,17.39883804321289,mt_query_polarity,1,60
1,P2:validation:632,,contraposition:valid,11,,60,validation,P2,60,14.677856922149658,cp_consequent_polarity,1,60
1,P2:validation:348,,modus_tollens:valid,11,,60,validation,P2,60,10.497313499450684,mt_fact_polarity,1,60
1,P2:validation:145,,modus_tollens:invalid,11,,61,validation,P2,61,31.918169498443604,mt_fact_polarity,1,61
1,P2:validation:163,,contraposition:invalid,11,,61,validation,P2,61,7.09183406829834,cp_antecedent_polarity,1,61
1,P2:validation:597,,contraposition:invalid,11,,61,validation,P2,61,14.94776439666748,cp_consequent_polarity,1,61
1,P2:validation:559,,contraposition:invalid,11,,61,validation,P2,61,23.01119637489319,cp_antecedent_polarity,1,61
1,P2:validation:566,,modus_tollens:valid,11,,60,validation,P2,60,13.836136817932129,mt_rule_direction,1,60
1,P2:validation:631,,contraposition:invalid,11,,61,validation,P2,61,15.475406646728516,cp_antecedent_polarity,1,61
1,P2:validation:391,,contraposition:invalid,11,,61,validation,P2,61,10.450226783752441,cp_antecedent_polarity,1,61
1,P2:validation:662,,modus_tollens:valid,11,,60,validation,P2,60,10.657195568084717,mt_rule_direction,1,60
1,P2:validation:3,,modus_tollens:invalid,11,,61,validation,P2,61,11.246243953704834,mt_rule_direction,1,61
1,P2:validation:583,,contraposition:invalid,11,,61,validation,P2,61,15.437200546264648,cp_antecedent_polarity,1,61
1,P2:validation:325,,modus_tollens:invalid,11,,61,validation,P2,61,30.77433156967163,mt_fact_polarity,1,61
1,P2:validation:730,,contraposition:valid,11,,60,validation,P2,60,22.377922892570496,cp_direction,1,60
1,P2:validation:585,,contraposition:invalid,11,,61,validation,P2,61,26.215403079986572,cp_consequent_polarity,1,61
1,P2:validation:388,,modus_tollens:valid,11,,60,validation,P2,60,9.375631332397461,mt_query_polarity,1,60
1,P2:validation:45,,contraposition:invalid,11,,61,validation,P2,61,16.110352039337158,cp_consequent_polarity,1,61
1,P2:validation:523,,contraposition:invalid,11,,61,validation,P2,61,22.2868754863739,cp_antecedent_polarity,1,61
1,P2:validation:723,,modus_tollens:invalid,11,,61,validation,P2,61,24.385915279388428,mt_rule_direction,1,61
1,P2:validation:60,,modus_tollens:valid,11,,60,validation,P2,60,12.386548519134521,mt_fact_polarity,1,60
1,P2:validation:660,,modus_tollens:valid,11,,60,validation,P2,60,8.718117713928223,mt_fact_polarity,1,60
1,P2:validation:501,,contraposition:invalid,11,,61,validation,P2,61,25.458923816680908,cp_consequent_polarity,1,61
1,P2:validation:417,,contraposition:invalid,11,,61,validation,P2,61,18.639302730560303,cp_consequent_polarity,1,61
1,P2:validation:595,,contraposition:invalid,11,,61,validation,P2,61,16.65388298034668,cp_antecedent_polarity,1,61
1,P2:validation:390,,contraposition:valid,11,,60,validation,P2,60,18.568687677383423,cp_antecedent_polarity,1,60
1,P2:validation:494,,modus_tollens:valid,11,,60,validation,P2,60,9.654550552368164,mt_rule_direction,1,60
1,P2:validation:467,,contraposition:invalid,11,,61,validation,P2,61,11.835554122924805,cp_direction,1,61
1,P2:validation:301,,modus_tollens:invalid,11,,61,validation,P2,61,31.379764080047607,mt_fact_polarity,1,61
1,P2:validation:136,,modus_tollens:valid,11,,60,validation,P2,60,12.859224319458008,mt_query_polarity,1,60
1,P2:validation:265,,modus_tollens:invalid,11,,61,validation,P2,61,25.642445027828217,mt_fact_polarity,1,61
1,P2:validation:606,,contraposition:valid,11,,60,validation,P2,60,18.200846910476685,cp_antecedent_polarity,1,60
1,P2:validation:541,,modus_tollens:invalid,11,,61,validation,P2,61,24.74282605946064,mt_fact_polarity,1,61
1,P2:validation:243,,modus_tollens:invalid,11,,61,validation,P2,61,20.520464032888412,mt_rule_direction,1,61
1,P2:validation:572,,contraposition:valid,11,,60,validation,P2,60,21.728781819343567,cp_consequent_polarity,1,60
1,P2:validation:157,,modus_tollens:invalid,11,,61,validation,P2,61,29.996026515960693,mt_fact_polarity,1,61
1,P2:validation:282,,contraposition:valid,11,,60,validation,P2,60,21.67754065990448,cp_antecedent_polarity,1,60
1,P2:validation:450,,contraposition:valid,11,,60,validation,P2,60,19.374794483184814,cp_antecedent_polarity,1,60
1,P2:validation:499,,contraposition:invalid,11,,61,validation,P2,61,15.215795516967773,cp_antecedent_polarity,1,61
1,P2:validation:602,,modus_tollens:valid,11,,60,validation,P2,60,10.28905200958252,mt_rule_direction,1,60
1,P2:validation:141,,contraposition:invalid,11,,61,validation,P2,61,15.92080307006836,cp_consequent_polarity,1,61
1,P2:validation:439,,contraposition:invalid,11,,61,validation,P2,61,16.834457397460938,cp_antecedent_polarity,1,61
1,P2:validation:646,,contraposition:valid,11,,60,validation,P2,60,19.374794483184814,cp_direction,1,60
1,P2:validation:150,,contraposition:valid,11,,60,validation,P2,60,13.704840183258057,cp_antecedent_polarity,1,60
1,P2:validation:68,,contraposition:valid,11,,60,validation,P2,60,11.96690320968628,cp_consequent_polarity,1,60
1,P2:validation:657,,contraposition:invalid,11,,61,validation,P2,61,11.071022987365723,cp_consequent_polarity,1,61
1,P2:validation:515,,contraposition:invalid,11,,61,validation,P2,61,28.830313682556152,cp_direction,1,61
1,P2:validation:623,,contraposition:invalid,11,,61,validation,P2,61,29.37657880783081,cp_direction,1,61
1,P2:validation:703,,contraposition:invalid,11,,61,validation,P2,61,24.388132095336914,cp_antecedent_polarity,1,61
1,P2:validation:457,,modus_tollens:invalid,11,,61,validation,P2,61,23.083763241767883,mt_fact_polarity,1,61
1,P2:validation:705,,contraposition:invalid,11,,61,validation,P2,61,18.237647533416748,cp_consequent_polarity,1,61
1,P2:validation:175,,contraposition:invalid,11,,61,validation,P2,61,22.38070511817932,cp_antecedent_polarity,1,61
1,P2:validation:96,,modus_tollens:valid,11,,60,validation,P2,60,15.683308601379395,mt_fact_polarity,1,60
1,P2:validation:369,,contraposition:invalid,11,,61,validation,P2,61,22.279661178588867,cp_consequent_polarity,1,61
1,P2:validation:64,,modus_tollens:valid,11,,60,validation,P2,60,8.814203262329102,mt_query_polarity,1,60
1,P2:validation:658,,contraposition:valid,11,,60,validation,P2,60,17.17570972442627,cp_direction,1,60
1,P2:validation:422,,modus_tollens:valid,11,,60,validation,P2,60,12.694339752197266,mt_rule_direction,1,60
1,P2:validation:621,,contraposition:invalid,11,,61,validation,P2,61,16.110352039337158,cp_consequent_polarity,1,61
1,P2:validation:592,,modus_tollens:valid,11,,60,validation,P2,60,17.40137529373169,mt_query_polarity,1,60
1,P2:validation:488,,contraposition:valid,11,,60,validation,P2,60,16.07937741279602,cp_consequent_polarity,1,60
1,P2:validation:465,,contraposition:invalid,11,,61,validation,P2,61,18.837743282318115,cp_consequent_polarity,1,61
1,P2:validation:519,,modus_tollens:invalid,11,,61,validation,P2,61,25.780563831329346,mt_rule_direction,1,61
1,P2:validation:93,,contraposition:invalid,11,,61,validation,P2,61,18.317545890808105,cp_consequent_polarity,1,61
1,P2:test:747,,modus_tollens:invalid,11,,61,test,P2,61,22.091694831848145,mt_rule_direction,1,61
1,P2:test:29,,modus_tollens:invalid,11,,61,test,P2,61,27.33367943763733,mt_query_polarity,1,61
1,P2:test:623,,contraposition:invalid,11,,61,test,P2,61,27.23814618587494,cp_direction,1,61
1,P2:test:434,,modus_tollens:valid,11,,60,test,P2,60,12.951837062835693,mt_rule_direction,1,60
0,P2:test:503,,contraposition:invalid,11,,60,test,P2,61,-9.031721115112305,cp_direction,0,60
1,P2:test:137,,modus_tollens:invalid,11,,61,test,P2,61,25.674355626106262,mt_query_polarity,1,61
1,P2:test:402,,contraposition:valid,11,,60,test,P2,60,15.986337661743164,cp_antecedent_polarity,1,60
1,P2:test:169,,modus_tollens:invalid,11,,61,test,P2,61,27.964868545532227,mt_fact_polarity,1,61
1,P2:test:566,,modus_tollens:valid,11,,60,test,P2,60,14.912415504455566,mt_rule_direction,1,60
1,P2:test:539,,contraposition:invalid,11,,61,test,P2,61,5.163329124450684,cp_direction,1,61
1,P2:test:100,,modus_tollens:valid,11,,60,test,P2,60,17.45889186859131,mt_query_polarity,1,60
1,P2:test:317,,modus_tollens:invalid,11,,61,test,P2,61,25.231777787208557,mt_query_polarity,1,61
1,P2:test:371,,contraposition:invalid,11,,61,test,P2,61,28.729408740997314,cp_direction,1,61
1,P2:test:201,,contraposition:invalid,11,,61,test,P2,61,18.680156230926514,cp_consequent_polarity,1,61
1,P2:test:52,,modus_tollens:valid,11,,60,test,P2,60,12.40849494934082,mt_query_polarity,1,60
1,P2:test:128,,contraposition:valid,11,,60,test,P2,60,19.176844358444214,cp_consequent_polarity,1,60
1,P2:test:761,,modus_tollens:invalid,11,,61,test,P2,61,31.78186559677124,mt_query_polarity,1,61
1,P2:test:374,,modus_tollens:valid,11,,60,test,P2,60,12.065404891967773,mt_rule_direction,1,60
1,P2:test:509,,modus_tollens:invalid,11,,61,test,P2,61,30.19347095489502,mt_query_polarity,1,61
1,P2:test:108,,modus_tollens:valid,11,,60,test,P2,60,11.81036901473999,mt_fact_polarity,1,60
1,P2:test:706,,contraposition:valid,11,,60,test,P2,60,21.01465878635645,cp_direction,1,60
1,P2:test:454,,contraposition:valid,11,,60,test,P2,60,18.794677019119263,cp_direction,1,60
1,P2:test:628,,modus_tollens:valid,11,,60,test,P2,60,17.339848279953003,mt_query_polarity,1,60
1,P2:test:746,,modus_tollens:valid,11,,60,test,P2,60,10.32984209060669,mt_rule_direction,1,60
1,P2:test:335,,contraposition:invalid,11,,61,test,P2,61,14.356391429901123,cp_direction,1,61
1,P2:test:120,,modus_tollens:valid,11,,60,test,P2,60,10.94168472290039,mt_fact_polarity,1,60
1,P2:test:75,,modus_tollens:invalid,11,,61,test,P2,61,19.808945059776306,mt_rule_direction,1,61
1,P2:test:346,,contraposition:valid,11,,60,test,P2,60,21.613073468208313,cp_direction,1,60
1,P2:test:368,,contraposition:valid,11,,60,test,P2,60,18.777992844581604,cp_consequent_polarity,1,60
1,P2:test:436,,modus_tollens:valid,11,,60,test,P2,60,11.325035572052002,mt_query_polarity,1,60
1,P2:test:442,,contraposition:valid,11,,60,test,P2,60,21.01465878635645,cp_direction,1,60
1,P2:test:76,,modus_tollens:valid,11,,60,test,P2,60,12.741083145141602,mt_query_polarity,1,60
1,P2:test:30,,contraposition:valid,11,,60,test,P2,60,19.168457746505737,cp_antecedent_polarity,1,60
1,P2:test:651,,modus_tollens:invalid,11,,61,test,P2,61,27.37010145187378,mt_rule_direction,1,61
1,P2:test:508,,modus_tollens:valid,11,,60,test,P2,60,9.821491718292236,mt_query_polarity,1,60
1,P2:test:241,,modus_tollens:invalid,11,,61,test,P2,61,26.936583757400513,mt_fact_polarity,1,61
1,P2:test:69,,contraposition:invalid,11,,61,test,P2,61,27.062880039215088,cp_consequent_polarity,1,61
1,P2:test:576,,modus_tollens:valid,11,,60,test,P2,60,13.92503309249878,mt_fact_polarity,1,60
1,P2:test:195,,modus_tollens:invalid,11,,61,test,P2,61,22.07428914308548,mt_rule_direction,1,61
1,P2:test:711,,modus_tollens:invalid,11,,61,test,P2,61,25.223553895950317,mt_rule_direction,1,61
1,P2:test:295,,contraposition:invalid,11,,61,test,P2,61,18.212278842926025,cp_antecedent_polarity,1,61
1,P2:test:756,,modus_tollens:valid,11,,60,test,P2,60,10.185383796691895,mt_fact_polarity,1,60
1,P2:test:757,,modus_tollens:invalid,11,,61,test,P2,61,30.036493062973022,mt_fact_polarity,1,61
1,P2:test:536,,contraposition:valid,11,,60,test,P2,60,21.13876497745514,cp_consequent_polarity,1,60
1,P2:test:55,,contraposition:invalid,11,,61,test,P2,61,22.37173819541931,cp_antecedent_polarity,1,61
1,P2:test:216,,modus_tollens:valid,11,,60,test,P2,60,12.693426132202148,mt_fact_polarity,1,60
1,P2:test:161,,modus_tollens:invalid,11,,61,test,P2,61,29.43651270866394,mt_query_polarity,1,61
1,P2:test:36,,modus_tollens:valid,11,,60,test,P2,60,15.295964241027832,mt_fact_polarity,1,60
1,P2:test:507,,modus_tollens:invalid,11,,61,test,P2,61,20.647147059440613,mt_rule_direction,1,61
1,P2:test:685,,modus_tollens:invalid,11,,61,test,P2,61,31.44123077392578,mt_fact_polarity,1,61
1,P2:test:448,,modus_tollens:valid,11,,60,test,P2,60,9.477564811706543,mt_query_polarity,1,60
1,P2:test:147,,modus_tollens:invalid,11,,61,test,P2,61,16.733747482299805,mt_rule_direction,1,61
1,P2:test:17,,modus_tollens:invalid,11,,61,test,P2,61,29.823230981826782,mt_query_polarity,1,61
1,P2:test:420,,modus_tollens:valid,11,,60,test,P2,60,8.436970710754395,mt_fact_polarity,1,60
1,P2:test:203,,contraposition:invalid,11,,61,test,P2,61,14.871719360351562,cp_direction,1,61
1,P2:test:372,,modus_tollens:valid,11,,60,test,P2,60,10.367376327514648,mt_fact_polarity,1,60
1,P2:test:388,,modus_tollens:valid,11,,60,test,P2,60,13.235907554626465,mt_query_polarity,1,60
1,P2:test:283,,contraposition:invalid,11,,61,test,P2,61,19.272783279418945,cp_antecedent_polarity,1,61
1,P2:test:627,,modus_tollens:invalid,11,,61,test,P2,61,20.647147059440613,mt_rule_direction,1,61
1,P2:test:658,,contraposition:valid,11,,60,test,P2,60,15.986337661743164,cp_direction,1,60
1,P2:test:617,,modus_tollens:invalid,11,,61,test,P2,61,30.671387195587158,mt_query_polarity,1,61
1,P2:test:716,,contraposition:valid,11,,60,test,P2,60,21.176122307777405,cp_consequent_polarity,1,60
1,P2:test:355,,contraposition:invalid,11,,61,test,P2,61,24.0110422372818,cp_antecedent_polarity,1,61
1,P2:test:765,,contraposition:invalid,11,,61,test,P2,61,23.73879635334015,cp_consequent_polarity,1,61
1,P2:test:412,,modus_tollens:valid,11,,60,test,P2,60,12.694339752197266,mt_query_polarity,1,60
1,P2:test:280,,modus_tollens:valid,11,,60,test,P2,60,10.463075637817383,mt_query_polarity,1,60
1,P2:test:443,,contraposition:invalid,11,,61,test,P2,61,25.373091757297516,cp_direction,1,61
1,P2:test:744,,modus_tollens:valid,11,,60,test,P2,60,12.951837062835693,mt_fact_polarity,1,60
1,P2:test:198,,contraposition:valid,11,,60,test,P2,60,22.519006729125977,cp_antecedent_polarity,1,60
1,P2:test:80,,contraposition:valid,11,,60,test,P2,60,13.74563455581665,cp_consequent_polarity,1,60
1,P2:test:165,,contraposition:invalid,11,,61,test,P2,61,26.215403079986572,cp_consequent_polarity,1,61
1,P2:test:13,,modus_tollens:invalid,11,,61,test,P2,61,31.379764080047607,mt_fact_polarity,1,61
1,P2:test:154,,contraposition:valid,11,,60,test,P2,60,19.102351903915405,cp_direction,1,60
1,P2:test:145,,modus_tollens:invalid,11,,61,test,P2,61,27.075926423072815,mt_fact_polarity,1,61
1,P2:test:467,,contraposition:invalid,11,,61,test,P2,61,28.91317081451416,cp_direction,1,61
1,P2:test:424,,modus_tollens:valid,11,,60,test,P2,60,14.928916215896606,mt_query_polarity,1,60
1,P2:test:515,,contraposition:invalid,11,,61,test,P2,61,30.76673984527588,cp_direction,1,61
1,P2:test:618,,contraposition:valid,11,,60,test,P2,60,5.515507698059082,cp_antecedent_polarity,1,60
1,P2:test:661,,modus_tollens:invalid,11,,61,test,P2,61,31.953248500823975,mt_fact_polarity,1,61
1,P2:test:130,,contraposition:valid,11,,60,test,P2,60,7.482355117797852,cp_direction,1,60
1,P2:test:478,,contraposition:valid,11,,60,test,P2,60,21.13876497745514,cp_direction,1,60
1,P2:test:698,,modus_tollens:valid,11,,60,test,P2,60,12.728402614593506,mt_rule_direction,1,60
1,P2:test:417,,contraposition:invalid,11,,61,test,P2,61,16.663848400115967,cp_consequent_polarity,1,61
1,P2:test:270,,contraposition:valid,11,,60,test,P2,60,22.90640616416931,cp_antecedent_polarity,1,60
1,P2:test:182,,modus_tollens:valid,11,,60,test,P2,60,8.718117713928223,mt_rule_direction,1,60
1,P2:test:115,,contraposition:invalid,11,,61,test,P2,61,18.61960744857788,cp_antecedent_polarity,1,61
1,P2:test:592,,modus_tollens:valid,11,,60,test,P2,60,10.497313499450684,mt_query_polarity,1,60
1,P2:test:479,,contraposition:invalid,11,,61,test,P2,61,22.484967172145844,cp_direction,1,61
1,P2:test:738,,contraposition:valid,11,,60,test,P2,60,19.542909026145935,cp_antecedent_polarity,1,60
1,P2:test:32,,contraposition:valid,11,,60,test,P2,60,20.410199284553528,cp_consequent_polarity,1,60
1,P2:test:37,,modus_tollens:invalid,11,,61,test,P2,61,29.395464658737183,mt_fact_polarity,1,61
1,P2:test:278,,modus_tollens:valid,11,,60,test,P2,60,8.436970710754395,mt_rule_direction,1,60
1,P2:test:674,,modus_tollens:valid,11,,60,test,P2,60,10.32984209060669,mt_rule_direction,1,60
1,P2:test:669,,contraposition:invalid,11,,61,test,P2,61,22.84407615661621,cp_consequent_polarity,1,61
1,P2:test:614,,modus_tollens:valid,11,,60,test,P2,60,11.173466205596924,mt_rule_direction,1,60
1,P2:test:477,,contraposition:invalid,11,,61,test,P2,61,26.156847715377808,cp_consequent_polarity,1,61
1,P2:test:168,,modus_tollens:valid,11,,60,test,P2,60,13.008142948150635,mt_fact_polarity,1,60
1,P2:test:47,,contraposition:invalid,11,,61,test,P2,61,30.76673984527588,cp_direction,1,61
1,P2:test:305,,modus_tollens:invalid,11,,61,test,P2,61,32.164823055267334,mt_query_polarity,1,61
1,P2:test:586,,contraposition:valid,11,,60,test,P2,60,20.74212896823883,cp_direction,1,60
1,P2:test:413,,modus_tollens:invalid,11,,61,test,P2,61,27.415252208709717,mt_query_polarity,1,61
1,P2:test:541,,modus_tollens:invalid,11,,61,test,P2,61,26.038384079933167,mt_fact_polarity,1,61
1,P2:test:490,,contraposition:valid,11,,60,test,P2,60,7.579505920410156,cp_direction,1,60
1,P2:test:423,,modus_tollens:invalid,11,,61,test,P2,61,22.22683572769165,mt_rule_direction,1,61
1,P2:test:93,,contraposition:invalid,11,,61,test,P2,61,22.16450572013855,cp_consequent_polarity,1,61
1,P2:test:489,,contraposition:invalid,11,,61,test,P2,61,16.663848400115967,cp_consequent_polarity,1,61
1,P2:test:12,,modus_tollens:valid,11,,60,test,P2,60,8.370352745056152,mt_fact_polarity,1,60
1,P2:test:4,,modus_tollens:valid,11,,60,test,P2,60,10.367376327514648,mt_query_polarity,1,60
1,P2:test:173,,modus_tollens:invalid,11,,61,test,P2,61,24.57260058261454,mt_query_polarity,1,61
1,P2:test:739,,contraposition:invalid,11,,61,test,P2,61,24.027164936065674,cp_antecedent_polarity,1,61
1,P2:test:292,,modus_tollens:valid,11,,60,test,P2,60,17.412871599197388,mt_query_polarity,1,60
1,P2:test:570,,contraposition:valid,11,,60,test,P2,60,21.380309462547302,cp_antecedent_polarity,1,60
1,P2:test:324,,modus_tollens:valid,11,,60,test,P2,60,14.915076971054077,mt_fact_polarity,1,60
1,P2:test:334,,contraposition:valid,11,,60,test,P2,60,18.618886947631836,cp_direction,1,60
1,P2:test:758,,modus_tollens:valid,11,,60,test,P2,60,10.657195568084717,mt_rule_direction,1,60
1,P2:test:288,,modus_tollens:valid,11,,60,test,P2,60,15.683308601379395,mt_fact_polarity,1,60
1,P2:test:483,,modus_tollens:invalid,11,,61,test,P2,61,19.0153865814209,mt_rule_direction,1,61
1,P2:test:224,,contraposition:valid,11,,60,test,P2,60,19.102351903915405,cp_consequent_polarity,1,60
1,P2:test:605,,modus_tollens:invalid,11,,61,test,P2,61,27.415252208709717,mt_query_polarity,1,61
1,P2:test:43,,contraposition:invalid,11,,61,test,P2,61,19.031627655029297,cp_antecedent_polarity,1,61
1,P2:test:39,,modus_tollens:invalid,11,,61,test,P2,61,23.297698736190796,mt_rule_direction,1,61
1,P2:test:65,,modus_tollens:invalid,11,,61,test,P2,61,32.12390613555908,mt_query_polarity,1,61
1,P2:test:763,,contraposition:invalid,11,,61,test,P2,61,23.01119637489319,cp_antecedent_polarity,1,61
1,P2:test:110,,modus_tollens:valid,11,,60,test,P2,60,14.902343034744263,mt_rule_direction,1,60
1,P2:test:480,,modus_tollens:valid,11,,60,test,P2,60,13.008142948150635,mt_fact_polarity,1,60
1,P2:test:58,,contraposition:valid,11,,60,test,P2,60,15.509291410446167,cp_direction,1,60
1,P2:test:457,,modus_tollens:invalid,11,,61,test,P2,61,31.32599401473999,mt_fact_polarity,1,61
1,P2:test:227,,contraposition:invalid,11,,61,test,P2,61,27.23814558982849,cp_direction,1,61
1,P2:test:444,,modus_tollens:valid,11,,60,test,P2,60,9.823290824890137,mt_fact_polarity,1,60
1,P2:test:106,,contraposition:valid,11,,60,test,P2,60,18.568687677383423,cp_direction,1,60
1,P2:test:565,,modus_tollens:invalid,11,,61,test,P2,61,25.241858959197998,mt_fact_polarity,1,61
1,P2:test:395,,contraposition:invalid,11,,61,test,P2,61,4.721795082092285,cp_direction,1,61
1,P2:test:666,,contraposition:valid,11,,60,test,P2,60,11.96690320968628,cp_antecedent_polarity,1,60
1,P2:test:384,,modus_tollens:valid,11,,60,test,P2,60,10.335068702697754,mt_fact_polarity,1,60
1,P2:test:204,,modus_tollens:valid,11,,60,test,P2,60,8.316666603088379,mt_fact_polarity,1,60
1,P2:test:348,,modus_tollens:valid,11,,60,test,P2,60,17.45889186859131,mt_fact_polarity,1,60
1,P2:test:481,,modus_tollens:invalid,11,,61,test,P2,61,24.407787442207336,mt_fact_polarity,1,61
1,P2:test:119,,contraposition:invalid,11,,61,test,P2,61,20.97550129890442,cp_direction,1,61
1,P2:test:645,,contraposition:invalid,11,,61,test,P2,61,15.617091655731201,cp_consequent_polarity,1,61
1,P2:test:361,,modus_tollens:invalid,11,,61,test,P2,61,31.841286182403564,mt_fact_polarity,1,61
1,P2:test:499,,contraposition:invalid,11,,61,test,P2,61,19.053061962127686,cp_antecedent_polarity,1,61
1,P2:test:474,,contraposition:valid,11,,60,test,P2,60,17.350185871124268,cp_antecedent_polarity,1,60
1,P2:test:254,,modus_tollens:valid,11,,60,test,P2,60,12.720808982849121,mt_rule_direction,1,60
1,P2:test:676,,modus_tollens:valid,11,,60,test,P2,60,13.836136817932129,mt_query_polarity,1,60
1,P2:test:641,,modus_tollens:invalid,11,,61,test,P2,61,29.307779788970947,mt_query_polarity,1,61
1,P2:test:682,,contraposition:valid,11,,60,test,P2,60,21.390831023454666,cp_direction,1,60
1,P2:test:284,,contraposition:valid,11,,60,test,P2,60,21.29345977306366,cp_consequent_polarity,1,60
1,P2:test:238,,contraposition:valid,11,,60,test,P2,60,21.593850553035736,cp_direction,1,60
1,P2:test:249,,contraposition:invalid,11,,61,test,P2,61,24.74137657880783,cp_consequent_polarity,1,61
1,P2:test:366,,contraposition:valid,11,,60,test,P2,60,17.24817419052124,cp_antecedent_polarity,1,60
1,P2:test:22,,contraposition:valid,11,,60,test,P2,60,19.374794483184814,cp_direction,1,60
1,P2:test:564,,modus_tollens:valid,11,,60,test,P2,60,10.335068702697754,mt_fact_polarity,1,60
1,P2:test:188,,contraposition:valid,11,,60,test,P2,60,7.243389129638672,cp_consequent_polarity,1,60
1,P2:test:70,,contraposition:valid,11,,60,test,P2,60,18.41449761390686,cp_direction,1,60
0,P2:test:83,,contraposition:invalid,11,,60,test,P2,61,-0.7072505950927734,cp_direction,0,60
1,P2:test:129,,contraposition:invalid,11,,61,test,P2,61,22.23119020462036,cp_consequent_polarity,1,61
1,P2:test:595,,contraposition:invalid,11,,61,test,P2,61,22.317137718200684,cp_antecedent_polarity,1,61
1,P2:test:60,,modus_tollens:valid,11,,60,test,P2,60,11.735770225524902,mt_fact_polarity,1,60
1,P2:test:312,,modus_tollens:valid,11,,60,test,P2,60,16.10888147354126,mt_fact_polarity,1,60
1,P2:test:109,,modus_tollens:invalid,11,,61,test,P2,61,32.19229459762573,mt_fact_polarity,1,61
1,P2:test:289,,modus_tollens:invalid,11,,61,test,P2,61,31.338073253631592,mt_fact_polarity,1,61
1,P2:test:96,,modus_tollens:valid,11,,60,test,P2,60,10.35612678527832,mt_fact_polarity,1,60
1,P2:test:622,,contraposition:valid,11,,60,test,P2,60,7.971010208129883,cp_direction,1,60
1,P2:test:91,,contraposition:invalid,11,,61,test,P2,61,22.588269472122192,cp_antecedent_polarity,1,61
1,P2:test:562,,contraposition:valid,11,,60,test,P2,60,22.707861721515656,cp_direction,1,60
1,P2:test:73,,modus_tollens:invalid,11,,61,test,P2,61,30.146251916885376,mt_fact_polarity,1,61
1,P2:test:689,,modus_tollens:invalid,11,,61,test,P2,61,25.295640766620636,mt_query_polarity,1,61
1,P2:test:6,,contraposition:valid,11,,60,test,P2,60,7.971010208129883,cp_antecedent_polarity,1,60
1,P2:test:568,,modus_tollens:valid,11,,60,test,P2,60,11.018108367919922,mt_query_polarity,1,60
1,P2:test:521,,modus_tollens:invalid,11,,61,test,P2,61,31.409258365631104,mt_query_polarity,1,61
1,P2:test:220,,modus_tollens:valid,11,,60,test,P2,60,12.408495426177979,mt_query_polarity,1,60
1,P2:test:401,,modus_tollens:invalid,11,,61,test,P2,61,30.118736267089844,mt_query_polarity,1,61
1,P2:test:291,,modus_tollens:invalid,11,,61,test,P2,61,21.427244931459427,mt_rule_direction,1,61
1,P2:test:705,,contraposition:invalid,11,,61,test,P2,61,26.215403079986572,cp_consequent_polarity,1,61
1,P2:test:587,,contraposition:invalid,11,,61,test,P2,61,3.915163040161133,cp_direction,1,61
1,P2:test:668,,contraposition:valid,11,,60,test,P2,60,15.272673606872559,cp_consequent_polarity,1,60
1,P2:test:155,,contraposition:invalid,11,,61,test,P2,61,16.002594470977783,cp_direction,1,61
0,P2:test:351,,modus_tollens:invalid,11,,60,test,P2,61,-10.31149435043335,mt_rule_direction,0,60
1,P2:test:750,,contraposition:valid,11,,60,test,P2,60,21.85203367471695,cp_antecedent_polarity,1,60
1,P2:test:180,,modus_tollens:valid,11,,60,test,P2,60,10.185383796691895,mt_fact_polarity,1,60
1,P2:test:504,,modus_tollens:valid,11,,60,test,P2,60,12.821621894836426,mt_fact_polarity,1,60
1,P2:test:421,,modus_tollens:invalid,11,,61,test,P2,61,30.488444328308105,mt_fact_polarity,1,61
1,P2:test:719,,contraposition:invalid,11,,61,test,P2,61,27.688657999038696,cp_direction,1,61
1,P2:test:533,,modus_tollens:invalid,11,,61,test,P2,61,30.115649700164795,mt_query_polarity,1,61
1,P2:test:67,,contraposition:invalid,11,,61,test,P2,61,22.2868754863739,cp_antecedent_polarity,1,61
1,P2:test:735,,modus_tollens:invalid,11,,61,test,P2,61,22.248814033344388,mt_rule_direction,1,61
1,P2:test:230,,modus_tollens:valid,11,,60,test,P2,60,15.165575504302979,mt_rule_direction,1,60
1,P2:test:345,,contraposition:invalid,11,,61,test,P2,61,23.79281795024872,cp_consequent_polarity,1,61
1,P2:test:531,,modus_tollens:invalid,11,,61,test,P2,61,20.169145226478577,mt_rule_direction,1,61
1,P2:test:318,,contraposition:valid,11,,60,test,P2,60,20.20748919248581,cp_antecedent_polarity,1,60
1,P2:test:200,,contraposition:valid,11,,60,test,P2,60,19.340752959251404,cp_consequent_polarity,1,60
1,P2:test:89,,modus_tollens:invalid,11,,61,test,P2,61,26.84882354736328,mt_query_polarity,1,61
1,P2:test:132,,modus_tollens:valid,11,,60,test,P2,60,11.812456130981445,mt_fact_polarity,1,60
1,P2:test:223,,contraposition:invalid,11,,61,test,P2,61,25.77210235595703,cp_antecedent_polarity,1,61
1,P2:test:461,,modus_tollens:invalid,11,,61,test,P2,61,27.471827268600464,mt_query_polarity,1,61
1,P2:test:699,,modus_tollens:invalid,11,,61,test,P2,61,15.761030197143555,mt_rule_direction,1,61
1,P2:test:703,,contraposition:invalid,11,,61,test,P2,61,18.267406463623047,cp_antecedent_polarity,1,61
1,P2:test:598,,contraposition:valid,11,,60,test,P2,60,15.362256526947021,cp_direction,1,60
1,P2:test:151,,contraposition:invalid,11,,61,test,P2,61,16.28680992126465,cp_antecedent_polarity,1,61
1,P2:test:754,,contraposition:valid,11,,60,test,P2,60,21.728781819343567,cp_direction,1,60
1,P2:test:320,,contraposition:valid,11,,60,test,P2,60,22.595520436763763,cp_consequent_polarity,1,60
1,P2:test:339,,modus_tollens:invalid,11,,61,test,P2,61,22.06697914004326,mt_rule_direction,1,61
1,P2:test:77,,modus_tollens:invalid,11,,61,test,P2,61,31.30494976043701,mt_query_polarity,1,61
1,P2:test:506,,modus_tollens:valid,11,,60,test,P2,60,14.896196603775024,mt_rule_direction,1,60
1,P2:test:234,,contraposition:valid,11,,60,test,P2,60,21.380309462547302,cp_antecedent_polarity,1,60
1,P2:test:525,,contraposition:invalid,11,,61,test,P2,61,15.825291633605957,cp_consequent_polarity,1,61
1,P2:test:653,,modus_tollens:invalid,11,,61,test,P2,61,27.255924940109253,mt_query_polarity,1,61
1,P2:test:475,,contraposition:invalid,11,,61,test,P2,61,26.019800186157227,cp_antecedent_polarity,1,61
1,P2:test:266,,modus_tollens:valid,11,,60,test,P2,60,12.340530395507812,mt_rule_direction,1,60
1,P2:test:367,,contraposition:invalid,11,,61,test,P2,61,19.090913772583008,cp_antecedent_polarity,1,61
1,P2:test:755,,contraposition:invalid,11,,61,test,P2,61,30.506946563720703,cp_direction,1,61
1,P2:test:468,,modus_tollens:valid,11,,60,test,P2,60,14.912415504455566,mt_fact_polarity,1,60
1,P2:test:712,,modus_tollens:valid,11,,60,test,P2,60,12.694339752197266,mt_query_polarity,1,60
1,P2:test:560,,contraposition:valid,11,,60,test,P2,60,19.39064931869507,cp_consequent_polarity,1,60
1,P2:test:171,,modus_tollens:invalid,11,,61,test,P2,61,9.512125968933105,mt_rule_direction,1,61
1,P2:test:337,,modus_tollens:invalid,11,,61,test,P2,61,23.925590217113495,mt_fact_polarity,1,61
1,P2:test:450,,contraposition:valid,11,,60,test,P2,60,22.05598145723343,cp_antecedent_polarity,1,60
1,P2:test:621,,contraposition:invalid,11,,61,test,P2,61,23.898826718330383,cp_consequent_polarity,1,61
1,P2:test:215,,contraposition:invalid,11,,61,test,P2,61,0.23954486846923828,cp_direction,1,61
1,P2:test:102,,contraposition:valid,11,,60,test,P2,60,16.630797863006592,cp_antecedent_polarity,1,60
1,P2:test:740,,contraposition:valid,11,,60,test,P2,60,21.728781819343567,cp_consequent_polarity,1,60
1,P2:test:181,,modus_tollens:invalid,11,,61,test,P2,61,30.35401487350464,mt_fact_polarity,1,61
1,P2:test:178,,contraposition:valid,11,,60,test,P2,60,16.387768983840942,cp_direction,1,60
1,P2:test:488,,contraposition:valid,11,,60,test,P2,60,15.509291410446167,cp_consequent_polarity,1,60
1,P2:test:700,,modus_tollens:valid,11,,60,test,P2,60,13.008142948150635,mt_query_polarity,1,60
1,P2:test:440,,contraposition:valid,11,,60,test,P2,60,19.374794483184814,cp_consequent_polarity,1,60
1,P2:test:209,,modus_tollens:invalid,11,,61,test,P2,61,29.823230981826782,mt_query_polarity,1,61
1,P2:test:269,,modus_tollens:invalid,11,,61,test,P2,61,24.694203436374664,mt_query_polarity,1,61
1,P2:test:583,,contraposition:invalid,11,,61,test,P2,61,24.228567361831665,cp_antecedent_polarity,1,61
1,P2:test:81,,contraposition:invalid,11,,61,test,P2,61,23.05324649810791,cp_consequent_polarity,1,61
1,P2:test:127,,contraposition:invalid,11,,61,test,P2,61,15.778669834136963,cp_antecedent_polarity,1,61
1,P2:test:460,,modus_tollens:valid,11,,60,test,P2,60,12.803342342376709,mt_query_polarity,1,60
1,P2:test:329,,modus_tollens:invalid,11,,61,test,P2,61,30.16832208633423,mt_query_polarity,1,61
1,P2:test:185,,modus_tollens:invalid,11,,61,test,P2,61,32.164823055267334,mt_query_polarity,1,61
1,P2:test:347,,contraposition:invalid,11,,61,test,P2,61,29.36733388900757,cp_direction,1,61
1,P2:test:726,,contraposition:valid,11,,60,test,P2,60,21.205746203660965,cp_antecedent_polarity,1,60
1,P2:test:551,,contraposition:invalid,11,,61,test,P2,61,29.37657880783081,cp_direction,1,61
1,P2:test:71,,contraposition:invalid,11,,61,test,P2,61,29.66530418395996,cp_direction,1,61
1,P2:test:259,,contraposition:invalid,11,,61,test,P2,61,23.893469393253326,cp_antecedent_polarity,1,61
1,P2:test:544,,modus_tollens:valid,11,,60,test,P2,60,10.35612678527832,mt_query_polarity,1,60
1,P2:test:158,,modus_tollens:valid,11,,60,test,P2,60,10.618273735046387,mt_rule_direction,1,60
1,P2:test:265,,modus_tollens:invalid,11,,61,test,P2,61,19.275092363357544,mt_fact_polarity,1,61
1,P2:test:306,,contraposition:valid,11,,60,test,P2,60,17.350185871124268,cp_antecedent_polarity,1,60
1,P2:test:709,,modus_tollens:invalid,11,,61,test,P2,61,26.5653745085001,mt_fact_polarity,1,61
1,P2:test:486,,contraposition:valid,11,,60,test,P2,60,20.03620230499655,cp_antecedent_polarity,1,60
1,P2:test:487,,contraposition:invalid,11,,61,test,P2,61,25.77210235595703,cp_antecedent_polarity,1,61
1,P2:test:426,,contraposition:valid,11,,60,test,P2,60,19.637202501296997,cp_antecedent_polarity,1,60
1,P2:test:648,,modus_tollens:valid,11,,60,test,P2,60,17.40137529373169,mt_fact_polarity,1,60
1,P2:test:610,,contraposition:valid,11,,60,test,P2,60,19.168457746505737,cp_direction,1,60
1,P2:test:274,,contraposition:valid,11,,60,test,P2,60,19.153283834457397,cp_direction,1,60
1,P2:test:667,,contraposition:invalid,11,,61,test,P2,61,24.099745512008667,cp_antecedent_polarity,1,61
1,P2:test:556,,modus_tollens:valid,11,,60,test,P2,60,17.40821623802185,mt_query_polarity,1,60
1,P2:test:61,,modus_tollens:invalid,11,,61,test,P2,61,31.92558765411377,mt_fact_polarity,1,61
1,P2:test:314,,modus_tollens:valid,11,,60,test,P2,60,12.065404891967773,mt_rule_direction,1,60
1,P2:test:354,,contraposition:valid,11,,60,test,P2,60,22.686049222946167,cp_antecedent_polarity,1,60
1,P2:test:253,,modus_tollens:invalid,11,,61,test,P2,61,31.59076738357544,mt_fact_polarity,1,61
1,P2:test:16,,modus_tollens:valid,11,,60,test,P2,60,8.1921968460083,mt_query_polarity,1,60
1,P2:test:196,,modus_tollens:valid,11,,60,test,P2,60,14.887079238891602,mt_query_polarity,1,60
1,P2:test:435,,modus_tollens:invalid,11,,61,test,P2,61,25.685733795166016,mt_rule_direction,1,61
1,P2:test:599,,contraposition:invalid,11,,61,test,P2,61,25.71558380126953,cp_direction,1,61
1,P2:test:293,,modus_tollens:invalid,11,,61,test,P2,61,30.197945594787598,mt_query_polarity,1,61
1,P2:test:492,,modus_tollens:valid,11,,60,test,P2,60,13.096434593200684,mt_fact_polarity,1,60
1,P2:test:294,,contraposition:valid,11,,60,test,P2,60,20.03620230499655,cp_antecedent_polarity,1,60
1,P2:test:95,,contraposition:invalid,11,,61,test,P2,61,8.620940208435059,cp_direction,1,61
1,P2:test:620,,contraposition:valid,11,,60,test,P2,60,21.205746203660965,cp_consequent_polarity,1,60
1,P2:test:399,,modus_tollens:invalid,11,,61,test,P2,61,19.872398853302002,mt_rule_direction,1,61
1,P2:test:673,,modus_tollens:invalid,11,,61,test,P2,61,30.46167278289795,mt_fact_polarity,1,61
1,P2:test:321,,contraposition:invalid,11,,61,test,P2,61,14.317401885986328,cp_consequent_polarity,1,61
1,P2:test:379,,contraposition:invalid,11,,61,test,P2,61,23.18448293209076,cp_antecedent_polarity,1,61
1,P2:test:745,,modus_tollens:invalid,11,,61,test,P2,61,30.166348457336426,mt_fact_polarity,1,61
1,P2:test:572,,contraposition:valid,11,,60,test,P2,60,21.967786073684692,cp_consequent_polarity,1,60
1,P2:test:242,,modus_tollens:valid,11,,60,test,P2,60,12.065404891967773,mt_rule_direction,1,60
1,P2:test:256,,modus_tollens:valid,11,,60,test,P2,60,12.626807689666748,mt_query_polarity,1,60
1,P2:test:518,,modus_tollens:valid,11,,60,test,P2,60,12.417273998260498,mt_rule_direction,1,60
1,P2:test:225,,contraposition:invalid,11,,61,test,P2,61,13.213935375213623,cp_consequent_polarity,1,61
1,P2:test:3,,modus_tollens:invalid,11,,61,test,P2,61,27.476949214935303,mt_rule_direction,1,61
1,P2:test:207,,modus_tollens:invalid,11,,61,test,P2,61,10.379942893981934,mt_rule_direction,1,61
1,P2:test:729,,contraposition:invalid,11,,61,test,P2,61,15.184747695922852,cp_consequent_polarity,1,61
1,P2:test:633,,contraposition:invalid,11,,61,test,P2,61,14.019067287445068,cp_consequent_polarity,1,61
1,P2:test:702,,contraposition:valid,11,,60,test,P2,60,19.88583731651306,cp_antecedent_polarity,1,60
1,P2:test:701,,modus_tollens:invalid,11,,61,test,P2,61,31.642809867858887,mt_query_polarity,1,61
1,P2:test:548,,contraposition:valid,11,,60,test,P2,60,21.593850553035736,cp_consequent_polarity,1,60
1,P2:test:141,,contraposition:invalid,11,,61,test,P2,61,15.966090202331543,cp_consequent_polarity,1,61
1,P2:test:409,,modus_tollens:invalid,11,,61,test,P2,61,31.3034725189209,mt_fact_polarity,1,61
1,P2:test:733,,modus_tollens:invalid,11,,61,test,P2,61,31.44123077392578,mt_fact_polarity,1,61
1,P2:test:268,,modus_tollens:valid,11,,60,test,P2,60,12.417273998260498,mt_query_polarity,1,60
1,P2:test:260,,contraposition:valid,11,,60,test,P2,60,15.272673606872559,cp_consequent_polarity,1,60
1,P2:test:455,,contraposition:invalid,11,,61,test,P2,61,11.25193977355957,cp_direction,1,61
1,P2:test:502,,contraposition:valid,11,,60,test,P2,60,13.585151672363281,cp_direction,1,60
1,P2:test:144,,modus_tollens:valid,11,,60,test,P2,60,14.970953941345215,mt_fact_polarity,1,60
1,P2:test:496,,modus_tollens:valid,11,,60,test,P2,60,9.110179901123047,mt_query_polarity,1,60
1,P2:test:637,,modus_tollens:invalid,11,,61,test,P2,61,30.9376859664917,mt_fact_polarity,1,61
1,P2:test:721,,modus_tollens:invalid,11,,61,test,P2,61,30.036493062973022,mt_fact_polarity,1,61
1,P2:test:520,,modus_tollens:valid,11,,60,test,P2,60,9.477564811706543,mt_query_polarity,1,60
1,P2:test:231,,modus_tollens:invalid,11,,61,test,P2,61,25.45567226409912,mt_rule_direction,1,61
1,P2:test:275,,contraposition:invalid,11,,61,test,P2,61,27.847818613052368,cp_direction,1,61
1,P2:test:451,,contraposition:invalid,11,,61,test,P2,61,23.18448293209076,cp_antecedent_polarity,1,61
1,P2:test:547,,contraposition:invalid,11,,61,test,P2,61,16.808992862701416,cp_antecedent_polarity,1,61
1,P2:test:418,,contraposition:valid,11,,60,test,P2,60,7.581823348999023,cp_direction,1,60
1,P2:test:139,,contraposition:invalid,11,,61,test,P2,61,23.893469393253326,cp_antecedent_polarity,1,61
1,P2:test:433,,modus_tollens:invalid,11,,61,test,P2,61,31.631871223449707,mt_fact_polarity,1,61
1,P2:test:28,,modus_tollens:valid,11,,60,test,P2,60,12.727970600128174,mt_query_polarity,1,60
1,P2:test:124,,modus_tollens:valid,11,,60,test,P2,60,16.10888147354126,mt_query_polarity,1,60
1,P2:test:343,,contraposition:invalid,11,,61,test,P2,61,23.089165210723877,cp_antecedent_polarity,1,61
1,P2:test:542,,modus_tollens:valid,11,,60,test,P2,60,14.902343034744263,mt_rule_direction,1,60
1,P2:test:131,,contraposition:invalid,11,,61,test,P2,61,13.84614372253418,cp_direction,1,61
1,P2:test:349,,modus_tollens:invalid,11,,61,test,P2,61,24.61544269323349,mt_fact_polarity,1,61
1,P2:test:315,,modus_tollens:invalid,11,,61,test,P2,61,24.863551378250122,mt_rule_direction,1,61
1,P2:test:683,,contraposition:invalid,11,,61,test,P2,61,28.830313682556152,cp_direction,1,61
1,P2:test:751,,contraposition:invalid,11,,61,test,P2,61,25.508076429367065,cp_antecedent_polarity,1,61
1,P2:test:550,,contraposition:valid,11,,60,test,P2,60,15.989295244216919,cp_direction,1,60
1,P2:test:111,,modus_tollens:invalid,11,,61,test,P2,61,18.30000615119934,mt_rule_direction,1,61
1,P2:test:327,,modus_tollens:invalid,11,,61,test,P2,61,16.26873803138733,mt_rule_direction,1,61
1,P2:test:121,,modus_tollens:invalid,11,,61,test,P2,61,26.604595959186554,mt_fact_polarity,1,61
1,P2:test:588,,modus_tollens:valid,11,,60,test,P2,60,12.783881664276123,mt_fact_polarity,1,60
1,P2:test:728,,contraposition:valid,11,,60,test,P2,60,19.88583731651306,cp_consequent_polarity,1,60
1,P2:test:257,,modus_tollens:invalid,11,,61,test,P2,61,28.893131017684937,mt_query_polarity,1,61
1,P2:test:192,,modus_tollens:valid,11,,60,test,P2,60,8.254144668579102,mt_fact_polarity,1,60
1,P2:test:107,,contraposition:invalid,11,,61,test,P2,61,29.37657880783081,cp_direction,1,61
1,P2:test:428,,contraposition:valid,11,,60,test,P2,60,18.72793483734131,cp_consequent_polarity,1,60
1,P2:test:578,,modus_tollens:valid,11,,60,test,P2,60,15.315643310546875,mt_rule_direction,1,60
1,P2:test:406,,contraposition:valid,11,,60,test,P2,60,17.24817419052124,cp_direction,1,60
1,P2:test:105,,contraposition:invalid,11,,61,test,P2,61,13.7355318069458,cp_consequent_polarity,1,61
1,P2:test:760,,modus_tollens:valid,11,,60,test,P2,60,8.311153411865234,mt_query_polarity,1,60
1,P2:test:670,,contraposition:valid,11,,60,test,P2,60,15.362256526947021,cp_direction,1,60
1,P2:test:514,,contraposition:valid,11,,60,test,P2,60,15.871736526489258,cp_direction,1,60
1,P2:test:136,,modus_tollens:valid,11,,60,test,P2,60,15.953002452850342,mt_query_polarity,1,60
1,P2:test:309,,contraposition:invalid,11,,61,test,P2,61,11.071022987365723,cp_consequent_polarity,1,61
1,P2:test:56,,contraposition:valid,11,,60,test,P2,60,9.524345397949219,cp_consequent_polarity,1,60
1,P2:test:150,,contraposition:valid,11,,60,test,P2,60,7.243389129638672,cp_antecedent_polarity,1,60
1,P2:test:84,,modus_tollens:valid,11,,60,test,P2,60,8.436970710754395,mt_fact_polarity,1,60
1,P2:test:146,,modus_tollens:valid,11,,60,test,P2,60,9.823290824890137,mt_rule_direction,1,60
1,P2:test:164,,contraposition:valid,11,,60,test,P2,60,10.935810565948486,cp_consequent_polarity,1,60
1,P2:test:262,,contraposition:valid,11,,60,test,P2,60,21.29345977306366,cp_direction,1,60
1,P2:test:78,,contraposition:valid,11,,60,test,P2,60,21.205746203660965,cp_antecedent_polarity,1,60
1,P2:test:163,,contraposition:invalid,11,,61,test,P2,61,18.212278842926025,cp_antecedent_polarity,1,61
1,P2:test:498,,contraposition:valid,11,,60,test,P2,60,7.581826210021973,cp_antecedent_polarity,1,60
1,P2:test:193,,modus_tollens:invalid,11,,61,test,P2,61,26.38047754764557,mt_fact_polarity,1,61
1,P2:test:385,,modus_tollens:invalid,11,,61,test,P2,61,31.488861083984375,mt_fact_polarity,1,61
1,P2:test:606,,contraposition:valid,11,,60,test,P2,60,8.585609436035156,cp_antecedent_polarity,1,60
1,P2:test:663,,modus_tollens:invalid,11,,61,test,P2,61,21.426929518580437,mt_rule_direction,1,61
1,P2:test:613,,modus_tollens:invalid,11,,61,test,P2,61,24.712173707783222,mt_fact_polarity,1,61
1,P2:test:251,,contraposition:invalid,11,,61,test,P2,61,8.400588989257812,cp_direction,1,61
1,P2:test:298,,contraposition:valid,11,,60,test,P2,60,20.366988122463226,cp_direction,1,60
1,P2:test:546,,contraposition:valid,11,,60,test,P2,60,11.359635353088379,cp_antecedent_polarity,1,60
1,P2:test:591,,modus_tollens:invalid,11,,61,test,P2,61,22.561340630054474,mt_rule_direction,1,61
1,P2:test:331,,contraposition:invalid,11,,61,test,P2,61,21.923555612564087,cp_antecedent_polarity,1,61
1,P2:test:557,,modus_tollens:invalid,11,,61,test,P2,61,25.613340139389038,mt_query_polarity,1,61
1,P2:test:319,,contraposition:invalid,11,,61,test,P2,61,25.77210235595703,cp_antecedent_polarity,1,61
1,P2:test:458,,modus_tollens:valid,11,,60,test,P2,60,13.008142948150635,mt_rule_direction,1,60
1,P2:test:328,,modus_tollens:valid,11,,60,test,P2,60,9.420778274536133,mt_query_polarity,1,60
1,P2:test:340,,modus_tollens:valid,11,,60,test,P2,60,11.70652151107788,mt_query_polarity,1,60
1,P2:test:9,,contraposition:invalid,11,,61,test,P2,61,15.857651710510254,cp_consequent_polarity,1,61
1,P2:test:608,,contraposition:valid,11,,60,test,P2,60,15.509291410446167,cp_consequent_polarity,1,60
1,P2:test:590,,modus_tollens:valid,11,,60,test,P2,60,14.780159711837769,mt_rule_direction,1,60
1,P2:test:92,,contraposition:valid,11,,60,test,P2,60,21.728781819343567,cp_consequent_polarity,1,60
1,P2:test:101,,modus_tollens:invalid,11,,61,test,P2,61,30.115649700164795,mt_query_polarity,1,61
1,P2:test:44,,contraposition:valid,11,,60,test,P2,60,23.30197787284851,cp_consequent_polarity,1,60
1,P2:test:634,,contraposition:valid,11,,60,test,P2,60,18.568687677383423,cp_direction,1,60
1,P2:test:630,,contraposition:valid,11,,60,test,P2,60,22.519006729125977,cp_antecedent_polarity,1,60
1,P2:test:64,,modus_tollens:valid,11,,60,test,P2,60,12.821621894836426,mt_query_polarity,1,60
1,P2:test:687,,modus_tollens:invalid,11,,61,test,P2,61,22.091694831848145,mt_rule_direction,1,61
1,P2:test:88,,modus_tollens:valid,11,,60,test,P2,60,10.91091537475586,mt_query_polarity,1,60
1,P2:test:626,,modus_tollens:valid,11,,60,test,P2,60,13.836136817932129,mt_rule_direction,1,60
1,P2:test:167,,contraposition:invalid,11,,61,test,P2,61,29.072945594787598,cp_direction,1,61
1,P2:test:41,,modus_tollens:invalid,11,,61,test,P2,61,30.30381488800049,mt_query_polarity,1,61
1,P2:test:142,,contraposition:valid,11,,60,test,P2,60,19.737711012363434,cp_direction,1,60
1,P2:test:759,,modus_tollens:invalid,11,,61,test,P2,61,22.233950786292553,mt_rule_direction,1,61
1,P2:test:303,,modus_tollens:invalid,11,,61,test,P2,61,18.982179522514343,mt_rule_direction,1,61
1,P2:test:10,,contraposition:valid,11,,60,test,P2,60,18.9912166595459,cp_direction,1,60
1,P2:test:416,,contraposition:valid,11,,60,test,P2,60,22.17016252875328,cp_consequent_polarity,1,60
1,P2:test:510,,contraposition:valid,11,,60,test,P2,60,20.74212896823883,cp_antecedent_polarity,1,60
1,P2:test:125,,modus_tollens:invalid,11,,61,test,P2,61,27.484774112701416,mt_query_polarity,1,61
1,P2:test:466,,contraposition:valid,11,,60,test,P2,60,21.13876497745514,cp_direction,1,60
1,P2:test:358,,contraposition:valid,11,,60,test,P2,60,11.359635353088379,cp_direction,1,60
1,P2:test:341,,modus_tollens:invalid,11,,61,test,P2,61,30.307471752166748,mt_query_polarity,1,61
1,P2:test:46,,contraposition:valid,11,,60,test,P2,60,23.30197787284851,cp_direction,1,60
1,P2:test:310,,contraposition:valid,11,,60,test,P2,60,19.39064931869507,cp_direction,1,60
1,P2:test:404,,contraposition:valid,11,,60,test,P2,60,7.971010208129883,cp_consequent_polarity,1,60
1,P2:test:153,,contraposition:invalid,11,,61,test,P2,61,23.116442918777466,cp_consequent_polarity,1,61
1,P2:test:688,,modus_tollens:valid,11,,60,test,P2,60,12.780488967895508,mt_query_polarity,1,60
1,P2:test:398,,modus_tollens:valid,11,,60,test,P2,60,11.173466205596924,mt_rule_direction,1,60
1,P2:test:456,,modus_tollens:valid,11,,60,test,P2,60,15.295963287353516,mt_fact_polarity,1,60
1,P2:test:239,,contraposition:invalid,11,,61,test,P2,61,30.03639316558838,cp_direction,1,61
1,P2:test:657,,contraposition:invalid,11,,61,test,P2,61,23.75350320339203,cp_consequent_polarity,1,61
1,P2:test:34,,contraposition:valid,11,,60,test,P2,60,19.176844358444214,cp_direction,1,60
1,P2:test:25,,modus_tollens:invalid,11,,61,test,P2,61,32.11406183242798,mt_fact_polarity,1,61
1,P2:test:422,,modus_tollens:valid,11,,60,test,P2,60,14.887079238891602,mt_rule_direction,1,60
1,P2:test:233,,modus_tollens:invalid,11,,61,test,P2,61,25.887964129447937,mt_query_polarity,1,61
1,P2:test:600,,modus_tollens:valid,11,,60,test,P2,60,12.417273998260498,mt_fact_polarity,1,60
1,P2:test:174,,contraposition:valid,11,,60,test,P2,60,6.4638471603393555,cp_antecedent_polarity,1,60
1,P2:test:737,,modus_tollens:invalid,11,,61,test,P2,61,27.15231418609619,mt_query_polarity,1,61
1,P2:test:429,,contraposition:invalid,11,,61,test,P2,61,20.59223985671997,cp_consequent_polarity,1,61
1,P2:test:584,,contraposition:valid,11,,60,test,P2,60,22.157412499189377,cp_consequent_polarity,1,60
1,P2:test:415,,contraposition:invalid,11,,61,test,P2,61,18.93546772003174,cp_antecedent_polarity,1,61
1,P2:test:405,,contraposition:invalid,11,,61,test,P2,61,9.614423751831055,cp_consequent_polarity,1,61
1,P2:test:602,,modus_tollens:valid,11,,60,test,P2,60,15.165575504302979,mt_rule_direction,1,60
1,P2:test:500,,contraposition:valid,11,,60,test,P2,60,21.294678330421448,cp_consequent_polarity,1,60
1,P2:test:187,,contraposition:invalid,11,,61,test,P2,61,24.0110422372818,cp_antecedent_polarity,1,61
1,P2:test:152,,contraposition:valid,11,,60,test,P2,60,19.176844358444214,cp_consequent_polarity,1,60
1,P2:test:431,,contraposition:invalid,11,,61,test,P2,61,25.89319109916687,cp_direction,1,61
1,P2:test:664,,modus_tollens:valid,11,,60,test,P2,60,14.938261032104492,mt_query_polarity,1,60
1,P2:test:103,,contraposition:invalid,11,,61,test,P2,61,16.513792037963867,cp_antecedent_polarity,1,61
1,P2:test:697,,modus_tollens:invalid,11,,61,test,P2,61,31.379764080047607,mt_fact_polarity,1,61
1,P2:test:640,,modus_tollens:valid,11,,60,test,P2,60,10.91091537475586,mt_query_polarity,1,60
1,P2:test:390,,contraposition:valid,11,,60,test,P2,60,21.294678330421448,cp_antecedent_polarity,1,60
1,P2:test:632,,contraposition:valid,11,,60,test,P2,60,19.153283834457397,cp_consequent_polarity,1,60
1,P2:test:473,,modus_tollens:invalid,11,,61,test,P2,61,31.30494976043701,mt_query_polarity,1,61
1,P2:test:649,,modus_tollens:invalid,11,,61,test,P2,61,31.918169498443604,mt_fact_polarity,1,61
1,P2:test:162,,contraposition:valid,11,,60,test,P2,60,21.380309462547302,cp_antecedent_polarity,1,60
1,P2:test:635,,contraposition:invalid,11,,61,test,P2,61,26.132305145263672,cp_direction,1,61
1,P2:test:534,,contraposition:valid,11,,60,test,P2,60,21.85203367471695,cp_antecedent_polarity,1,60
1,P2:test:54,,contraposition:valid,11,,60,test,P2,60,22.546316146850586,cp_antecedent_polarity,1,60
1,P2:test:555,,modus_tollens:invalid,11,,61,test,P2,61,10.325664520263672,mt_rule_direction,1,61
1,P2:test:656,,contraposition:valid,11,,60,test,P2,60,11.883550643920898,cp_consequent_polarity,1,60
1,P2:test:650,,modus_tollens:valid,11,,60,test,P2,60,13.235907554626465,mt_rule_direction,1,60
1,P2:test:387,,modus_tollens:invalid,11,,61,test,P2,61,23.42404317855835,mt_rule_direction,1,61
1,P2:test:236,,contraposition:valid,11,,60,test,P2,60,17.350185871124268,cp_consequent_polarity,1,60
1,P2:test:359,,contraposition:invalid,11,,61,test,P2,61,28.05131244659424,cp_direction,1,61
1,P2:test:638,,modus_tollens:valid,11,,60,test,P2,60,15.269439220428467,mt_rule_direction,1,60
1,P2:test:681,,contraposition:invalid,11,,61,test,P2,61,13.7355318069458,cp_consequent_polarity,1,61
1,P2:test:530,,modus_tollens:valid,11,,60,test,P2,60,13.102136135101318,mt_rule_direction,1,60
1,P2:test:527,,contraposition:invalid,11,,61,test,P2,61,25.407888889312744,cp_direction,1,61
1,P2:test:197,,modus_tollens:invalid,11,,61,test,P2,61,28.398435354232788,mt_query_polarity,1,61
1,P2:test:532,,modus_tollens:valid,11,,60,test,P2,60,12.803342342376709,mt_query_polarity,1,60
1,P2:test:581,,modus_tollens:invalid,11,,61,test,P2,61,26.124758064746857,mt_query_polarity,1,61
1,P2:test:45,,contraposition:invalid,11,,61,test,P2,61,16.265706062316895,cp_consequent_polarity,1,61
1,P2:test:114,,contraposition:valid,11,,60,test,P2,60,15.509291410446167,cp_antecedent_polarity,1,60
1,P2:test:523,,contraposition:invalid,11,,61,test,P2,61,18.21737289428711,cp_antecedent_polarity,1,61
1,P2:test:713,,modus_tollens:invalid,11,,61,test,P2,61,28.893131017684937,mt_query_polarity,1,61
1,P2:test:465,,contraposition:invalid,11,,61,test,P2,61,22.265333652496338,cp_consequent_polarity,1,61
1,P2:test:49,,modus_tollens:invalid,11,,61,test,P2,61,31.335947036743164,mt_fact_polarity,1,61
0,P2:test:383,,contraposition:invalid,11,,60,test,P2,61,-9.031721115112305,cp_direction,0,60
1,P2:test:50,,modus_tollens:valid,11,,60,test,P2,60,7.908430099487305,mt_rule_direction,1,60
1,P2:test:14,,modus_tollens:valid,11,,60,test,P2,60,12.784281730651855,mt_rule_direction,1,60
1,P2:test:159,,modus_tollens:invalid,11,,61,test,P2,61,20.515883684158325,mt_rule_direction,1,61
1,P2:test:690,,contraposition:valid,11,,60,test,P2,60,17.350185871124268,cp_antecedent_polarity,1,60
1,P2:test:655,,contraposition:invalid,11,,61,test,P2,61,23.369964122772217,cp_antecedent_polarity,1,61
1,P2:test:85,,modus_tollens:invalid,11,,61,test,P2,61,31.379764080047607,mt_fact_polarity,1,61
1,P2:test:646,,contraposition:valid,11,,60,test,P2,60,24.525525093078613,cp_direction,1,60
1,P2:test:766,,contraposition:valid,11,,60,test,P2,60,15.986337661743164,cp_direction,1,60
1,P2:test:213,,contraposition:invalid,11,,61,test,P2,61,23.416013479232788,cp_consequent_polarity,1,61
1,P2:test:301,,modus_tollens:invalid,11,,61,test,P2,61,27.456784963607788,mt_fact_polarity,1,61
1,P2:test:577,,modus_tollens:invalid,11,,61,test,P2,61,29.448572397232056,mt_fact_polarity,1,61
1,P2:test:580,,modus_tollens:valid,11,,60,test,P2,60,12.69033670425415,mt_query_polarity,1,60
1,P2:test:342,,contraposition:valid,11,,60,test,P2,60,19.542909026145935,cp_antecedent_polarity,1,60
1,P2:test:15,,modus_tollens:invalid,11,,61,test,P2,61,23.319209098815918,mt_rule_direction,1,61
1,P2:test:469,,modus_tollens:invalid,11,,61,test,P2,61,31.015518188476562,mt_fact_polarity,1,61
1,P2:test:285,,contraposition:invalid,11,,61,test,P2,61,18.237647533416748,cp_consequent_polarity,1,61
1,P2:test:26,,modus_tollens:valid,11,,60,test,P2,60,12.783225536346436,mt_rule_direction,1,60
1,P2:test:219,,modus_tollens:invalid,11,,61,test,P2,61,20.520464032888412,mt_rule_direction,1,61
1,P2:test:538,,contraposition:valid,11,,60,test,P2,60,9.5828857421875,cp_direction,1,60
1,P2:test:134,,modus_tollens:valid,11,,60,test,P2,60,14.15079927444458,mt_rule_direction,1,60
1,P2:test:519,,modus_tollens:invalid,11,,61,test,P2,61,24.385915279388428,mt_rule_direction,1,61
1,P2:test:53,,modus_tollens:invalid,11,,61,test,P2,61,31.790171146392822,mt_query_polarity,1,61
1,P2:test:710,,modus_tollens:valid,11,,60,test,P2,60,8.311153411865234,mt_rule_direction,1,60
1,P2:test:350,,modus_tollens:valid,11,,60,test,P2,60,12.065404891967773,mt_rule_direction,1,60
1,P2:test:537,,contraposition:invalid,11,,61,test,P2,61,21.29395031929016,cp_consequent_polarity,1,61
1,P2:test:62,,modus_tollens:valid,11,,60,test,P2,60,9.110179901123047,mt_rule_direction,1,60
1,P2:test:19,,contraposition:invalid,11,,61,test,P2,61,15.437200546264648,cp_antecedent_polarity,1,61
1,P2:test:662,,modus_tollens:valid,11,,60,test,P2,60,12.821621894836426,mt_rule_direction,1,60
1,P2:test:526,,contraposition:valid,11,,60,test,P2,60,7.581826210021973,cp_direction,1,60
1,P2:test:5,,modus_tollens:invalid,11,,61,test,P2,61,31.642809867858887,mt_query_polarity,1,61
1,P2:test:644,,contraposition:valid,11,,60,test,P2,60,18.200846910476685,cp_consequent_polarity,1,60
1,P2:test:190,,contraposition:valid,11,,60,test,P2,60,20.062522411346436,cp_direction,1,60
1,P2:test:277,,modus_tollens:invalid,11,,61,test,P2,61,30.110408306121826,mt_fact_polarity,1,61
1,P2:test:437,,modus_tollens:invalid,11,,61,test,P2,61,25.872295260429382,mt_query_polarity,1,61
1,P2:test:31,,contraposition:invalid,11,,61,test,P2,61,16.297688961029053,cp_antecedent_polarity,1,61
1,P2:test:235,,contraposition:invalid,11,,61,test,P2,61,26.172799348831177,cp_antecedent_polarity,1,61
1,P2:test:104,,contraposition:valid,11,,60,test,P2,60,21.85203367471695,cp_consequent_polarity,1,60
1,P2:test:68,,contraposition:valid,11,,60,test,P2,60,17.350185871124268,cp_consequent_polarity,1,60
1,P2:test:38,,modus_tollens:valid,11,,60,test,P2,60,12.694339752197266,mt_rule_direction,1,60
1,P2:test:516,,modus_tollens:valid,11,,60,test,P2,60,9.555423736572266,mt_fact_polarity,1,60
1,P2:test:445,,modus_tollens:invalid,11,,61,test,P2,61,28.527684688568115,mt_fact_polarity,1,61
1,P2:test:232,,modus_tollens:valid,11,,60,test,P2,60,11.325035572052002,mt_query_polarity,1,60
1,P2:test:287,,contraposition:invalid,11,,61,test,P2,61,8.620940208435059,cp_direction,1,61
1,P2:test:752,,contraposition:valid,11,,60,test,P2,60,19.166133165359497,cp_consequent_polarity,1,60
1,P2:test:330,,contraposition:valid,11,,60,test,P2,60,5.515507698059082,cp_antecedent_polarity,1,60
1,P2:test:364,,modus_tollens:valid,11,,60,test,P2,60,13.796783924102783,mt_query_polarity,1,60
1,P2:test:63,,modus_tollens:invalid,11,,61,test,P2,61,13.194597721099854,mt_rule_direction,1,61
1,P2:test:281,,modus_tollens:invalid,11,,61,test,P2,61,30.099141120910645,mt_query_polarity,1,61
1,P2:test:629,,modus_tollens:invalid,11,,61,test,P2,61,31.825921535491943,mt_query_polarity,1,61
1,P2:test:686,,modus_tollens:valid,11,,60,test,P2,60,8.625528335571289,mt_rule_direction,1,60
1,P2:test:322,,contraposition:valid,11,,60,test,P2,60,16.387768983840942,cp_direction,1,60
1,P2:test:612,,modus_tollens:valid,11,,60,test,P2,60,14.15079927444458,mt_fact_polarity,1,60
1,P2:test:571,,contraposition:invalid,11,,61,test,P2,61,22.746772289276123,cp_antecedent_polarity,1,61
1,P2:test:365,,modus_tollens:invalid,11,,61,test,P2,61,27.182923555374146,mt_query_polarity,1,61
1,P2:test:471,,modus_tollens:invalid,11,,61,test,P2,61,26.26682996749878,mt_rule_direction,1,61
1,P2:test:248,,contraposition:valid,11,,60,test,P2,60,19.374794483184814,cp_consequent_polarity,1,60
1,P2:test:42,,contraposition:valid,11,,60,test,P2,60,21.361362040042877,cp_antecedent_polarity,1,60
1,P2:test:57,,contraposition:invalid,11,,61,test,P2,61,23.33445930480957,cp_consequent_polarity,1,61
1,P2:test:585,,contraposition:invalid,11,,61,test,P2,61,21.36600685119629,cp_consequent_polarity,1,61
1,P2:test:156,,modus_tollens:valid,11,,60,test,P2,60,17.339848279953003,mt_fact_polarity,1,60
1,P2:test:408,,modus_tollens:valid,11,,60,test,P2,60,14.912415504455566,mt_fact_polarity,1,60
1,P2:test:344,,contraposition:valid,11,,60,test,P2,60,22.157412499189377,cp_consequent_polarity,1,60
1,P2:test:593,,modus_tollens:invalid,11,,61,test,P2,61,27.20180583000183,mt_query_polarity,1,61
1,P2:test:214,,contraposition:valid,11,,60,test,P2,60,17.24817419052124,cp_direction,1,60
1,P2:test:381,,contraposition:invalid,11,,61,test,P2,61,27.062880039215088,cp_consequent_polarity,1,61
1,P2:test:272,,contraposition:valid,11,,60,test,P2,60,18.200846910476685,cp_consequent_polarity,1,60
1,P2:test:373,,modus_tollens:invalid,11,,61,test,P2,61,31.34147548675537,mt_fact_polarity,1,61
1,P2:test:589,,modus_tollens:invalid,11,,61,test,P2,61,31.59076738357544,mt_fact_polarity,1,61
1,P2:test:133,,modus_tollens:invalid,11,,61,test,P2,61,31.482747554779053,mt_fact_polarity,1,61
1,P2:test:447,,modus_tollens:invalid,11,,61,test,P2,61,22.233950786292553,mt_rule_direction,1,61
1,P2:test:714,,contraposition:valid,11,,60,test,P2,60,11.883550643920898,cp_antecedent_polarity,1,60
1,P2:test:326,,modus_tollens:valid,11,,60,test,P2,60,7.908430099487305,mt_rule_direction,1,60
1,P2:test:741,,contraposition:invalid,11,,61,test,P2,61,14.815801620483398,cp_consequent_polarity,1,61
1,P2:test:432,,modus_tollens:valid,11,,60,test,P2,60,11.559719562530518,mt_fact_polarity,1,60
1,P2:test:23,,contraposition:invalid,11,,61,test,P2,61,29.37657880783081,cp_direction,1,61
1,P2:test:222,,contraposition:valid,11,,60,test,P2,60,21.728781819343567,cp_antecedent_polarity,1,60
1,P2:test:559,,contraposition:invalid,11,,61,test,P2,61,18.550943851470947,cp_antecedent_polarity,1,61
1,P2:test:217,,modus_tollens:invalid,11,,61,test,P2,61,22.868640184402466,mt_fact_polarity,1,61
1,P2:test:679,,contraposition:invalid,11,,61,test,P2,61,16.24558734893799,cp_antecedent_polarity,1,61
1,P2:test:715,,contraposition:invalid,11,,61,test,P2,61,18.326342582702637,cp_antecedent_polarity,1,61
1,P2:test:183,,modus_tollens:invalid,11,,61,test,P2,61,20.604619026184082,mt_rule_direction,1,61
1,P2:test:184,,modus_tollens:valid,11,,60,test,P2,60,10.357048034667969,mt_query_polarity,1,60
1,P2:test:549,,contraposition:invalid,11,,61,test,P2,61,21.55601215362549,cp_consequent_polarity,1,61
1,P2:test:529,,modus_tollens:invalid,11,,61,test,P2,61,27.156964540481567,mt_fact_polarity,1,61
1,P2:test:522,,contraposition:valid,11,,60,test,P2,60,20.410199284553528,cp_antecedent_polarity,1,60
1,P2:test:675,,modus_tollens:invalid,11,,61,test,P2,61,23.319209098815918,mt_rule_direction,1,61
1,P2:test:511,,contraposition:invalid,11,,61,test,P2,61,15.245073795318604,cp_antecedent_polarity,1,61
1,P2:test:692,,contraposition:valid,11,,60,test,P2,60,19.838150024414062,cp_consequent_polarity,1,60
1,P2:test:453,,contraposition:invalid,11,,61,test,P2,61,18.49215841293335,cp_consequent_polarity,1,61
1,P2:test:325,,modus_tollens:invalid,11,,61,test,P2,61,30.311846256256104,mt_fact_polarity,1,61
1,P2:test:357,,contraposition:invalid,11,,61,test,P2,61,20.59223985671997,cp_consequent_polarity,1,61
1,P2:test:604,,modus_tollens:valid,11,,60,test,P2,60,13.836136817932129,mt_query_polarity,1,60
1,P2:test:452,,contraposition:valid,11,,60,test,P2,60,13.585151672363281,cp_consequent_polarity,1,60
1,P2:test:694,,contraposition:valid,11,,60,test,P2,60,5.515507698059082,cp_direction,1,60
1,P2:test:707,,contraposition:invalid,11,,61,test,P2,61,30.394990921020508,cp_direction,1,61
1,P2:test:727,,contraposition:invalid,11,,61,test,P2,61,22.682886123657227,cp_antecedent_polarity,1,61
1,P2:test:552,,modus_tollens:valid,11,,60,test,P2,60,13.235907554626465,mt_fact_polarity,1,60
1,P2:test:597,,contraposition:invalid,11,,61,test,P2,61,14.019067287445068,cp_consequent_polarity,1,61
1,P2:test:186,,contraposition:valid,11,,60,test,P2,60,12.899550437927246,cp_antecedent_polarity,1,60
1,P2:test:122,,modus_tollens:valid,11,,60,test,P2,60,8.298564910888672,mt_rule_direction,1,60
1,P2:test:558,,contraposition:valid,11,,60,test,P2,60,22.005714535713196,cp_antecedent_polarity,1,60
1,P2:test:194,,modus_tollens:valid,11,,60,test,P2,60,15.683308601379395,mt_rule_direction,1,60
1,P2:test:112,,modus_tollens:valid,11,,60,test,P2,60,12.898070335388184,mt_query_polarity,1,60
1,P2:test:569,,modus_tollens:invalid,11,,61,test,P2,61,26.08329665660858,mt_query_polarity,1,61
1,P2:test:684,,modus_tollens:valid,11,,60,test,P2,60,11.81036901473999,mt_fact_polarity,1,60
1,P2:test:246,,contraposition:valid,11,,60,test,P2,60,7.579505920410156,cp_antecedent_polarity,1,60
1,P2:test:410,,modus_tollens:valid,11,,60,test,P2,60,15.315643310546875,mt_rule_direction,1,60
1,P2:test:175,,contraposition:invalid,11,,61,test,P2,61,23.00044894218445,cp_antecedent_polarity,1,61
1,P2:test:211,,contraposition:invalid,11,,61,test,P2,61,19.031627655029297,cp_antecedent_polarity,1,61
1,P2:test:749,,modus_tollens:invalid,11,,61,test,P2,61,24.924626011401415,mt_query_polarity,1,61
1,P2:test:607,,contraposition:invalid,11,,61,test,P2,61,18.61960744857788,cp_antecedent_polarity,1,61
1,P2:test:414,,contraposition:valid,11,,60,test,P2,60,21.85203367471695,cp_antecedent_polarity,1,60
1,P2:test:377,,modus_tollens:invalid,11,,61,test,P2,61,25.645292580127716,mt_query_polarity,1,61
1,P2:test:0,,modus_tollens:valid,11,,60,test,P2,60,12.779743671417236,mt_fact_polarity,1,60
1,P2:test:376,,modus_tollens:valid,11,,60,test,P2,60,10.35612678527832,mt_query_polarity,1,60
1,P2:test:497,,modus_tollens:invalid,11,,61,test,P2,61,26.478283643722534,mt_query_polarity,1,61
1,P2:test:639,,modus_tollens:invalid,11,,61,test,P2,61,24.385915279388428,mt_rule_direction,1,61
1,P2:test:643,,contraposition:invalid,11,,61,test,P2,61,18.002275943756104,cp_antecedent_polarity,1,61
1,P2:test:33,,contraposition:invalid,11,,61,test,P2,61,23.075763702392578,cp_consequent_polarity,1,61
1,P2:test:616,,modus_tollens:valid,11,,60,test,P2,60,12.780488967895508,mt_query_polarity,1,60
1,P2:test:660,,modus_tollens:valid,11,,60,test,P2,60,13.631541728973389,mt_fact_polarity,1,60
1,P2:test:397,,modus_tollens:invalid,11,,61,test,P2,61,31.92558765411377,mt_fact_polarity,1,61
1,P2:test:574,,contraposition:valid,11,,60,test,P2,60,20.359777212142944,cp_direction,1,60
1,P2:test:218,,modus_tollens:valid,11,,60,test,P2,60,12.386549472808838,mt_rule_direction,1,60
1,P2:test:441,,contraposition:invalid,11,,61,test,P2,61,15.028331756591797,cp_consequent_polarity,1,61
1,P2:test:725,,modus_tollens:invalid,11,,61,test,P2,61,31.313015937805176,mt_query_polarity,1,61
1,P2:test:370,,contraposition:valid,11,,60,test,P2,60,20.569174826145172,cp_direction,1,60
1,P2:test:27,,modus_tollens:invalid,11,,61,test,P2,61,13.852203845977783,mt_rule_direction,1,61
1,P2:test:704,,contraposition:valid,11,,60,test,P2,60,19.761622309684753,cp_consequent_polarity,1,60
1,P2:test:647,,contraposition:invalid,11,,61,test,P2,61,27.23814618587494,cp_direction,1,61
1,P2:test:362,,modus_tollens:valid,11,,60,test,P2,60,14.928916215896606,mt_rule_direction,1,60
1,P2:test:87,,modus_tollens:invalid,11,,61,test,P2,61,21.322393536567688,mt_rule_direction,1,61
1,P2:test:449,,modus_tollens:invalid,11,,61,test,P2,61,27.41157579421997,mt_query_polarity,1,61
1,P2:test:279,,modus_tollens:invalid,11,,61,test,P2,61,19.912029027938843,mt_rule_direction,1,61
1,P2:test:464,,contraposition:valid,11,,60,test,P2,60,19.176844358444214,cp_consequent_polarity,1,60
1,P2:test:619,,contraposition:invalid,11,,61,test,P2,61,23.471553087234497,cp_antecedent_polarity,1,61
1,P2:test:118,,contraposition:valid,11,,60,test,P2,60,22.043054580688477,cp_direction,1,60
1,P2:test:316,,modus_tollens:valid,11,,60,test,P2,60,14.938261032104492,mt_query_polarity,1,60
1,P2:test:263,,contraposition:invalid,11,,61,test,P2,61,12.16700267791748,cp_direction,1,61
1,P2:test:243,,modus_tollens:invalid,11,,61,test,P2,61,24.149394512176514,mt_rule_direction,1,61
1,P2:test:625,,modus_tollens:invalid,11,,61,test,P2,61,32.11406183242798,mt_fact_polarity,1,61
1,P2:test:135,,modus_tollens:invalid,11,,61,test,P2,61,22.154020726680756,mt_rule_direction,1,61
1,P2:test:179,,contraposition:invalid,11,,61,test,P2,61,26.468483686447144,cp_direction,1,61
1,P2:test:439,,contraposition:invalid,11,,61,test,P2,61,26.2171448469162,cp_antecedent_polarity,1,61
1,P2:test:736,,modus_tollens:valid,11,,60,test,P2,60,12.728402614593506,mt_query_polarity,1,60
1,P2:test:764,,contraposition:valid,11,,60,test,P2,60,18.41449761390686,cp_consequent_polarity,1,60
1,P2:test:732,,modus_tollens:valid,11,,60,test,P2,60,10.32984209060669,mt_fact_polarity,1,60
1,P2:test:66,,contraposition:valid,11,,60,test,P2,60,13.704840183258057,cp_antecedent_polarity,1,60
1,P2:test:631,,contraposition:invalid,11,,61,test,P2,61,8.030449867248535,cp_antecedent_polarity,1,61
1,P2:test:642,,contraposition:valid,11,,60,test,P2,60,22.17016252875328,cp_antecedent_polarity,1,60
1,P2:test:524,,contraposition:valid,11,,60,test,P2,60,21.67754065990448,cp_consequent_polarity,1,60
1,P2:test:323,,contraposition:invalid,11,,61,test,P2,61,5.359220504760742,cp_direction,1,61
1,P2:test:113,,modus_tollens:invalid,11,,61,test,P2,61,30.30242681503296,mt_query_polarity,1,61
1,P2:test:561,,contraposition:invalid,11,,61,test,P2,61,23.738792717456818,cp_consequent_polarity,1,61
1,P2:test:611,,contraposition:invalid,11,,61,test,P2,61,6.696364402770996,cp_direction,1,61
1,P2:test:654,,contraposition:valid,11,,60,test,P2,60,21.01465878635645,cp_antecedent_polarity,1,60
1,P2:test:308,,contraposition:valid,11,,60,test,P2,60,14.719918251037598,cp_consequent_polarity,1,60
1,P2:test:369,,contraposition:invalid,11,,61,test,P2,61,21.441978931427002,cp_consequent_polarity,1,61
1,P2:test:18,,contraposition:valid,11,,60,test,P2,60,21.361362040042877,cp_antecedent_polarity,1,60
1,P2:test:553,,modus_tollens:invalid,11,,61,test,P2,61,30.036493062973022,mt_fact_polarity,1,61
1,P2:test:140,,contraposition:valid,11,,60,test,P2,60,9.5828857421875,cp_consequent_polarity,1,60
1,P2:test:189,,contraposition:invalid,11,,61,test,P2,61,21.168086051940918,cp_consequent_polarity,1,61
1,P2:test:160,,modus_tollens:valid,11,,60,test,P2,60,14.938261032104492,mt_query_polarity,1,60
1,P2:test:609,,contraposition:invalid,11,,61,test,P2,61,14.317401885986328,cp_consequent_polarity,1,61
1,P2:test:748,,modus_tollens:valid,11,,60,test,P2,60,9.42077922821045,mt_query_polarity,1,60
1,P2:test:143,,contraposition:invalid,11,,61,test,P2,61,25.31526470184326,cp_direction,1,61
1,P2:test:126,,contraposition:valid,11,,60,test,P2,60,18.1704204082489,cp_antecedent_polarity,1,60
0,P2:test:191,,contraposition:invalid,11,,60,test,P2,61,-13.570009708404541,cp_direction,0,60
1,P2:test:513,,contraposition:invalid,11,,61,test,P2,61,23.116442918777466,cp_consequent_polarity,1,61
1,P2:test:722,,modus_tollens:valid,11,,60,test,P2,60,12.778439998626709,mt_rule_direction,1,60
1,P2:test:459,,modus_tollens:invalid,11,,61,test,P2,61,6.775835037231445,mt_rule_direction,1,61
1,P2:test:680,,contraposition:valid,11,,60,test,P2,60,11.359635353088379,cp_consequent_polarity,1,60
1,P2:test:247,,contraposition:invalid,11,,61,test,P2,61,19.031627655029297,cp_antecedent_polarity,1,61
1,P2:test:261,,contraposition:invalid,11,,61,test,P2,61,14.967784404754639,cp_consequent_polarity,1,61
1,P2:test:40,,modus_tollens:valid,11,,60,test,P2,60,8.1921968460083,mt_query_polarity,1,60
1,P2:test:86,,modus_tollens:valid,11,,60,test,P2,60,12.07907485961914,mt_rule_direction,1,60
1,P2:test:352,,modus_tollens:valid,11,,60,test,P2,60,15.165575504302979,mt_query_polarity,1,60
1,P2:test:210,,contraposition:valid,11,,60,test,P2,60,14.719918251037598,cp_antecedent_polarity,1,60
1,P2:test:21,,contraposition:invalid,11,,61,test,P2,61,18.43360996246338,cp_consequent_polarity,1,61
1,P2:test:353,,modus_tollens:invalid,11,,61,test,P2,61,29.823230981826782,mt_query_polarity,1,61
1,P2:test:742,,contraposition:valid,11,,60,test,P2,60,18.76780390739441,cp_direction,1,60
1,P2:test:51,,modus_tollens:invalid,11,,61,test,P2,61,13.194597721099854,mt_rule_direction,1,61
1,P2:test:267,,modus_tollens:invalid,11,,61,test,P2,61,20.604619026184082,mt_rule_direction,1,61
1,P2:test:20,,contraposition:valid,11,,60,test,P2,60,15.362256526947021,cp_consequent_polarity,1,60
1,P2:test:35,,contraposition:invalid,11,,61,test,P2,61,29.37657880783081,cp_direction,1,61
1,P2:test:302,,modus_tollens:valid,11,,60,test,P2,60,10.611877918243408,mt_rule_direction,1,60
1,P2:test:333,,contraposition:invalid,11,,61,test,P2,61,23.75350320339203,cp_consequent_polarity,1,61
1,P2:test:731,,contraposition:invalid,11,,61,test,P2,61,25.89319109916687,cp_direction,1,61
1,P2:test:97,,modus_tollens:invalid,11,,61,test,P2,61,26.923487424850464,mt_fact_polarity,1,61
1,P2:test:338,,modus_tollens:valid,11,,60,test,P2,60,11.81036901473999,mt_rule_direction,1,60
1,P2:test:403,,contraposition:invalid,11,,61,test,P2,61,23.369964122772217,cp_antecedent_polarity,1,61
1,P2:test:545,,modus_tollens:invalid,11,,61,test,P2,61,24.805294394493103,mt_query_polarity,1,61
1,P2:test:636,,modus_tollens:valid,11,,60,test,P2,60,12.784281730651855,mt_fact_polarity,1,60
1,P2:test:117,,contraposition:invalid,11,,61,test,P2,61,22.265333652496338,cp_consequent_polarity,1,61
1,P2:test:304,,modus_tollens:valid,11,,60,test,P2,60,17.339848279953003,mt_query_polarity,1,60
1,P2:test:677,,modus_tollens:invalid,11,,61,test,P2,61,27.42773985862732,mt_query_polarity,1,61
1,P2:test:493,,modus_tollens:invalid,11,,61,test,P2,61,30.166348457336426,mt_fact_polarity,1,61
1,P2:test:400,,modus_tollens:valid,11,,60,test,P2,60,11.81036901473999,mt_query_polarity,1,60
1,P2:test:393,,contraposition:invalid,11,,61,test,P2,61,17.067021369934082,cp_consequent_polarity,1,61
1,P2:test:11,,contraposition:invalid,11,,61,test,P2,61,23.324799418449402,cp_direction,1,61
1,P2:test:138,,contraposition:valid,11,,60,test,P2,60,19.176844358444214,cp_antecedent_polarity,1,60
1,P2:test:430,,contraposition:valid,11,,60,test,P2,60,18.568687677383423,cp_direction,1,60
1,P2:test:72,,modus_tollens:valid,11,,60,test,P2,60,9.823290824890137,mt_fact_polarity,1,60
1,P2:test:476,,contraposition:valid,11,,60,test,P2,60,14.677856922149658,cp_consequent_polarity,1,60
1,P2:test:177,,contraposition:invalid,11,,61,test,P2,61,24.034932613372803,cp_consequent_polarity,1,61
1,P2:test:208,,modus_tollens:valid,11,,60,test,P2,60,12.741079807281494,mt_query_polarity,1,60
1,P2:test:672,,modus_tollens:valid,11,,60,test,P2,60,10.618271827697754,mt_fact_polarity,1,60
1,P2:test:743,,contraposition:invalid,11,,61,test,P2,61,30.76673984527588,cp_direction,1,61
1,P2:test:176,,contraposition:valid,11,,60,test,P2,60,22.686043739318848,cp_consequent_polarity,1,60
1,P2:test:90,,contraposition:valid,11,,60,test,P2,60,21.613073468208313,cp_antecedent_polarity,1,60
1,P2:test:491,,contraposition:invalid,11,,61,test,P2,61,14.4678955078125,cp_direction,1,61
1,P2:test:332,,contraposition:valid,11,,60,test,P2,60,21.458441138267517,cp_consequent_polarity,1,60
1,P2:test:8,,contraposition:valid,11,,60,test,P2,60,19.153283834457397,cp_consequent_polarity,1,60
1,P2:test:79,,contraposition:invalid,11,,61,test,P2,61,16.49351406097412,cp_antecedent_polarity,1,61
1,P2:test:446,,modus_tollens:valid,11,,60,test,P2,60,9.555423736572266,mt_rule_direction,1,60
1,P2:test:482,,modus_tollens:valid,11,,60,test,P2,60,12.720808982849121,mt_rule_direction,1,60
1,P2:test:240,,modus_tollens:valid,11,,60,test,P2,60,11.559719562530518,mt_fact_polarity,1,60
1,P2:test:250,,contraposition:valid,11,,60,test,P2,60,19.71729850769043,cp_direction,1,60
1,P2:test:723,,modus_tollens:invalid,11,,61,test,P2,61,19.52394437789917,mt_rule_direction,1,61
1,P2:test:299,,contraposition:invalid,11,,61,test,P2,61,26.592448949813843,cp_direction,1,61
1,P2:test:419,,contraposition:invalid,11,,61,test,P2,61,29.506581783294678,cp_direction,1,61
1,P2:test:472,,modus_tollens:valid,11,,60,test,P2,60,12.694339752197266,mt_query_polarity,1,60
1,P2:test:206,,modus_tollens:valid,11,,60,test,P2,60,14.912415504455566,mt_rule_direction,1,60
1,P2:test:665,,modus_tollens:invalid,11,,61,test,P2,61,32.12390613555908,mt_query_polarity,1,61
1,P2:test:411,,modus_tollens:invalid,11,,61,test,P2,61,23.178921282291412,mt_rule_direction,1,61
1,P2:test:149,,modus_tollens:invalid,11,,61,test,P2,61,27.72085690498352,mt_query_polarity,1,61
1,P2:test:575,,contraposition:invalid,11,,61,test,P2,61,29.899499893188477,cp_direction,1,61
1,P2:test:157,,modus_tollens:invalid,11,,61,test,P2,61,32.301905155181885,mt_fact_polarity,1,61
1,P2:test:462,,contraposition:valid,11,,60,test,P2,60,19.637202501296997,cp_antecedent_polarity,1,60
1,P2:test:753,,contraposition:invalid,11,,61,test,P2,61,23.448811888694763,cp_consequent_polarity,1,61
1,P2:test:123,,modus_tollens:invalid,11,,61,test,P2,61,4.759620666503906,mt_rule_direction,1,61
1,P2:test:363,,modus_tollens:invalid,11,,61,test,P2,61,22.51085789501667,mt_rule_direction,1,61
1,P2:test:659,,contraposition:invalid,11,,61,test,P2,61,30.555508613586426,cp_direction,1,61
1,P2:test:767,,contraposition:invalid,11,,61,test,P2,61,30.173519134521484,cp_direction,1,61
1,P2:test:596,,contraposition:valid,11,,60,test,P2,60,15.989295244216919,cp_consequent_polarity,1,60
1,P2:test:615,,modus_tollens:invalid,11,,61,test,P2,61,20.604619026184082,mt_rule_direction,1,61
1,P2:test:671,,contraposition:invalid,11,,61,test,P2,61,29.837757110595703,cp_direction,1,61
1,P2:test:407,,contraposition:invalid,11,,61,test,P2,61,20.97550129890442,cp_direction,1,61
1,P2:test:389,,modus_tollens:invalid,11,,61,test,P2,61,30.392504692077637,mt_query_polarity,1,61
1,P2:test:74,,modus_tollens:valid,11,,60,test,P2,60,12.07907485961914,mt_rule_direction,1,60
1,P2:test:762,,contraposition:valid,11,,60,test,P2,60,13.960534572601318,cp_antecedent_polarity,1,60
1,P2:test:425,,modus_tollens:invalid,11,,61,test,P2,61,32.31149864196777,mt_query_polarity,1,61
1,P2:test:286,,contraposition:valid,11,,60,test,P2,60,21.613073468208313,cp_direction,1,60
1,P2:test:258,,contraposition:valid,11,,60,test,P2,60,24.525525093078613,cp_antecedent_polarity,1,60
1,P2:test:59,,contraposition:invalid,11,,61,test,P2,61,26.340896368026733,cp_direction,1,61
1,P2:test:624,,modus_tollens:valid,11,,60,test,P2,60,10.618273735046387,mt_fact_polarity,1,60
1,P2:test:718,,contraposition:valid,11,,60,test,P2,60,20.03620230499655,cp_direction,1,60
1,P2:test:517,,modus_tollens:invalid,11,,61,test,P2,61,31.42576789855957,mt_fact_polarity,1,61
1,P2:test:148,,modus_tollens:valid,11,,60,test,P2,60,9.654550552368164,mt_query_polarity,1,60
1,P2:test:603,,modus_tollens:invalid,11,,61,test,P2,61,13.194597244262695,mt_rule_direction,1,61
1,P2:test:296,,contraposition:valid,11,,60,test,P2,60,20.011706471443176,cp_consequent_polarity,1,60
1,P2:test:300,,modus_tollens:valid,11,,60,test,P2,60,8.455821990966797,mt_fact_polarity,1,60
1,P2:test:1,,modus_tollens:invalid,11,,61,test,P2,61,26.604595959186554,mt_fact_polarity,1,61
1,P2:test:563,,contraposition:invalid,11,,61,test,P2,61,12.383525848388672,cp_direction,1,61
1,P2:test:554,,modus_tollens:valid,11,,60,test,P2,60,9.78297233581543,mt_rule_direction,1,60
1,P2:test:336,,modus_tollens:valid,11,,60,test,P2,60,12.65036916732788,mt_fact_polarity,1,60
1,P2:test:356,,contraposition:valid,11,,60,test,P2,60,15.509291410446167,cp_consequent_polarity,1,60
1,P2:test:696,,modus_tollens:valid,11,,60,test,P2,60,11.018108367919922,mt_fact_polarity,1,60
1,P2:test:290,,modus_tollens:valid,11,,60,test,P2,60,7.908430099487305,mt_rule_direction,1,60
1,P2:test:717,,contraposition:invalid,11,,61,test,P2,61,25.95733666419983,cp_consequent_polarity,1,61
1,P2:test:730,,contraposition:valid,11,,60,test,P2,60,15.509291410446167,cp_direction,1,60
1,P2:test:273,,contraposition:invalid,11,,61,test,P2,61,16.663848400115967,cp_consequent_polarity,1,61
1,P2:test:205,,modus_tollens:invalid,11,,61,test,P2,61,31.3157320022583,mt_fact_polarity,1,61
1,P2:test:116,,contraposition:valid,11,,60,test,P2,60,19.761622309684753,cp_consequent_polarity,1,60
1,P2:test:505,,modus_tollens:invalid,11,,61,test,P2,61,30.46167278289795,mt_fact_polarity,1,61
1,P2:test:540,,modus_tollens:valid,11,,60,test,P2,60,11.727915287017822,mt_fact_polarity,1,60
1,P2:test:2,,modus_tollens:valid,11,,60,test,P2,60,17.57583785057068,mt_rule_direction,1,60
1,P2:test:48,,modus_tollens:valid,11,,60,test,P2,60,12.842535018920898,mt_fact_polarity,1,60
1,P2:test:734,,modus_tollens:valid,11,,60,test,P2,60,8.814203262329102,mt_rule_direction,1,60
1,P2:test:535,,contraposition:invalid,11,,61,test,P2,61,18.21737289428711,cp_antecedent_polarity,1,61
1,P2:test:382,,contraposition:valid,11,,60,test,P2,60,8.069622039794922,cp_direction,1,60
1,P2:test:311,,contraposition:invalid,11,,61,test,P2,61,13.031327247619629,cp_direction,1,61
1,P2:test:693,,contraposition:invalid,11,,61,test,P2,61,22.472428798675537,cp_consequent_polarity,1,61
1,P2:test:594,,contraposition:valid,11,,60,test,P2,60,12.899550437927246,cp_antecedent_polarity,1,60
1,P2:test:528,,modus_tollens:valid,11,,60,test,P2,60,14.780159711837769,mt_fact_polarity,1,60
1,P2:test:226,,contraposition:valid,11,,60,test,P2,60,19.737711012363434,cp_direction,1,60
1,P2:test:678,,contraposition:valid,11,,60,test,P2,60,15.405508041381836,cp_antecedent_polarity,1,60
1,P2:test:579,,modus_tollens:invalid,11,,61,test,P2,61,18.982179522514343,mt_rule_direction,1,61
1,P2:test:396,,modus_tollens:valid,11,,60,test,P2,60,9.420778274536133,mt_fact_polarity,1,60
1,P2:test:386,,modus_tollens:valid,11,,60,test,P2,60,14.896196603775024,mt_rule_direction,1,60
1,P2:test:98,,modus_tollens:valid,11,,60,test,P2,60,17.454769372940063,mt_rule_direction,1,60
1,P2:test:495,,modus_tollens:invalid,11,,61,test,P2,61,18.982179522514343,mt_rule_direction,1,61
1,P2:test:172,,modus_tollens:valid,11,,60,test,P2,60,10.367376327514648,mt_query_polarity,1,60
1,P2:test:652,,modus_tollens:valid,11,,60,test,P2,60,15.41575002670288,mt_query_polarity,1,60
1,P2:test:307,,contraposition:invalid,11,,61,test,P2,61,26.172799348831177,cp_antecedent_polarity,1,61
1,P2:test:245,,modus_tollens:invalid,11,,61,test,P2,61,31.245461463928223,mt_query_polarity,1,61
1,P2:test:170,,modus_tollens:valid,11,,60,test,P2,60,8.625528335571289,mt_rule_direction,1,60
1,P2:test:264,,modus_tollens:valid,11,,60,test,P2,60,12.779743671417236,mt_fact_polarity,1,60
1,P2:test:724,,modus_tollens:valid,11,,60,test,P2,60,12.783881664276123,mt_query_polarity,1,60
1,P2:test:313,,modus_tollens:invalid,11,,61,test,P2,61,31.124056816101074,mt_fact_polarity,1,61
1,P2:test:573,,contraposition:invalid,11,,61,test,P2,61,21.30452823638916,cp_consequent_polarity,1,61
1,P2:test:375,,modus_tollens:invalid,11,,61,test,P2,61,20.604619026184082,mt_rule_direction,1,61
1,P2:test:244,,modus_tollens:valid,11,,60,test,P2,60,17.339848279953003,mt_query_polarity,1,60
1,P2:test:255,,modus_tollens:invalid,11,,61,test,P2,61,25.368178367614746,mt_rule_direction,1,61
1,P2:test:484,,modus_tollens:valid,11,,60,test,P2,60,12.69033670425415,mt_query_polarity,1,60
1,P2:test:463,,contraposition:invalid,11,,61,test,P2,61,16.77556610107422,cp_antecedent_polarity,1,61
1,P2:test:82,,contraposition:valid,11,,60,test,P2,60,21.13876497745514,cp_direction,1,60
1,P2:test:470,,modus_tollens:valid,11,,60,test,P2,60,13.102136135101318,mt_rule_direction,1,60
1,P2:test:199,,contraposition:invalid,11,,61,test,P2,61,23.72956156730652,cp_antecedent_polarity,1,61
1,P2:test:601,,modus_tollens:invalid,11,,61,test,P2,61,27.00037682056427,mt_fact_polarity,1,61
1,P2:test:276,,modus_tollens:valid,11,,60,test,P2,60,17.38114833831787,mt_fact_polarity,1,60
1,P2:test:378,,contraposition:valid,11,,60,test,P2,60,17.76075053215027,cp_antecedent_polarity,1,60
1,P2:test:582,,contraposition:valid,11,,60,test,P2,60,19.638782113790512,cp_antecedent_polarity,1,60
1,P2:test:438,,contraposition:valid,11,,60,test,P2,60,19.637202501296997,cp_antecedent_polarity,1,60
1,P2:test:543,,modus_tollens:invalid,11,,61,test,P2,61,24.08533203601837,mt_rule_direction,1,61
1,P2:test:391,,contraposition:invalid,11,,61,test,P2,61,17.075701236724854,cp_antecedent_polarity,1,61
1,P2:test:99,,modus_tollens:invalid,11,,61,test,P2,61,21.489993929862976,mt_rule_direction,1,61
1,P2:test:380,,contraposition:valid,11,,60,test,P2,60,20.956783890724182,cp_consequent_polarity,1,60
1,P2:test:394,,contraposition:valid,11,,60,test,P2,60,20.555307805538177,cp_direction,1,60
1,P2:test:221,,modus_tollens:invalid,11,,61,test,P2,61,27.348919928073883,mt_query_polarity,1,61
1,P2:test:94,,contraposition:valid,11,,60,test,P2,60,19.934413194656372,cp_direction,1,60
1,P2:test:7,,contraposition:invalid,11,,61,test,P2,61,16.55434226989746,cp_antecedent_polarity,1,61
1,P2:test:485,,modus_tollens:invalid,11,,61,test,P2,61,27.080842971801758,mt_query_polarity,1,61
1,P2:test:691,,contraposition:invalid,11,,61,test,P2,61,24.529712557792664,cp_antecedent_polarity,1,61
1,P2:test:494,,modus_tollens:valid,11,,60,test,P2,60,15.165575504302979,mt_rule_direction,1,60
1,P2:test:392,,contraposition:valid,11,,60,test,P2,60,21.390831023454666,cp_consequent_polarity,1,60
1,P2:test:695,,contraposition:invalid,11,,61,test,P2,61,29.37657880783081,cp_direction,1,61
1,P2:test:237,,contraposition:invalid,11,,61,test,P2,61,21.93373727798462,cp_consequent_polarity,1,61
1,P2:test:202,,contraposition:valid,11,,60,test,P2,60,15.986337661743164,cp_direction,1,60
1,P2:test:229,,modus_tollens:invalid,11,,61,test,P2,61,29.395464658737183,mt_fact_polarity,1,61
1,P2:test:427,,contraposition:invalid,11,,61,test,P2,61,17.865979194641113,cp_antecedent_polarity,1,61
1,P2:test:166,,contraposition:valid,11,,60,test,P2,60,15.272673606872559,cp_direction,1,60
1,P2:test:252,,modus_tollens:valid,11,,60,test,P2,60,12.69033670425415,mt_fact_polarity,1,60
1,P2:test:720,,modus_tollens:valid,11,,60,test,P2,60,13.826408386230469,mt_fact_polarity,1,60
1,P2:test:501,,contraposition:invalid,11,,61,test,P2,61,20.97815990447998,cp_consequent_polarity,1,61
1,P2:test:212,,contraposition:valid,11,,60,test,P2,60,17.24817419052124,cp_consequent_polarity,1,60
1,P2:test:271,,contraposition:invalid,11,,61,test,P2,61,23.00044894218445,cp_antecedent_polarity,1,61
1,P2:test:567,,modus_tollens:invalid,11,,61,test,P2,61,20.355311691761017,mt_rule_direction,1,61
1,P2:test:512,,contraposition:valid,11,,60,test,P2,60,13.538457870483398,cp_consequent_polarity,1,60
1,P2:test:360,,modus_tollens:valid,11,,60,test,P2,60,8.436970710754395,mt_fact_polarity,1,60
1,P2:test:282,,contraposition:valid,11,,60,test,P2,60,20.20748919248581,cp_antecedent_polarity,1,60
1,P2:test:228,,modus_tollens:valid,11,,60,test,P2,60,9.110179901123047,mt_fact_polarity,1,60
1,P2:test:24,,modus_tollens:valid,11,,60,test,P2,60,15.315017700195312,mt_fact_polarity,1,60
1,P2:test:708,,modus_tollens:valid,11,,60,test,P2,60,12.78322458267212,mt_fact_polarity,1,60
1,P2:test:297,,contraposition:invalid,11,,61,test,P2,61,22.15754985809326,cp_consequent_polarity,1,61
1,P2:validation:63,,modus_tollens:invalid,23,,61,validation,P2,61,12.167227268218994,mt_rule_direction,1,61
1,P2:validation:656,,contraposition:valid,23,,60,validation,P2,60,14.209773063659668,cp_consequent_polarity,1,60
1,P2:validation:121,,modus_tollens:invalid,23,,61,validation,P2,61,24.12918996810913,mt_fact_polarity,1,61
1,P2:validation:225,,contraposition:invalid,23,,61,validation,P2,61,19.761068105697632,cp_consequent_polarity,1,61
1,P2:validation:489,,contraposition:invalid,23,,61,validation,P2,61,16.07098412513733,cp_consequent_polarity,1,61
1,P2:validation:353,,modus_tollens:invalid,23,,61,validation,P2,61,25.623887062072754,mt_query_polarity,1,61
1,P2:validation:193,,modus_tollens:invalid,23,,61,validation,P2,61,22.76851534843445,mt_fact_polarity,1,61
1,P2:validation:593,,modus_tollens:invalid,23,,61,validation,P2,61,29.58633041381836,mt_query_polarity,1,61
1,P2:validation:546,,contraposition:valid,23,,60,validation,P2,60,18.572730541229248,cp_antecedent_polarity,1,60
1,P2:validation:180,,modus_tollens:valid,23,,60,validation,P2,60,16.291906356811523,mt_fact_polarity,1,60
1,P2:validation:669,,contraposition:invalid,23,,61,validation,P2,61,19.83587920665741,cp_consequent_polarity,1,61
1,P2:validation:528,,modus_tollens:valid,23,,60,validation,P2,60,16.291906356811523,mt_fact_polarity,1,60
1,P2:validation:111,,modus_tollens:invalid,23,,61,validation,P2,61,13.469998359680176,mt_rule_direction,1,61
1,P2:validation:766,,contraposition:valid,23,,60,validation,P2,60,17.17965793609619,cp_direction,1,60
1,P2:validation:95,,contraposition:invalid,23,,61,validation,P2,61,20.20452320575714,cp_direction,1,61
1,P2:validation:89,,modus_tollens:invalid,23,,61,validation,P2,61,24.475436210632324,mt_query_polarity,1,61
1,P2:validation:81,,contraposition:invalid,23,,61,validation,P2,61,19.602419689297676,cp_consequent_polarity,1,61
1,P2:validation:342,,contraposition:valid,23,,60,validation,P2,60,14.522616386413574,cp_antecedent_polarity,1,60
1,P2:validation:711,,modus_tollens:invalid,23,,61,validation,P2,61,12.460227489471436,mt_rule_direction,1,61
1,P2:validation:677,,modus_tollens:invalid,23,,61,validation,P2,61,26.93226146697998,mt_query_polarity,1,61
1,P2:validation:213,,contraposition:invalid,23,,61,validation,P2,61,18.622751474380493,cp_consequent_polarity,1,61
1,P2:validation:328,,modus_tollens:valid,23,,60,validation,P2,60,13.486015319824219,mt_query_polarity,1,60
1,P2:validation:9,,contraposition:invalid,23,,61,validation,P2,61,18.690744638442993,cp_consequent_polarity,1,61
1,P2:validation:341,,modus_tollens:invalid,23,,61,validation,P2,61,27.70612621307373,mt_query_polarity,1,61
1,P2:validation:80,,contraposition:valid,23,,60,validation,P2,60,18.62191390991211,cp_consequent_polarity,1,60
1,P2:validation:495,,modus_tollens:invalid,23,,61,validation,P2,61,15.504609107971191,mt_rule_direction,1,61
1,P2:validation:745,,modus_tollens:invalid,23,,61,validation,P2,61,24.157519340515137,mt_fact_polarity,1,61
1,P2:validation:701,,modus_tollens:invalid,23,,61,validation,P2,61,25.08903980255127,mt_query_polarity,1,61
1,P2:validation:740,,contraposition:valid,23,,60,validation,P2,60,15.722672939300537,cp_consequent_polarity,1,60
1,P2:validation:218,,modus_tollens:valid,23,,60,validation,P2,60,10.983152389526367,mt_rule_direction,1,60
1,P2:validation:82,,contraposition:valid,23,,60,validation,P2,60,13.08547306060791,cp_direction,1,60
1,P2:validation:152,,contraposition:valid,23,,60,validation,P2,60,17.619807243347168,cp_consequent_polarity,1,60
1,P2:validation:563,,contraposition:invalid,23,,61,validation,P2,61,24.71979570388794,cp_direction,1,61
1,P2:validation:139,,contraposition:invalid,23,,61,validation,P2,61,15.825405836105347,cp_antecedent_polarity,1,61
1,P2:validation:202,,contraposition:valid,23,,60,validation,P2,60,14.925504207611084,cp_direction,1,60
1,P2:validation:431,,contraposition:invalid,23,,61,validation,P2,61,13.312808513641357,cp_direction,1,61
1,P2:validation:453,,contraposition:invalid,23,,61,validation,P2,61,18.971114978194237,cp_consequent_polarity,1,61
1,P2:validation:125,,modus_tollens:invalid,23,,61,validation,P2,61,24.17886734008789,mt_query_polarity,1,61
1,P2:validation:754,,contraposition:valid,23,,60,validation,P2,60,18.651153087615967,cp_direction,1,60
1,P2:validation:183,,modus_tollens:invalid,23,,61,validation,P2,61,15.789835453033447,mt_rule_direction,1,61
1,P2:validation:347,,contraposition:invalid,23,,61,validation,P2,61,27.221875190734863,cp_direction,1,61
1,P2:validation:206,,modus_tollens:valid,23,,60,validation,P2,60,13.45573902130127,mt_rule_direction,1,60
1,P2:validation:321,,contraposition:invalid,23,,61,validation,P2,61,16.09295892715454,cp_consequent_polarity,1,61
1,P2:validation:34,,contraposition:valid,23,,60,validation,P2,60,14.908054828643799,cp_direction,1,60
1,P2:validation:731,,contraposition:invalid,23,,61,validation,P2,61,14.013417959213257,cp_direction,1,61
1,P2:validation:28,,modus_tollens:valid,23,,60,validation,P2,60,14.996967315673828,mt_query_polarity,1,60
1,P2:validation:162,,contraposition:valid,23,,60,validation,P2,60,18.792479991912842,cp_antecedent_polarity,1,60
1,P2:validation:51,,modus_tollens:invalid,23,,61,validation,P2,61,17.631150126457214,mt_rule_direction,1,61
1,P2:validation:695,,contraposition:invalid,23,,61,validation,P2,61,26.574617385864258,cp_direction,1,61
1,P2:validation:527,,contraposition:invalid,23,,61,validation,P2,61,11.27953052520752,cp_direction,1,61
1,P2:validation:23,,contraposition:invalid,23,,61,validation,P2,61,27.45592498779297,cp_direction,1,61
1,P2:validation:577,,modus_tollens:invalid,23,,61,validation,P2,61,24.08551025390625,mt_fact_polarity,1,61
1,P2:validation:560,,contraposition:valid,23,,60,validation,P2,60,16.88096809387207,cp_consequent_polarity,1,60
1,P2:validation:463,,contraposition:invalid,23,,61,validation,P2,61,17.367552161216736,cp_antecedent_polarity,1,61
1,P2:validation:244,,modus_tollens:valid,23,,60,validation,P2,60,15.140914916992188,mt_query_polarity,1,60
1,P2:validation:483,,modus_tollens:invalid,23,,61,validation,P2,61,10.759434223175049,mt_rule_direction,1,61
1,P2:validation:131,,contraposition:invalid,23,,61,validation,P2,61,25.73570156097412,cp_direction,1,61
1,P2:validation:185,,modus_tollens:invalid,23,,61,validation,P2,61,25.158097743988037,mt_query_polarity,1,61
1,P2:validation:713,,modus_tollens:invalid,23,,61,validation,P2,61,28.496376991271973,mt_query_polarity,1,61
1,P2:validation:173,,modus_tollens:invalid,23,,61,validation,P2,61,25.563254356384277,mt_query_polarity,1,61
1,P2:validation:652,,modus_tollens:valid,23,,60,validation,P2,60,13.352540969848633,mt_query_polarity,1,60
1,P2:validation:133,,modus_tollens:invalid,23,,61,validation,P2,61,26.676084518432617,mt_fact_polarity,1,61
1,P2:validation:556,,modus_tollens:valid,23,,60,validation,P2,60,14.99268913269043,mt_query_polarity,1,60
1,P2:validation:404,,contraposition:valid,23,,60,validation,P2,60,12.609136581420898,cp_consequent_polarity,1,60
1,P2:validation:613,,modus_tollens:invalid,23,,61,validation,P2,61,24.287057876586914,mt_fact_polarity,1,61
1,P2:validation:617,,modus_tollens:invalid,23,,61,validation,P2,61,25.68578863143921,mt_query_polarity,1,61
1,P2:validation:419,,contraposition:invalid,23,,61,validation,P2,61,17.47275447845459,cp_direction,1,61
1,P2:validation:312,,modus_tollens:valid,23,,60,validation,P2,60,13.846772193908691,mt_fact_polarity,1,60
1,P2:validation:134,,modus_tollens:valid,23,,60,validation,P2,60,11.733659744262695,mt_rule_direction,1,60
1,P2:validation:507,,modus_tollens:invalid,23,,61,validation,P2,61,11.78432846069336,mt_rule_direction,1,61
1,P2:validation:357,,contraposition:invalid,23,,61,validation,P2,61,19.26632997393608,cp_consequent_polarity,1,61
1,P2:validation:524,,contraposition:valid,23,,60,validation,P2,60,15.146134376525879,cp_consequent_polarity,1,60
1,P2:validation:249,,contraposition:invalid,23,,61,validation,P2,61,19.194384455680847,cp_consequent_polarity,1,61
1,P2:validation:375,,modus_tollens:invalid,23,,61,validation,P2,61,17.992905139923096,mt_rule_direction,1,61
1,P2:validation:516,,modus_tollens:valid,23,,60,validation,P2,60,16.321040153503418,mt_fact_polarity,1,60
1,P2:validation:275,,contraposition:invalid,23,,61,validation,P2,61,21.68747043609619,cp_direction,1,61
1,P2:validation:634,,contraposition:valid,23,,60,validation,P2,60,17.085638999938965,cp_direction,1,60
1,P2:validation:384,,modus_tollens:valid,23,,60,validation,P2,60,14.417795181274414,mt_fact_polarity,1,60
1,P2:validation:698,,modus_tollens:valid,23,,60,validation,P2,60,15.140914916992188,mt_rule_direction,1,60
1,P2:validation:428,,contraposition:valid,23,,60,validation,P2,60,18.563229084014893,cp_consequent_polarity,1,60
1,P2:validation:598,,contraposition:valid,23,,60,validation,P2,60,14.644150733947754,cp_direction,1,60
1,P2:validation:222,,contraposition:valid,23,,60,validation,P2,60,21.78389263153076,cp_antecedent_polarity,1,60
1,P2:validation:250,,contraposition:valid,23,,60,validation,P2,60,15.247357368469238,cp_direction,1,60
1,P2:validation:296,,contraposition:valid,23,,60,validation,P2,60,15.74534797668457,cp_consequent_polarity,1,60
1,P2:validation:432,,modus_tollens:valid,23,,60,validation,P2,60,10.61463737487793,mt_fact_polarity,1,60
1,P2:validation:113,,modus_tollens:invalid,23,,61,validation,P2,61,25.84144878387451,mt_query_polarity,1,61
1,P2:validation:484,,modus_tollens:valid,23,,60,validation,P2,60,14.991398811340332,mt_query_polarity,1,60
1,P2:validation:363,,modus_tollens:invalid,23,,61,validation,P2,61,19.448538661003113,mt_rule_direction,1,61
1,P2:validation:612,,modus_tollens:valid,23,,60,validation,P2,60,11.517643928527832,mt_fact_polarity,1,60
1,P2:validation:505,,modus_tollens:invalid,23,,61,validation,P2,61,24.34959363937378,mt_fact_polarity,1,61
1,P2:validation:226,,contraposition:valid,23,,60,validation,P2,60,17.849145889282227,cp_direction,1,60
1,P2:validation:83,,contraposition:invalid,23,,61,validation,P2,61,25.73570156097412,cp_direction,1,61
1,P2:validation:706,,contraposition:valid,23,,60,validation,P2,60,17.935392379760742,cp_direction,1,60
1,P2:validation:331,,contraposition:invalid,23,,61,validation,P2,61,17.23421573638916,cp_antecedent_polarity,1,61
1,P2:validation:177,,contraposition:invalid,23,,61,validation,P2,61,19.607077836990356,cp_consequent_polarity,1,61
1,P2:validation:101,,modus_tollens:invalid,23,,61,validation,P2,61,27.0994234085083,mt_query_polarity,1,61
1,P2:validation:124,,modus_tollens:valid,23,,60,validation,P2,60,8.645806312561035,mt_query_polarity,1,60
1,P2:validation:0,,modus_tollens:valid,23,,60,validation,P2,60,15.07803726196289,mt_fact_polarity,1,60
1,P2:validation:655,,contraposition:invalid,23,,61,validation,P2,61,14.906129837036133,cp_antecedent_polarity,1,61
1,P2:validation:74,,modus_tollens:valid,23,,60,validation,P2,60,8.645806312561035,mt_rule_direction,1,60
1,P2:validation:27,,modus_tollens:invalid,23,,61,validation,P2,61,10.7564058303833,mt_rule_direction,1,61
1,P2:validation:199,,contraposition:invalid,23,,61,validation,P2,61,12.389471054077148,cp_antecedent_polarity,1,61
1,P2:validation:42,,contraposition:valid,23,,60,validation,P2,60,15.563298225402832,cp_antecedent_polarity,1,60
1,P2:validation:57,,contraposition:invalid,23,,61,validation,P2,61,16.22299814224243,cp_consequent_polarity,1,61
1,P2:validation:726,,contraposition:valid,23,,60,validation,P2,60,22.477558612823486,cp_antecedent_polarity,1,60
1,P2:validation:217,,modus_tollens:invalid,23,,61,validation,P2,61,21.083025336265564,mt_fact_polarity,1,61
1,P2:validation:187,,contraposition:invalid,23,,61,validation,P2,61,14.453899383544922,cp_antecedent_polarity,1,61
1,P2:validation:610,,contraposition:valid,23,,60,validation,P2,60,15.22447681427002,cp_direction,1,60
1,P2:validation:694,,contraposition:valid,23,,60,validation,P2,60,13.218764305114746,cp_direction,1,60
1,P2:validation:58,,contraposition:valid,23,,60,validation,P2,60,12.861106872558594,cp_direction,1,60
1,P2:validation:91,,contraposition:invalid,23,,61,validation,P2,61,16.712759613990784,cp_antecedent_polarity,1,61
1,P2:validation:446,,modus_tollens:valid,23,,60,validation,P2,60,17.217501640319824,mt_rule_direction,1,60
1,P2:validation:360,,modus_tollens:valid,23,,60,validation,P2,60,13.989566802978516,mt_fact_polarity,1,60
1,P2:validation:430,,contraposition:valid,23,,60,validation,P2,60,13.639961242675781,cp_direction,1,60
1,P2:validation:165,,contraposition:invalid,23,,61,validation,P2,61,21.022658109664917,cp_consequent_polarity,1,61
1,P2:validation:56,,contraposition:valid,23,,60,validation,P2,60,18.67719554901123,cp_consequent_polarity,1,60
1,P2:validation:307,,contraposition:invalid,23,,61,validation,P2,61,17.188252478837967,cp_antecedent_polarity,1,61
1,P2:validation:19,,contraposition:invalid,23,,61,validation,P2,61,15.43947148323059,cp_antecedent_polarity,1,61
1,P2:validation:684,,modus_tollens:valid,23,,60,validation,P2,60,11.592769622802734,mt_fact_polarity,1,60
1,P2:validation:179,,contraposition:invalid,23,,61,validation,P2,61,30.638113021850586,cp_direction,1,61
1,P2:validation:552,,modus_tollens:valid,23,,60,validation,P2,60,17.647052764892578,mt_fact_polarity,1,60
1,P2:validation:229,,modus_tollens:invalid,23,,61,validation,P2,61,22.49955916404724,mt_fact_polarity,1,61
1,P2:validation:79,,contraposition:invalid,23,,61,validation,P2,61,17.09989845752716,cp_antecedent_polarity,1,61
1,P2:validation:88,,modus_tollens:valid,23,,60,validation,P2,60,9.42194652557373,mt_query_polarity,1,60
1,P2:validation:159,,modus_tollens:invalid,23,,61,validation,P2,61,15.999339818954468,mt_rule_direction,1,61
1,P2:validation:284,,contraposition:valid,23,,60,validation,P2,60,17.30140209197998,cp_consequent_polarity,1,60
1,P2:validation:554,,modus_tollens:valid,23,,60,validation,P2,60,8.645807266235352,mt_rule_direction,1,60
1,P2:validation:536,,contraposition:valid,23,,60,validation,P2,60,18.105135917663574,cp_consequent_polarity,1,60
1,P2:validation:270,,contraposition:valid,23,,60,validation,P2,60,18.633080005645752,cp_antecedent_polarity,1,60
1,P2:validation:337,,modus_tollens:invalid,23,,61,validation,P2,61,24.01279354095459,mt_fact_polarity,1,61
1,P2:validation:764,,contraposition:valid,23,,60,validation,P2,60,15.196036338806152,cp_consequent_polarity,1,60
1,P2:validation:481,,modus_tollens:invalid,23,,61,validation,P2,61,22.771004676818848,mt_fact_polarity,1,61
1,P2:validation:397,,modus_tollens:invalid,23,,61,validation,P2,61,23.08026123046875,mt_fact_polarity,1,61
1,P2:validation:492,,modus_tollens:valid,23,,60,validation,P2,60,10.306199073791504,mt_fact_polarity,1,60
1,P2:validation:151,,contraposition:invalid,23,,61,validation,P2,61,16.625101566314697,cp_antecedent_polarity,1,61
1,P2:validation:767,,contraposition:invalid,23,,61,validation,P2,61,22.541383266448975,cp_direction,1,61
1,P2:validation:518,,modus_tollens:valid,23,,60,validation,P2,60,11.690852165222168,mt_rule_direction,1,60
1,P2:validation:148,,modus_tollens:valid,23,,60,validation,P2,60,14.01058578491211,mt_query_polarity,1,60
1,P2:validation:385,,modus_tollens:invalid,23,,61,validation,P2,61,23.081440448760986,mt_fact_polarity,1,61
1,P2:validation:640,,modus_tollens:valid,23,,60,validation,P2,60,14.076203346252441,mt_query_polarity,1,60
1,P2:validation:653,,modus_tollens:invalid,23,,61,validation,P2,61,25.729267120361328,mt_query_polarity,1,61
1,P2:validation:49,,modus_tollens:invalid,23,,61,validation,P2,61,22.49955916404724,mt_fact_polarity,1,61
1,P2:validation:544,,modus_tollens:valid,23,,60,validation,P2,60,13.937478065490723,mt_query_polarity,1,60
1,P2:validation:154,,contraposition:valid,23,,60,validation,P2,60,13.816792488098145,cp_direction,1,60
1,P2:validation:702,,contraposition:valid,23,,60,validation,P2,60,13.908990859985352,cp_antecedent_polarity,1,60
1,P2:validation:112,,modus_tollens:valid,23,,60,validation,P2,60,12.834736824035645,mt_query_polarity,1,60
1,P2:validation:135,,modus_tollens:invalid,23,,61,validation,P2,61,9.199143409729004,mt_rule_direction,1,61
1,P2:validation:438,,contraposition:valid,23,,60,validation,P2,60,22.542360305786133,cp_antecedent_polarity,1,60
1,P2:validation:109,,modus_tollens:invalid,23,,61,validation,P2,61,26.68729305267334,mt_fact_polarity,1,61
1,P2:validation:679,,contraposition:invalid,23,,61,validation,P2,61,16.747164607048035,cp_antecedent_polarity,1,61
1,P2:validation:146,,modus_tollens:valid,23,,60,validation,P2,60,14.02832317352295,mt_rule_direction,1,60
1,P2:validation:755,,contraposition:invalid,23,,61,validation,P2,61,27.221875190734863,cp_direction,1,61
1,P2:validation:615,,modus_tollens:invalid,23,,61,validation,P2,61,13.469998359680176,mt_rule_direction,1,61
1,P2:validation:691,,contraposition:invalid,23,,61,validation,P2,61,16.747164607048035,cp_antecedent_polarity,1,61
1,P2:validation:271,,contraposition:invalid,23,,61,validation,P2,61,19.650322437286377,cp_antecedent_polarity,1,61
1,P2:validation:477,,contraposition:invalid,23,,61,validation,P2,61,21.022658109664917,cp_consequent_polarity,1,61
1,P2:validation:671,,contraposition:invalid,23,,61,validation,P2,61,15.880586862564087,cp_direction,1,61
1,P2:validation:2,,modus_tollens:valid,23,,60,validation,P2,60,16.297405242919922,mt_rule_direction,1,60
1,P2:validation:299,,contraposition:invalid,23,,61,validation,P2,61,23.471714973449707,cp_direction,1,61
1,P2:validation:378,,contraposition:valid,23,,60,validation,P2,60,15.03446102142334,cp_antecedent_polarity,1,60
1,P2:validation:627,,modus_tollens:invalid,23,,61,validation,P2,61,18.24186462163925,mt_rule_direction,1,61
1,P2:validation:31,,contraposition:invalid,23,,61,validation,P2,61,15.635036706924438,cp_antecedent_polarity,1,61
1,P2:validation:743,,contraposition:invalid,23,,61,validation,P2,61,25.647212028503418,cp_direction,1,61
1,P2:validation:338,,modus_tollens:valid,23,,60,validation,P2,60,17.71533966064453,mt_rule_direction,1,60
1,P2:validation:724,,modus_tollens:valid,23,,60,validation,P2,60,13.512737274169922,mt_query_polarity,1,60
1,P2:validation:500,,contraposition:valid,23,,60,validation,P2,60,15.970309257507324,cp_consequent_polarity,1,60
1,P2:validation:591,,modus_tollens:invalid,23,,61,validation,P2,61,12.422906875610352,mt_rule_direction,1,61
1,P2:validation:85,,modus_tollens:invalid,23,,61,validation,P2,61,22.563050746917725,mt_fact_polarity,1,61
1,P2:validation:471,,modus_tollens:invalid,23,,61,validation,P2,61,18.423450589179993,mt_rule_direction,1,61
1,P2:validation:469,,modus_tollens:invalid,23,,61,validation,P2,61,23.36390781402588,mt_fact_polarity,1,61
1,P2:validation:354,,contraposition:valid,23,,60,validation,P2,60,22.486196994781494,cp_antecedent_polarity,1,60
1,P2:validation:209,,modus_tollens:invalid,23,,61,validation,P2,61,28.574567794799805,mt_query_polarity,1,61
1,P2:validation:287,,contraposition:invalid,23,,61,validation,P2,61,27.453386783599854,cp_direction,1,61
1,P2:validation:65,,modus_tollens:invalid,23,,61,validation,P2,61,28.646961212158203,mt_query_polarity,1,61
1,P2:validation:48,,modus_tollens:valid,23,,60,validation,P2,60,11.733659744262695,mt_fact_polarity,1,60
1,P2:validation:54,,contraposition:valid,23,,60,validation,P2,60,18.590161323547363,cp_antecedent_polarity,1,60
1,P2:validation:651,,modus_tollens:invalid,23,,61,validation,P2,61,17.463465213775635,mt_rule_direction,1,61
1,P2:validation:100,,modus_tollens:valid,23,,60,validation,P2,60,17.33494472503662,mt_query_polarity,1,60
1,P2:validation:103,,contraposition:invalid,23,,61,validation,P2,61,15.453715085983276,cp_antecedent_polarity,1,61
1,P2:validation:514,,contraposition:valid,23,,60,validation,P2,60,17.17965793609619,cp_direction,1,60
1,P2:validation:490,,contraposition:valid,23,,60,validation,P2,60,15.970309257507324,cp_direction,1,60
1,P2:validation:122,,modus_tollens:valid,23,,60,validation,P2,60,10.43736743927002,mt_rule_direction,1,60
1,P2:validation:550,,contraposition:valid,23,,60,validation,P2,60,13.95803165435791,cp_direction,1,60
1,P2:validation:393,,contraposition:invalid,23,,61,validation,P2,61,19.06688404083252,cp_consequent_polarity,1,61
1,P2:validation:383,,contraposition:invalid,23,,61,validation,P2,61,26.358113765716553,cp_direction,1,61
1,P2:validation:735,,modus_tollens:invalid,23,,61,validation,P2,61,22.360494375228882,mt_rule_direction,1,61
1,P2:validation:732,,modus_tollens:valid,23,,60,validation,P2,60,13.850029945373535,mt_fact_polarity,1,60
1,P2:validation:330,,contraposition:valid,23,,60,validation,P2,60,13.954571723937988,cp_antecedent_polarity,1,60
1,P2:validation:364,,modus_tollens:valid,23,,60,validation,P2,60,16.229371070861816,mt_query_polarity,1,60
1,P2:validation:92,,contraposition:valid,23,,60,validation,P2,60,17.670525550842285,cp_consequent_polarity,1,60
1,P2:validation:609,,contraposition:invalid,23,,61,validation,P2,61,19.245781391859055,cp_consequent_polarity,1,61
1,P2:validation:171,,modus_tollens:invalid,23,,61,validation,P2,61,17.119723320007324,mt_rule_direction,1,61
1,P2:validation:50,,modus_tollens:valid,23,,60,validation,P2,60,10.901395797729492,mt_rule_direction,1,60
1,P2:validation:510,,contraposition:valid,23,,60,validation,P2,60,17.123475074768066,cp_antecedent_polarity,1,60
1,P2:validation:697,,modus_tollens:invalid,23,,61,validation,P2,61,21.937647342681885,mt_fact_polarity,1,61
1,P2:validation:727,,contraposition:invalid,23,,61,validation,P2,61,15.861980676651001,cp_antecedent_polarity,1,61
1,P2:validation:308,,contraposition:valid,23,,60,validation,P2,60,18.67719554901123,cp_consequent_polarity,1,60
1,P2:validation:29,,modus_tollens:invalid,23,,61,validation,P2,61,28.480916023254395,mt_query_polarity,1,61
1,P2:validation:448,,modus_tollens:valid,23,,60,validation,P2,60,15.07803726196289,mt_query_polarity,1,60
1,P2:validation:97,,modus_tollens:invalid,23,,61,validation,P2,61,26.666464805603027,mt_fact_polarity,1,61
1,P2:validation:259,,contraposition:invalid,23,,61,validation,P2,61,15.810364723205566,cp_antecedent_polarity,1,61
1,P2:validation:201,,contraposition:invalid,23,,61,validation,P2,61,19.26632997393608,cp_consequent_polarity,1,61
1,P2:validation:118,,contraposition:valid,23,,60,validation,P2,60,17.951256275177002,cp_direction,1,60
1,P2:validation:240,,modus_tollens:valid,23,,60,validation,P2,60,15.07803726196289,mt_fact_polarity,1,60
1,P2:validation:502,,contraposition:valid,23,,60,validation,P2,60,17.70031452178955,cp_direction,1,60
1,P2:validation:403,,contraposition:invalid,23,,61,validation,P2,61,14.953597068786621,cp_antecedent_polarity,1,61
1,P2:validation:685,,modus_tollens:invalid,23,,61,validation,P2,61,25.132920265197754,mt_fact_polarity,1,61
1,P2:validation:239,,contraposition:invalid,23,,61,validation,P2,61,12.056654930114746,cp_direction,1,61
1,P2:validation:400,,modus_tollens:valid,23,,60,validation,P2,60,9.42194652557373,mt_query_polarity,1,60
1,P2:validation:434,,modus_tollens:valid,23,,60,validation,P2,60,14.077773094177246,mt_rule_direction,1,60
1,P2:validation:382,,contraposition:valid,23,,60,validation,P2,60,12.268598556518555,cp_direction,1,60
1,P2:validation:548,,contraposition:valid,23,,60,validation,P2,60,15.153783798217773,cp_consequent_polarity,1,60
1,P2:validation:638,,modus_tollens:valid,23,,60,validation,P2,60,14.427593231201172,mt_rule_direction,1,60
1,P2:validation:184,,modus_tollens:valid,23,,60,validation,P2,60,10.43736743927002,mt_query_polarity,1,60
1,P2:validation:55,,contraposition:invalid,23,,61,validation,P2,61,15.239969253540039,cp_antecedent_polarity,1,61
1,P2:validation:267,,modus_tollens:invalid,23,,61,validation,P2,61,25.472899436950684,mt_rule_direction,1,61
1,P2:validation:268,,modus_tollens:valid,23,,60,validation,P2,60,10.867851257324219,mt_query_polarity,1,60
1,P2:validation:75,,modus_tollens:invalid,23,,61,validation,P2,61,10.436532020568848,mt_rule_direction,1,61
1,P2:validation:473,,modus_tollens:invalid,23,,61,validation,P2,61,25.051290035247803,mt_query_polarity,1,61
1,P2:validation:241,,modus_tollens:invalid,23,,61,validation,P2,61,26.666464805603027,mt_fact_polarity,1,61
1,P2:validation:564,,modus_tollens:valid,23,,60,validation,P2,60,14.079414367675781,mt_fact_polarity,1,60
1,P2:validation:370,,contraposition:valid,23,,60,validation,P2,60,17.302560806274414,cp_direction,1,60
1,P2:validation:235,,contraposition:invalid,23,,61,validation,P2,61,12.212176322937012,cp_antecedent_polarity,1,61
1,P2:validation:260,,contraposition:valid,23,,60,validation,P2,60,15.22447681427002,cp_consequent_polarity,1,60
1,P2:validation:247,,contraposition:invalid,23,,61,validation,P2,61,16.668737292289734,cp_antecedent_polarity,1,61
1,P2:validation:269,,modus_tollens:invalid,23,,61,validation,P2,61,25.563254356384277,mt_query_polarity,1,61
1,P2:validation:728,,contraposition:valid,23,,60,validation,P2,60,18.33293628692627,cp_consequent_polarity,1,60
1,P2:validation:582,,contraposition:valid,23,,60,validation,P2,60,17.085638999938965,cp_antecedent_polarity,1,60
1,P2:validation:447,,modus_tollens:invalid,23,,61,validation,P2,61,17.422155499458313,mt_rule_direction,1,61
1,P2:validation:127,,contraposition:invalid,23,,61,validation,P2,61,19.60655450820923,cp_antecedent_polarity,1,61
1,P2:validation:144,,modus_tollens:valid,23,,60,validation,P2,60,13.443269729614258,mt_fact_polarity,1,60
1,P2:validation:529,,modus_tollens:invalid,23,,61,validation,P2,61,24.01279354095459,mt_fact_polarity,1,61
1,P2:validation:366,,contraposition:valid,23,,60,validation,P2,60,12.268598556518555,cp_antecedent_polarity,1,60
1,P2:validation:292,,modus_tollens:valid,23,,60,validation,P2,60,16.431734085083008,mt_query_polarity,1,60
1,P2:validation:459,,modus_tollens:invalid,23,,61,validation,P2,61,14.722627639770508,mt_rule_direction,1,61
1,P2:validation:493,,modus_tollens:invalid,23,,61,validation,P2,61,22.54184889793396,mt_fact_polarity,1,61
1,P2:validation:169,,modus_tollens:invalid,23,,61,validation,P2,61,26.647299766540527,mt_fact_polarity,1,61
1,P2:validation:734,,modus_tollens:valid,23,,60,validation,P2,60,17.647052764892578,mt_rule_direction,1,60
1,P2:validation:468,,modus_tollens:valid,23,,60,validation,P2,60,10.954327583312988,mt_fact_polarity,1,60
1,P2:validation:558,,contraposition:valid,23,,60,validation,P2,60,22.477558612823486,cp_antecedent_polarity,1,60
1,P2:validation:654,,contraposition:valid,23,,60,validation,P2,60,18.792479991912842,cp_antecedent_polarity,1,60
1,P2:validation:707,,contraposition:invalid,23,,61,validation,P2,61,27.221875190734863,cp_direction,1,61
1,P2:validation:670,,contraposition:valid,23,,60,validation,P2,60,13.954571723937988,cp_direction,1,60
1,P2:validation:545,,modus_tollens:invalid,23,,61,validation,P2,61,29.507205963134766,mt_query_polarity,1,61
1,P2:validation:189,,contraposition:invalid,23,,61,validation,P2,61,19.117439284920692,cp_consequent_polarity,1,61
1,P2:validation:38,,modus_tollens:valid,23,,60,validation,P2,60,14.427593231201172,mt_rule_direction,1,60
1,P2:validation:622,,contraposition:valid,23,,60,validation,P2,60,13.176061630249023,cp_direction,1,60
1,P2:validation:675,,modus_tollens:invalid,23,,61,validation,P2,61,10.490386962890625,mt_rule_direction,1,61
1,P2:validation:286,,contraposition:valid,23,,60,validation,P2,60,15.8310546875,cp_direction,1,60
1,P2:validation:442,,contraposition:valid,23,,60,validation,P2,60,17.188539505004883,cp_direction,1,60
1,P2:validation:106,,contraposition:valid,23,,60,validation,P2,60,18.067444324493408,cp_direction,1,60
1,P2:validation:167,,contraposition:invalid,23,,61,validation,P2,61,31.786638259887695,cp_direction,1,61
1,P2:validation:374,,modus_tollens:valid,23,,60,validation,P2,60,10.954327583312988,mt_rule_direction,1,60
1,P2:validation:126,,contraposition:valid,23,,60,validation,P2,60,17.046624183654785,cp_antecedent_polarity,1,60
1,P2:validation:274,,contraposition:valid,23,,60,validation,P2,60,13.908987998962402,cp_direction,1,60
1,P2:validation:406,,contraposition:valid,23,,60,validation,P2,60,18.586983680725098,cp_direction,1,60
1,P2:validation:119,,contraposition:invalid,23,,61,validation,P2,61,26.123929023742676,cp_direction,1,61
1,P2:validation:680,,contraposition:valid,23,,60,validation,P2,60,13.816792488098145,cp_consequent_polarity,1,60
1,P2:validation:762,,contraposition:valid,23,,60,validation,P2,60,15.708663940429688,cp_antecedent_polarity,1,60
1,P2:validation:455,,contraposition:invalid,23,,61,validation,P2,61,27.14997625350952,cp_direction,1,61
1,P2:validation:86,,modus_tollens:valid,23,,60,validation,P2,60,14.077773094177246,mt_rule_direction,1,60
1,P2:validation:757,,modus_tollens:invalid,23,,61,validation,P2,61,24.28906011581421,mt_fact_polarity,1,61
1,P2:validation:435,,modus_tollens:invalid,23,,61,validation,P2,61,9.256889343261719,mt_rule_direction,1,61
1,P2:validation:512,,contraposition:valid,23,,60,validation,P2,60,15.722672939300537,cp_consequent_polarity,1,60
1,P2:validation:672,,modus_tollens:valid,23,,60,validation,P2,60,13.725811004638672,mt_fact_polarity,1,60
1,P2:validation:245,,modus_tollens:invalid,23,,61,validation,P2,61,26.93226146697998,mt_query_polarity,1,61
1,P2:validation:302,,modus_tollens:valid,23,,60,validation,P2,60,10.419381141662598,mt_rule_direction,1,60
1,P2:validation:138,,contraposition:valid,23,,60,validation,P2,60,22.41915464401245,cp_antecedent_polarity,1,60
1,P2:validation:607,,contraposition:invalid,23,,61,validation,P2,61,15.239258527755737,cp_antecedent_polarity,1,61
1,P2:validation:645,,contraposition:invalid,23,,61,validation,P2,61,19.698638677597046,cp_consequent_polarity,1,61
1,P2:validation:445,,modus_tollens:invalid,23,,61,validation,P2,61,24.287057876586914,mt_fact_polarity,1,61
1,P2:validation:440,,contraposition:valid,23,,60,validation,P2,60,15.039507389068604,cp_consequent_polarity,1,60
1,P2:validation:35,,contraposition:invalid,23,,61,validation,P2,61,14.999492168426514,cp_direction,1,61
1,P2:validation:335,,contraposition:invalid,23,,61,validation,P2,61,21.68747043609619,cp_direction,1,61
1,P2:validation:644,,contraposition:valid,23,,60,validation,P2,60,12.609134674072266,cp_consequent_polarity,1,60
1,P2:validation:601,,modus_tollens:invalid,23,,61,validation,P2,61,24.72022771835327,mt_fact_polarity,1,61
1,P2:validation:579,,modus_tollens:invalid,23,,61,validation,P2,61,14.722628116607666,mt_rule_direction,1,61
1,P2:validation:630,,contraposition:valid,23,,60,validation,P2,60,14.553242683410645,cp_antecedent_polarity,1,60
1,P2:validation:575,,contraposition:invalid,23,,61,validation,P2,61,27.249220848083496,cp_direction,1,61
1,P2:validation:532,,modus_tollens:valid,23,,60,validation,P2,60,13.390019416809082,mt_query_polarity,1,60
1,P2:validation:261,,contraposition:invalid,23,,61,validation,P2,61,19.68921583890915,cp_consequent_polarity,1,61
1,P2:validation:47,,contraposition:invalid,23,,61,validation,P2,61,28.262309074401855,cp_direction,1,61
1,P2:validation:765,,contraposition:invalid,23,,61,validation,P2,61,19.060581222176552,cp_consequent_polarity,1,61
1,P2:validation:1,,modus_tollens:invalid,23,,61,validation,P2,61,26.643550872802734,mt_fact_polarity,1,61
1,P2:validation:717,,contraposition:invalid,23,,61,validation,P2,61,19.117439284920692,cp_consequent_polarity,1,61
1,P2:validation:346,,contraposition:valid,23,,60,validation,P2,60,15.060418128967285,cp_direction,1,60
1,P2:validation:415,,contraposition:invalid,23,,61,validation,P2,61,12.389471054077148,cp_antecedent_polarity,1,61
1,P2:validation:291,,modus_tollens:invalid,23,,61,validation,P2,61,14.815496921539307,mt_rule_direction,1,61
1,P2:validation:673,,modus_tollens:invalid,23,,61,validation,P2,61,24.08854341506958,mt_fact_polarity,1,61
1,P2:validation:8,,contraposition:valid,23,,60,validation,P2,60,11.528512001037598,cp_consequent_polarity,1,60
1,P2:validation:53,,modus_tollens:invalid,23,,61,validation,P2,61,25.831568241119385,mt_query_polarity,1,61
1,P2:validation:426,,contraposition:valid,23,,60,validation,P2,60,15.722672939300537,cp_antecedent_polarity,1,60
1,P2:validation:72,,modus_tollens:valid,23,,60,validation,P2,60,14.012960433959961,mt_fact_polarity,1,60
1,P2:validation:411,,modus_tollens:invalid,23,,61,validation,P2,61,12.422906875610352,mt_rule_direction,1,61
1,P2:validation:738,,contraposition:valid,23,,60,validation,P2,60,13.954571723937988,cp_antecedent_polarity,1,60
1,P2:validation:305,,modus_tollens:invalid,23,,61,validation,P2,61,29.490209579467773,mt_query_polarity,1,61
1,P2:validation:647,,contraposition:invalid,23,,61,validation,P2,61,30.638113021850586,cp_direction,1,61
1,P2:validation:108,,modus_tollens:valid,23,,60,validation,P2,60,10.108155250549316,mt_fact_polarity,1,60
1,P2:validation:196,,modus_tollens:valid,23,,60,validation,P2,60,13.78277587890625,mt_query_polarity,1,60
1,P2:validation:304,,modus_tollens:valid,23,,60,validation,P2,60,10.346807479858398,mt_query_polarity,1,60
1,P2:validation:386,,modus_tollens:valid,23,,60,validation,P2,60,10.983152389526367,mt_rule_direction,1,60
1,P2:validation:568,,modus_tollens:valid,23,,60,validation,P2,60,10.983152389526367,mt_query_polarity,1,60
1,P2:validation:721,,modus_tollens:invalid,23,,61,validation,P2,61,23.578612565994263,mt_fact_polarity,1,61
1,P2:validation:633,,contraposition:invalid,23,,61,validation,P2,61,19.13692355155945,cp_consequent_polarity,1,61
1,P2:validation:104,,contraposition:valid,23,,60,validation,P2,60,13.639961242675781,cp_consequent_polarity,1,60
1,P2:validation:314,,modus_tollens:valid,23,,60,validation,P2,60,10.419381141662598,mt_rule_direction,1,60
1,P2:validation:408,,modus_tollens:valid,23,,60,validation,P2,60,9.597976684570312,mt_fact_polarity,1,60
1,P2:validation:392,,contraposition:valid,23,,60,validation,P2,60,14.725787162780762,cp_consequent_polarity,1,60
1,P2:validation:401,,modus_tollens:invalid,23,,61,validation,P2,61,25.872880458831787,mt_query_polarity,1,61
1,P2:validation:219,,modus_tollens:invalid,23,,61,validation,P2,61,23.96693205833435,mt_rule_direction,1,61
1,P2:validation:281,,modus_tollens:invalid,23,,61,validation,P2,61,24.465922832489014,mt_query_polarity,1,61
1,P2:validation:317,,modus_tollens:invalid,23,,61,validation,P2,61,25.906760215759277,mt_query_polarity,1,61
1,P2:validation:210,,contraposition:valid,23,,60,validation,P2,60,11.700926780700684,cp_antecedent_polarity,1,60
1,P2:validation:70,,contraposition:valid,23,,60,validation,P2,60,17.935392379760742,cp_direction,1,60
1,P2:validation:300,,modus_tollens:valid,23,,60,validation,P2,60,13.725811004638672,mt_fact_polarity,1,60
1,P2:validation:708,,modus_tollens:valid,23,,60,validation,P2,60,16.229371070861816,mt_fact_polarity,1,60
1,P2:validation:318,,contraposition:valid,23,,60,validation,P2,60,12.190717697143555,cp_antecedent_polarity,1,60
1,P2:validation:624,,modus_tollens:valid,23,,60,validation,P2,60,10.306199073791504,mt_fact_polarity,1,60
1,P2:validation:340,,modus_tollens:valid,23,,60,validation,P2,60,10.857738494873047,mt_query_polarity,1,60
1,P2:validation:359,,contraposition:invalid,23,,61,validation,P2,61,24.770615577697754,cp_direction,1,61
1,P2:validation:413,,modus_tollens:invalid,23,,61,validation,P2,61,25.060811042785645,mt_query_polarity,1,61
1,P2:validation:164,,contraposition:valid,23,,60,validation,P2,60,15.153555870056152,cp_consequent_polarity,1,60
1,P2:validation:452,,contraposition:valid,23,,60,validation,P2,60,17.670525550842285,cp_consequent_polarity,1,60
1,P2:validation:212,,contraposition:valid,23,,60,validation,P2,60,13.983989715576172,cp_consequent_polarity,1,60
1,P2:validation:203,,contraposition:invalid,23,,61,validation,P2,61,30.815820693969727,cp_direction,1,61
1,P2:validation:555,,modus_tollens:invalid,23,,61,validation,P2,61,15.601939678192139,mt_rule_direction,1,61
1,P2:validation:76,,modus_tollens:valid,23,,60,validation,P2,60,16.464523315429688,mt_query_polarity,1,60
1,P2:validation:474,,contraposition:valid,23,,60,validation,P2,60,17.188539505004883,cp_antecedent_polarity,1,60
1,P2:validation:581,,modus_tollens:invalid,23,,61,validation,P2,61,24.490845680236816,mt_query_polarity,1,61
1,P2:validation:242,,modus_tollens:valid,23,,60,validation,P2,60,17.46292781829834,mt_rule_direction,1,60
1,P2:validation:322,,contraposition:valid,23,,60,validation,P2,60,15.08559513092041,cp_direction,1,60
1,P2:validation:368,,contraposition:valid,23,,60,validation,P2,60,14.5383939743042,cp_consequent_polarity,1,60
1,P2:validation:381,,contraposition:invalid,23,,61,validation,P2,61,19.13692355155945,cp_consequent_polarity,1,61
1,P2:validation:759,,modus_tollens:invalid,23,,61,validation,P2,61,10.410215377807617,mt_rule_direction,1,61
1,P2:validation:420,,modus_tollens:valid,23,,60,validation,P2,60,14.10783863067627,mt_fact_polarity,1,60
1,P2:validation:30,,contraposition:valid,23,,60,validation,P2,60,15.073008060455322,cp_antecedent_polarity,1,60
1,P2:validation:313,,modus_tollens:invalid,23,,61,validation,P2,61,23.225253105163574,mt_fact_polarity,1,61
1,P2:validation:458,,modus_tollens:valid,23,,60,validation,P2,60,10.231620788574219,mt_rule_direction,1,60
1,P2:validation:753,,contraposition:invalid,23,,61,validation,P2,61,21.006831884384155,cp_consequent_polarity,1,61
1,P2:validation:298,,contraposition:valid,23,,60,validation,P2,60,14.99875545501709,cp_direction,1,60
1,P2:validation:11,,contraposition:invalid,23,,61,validation,P2,61,24.0081467628479,cp_direction,1,61
1,P2:validation:648,,modus_tollens:valid,23,,60,validation,P2,60,14.506362915039062,mt_fact_polarity,1,60
1,P2:validation:387,,modus_tollens:invalid,23,,61,validation,P2,61,17.23385214805603,mt_rule_direction,1,61
1,P2:validation:234,,contraposition:valid,23,,60,validation,P2,60,18.146992683410645,cp_antecedent_polarity,1,60
1,P2:validation:511,,contraposition:invalid,23,,61,validation,P2,61,12.418553829193115,cp_antecedent_polarity,1,61
1,P2:validation:15,,modus_tollens:invalid,23,,61,validation,P2,61,17.996742248535156,mt_rule_direction,1,61
1,P2:validation:288,,modus_tollens:valid,23,,60,validation,P2,60,11.347232818603516,mt_fact_polarity,1,60
1,P2:validation:460,,modus_tollens:valid,23,,60,validation,P2,60,14.427593231201172,mt_query_polarity,1,60
1,P2:validation:107,,contraposition:invalid,23,,61,validation,P2,61,13.719915390014648,cp_direction,1,61
1,P2:validation:636,,modus_tollens:valid,23,,60,validation,P2,60,10.278977394104004,mt_fact_polarity,1,60
1,P2:validation:334,,contraposition:valid,23,,60,validation,P2,60,18.341851711273193,cp_direction,1,60
1,P2:validation:429,,contraposition:invalid,23,,61,validation,P2,61,21.956931591033936,cp_consequent_polarity,1,61
1,P2:validation:310,,contraposition:valid,23,,60,validation,P2,60,15.153783798217773,cp_direction,1,60
1,P2:validation:565,,modus_tollens:invalid,23,,61,validation,P2,61,22.43338942527771,mt_fact_polarity,1,61
1,P2:validation:605,,modus_tollens:invalid,23,,61,validation,P2,61,25.68578863143921,mt_query_polarity,1,61
1,P2:validation:399,,modus_tollens:invalid,23,,61,validation,P2,61,10.436532020568848,mt_rule_direction,1,61
1,P2:validation:7,,contraposition:invalid,23,,61,validation,P2,61,16.054171562194824,cp_antecedent_polarity,1,61
1,P2:validation:409,,modus_tollens:invalid,23,,61,validation,P2,61,22.779314756393433,mt_fact_polarity,1,61
1,P2:validation:290,,modus_tollens:valid,23,,60,validation,P2,60,10.751748085021973,mt_rule_direction,1,60
1,P2:validation:221,,modus_tollens:invalid,23,,61,validation,P2,61,27.808134078979492,mt_query_polarity,1,61
1,P2:validation:649,,modus_tollens:invalid,23,,61,validation,P2,61,22.76851534843445,mt_fact_polarity,1,61
1,P2:validation:33,,contraposition:invalid,23,,61,validation,P2,61,19.152877181768417,cp_consequent_polarity,1,61
1,P2:validation:264,,modus_tollens:valid,23,,60,validation,P2,60,14.99268913269043,mt_fact_polarity,1,60
1,P2:validation:352,,modus_tollens:valid,23,,60,validation,P2,60,13.850029945373535,mt_query_polarity,1,60
1,P2:validation:567,,modus_tollens:invalid,23,,61,validation,P2,61,15.823570728302002,mt_rule_direction,1,61
1,P2:validation:485,,modus_tollens:invalid,23,,61,validation,P2,61,25.623887062072754,mt_query_polarity,1,61
1,P2:validation:232,,modus_tollens:valid,23,,60,validation,P2,60,11.592769622802734,mt_query_polarity,1,60
1,P2:validation:619,,contraposition:invalid,23,,61,validation,P2,61,15.035834074020386,cp_antecedent_polarity,1,61
1,P2:validation:508,,modus_tollens:valid,23,,60,validation,P2,60,16.23572826385498,mt_query_polarity,1,60
1,P2:validation:198,,contraposition:valid,23,,60,validation,P2,60,18.341851711273193,cp_antecedent_polarity,1,60
1,P2:validation:461,,modus_tollens:invalid,23,,61,validation,P2,61,26.989248275756836,mt_query_polarity,1,61
1,P2:validation:543,,modus_tollens:invalid,23,,61,validation,P2,61,11.619823455810547,mt_rule_direction,1,61
1,P2:validation:116,,contraposition:valid,23,,60,validation,P2,60,15.22447681427002,cp_consequent_polarity,1,60
1,P2:validation:254,,modus_tollens:valid,23,,60,validation,P2,60,10.704425811767578,mt_rule_direction,1,60
1,P2:validation:16,,modus_tollens:valid,23,,60,validation,P2,60,10.396570205688477,mt_query_polarity,1,60
1,P2:validation:61,,modus_tollens:invalid,23,,61,validation,P2,61,21.121002674102783,mt_fact_polarity,1,61
1,P2:validation:276,,modus_tollens:valid,23,,60,validation,P2,60,13.374549865722656,mt_fact_polarity,1,60
1,P2:validation:13,,modus_tollens:invalid,23,,61,validation,P2,61,21.16989541053772,mt_fact_polarity,1,61
1,P2:validation:425,,modus_tollens:invalid,23,,61,validation,P2,61,25.53114938735962,mt_query_polarity,1,61
1,P2:validation:665,,modus_tollens:invalid,23,,61,validation,P2,61,27.70612621307373,mt_query_polarity,1,61
1,P2:validation:358,,contraposition:valid,23,,60,validation,P2,60,15.247357368469238,cp_direction,1,60
1,P2:validation:725,,modus_tollens:invalid,23,,61,validation,P2,61,29.53562068939209,mt_query_polarity,1,61
1,P2:validation:98,,modus_tollens:valid,23,,60,validation,P2,60,10.306199073791504,mt_rule_direction,1,60
1,P2:validation:194,,modus_tollens:valid,23,,60,validation,P2,60,11.589269638061523,mt_rule_direction,1,60
1,P2:validation:696,,modus_tollens:valid,23,,60,validation,P2,60,14.389595031738281,mt_fact_polarity,1,60
1,P2:validation:576,,modus_tollens:valid,23,,60,validation,P2,60,13.78277587890625,mt_fact_polarity,1,60
1,P2:validation:578,,modus_tollens:valid,23,,60,validation,P2,60,13.685502052307129,mt_rule_direction,1,60
1,P2:validation:224,,contraposition:valid,23,,60,validation,P2,60,14.5383939743042,cp_consequent_polarity,1,60
1,P2:validation:37,,modus_tollens:invalid,23,,61,validation,P2,61,22.988337516784668,mt_fact_polarity,1,61
1,P2:validation:594,,contraposition:valid,23,,60,validation,P2,60,18.341851711273193,cp_antecedent_polarity,1,60
1,P2:validation:40,,modus_tollens:valid,23,,60,validation,P2,60,14.99268913269043,mt_query_polarity,1,60
1,P2:validation:600,,modus_tollens:valid,23,,60,validation,P2,60,13.512737274169922,mt_fact_polarity,1,60
1,P2:validation:661,,modus_tollens:invalid,23,,61,validation,P2,61,26.679320335388184,mt_fact_polarity,1,61
1,P2:validation:569,,modus_tollens:invalid,23,,61,validation,P2,61,28.574567794799805,mt_query_polarity,1,61
1,P2:validation:693,,contraposition:invalid,23,,61,validation,P2,61,20.998154878616333,cp_consequent_polarity,1,61
1,P2:validation:676,,modus_tollens:valid,23,,60,validation,P2,60,16.321040153503418,mt_query_polarity,1,60
1,P2:validation:132,,modus_tollens:valid,23,,60,validation,P2,60,13.434453010559082,mt_fact_polarity,1,60
1,P2:validation:642,,contraposition:valid,23,,60,validation,P2,60,18.105136394500732,cp_antecedent_polarity,1,60
1,P2:validation:470,,modus_tollens:valid,23,,60,validation,P2,60,14.533652305603027,mt_rule_direction,1,60
1,P2:validation:204,,modus_tollens:valid,23,,60,validation,P2,60,10.704425811767578,mt_fact_polarity,1,60
1,P2:validation:522,,contraposition:valid,23,,60,validation,P2,60,18.572730541229248,cp_antecedent_polarity,1,60
1,P2:validation:174,,contraposition:valid,23,,60,validation,P2,60,15.563298225402832,cp_antecedent_polarity,1,60
1,P2:validation:574,,contraposition:valid,23,,60,validation,P2,60,13.908990859985352,cp_direction,1,60
1,P2:validation:542,,modus_tollens:valid,23,,60,validation,P2,60,13.193928718566895,mt_rule_direction,1,60
1,P2:validation:26,,modus_tollens:valid,23,,60,validation,P2,60,13.725811004638672,mt_rule_direction,1,60
1,P2:validation:371,,contraposition:invalid,23,,61,validation,P2,61,22.541383266448975,cp_direction,1,61
1,P2:validation:752,,contraposition:valid,23,,60,validation,P2,60,15.74534797668457,cp_consequent_polarity,1,60
1,P2:validation:540,,modus_tollens:valid,23,,60,validation,P2,60,13.512737274169922,mt_fact_polarity,1,60
1,P2:validation:115,,contraposition:invalid,23,,61,validation,P2,61,17.08294266462326,cp_antecedent_polarity,1,61
1,P2:validation:166,,contraposition:valid,23,,60,validation,P2,60,18.58698844909668,cp_direction,1,60
1,P2:validation:285,,contraposition:invalid,23,,61,validation,P2,61,20.998154878616333,cp_consequent_polarity,1,61
1,P2:validation:480,,modus_tollens:valid,23,,60,validation,P2,60,10.419381141662598,mt_fact_polarity,1,60
1,P2:validation:77,,modus_tollens:invalid,23,,61,validation,P2,61,24.422710418701172,mt_query_polarity,1,61
1,P2:validation:41,,modus_tollens:invalid,23,,61,validation,P2,61,27.024965286254883,mt_query_polarity,1,61
1,P2:validation:620,,contraposition:valid,23,,60,validation,P2,60,16.88096809387207,cp_consequent_polarity,1,60
1,P2:validation:319,,contraposition:invalid,23,,61,validation,P2,61,16.747164607048035,cp_antecedent_polarity,1,61
1,P2:validation:73,,modus_tollens:invalid,23,,61,validation,P2,61,22.407031536102295,mt_fact_polarity,1,61
1,P2:validation:589,,modus_tollens:invalid,23,,61,validation,P2,61,22.749024629592896,mt_fact_polarity,1,61
1,P2:validation:491,,contraposition:invalid,23,,61,validation,P2,61,26.124162197113037,cp_direction,1,61
1,P2:validation:52,,modus_tollens:valid,23,,60,validation,P2,60,13.429232597351074,mt_query_polarity,1,60
1,P2:validation:78,,contraposition:valid,23,,60,validation,P2,60,15.153555870056152,cp_antecedent_polarity,1,60
1,P2:validation:748,,modus_tollens:valid,23,,60,validation,P2,60,13.725811004638672,mt_query_polarity,1,60
1,P2:validation:297,,contraposition:invalid,23,,61,validation,P2,61,18.736200213432312,cp_consequent_polarity,1,61
1,P2:validation:155,,contraposition:invalid,23,,61,validation,P2,61,28.229849815368652,cp_direction,1,61
1,P2:validation:715,,contraposition:invalid,23,,61,validation,P2,61,14.47982931137085,cp_antecedent_polarity,1,61
1,P2:validation:709,,modus_tollens:invalid,23,,61,validation,P2,61,26.67228412628174,mt_fact_polarity,1,61
1,P2:validation:506,,modus_tollens:valid,23,,60,validation,P2,60,13.205474853515625,mt_rule_direction,1,60
1,P2:validation:587,,contraposition:invalid,23,,61,validation,P2,61,31.29874038696289,cp_direction,1,61
1,P2:validation:433,,modus_tollens:invalid,23,,61,validation,P2,61,21.16989541053772,mt_fact_polarity,1,61
1,P2:validation:596,,contraposition:valid,23,,60,validation,P2,60,15.457620620727539,cp_consequent_polarity,1,60
1,P2:validation:69,,contraposition:invalid,23,,61,validation,P2,61,18.99128669500351,cp_consequent_polarity,1,61
1,P2:validation:763,,contraposition:invalid,23,,61,validation,P2,61,17.520328640937805,cp_antecedent_polarity,1,61
1,P2:validation:530,,modus_tollens:valid,23,,60,validation,P2,60,11.347232818603516,mt_rule_direction,1,60
1,P2:validation:487,,contraposition:invalid,23,,61,validation,P2,61,17.17257046699524,cp_antecedent_polarity,1,61
1,P2:validation:700,,modus_tollens:valid,23,,60,validation,P2,60,10.751748085021973,mt_query_polarity,1,60
1,P2:validation:534,,contraposition:valid,23,,60,validation,P2,60,13.051413536071777,cp_antecedent_polarity,1,60
1,P2:validation:521,,modus_tollens:invalid,23,,61,validation,P2,61,25.729267120361328,mt_query_polarity,1,61
1,P2:validation:664,,modus_tollens:valid,23,,60,validation,P2,60,10.43736743927002,mt_query_polarity,1,60
1,P2:validation:557,,modus_tollens:invalid,23,,61,validation,P2,61,26.93226146697998,mt_query_polarity,1,61
1,P2:validation:351,,modus_tollens:invalid,23,,61,validation,P2,61,20.698275685310364,mt_rule_direction,1,61
1,P2:validation:549,,contraposition:invalid,23,,61,validation,P2,61,21.246561765670776,cp_consequent_polarity,1,61
1,P2:validation:223,,contraposition:invalid,23,,61,validation,P2,61,17.188252478837967,cp_antecedent_polarity,1,61
1,P2:validation:760,,modus_tollens:valid,23,,60,validation,P2,60,13.850029945373535,mt_query_polarity,1,60
1,P2:validation:666,,contraposition:valid,23,,60,validation,P2,60,11.895059585571289,cp_antecedent_polarity,1,60
1,P2:validation:228,,modus_tollens:valid,23,,60,validation,P2,60,15.099684715270996,mt_fact_polarity,1,60
1,P2:validation:380,,contraposition:valid,23,,60,validation,P2,60,18.605443000793457,cp_consequent_polarity,1,60
1,P2:validation:437,,modus_tollens:invalid,23,,61,validation,P2,61,25.846928596496582,mt_query_polarity,1,61
1,P2:validation:692,,contraposition:valid,23,,60,validation,P2,60,17.12347412109375,cp_consequent_polarity,1,60
1,P2:validation:472,,modus_tollens:valid,23,,60,validation,P2,60,13.306078910827637,mt_query_polarity,1,60
1,P2:validation:46,,contraposition:valid,23,,60,validation,P2,60,17.849145889282227,cp_direction,1,60
1,P2:validation:253,,modus_tollens:invalid,23,,61,validation,P2,61,26.670440673828125,mt_fact_polarity,1,61
1,P2:validation:289,,modus_tollens:invalid,23,,61,validation,P2,61,22.805716037750244,mt_fact_polarity,1,61
1,P2:validation:412,,modus_tollens:valid,23,,60,validation,P2,60,14.996967315673828,mt_query_polarity,1,60
1,P2:validation:172,,modus_tollens:valid,23,,60,validation,P2,60,13.390019416809082,mt_query_polarity,1,60
1,P2:validation:389,,modus_tollens:invalid,23,,61,validation,P2,61,27.720311164855957,mt_query_polarity,1,61
1,P2:validation:356,,contraposition:valid,23,,60,validation,P2,60,18.341851711273193,cp_consequent_polarity,1,60
1,P2:validation:686,,modus_tollens:valid,23,,60,validation,P2,60,13.873871803283691,mt_rule_direction,1,60
1,P2:validation:588,,modus_tollens:valid,23,,60,validation,P2,60,13.46378231048584,mt_fact_polarity,1,60
1,P2:validation:418,,contraposition:valid,23,,60,validation,P2,60,12.190717697143555,cp_direction,1,60
1,P2:validation:402,,contraposition:valid,23,,60,validation,P2,60,18.714252471923828,cp_antecedent_polarity,1,60
1,P2:validation:394,,contraposition:valid,23,,60,validation,P2,60,19.713085651397705,cp_direction,1,60
1,P2:validation:20,,contraposition:valid,23,,60,validation,P2,60,12.190717697143555,cp_consequent_polarity,1,60
1,P2:validation:246,,contraposition:valid,23,,60,validation,P2,60,12.609134674072266,cp_antecedent_polarity,1,60
1,P2:validation:668,,contraposition:valid,23,,60,validation,P2,60,18.605443000793457,cp_consequent_polarity,1,60
1,P2:validation:258,,contraposition:valid,23,,60,validation,P2,60,18.53932237625122,cp_antecedent_polarity,1,60
1,P2:validation:584,,contraposition:valid,23,,60,validation,P2,60,17.849145889282227,cp_consequent_polarity,1,60
1,P2:validation:324,,modus_tollens:valid,23,,60,validation,P2,60,17.71533966064453,mt_fact_polarity,1,60
1,P2:validation:561,,contraposition:invalid,23,,61,validation,P2,61,18.662498593330383,cp_consequent_polarity,1,61
1,P2:validation:94,,contraposition:valid,23,,60,validation,P2,60,17.670525550842285,cp_direction,1,60
1,P2:validation:320,,contraposition:valid,23,,60,validation,P2,60,17.700316429138184,cp_consequent_polarity,1,60
1,P2:validation:278,,modus_tollens:valid,23,,60,validation,P2,60,17.493340492248535,mt_rule_direction,1,60
1,P2:validation:683,,contraposition:invalid,23,,61,validation,P2,61,17.18656277656555,cp_direction,1,61
1,P2:validation:361,,modus_tollens:invalid,23,,61,validation,P2,61,24.72022771835327,mt_fact_polarity,1,61
1,P2:validation:443,,contraposition:invalid,23,,61,validation,P2,61,19.760518789291382,cp_direction,1,61
1,P2:validation:233,,modus_tollens:invalid,23,,61,validation,P2,61,25.074469089508057,mt_query_polarity,1,61
1,P2:validation:509,,modus_tollens:invalid,23,,61,validation,P2,61,25.623887062072754,mt_query_polarity,1,61
1,P2:validation:252,,modus_tollens:valid,23,,60,validation,P2,60,13.751832962036133,mt_fact_polarity,1,60
1,P2:validation:147,,modus_tollens:invalid,23,,61,validation,P2,61,19.80945536494255,mt_rule_direction,1,61
1,P2:validation:407,,contraposition:invalid,23,,61,validation,P2,61,28.262309074401855,cp_direction,1,61
1,P2:validation:188,,contraposition:valid,23,,60,validation,P2,60,17.70031452178955,cp_consequent_polarity,1,60
1,P2:validation:333,,contraposition:invalid,23,,61,validation,P2,61,20.887006282806396,cp_consequent_polarity,1,61
1,P2:validation:336,,modus_tollens:valid,23,,60,validation,P2,60,14.389595031738281,mt_fact_polarity,1,60
1,P2:validation:746,,modus_tollens:valid,23,,60,validation,P2,60,16.431734085083008,mt_rule_direction,1,60
1,P2:validation:531,,modus_tollens:invalid,23,,61,validation,P2,61,20.13304114341736,mt_rule_direction,1,61
1,P2:validation:520,,modus_tollens:valid,23,,60,validation,P2,60,13.830968856811523,mt_query_polarity,1,60
1,P2:validation:449,,modus_tollens:invalid,23,,61,validation,P2,61,25.80419635772705,mt_query_polarity,1,61
1,P2:validation:339,,modus_tollens:invalid,23,,61,validation,P2,61,18.24186462163925,mt_rule_direction,1,61
1,P2:validation:280,,modus_tollens:valid,23,,60,validation,P2,60,10.289649963378906,mt_query_polarity,1,60
1,P2:validation:311,,contraposition:invalid,23,,61,validation,P2,61,26.124162197113037,cp_direction,1,61
1,P2:validation:496,,modus_tollens:valid,23,,60,validation,P2,60,13.443269729614258,mt_query_polarity,1,60
1,P2:validation:663,,modus_tollens:invalid,23,,61,validation,P2,61,15.640688419342041,mt_rule_direction,1,61
1,P2:validation:462,,contraposition:valid,23,,60,validation,P2,60,14.522616386413574,cp_antecedent_polarity,1,60
1,P2:validation:736,,modus_tollens:valid,23,,60,validation,P2,60,10.901395797729492,mt_query_polarity,1,60
1,P2:validation:186,,contraposition:valid,23,,60,validation,P2,60,18.22162914276123,cp_antecedent_polarity,1,60
1,P2:validation:197,,modus_tollens:invalid,23,,61,validation,P2,61,25.563565254211426,mt_query_polarity,1,61
1,P2:validation:423,,modus_tollens:invalid,23,,61,validation,P2,61,9.800113677978516,mt_rule_direction,1,61
1,P2:validation:526,,contraposition:valid,23,,60,validation,P2,60,18.105136394500732,cp_direction,1,60
1,P2:validation:719,,contraposition:invalid,23,,61,validation,P2,61,25.73570156097412,cp_direction,1,61
1,P2:validation:142,,contraposition:valid,23,,60,validation,P2,60,15.245033264160156,cp_direction,1,60
1,P2:validation:398,,modus_tollens:valid,23,,60,validation,P2,60,14.079414367675781,mt_rule_direction,1,60
1,P2:validation:639,,modus_tollens:invalid,23,,61,validation,P2,61,17.76738429069519,mt_rule_direction,1,61
1,P2:validation:43,,contraposition:invalid,23,,61,validation,P2,61,12.38233757019043,cp_antecedent_polarity,1,61
1,P2:validation:110,,modus_tollens:valid,23,,60,validation,P2,60,10.306199073791504,mt_rule_direction,1,60
1,P2:validation:625,,modus_tollens:invalid,23,,61,validation,P2,61,24.72022771835327,mt_fact_polarity,1,61
1,P2:validation:456,,modus_tollens:valid,23,,60,validation,P2,60,11.541736602783203,mt_fact_polarity,1,60
1,P2:validation:704,,contraposition:valid,23,,60,validation,P2,60,15.722672939300537,cp_consequent_polarity,1,60
1,P2:validation:114,,contraposition:valid,23,,60,validation,P2,60,18.633080005645752,cp_antecedent_polarity,1,60
1,P2:validation:12,,modus_tollens:valid,23,,60,validation,P2,60,10.660531044006348,mt_fact_polarity,1,60
1,P2:validation:562,,contraposition:valid,23,,60,validation,P2,60,16.999544143676758,cp_direction,1,60
1,P2:validation:208,,modus_tollens:valid,23,,60,validation,P2,60,11.58926773071289,mt_query_polarity,1,60
1,P2:validation:238,,contraposition:valid,23,,60,validation,P2,60,18.146992206573486,cp_direction,1,60
1,P2:validation:123,,modus_tollens:invalid,23,,61,validation,P2,61,19.294883012771606,mt_rule_direction,1,61
1,P2:validation:479,,contraposition:invalid,23,,61,validation,P2,61,19.19014322012663,cp_direction,1,61
1,P2:validation:395,,contraposition:invalid,23,,61,validation,P2,61,13.931296825408936,cp_direction,1,61
1,P2:validation:248,,contraposition:valid,23,,60,validation,P2,60,14.259197235107422,cp_consequent_polarity,1,60
1,P2:validation:195,,modus_tollens:invalid,23,,61,validation,P2,61,16.53839898109436,mt_rule_direction,1,61
1,P2:validation:236,,contraposition:valid,23,,60,validation,P2,60,15.563298225402832,cp_consequent_polarity,1,60
1,P2:validation:718,,contraposition:valid,23,,60,validation,P2,60,14.5383939743042,cp_direction,1,60
1,P2:validation:410,,modus_tollens:valid,23,,60,validation,P2,60,14.02832317352295,mt_rule_direction,1,60
1,P2:validation:372,,modus_tollens:valid,23,,60,validation,P2,60,14.87114429473877,mt_fact_polarity,1,60
1,P2:validation:283,,contraposition:invalid,23,,61,validation,P2,61,14.966950178146362,cp_antecedent_polarity,1,61
1,P2:validation:84,,modus_tollens:valid,23,,60,validation,P2,60,13.721233367919922,mt_fact_polarity,1,60
1,P2:validation:547,,contraposition:invalid,23,,61,validation,P2,61,15.773900508880615,cp_antecedent_polarity,1,61
1,P2:validation:323,,contraposition:invalid,23,,61,validation,P2,61,27.07151174545288,cp_direction,1,61
1,P2:validation:482,,modus_tollens:valid,23,,60,validation,P2,60,14.427593231201172,mt_rule_direction,1,60
1,P2:validation:231,,modus_tollens:invalid,23,,61,validation,P2,61,16.14066219329834,mt_rule_direction,1,61
1,P2:validation:295,,contraposition:invalid,23,,61,validation,P2,61,17.02307677268982,cp_antecedent_polarity,1,61
1,P2:validation:59,,contraposition:invalid,23,,61,validation,P2,61,15.880586862564087,cp_direction,1,61
1,P2:validation:635,,contraposition:invalid,23,,61,validation,P2,61,22.7621066570282,cp_direction,1,61
1,P2:validation:486,,contraposition:valid,23,,60,validation,P2,60,22.54343891143799,cp_antecedent_polarity,1,60
1,P2:validation:266,,modus_tollens:valid,23,,60,validation,P2,60,14.694522857666016,mt_rule_direction,1,60
1,P2:validation:192,,modus_tollens:valid,23,,60,validation,P2,60,14.389595031738281,mt_fact_polarity,1,60
1,P2:validation:102,,contraposition:valid,23,,60,validation,P2,60,13.994773864746094,cp_antecedent_polarity,1,60
1,P2:validation:176,,contraposition:valid,23,,60,validation,P2,60,17.301401138305664,cp_consequent_polarity,1,60
1,P2:validation:733,,modus_tollens:invalid,23,,61,validation,P2,61,22.628159523010254,mt_fact_polarity,1,61
1,P2:validation:504,,modus_tollens:valid,23,,60,validation,P2,60,17.416369438171387,mt_fact_polarity,1,60
1,P2:validation:451,,contraposition:invalid,23,,61,validation,P2,61,12.212176322937012,cp_antecedent_polarity,1,61
1,P2:validation:293,,modus_tollens:invalid,23,,61,validation,P2,61,25.288050651550293,mt_query_polarity,1,61
1,P2:validation:379,,contraposition:invalid,23,,61,validation,P2,61,17.188252478837967,cp_antecedent_polarity,1,61
1,P2:validation:24,,modus_tollens:valid,23,,60,validation,P2,60,13.685502052307129,mt_fact_polarity,1,60
1,P2:validation:130,,contraposition:valid,23,,60,validation,P2,60,18.67719554901123,cp_direction,1,60
1,P2:validation:309,,contraposition:invalid,23,,61,validation,P2,61,21.226227283477783,cp_consequent_polarity,1,61
1,P2:validation:345,,contraposition:invalid,23,,61,validation,P2,61,21.84754991531372,cp_consequent_polarity,1,61
1,P2:validation:681,,contraposition:invalid,23,,61,validation,P2,61,21.212724447250366,cp_consequent_polarity,1,61
1,P2:validation:674,,modus_tollens:valid,23,,60,validation,P2,60,11.490732192993164,mt_rule_direction,1,60
1,P2:validation:637,,modus_tollens:invalid,23,,61,validation,P2,61,23.06864309310913,mt_fact_polarity,1,61
1,P2:validation:687,,modus_tollens:invalid,23,,61,validation,P2,61,16.69380259513855,mt_rule_direction,1,61
1,P2:validation:277,,modus_tollens:invalid,23,,61,validation,P2,61,26.70339298248291,mt_fact_polarity,1,61
1,P2:validation:216,,modus_tollens:valid,23,,60,validation,P2,60,10.751748085021973,mt_fact_polarity,1,60
1,P2:validation:497,,modus_tollens:invalid,23,,61,validation,P2,61,29.58633041381836,mt_query_polarity,1,61
1,P2:validation:182,,modus_tollens:valid,23,,60,validation,P2,60,11.592769622802734,mt_rule_direction,1,60
1,P2:validation:117,,contraposition:invalid,23,,61,validation,P2,61,19.194384455680847,cp_consequent_polarity,1,61
1,P2:validation:749,,modus_tollens:invalid,23,,61,validation,P2,61,25.627037525177002,mt_query_polarity,1,61
1,P2:validation:604,,modus_tollens:valid,23,,60,validation,P2,60,16.291906356811523,mt_query_polarity,1,60
1,P2:validation:32,,contraposition:valid,23,,60,validation,P2,60,12.019548416137695,cp_consequent_polarity,1,60
1,P2:validation:414,,contraposition:valid,23,,60,validation,P2,60,14.644150733947754,cp_antecedent_polarity,1,60
1,P2:validation:367,,contraposition:invalid,23,,61,validation,P2,61,14.994451761245728,cp_antecedent_polarity,1,61
1,P2:validation:553,,modus_tollens:invalid,23,,61,validation,P2,61,21.129583716392517,mt_fact_polarity,1,61
1,P2:validation:571,,contraposition:invalid,23,,61,validation,P2,61,19.814063787460327,cp_antecedent_polarity,1,61
1,P2:validation:608,,contraposition:valid,23,,60,validation,P2,60,15.708663940429688,cp_consequent_polarity,1,60
1,P2:validation:170,,modus_tollens:valid,23,,60,validation,P2,60,13.685502052307129,mt_rule_direction,1,60
1,P2:validation:17,,modus_tollens:invalid,23,,61,validation,P2,61,25.158097743988037,mt_query_polarity,1,61
1,P2:validation:200,,contraposition:valid,23,,60,validation,P2,60,11.600359916687012,cp_consequent_polarity,1,60
1,P2:validation:362,,modus_tollens:valid,23,,60,validation,P2,60,10.826714515686035,mt_rule_direction,1,60
1,P2:validation:603,,modus_tollens:invalid,23,,61,validation,P2,61,9.1083402633667,mt_rule_direction,1,61
1,P2:validation:10,,contraposition:valid,23,,60,validation,P2,60,18.651153087615967,cp_direction,1,60
1,P2:validation:618,,contraposition:valid,23,,60,validation,P2,60,18.58698844909668,cp_antecedent_polarity,1,60
1,P2:validation:105,,contraposition:invalid,23,,61,validation,P2,61,16.28600811958313,cp_consequent_polarity,1,61
1,P2:validation:747,,modus_tollens:invalid,23,,61,validation,P2,61,12.04996919631958,mt_rule_direction,1,61
1,P2:validation:427,,contraposition:invalid,23,,61,validation,P2,61,12.212176322937012,cp_antecedent_polarity,1,61
1,P2:validation:153,,contraposition:invalid,23,,61,validation,P2,61,19.118849635124207,cp_consequent_polarity,1,61
1,P2:validation:503,,contraposition:invalid,23,,61,validation,P2,61,17.18656277656555,cp_direction,1,61
1,P2:validation:279,,modus_tollens:invalid,23,,61,validation,P2,61,12.422906875610352,mt_rule_direction,1,61
1,P2:validation:741,,contraposition:invalid,23,,61,validation,P2,61,21.862420558929443,cp_consequent_polarity,1,61
1,P2:validation:160,,modus_tollens:valid,23,,60,validation,P2,60,14.02832317352295,mt_query_polarity,1,60
1,P2:validation:71,,contraposition:invalid,23,,61,validation,P2,61,13.719918251037598,cp_direction,1,61
1,P2:validation:327,,modus_tollens:invalid,23,,61,validation,P2,61,17.119726181030273,mt_rule_direction,1,61
1,P2:validation:272,,contraposition:valid,23,,60,validation,P2,60,18.572730541229248,cp_consequent_polarity,1,60
1,P2:validation:168,,modus_tollens:valid,23,,60,validation,P2,60,13.352540969848633,mt_fact_polarity,1,60
1,P2:validation:211,,contraposition:invalid,23,,61,validation,P2,61,12.091854572296143,cp_antecedent_polarity,1,61
1,P2:validation:344,,contraposition:valid,23,,60,validation,P2,60,15.74534797668457,cp_consequent_polarity,1,60
1,P2:validation:90,,contraposition:valid,23,,60,validation,P2,60,17.849145889282227,cp_antecedent_polarity,1,60
1,P2:validation:257,,modus_tollens:invalid,23,,61,validation,P2,61,27.73375129699707,mt_query_polarity,1,61
1,P2:validation:156,,modus_tollens:valid,23,,60,validation,P2,60,14.87114429473877,mt_fact_polarity,1,60
1,P2:validation:761,,modus_tollens:invalid,23,,61,validation,P2,61,24.475436210632324,mt_query_polarity,1,61
1,P2:validation:251,,contraposition:invalid,23,,61,validation,P2,61,21.52096128463745,cp_direction,1,61
1,P2:validation:525,,contraposition:invalid,23,,61,validation,P2,61,19.194384455680847,cp_consequent_polarity,1,61
1,P2:validation:161,,modus_tollens:invalid,23,,61,validation,P2,61,25.211092948913574,mt_query_polarity,1,61
1,P2:validation:365,,modus_tollens:invalid,23,,61,validation,P2,61,25.954251289367676,mt_query_polarity,1,61
1,P2:validation:750,,contraposition:valid,23,,60,validation,P2,60,22.542360305786133,cp_antecedent_polarity,1,60
1,P2:validation:444,,modus_tollens:valid,23,,60,validation,P2,60,11.347232818603516,mt_fact_polarity,1,60
1,P2:validation:306,,contraposition:valid,23,,60,validation,P2,60,15.563298225402832,cp_antecedent_polarity,1,60
1,P2:validation:744,,modus_tollens:valid,23,,60,validation,P2,60,11.517643928527832,mt_fact_polarity,1,60
1,P2:validation:62,,modus_tollens:valid,23,,60,validation,P2,60,13.205474853515625,mt_rule_direction,1,60
1,P2:validation:424,,modus_tollens:valid,23,,60,validation,P2,60,14.034993171691895,mt_query_polarity,1,60
1,P2:validation:678,,contraposition:valid,23,,60,validation,P2,60,14.56843376159668,cp_antecedent_polarity,1,60
1,P2:validation:628,,modus_tollens:valid,23,,60,validation,P2,60,10.306495666503906,mt_query_polarity,1,60
1,P2:validation:742,,contraposition:valid,23,,60,validation,P2,60,12.190717697143555,cp_direction,1,60
1,P2:validation:355,,contraposition:invalid,23,,61,validation,P2,61,16.712759613990784,cp_antecedent_polarity,1,61
1,P2:validation:641,,modus_tollens:invalid,23,,61,validation,P2,61,24.490845680236816,mt_query_polarity,1,61
1,P2:validation:66,,contraposition:valid,23,,60,validation,P2,60,14.925504207611084,cp_antecedent_polarity,1,60
1,P2:validation:178,,contraposition:valid,23,,60,validation,P2,60,17.17965793609619,cp_direction,1,60
1,P2:validation:181,,modus_tollens:invalid,23,,61,validation,P2,61,22.805716037750244,mt_fact_polarity,1,61
1,P2:validation:722,,modus_tollens:valid,23,,60,validation,P2,60,14.086057662963867,mt_rule_direction,1,60
1,P2:validation:586,,contraposition:valid,23,,60,validation,P2,60,17.17965793609619,cp_direction,1,60
1,P2:validation:729,,contraposition:invalid,23,,61,validation,P2,61,21.238383531570435,cp_consequent_polarity,1,61
1,P2:validation:716,,contraposition:valid,23,,60,validation,P2,60,14.9389967918396,cp_consequent_polarity,1,60
1,P2:validation:326,,modus_tollens:valid,23,,60,validation,P2,60,15.140914916992188,mt_rule_direction,1,60
1,P2:validation:537,,contraposition:invalid,23,,61,validation,P2,61,16.054153203964233,cp_consequent_polarity,1,61
1,P2:validation:739,,contraposition:invalid,23,,61,validation,P2,61,14.987929582595825,cp_antecedent_polarity,1,61
1,P2:validation:273,,contraposition:invalid,23,,61,validation,P2,61,19.235674619674683,cp_consequent_polarity,1,61
1,P2:validation:207,,modus_tollens:invalid,23,,61,validation,P2,61,10.436532020568848,mt_rule_direction,1,61
1,P2:validation:614,,modus_tollens:valid,23,,60,validation,P2,60,16.317224502563477,mt_rule_direction,1,60
1,P2:validation:626,,modus_tollens:valid,23,,60,validation,P2,60,15.140914916992188,mt_rule_direction,1,60
1,P2:validation:720,,modus_tollens:valid,23,,60,validation,P2,60,14.513184547424316,mt_fact_polarity,1,60
1,P2:validation:538,,contraposition:valid,23,,60,validation,P2,60,19.713085651397705,cp_direction,1,60
1,P2:validation:39,,modus_tollens:invalid,23,,61,validation,P2,61,15.273228168487549,mt_rule_direction,1,61
1,P2:validation:376,,modus_tollens:valid,23,,60,validation,P2,60,16.297405242919922,mt_query_polarity,1,60
1,P2:validation:14,,modus_tollens:valid,23,,60,validation,P2,60,14.10783863067627,mt_rule_direction,1,60
1,P2:validation:44,,contraposition:valid,23,,60,validation,P2,60,15.196036338806152,cp_consequent_polarity,1,60
1,P2:validation:688,,modus_tollens:valid,23,,60,validation,P2,60,10.278977394104004,mt_query_polarity,1,60
1,P2:validation:332,,contraposition:valid,23,,60,validation,P2,60,15.03446102142334,cp_consequent_polarity,1,60
1,P2:validation:6,,contraposition:valid,23,,60,validation,P2,60,22.468745708465576,cp_antecedent_polarity,1,60
1,P2:validation:205,,modus_tollens:invalid,23,,61,validation,P2,61,22.628159523010254,mt_fact_polarity,1,61
1,P2:validation:699,,modus_tollens:invalid,23,,61,validation,P2,61,13.01333236694336,mt_rule_direction,1,61
1,P2:validation:498,,contraposition:valid,23,,60,validation,P2,60,14.99875545501709,cp_antecedent_polarity,1,60
1,P2:validation:140,,contraposition:valid,23,,60,validation,P2,60,12.82430648803711,cp_consequent_polarity,1,60
1,P2:validation:377,,modus_tollens:invalid,23,,61,validation,P2,61,25.839170455932617,mt_query_polarity,1,61
1,P2:validation:454,,contraposition:valid,23,,60,validation,P2,60,22.477558612823486,cp_direction,1,60
1,P2:validation:315,,modus_tollens:invalid,23,,61,validation,P2,61,20.13304114341736,mt_rule_direction,1,61
1,P2:validation:214,,contraposition:valid,23,,60,validation,P2,60,13.176061630249023,cp_direction,1,60
1,P2:validation:758,,modus_tollens:valid,23,,60,validation,P2,60,16.464523315429688,mt_rule_direction,1,60
1,P2:validation:466,,contraposition:valid,23,,60,validation,P2,60,11.895059585571289,cp_direction,1,60
1,P2:validation:405,,contraposition:invalid,23,,61,validation,P2,61,16.15245032310486,cp_consequent_polarity,1,61
1,P2:validation:464,,contraposition:valid,23,,60,validation,P2,60,18.563229084014893,cp_consequent_polarity,1,60
1,P2:validation:316,,modus_tollens:valid,23,,60,validation,P2,60,13.685502052307129,mt_query_polarity,1,60
1,P2:validation:67,,contraposition:invalid,23,,61,validation,P2,61,14.966950178146362,cp_antecedent_polarity,1,61
1,P2:validation:682,,contraposition:valid,23,,60,validation,P2,60,14.908054828643799,cp_direction,1,60
1,P2:validation:416,,contraposition:valid,23,,60,validation,P2,60,15.745349884033203,cp_consequent_polarity,1,60
1,P2:validation:476,,contraposition:valid,23,,60,validation,P2,60,15.459335327148438,cp_consequent_polarity,1,60
1,P2:validation:611,,contraposition:invalid,23,,61,validation,P2,61,27.623775005340576,cp_direction,1,61
1,P2:validation:667,,contraposition:invalid,23,,61,validation,P2,61,17.05332326889038,cp_antecedent_polarity,1,61
1,P2:validation:659,,contraposition:invalid,23,,61,validation,P2,61,23.98671865463257,cp_direction,1,61
1,P2:validation:590,,modus_tollens:valid,23,,60,validation,P2,60,13.725811004638672,mt_rule_direction,1,60
1,P2:validation:629,,modus_tollens:invalid,23,,61,validation,P2,61,25.53114938735962,mt_query_polarity,1,61
1,P2:validation:710,,modus_tollens:valid,23,,60,validation,P2,60,13.45573902130127,mt_rule_direction,1,60
1,P2:validation:539,,contraposition:invalid,23,,61,validation,P2,61,28.35948371887207,cp_direction,1,61
1,P2:validation:303,,modus_tollens:invalid,23,,61,validation,P2,61,16.37343168258667,mt_rule_direction,1,61
1,P2:validation:551,,contraposition:invalid,23,,61,validation,P2,61,15.09946584701538,cp_direction,1,61
1,P2:validation:191,,contraposition:invalid,23,,61,validation,P2,61,27.13590431213379,cp_direction,1,61
1,P2:validation:25,,modus_tollens:invalid,23,,61,validation,P2,61,23.12468719482422,mt_fact_polarity,1,61
1,P2:validation:690,,contraposition:valid,23,,60,validation,P2,60,12.268598556518555,cp_antecedent_polarity,1,60
1,P2:validation:21,,contraposition:invalid,23,,61,validation,P2,61,21.076385021209717,cp_consequent_polarity,1,61
1,P2:validation:712,,modus_tollens:valid,23,,60,validation,P2,60,10.857738494873047,mt_query_polarity,1,60
1,P2:validation:149,,modus_tollens:invalid,23,,61,validation,P2,61,25.627037525177002,mt_query_polarity,1,61
1,P2:validation:215,,contraposition:invalid,23,,61,validation,P2,61,22.541383266448975,cp_direction,1,61
1,P2:validation:190,,contraposition:valid,23,,60,validation,P2,60,16.01609230041504,cp_direction,1,60
1,P2:validation:535,,contraposition:invalid,23,,61,validation,P2,61,14.417133331298828,cp_antecedent_polarity,1,61
1,P2:validation:517,,modus_tollens:invalid,23,,61,validation,P2,61,22.512893676757812,mt_fact_polarity,1,61
1,P2:validation:643,,contraposition:invalid,23,,61,validation,P2,61,12.425565719604492,cp_antecedent_polarity,1,61
1,P2:validation:650,,modus_tollens:valid,23,,60,validation,P2,60,9.42194652557373,mt_rule_direction,1,60
1,P2:validation:350,,modus_tollens:valid,23,,60,validation,P2,60,13.721233367919922,mt_rule_direction,1,60
1,P2:validation:573,,contraposition:invalid,23,,61,validation,P2,61,19.042319416999817,cp_consequent_polarity,1,61
1,P2:validation:475,,contraposition:invalid,23,,61,validation,P2,61,17.185619860887527,cp_antecedent_polarity,1,61
1,P2:validation:230,,modus_tollens:valid,23,,60,validation,P2,60,10.901395797729492,mt_rule_direction,1,60
1,P2:validation:220,,modus_tollens:valid,23,,60,validation,P2,60,14.513184547424316,mt_query_polarity,1,60
1,P2:validation:570,,contraposition:valid,23,,60,validation,P2,60,18.563229084014893,cp_antecedent_polarity,1,60
1,P2:validation:87,,modus_tollens:invalid,23,,61,validation,P2,61,21.37587285041809,mt_rule_direction,1,61
1,P2:validation:737,,modus_tollens:invalid,23,,61,validation,P2,61,25.074469089508057,mt_query_polarity,1,61
1,P2:validation:599,,contraposition:invalid,23,,61,validation,P2,61,19.896259665489197,cp_direction,1,61
1,P2:validation:294,,contraposition:valid,23,,60,validation,P2,60,18.792479991912842,cp_antecedent_polarity,1,60
1,P2:validation:343,,contraposition:invalid,23,,61,validation,P2,61,14.453899383544922,cp_antecedent_polarity,1,61
1,P2:validation:129,,contraposition:invalid,23,,61,validation,P2,61,19.723965108394623,cp_consequent_polarity,1,61
1,P2:validation:227,,contraposition:invalid,23,,61,validation,P2,61,23.471714973449707,cp_direction,1,61
1,P2:validation:263,,contraposition:invalid,23,,61,validation,P2,61,27.13590431213379,cp_direction,1,61
1,P2:validation:441,,contraposition:invalid,23,,61,validation,P2,61,19.607077836990356,cp_consequent_polarity,1,61
1,P2:validation:349,,modus_tollens:invalid,23,,61,validation,P2,61,23.536187171936035,mt_fact_polarity,1,61
1,P2:validation:262,,contraposition:valid,23,,60,validation,P2,60,18.724884510040283,cp_direction,1,60
1,P2:validation:4,,modus_tollens:valid,23,,60,validation,P2,60,10.660531044006348,mt_query_polarity,1,60
1,P2:validation:120,,modus_tollens:valid,23,,60,validation,P2,60,10.396570205688477,mt_fact_polarity,1,60
1,P2:validation:128,,contraposition:valid,23,,60,validation,P2,60,11.528512001037598,cp_consequent_polarity,1,60
1,P2:validation:255,,modus_tollens:invalid,23,,61,validation,P2,61,12.460227489471436,mt_rule_direction,1,61
1,P2:validation:421,,modus_tollens:invalid,23,,61,validation,P2,61,21.132187247276306,mt_fact_polarity,1,61
1,P2:validation:5,,modus_tollens:invalid,23,,61,validation,P2,61,27.08228302001953,mt_query_polarity,1,61
1,P2:validation:237,,contraposition:invalid,23,,61,validation,P2,61,19.480067694559693,cp_consequent_polarity,1,61
1,P2:validation:373,,modus_tollens:invalid,23,,61,validation,P2,61,21.073102116584778,mt_fact_polarity,1,61
1,P2:validation:137,,modus_tollens:invalid,23,,61,validation,P2,61,25.954251289367676,mt_query_polarity,1,61
1,P2:validation:436,,modus_tollens:valid,23,,60,validation,P2,60,14.01058578491211,mt_query_polarity,1,60
1,P2:validation:478,,contraposition:valid,23,,60,validation,P2,60,15.073008060455322,cp_direction,1,60
1,P2:validation:396,,modus_tollens:valid,23,,60,validation,P2,60,13.390019416809082,mt_fact_polarity,1,60
1,P2:validation:714,,contraposition:valid,23,,60,validation,P2,60,14.908054828643799,cp_antecedent_polarity,1,60
1,P2:validation:143,,contraposition:invalid,23,,61,validation,P2,61,23.917906999588013,cp_direction,1,61
1,P2:validation:99,,modus_tollens:invalid,23,,61,validation,P2,61,13.469998359680176,mt_rule_direction,1,61
1,P2:validation:329,,modus_tollens:invalid,23,,61,validation,P2,61,25.904789447784424,mt_query_polarity,1,61
1,P2:validation:256,,modus_tollens:valid,23,,60,validation,P2,60,10.898938179016113,mt_query_polarity,1,60
1,P2:validation:580,,modus_tollens:valid,23,,60,validation,P2,60,16.23572826385498,mt_query_polarity,1,60
1,P2:validation:689,,modus_tollens:invalid,23,,61,validation,P2,61,25.89002275466919,mt_query_polarity,1,61
1,P2:validation:756,,modus_tollens:valid,23,,60,validation,P2,60,16.291906356811523,mt_fact_polarity,1,60
1,P2:validation:158,,modus_tollens:valid,23,,60,validation,P2,60,16.431734085083008,mt_rule_direction,1,60
1,P2:validation:513,,contraposition:invalid,23,,61,validation,P2,61,21.84754991531372,cp_consequent_polarity,1,61
1,P2:validation:18,,contraposition:valid,23,,60,validation,P2,60,18.367831707000732,cp_antecedent_polarity,1,60
1,P2:validation:533,,modus_tollens:invalid,23,,61,validation,P2,61,28.434295654296875,mt_query_polarity,1,61
1,P2:validation:22,,contraposition:valid,23,,60,validation,P2,60,12.936790466308594,cp_direction,1,60
1,P2:validation:36,,modus_tollens:valid,23,,60,validation,P2,60,14.417795181274414,mt_fact_polarity,1,60
1,P2:validation:751,,contraposition:invalid,23,,61,validation,P2,61,15.327381610870361,cp_antecedent_polarity,1,61
1,P2:validation:616,,modus_tollens:valid,23,,60,validation,P2,60,14.389595031738281,mt_query_polarity,1,60
1,P2:validation:632,,contraposition:valid,23,,60,validation,P2,60,18.105136394500732,cp_consequent_polarity,1,60
1,P2:validation:348,,modus_tollens:valid,23,,60,validation,P2,60,16.464523315429688,mt_fact_polarity,1,60
1,P2:validation:145,,modus_tollens:invalid,23,,61,validation,P2,61,22.648585081100464,mt_fact_polarity,1,61
1,P2:validation:163,,contraposition:invalid,23,,61,validation,P2,61,12.212176322937012,cp_antecedent_polarity,1,61
1,P2:validation:597,,contraposition:invalid,23,,61,validation,P2,61,19.698638677597046,cp_consequent_polarity,1,61
1,P2:validation:559,,contraposition:invalid,23,,61,validation,P2,61,17.09989845752716,cp_antecedent_polarity,1,61
1,P2:validation:566,,modus_tollens:valid,23,,60,validation,P2,60,17.33016586303711,mt_rule_direction,1,60
1,P2:validation:631,,contraposition:invalid,23,,61,validation,P2,61,14.476207733154297,cp_antecedent_polarity,1,61
1,P2:validation:391,,contraposition:invalid,23,,61,validation,P2,61,12.091854572296143,cp_antecedent_polarity,1,61
1,P2:validation:662,,modus_tollens:valid,23,,60,validation,P2,60,16.23572826385498,mt_rule_direction,1,60
1,P2:validation:3,,modus_tollens:invalid,23,,61,validation,P2,61,16.05132246017456,mt_rule_direction,1,61
1,P2:validation:583,,contraposition:invalid,23,,61,validation,P2,61,14.47982931137085,cp_antecedent_polarity,1,61
1,P2:validation:325,,modus_tollens:invalid,23,,61,validation,P2,61,25.5051851272583,mt_fact_polarity,1,61
1,P2:validation:730,,contraposition:valid,23,,60,validation,P2,60,17.70031452178955,cp_direction,1,60
1,P2:validation:585,,contraposition:invalid,23,,61,validation,P2,61,19.457875788444653,cp_consequent_polarity,1,61
1,P2:validation:388,,modus_tollens:valid,23,,60,validation,P2,60,10.37333869934082,mt_query_polarity,1,60
1,P2:validation:45,,contraposition:invalid,23,,61,validation,P2,61,19.688432037830353,cp_consequent_polarity,1,61
1,P2:validation:523,,contraposition:invalid,23,,61,validation,P2,61,14.906129837036133,cp_antecedent_polarity,1,61
1,P2:validation:723,,modus_tollens:invalid,23,,61,validation,P2,61,21.689862728118896,mt_rule_direction,1,61
1,P2:validation:60,,modus_tollens:valid,23,,60,validation,P2,60,14.99268913269043,mt_fact_polarity,1,60
1,P2:validation:660,,modus_tollens:valid,23,,60,validation,P2,60,14.991398811340332,mt_fact_polarity,1,60
1,P2:validation:501,,contraposition:invalid,23,,61,validation,P2,61,19.607077836990356,cp_consequent_polarity,1,61
1,P2:validation:417,,contraposition:invalid,23,,61,validation,P2,61,19.180754005908966,cp_consequent_polarity,1,61
1,P2:validation:595,,contraposition:invalid,23,,61,validation,P2,61,15.239258527755737,cp_antecedent_polarity,1,61
1,P2:validation:390,,contraposition:valid,23,,60,validation,P2,60,14.725787162780762,cp_antecedent_polarity,1,60
1,P2:validation:494,,modus_tollens:valid,23,,60,validation,P2,60,11.58926773071289,mt_rule_direction,1,60
1,P2:validation:467,,contraposition:invalid,23,,61,validation,P2,61,27.979731559753418,cp_direction,1,61
1,P2:validation:301,,modus_tollens:invalid,23,,61,validation,P2,61,24.72022771835327,mt_fact_polarity,1,61
1,P2:validation:136,,modus_tollens:valid,23,,60,validation,P2,60,15.099684715270996,mt_query_polarity,1,60
1,P2:validation:265,,modus_tollens:invalid,23,,61,validation,P2,61,23.010631561279297,mt_fact_polarity,1,61
1,P2:validation:606,,contraposition:valid,23,,60,validation,P2,60,14.5383939743042,cp_antecedent_polarity,1,60
1,P2:validation:541,,modus_tollens:invalid,23,,61,validation,P2,61,22.682044982910156,mt_fact_polarity,1,61
1,P2:validation:243,,modus_tollens:invalid,23,,61,validation,P2,61,16.622638463974,mt_rule_direction,1,61
1,P2:validation:572,,contraposition:valid,23,,60,validation,P2,60,22.54343891143799,cp_consequent_polarity,1,60
1,P2:validation:157,,modus_tollens:invalid,23,,61,validation,P2,61,22.76851534843445,mt_fact_polarity,1,61
1,P2:validation:282,,contraposition:valid,23,,60,validation,P2,60,17.74276065826416,cp_antecedent_polarity,1,60
1,P2:validation:450,,contraposition:valid,23,,60,validation,P2,60,11.895059585571289,cp_antecedent_polarity,1,60
1,P2:validation:499,,contraposition:invalid,23,,61,validation,P2,61,14.442108631134033,cp_antecedent_polarity,1,61
1,P2:validation:602,,modus_tollens:valid,23,,60,validation,P2,60,16.291906356811523,mt_rule_direction,1,60
1,P2:validation:141,,contraposition:invalid,23,,61,validation,P2,61,19.71924889087677,cp_consequent_polarity,1,61
1,P2:validation:439,,contraposition:invalid,23,,61,validation,P2,61,15.714928150177002,cp_antecedent_polarity,1,61
1,P2:validation:646,,contraposition:valid,23,,60,validation,P2,60,11.895059585571289,cp_direction,1,60
1,P2:validation:150,,contraposition:valid,23,,60,validation,P2,60,18.367831707000732,cp_antecedent_polarity,1,60
1,P2:validation:68,,contraposition:valid,23,,60,validation,P2,60,15.457620620727539,cp_consequent_polarity,1,60
1,P2:validation:657,,contraposition:invalid,23,,61,validation,P2,61,16.046098232269287,cp_consequent_polarity,1,61
1,P2:validation:515,,contraposition:invalid,23,,61,validation,P2,61,25.886414527893066,cp_direction,1,61
1,P2:validation:623,,contraposition:invalid,23,,61,validation,P2,61,20.20452320575714,cp_direction,1,61
1,P2:validation:703,,contraposition:invalid,23,,61,validation,P2,61,12.386682510375977,cp_antecedent_polarity,1,61
1,P2:validation:457,,modus_tollens:invalid,23,,61,validation,P2,61,23.578612565994263,mt_fact_polarity,1,61
1,P2:validation:705,,contraposition:invalid,23,,61,validation,P2,61,19.144855201244354,cp_consequent_polarity,1,61
1,P2:validation:175,,contraposition:invalid,23,,61,validation,P2,61,19.650322437286377,cp_antecedent_polarity,1,61
1,P2:validation:96,,modus_tollens:valid,23,,60,validation,P2,60,10.954327583312988,mt_fact_polarity,1,60
1,P2:validation:369,,contraposition:invalid,23,,61,validation,P2,61,21.132975578308105,cp_consequent_polarity,1,61
1,P2:validation:64,,modus_tollens:valid,23,,60,validation,P2,60,11.557783126831055,mt_query_polarity,1,60
1,P2:validation:658,,contraposition:valid,23,,60,validation,P2,60,17.123475074768066,cp_direction,1,60
1,P2:validation:422,,modus_tollens:valid,23,,60,validation,P2,60,14.079414367675781,mt_rule_direction,1,60
1,P2:validation:621,,contraposition:invalid,23,,61,validation,P2,61,19.688432037830353,cp_consequent_polarity,1,61
1,P2:validation:592,,modus_tollens:valid,23,,60,validation,P2,60,14.077773094177246,mt_query_polarity,1,60
1,P2:validation:488,,contraposition:valid,23,,60,validation,P2,60,15.708663940429688,cp_consequent_polarity,1,60
1,P2:validation:465,,contraposition:invalid,23,,61,validation,P2,61,19.118849635124207,cp_consequent_polarity,1,61
1,P2:validation:519,,modus_tollens:invalid,23,,61,validation,P2,61,10.436532974243164,mt_rule_direction,1,61
1,P2:validation:93,,contraposition:invalid,23,,61,validation,P2,61,19.055572509765625,cp_consequent_polarity,1,61
1,P2:test:747,,modus_tollens:invalid,23,,61,test,P2,61,15.999339818954468,mt_rule_direction,1,61
1,P2:test:29,,modus_tollens:invalid,23,,61,test,P2,61,25.68578863143921,mt_query_polarity,1,61
1,P2:test:623,,contraposition:invalid,23,,61,test,P2,61,30.638113021850586,cp_direction,1,61
1,P2:test:434,,modus_tollens:valid,23,,60,test,P2,60,13.850029945373535,mt_rule_direction,1,60
1,P2:test:503,,contraposition:invalid,23,,61,test,P2,61,31.786638259887695,cp_direction,1,61
1,P2:test:137,,modus_tollens:invalid,23,,61,test,P2,61,29.490680694580078,mt_query_polarity,1,61
1,P2:test:402,,contraposition:valid,23,,60,test,P2,60,18.146992683410645,cp_antecedent_polarity,1,60
1,P2:test:169,,modus_tollens:invalid,23,,61,test,P2,61,23.36390781402588,mt_fact_polarity,1,61
1,P2:test:566,,modus_tollens:valid,23,,60,test,P2,60,17.44888687133789,mt_rule_direction,1,60
1,P2:test:539,,contraposition:invalid,23,,61,test,P2,61,26.536906242370605,cp_direction,1,61
1,P2:test:100,,modus_tollens:valid,23,,60,test,P2,60,14.506362915039062,mt_query_polarity,1,60
1,P2:test:317,,modus_tollens:invalid,23,,61,test,P2,61,25.84144878387451,mt_query_polarity,1,61
1,P2:test:371,,contraposition:invalid,23,,61,test,P2,61,23.471714973449707,cp_direction,1,61
1,P2:test:201,,contraposition:invalid,23,,61,test,P2,61,19.219772160053253,cp_consequent_polarity,1,61
1,P2:test:52,,modus_tollens:valid,23,,60,test,P2,60,15.12360954284668,mt_query_polarity,1,60
1,P2:test:128,,contraposition:valid,23,,60,test,P2,60,15.911048889160156,cp_consequent_polarity,1,60
1,P2:test:761,,modus_tollens:invalid,23,,61,test,P2,61,25.623887062072754,mt_query_polarity,1,61
1,P2:test:374,,modus_tollens:valid,23,,60,test,P2,60,11.139009475708008,mt_rule_direction,1,60
1,P2:test:509,,modus_tollens:invalid,23,,61,test,P2,61,25.066272735595703,mt_query_polarity,1,61
1,P2:test:108,,modus_tollens:valid,23,,60,test,P2,60,14.993636131286621,mt_fact_polarity,1,60
1,P2:test:706,,contraposition:valid,23,,60,test,P2,60,15.196036338806152,cp_direction,1,60
1,P2:test:454,,contraposition:valid,23,,60,test,P2,60,14.99875545501709,cp_direction,1,60
1,P2:test:628,,modus_tollens:valid,23,,60,test,P2,60,14.427593231201172,mt_query_polarity,1,60
1,P2:test:746,,modus_tollens:valid,23,,60,test,P2,60,16.229371070861816,mt_rule_direction,1,60
1,P2:test:335,,contraposition:invalid,23,,61,test,P2,61,29.02330207824707,cp_direction,1,61
1,P2:test:120,,modus_tollens:valid,23,,60,test,P2,60,10.396570205688477,mt_fact_polarity,1,60
1,P2:test:75,,modus_tollens:invalid,23,,61,test,P2,61,17.120359897613525,mt_rule_direction,1,61
1,P2:test:346,,contraposition:valid,23,,60,test,P2,60,18.714252471923828,cp_direction,1,60
1,P2:test:368,,contraposition:valid,23,,60,test,P2,60,18.57160711288452,cp_consequent_polarity,1,60
1,P2:test:436,,modus_tollens:valid,23,,60,test,P2,60,15.140914916992188,mt_query_polarity,1,60
1,P2:test:442,,contraposition:valid,23,,60,test,P2,60,15.196036338806152,cp_direction,1,60
1,P2:test:76,,modus_tollens:valid,23,,60,test,P2,60,12.834736824035645,mt_query_polarity,1,60
1,P2:test:30,,contraposition:valid,23,,60,test,P2,60,12.019546508789062,cp_antecedent_polarity,1,60
1,P2:test:651,,modus_tollens:invalid,23,,61,test,P2,61,12.019333362579346,mt_rule_direction,1,61
1,P2:test:508,,modus_tollens:valid,23,,60,test,P2,60,11.490732192993164,mt_query_polarity,1,60
1,P2:test:241,,modus_tollens:invalid,23,,61,test,P2,61,24.34959363937378,mt_fact_polarity,1,61
1,P2:test:69,,contraposition:invalid,23,,61,test,P2,61,16.054153203964233,cp_consequent_polarity,1,61
1,P2:test:576,,modus_tollens:valid,23,,60,test,P2,60,14.086057662963867,mt_fact_polarity,1,60
1,P2:test:195,,modus_tollens:invalid,23,,61,test,P2,61,17.07486867904663,mt_rule_direction,1,61
1,P2:test:711,,modus_tollens:invalid,23,,61,test,P2,61,20.959308445453644,mt_rule_direction,1,61
1,P2:test:295,,contraposition:invalid,23,,61,test,P2,61,17.02307677268982,cp_antecedent_polarity,1,61
1,P2:test:756,,modus_tollens:valid,23,,60,test,P2,60,16.317224502563477,mt_fact_polarity,1,60
1,P2:test:757,,modus_tollens:invalid,23,,61,test,P2,61,24.91094207763672,mt_fact_polarity,1,61
1,P2:test:536,,contraposition:valid,23,,60,test,P2,60,17.320167541503906,cp_consequent_polarity,1,60
1,P2:test:55,,contraposition:invalid,23,,61,test,P2,61,19.498623609542847,cp_antecedent_polarity,1,61
1,P2:test:216,,modus_tollens:valid,23,,60,test,P2,60,13.443269729614258,mt_fact_polarity,1,60
1,P2:test:161,,modus_tollens:invalid,23,,61,test,P2,61,28.574567794799805,mt_query_polarity,1,61
1,P2:test:36,,modus_tollens:valid,23,,60,test,P2,60,9.597976684570312,mt_fact_polarity,1,60
1,P2:test:507,,modus_tollens:invalid,23,,61,test,P2,61,17.23385214805603,mt_rule_direction,1,61
1,P2:test:685,,modus_tollens:invalid,23,,61,test,P2,61,22.771004676818848,mt_fact_polarity,1,61
1,P2:test:448,,modus_tollens:valid,23,,60,test,P2,60,11.347232818603516,mt_query_polarity,1,60
1,P2:test:147,,modus_tollens:invalid,23,,61,test,P2,61,18.751409351825714,mt_rule_direction,1,61
1,P2:test:17,,modus_tollens:invalid,23,,61,test,P2,61,28.581220626831055,mt_query_polarity,1,61
1,P2:test:420,,modus_tollens:valid,23,,60,test,P2,60,13.564559936523438,mt_fact_polarity,1,60
1,P2:test:203,,contraposition:invalid,23,,61,test,P2,61,18.606630444526672,cp_direction,1,61
1,P2:test:372,,modus_tollens:valid,23,,60,test,P2,60,16.297405242919922,mt_fact_polarity,1,60
1,P2:test:388,,modus_tollens:valid,23,,60,test,P2,60,14.02832317352295,mt_query_polarity,1,60
1,P2:test:283,,contraposition:invalid,23,,61,test,P2,61,15.327381610870361,cp_antecedent_polarity,1,61
1,P2:test:627,,modus_tollens:invalid,23,,61,test,P2,61,17.23385214805603,mt_rule_direction,1,61
1,P2:test:658,,contraposition:valid,23,,60,test,P2,60,18.146992683410645,cp_direction,1,60
1,P2:test:617,,modus_tollens:invalid,23,,61,test,P2,61,25.08903980255127,mt_query_polarity,1,61
1,P2:test:716,,contraposition:valid,23,,60,test,P2,60,17.619807243347168,cp_consequent_polarity,1,60
1,P2:test:355,,contraposition:invalid,23,,61,test,P2,61,12.409337520599365,cp_antecedent_polarity,1,61
1,P2:test:765,,contraposition:invalid,23,,61,test,P2,61,16.18357276916504,cp_consequent_polarity,1,61
1,P2:test:412,,modus_tollens:valid,23,,60,test,P2,60,14.079414367675781,mt_query_polarity,1,60
1,P2:test:280,,modus_tollens:valid,23,,60,test,P2,60,16.23501205444336,mt_query_polarity,1,60
1,P2:test:443,,contraposition:invalid,23,,61,test,P2,61,30.815820693969727,cp_direction,1,61
1,P2:test:744,,modus_tollens:valid,23,,60,test,P2,60,13.850029945373535,mt_fact_polarity,1,60
1,P2:test:198,,contraposition:valid,23,,60,test,P2,60,22.468745708465576,cp_antecedent_polarity,1,60
1,P2:test:80,,contraposition:valid,23,,60,test,P2,60,15.195119857788086,cp_consequent_polarity,1,60
1,P2:test:165,,contraposition:invalid,23,,61,test,P2,61,19.457875788444653,cp_consequent_polarity,1,61
1,P2:test:13,,modus_tollens:invalid,23,,61,test,P2,61,24.72022771835327,mt_fact_polarity,1,61
1,P2:test:154,,contraposition:valid,23,,60,test,P2,60,11.811833381652832,cp_direction,1,60
1,P2:test:145,,modus_tollens:invalid,23,,61,test,P2,61,22.54597043991089,mt_fact_polarity,1,61
1,P2:test:467,,contraposition:invalid,23,,61,test,P2,61,22.101176738739014,cp_direction,1,61
1,P2:test:424,,modus_tollens:valid,23,,60,test,P2,60,17.416369438171387,mt_query_polarity,1,60
1,P2:test:515,,contraposition:invalid,23,,61,test,P2,61,28.146839141845703,cp_direction,1,61
1,P2:test:618,,contraposition:valid,23,,60,test,P2,60,13.95803165435791,cp_antecedent_polarity,1,60
1,P2:test:661,,modus_tollens:invalid,23,,61,test,P2,61,21.121002674102783,mt_fact_polarity,1,61
1,P2:test:130,,contraposition:valid,23,,60,test,P2,60,13.954571723937988,cp_direction,1,60
1,P2:test:478,,contraposition:valid,23,,60,test,P2,60,17.320167541503906,cp_direction,1,60
1,P2:test:698,,modus_tollens:valid,23,,60,test,P2,60,13.751832962036133,mt_rule_direction,1,60
1,P2:test:417,,contraposition:invalid,23,,61,test,P2,61,19.126288942992687,cp_consequent_polarity,1,61
1,P2:test:270,,contraposition:valid,23,,60,test,P2,60,13.218764305114746,cp_antecedent_polarity,1,60
1,P2:test:182,,modus_tollens:valid,23,,60,test,P2,60,14.991398811340332,mt_rule_direction,1,60
1,P2:test:115,,contraposition:invalid,23,,61,test,P2,61,15.399637222290039,cp_antecedent_polarity,1,61
1,P2:test:592,,modus_tollens:valid,23,,60,test,P2,60,16.464523315429688,mt_query_polarity,1,60
1,P2:test:479,,contraposition:invalid,23,,61,test,P2,61,13.719915390014648,cp_direction,1,61
1,P2:test:738,,contraposition:valid,23,,60,test,P2,60,14.56843376159668,cp_antecedent_polarity,1,60
1,P2:test:32,,contraposition:valid,23,,60,test,P2,60,17.30140209197998,cp_consequent_polarity,1,60
1,P2:test:37,,modus_tollens:invalid,23,,61,test,P2,61,23.481839179992676,mt_fact_polarity,1,61
1,P2:test:278,,modus_tollens:valid,23,,60,test,P2,60,13.564559936523438,mt_rule_direction,1,60
1,P2:test:674,,modus_tollens:valid,23,,60,test,P2,60,16.229371070861816,mt_rule_direction,1,60
1,P2:test:669,,contraposition:invalid,23,,61,test,P2,61,21.79677939414978,cp_consequent_polarity,1,61
1,P2:test:614,,modus_tollens:valid,23,,60,test,P2,60,10.09046459197998,mt_rule_direction,1,60
1,P2:test:477,,contraposition:invalid,23,,61,test,P2,61,19.351898096501827,cp_consequent_polarity,1,61
1,P2:test:168,,modus_tollens:valid,23,,60,test,P2,60,15.07803726196289,mt_fact_polarity,1,60
1,P2:test:47,,contraposition:invalid,23,,61,test,P2,61,28.146839141845703,cp_direction,1,61
1,P2:test:305,,modus_tollens:invalid,23,,61,test,P2,61,24.467182159423828,mt_query_polarity,1,61
1,P2:test:586,,contraposition:valid,23,,60,test,P2,60,12.848471641540527,cp_direction,1,60
1,P2:test:413,,modus_tollens:invalid,23,,61,test,P2,61,25.627037525177002,mt_query_polarity,1,61
1,P2:test:541,,modus_tollens:invalid,23,,61,test,P2,61,24.287057876586914,mt_fact_polarity,1,61
1,P2:test:490,,contraposition:valid,23,,60,test,P2,60,14.00737190246582,cp_direction,1,60
1,P2:test:423,,modus_tollens:invalid,23,,61,test,P2,61,15.244678974151611,mt_rule_direction,1,61
1,P2:test:93,,contraposition:invalid,23,,61,test,P2,61,21.096195459365845,cp_consequent_polarity,1,61
1,P2:test:489,,contraposition:invalid,23,,61,test,P2,61,19.126288942992687,cp_consequent_polarity,1,61
1,P2:test:12,,modus_tollens:valid,23,,60,test,P2,60,13.434453010559082,mt_fact_polarity,1,60
1,P2:test:4,,modus_tollens:valid,23,,60,test,P2,60,16.297405242919922,mt_query_polarity,1,60
1,P2:test:173,,modus_tollens:invalid,23,,61,test,P2,61,29.517380714416504,mt_query_polarity,1,61
1,P2:test:739,,contraposition:invalid,23,,61,test,P2,61,12.397369861602783,cp_antecedent_polarity,1,61
1,P2:test:292,,modus_tollens:valid,23,,60,test,P2,60,14.367354393005371,mt_query_polarity,1,60
1,P2:test:570,,contraposition:valid,23,,60,test,P2,60,19.713085651397705,cp_antecedent_polarity,1,60
1,P2:test:324,,modus_tollens:valid,23,,60,test,P2,60,17.96405792236328,mt_fact_polarity,1,60
1,P2:test:334,,contraposition:valid,23,,60,test,P2,60,11.528512001037598,cp_direction,1,60
1,P2:test:758,,modus_tollens:valid,23,,60,test,P2,60,16.23572826385498,mt_rule_direction,1,60
1,P2:test:288,,modus_tollens:valid,23,,60,test,P2,60,10.954327583312988,mt_fact_polarity,1,60
1,P2:test:483,,modus_tollens:invalid,23,,61,test,P2,61,12.299070835113525,mt_rule_direction,1,61
1,P2:test:224,,contraposition:valid,23,,60,test,P2,60,11.811833381652832,cp_consequent_polarity,1,60
1,P2:test:605,,modus_tollens:invalid,23,,61,test,P2,61,25.627037525177002,mt_query_polarity,1,61
1,P2:test:43,,contraposition:invalid,23,,61,test,P2,61,15.401980876922607,cp_antecedent_polarity,1,61
1,P2:test:39,,modus_tollens:invalid,23,,61,test,P2,61,15.273228168487549,mt_rule_direction,1,61
1,P2:test:65,,modus_tollens:invalid,23,,61,test,P2,61,24.34673023223877,mt_query_polarity,1,61
1,P2:test:763,,contraposition:invalid,23,,61,test,P2,61,17.09989845752716,cp_antecedent_polarity,1,61
1,P2:test:110,,modus_tollens:valid,23,,60,test,P2,60,17.217501640319824,mt_rule_direction,1,60
1,P2:test:480,,modus_tollens:valid,23,,60,test,P2,60,15.07803726196289,mt_fact_polarity,1,60
1,P2:test:58,,contraposition:valid,23,,60,test,P2,60,15.247357368469238,cp_direction,1,60
1,P2:test:457,,modus_tollens:invalid,23,,61,test,P2,61,24.289057731628418,mt_fact_polarity,1,61
1,P2:test:227,,contraposition:invalid,23,,61,test,P2,61,30.638113021850586,cp_direction,1,61
1,P2:test:444,,modus_tollens:valid,23,,60,test,P2,60,10.231620788574219,mt_fact_polarity,1,60
1,P2:test:106,,contraposition:valid,23,,60,test,P2,60,14.725787162780762,cp_direction,1,60
1,P2:test:565,,modus_tollens:invalid,23,,61,test,P2,61,26.606228828430176,mt_fact_polarity,1,61
1,P2:test:395,,contraposition:invalid,23,,61,test,P2,61,28.854146003723145,cp_direction,1,61
1,P2:test:666,,contraposition:valid,23,,60,test,P2,60,15.457620620727539,cp_antecedent_polarity,1,60
1,P2:test:384,,modus_tollens:valid,23,,60,test,P2,60,16.227423667907715,mt_fact_polarity,1,60
1,P2:test:204,,modus_tollens:valid,23,,60,test,P2,60,13.418146133422852,mt_fact_polarity,1,60
1,P2:test:348,,modus_tollens:valid,23,,60,test,P2,60,14.506362915039062,mt_fact_polarity,1,60
1,P2:test:481,,modus_tollens:invalid,23,,61,test,P2,61,23.081440448760986,mt_fact_polarity,1,61
1,P2:test:119,,contraposition:invalid,23,,61,test,P2,61,13.312808513641357,cp_direction,1,61
1,P2:test:645,,contraposition:invalid,23,,61,test,P2,61,19.189537903293967,cp_consequent_polarity,1,61
1,P2:test:361,,modus_tollens:invalid,23,,61,test,P2,61,22.59385657310486,mt_fact_polarity,1,61
1,P2:test:499,,contraposition:invalid,23,,61,test,P2,61,15.427229881286621,cp_antecedent_polarity,1,61
1,P2:test:474,,contraposition:valid,23,,60,test,P2,60,17.302560806274414,cp_antecedent_polarity,1,60
1,P2:test:254,,modus_tollens:valid,23,,60,test,P2,60,13.830968856811523,mt_rule_direction,1,60
1,P2:test:676,,modus_tollens:valid,23,,60,test,P2,60,17.33016586303711,mt_query_polarity,1,60
1,P2:test:641,,modus_tollens:invalid,23,,61,test,P2,61,28.434295654296875,mt_query_polarity,1,61
1,P2:test:682,,contraposition:valid,23,,60,test,P2,60,15.245033264160156,cp_direction,1,60
1,P2:test:284,,contraposition:valid,23,,60,test,P2,60,22.38595485687256,cp_consequent_polarity,1,60
1,P2:test:238,,contraposition:valid,23,,60,test,P2,60,15.08559513092041,cp_direction,1,60
1,P2:test:249,,contraposition:invalid,23,,61,test,P2,61,21.32232975959778,cp_consequent_polarity,1,61
1,P2:test:366,,contraposition:valid,23,,60,test,P2,60,18.572731494903564,cp_antecedent_polarity,1,60
1,P2:test:22,,contraposition:valid,23,,60,test,P2,60,11.895059585571289,cp_direction,1,60
1,P2:test:564,,modus_tollens:valid,23,,60,test,P2,60,16.227423667907715,mt_fact_polarity,1,60
1,P2:test:188,,contraposition:valid,23,,60,test,P2,60,18.605443000793457,cp_consequent_polarity,1,60
1,P2:test:70,,contraposition:valid,23,,60,test,P2,60,16.999544143676758,cp_direction,1,60
1,P2:test:83,,contraposition:invalid,23,,61,test,P2,61,29.68038558959961,cp_direction,1,61
1,P2:test:129,,contraposition:invalid,23,,61,test,P2,61,20.84565758705139,cp_consequent_polarity,1,61
1,P2:test:595,,contraposition:invalid,23,,61,test,P2,61,19.638457894325256,cp_antecedent_polarity,1,61
1,P2:test:60,,modus_tollens:valid,23,,60,test,P2,60,9.42194652557373,mt_fact_polarity,1,60
1,P2:test:312,,modus_tollens:valid,23,,60,test,P2,60,10.285794258117676,mt_fact_polarity,1,60
1,P2:test:109,,modus_tollens:invalid,23,,61,test,P2,61,21.073102116584778,mt_fact_polarity,1,61
1,P2:test:289,,modus_tollens:invalid,23,,61,test,P2,61,24.08854341506958,mt_fact_polarity,1,61
1,P2:test:96,,modus_tollens:valid,23,,60,test,P2,60,15.973797798156738,mt_fact_polarity,1,60
1,P2:test:622,,contraposition:valid,23,,60,test,P2,60,14.209773063659668,cp_direction,1,60
1,P2:test:91,,contraposition:invalid,23,,61,test,P2,61,17.185619860887527,cp_antecedent_polarity,1,61
1,P2:test:562,,contraposition:valid,23,,60,test,P2,60,22.499209880828857,cp_direction,1,60
1,P2:test:73,,modus_tollens:invalid,23,,61,test,P2,61,23.536187171936035,mt_fact_polarity,1,61
1,P2:test:689,,modus_tollens:invalid,23,,61,test,P2,61,29.53562068939209,mt_query_polarity,1,61
1,P2:test:6,,contraposition:valid,23,,60,test,P2,60,14.209773063659668,cp_antecedent_polarity,1,60
1,P2:test:568,,modus_tollens:valid,23,,60,test,P2,60,10.289649963378906,mt_query_polarity,1,60
1,P2:test:521,,modus_tollens:invalid,23,,61,test,P2,61,25.288050651550293,mt_query_polarity,1,61
1,P2:test:220,,modus_tollens:valid,23,,60,test,P2,60,15.12360954284668,mt_query_polarity,1,60
1,P2:test:401,,modus_tollens:invalid,23,,61,test,P2,61,27.08228302001953,mt_query_polarity,1,61
1,P2:test:291,,modus_tollens:invalid,23,,61,test,P2,61,22.313567399978638,mt_rule_direction,1,61
1,P2:test:705,,contraposition:invalid,23,,61,test,P2,61,19.457875788444653,cp_consequent_polarity,1,61
1,P2:test:587,,contraposition:invalid,23,,61,test,P2,61,30.7897891998291,cp_direction,1,61
1,P2:test:668,,contraposition:valid,23,,60,test,P2,60,15.791149139404297,cp_consequent_polarity,1,60
1,P2:test:155,,contraposition:invalid,23,,61,test,P2,61,21.225599765777588,cp_direction,1,61
1,P2:test:351,,modus_tollens:invalid,23,,61,test,P2,61,13.718739032745361,mt_rule_direction,1,61
1,P2:test:750,,contraposition:valid,23,,60,test,P2,60,22.450234413146973,cp_antecedent_polarity,1,60
1,P2:test:180,,modus_tollens:valid,23,,60,test,P2,60,16.317224502563477,mt_fact_polarity,1,60
1,P2:test:504,,modus_tollens:valid,23,,60,test,P2,60,13.989566802978516,mt_fact_polarity,1,60
1,P2:test:421,,modus_tollens:invalid,23,,61,test,P2,61,22.430727005004883,mt_fact_polarity,1,61
1,P2:test:719,,contraposition:invalid,23,,61,test,P2,61,25.768348693847656,cp_direction,1,61
1,P2:test:533,,modus_tollens:invalid,23,,61,test,P2,61,25.56439447402954,mt_query_polarity,1,61
1,P2:test:67,,contraposition:invalid,23,,61,test,P2,61,14.906129837036133,cp_antecedent_polarity,1,61
1,P2:test:735,,modus_tollens:invalid,23,,61,test,P2,61,15.640688419342041,mt_rule_direction,1,61
1,P2:test:230,,modus_tollens:valid,23,,60,test,P2,60,10.983152389526367,mt_rule_direction,1,60
1,P2:test:345,,contraposition:invalid,23,,61,test,P2,61,16.281986474990845,cp_consequent_polarity,1,61
1,P2:test:531,,modus_tollens:invalid,23,,61,test,P2,61,12.178855419158936,mt_rule_direction,1,61
1,P2:test:318,,contraposition:valid,23,,60,test,P2,60,18.644858360290527,cp_antecedent_polarity,1,60
1,P2:test:200,,contraposition:valid,23,,60,test,P2,60,14.522616386413574,cp_consequent_polarity,1,60
1,P2:test:89,,modus_tollens:invalid,23,,61,test,P2,61,27.694612503051758,mt_query_polarity,1,61
1,P2:test:132,,modus_tollens:valid,23,,60,test,P2,60,10.643989562988281,mt_fact_polarity,1,60
1,P2:test:223,,contraposition:invalid,23,,61,test,P2,61,15.825405836105347,cp_antecedent_polarity,1,61
1,P2:test:461,,modus_tollens:invalid,23,,61,test,P2,61,25.580764770507812,mt_query_polarity,1,61
1,P2:test:699,,modus_tollens:invalid,23,,61,test,P2,61,17.76738429069519,mt_rule_direction,1,61
1,P2:test:703,,contraposition:invalid,23,,61,test,P2,61,15.38189697265625,cp_antecedent_polarity,1,61
1,P2:test:598,,contraposition:valid,23,,60,test,P2,60,18.62191390991211,cp_direction,1,60
1,P2:test:151,,contraposition:invalid,23,,61,test,P2,61,15.165806531906128,cp_antecedent_polarity,1,61
1,P2:test:754,,contraposition:valid,23,,60,test,P2,60,22.54343891143799,cp_direction,1,60
1,P2:test:320,,contraposition:valid,23,,60,test,P2,60,13.051413536071777,cp_consequent_polarity,1,60
1,P2:test:339,,modus_tollens:invalid,23,,61,test,P2,61,19.219212740659714,mt_rule_direction,1,61
1,P2:test:77,,modus_tollens:invalid,23,,61,test,P2,61,24.17886734008789,mt_query_polarity,1,61
1,P2:test:506,,modus_tollens:valid,23,,60,test,P2,60,17.41834545135498,mt_rule_direction,1,60
1,P2:test:234,,contraposition:valid,23,,60,test,P2,60,19.713085651397705,cp_antecedent_polarity,1,60
1,P2:test:525,,contraposition:invalid,23,,61,test,P2,61,18.99128669500351,cp_consequent_polarity,1,61
1,P2:test:653,,modus_tollens:invalid,23,,61,test,P2,61,27.788923263549805,mt_query_polarity,1,61
1,P2:test:475,,contraposition:invalid,23,,61,test,P2,61,16.054171562194824,cp_antecedent_polarity,1,61
1,P2:test:266,,modus_tollens:valid,23,,60,test,P2,60,9.67763614654541,mt_rule_direction,1,60
1,P2:test:367,,contraposition:invalid,23,,61,test,P2,61,15.43947148323059,cp_antecedent_polarity,1,61
1,P2:test:755,,contraposition:invalid,23,,61,test,P2,61,27.221875190734863,cp_direction,1,61
1,P2:test:468,,modus_tollens:valid,23,,60,test,P2,60,17.44888687133789,mt_fact_polarity,1,60
1,P2:test:712,,modus_tollens:valid,23,,60,test,P2,60,14.079414367675781,mt_query_polarity,1,60
1,P2:test:560,,contraposition:valid,23,,60,test,P2,60,18.67719602584839,cp_consequent_polarity,1,60
1,P2:test:171,,modus_tollens:invalid,23,,61,test,P2,61,13.068775177001953,mt_rule_direction,1,61
1,P2:test:337,,modus_tollens:invalid,23,,61,test,P2,61,26.676084518432617,mt_fact_polarity,1,61
1,P2:test:450,,contraposition:valid,23,,60,test,P2,60,15.153555870056152,cp_antecedent_polarity,1,60
1,P2:test:621,,contraposition:invalid,23,,61,test,P2,61,16.15245032310486,cp_consequent_polarity,1,61
1,P2:test:215,,contraposition:invalid,23,,61,test,P2,61,13.509818077087402,cp_direction,1,61
1,P2:test:102,,contraposition:valid,23,,60,test,P2,60,15.592789649963379,cp_antecedent_polarity,1,60
1,P2:test:740,,contraposition:valid,23,,60,test,P2,60,22.54343891143799,cp_consequent_polarity,1,60
1,P2:test:181,,modus_tollens:invalid,23,,61,test,P2,61,23.225253105163574,mt_fact_polarity,1,61
1,P2:test:178,,contraposition:valid,23,,60,test,P2,60,16.01609230041504,cp_direction,1,60
1,P2:test:488,,contraposition:valid,23,,60,test,P2,60,15.247357368469238,cp_consequent_polarity,1,60
1,P2:test:700,,modus_tollens:valid,23,,60,test,P2,60,15.07803726196289,mt_query_polarity,1,60
1,P2:test:440,,contraposition:valid,23,,60,test,P2,60,11.895059585571289,cp_consequent_polarity,1,60
1,P2:test:209,,modus_tollens:invalid,23,,61,test,P2,61,28.581220626831055,mt_query_polarity,1,61
1,P2:test:269,,modus_tollens:invalid,23,,61,test,P2,61,29.57023525238037,mt_query_polarity,1,61
1,P2:test:583,,contraposition:invalid,23,,61,test,P2,61,12.415553092956543,cp_antecedent_polarity,1,61
1,P2:test:81,,contraposition:invalid,23,,61,test,P2,61,21.979476928710938,cp_consequent_polarity,1,61
1,P2:test:127,,contraposition:invalid,23,,61,test,P2,61,14.417133331298828,cp_antecedent_polarity,1,61
1,P2:test:460,,modus_tollens:valid,23,,60,test,P2,60,13.45286750793457,mt_query_polarity,1,60
1,P2:test:329,,modus_tollens:invalid,23,,61,test,P2,61,27.024965286254883,mt_query_polarity,1,61
1,P2:test:185,,modus_tollens:invalid,23,,61,test,P2,61,24.467182159423828,mt_query_polarity,1,61
1,P2:test:347,,contraposition:invalid,23,,61,test,P2,61,26.38289165496826,cp_direction,1,61
1,P2:test:726,,contraposition:valid,23,,60,test,P2,60,12.90058708190918,cp_antecedent_polarity,1,60
1,P2:test:551,,contraposition:invalid,23,,61,test,P2,61,20.20452320575714,cp_direction,1,61
1,P2:test:71,,contraposition:invalid,23,,61,test,P2,61,27.07151174545288,cp_direction,1,61
1,P2:test:259,,contraposition:invalid,23,,61,test,P2,61,12.466656684875488,cp_antecedent_polarity,1,61
1,P2:test:544,,modus_tollens:valid,23,,60,test,P2,60,15.973797798156738,mt_query_polarity,1,60
1,P2:test:158,,modus_tollens:valid,23,,60,test,P2,60,10.346807479858398,mt_rule_direction,1,60
1,P2:test:265,,modus_tollens:invalid,23,,61,test,P2,61,22.957369804382324,mt_fact_polarity,1,61
1,P2:test:306,,contraposition:valid,23,,60,test,P2,60,17.302560806274414,cp_antecedent_polarity,1,60
1,P2:test:709,,modus_tollens:invalid,23,,61,test,P2,61,23.058969974517822,mt_fact_polarity,1,61
1,P2:test:486,,contraposition:valid,23,,60,test,P2,60,18.812859058380127,cp_antecedent_polarity,1,60
1,P2:test:487,,contraposition:invalid,23,,61,test,P2,61,15.825405836105347,cp_antecedent_polarity,1,61
1,P2:test:426,,contraposition:valid,23,,60,test,P2,60,12.936790466308594,cp_antecedent_polarity,1,60
1,P2:test:648,,modus_tollens:valid,23,,60,test,P2,60,14.077773094177246,mt_fact_polarity,1,60
1,P2:test:610,,contraposition:valid,23,,60,test,P2,60,12.019546508789062,cp_direction,1,60
1,P2:test:274,,contraposition:valid,23,,60,test,P2,60,12.268598556518555,cp_direction,1,60
1,P2:test:667,,contraposition:invalid,23,,61,test,P2,61,12.475611209869385,cp_antecedent_polarity,1,61
1,P2:test:556,,modus_tollens:valid,23,,60,test,P2,60,14.417795181274414,mt_query_polarity,1,60
1,P2:test:61,,modus_tollens:invalid,23,,61,test,P2,61,22.489835500717163,mt_fact_polarity,1,61
1,P2:test:314,,modus_tollens:valid,23,,60,test,P2,60,11.139009475708008,mt_rule_direction,1,60
1,P2:test:354,,contraposition:valid,23,,60,test,P2,60,18.067443370819092,cp_antecedent_polarity,1,60
1,P2:test:253,,modus_tollens:invalid,23,,61,test,P2,61,22.51288890838623,mt_fact_polarity,1,61
1,P2:test:16,,modus_tollens:valid,23,,60,test,P2,60,13.45573902130127,mt_query_polarity,1,60
1,P2:test:196,,modus_tollens:valid,23,,60,test,P2,60,17.46292781829834,mt_query_polarity,1,60
1,P2:test:435,,modus_tollens:invalid,23,,61,test,P2,61,12.556088924407959,mt_rule_direction,1,61
1,P2:test:599,,contraposition:invalid,23,,61,test,P2,61,19.117193937301636,cp_direction,1,61
1,P2:test:293,,modus_tollens:invalid,23,,61,test,P2,61,27.44901466369629,mt_query_polarity,1,61
1,P2:test:492,,modus_tollens:valid,23,,60,test,P2,60,13.205474853515625,mt_fact_polarity,1,60
1,P2:test:294,,contraposition:valid,23,,60,test,P2,60,18.812859058380127,cp_antecedent_polarity,1,60
1,P2:test:95,,contraposition:invalid,23,,61,test,P2,61,17.417272329330444,cp_direction,1,61
1,P2:test:620,,contraposition:valid,23,,60,test,P2,60,12.90058708190918,cp_consequent_polarity,1,60
1,P2:test:399,,modus_tollens:invalid,23,,61,test,P2,61,17.213957905769348,mt_rule_direction,1,61
1,P2:test:673,,modus_tollens:invalid,23,,61,test,P2,61,25.069486141204834,mt_fact_polarity,1,61
1,P2:test:321,,contraposition:invalid,23,,61,test,P2,61,18.639241456985474,cp_consequent_polarity,1,61
1,P2:test:379,,contraposition:invalid,23,,61,test,P2,61,17.209916085004807,cp_antecedent_polarity,1,61
1,P2:test:745,,modus_tollens:invalid,23,,61,test,P2,61,21.884382009506226,mt_fact_polarity,1,61
1,P2:test:572,,contraposition:valid,23,,60,test,P2,60,22.48619556427002,cp_consequent_polarity,1,60
1,P2:test:242,,modus_tollens:valid,23,,60,test,P2,60,11.139009475708008,mt_rule_direction,1,60
1,P2:test:256,,modus_tollens:valid,23,,60,test,P2,60,11.229594230651855,mt_query_polarity,1,60
1,P2:test:518,,modus_tollens:valid,23,,60,test,P2,60,11.541736602783203,mt_rule_direction,1,60
1,P2:test:225,,contraposition:invalid,23,,61,test,P2,61,16.12947154045105,cp_consequent_polarity,1,61
1,P2:test:3,,modus_tollens:invalid,23,,61,test,P2,61,15.515602588653564,mt_rule_direction,1,61
1,P2:test:207,,modus_tollens:invalid,23,,61,test,P2,61,15.504609107971191,mt_rule_direction,1,61
1,P2:test:729,,contraposition:invalid,23,,61,test,P2,61,19.83587920665741,cp_consequent_polarity,1,61
1,P2:test:633,,contraposition:invalid,23,,61,test,P2,61,16.11754322052002,cp_consequent_polarity,1,61
1,P2:test:702,,contraposition:valid,23,,60,test,P2,60,17.17965793609619,cp_antecedent_polarity,1,60
1,P2:test:701,,modus_tollens:invalid,23,,61,test,P2,61,25.211092948913574,mt_query_polarity,1,61
1,P2:test:548,,contraposition:valid,23,,60,test,P2,60,15.08559513092041,cp_consequent_polarity,1,60
1,P2:test:141,,contraposition:invalid,23,,61,test,P2,61,19.551883041858673,cp_consequent_polarity,1,61
1,P2:test:409,,modus_tollens:invalid,23,,61,test,P2,61,22.75444769859314,mt_fact_polarity,1,61
1,P2:test:733,,modus_tollens:invalid,23,,61,test,P2,61,22.771004676818848,mt_fact_polarity,1,61
1,P2:test:268,,modus_tollens:valid,23,,60,test,P2,60,11.541736602783203,mt_query_polarity,1,60
1,P2:test:260,,contraposition:valid,23,,60,test,P2,60,15.791149139404297,cp_consequent_polarity,1,60
1,P2:test:455,,contraposition:invalid,23,,61,test,P2,61,26.561644554138184,cp_direction,1,61
1,P2:test:502,,contraposition:valid,23,,60,test,P2,60,14.9389967918396,cp_direction,1,60
1,P2:test:144,,modus_tollens:valid,23,,60,test,P2,60,17.647052764892578,mt_fact_polarity,1,60
1,P2:test:496,,modus_tollens:valid,23,,60,test,P2,60,13.330798149108887,mt_query_polarity,1,60
1,P2:test:637,,modus_tollens:invalid,23,,61,test,P2,61,23.255133628845215,mt_fact_polarity,1,61
1,P2:test:721,,modus_tollens:invalid,23,,61,test,P2,61,24.91094207763672,mt_fact_polarity,1,61
1,P2:test:520,,modus_tollens:valid,23,,60,test,P2,60,11.347232818603516,mt_query_polarity,1,60
1,P2:test:231,,modus_tollens:invalid,23,,61,test,P2,61,16.70703387260437,mt_rule_direction,1,61
1,P2:test:275,,contraposition:invalid,23,,61,test,P2,61,12.879571914672852,cp_direction,1,61
1,P2:test:451,,contraposition:invalid,23,,61,test,P2,61,17.209916085004807,cp_antecedent_polarity,1,61
1,P2:test:547,,contraposition:invalid,23,,61,test,P2,61,15.239969253540039,cp_antecedent_polarity,1,61
1,P2:test:418,,contraposition:valid,23,,60,test,P2,60,13.908990859985352,cp_direction,1,60
1,P2:test:139,,contraposition:invalid,23,,61,test,P2,61,12.466656684875488,cp_antecedent_polarity,1,61
1,P2:test:433,,modus_tollens:invalid,23,,61,test,P2,61,22.552258491516113,mt_fact_polarity,1,61
1,P2:test:28,,modus_tollens:valid,23,,60,test,P2,60,14.029043197631836,mt_query_polarity,1,60
1,P2:test:124,,modus_tollens:valid,23,,60,test,P2,60,10.285794258117676,mt_query_polarity,1,60
1,P2:test:343,,contraposition:invalid,23,,61,test,P2,61,17.147401809692383,cp_antecedent_polarity,1,61
1,P2:test:542,,modus_tollens:valid,23,,60,test,P2,60,17.217501640319824,mt_rule_direction,1,60
1,P2:test:131,,contraposition:invalid,23,,61,test,P2,61,17.18656277656555,cp_direction,1,61
1,P2:test:349,,modus_tollens:invalid,23,,61,test,P2,61,22.563050746917725,mt_fact_polarity,1,61
1,P2:test:315,,modus_tollens:invalid,23,,61,test,P2,61,11.95386552810669,mt_rule_direction,1,61
1,P2:test:683,,contraposition:invalid,23,,61,test,P2,61,25.886414527893066,cp_direction,1,61
1,P2:test:751,,contraposition:invalid,23,,61,test,P2,61,16.099907636642456,cp_antecedent_polarity,1,61
1,P2:test:550,,contraposition:valid,23,,60,test,P2,60,15.970309257507324,cp_direction,1,60
1,P2:test:111,,modus_tollens:invalid,23,,61,test,P2,61,15.218989849090576,mt_rule_direction,1,61
1,P2:test:327,,modus_tollens:invalid,23,,61,test,P2,61,15.694580316543579,mt_rule_direction,1,61
1,P2:test:121,,modus_tollens:invalid,23,,61,test,P2,61,23.04834008216858,mt_fact_polarity,1,61
1,P2:test:588,,modus_tollens:valid,23,,60,test,P2,60,13.390019416809082,mt_fact_polarity,1,60
1,P2:test:728,,contraposition:valid,23,,60,test,P2,60,17.17965793609619,cp_consequent_polarity,1,60
1,P2:test:257,,modus_tollens:invalid,23,,61,test,P2,61,25.659805297851562,mt_query_polarity,1,61
1,P2:test:192,,modus_tollens:valid,23,,60,test,P2,60,13.374549865722656,mt_fact_polarity,1,60
1,P2:test:107,,contraposition:invalid,23,,61,test,P2,61,20.20452320575714,cp_direction,1,61
1,P2:test:428,,contraposition:valid,23,,60,test,P2,60,12.19072437286377,cp_consequent_polarity,1,60
1,P2:test:578,,modus_tollens:valid,23,,60,test,P2,60,10.768597602844238,mt_rule_direction,1,60
1,P2:test:406,,contraposition:valid,23,,60,test,P2,60,18.572730541229248,cp_direction,1,60
1,P2:test:105,,contraposition:invalid,23,,61,test,P2,61,18.690744638442993,cp_consequent_polarity,1,61
1,P2:test:760,,modus_tollens:valid,23,,60,test,P2,60,13.486014366149902,mt_query_polarity,1,60
1,P2:test:670,,contraposition:valid,23,,60,test,P2,60,18.62191390991211,cp_direction,1,60
1,P2:test:514,,contraposition:valid,23,,60,test,P2,60,18.22162914276123,cp_direction,1,60
1,P2:test:136,,modus_tollens:valid,23,,60,test,P2,60,10.61463737487793,mt_query_polarity,1,60
1,P2:test:309,,contraposition:invalid,23,,61,test,P2,61,16.046098232269287,cp_consequent_polarity,1,61
1,P2:test:56,,contraposition:valid,23,,60,test,P2,60,13.816792488098145,cp_consequent_polarity,1,60
1,P2:test:150,,contraposition:valid,23,,60,test,P2,60,18.605443000793457,cp_antecedent_polarity,1,60
1,P2:test:84,,modus_tollens:valid,23,,60,test,P2,60,13.564559936523438,mt_fact_polarity,1,60
1,P2:test:146,,modus_tollens:valid,23,,60,test,P2,60,10.231620788574219,mt_rule_direction,1,60
1,P2:test:164,,contraposition:valid,23,,60,test,P2,60,14.259197235107422,cp_consequent_polarity,1,60
1,P2:test:262,,contraposition:valid,23,,60,test,P2,60,22.38595485687256,cp_direction,1,60
1,P2:test:78,,contraposition:valid,23,,60,test,P2,60,12.90058708190918,cp_antecedent_polarity,1,60
1,P2:test:163,,contraposition:invalid,23,,61,test,P2,61,17.02307677268982,cp_antecedent_polarity,1,61
1,P2:test:498,,contraposition:valid,23,,60,test,P2,60,13.908990859985352,cp_antecedent_polarity,1,60
1,P2:test:193,,modus_tollens:invalid,23,,61,test,P2,61,22.671127557754517,mt_fact_polarity,1,61
1,P2:test:385,,modus_tollens:invalid,23,,61,test,P2,61,23.192243576049805,mt_fact_polarity,1,61
1,P2:test:606,,contraposition:valid,23,,60,test,P2,60,15.060418128967285,cp_antecedent_polarity,1,60
1,P2:test:663,,modus_tollens:invalid,23,,61,test,P2,61,16.88562035560608,mt_rule_direction,1,61
1,P2:test:613,,modus_tollens:invalid,23,,61,test,P2,61,26.679320335388184,mt_fact_polarity,1,61
1,P2:test:251,,contraposition:invalid,23,,61,test,P2,61,27.621219158172607,cp_direction,1,61
1,P2:test:298,,contraposition:valid,23,,60,test,P2,60,14.487581253051758,cp_direction,1,60
1,P2:test:546,,contraposition:valid,23,,60,test,P2,60,14.896150588989258,cp_antecedent_polarity,1,60
1,P2:test:591,,modus_tollens:invalid,23,,61,test,P2,61,17.996742248535156,mt_rule_direction,1,61
1,P2:test:331,,contraposition:invalid,23,,61,test,P2,61,14.987929582595825,cp_antecedent_polarity,1,61
1,P2:test:557,,modus_tollens:invalid,23,,61,test,P2,61,25.794979095458984,mt_query_polarity,1,61
1,P2:test:319,,contraposition:invalid,23,,61,test,P2,61,15.825405836105347,cp_antecedent_polarity,1,61
1,P2:test:458,,modus_tollens:valid,23,,60,test,P2,60,15.07803726196289,mt_rule_direction,1,60
1,P2:test:328,,modus_tollens:valid,23,,60,test,P2,60,10.43736743927002,mt_query_polarity,1,60
1,P2:test:340,,modus_tollens:valid,23,,60,test,P2,60,10.751748085021973,mt_query_polarity,1,60
1,P2:test:9,,contraposition:invalid,23,,61,test,P2,61,19.761068105697632,cp_consequent_polarity,1,61
1,P2:test:608,,contraposition:valid,23,,60,test,P2,60,15.247357368469238,cp_consequent_polarity,1,60
1,P2:test:590,,modus_tollens:valid,23,,60,test,P2,60,17.71533966064453,mt_rule_direction,1,60
1,P2:test:92,,contraposition:valid,23,,60,test,P2,60,22.54343891143799,cp_consequent_polarity,1,60
1,P2:test:101,,modus_tollens:invalid,23,,61,test,P2,61,25.56439447402954,mt_query_polarity,1,61
1,P2:test:44,,contraposition:valid,23,,60,test,P2,60,15.153783798217773,cp_consequent_polarity,1,60
1,P2:test:634,,contraposition:valid,23,,60,test,P2,60,14.725787162780762,cp_direction,1,60
1,P2:test:630,,contraposition:valid,23,,60,test,P2,60,22.468745708465576,cp_antecedent_polarity,1,60
1,P2:test:64,,modus_tollens:valid,23,,60,test,P2,60,13.989566802978516,mt_query_polarity,1,60
1,P2:test:687,,modus_tollens:invalid,23,,61,test,P2,61,15.999339818954468,mt_rule_direction,1,61
1,P2:test:88,,modus_tollens:valid,23,,60,test,P2,60,14.012960433959961,mt_query_polarity,1,60
1,P2:test:626,,modus_tollens:valid,23,,60,test,P2,60,17.33016586303711,mt_rule_direction,1,60
1,P2:test:167,,contraposition:invalid,23,,61,test,P2,61,25.73570156097412,cp_direction,1,61
1,P2:test:41,,modus_tollens:invalid,23,,61,test,P2,61,25.497243404388428,mt_query_polarity,1,61
1,P2:test:142,,contraposition:valid,23,,60,test,P2,60,18.58698844909668,cp_direction,1,60
1,P2:test:759,,modus_tollens:invalid,23,,61,test,P2,61,16.413480520248413,mt_rule_direction,1,61
1,P2:test:303,,modus_tollens:invalid,23,,61,test,P2,61,25.26499891281128,mt_rule_direction,1,61
1,P2:test:10,,contraposition:valid,23,,60,test,P2,60,12.609134674072266,cp_direction,1,60
1,P2:test:416,,contraposition:valid,23,,60,test,P2,60,15.112662315368652,cp_consequent_polarity,1,60
1,P2:test:510,,contraposition:valid,23,,60,test,P2,60,12.848471641540527,cp_antecedent_polarity,1,60
1,P2:test:125,,modus_tollens:invalid,23,,61,test,P2,61,27.808134078979492,mt_query_polarity,1,61
1,P2:test:466,,contraposition:valid,23,,60,test,P2,60,17.320167541503906,cp_direction,1,60
1,P2:test:358,,contraposition:valid,23,,60,test,P2,60,14.896150588989258,cp_direction,1,60
1,P2:test:341,,modus_tollens:invalid,23,,61,test,P2,61,25.158097743988037,mt_query_polarity,1,61
1,P2:test:46,,contraposition:valid,23,,60,test,P2,60,15.153783798217773,cp_direction,1,60
1,P2:test:310,,contraposition:valid,23,,60,test,P2,60,18.67719554901123,cp_direction,1,60
1,P2:test:404,,contraposition:valid,23,,60,test,P2,60,14.209773063659668,cp_consequent_polarity,1,60
1,P2:test:153,,contraposition:invalid,23,,61,test,P2,61,21.798867225646973,cp_consequent_polarity,1,61
1,P2:test:688,,modus_tollens:valid,23,,60,test,P2,60,13.873871803283691,mt_query_polarity,1,60
1,P2:test:398,,modus_tollens:valid,23,,60,test,P2,60,10.09046459197998,mt_rule_direction,1,60
1,P2:test:456,,modus_tollens:valid,23,,60,test,P2,60,9.597976684570312,mt_fact_polarity,1,60
1,P2:test:239,,contraposition:invalid,23,,61,test,P2,61,22.881331205368042,cp_direction,1,61
1,P2:test:657,,contraposition:invalid,23,,61,test,P2,61,16.28600811958313,cp_consequent_polarity,1,61
1,P2:test:34,,contraposition:valid,23,,60,test,P2,60,15.911048889160156,cp_direction,1,60
1,P2:test:25,,modus_tollens:invalid,23,,61,test,P2,61,21.039175868034363,mt_fact_polarity,1,61
1,P2:test:422,,modus_tollens:valid,23,,60,test,P2,60,17.46292781829834,mt_rule_direction,1,60
1,P2:test:233,,modus_tollens:invalid,23,,61,test,P2,61,26.485963821411133,mt_query_polarity,1,61
1,P2:test:600,,modus_tollens:valid,23,,60,test,P2,60,11.541736602783203,mt_fact_polarity,1,60
1,P2:test:174,,contraposition:valid,23,,60,test,P2,60,13.994773864746094,cp_antecedent_polarity,1,60
1,P2:test:737,,modus_tollens:invalid,23,,61,test,P2,61,27.76173210144043,mt_query_polarity,1,61
1,P2:test:429,,contraposition:invalid,23,,61,test,P2,61,19.176295056939125,cp_consequent_polarity,1,61
1,P2:test:584,,contraposition:valid,23,,60,test,P2,60,15.03446102142334,cp_consequent_polarity,1,60
1,P2:test:415,,contraposition:invalid,23,,61,test,P2,61,16.60851275920868,cp_antecedent_polarity,1,61
1,P2:test:405,,contraposition:invalid,23,,61,test,P2,61,16.143909454345703,cp_consequent_polarity,1,61
1,P2:test:602,,modus_tollens:valid,23,,60,test,P2,60,10.983152389526367,mt_rule_direction,1,60
1,P2:test:500,,contraposition:valid,23,,60,test,P2,60,22.499770641326904,cp_consequent_polarity,1,60
1,P2:test:187,,contraposition:invalid,23,,61,test,P2,61,12.409337520599365,cp_antecedent_polarity,1,61
1,P2:test:152,,contraposition:valid,23,,60,test,P2,60,15.911048889160156,cp_consequent_polarity,1,60
1,P2:test:431,,contraposition:invalid,23,,61,test,P2,61,17.062881231307983,cp_direction,1,61
1,P2:test:664,,modus_tollens:valid,23,,60,test,P2,60,17.33494472503662,mt_query_polarity,1,60
1,P2:test:103,,contraposition:invalid,23,,61,test,P2,61,15.750718116760254,cp_antecedent_polarity,1,61
1,P2:test:697,,modus_tollens:invalid,23,,61,test,P2,61,24.72022771835327,mt_fact_polarity,1,61
1,P2:test:640,,modus_tollens:valid,23,,60,test,P2,60,14.012960433959961,mt_query_polarity,1,60
1,P2:test:390,,contraposition:valid,23,,60,test,P2,60,22.499770641326904,cp_antecedent_polarity,1,60
1,P2:test:632,,contraposition:valid,23,,60,test,P2,60,12.268598556518555,cp_consequent_polarity,1,60
1,P2:test:473,,modus_tollens:invalid,23,,61,test,P2,61,24.17886734008789,mt_query_polarity,1,61
1,P2:test:649,,modus_tollens:invalid,23,,61,test,P2,61,22.648585081100464,mt_fact_polarity,1,61
1,P2:test:162,,contraposition:valid,23,,60,test,P2,60,19.713085651397705,cp_antecedent_polarity,1,60
1,P2:test:635,,contraposition:invalid,23,,61,test,P2,61,21.52096128463745,cp_direction,1,61
1,P2:test:534,,contraposition:valid,23,,60,test,P2,60,22.450234413146973,cp_antecedent_polarity,1,60
1,P2:test:54,,contraposition:valid,23,,60,test,P2,60,17.849145889282227,cp_antecedent_polarity,1,60
1,P2:test:555,,modus_tollens:invalid,23,,61,test,P2,61,14.380081176757812,mt_rule_direction,1,61
1,P2:test:656,,contraposition:valid,23,,60,test,P2,60,15.039507389068604,cp_consequent_polarity,1,60
1,P2:test:650,,modus_tollens:valid,23,,60,test,P2,60,14.02832317352295,mt_rule_direction,1,60
1,P2:test:387,,modus_tollens:invalid,23,,61,test,P2,61,14.908138751983643,mt_rule_direction,1,61
1,P2:test:236,,contraposition:valid,23,,60,test,P2,60,17.302560806274414,cp_consequent_polarity,1,60
1,P2:test:359,,contraposition:invalid,23,,61,test,P2,61,26.458631992340088,cp_direction,1,61
1,P2:test:638,,modus_tollens:valid,23,,60,test,P2,60,10.826714515686035,mt_rule_direction,1,60
1,P2:test:681,,contraposition:invalid,23,,61,test,P2,61,18.690744638442993,cp_consequent_polarity,1,61
1,P2:test:530,,modus_tollens:valid,23,,60,test,P2,60,14.996967315673828,mt_rule_direction,1,60
1,P2:test:527,,contraposition:invalid,23,,61,test,P2,61,23.917906999588013,cp_direction,1,61
1,P2:test:197,,modus_tollens:invalid,23,,61,test,P2,61,25.159242153167725,mt_query_polarity,1,61
1,P2:test:532,,modus_tollens:valid,23,,60,test,P2,60,13.45286750793457,mt_query_polarity,1,60
1,P2:test:581,,modus_tollens:invalid,23,,61,test,P2,61,25.90333604812622,mt_query_polarity,1,61
1,P2:test:45,,contraposition:invalid,23,,61,test,P2,61,19.589462637901306,cp_consequent_polarity,1,61
1,P2:test:114,,contraposition:valid,23,,60,test,P2,60,15.247357368469238,cp_antecedent_polarity,1,60
1,P2:test:523,,contraposition:invalid,23,,61,test,P2,61,17.17257046699524,cp_antecedent_polarity,1,61
1,P2:test:713,,modus_tollens:invalid,23,,61,test,P2,61,25.659805297851562,mt_query_polarity,1,61
1,P2:test:465,,contraposition:invalid,23,,61,test,P2,61,21.006831884384155,cp_consequent_polarity,1,61
1,P2:test:49,,modus_tollens:invalid,23,,61,test,P2,61,24.157519340515137,mt_fact_polarity,1,61
1,P2:test:383,,contraposition:invalid,23,,61,test,P2,61,31.786638259887695,cp_direction,1,61
1,P2:test:50,,modus_tollens:valid,23,,60,test,P2,60,10.306199073791504,mt_rule_direction,1,60
1,P2:test:14,,modus_tollens:valid,23,,60,test,P2,60,13.721233367919922,mt_rule_direction,1,60
1,P2:test:159,,modus_tollens:invalid,23,,61,test,P2,61,10.759434223175049,mt_rule_direction,1,61
1,P2:test:690,,contraposition:valid,23,,60,test,P2,60,17.302560806274414,cp_antecedent_polarity,1,60
1,P2:test:655,,contraposition:invalid,23,,61,test,P2,61,16.714507937431335,cp_antecedent_polarity,1,61
1,P2:test:85,,modus_tollens:invalid,23,,61,test,P2,61,24.72022771835327,mt_fact_polarity,1,61
1,P2:test:646,,contraposition:valid,23,,60,test,P2,60,15.384159088134766,cp_direction,1,60
1,P2:test:766,,contraposition:valid,23,,60,test,P2,60,18.146992683410645,cp_direction,1,60
1,P2:test:213,,contraposition:invalid,23,,61,test,P2,61,16.311091899871826,cp_consequent_polarity,1,61
1,P2:test:301,,modus_tollens:invalid,23,,61,test,P2,61,24.338188648223877,mt_fact_polarity,1,61
1,P2:test:577,,modus_tollens:invalid,23,,61,test,P2,61,21.9371919631958,mt_fact_polarity,1,61
1,P2:test:580,,modus_tollens:valid,23,,60,test,P2,60,13.725811004638672,mt_query_polarity,1,60
1,P2:test:342,,contraposition:valid,23,,60,test,P2,60,14.56843376159668,cp_antecedent_polarity,1,60
1,P2:test:15,,modus_tollens:invalid,23,,61,test,P2,61,19.80945536494255,mt_rule_direction,1,61
1,P2:test:469,,modus_tollens:invalid,23,,61,test,P2,61,22.433390617370605,mt_fact_polarity,1,61
1,P2:test:285,,contraposition:invalid,23,,61,test,P2,61,19.144855201244354,cp_consequent_polarity,1,61
1,P2:test:26,,modus_tollens:valid,23,,60,test,P2,60,13.429232597351074,mt_rule_direction,1,60
1,P2:test:219,,modus_tollens:invalid,23,,61,test,P2,61,16.622638463974,mt_rule_direction,1,61
1,P2:test:538,,contraposition:valid,23,,60,test,P2,60,13.92231273651123,cp_direction,1,60
1,P2:test:134,,modus_tollens:valid,23,,60,test,P2,60,13.937478065490723,mt_rule_direction,1,60
1,P2:test:519,,modus_tollens:invalid,23,,61,test,P2,61,21.689862728118896,mt_rule_direction,1,61
1,P2:test:53,,modus_tollens:invalid,23,,61,test,P2,61,24.982760906219482,mt_query_polarity,1,61
1,P2:test:710,,modus_tollens:valid,23,,60,test,P2,60,13.486014366149902,mt_rule_direction,1,60
1,P2:test:350,,modus_tollens:valid,23,,60,test,P2,60,11.139009475708008,mt_rule_direction,1,60
1,P2:test:537,,contraposition:invalid,23,,61,test,P2,61,19.06688404083252,cp_consequent_polarity,1,61
1,P2:test:62,,modus_tollens:valid,23,,60,test,P2,60,13.330798149108887,mt_rule_direction,1,60
1,P2:test:19,,contraposition:invalid,23,,61,test,P2,61,14.47982931137085,cp_antecedent_polarity,1,61
1,P2:test:662,,modus_tollens:valid,23,,60,test,P2,60,13.989566802978516,mt_rule_direction,1,60
1,P2:test:526,,contraposition:valid,23,,60,test,P2,60,13.908990859985352,cp_direction,1,60
1,P2:test:5,,modus_tollens:invalid,23,,61,test,P2,61,25.211092948913574,mt_query_polarity,1,61
1,P2:test:644,,contraposition:valid,23,,60,test,P2,60,14.5383939743042,cp_consequent_polarity,1,60
1,P2:test:190,,contraposition:valid,23,,60,test,P2,60,11.700926780700684,cp_direction,1,60
1,P2:test:277,,modus_tollens:invalid,23,,61,test,P2,61,21.937647342681885,mt_fact_polarity,1,61
1,P2:test:437,,modus_tollens:invalid,23,,61,test,P2,61,29.490209579467773,mt_query_polarity,1,61
1,P2:test:31,,contraposition:invalid,23,,61,test,P2,61,15.724797487258911,cp_antecedent_polarity,1,61
1,P2:test:235,,contraposition:invalid,23,,61,test,P2,61,12.169626235961914,cp_antecedent_polarity,1,61
1,P2:test:104,,contraposition:valid,23,,60,test,P2,60,22.45023488998413,cp_consequent_polarity,1,60
1,P2:test:68,,contraposition:valid,23,,60,test,P2,60,17.302560806274414,cp_consequent_polarity,1,60
1,P2:test:38,,modus_tollens:valid,23,,60,test,P2,60,14.079414367675781,mt_rule_direction,1,60
1,P2:test:516,,modus_tollens:valid,23,,60,test,P2,60,11.602721214294434,mt_fact_polarity,1,60
1,P2:test:445,,modus_tollens:invalid,23,,61,test,P2,61,25.026013374328613,mt_fact_polarity,1,61
1,P2:test:232,,modus_tollens:valid,23,,60,test,P2,60,15.140914916992188,mt_query_polarity,1,60
1,P2:test:287,,contraposition:invalid,23,,61,test,P2,61,17.417272329330444,cp_direction,1,61
1,P2:test:752,,contraposition:valid,23,,60,test,P2,60,11.813958168029785,cp_consequent_polarity,1,60
1,P2:test:330,,contraposition:valid,23,,60,test,P2,60,13.95803165435791,cp_antecedent_polarity,1,60
1,P2:test:364,,modus_tollens:valid,23,,60,test,P2,60,14.10783863067627,mt_query_polarity,1,60
1,P2:test:63,,modus_tollens:invalid,23,,61,test,P2,61,12.10866928100586,mt_rule_direction,1,61
1,P2:test:281,,modus_tollens:invalid,23,,61,test,P2,61,26.989248275756836,mt_query_polarity,1,61
1,P2:test:629,,modus_tollens:invalid,23,,61,test,P2,61,24.456268787384033,mt_query_polarity,1,61
1,P2:test:686,,modus_tollens:valid,23,,60,test,P2,60,10.306495666503906,mt_rule_direction,1,60
1,P2:test:322,,contraposition:valid,23,,60,test,P2,60,16.01609230041504,cp_direction,1,60
1,P2:test:612,,modus_tollens:valid,23,,60,test,P2,60,13.937478065490723,mt_fact_polarity,1,60
1,P2:test:571,,contraposition:invalid,23,,61,test,P2,61,17.22476890683174,cp_antecedent_polarity,1,61
1,P2:test:365,,modus_tollens:invalid,23,,61,test,P2,61,25.904789447784424,mt_query_polarity,1,61
1,P2:test:471,,modus_tollens:invalid,23,,61,test,P2,61,14.286983013153076,mt_rule_direction,1,61
1,P2:test:248,,contraposition:valid,23,,60,test,P2,60,11.895059585571289,cp_consequent_polarity,1,60
1,P2:test:42,,contraposition:valid,23,,60,test,P2,60,22.542360305786133,cp_antecedent_polarity,1,60
1,P2:test:57,,contraposition:invalid,23,,61,test,P2,61,21.862420558929443,cp_consequent_polarity,1,61
1,P2:test:585,,contraposition:invalid,23,,61,test,P2,61,19.117439284920692,cp_consequent_polarity,1,61
1,P2:test:156,,modus_tollens:valid,23,,60,test,P2,60,14.427593231201172,mt_fact_polarity,1,60
1,P2:test:408,,modus_tollens:valid,23,,60,test,P2,60,17.44888687133789,mt_fact_polarity,1,60
1,P2:test:344,,contraposition:valid,23,,60,test,P2,60,15.03446102142334,cp_consequent_polarity,1,60
1,P2:test:593,,modus_tollens:invalid,23,,61,test,P2,61,25.80419635772705,mt_query_polarity,1,61
1,P2:test:214,,contraposition:valid,23,,60,test,P2,60,18.572730541229248,cp_direction,1,60
1,P2:test:381,,contraposition:invalid,23,,61,test,P2,61,16.054153203964233,cp_consequent_polarity,1,61
1,P2:test:272,,contraposition:valid,23,,60,test,P2,60,14.5383939743042,cp_consequent_polarity,1,60
1,P2:test:373,,modus_tollens:invalid,23,,61,test,P2,61,24.01279354095459,mt_fact_polarity,1,61
1,P2:test:589,,modus_tollens:invalid,23,,61,test,P2,61,22.512893676757812,mt_fact_polarity,1,61
1,P2:test:133,,modus_tollens:invalid,23,,61,test,P2,61,22.54184889793396,mt_fact_polarity,1,61
1,P2:test:447,,modus_tollens:invalid,23,,61,test,P2,61,16.413480520248413,mt_rule_direction,1,61
1,P2:test:714,,contraposition:valid,23,,60,test,P2,60,15.039507389068604,cp_antecedent_polarity,1,60
1,P2:test:326,,modus_tollens:valid,23,,60,test,P2,60,10.306199073791504,mt_rule_direction,1,60
1,P2:test:741,,contraposition:invalid,23,,61,test,P2,61,18.736200213432312,cp_consequent_polarity,1,61
1,P2:test:432,,modus_tollens:valid,23,,60,test,P2,60,10.857738494873047,mt_fact_polarity,1,60
1,P2:test:23,,contraposition:invalid,23,,61,test,P2,61,20.20452320575714,cp_direction,1,61
1,P2:test:222,,contraposition:valid,23,,60,test,P2,60,22.54343891143799,cp_antecedent_polarity,1,60
1,P2:test:559,,contraposition:invalid,23,,61,test,P2,61,15.453715085983276,cp_antecedent_polarity,1,61
1,P2:test:217,,modus_tollens:invalid,23,,61,test,P2,61,24.323375701904297,mt_fact_polarity,1,61
1,P2:test:679,,contraposition:invalid,23,,61,test,P2,61,15.638376235961914,cp_antecedent_polarity,1,61
1,P2:test:715,,contraposition:invalid,23,,61,test,P2,61,17.00269865989685,cp_antecedent_polarity,1,61
1,P2:test:183,,modus_tollens:invalid,23,,61,test,P2,61,18.820675760507584,mt_rule_direction,1,61
1,P2:test:184,,modus_tollens:valid,23,,60,test,P2,60,16.431734085083008,mt_query_polarity,1,60
1,P2:test:549,,contraposition:invalid,23,,61,test,P2,61,19.14500343799591,cp_consequent_polarity,1,61
1,P2:test:529,,modus_tollens:invalid,23,,61,test,P2,61,22.643206357955933,mt_fact_polarity,1,61
1,P2:test:522,,contraposition:valid,23,,60,test,P2,60,17.30140209197998,cp_antecedent_polarity,1,60
1,P2:test:675,,modus_tollens:invalid,23,,61,test,P2,61,19.80945536494255,mt_rule_direction,1,61
1,P2:test:511,,contraposition:invalid,23,,61,test,P2,61,14.453899383544922,cp_antecedent_polarity,1,61
1,P2:test:692,,contraposition:valid,23,,60,test,P2,60,11.600359916687012,cp_consequent_polarity,1,60
1,P2:test:453,,contraposition:invalid,23,,61,test,P2,61,19.166938483715057,cp_consequent_polarity,1,61
1,P2:test:325,,modus_tollens:invalid,23,,61,test,P2,61,23.12838840484619,mt_fact_polarity,1,61
1,P2:test:357,,contraposition:invalid,23,,61,test,P2,61,19.176295056939125,cp_consequent_polarity,1,61
1,P2:test:604,,modus_tollens:valid,23,,60,test,P2,60,17.33016586303711,mt_query_polarity,1,60
1,P2:test:452,,contraposition:valid,23,,60,test,P2,60,14.9389967918396,cp_consequent_polarity,1,60
1,P2:test:694,,contraposition:valid,23,,60,test,P2,60,13.95803165435791,cp_direction,1,60
1,P2:test:707,,contraposition:invalid,23,,61,test,P2,61,27.623775005340576,cp_direction,1,61
1,P2:test:727,,contraposition:invalid,23,,61,test,P2,61,16.675209879875183,cp_antecedent_polarity,1,61
1,P2:test:552,,modus_tollens:valid,23,,60,test,P2,60,14.02832317352295,mt_fact_polarity,1,60
1,P2:test:597,,contraposition:invalid,23,,61,test,P2,61,16.11754322052002,cp_consequent_polarity,1,61
1,P2:test:186,,contraposition:valid,23,,60,test,P2,60,15.073008060455322,cp_antecedent_polarity,1,60
1,P2:test:122,,modus_tollens:valid,23,,60,test,P2,60,13.46378231048584,mt_rule_direction,1,60
1,P2:test:558,,contraposition:valid,23,,60,test,P2,60,17.932098388671875,cp_antecedent_polarity,1,60
1,P2:test:194,,modus_tollens:valid,23,,60,test,P2,60,10.954327583312988,mt_rule_direction,1,60
1,P2:test:112,,modus_tollens:valid,23,,60,test,P2,60,13.306078910827637,mt_query_polarity,1,60
1,P2:test:569,,modus_tollens:invalid,23,,61,test,P2,61,25.906444549560547,mt_query_polarity,1,61
1,P2:test:684,,modus_tollens:valid,23,,60,test,P2,60,14.993636131286621,mt_fact_polarity,1,60
1,P2:test:246,,contraposition:valid,23,,60,test,P2,60,14.00737190246582,cp_antecedent_polarity,1,60
1,P2:test:410,,modus_tollens:valid,23,,60,test,P2,60,10.768597602844238,mt_rule_direction,1,60
1,P2:test:175,,contraposition:invalid,23,,61,test,P2,61,17.14819845557213,cp_antecedent_polarity,1,61
1,P2:test:211,,contraposition:invalid,23,,61,test,P2,61,15.401980876922607,cp_antecedent_polarity,1,61
1,P2:test:749,,modus_tollens:invalid,23,,61,test,P2,61,29.58633041381836,mt_query_polarity,1,61
1,P2:test:607,,contraposition:invalid,23,,61,test,P2,61,15.399637222290039,cp_antecedent_polarity,1,61
1,P2:test:414,,contraposition:valid,23,,60,test,P2,60,22.450234413146973,cp_antecedent_polarity,1,60
1,P2:test:377,,modus_tollens:invalid,23,,61,test,P2,61,25.954251289367676,mt_query_polarity,1,61
1,P2:test:0,,modus_tollens:valid,23,,60,test,P2,60,13.352540969848633,mt_fact_polarity,1,60
1,P2:test:376,,modus_tollens:valid,23,,60,test,P2,60,15.973797798156738,mt_query_polarity,1,60
1,P2:test:497,,modus_tollens:invalid,23,,61,test,P2,61,25.660045623779297,mt_query_polarity,1,61
1,P2:test:639,,modus_tollens:invalid,23,,61,test,P2,61,21.689862728118896,mt_rule_direction,1,61
1,P2:test:643,,contraposition:invalid,23,,61,test,P2,61,17.05332326889038,cp_antecedent_polarity,1,61
1,P2:test:33,,contraposition:invalid,23,,61,test,P2,61,21.913917303085327,cp_consequent_polarity,1,61
1,P2:test:616,,modus_tollens:valid,23,,60,test,P2,60,13.873871803283691,mt_query_polarity,1,60
1,P2:test:660,,modus_tollens:valid,23,,60,test,P2,60,14.137138366699219,mt_fact_polarity,1,60
1,P2:test:397,,modus_tollens:invalid,23,,61,test,P2,61,22.489835500717163,mt_fact_polarity,1,61
1,P2:test:574,,contraposition:valid,23,,60,test,P2,60,13.08547306060791,cp_direction,1,60
1,P2:test:218,,modus_tollens:valid,23,,60,test,P2,60,14.99268913269043,mt_rule_direction,1,60
1,P2:test:441,,contraposition:invalid,23,,61,test,P2,61,19.77019965648651,cp_consequent_polarity,1,61
1,P2:test:725,,modus_tollens:invalid,23,,61,test,P2,61,24.196521759033203,mt_query_polarity,1,61
1,P2:test:370,,contraposition:valid,23,,60,test,P2,60,14.644150733947754,cp_direction,1,60
1,P2:test:27,,modus_tollens:invalid,23,,61,test,P2,61,19.448538661003113,mt_rule_direction,1,61
1,P2:test:704,,contraposition:valid,23,,60,test,P2,60,17.046624183654785,cp_consequent_polarity,1,60
1,P2:test:647,,contraposition:invalid,23,,61,test,P2,61,30.638113021850586,cp_direction,1,61
1,P2:test:362,,modus_tollens:valid,23,,60,test,P2,60,17.416369438171387,mt_rule_direction,1,60
1,P2:test:87,,modus_tollens:invalid,23,,61,test,P2,61,10.943657875061035,mt_rule_direction,1,61
1,P2:test:449,,modus_tollens:invalid,23,,61,test,P2,61,25.91533660888672,mt_query_polarity,1,61
1,P2:test:279,,modus_tollens:invalid,23,,61,test,P2,61,11.745178699493408,mt_rule_direction,1,61
1,P2:test:464,,contraposition:valid,23,,60,test,P2,60,15.911048889160156,cp_consequent_polarity,1,60
1,P2:test:619,,contraposition:invalid,23,,61,test,P2,61,12.200296878814697,cp_antecedent_polarity,1,61
1,P2:test:118,,contraposition:valid,23,,60,test,P2,60,17.935392379760742,cp_direction,1,60
1,P2:test:316,,modus_tollens:valid,23,,60,test,P2,60,17.33494472503662,mt_query_polarity,1,60
1,P2:test:263,,contraposition:invalid,23,,61,test,P2,61,24.991642475128174,cp_direction,1,61
1,P2:test:243,,modus_tollens:invalid,23,,61,test,P2,61,17.119726181030273,mt_rule_direction,1,61
1,P2:test:625,,modus_tollens:invalid,23,,61,test,P2,61,21.039175868034363,mt_fact_polarity,1,61
1,P2:test:135,,modus_tollens:invalid,23,,61,test,P2,61,13.209039211273193,mt_rule_direction,1,61
1,P2:test:179,,contraposition:invalid,23,,61,test,P2,61,11.279532432556152,cp_direction,1,61
1,P2:test:439,,contraposition:invalid,23,,61,test,P2,61,12.081086158752441,cp_antecedent_polarity,1,61
1,P2:test:736,,modus_tollens:valid,23,,60,test,P2,60,13.751832962036133,mt_query_polarity,1,60
1,P2:test:764,,contraposition:valid,23,,60,test,P2,60,16.999544143676758,cp_consequent_polarity,1,60
1,P2:test:732,,modus_tollens:valid,23,,60,test,P2,60,16.229371070861816,mt_fact_polarity,1,60
1,P2:test:66,,contraposition:valid,23,,60,test,P2,60,18.367831707000732,cp_antecedent_polarity,1,60
1,P2:test:631,,contraposition:invalid,23,,61,test,P2,61,12.201860427856445,cp_antecedent_polarity,1,61
1,P2:test:642,,contraposition:valid,23,,60,test,P2,60,15.112662315368652,cp_antecedent_polarity,1,60
1,P2:test:524,,contraposition:valid,23,,60,test,P2,60,17.74276065826416,cp_consequent_polarity,1,60
1,P2:test:323,,contraposition:invalid,23,,61,test,P2,61,30.114669799804688,cp_direction,1,61
1,P2:test:113,,modus_tollens:invalid,23,,61,test,P2,61,25.563254356384277,mt_query_polarity,1,61
1,P2:test:561,,contraposition:invalid,23,,61,test,P2,61,16.183574438095093,cp_consequent_polarity,1,61
1,P2:test:611,,contraposition:invalid,23,,61,test,P2,61,27.13590431213379,cp_direction,1,61
1,P2:test:654,,contraposition:valid,23,,60,test,P2,60,15.196036338806152,cp_antecedent_polarity,1,60
1,P2:test:308,,contraposition:valid,23,,60,test,P2,60,15.901371955871582,cp_consequent_polarity,1,60
1,P2:test:369,,contraposition:invalid,23,,61,test,P2,61,19.152877181768417,cp_consequent_polarity,1,61
1,P2:test:18,,contraposition:valid,23,,60,test,P2,60,22.542360305786133,cp_antecedent_polarity,1,60
1,P2:test:553,,modus_tollens:invalid,23,,61,test,P2,61,24.91094207763672,mt_fact_polarity,1,61
1,P2:test:140,,contraposition:valid,23,,60,test,P2,60,13.92231273651123,cp_consequent_polarity,1,60
1,P2:test:189,,contraposition:invalid,23,,61,test,P2,61,19.194384455680847,cp_consequent_polarity,1,61
1,P2:test:160,,modus_tollens:valid,23,,60,test,P2,60,17.33494472503662,mt_query_polarity,1,60
1,P2:test:609,,contraposition:invalid,23,,61,test,P2,61,18.639241456985474,cp_consequent_polarity,1,61
1,P2:test:748,,modus_tollens:valid,23,,60,test,P2,60,10.43736743927002,mt_query_polarity,1,60
1,P2:test:143,,contraposition:invalid,23,,61,test,P2,61,17.47275447845459,cp_direction,1,61
1,P2:test:126,,contraposition:valid,23,,60,test,P2,60,17.188539505004883,cp_antecedent_polarity,1,60
1,P2:test:191,,contraposition:invalid,23,,61,test,P2,61,22.726380348205566,cp_direction,1,61
1,P2:test:513,,contraposition:invalid,23,,61,test,P2,61,21.798867225646973,cp_consequent_polarity,1,61
1,P2:test:722,,modus_tollens:valid,23,,60,test,P2,60,11.690852165222168,mt_rule_direction,1,60
1,P2:test:459,,modus_tollens:invalid,23,,61,test,P2,61,15.789835453033447,mt_rule_direction,1,61
1,P2:test:680,,contraposition:valid,23,,60,test,P2,60,14.896150588989258,cp_consequent_polarity,1,60
1,P2:test:247,,contraposition:invalid,23,,61,test,P2,61,15.401980876922607,cp_antecedent_polarity,1,61
1,P2:test:261,,contraposition:invalid,23,,61,test,P2,61,18.662498593330383,cp_consequent_polarity,1,61
1,P2:test:40,,modus_tollens:valid,23,,60,test,P2,60,13.45573902130127,mt_query_polarity,1,60
1,P2:test:86,,modus_tollens:valid,23,,60,test,P2,60,10.660531044006348,mt_rule_direction,1,60
1,P2:test:352,,modus_tollens:valid,23,,60,test,P2,60,10.983152389526367,mt_query_polarity,1,60
1,P2:test:210,,contraposition:valid,23,,60,test,P2,60,15.901371955871582,cp_antecedent_polarity,1,60
1,P2:test:21,,contraposition:invalid,23,,61,test,P2,61,19.245781391859055,cp_consequent_polarity,1,61
1,P2:test:353,,modus_tollens:invalid,23,,61,test,P2,61,28.581220626831055,mt_query_polarity,1,61
1,P2:test:742,,contraposition:valid,23,,60,test,P2,60,18.53932237625122,cp_direction,1,60
1,P2:test:51,,modus_tollens:invalid,23,,61,test,P2,61,12.10866928100586,mt_rule_direction,1,61
1,P2:test:267,,modus_tollens:invalid,23,,61,test,P2,61,18.820675760507584,mt_rule_direction,1,61
1,P2:test:20,,contraposition:valid,23,,60,test,P2,60,18.62191390991211,cp_consequent_polarity,1,60
1,P2:test:35,,contraposition:invalid,23,,61,test,P2,61,20.20452320575714,cp_direction,1,61
1,P2:test:302,,modus_tollens:valid,23,,60,test,P2,60,16.3210391998291,mt_rule_direction,1,60
1,P2:test:333,,contraposition:invalid,23,,61,test,P2,61,16.28600811958313,cp_consequent_polarity,1,61
1,P2:test:731,,contraposition:invalid,23,,61,test,P2,61,17.062881231307983,cp_direction,1,61
1,P2:test:97,,modus_tollens:invalid,23,,61,test,P2,61,22.58147668838501,mt_fact_polarity,1,61
1,P2:test:338,,modus_tollens:valid,23,,60,test,P2,60,14.993636131286621,mt_rule_direction,1,60
1,P2:test:403,,contraposition:invalid,23,,61,test,P2,61,16.714507937431335,cp_antecedent_polarity,1,61
1,P2:test:545,,modus_tollens:invalid,23,,61,test,P2,61,29.54107666015625,mt_query_polarity,1,61
1,P2:test:636,,modus_tollens:valid,23,,60,test,P2,60,13.721233367919922,mt_fact_polarity,1,60
1,P2:test:117,,contraposition:invalid,23,,61,test,P2,61,21.006831884384155,cp_consequent_polarity,1,61
1,P2:test:304,,modus_tollens:valid,23,,60,test,P2,60,14.427593231201172,mt_query_polarity,1,60
1,P2:test:677,,modus_tollens:invalid,23,,61,test,P2,61,25.64058017730713,mt_query_polarity,1,61
1,P2:test:493,,modus_tollens:invalid,23,,61,test,P2,61,21.884382009506226,mt_fact_polarity,1,61
1,P2:test:400,,modus_tollens:valid,23,,60,test,P2,60,14.993636131286621,mt_query_polarity,1,60
1,P2:test:393,,contraposition:invalid,23,,61,test,P2,61,19.7013241648674,cp_consequent_polarity,1,61
1,P2:test:11,,contraposition:invalid,23,,61,test,P2,61,31.411402702331543,cp_direction,1,61
1,P2:test:138,,contraposition:valid,23,,60,test,P2,60,15.911048889160156,cp_antecedent_polarity,1,60
1,P2:test:430,,contraposition:valid,23,,60,test,P2,60,14.725787162780762,cp_direction,1,60
1,P2:test:72,,modus_tollens:valid,23,,60,test,P2,60,10.231620788574219,mt_fact_polarity,1,60
1,P2:test:476,,contraposition:valid,23,,60,test,P2,60,18.105136394500732,cp_consequent_polarity,1,60
1,P2:test:177,,contraposition:invalid,23,,61,test,P2,61,16.22299814224243,cp_consequent_polarity,1,61
1,P2:test:208,,modus_tollens:valid,23,,60,test,P2,60,12.834737777709961,mt_query_polarity,1,60
1,P2:test:672,,modus_tollens:valid,23,,60,test,P2,60,10.346807479858398,mt_fact_polarity,1,60
1,P2:test:743,,contraposition:invalid,23,,61,test,P2,61,28.146839141845703,cp_direction,1,61
1,P2:test:176,,contraposition:valid,23,,60,test,P2,60,18.067444324493408,cp_consequent_polarity,1,60
1,P2:test:90,,contraposition:valid,23,,60,test,P2,60,18.714252471923828,cp_antecedent_polarity,1,60
1,P2:test:491,,contraposition:invalid,23,,61,test,P2,61,20.2598517537117,cp_direction,1,61
1,P2:test:332,,contraposition:valid,23,,60,test,P2,60,15.146134376525879,cp_consequent_polarity,1,60
1,P2:test:8,,contraposition:valid,23,,60,test,P2,60,12.268598556518555,cp_consequent_polarity,1,60
1,P2:test:79,,contraposition:invalid,23,,61,test,P2,61,15.773900508880615,cp_antecedent_polarity,1,61
1,P2:test:446,,modus_tollens:valid,23,,60,test,P2,60,11.602721214294434,mt_rule_direction,1,60
1,P2:test:482,,modus_tollens:valid,23,,60,test,P2,60,13.830968856811523,mt_rule_direction,1,60
1,P2:test:240,,modus_tollens:valid,23,,60,test,P2,60,10.857738494873047,mt_fact_polarity,1,60
1,P2:test:250,,contraposition:valid,23,,60,test,P2,60,14.451715469360352,cp_direction,1,60
1,P2:test:723,,modus_tollens:invalid,23,,61,test,P2,61,12.460227489471436,mt_rule_direction,1,61
1,P2:test:299,,contraposition:invalid,23,,61,test,P2,61,14.999492168426514,cp_direction,1,61
1,P2:test:419,,contraposition:invalid,23,,61,test,P2,61,25.292462825775146,cp_direction,1,61
1,P2:test:472,,modus_tollens:valid,23,,60,test,P2,60,14.079414367675781,mt_query_polarity,1,60
1,P2:test:206,,modus_tollens:valid,23,,60,test,P2,60,17.44888687133789,mt_rule_direction,1,60
1,P2:test:665,,modus_tollens:invalid,23,,61,test,P2,61,24.34673023223877,mt_query_polarity,1,61
1,P2:test:411,,modus_tollens:invalid,23,,61,test,P2,61,16.34582757949829,mt_rule_direction,1,61
1,P2:test:149,,modus_tollens:invalid,23,,61,test,P2,61,25.737526416778564,mt_query_polarity,1,61
1,P2:test:575,,contraposition:invalid,23,,61,test,P2,61,25.394561767578125,cp_direction,1,61
1,P2:test:157,,modus_tollens:invalid,23,,61,test,P2,61,21.11316466331482,mt_fact_polarity,1,61
1,P2:test:462,,contraposition:valid,23,,60,test,P2,60,12.936790466308594,cp_antecedent_polarity,1,60
1,P2:test:753,,contraposition:invalid,23,,61,test,P2,61,21.328179597854614,cp_consequent_polarity,1,61
1,P2:test:123,,modus_tollens:invalid,23,,61,test,P2,61,23.96693205833435,mt_rule_direction,1,61
1,P2:test:363,,modus_tollens:invalid,23,,61,test,P2,61,16.53839898109436,mt_rule_direction,1,61
1,P2:test:659,,contraposition:invalid,23,,61,test,P2,61,9.826399803161621,cp_direction,1,61
1,P2:test:767,,contraposition:invalid,23,,61,test,P2,61,26.85722541809082,cp_direction,1,61
1,P2:test:596,,contraposition:valid,23,,60,test,P2,60,15.970309257507324,cp_consequent_polarity,1,60
1,P2:test:615,,modus_tollens:invalid,23,,61,test,P2,61,18.820675760507584,mt_rule_direction,1,61
1,P2:test:671,,contraposition:invalid,23,,61,test,P2,61,27.788851737976074,cp_direction,1,61
1,P2:test:407,,contraposition:invalid,23,,61,test,P2,61,13.312808513641357,cp_direction,1,61
1,P2:test:389,,modus_tollens:invalid,23,,61,test,P2,61,25.051290035247803,mt_query_polarity,1,61
1,P2:test:74,,modus_tollens:valid,23,,60,test,P2,60,10.660531044006348,mt_rule_direction,1,60
1,P2:test:762,,contraposition:valid,23,,60,test,P2,60,18.69906711578369,cp_antecedent_polarity,1,60
1,P2:test:425,,modus_tollens:invalid,23,,61,test,P2,61,24.475436210632324,mt_query_polarity,1,61
1,P2:test:286,,contraposition:valid,23,,60,test,P2,60,18.714252471923828,cp_direction,1,60
1,P2:test:258,,contraposition:valid,23,,60,test,P2,60,15.384159088134766,cp_antecedent_polarity,1,60
1,P2:test:59,,contraposition:invalid,23,,61,test,P2,61,24.688232421875,cp_direction,1,61
1,P2:test:624,,modus_tollens:valid,23,,60,test,P2,60,10.346807479858398,mt_fact_polarity,1,60
1,P2:test:718,,contraposition:valid,23,,60,test,P2,60,18.812859058380127,cp_direction,1,60
1,P2:test:517,,modus_tollens:invalid,23,,61,test,P2,61,21.13209044933319,mt_fact_polarity,1,61
1,P2:test:148,,modus_tollens:valid,23,,60,test,P2,60,11.58926773071289,mt_query_polarity,1,60
1,P2:test:603,,modus_tollens:invalid,23,,61,test,P2,61,12.108670234680176,mt_rule_direction,1,61
1,P2:test:296,,contraposition:valid,23,,60,test,P2,60,13.176061630249023,cp_consequent_polarity,1,60
1,P2:test:300,,modus_tollens:valid,23,,60,test,P2,60,13.512737274169922,mt_fact_polarity,1,60
1,P2:test:1,,modus_tollens:invalid,23,,61,test,P2,61,23.04834008216858,mt_fact_polarity,1,61
1,P2:test:563,,contraposition:invalid,23,,61,test,P2,61,29.050230026245117,cp_direction,1,61
1,P2:test:554,,modus_tollens:valid,23,,60,test,P2,60,11.592769622802734,mt_rule_direction,1,60
1,P2:test:336,,modus_tollens:valid,23,,60,test,P2,60,13.846772193908691,mt_fact_polarity,1,60
1,P2:test:356,,contraposition:valid,23,,60,test,P2,60,15.247357368469238,cp_consequent_polarity,1,60
1,P2:test:696,,modus_tollens:valid,23,,60,test,P2,60,10.289649963378906,mt_fact_polarity,1,60
1,P2:test:290,,modus_tollens:valid,23,,60,test,P2,60,10.306199073791504,mt_rule_direction,1,60
1,P2:test:717,,contraposition:invalid,23,,61,test,P2,61,19.602419689297676,cp_consequent_polarity,1,61
1,P2:test:730,,contraposition:valid,23,,60,test,P2,60,15.247357368469238,cp_direction,1,60
1,P2:test:273,,contraposition:invalid,23,,61,test,P2,61,19.126288942992687,cp_consequent_polarity,1,61
1,P2:test:205,,modus_tollens:invalid,23,,61,test,P2,61,24.08551025390625,mt_fact_polarity,1,61
1,P2:test:116,,contraposition:valid,23,,60,test,P2,60,17.046624183654785,cp_consequent_polarity,1,60
1,P2:test:505,,modus_tollens:invalid,23,,61,test,P2,61,25.069486141204834,mt_fact_polarity,1,61
1,P2:test:540,,modus_tollens:valid,23,,60,test,P2,60,8.645806312561035,mt_fact_polarity,1,60
1,P2:test:2,,modus_tollens:valid,23,,60,test,P2,60,14.694522857666016,mt_rule_direction,1,60
1,P2:test:48,,modus_tollens:valid,23,,60,test,P2,60,13.78277587890625,mt_fact_polarity,1,60
1,P2:test:734,,modus_tollens:valid,23,,60,test,P2,60,11.557783126831055,mt_rule_direction,1,60
1,P2:test:535,,contraposition:invalid,23,,61,test,P2,61,17.17257046699524,cp_antecedent_polarity,1,61
1,P2:test:382,,contraposition:valid,23,,60,test,P2,60,17.951252937316895,cp_direction,1,60
1,P2:test:311,,contraposition:invalid,23,,61,test,P2,61,27.45592498779297,cp_direction,1,61
1,P2:test:693,,contraposition:invalid,23,,61,test,P2,61,21.956931591033936,cp_consequent_polarity,1,61
1,P2:test:594,,contraposition:valid,23,,60,test,P2,60,15.073008060455322,cp_antecedent_polarity,1,60
1,P2:test:528,,modus_tollens:valid,23,,60,test,P2,60,17.71533966064453,mt_fact_polarity,1,60
1,P2:test:226,,contraposition:valid,23,,60,test,P2,60,18.58698844909668,cp_direction,1,60
1,P2:test:678,,contraposition:valid,23,,60,test,P2,60,18.33293628692627,cp_antecedent_polarity,1,60
1,P2:test:579,,modus_tollens:invalid,23,,61,test,P2,61,25.26499891281128,mt_rule_direction,1,61
1,P2:test:396,,modus_tollens:valid,23,,60,test,P2,60,10.43736743927002,mt_fact_polarity,1,60
1,P2:test:386,,modus_tollens:valid,23,,60,test,P2,60,17.41834545135498,mt_rule_direction,1,60
1,P2:test:98,,modus_tollens:valid,23,,60,test,P2,60,14.29385757446289,mt_rule_direction,1,60
1,P2:test:495,,modus_tollens:invalid,23,,61,test,P2,61,25.26499891281128,mt_rule_direction,1,61
1,P2:test:172,,modus_tollens:valid,23,,60,test,P2,60,16.297405242919922,mt_query_polarity,1,60
1,P2:test:652,,modus_tollens:valid,23,,60,test,P2,60,10.867851257324219,mt_query_polarity,1,60
1,P2:test:307,,contraposition:invalid,23,,61,test,P2,61,12.169626235961914,cp_antecedent_polarity,1,61
1,P2:test:245,,modus_tollens:invalid,23,,61,test,P2,61,24.319542407989502,mt_query_polarity,1,61
1,P2:test:170,,modus_tollens:valid,23,,60,test,P2,60,10.306495666503906,mt_rule_direction,1,60
1,P2:test:264,,modus_tollens:valid,23,,60,test,P2,60,13.352540969848633,mt_fact_polarity,1,60
1,P2:test:724,,modus_tollens:valid,23,,60,test,P2,60,13.390019416809082,mt_query_polarity,1,60
1,P2:test:313,,modus_tollens:invalid,23,,61,test,P2,61,23.91437339782715,mt_fact_polarity,1,61
1,P2:test:573,,contraposition:invalid,23,,61,test,P2,61,19.00725355744362,cp_consequent_polarity,1,61
1,P2:test:375,,modus_tollens:invalid,23,,61,test,P2,61,18.820675760507584,mt_rule_direction,1,61
1,P2:test:244,,modus_tollens:valid,23,,60,test,P2,60,14.427593231201172,mt_query_polarity,1,60
1,P2:test:255,,modus_tollens:invalid,23,,61,test,P2,61,13.469998359680176,mt_rule_direction,1,61
1,P2:test:484,,modus_tollens:valid,23,,60,test,P2,60,13.725811004638672,mt_query_polarity,1,60
1,P2:test:463,,contraposition:invalid,23,,61,test,P2,61,15.197028875350952,cp_antecedent_polarity,1,61
1,P2:test:82,,contraposition:valid,23,,60,test,P2,60,17.320167541503906,cp_direction,1,60
1,P2:test:470,,modus_tollens:valid,23,,60,test,P2,60,14.996967315673828,mt_rule_direction,1,60
1,P2:test:199,,contraposition:invalid,23,,61,test,P2,61,16.668737292289734,cp_antecedent_polarity,1,61
1,P2:test:601,,modus_tollens:invalid,23,,61,test,P2,61,24.318384170532227,mt_fact_polarity,1,61
1,P2:test:276,,modus_tollens:valid,23,,60,test,P2,60,14.543661117553711,mt_fact_polarity,1,60
1,P2:test:378,,contraposition:valid,23,,60,test,P2,60,15.74534797668457,cp_antecedent_polarity,1,60
1,P2:test:582,,contraposition:valid,23,,60,test,P2,60,15.563298225402832,cp_antecedent_polarity,1,60
1,P2:test:438,,contraposition:valid,23,,60,test,P2,60,12.936790466308594,cp_antecedent_polarity,1,60
1,P2:test:543,,modus_tollens:invalid,23,,61,test,P2,61,13.461918354034424,mt_rule_direction,1,61
1,P2:test:391,,contraposition:invalid,23,,61,test,P2,61,15.780707836151123,cp_antecedent_polarity,1,61
1,P2:test:99,,modus_tollens:invalid,23,,61,test,P2,61,17.463465213775635,mt_rule_direction,1,61
1,P2:test:380,,contraposition:valid,23,,60,test,P2,60,15.22447681427002,cp_consequent_polarity,1,60
1,P2:test:394,,contraposition:valid,23,,60,test,P2,60,14.63394546508789,cp_direction,1,60
1,P2:test:221,,modus_tollens:invalid,23,,61,test,P2,61,25.89002275466919,mt_query_polarity,1,61
1,P2:test:94,,contraposition:valid,23,,60,test,P2,60,14.553240776062012,cp_direction,1,60
1,P2:test:7,,contraposition:invalid,23,,61,test,P2,61,15.034727811813354,cp_antecedent_polarity,1,61
1,P2:test:485,,modus_tollens:invalid,23,,61,test,P2,61,25.83684539794922,mt_query_polarity,1,61
1,P2:test:691,,contraposition:invalid,23,,61,test,P2,61,12.389471054077148,cp_antecedent_polarity,1,61
1,P2:test:494,,modus_tollens:valid,23,,60,test,P2,60,10.983152389526367,mt_rule_direction,1,60
1,P2:test:392,,contraposition:valid,23,,60,test,P2,60,15.245033264160156,cp_consequent_polarity,1,60
1,P2:test:695,,contraposition:invalid,23,,61,test,P2,61,20.20452320575714,cp_direction,1,61
1,P2:test:237,,contraposition:invalid,23,,61,test,P2,61,20.998154878616333,cp_consequent_polarity,1,61
1,P2:test:202,,contraposition:valid,23,,60,test,P2,60,18.146992683410645,cp_direction,1,60
1,P2:test:229,,modus_tollens:invalid,23,,61,test,P2,61,23.481839179992676,mt_fact_polarity,1,61
1,P2:test:427,,contraposition:invalid,23,,61,test,P2,61,17.19405770301819,cp_antecedent_polarity,1,61
1,P2:test:166,,contraposition:valid,23,,60,test,P2,60,15.791149139404297,cp_direction,1,60
1,P2:test:252,,modus_tollens:valid,23,,60,test,P2,60,13.725811004638672,mt_fact_polarity,1,60
1,P2:test:720,,modus_tollens:valid,23,,60,test,P2,60,11.189340591430664,mt_fact_polarity,1,60
1,P2:test:501,,contraposition:invalid,23,,61,test,P2,61,19.171590700745583,cp_consequent_polarity,1,61
1,P2:test:212,,contraposition:valid,23,,60,test,P2,60,18.572730541229248,cp_consequent_polarity,1,60
1,P2:test:271,,contraposition:invalid,23,,61,test,P2,61,17.14819845557213,cp_antecedent_polarity,1,61
1,P2:test:567,,modus_tollens:invalid,23,,61,test,P2,61,12.167227268218994,mt_rule_direction,1,61
1,P2:test:512,,contraposition:valid,23,,60,test,P2,60,14.908054828643799,cp_consequent_polarity,1,60
1,P2:test:360,,modus_tollens:valid,23,,60,test,P2,60,13.564559936523438,mt_fact_polarity,1,60
1,P2:test:282,,contraposition:valid,23,,60,test,P2,60,18.644858360290527,cp_antecedent_polarity,1,60
1,P2:test:228,,modus_tollens:valid,23,,60,test,P2,60,13.330798149108887,mt_fact_polarity,1,60
1,P2:test:24,,modus_tollens:valid,23,,60,test,P2,60,10.901395797729492,mt_fact_polarity,1,60
1,P2:test:708,,modus_tollens:valid,23,,60,test,P2,60,13.429232597351074,mt_fact_polarity,1,60
1,P2:test:297,,contraposition:invalid,23,,61,test,P2,61,20.887007236480713,cp_consequent_polarity,1,61
1,P2:validation:63,,modus_tollens:invalid,37,,61,validation,P2,61,27.233609199523926,mt_rule_direction,1,61
1,P2:validation:656,,contraposition:valid,37,,60,validation,P2,60,13.407061576843262,cp_consequent_polarity,1,60
1,P2:validation:121,,modus_tollens:invalid,37,,61,validation,P2,61,19.890283405780792,mt_fact_polarity,1,61
1,P2:validation:225,,contraposition:invalid,37,,61,validation,P2,61,21.359386682510376,cp_consequent_polarity,1,61
1,P2:validation:489,,contraposition:invalid,37,,61,validation,P2,61,18.21562671661377,cp_consequent_polarity,1,61
1,P2:validation:353,,modus_tollens:invalid,37,,61,validation,P2,61,25.511520385742188,mt_query_polarity,1,61
1,P2:validation:193,,modus_tollens:invalid,37,,61,validation,P2,61,26.013232707977295,mt_fact_polarity,1,61
1,P2:validation:593,,modus_tollens:invalid,37,,61,validation,P2,61,22.953230619430542,mt_query_polarity,1,61
1,P2:validation:546,,contraposition:valid,37,,60,validation,P2,60,13.904036521911621,cp_antecedent_polarity,1,60
1,P2:validation:180,,modus_tollens:valid,37,,60,validation,P2,60,9.793066024780273,mt_fact_polarity,1,60
1,P2:validation:669,,contraposition:invalid,37,,61,validation,P2,61,20.884114265441895,cp_consequent_polarity,1,61
1,P2:validation:528,,modus_tollens:valid,37,,60,validation,P2,60,9.793066024780273,mt_fact_polarity,1,60
1,P2:validation:111,,modus_tollens:invalid,37,,61,validation,P2,61,9.34043025970459,mt_rule_direction,1,61
1,P2:validation:766,,contraposition:valid,37,,60,validation,P2,60,23.825735092163086,cp_direction,1,60
1,P2:validation:95,,contraposition:invalid,37,,61,validation,P2,61,11.15925407409668,cp_direction,1,61
1,P2:validation:89,,modus_tollens:invalid,37,,61,validation,P2,61,25.63928508758545,mt_query_polarity,1,61
1,P2:validation:81,,contraposition:invalid,37,,61,validation,P2,61,22.213886976242065,cp_consequent_polarity,1,61
1,P2:validation:342,,contraposition:valid,37,,60,validation,P2,60,19.882866144180298,cp_antecedent_polarity,1,60
1,P2:validation:711,,modus_tollens:invalid,37,,61,validation,P2,61,13.918614864349365,mt_rule_direction,1,61
1,P2:validation:677,,modus_tollens:invalid,37,,61,validation,P2,61,19.493607759475708,mt_query_polarity,1,61
1,P2:validation:213,,contraposition:invalid,37,,61,validation,P2,61,14.27283525466919,cp_consequent_polarity,1,61
1,P2:validation:328,,modus_tollens:valid,37,,60,validation,P2,60,11.623063087463379,mt_query_polarity,1,60
1,P2:validation:9,,contraposition:invalid,37,,61,validation,P2,61,18.058459758758545,cp_consequent_polarity,1,61
1,P2:validation:341,,modus_tollens:invalid,37,,61,validation,P2,61,26.751276969909668,mt_query_polarity,1,61
1,P2:validation:80,,contraposition:valid,37,,60,validation,P2,60,15.543249130249023,cp_consequent_polarity,1,60
1,P2:validation:495,,modus_tollens:invalid,37,,61,validation,P2,61,8.629935264587402,mt_rule_direction,1,61
1,P2:validation:745,,modus_tollens:invalid,37,,61,validation,P2,61,19.349647521972656,mt_fact_polarity,1,61
1,P2:validation:701,,modus_tollens:invalid,37,,61,validation,P2,61,26.042297840118408,mt_query_polarity,1,61
1,P2:validation:740,,contraposition:valid,37,,60,validation,P2,60,26.551934480667114,cp_consequent_polarity,1,60
1,P2:validation:218,,modus_tollens:valid,37,,60,validation,P2,60,20.93083643913269,mt_rule_direction,1,60
1,P2:validation:82,,contraposition:valid,37,,60,validation,P2,60,19.931974411010742,cp_direction,1,60
1,P2:validation:152,,contraposition:valid,37,,60,validation,P2,60,14.847880363464355,cp_consequent_polarity,1,60
1,P2:validation:563,,contraposition:invalid,37,,61,validation,P2,61,23.226701736450195,cp_direction,1,61
1,P2:validation:139,,contraposition:invalid,37,,61,validation,P2,61,22.84807014465332,cp_antecedent_polarity,1,61
1,P2:validation:202,,contraposition:valid,37,,60,validation,P2,60,18.73006772994995,cp_direction,1,60
1,P2:validation:431,,contraposition:invalid,37,,61,validation,P2,61,18.97263813018799,cp_direction,1,61
1,P2:validation:453,,contraposition:invalid,37,,61,validation,P2,61,22.82722496986389,cp_consequent_polarity,1,61
1,P2:validation:125,,modus_tollens:invalid,37,,61,validation,P2,61,17.94230628013611,mt_query_polarity,1,61
1,P2:validation:754,,contraposition:valid,37,,60,validation,P2,60,16.760193347930908,cp_direction,1,60
0,P2:validation:183,,modus_tollens:invalid,37,,60,validation,P2,61,-2.7881593704223633,mt_rule_direction,0,60
1,P2:validation:347,,contraposition:invalid,37,,61,validation,P2,61,15.215818881988525,cp_direction,1,61
1,P2:validation:206,,modus_tollens:valid,37,,60,validation,P2,60,13.16769790649414,mt_rule_direction,1,60
1,P2:validation:321,,contraposition:invalid,37,,61,validation,P2,61,24.084577322006226,cp_consequent_polarity,1,61
1,P2:validation:34,,contraposition:valid,37,,60,validation,P2,60,24.893019676208496,cp_direction,1,60
1,P2:validation:731,,contraposition:invalid,37,,61,validation,P2,61,17.795796394348145,cp_direction,1,61
1,P2:validation:28,,modus_tollens:valid,37,,60,validation,P2,60,8.47167682647705,mt_query_polarity,1,60
1,P2:validation:162,,contraposition:valid,37,,60,validation,P2,60,16.89806604385376,cp_antecedent_polarity,1,60
1,P2:validation:51,,modus_tollens:invalid,37,,61,validation,P2,61,13.350590229034424,mt_rule_direction,1,61
1,P2:validation:695,,contraposition:invalid,37,,61,validation,P2,61,22.914082765579224,cp_direction,1,61
1,P2:validation:527,,contraposition:invalid,37,,61,validation,P2,61,14.723758459091187,cp_direction,1,61
1,P2:validation:23,,contraposition:invalid,37,,61,validation,P2,61,9.417333602905273,cp_direction,1,61
1,P2:validation:577,,modus_tollens:invalid,37,,61,validation,P2,61,18.63730227947235,mt_fact_polarity,1,61
1,P2:validation:560,,contraposition:valid,37,,60,validation,P2,60,21.08573818206787,cp_consequent_polarity,1,60
1,P2:validation:463,,contraposition:invalid,37,,61,validation,P2,61,21.339756846427917,cp_antecedent_polarity,1,61
1,P2:validation:244,,modus_tollens:valid,37,,60,validation,P2,60,16.625102996826172,mt_query_polarity,1,60
1,P2:validation:483,,modus_tollens:invalid,37,,61,validation,P2,61,9.680644035339355,mt_rule_direction,1,61
1,P2:validation:131,,contraposition:invalid,37,,61,validation,P2,61,9.851079940795898,cp_direction,1,61
1,P2:validation:185,,modus_tollens:invalid,37,,61,validation,P2,61,26.12459421157837,mt_query_polarity,1,61
1,P2:validation:713,,modus_tollens:invalid,37,,61,validation,P2,61,26.6543288230896,mt_query_polarity,1,61
1,P2:validation:173,,modus_tollens:invalid,37,,61,validation,P2,61,25.86758518218994,mt_query_polarity,1,61
1,P2:validation:652,,modus_tollens:valid,37,,60,validation,P2,60,23.734829127788544,mt_query_polarity,1,60
1,P2:validation:133,,modus_tollens:invalid,37,,61,validation,P2,61,24.957618236541748,mt_fact_polarity,1,61
1,P2:validation:556,,modus_tollens:valid,37,,60,validation,P2,60,19.071460247039795,mt_query_polarity,1,60
1,P2:validation:404,,contraposition:valid,37,,60,validation,P2,60,17.575528144836426,cp_consequent_polarity,1,60
1,P2:validation:613,,modus_tollens:invalid,37,,61,validation,P2,61,26.889946937561035,mt_fact_polarity,1,61
1,P2:validation:617,,modus_tollens:invalid,37,,61,validation,P2,61,25.911654472351074,mt_query_polarity,1,61
1,P2:validation:419,,contraposition:invalid,37,,61,validation,P2,61,18.261797666549683,cp_direction,1,61
1,P2:validation:312,,modus_tollens:valid,37,,60,validation,P2,60,11.067543029785156,mt_fact_polarity,1,60
1,P2:validation:134,,modus_tollens:valid,37,,60,validation,P2,60,15.161545276641846,mt_rule_direction,1,60
1,P2:validation:507,,modus_tollens:invalid,37,,61,validation,P2,61,13.572568416595459,mt_rule_direction,1,61
1,P2:validation:357,,contraposition:invalid,37,,61,validation,P2,61,18.977084755897522,cp_consequent_polarity,1,61
1,P2:validation:524,,contraposition:valid,37,,60,validation,P2,60,13.283140182495117,cp_consequent_polarity,1,60
1,P2:validation:249,,contraposition:invalid,37,,61,validation,P2,61,20.981523036956787,cp_consequent_polarity,1,61
1,P2:validation:375,,modus_tollens:invalid,37,,61,validation,P2,61,8.809947967529297,mt_rule_direction,1,61
1,P2:validation:516,,modus_tollens:valid,37,,60,validation,P2,60,11.319910049438477,mt_fact_polarity,1,60
1,P2:validation:275,,contraposition:invalid,37,,61,validation,P2,61,16.85072374343872,cp_direction,1,61
1,P2:validation:634,,contraposition:valid,37,,60,validation,P2,60,16.404393672943115,cp_direction,1,60
1,P2:validation:384,,modus_tollens:valid,37,,60,validation,P2,60,16.347930908203125,mt_fact_polarity,1,60
1,P2:validation:698,,modus_tollens:valid,37,,60,validation,P2,60,16.625102996826172,mt_rule_direction,1,60
1,P2:validation:428,,contraposition:valid,37,,60,validation,P2,60,13.964980125427246,cp_consequent_polarity,1,60
1,P2:validation:598,,contraposition:valid,37,,60,validation,P2,60,17.541998386383057,cp_direction,1,60
1,P2:validation:222,,contraposition:valid,37,,60,validation,P2,60,18.6946861743927,cp_antecedent_polarity,1,60
1,P2:validation:250,,contraposition:valid,37,,60,validation,P2,60,19.419265747070312,cp_direction,1,60
1,P2:validation:296,,contraposition:valid,37,,60,validation,P2,60,21.895923376083374,cp_consequent_polarity,1,60
1,P2:validation:432,,modus_tollens:valid,37,,60,validation,P2,60,9.1016206741333,mt_fact_polarity,1,60
1,P2:validation:113,,modus_tollens:invalid,37,,61,validation,P2,61,13.07188367843628,mt_query_polarity,1,61
1,P2:validation:484,,modus_tollens:valid,37,,60,validation,P2,60,20.88511300086975,mt_query_polarity,1,60
1,P2:validation:363,,modus_tollens:invalid,37,,61,validation,P2,61,25.51090717315674,mt_rule_direction,1,61
1,P2:validation:612,,modus_tollens:valid,37,,60,validation,P2,60,12.103082656860352,mt_fact_polarity,1,60
1,P2:validation:505,,modus_tollens:invalid,37,,61,validation,P2,61,26.80202865600586,mt_fact_polarity,1,61
1,P2:validation:226,,contraposition:valid,37,,60,validation,P2,60,9.415485382080078,cp_direction,1,60
1,P2:validation:83,,contraposition:invalid,37,,61,validation,P2,61,9.851079940795898,cp_direction,1,61
1,P2:validation:706,,contraposition:valid,37,,60,validation,P2,60,13.010799407958984,cp_direction,1,60
1,P2:validation:331,,contraposition:invalid,37,,61,validation,P2,61,25.63604497909546,cp_antecedent_polarity,1,61
1,P2:validation:177,,contraposition:invalid,37,,61,validation,P2,61,21.60490894317627,cp_consequent_polarity,1,61
1,P2:validation:101,,modus_tollens:invalid,37,,61,validation,P2,61,15.656696319580078,mt_query_polarity,1,61
1,P2:validation:124,,modus_tollens:valid,37,,60,validation,P2,60,14.649925708770752,mt_query_polarity,1,60
1,P2:validation:0,,modus_tollens:valid,37,,60,validation,P2,60,13.6240234375,mt_fact_polarity,1,60
1,P2:validation:655,,contraposition:invalid,37,,61,validation,P2,61,15.815430879592896,cp_antecedent_polarity,1,61
1,P2:validation:74,,modus_tollens:valid,37,,60,validation,P2,60,14.649925708770752,mt_rule_direction,1,60
1,P2:validation:27,,modus_tollens:invalid,37,,61,validation,P2,61,25.350308895111084,mt_rule_direction,1,61
1,P2:validation:199,,contraposition:invalid,37,,61,validation,P2,61,20.163718044757843,cp_antecedent_polarity,1,61
1,P2:validation:42,,contraposition:valid,37,,60,validation,P2,60,20.497986555099487,cp_antecedent_polarity,1,60
1,P2:validation:57,,contraposition:invalid,37,,61,validation,P2,61,18.849073469638824,cp_consequent_polarity,1,61
1,P2:validation:726,,contraposition:valid,37,,60,validation,P2,60,14.381582260131836,cp_antecedent_polarity,1,60
1,P2:validation:217,,modus_tollens:invalid,37,,61,validation,P2,61,25.558727264404297,mt_fact_polarity,1,61
1,P2:validation:187,,contraposition:invalid,37,,61,validation,P2,61,20.858698591589928,cp_antecedent_polarity,1,61
1,P2:validation:610,,contraposition:valid,37,,60,validation,P2,60,11.596267700195312,cp_direction,1,60
1,P2:validation:694,,contraposition:valid,37,,60,validation,P2,60,8.619635581970215,cp_direction,1,60
1,P2:validation:58,,contraposition:valid,37,,60,validation,P2,60,21.489142179489136,cp_direction,1,60
1,P2:validation:91,,contraposition:invalid,37,,61,validation,P2,61,15.421923875808716,cp_antecedent_polarity,1,61
1,P2:validation:446,,modus_tollens:valid,37,,60,validation,P2,60,23.012137055397034,mt_rule_direction,1,60
1,P2:validation:360,,modus_tollens:valid,37,,60,validation,P2,60,14.285384178161621,mt_fact_polarity,1,60
1,P2:validation:430,,contraposition:valid,37,,60,validation,P2,60,23.333290934562683,cp_direction,1,60
1,P2:validation:165,,contraposition:invalid,37,,61,validation,P2,61,18.87203025817871,cp_consequent_polarity,1,61
1,P2:validation:56,,contraposition:valid,37,,60,validation,P2,60,18.219995975494385,cp_consequent_polarity,1,60
1,P2:validation:307,,contraposition:invalid,37,,61,validation,P2,61,25.409265518188477,cp_antecedent_polarity,1,61
1,P2:validation:19,,contraposition:invalid,37,,61,validation,P2,61,19.212259769439697,cp_antecedent_polarity,1,61
1,P2:validation:684,,modus_tollens:valid,37,,60,validation,P2,60,10.033629417419434,mt_fact_polarity,1,60
1,P2:validation:179,,contraposition:invalid,37,,61,validation,P2,61,23.572402000427246,cp_direction,1,61
1,P2:validation:552,,modus_tollens:valid,37,,60,validation,P2,60,21.061604022979736,mt_fact_polarity,1,60
1,P2:validation:229,,modus_tollens:invalid,37,,61,validation,P2,61,12.626114845275879,mt_fact_polarity,1,61
1,P2:validation:79,,contraposition:invalid,37,,61,validation,P2,61,25.260951042175293,cp_antecedent_polarity,1,61
1,P2:validation:88,,modus_tollens:valid,37,,60,validation,P2,60,10.15083122253418,mt_query_polarity,1,60
1,P2:validation:159,,modus_tollens:invalid,37,,61,validation,P2,61,11.161536693572998,mt_rule_direction,1,61
1,P2:validation:284,,contraposition:valid,37,,60,validation,P2,60,16.63502311706543,cp_consequent_polarity,1,60
1,P2:validation:554,,modus_tollens:valid,37,,60,validation,P2,60,14.649928569793701,mt_rule_direction,1,60
1,P2:validation:536,,contraposition:valid,37,,60,validation,P2,60,13.46566390991211,cp_consequent_polarity,1,60
1,P2:validation:270,,contraposition:valid,37,,60,validation,P2,60,17.703324794769287,cp_antecedent_polarity,1,60
1,P2:validation:337,,modus_tollens:invalid,37,,61,validation,P2,61,22.428454399108887,mt_fact_polarity,1,61
1,P2:validation:764,,contraposition:valid,37,,60,validation,P2,60,27.538718938827515,cp_consequent_polarity,1,60
1,P2:validation:481,,modus_tollens:invalid,37,,61,validation,P2,61,25.518949508666992,mt_fact_polarity,1,61
1,P2:validation:397,,modus_tollens:invalid,37,,61,validation,P2,61,21.143049001693726,mt_fact_polarity,1,61
1,P2:validation:492,,modus_tollens:valid,37,,60,validation,P2,60,15.256105422973633,mt_fact_polarity,1,60
1,P2:validation:151,,contraposition:invalid,37,,61,validation,P2,61,18.516177892684937,cp_antecedent_polarity,1,61
1,P2:validation:767,,contraposition:invalid,37,,61,validation,P2,61,14.231042861938477,cp_direction,1,61
1,P2:validation:518,,modus_tollens:valid,37,,60,validation,P2,60,21.531696796417236,mt_rule_direction,1,60
1,P2:validation:148,,modus_tollens:valid,37,,60,validation,P2,60,20.930254697799683,mt_query_polarity,1,60
1,P2:validation:385,,modus_tollens:invalid,37,,61,validation,P2,61,17.97701334953308,mt_fact_polarity,1,61
1,P2:validation:640,,modus_tollens:valid,37,,60,validation,P2,60,14.393804550170898,mt_query_polarity,1,60
1,P2:validation:653,,modus_tollens:invalid,37,,61,validation,P2,61,25.79461145401001,mt_query_polarity,1,61
1,P2:validation:49,,modus_tollens:invalid,37,,61,validation,P2,61,12.626114845275879,mt_fact_polarity,1,61
1,P2:validation:544,,modus_tollens:valid,37,,60,validation,P2,60,23.21920359134674,mt_query_polarity,1,60
1,P2:validation:154,,contraposition:valid,37,,60,validation,P2,60,11.084816932678223,cp_direction,1,60
1,P2:validation:702,,contraposition:valid,37,,60,validation,P2,60,12.297178268432617,cp_antecedent_polarity,1,60
1,P2:validation:112,,modus_tollens:valid,37,,60,validation,P2,60,24.94222965836525,mt_query_polarity,1,60
1,P2:validation:135,,modus_tollens:invalid,37,,61,validation,P2,61,15.258989572525024,mt_rule_direction,1,61
1,P2:validation:438,,contraposition:valid,37,,60,validation,P2,60,13.443352699279785,cp_antecedent_polarity,1,60
1,P2:validation:109,,modus_tollens:invalid,37,,61,validation,P2,61,19.059169821441174,mt_fact_polarity,1,61
1,P2:validation:679,,contraposition:invalid,37,,61,validation,P2,61,20.340408623218536,cp_antecedent_polarity,1,61
1,P2:validation:146,,modus_tollens:valid,37,,60,validation,P2,60,16.676811695098877,mt_rule_direction,1,60
1,P2:validation:755,,contraposition:invalid,37,,61,validation,P2,61,15.215818881988525,cp_direction,1,61
1,P2:validation:615,,modus_tollens:invalid,37,,61,validation,P2,61,9.34043025970459,mt_rule_direction,1,61
1,P2:validation:691,,contraposition:invalid,37,,61,validation,P2,61,20.340409338474274,cp_antecedent_polarity,1,61
1,P2:validation:271,,contraposition:invalid,37,,61,validation,P2,61,15.133093357086182,cp_antecedent_polarity,1,61
1,P2:validation:477,,contraposition:invalid,37,,61,validation,P2,61,18.87203025817871,cp_consequent_polarity,1,61
1,P2:validation:671,,contraposition:invalid,37,,61,validation,P2,61,21.596905827522278,cp_direction,1,61
1,P2:validation:2,,modus_tollens:valid,37,,60,validation,P2,60,14.010324001312256,mt_rule_direction,1,60
1,P2:validation:299,,contraposition:invalid,37,,61,validation,P2,61,15.266046047210693,cp_direction,1,61
1,P2:validation:378,,contraposition:valid,37,,60,validation,P2,60,11.351848602294922,cp_antecedent_polarity,1,60
1,P2:validation:627,,modus_tollens:invalid,37,,61,validation,P2,61,7.394054412841797,mt_rule_direction,1,61
1,P2:validation:31,,contraposition:invalid,37,,61,validation,P2,61,19.562545031309128,cp_antecedent_polarity,1,61
1,P2:validation:743,,contraposition:invalid,37,,61,validation,P2,61,12.786368370056152,cp_direction,1,61
1,P2:validation:338,,modus_tollens:valid,37,,60,validation,P2,60,20.704745292663574,mt_rule_direction,1,60
1,P2:validation:724,,modus_tollens:valid,37,,60,validation,P2,60,15.802566528320312,mt_query_polarity,1,60
1,P2:validation:500,,contraposition:valid,37,,60,validation,P2,60,23.191107511520386,cp_consequent_polarity,1,60
1,P2:validation:591,,modus_tollens:invalid,37,,61,validation,P2,61,25.11212968826294,mt_rule_direction,1,61
1,P2:validation:85,,modus_tollens:invalid,37,,61,validation,P2,61,25.71701192855835,mt_fact_polarity,1,61
1,P2:validation:471,,modus_tollens:invalid,37,,61,validation,P2,61,7.292180061340332,mt_rule_direction,1,61
1,P2:validation:469,,modus_tollens:invalid,37,,61,validation,P2,61,25.402522087097168,mt_fact_polarity,1,61
1,P2:validation:354,,contraposition:valid,37,,60,validation,P2,60,11.405293464660645,cp_antecedent_polarity,1,60
1,P2:validation:209,,modus_tollens:invalid,37,,61,validation,P2,61,24.696102142333984,mt_query_polarity,1,61
1,P2:validation:287,,contraposition:invalid,37,,61,validation,P2,61,24.44050121307373,cp_direction,1,61
1,P2:validation:65,,modus_tollens:invalid,37,,61,validation,P2,61,24.325288772583008,mt_query_polarity,1,61
1,P2:validation:48,,modus_tollens:valid,37,,60,validation,P2,60,15.161545276641846,mt_fact_polarity,1,60
1,P2:validation:54,,contraposition:valid,37,,60,validation,P2,60,8.081991195678711,cp_antecedent_polarity,1,60
1,P2:validation:651,,modus_tollens:invalid,37,,61,validation,P2,61,26.12224531173706,mt_rule_direction,1,61
1,P2:validation:100,,modus_tollens:valid,37,,60,validation,P2,60,20.67928719520569,mt_query_polarity,1,60
1,P2:validation:103,,contraposition:invalid,37,,61,validation,P2,61,20.940850138664246,cp_antecedent_polarity,1,61
1,P2:validation:514,,contraposition:valid,37,,60,validation,P2,60,23.825735092163086,cp_direction,1,60
1,P2:validation:490,,contraposition:valid,37,,60,validation,P2,60,23.191107511520386,cp_direction,1,60
1,P2:validation:122,,modus_tollens:valid,37,,60,validation,P2,60,14.848738670349121,mt_rule_direction,1,60
1,P2:validation:550,,contraposition:valid,37,,60,validation,P2,60,15.079302787780762,cp_direction,1,60
1,P2:validation:393,,contraposition:invalid,37,,61,validation,P2,61,19.812549874186516,cp_consequent_polarity,1,61
1,P2:validation:383,,contraposition:invalid,37,,61,validation,P2,61,16.59228515625,cp_direction,1,61
1,P2:validation:735,,modus_tollens:invalid,37,,61,validation,P2,61,10.087499618530273,mt_rule_direction,1,61
1,P2:validation:732,,modus_tollens:valid,37,,60,validation,P2,60,12.540203094482422,mt_fact_polarity,1,60
1,P2:validation:330,,contraposition:valid,37,,60,validation,P2,60,12.052696228027344,cp_antecedent_polarity,1,60
1,P2:validation:364,,modus_tollens:valid,37,,60,validation,P2,60,9.078042984008789,mt_query_polarity,1,60
1,P2:validation:92,,contraposition:valid,37,,60,validation,P2,60,8.56464958190918,cp_consequent_polarity,1,60
1,P2:validation:609,,contraposition:invalid,37,,61,validation,P2,61,20.291140131652355,cp_consequent_polarity,1,61
1,P2:validation:171,,modus_tollens:invalid,37,,61,validation,P2,61,10.467648029327393,mt_rule_direction,1,61
1,P2:validation:50,,modus_tollens:valid,37,,60,validation,P2,60,18.945950508117676,mt_rule_direction,1,60
1,P2:validation:510,,contraposition:valid,37,,60,validation,P2,60,13.148266792297363,cp_antecedent_polarity,1,60
1,P2:validation:697,,modus_tollens:invalid,37,,61,validation,P2,61,25.877800941467285,mt_fact_polarity,1,61
1,P2:validation:727,,contraposition:invalid,37,,61,validation,P2,61,23.764385223388672,cp_antecedent_polarity,1,61
1,P2:validation:308,,contraposition:valid,37,,60,validation,P2,60,18.219995975494385,cp_consequent_polarity,1,60
1,P2:validation:29,,modus_tollens:invalid,37,,61,validation,P2,61,23.02126407623291,mt_query_polarity,1,61
1,P2:validation:448,,modus_tollens:valid,37,,60,validation,P2,60,13.6240234375,mt_query_polarity,1,60
1,P2:validation:97,,modus_tollens:invalid,37,,61,validation,P2,61,23.985942363739014,mt_fact_polarity,1,61
1,P2:validation:259,,contraposition:invalid,37,,61,validation,P2,61,21.780229091644287,cp_antecedent_polarity,1,61
1,P2:validation:201,,contraposition:invalid,37,,61,validation,P2,61,18.977084755897522,cp_consequent_polarity,1,61
1,P2:validation:118,,contraposition:valid,37,,60,validation,P2,60,19.508493423461914,cp_direction,1,60
1,P2:validation:240,,modus_tollens:valid,37,,60,validation,P2,60,13.6240234375,mt_fact_polarity,1,60
1,P2:validation:502,,contraposition:valid,37,,60,validation,P2,60,11.402113914489746,cp_direction,1,60
1,P2:validation:403,,contraposition:invalid,37,,61,validation,P2,61,22.41520357131958,cp_antecedent_polarity,1,61
1,P2:validation:685,,modus_tollens:invalid,37,,61,validation,P2,61,27.498745918273926,mt_fact_polarity,1,61
1,P2:validation:239,,contraposition:invalid,37,,61,validation,P2,61,13.314063549041748,cp_direction,1,61
1,P2:validation:400,,modus_tollens:valid,37,,60,validation,P2,60,10.15083122253418,mt_query_polarity,1,60
1,P2:validation:434,,modus_tollens:valid,37,,60,validation,P2,60,12.570290565490723,mt_rule_direction,1,60
1,P2:validation:382,,contraposition:valid,37,,60,validation,P2,60,9.241233825683594,cp_direction,1,60
1,P2:validation:548,,contraposition:valid,37,,60,validation,P2,60,9.72515869140625,cp_consequent_polarity,1,60
1,P2:validation:638,,modus_tollens:valid,37,,60,validation,P2,60,16.293962478637695,mt_rule_direction,1,60
1,P2:validation:184,,modus_tollens:valid,37,,60,validation,P2,60,14.848738670349121,mt_query_polarity,1,60
1,P2:validation:55,,contraposition:invalid,37,,61,validation,P2,61,21.771910905838013,cp_antecedent_polarity,1,61
1,P2:validation:267,,modus_tollens:invalid,37,,61,validation,P2,61,1.8422107696533203,mt_rule_direction,1,61
1,P2:validation:268,,modus_tollens:valid,37,,60,validation,P2,60,14.94141149520874,mt_query_polarity,1,60
1,P2:validation:75,,modus_tollens:invalid,37,,61,validation,P2,61,9.912145614624023,mt_rule_direction,1,61
1,P2:validation:473,,modus_tollens:invalid,37,,61,validation,P2,61,26.116092205047607,mt_query_polarity,1,61
1,P2:validation:241,,modus_tollens:invalid,37,,61,validation,P2,61,23.985942363739014,mt_fact_polarity,1,61
1,P2:validation:564,,modus_tollens:valid,37,,60,validation,P2,60,12.37389087677002,mt_fact_polarity,1,60
1,P2:validation:370,,contraposition:valid,37,,60,validation,P2,60,17.724822998046875,cp_direction,1,60
1,P2:validation:235,,contraposition:invalid,37,,61,validation,P2,61,19.786440685391426,cp_antecedent_polarity,1,61
1,P2:validation:260,,contraposition:valid,37,,60,validation,P2,60,11.596267700195312,cp_consequent_polarity,1,60
1,P2:validation:247,,contraposition:invalid,37,,61,validation,P2,61,13.970250606536865,cp_antecedent_polarity,1,61
1,P2:validation:269,,modus_tollens:invalid,37,,61,validation,P2,61,25.86758518218994,mt_query_polarity,1,61
1,P2:validation:728,,contraposition:valid,37,,60,validation,P2,60,13.156980514526367,cp_consequent_polarity,1,60
1,P2:validation:582,,contraposition:valid,37,,60,validation,P2,60,16.404393672943115,cp_antecedent_polarity,1,60
1,P2:validation:447,,modus_tollens:invalid,37,,61,validation,P2,61,16.093435764312744,mt_rule_direction,1,61
1,P2:validation:127,,contraposition:invalid,37,,61,validation,P2,61,14.132442474365234,cp_antecedent_polarity,1,61
1,P2:validation:144,,modus_tollens:valid,37,,60,validation,P2,60,21.35818099975586,mt_fact_polarity,1,60
1,P2:validation:529,,modus_tollens:invalid,37,,61,validation,P2,61,22.428454399108887,mt_fact_polarity,1,61
1,P2:validation:366,,contraposition:valid,37,,60,validation,P2,60,9.241233825683594,cp_antecedent_polarity,1,60
1,P2:validation:292,,modus_tollens:valid,37,,60,validation,P2,60,14.127388000488281,mt_query_polarity,1,60
1,P2:validation:459,,modus_tollens:invalid,37,,61,validation,P2,61,13.949576377868652,mt_rule_direction,1,61
1,P2:validation:493,,modus_tollens:invalid,37,,61,validation,P2,61,19.488085865974426,mt_fact_polarity,1,61
1,P2:validation:169,,modus_tollens:invalid,37,,61,validation,P2,61,24.0870943069458,mt_fact_polarity,1,61
1,P2:validation:734,,modus_tollens:valid,37,,60,validation,P2,60,21.061604022979736,mt_rule_direction,1,60
1,P2:validation:468,,modus_tollens:valid,37,,60,validation,P2,60,11.255303382873535,mt_fact_polarity,1,60
1,P2:validation:558,,contraposition:valid,37,,60,validation,P2,60,14.381582260131836,cp_antecedent_polarity,1,60
1,P2:validation:654,,contraposition:valid,37,,60,validation,P2,60,16.89806604385376,cp_antecedent_polarity,1,60
1,P2:validation:707,,contraposition:invalid,37,,61,validation,P2,61,15.215818881988525,cp_direction,1,61
1,P2:validation:670,,contraposition:valid,37,,60,validation,P2,60,12.052696228027344,cp_direction,1,60
1,P2:validation:545,,modus_tollens:invalid,37,,61,validation,P2,61,22.898861169815063,mt_query_polarity,1,61
1,P2:validation:189,,contraposition:invalid,37,,61,validation,P2,61,18.84028172492981,cp_consequent_polarity,1,61
1,P2:validation:38,,modus_tollens:valid,37,,60,validation,P2,60,16.293962478637695,mt_rule_direction,1,60
1,P2:validation:622,,contraposition:valid,37,,60,validation,P2,60,23.173238933086395,cp_direction,1,60
1,P2:validation:675,,modus_tollens:invalid,37,,61,validation,P2,61,7.143601417541504,mt_rule_direction,1,61
1,P2:validation:286,,contraposition:valid,37,,60,validation,P2,60,20.755101919174194,cp_direction,1,60
1,P2:validation:442,,contraposition:valid,37,,60,validation,P2,60,24.648548483848572,cp_direction,1,60
1,P2:validation:106,,contraposition:valid,37,,60,validation,P2,60,12.379704475402832,cp_direction,1,60
1,P2:validation:167,,contraposition:invalid,37,,61,validation,P2,61,8.365738868713379,cp_direction,1,61
1,P2:validation:374,,modus_tollens:valid,37,,60,validation,P2,60,11.255303382873535,mt_rule_direction,1,60
1,P2:validation:126,,contraposition:valid,37,,60,validation,P2,60,11.743525505065918,cp_antecedent_polarity,1,60
1,P2:validation:274,,contraposition:valid,37,,60,validation,P2,60,12.2971773147583,cp_direction,1,60
1,P2:validation:406,,contraposition:valid,37,,60,validation,P2,60,18.022873878479004,cp_direction,1,60
1,P2:validation:119,,contraposition:invalid,37,,61,validation,P2,61,17.740501880645752,cp_direction,1,61
1,P2:validation:680,,contraposition:valid,37,,60,validation,P2,60,11.084816932678223,cp_consequent_polarity,1,60
1,P2:validation:762,,contraposition:valid,37,,60,validation,P2,60,22.157644510269165,cp_antecedent_polarity,1,60
1,P2:validation:455,,contraposition:invalid,37,,61,validation,P2,61,10.928423881530762,cp_direction,1,61
1,P2:validation:86,,modus_tollens:valid,37,,60,validation,P2,60,12.570290565490723,mt_rule_direction,1,60
1,P2:validation:757,,modus_tollens:invalid,37,,61,validation,P2,61,13.028326511383057,mt_fact_polarity,1,61
1,P2:validation:435,,modus_tollens:invalid,37,,61,validation,P2,61,24.123845100402832,mt_rule_direction,1,61
1,P2:validation:512,,contraposition:valid,37,,60,validation,P2,60,26.551934480667114,cp_consequent_polarity,1,60
1,P2:validation:672,,modus_tollens:valid,37,,60,validation,P2,60,14.420277118682861,mt_fact_polarity,1,60
1,P2:validation:245,,modus_tollens:invalid,37,,61,validation,P2,61,19.493607759475708,mt_query_polarity,1,61
1,P2:validation:302,,modus_tollens:valid,37,,60,validation,P2,60,20.520638465881348,mt_rule_direction,1,60
1,P2:validation:138,,contraposition:valid,37,,60,validation,P2,60,15.894684791564941,cp_antecedent_polarity,1,60
1,P2:validation:607,,contraposition:invalid,37,,61,validation,P2,61,23.709499835968018,cp_antecedent_polarity,1,61
1,P2:validation:645,,contraposition:invalid,37,,61,validation,P2,61,23.767332553863525,cp_consequent_polarity,1,61
1,P2:validation:445,,modus_tollens:invalid,37,,61,validation,P2,61,26.889946937561035,mt_fact_polarity,1,61
1,P2:validation:440,,contraposition:valid,37,,60,validation,P2,60,25.146696984767914,cp_consequent_polarity,1,60
1,P2:validation:35,,contraposition:invalid,37,,61,validation,P2,61,17.795917630195618,cp_direction,1,61
1,P2:validation:335,,contraposition:invalid,37,,61,validation,P2,61,16.85072374343872,cp_direction,1,61
1,P2:validation:644,,contraposition:valid,37,,60,validation,P2,60,17.57553195953369,cp_consequent_polarity,1,60
1,P2:validation:601,,modus_tollens:invalid,37,,61,validation,P2,61,19.34843385219574,mt_fact_polarity,1,61
1,P2:validation:579,,modus_tollens:invalid,37,,61,validation,P2,61,13.949577331542969,mt_rule_direction,1,61
1,P2:validation:630,,contraposition:valid,37,,60,validation,P2,60,23.80992579460144,cp_antecedent_polarity,1,60
1,P2:validation:575,,contraposition:invalid,37,,61,validation,P2,61,10.528630256652832,cp_direction,1,61
1,P2:validation:532,,modus_tollens:valid,37,,60,validation,P2,60,20.995758056640625,mt_query_polarity,1,60
1,P2:validation:261,,contraposition:invalid,37,,61,validation,P2,61,19.420936346054077,cp_consequent_polarity,1,61
1,P2:validation:47,,contraposition:invalid,37,,61,validation,P2,61,17.769179463386536,cp_direction,1,61
1,P2:validation:765,,contraposition:invalid,37,,61,validation,P2,61,21.4941645860672,cp_consequent_polarity,1,61
1,P2:validation:1,,modus_tollens:invalid,37,,61,validation,P2,61,24.864624977111816,mt_fact_polarity,1,61
1,P2:validation:717,,contraposition:invalid,37,,61,validation,P2,61,18.84028172492981,cp_consequent_polarity,1,61
1,P2:validation:346,,contraposition:valid,37,,60,validation,P2,60,25.695703983306885,cp_direction,1,60
1,P2:validation:415,,contraposition:invalid,37,,61,validation,P2,61,20.163718044757843,cp_antecedent_polarity,1,61
1,P2:validation:291,,modus_tollens:invalid,37,,61,validation,P2,61,25.800865650177002,mt_rule_direction,1,61
1,P2:validation:673,,modus_tollens:invalid,37,,61,validation,P2,61,23.7277774810791,mt_fact_polarity,1,61
1,P2:validation:8,,contraposition:valid,37,,60,validation,P2,60,21.97036874294281,cp_consequent_polarity,1,60
1,P2:validation:53,,modus_tollens:invalid,37,,61,validation,P2,61,19.746163427829742,mt_query_polarity,1,61
1,P2:validation:426,,contraposition:valid,37,,60,validation,P2,60,26.551934480667114,cp_antecedent_polarity,1,60
1,P2:validation:72,,modus_tollens:valid,37,,60,validation,P2,60,8.712014198303223,mt_fact_polarity,1,60
1,P2:validation:411,,modus_tollens:invalid,37,,61,validation,P2,61,25.11212968826294,mt_rule_direction,1,61
1,P2:validation:738,,contraposition:valid,37,,60,validation,P2,60,12.052696228027344,cp_antecedent_polarity,1,60
1,P2:validation:305,,modus_tollens:invalid,37,,61,validation,P2,61,23.998414516448975,mt_query_polarity,1,61
1,P2:validation:647,,contraposition:invalid,37,,61,validation,P2,61,23.572402000427246,cp_direction,1,61
1,P2:validation:108,,modus_tollens:valid,37,,60,validation,P2,60,17.32703399658203,mt_fact_polarity,1,60
1,P2:validation:196,,modus_tollens:valid,37,,60,validation,P2,60,14.426865100860596,mt_query_polarity,1,60
1,P2:validation:304,,modus_tollens:valid,37,,60,validation,P2,60,14.101408004760742,mt_query_polarity,1,60
1,P2:validation:386,,modus_tollens:valid,37,,60,validation,P2,60,20.93083643913269,mt_rule_direction,1,60
1,P2:validation:568,,modus_tollens:valid,37,,60,validation,P2,60,20.93083643913269,mt_query_polarity,1,60
1,P2:validation:721,,modus_tollens:invalid,37,,61,validation,P2,61,20.578657433390617,mt_fact_polarity,1,61
1,P2:validation:633,,contraposition:invalid,37,,61,validation,P2,61,15.265994548797607,cp_consequent_polarity,1,61
1,P2:validation:104,,contraposition:valid,37,,60,validation,P2,60,23.333290934562683,cp_consequent_polarity,1,60
1,P2:validation:314,,modus_tollens:valid,37,,60,validation,P2,60,20.520638465881348,mt_rule_direction,1,60
1,P2:validation:408,,modus_tollens:valid,37,,60,validation,P2,60,21.674517512321472,mt_fact_polarity,1,60
1,P2:validation:392,,contraposition:valid,37,,60,validation,P2,60,10.633795738220215,cp_consequent_polarity,1,60
1,P2:validation:401,,modus_tollens:invalid,37,,61,validation,P2,61,24.23647975921631,mt_query_polarity,1,61
1,P2:validation:219,,modus_tollens:invalid,37,,61,validation,P2,61,21.622273683547974,mt_rule_direction,1,61
1,P2:validation:281,,modus_tollens:invalid,37,,61,validation,P2,61,25.85859203338623,mt_query_polarity,1,61
1,P2:validation:317,,modus_tollens:invalid,37,,61,validation,P2,61,17.776114225387573,mt_query_polarity,1,61
1,P2:validation:210,,contraposition:valid,37,,60,validation,P2,60,20.877426624298096,cp_antecedent_polarity,1,60
1,P2:validation:70,,contraposition:valid,37,,60,validation,P2,60,13.010799407958984,cp_direction,1,60
1,P2:validation:300,,modus_tollens:valid,37,,60,validation,P2,60,14.420277118682861,mt_fact_polarity,1,60
1,P2:validation:708,,modus_tollens:valid,37,,60,validation,P2,60,9.078042984008789,mt_fact_polarity,1,60
1,P2:validation:318,,contraposition:valid,37,,60,validation,P2,60,13.180753707885742,cp_antecedent_polarity,1,60
1,P2:validation:624,,modus_tollens:valid,37,,60,validation,P2,60,15.256105422973633,mt_fact_polarity,1,60
1,P2:validation:340,,modus_tollens:valid,37,,60,validation,P2,60,10.64927864074707,mt_query_polarity,1,60
1,P2:validation:359,,contraposition:invalid,37,,61,validation,P2,61,6.493847846984863,cp_direction,1,61
1,P2:validation:413,,modus_tollens:invalid,37,,61,validation,P2,61,25.91903829574585,mt_query_polarity,1,61
1,P2:validation:164,,contraposition:valid,37,,60,validation,P2,60,9.41635513305664,cp_consequent_polarity,1,60
1,P2:validation:452,,contraposition:valid,37,,60,validation,P2,60,8.56464958190918,cp_consequent_polarity,1,60
1,P2:validation:212,,contraposition:valid,37,,60,validation,P2,60,13.049126625061035,cp_consequent_polarity,1,60
1,P2:validation:203,,contraposition:invalid,37,,61,validation,P2,61,12.414486408233643,cp_direction,1,61
1,P2:validation:555,,modus_tollens:invalid,37,,61,validation,P2,61,25.67216682434082,mt_rule_direction,1,61
1,P2:validation:76,,modus_tollens:valid,37,,60,validation,P2,60,13.488713264465332,mt_query_polarity,1,60
1,P2:validation:474,,contraposition:valid,37,,60,validation,P2,60,24.648548483848572,cp_antecedent_polarity,1,60
1,P2:validation:581,,modus_tollens:invalid,37,,61,validation,P2,61,25.97700262069702,mt_query_polarity,1,61
1,P2:validation:242,,modus_tollens:valid,37,,60,validation,P2,60,15.049932479858398,mt_rule_direction,1,60
1,P2:validation:322,,contraposition:valid,37,,60,validation,P2,60,14.047686100006104,cp_direction,1,60
1,P2:validation:368,,contraposition:valid,37,,60,validation,P2,60,24.769034445285797,cp_consequent_polarity,1,60
1,P2:validation:381,,contraposition:invalid,37,,61,validation,P2,61,15.265994548797607,cp_consequent_polarity,1,61
1,P2:validation:759,,modus_tollens:invalid,37,,61,validation,P2,61,13.500513553619385,mt_rule_direction,1,61
1,P2:validation:420,,modus_tollens:valid,37,,60,validation,P2,60,20.84989857673645,mt_fact_polarity,1,60
1,P2:validation:30,,contraposition:valid,37,,60,validation,P2,60,20.86625647544861,cp_antecedent_polarity,1,60
1,P2:validation:313,,modus_tollens:invalid,37,,61,validation,P2,61,25.48390293121338,mt_fact_polarity,1,61
1,P2:validation:458,,modus_tollens:valid,37,,60,validation,P2,60,10.763371467590332,mt_rule_direction,1,60
1,P2:validation:753,,contraposition:invalid,37,,61,validation,P2,61,12.671799182891846,cp_consequent_polarity,1,61
1,P2:validation:298,,contraposition:valid,37,,60,validation,P2,60,17.984426021575928,cp_direction,1,60
1,P2:validation:11,,contraposition:invalid,37,,61,validation,P2,61,11.570305347442627,cp_direction,1,61
1,P2:validation:648,,modus_tollens:valid,37,,60,validation,P2,60,16.545594692230225,mt_fact_polarity,1,60
1,P2:validation:387,,modus_tollens:invalid,37,,61,validation,P2,61,25.6244797706604,mt_rule_direction,1,61
1,P2:validation:234,,contraposition:valid,37,,60,validation,P2,60,9.132153511047363,cp_antecedent_polarity,1,60
1,P2:validation:511,,contraposition:invalid,37,,61,validation,P2,61,21.475486636161804,cp_antecedent_polarity,1,61
1,P2:validation:15,,modus_tollens:invalid,37,,61,validation,P2,61,26.277772426605225,mt_rule_direction,1,61
1,P2:validation:288,,modus_tollens:valid,37,,60,validation,P2,60,22.569133520126343,mt_fact_polarity,1,60
1,P2:validation:460,,modus_tollens:valid,37,,60,validation,P2,60,16.293962478637695,mt_query_polarity,1,60
1,P2:validation:107,,contraposition:invalid,37,,61,validation,P2,61,21.2171388566494,cp_direction,1,61
1,P2:validation:636,,modus_tollens:valid,37,,60,validation,P2,60,10.377128601074219,mt_fact_polarity,1,60
1,P2:validation:334,,contraposition:valid,37,,60,validation,P2,60,13.499162673950195,cp_direction,1,60
1,P2:validation:429,,contraposition:invalid,37,,61,validation,P2,61,24.41842031478882,cp_consequent_polarity,1,61
1,P2:validation:310,,contraposition:valid,37,,60,validation,P2,60,9.72515869140625,cp_direction,1,60
1,P2:validation:565,,modus_tollens:invalid,37,,61,validation,P2,61,20.8228702545166,mt_fact_polarity,1,61
1,P2:validation:605,,modus_tollens:invalid,37,,61,validation,P2,61,25.911654472351074,mt_query_polarity,1,61
1,P2:validation:399,,modus_tollens:invalid,37,,61,validation,P2,61,9.912145614624023,mt_rule_direction,1,61
1,P2:validation:7,,contraposition:invalid,37,,61,validation,P2,61,22.68121838569641,cp_antecedent_polarity,1,61
1,P2:validation:409,,modus_tollens:invalid,37,,61,validation,P2,61,26.256308555603027,mt_fact_polarity,1,61
1,P2:validation:290,,modus_tollens:valid,37,,60,validation,P2,60,10.037071228027344,mt_rule_direction,1,60
1,P2:validation:221,,modus_tollens:invalid,37,,61,validation,P2,61,26.511690139770508,mt_query_polarity,1,61
1,P2:validation:649,,modus_tollens:invalid,37,,61,validation,P2,61,26.013232707977295,mt_fact_polarity,1,61
1,P2:validation:33,,contraposition:invalid,37,,61,validation,P2,61,18.11504629254341,cp_consequent_polarity,1,61
1,P2:validation:264,,modus_tollens:valid,37,,60,validation,P2,60,19.07145929336548,mt_fact_polarity,1,60
1,P2:validation:352,,modus_tollens:valid,37,,60,validation,P2,60,12.540203094482422,mt_query_polarity,1,60
1,P2:validation:567,,modus_tollens:invalid,37,,61,validation,P2,61,21.622228145599365,mt_rule_direction,1,61
1,P2:validation:485,,modus_tollens:invalid,37,,61,validation,P2,61,25.511520385742188,mt_query_polarity,1,61
1,P2:validation:232,,modus_tollens:valid,37,,60,validation,P2,60,10.033629417419434,mt_query_polarity,1,60
1,P2:validation:619,,contraposition:invalid,37,,61,validation,P2,61,22.455236196517944,cp_antecedent_polarity,1,61
1,P2:validation:508,,modus_tollens:valid,37,,60,validation,P2,60,13.73779821395874,mt_query_polarity,1,60
1,P2:validation:198,,contraposition:valid,37,,60,validation,P2,60,13.499162673950195,cp_antecedent_polarity,1,60
1,P2:validation:461,,modus_tollens:invalid,37,,61,validation,P2,61,24.15770435333252,mt_query_polarity,1,61
1,P2:validation:543,,modus_tollens:invalid,37,,61,validation,P2,61,10.220095157623291,mt_rule_direction,1,61
1,P2:validation:116,,contraposition:valid,37,,60,validation,P2,60,11.596267700195312,cp_consequent_polarity,1,60
1,P2:validation:254,,modus_tollens:valid,37,,60,validation,P2,60,14.307780265808105,mt_rule_direction,1,60
1,P2:validation:16,,modus_tollens:valid,37,,60,validation,P2,60,10.96480941772461,mt_query_polarity,1,60
1,P2:validation:61,,modus_tollens:invalid,37,,61,validation,P2,61,25.832549571990967,mt_fact_polarity,1,61
1,P2:validation:276,,modus_tollens:valid,37,,60,validation,P2,60,15.413503646850586,mt_fact_polarity,1,60
1,P2:validation:13,,modus_tollens:invalid,37,,61,validation,P2,61,25.908761978149414,mt_fact_polarity,1,61
1,P2:validation:425,,modus_tollens:invalid,37,,61,validation,P2,61,25.877748012542725,mt_query_polarity,1,61
1,P2:validation:665,,modus_tollens:invalid,37,,61,validation,P2,61,26.751276969909668,mt_query_polarity,1,61
1,P2:validation:358,,contraposition:valid,37,,60,validation,P2,60,19.419265747070312,cp_direction,1,60
1,P2:validation:725,,modus_tollens:invalid,37,,61,validation,P2,61,22.72008490562439,mt_query_polarity,1,61
1,P2:validation:98,,modus_tollens:valid,37,,60,validation,P2,60,15.256105899810791,mt_rule_direction,1,60
1,P2:validation:194,,modus_tollens:valid,37,,60,validation,P2,60,20.931866884231567,mt_rule_direction,1,60
1,P2:validation:696,,modus_tollens:valid,37,,60,validation,P2,60,12.384966850280762,mt_fact_polarity,1,60
1,P2:validation:576,,modus_tollens:valid,37,,60,validation,P2,60,14.426865100860596,mt_fact_polarity,1,60
1,P2:validation:578,,modus_tollens:valid,37,,60,validation,P2,60,11.202309608459473,mt_rule_direction,1,60
1,P2:validation:224,,contraposition:valid,37,,60,validation,P2,60,24.769034445285797,cp_consequent_polarity,1,60
1,P2:validation:37,,modus_tollens:invalid,37,,61,validation,P2,61,19.804786324501038,mt_fact_polarity,1,61
1,P2:validation:594,,contraposition:valid,37,,60,validation,P2,60,13.499162673950195,cp_antecedent_polarity,1,60
1,P2:validation:40,,modus_tollens:valid,37,,60,validation,P2,60,19.071460247039795,mt_query_polarity,1,60
1,P2:validation:600,,modus_tollens:valid,37,,60,validation,P2,60,15.802566528320312,mt_fact_polarity,1,60
1,P2:validation:661,,modus_tollens:invalid,37,,61,validation,P2,61,24.390414237976074,mt_fact_polarity,1,61
1,P2:validation:569,,modus_tollens:invalid,37,,61,validation,P2,61,24.696102142333984,mt_query_polarity,1,61
1,P2:validation:693,,contraposition:invalid,37,,61,validation,P2,61,13.8924880027771,cp_consequent_polarity,1,61
1,P2:validation:676,,modus_tollens:valid,37,,60,validation,P2,60,11.319910049438477,mt_query_polarity,1,60
1,P2:validation:132,,modus_tollens:valid,37,,60,validation,P2,60,10.991828918457031,mt_fact_polarity,1,60
1,P2:validation:642,,contraposition:valid,37,,60,validation,P2,60,13.465665817260742,cp_antecedent_polarity,1,60
1,P2:validation:470,,modus_tollens:valid,37,,60,validation,P2,60,14.043067932128906,mt_rule_direction,1,60
1,P2:validation:204,,modus_tollens:valid,37,,60,validation,P2,60,14.307780265808105,mt_fact_polarity,1,60
1,P2:validation:522,,contraposition:valid,37,,60,validation,P2,60,13.904036521911621,cp_antecedent_polarity,1,60
1,P2:validation:174,,contraposition:valid,37,,60,validation,P2,60,20.497986555099487,cp_antecedent_polarity,1,60
1,P2:validation:574,,contraposition:valid,37,,60,validation,P2,60,12.297178268432617,cp_direction,1,60
1,P2:validation:542,,modus_tollens:valid,37,,60,validation,P2,60,10.587223052978516,mt_rule_direction,1,60
1,P2:validation:26,,modus_tollens:valid,37,,60,validation,P2,60,14.420277118682861,mt_rule_direction,1,60
1,P2:validation:371,,contraposition:invalid,37,,61,validation,P2,61,14.231043338775635,cp_direction,1,61
1,P2:validation:752,,contraposition:valid,37,,60,validation,P2,60,21.895923376083374,cp_consequent_polarity,1,60
1,P2:validation:540,,modus_tollens:valid,37,,60,validation,P2,60,15.802566528320312,mt_fact_polarity,1,60
1,P2:validation:115,,contraposition:invalid,37,,61,validation,P2,61,24.334568977355957,cp_antecedent_polarity,1,61
1,P2:validation:166,,contraposition:valid,37,,60,validation,P2,60,18.02287244796753,cp_direction,1,60
1,P2:validation:285,,contraposition:invalid,37,,61,validation,P2,61,13.8924880027771,cp_consequent_polarity,1,61
1,P2:validation:480,,modus_tollens:valid,37,,60,validation,P2,60,20.520638465881348,mt_fact_polarity,1,60
1,P2:validation:77,,modus_tollens:invalid,37,,61,validation,P2,61,26.04868507385254,mt_query_polarity,1,61
1,P2:validation:41,,modus_tollens:invalid,37,,61,validation,P2,61,22.848848581314087,mt_query_polarity,1,61
1,P2:validation:620,,contraposition:valid,37,,60,validation,P2,60,21.08573818206787,cp_consequent_polarity,1,60
1,P2:validation:319,,contraposition:invalid,37,,61,validation,P2,61,20.340409338474274,cp_antecedent_polarity,1,61
1,P2:validation:73,,modus_tollens:invalid,37,,61,validation,P2,61,21.047243535518646,mt_fact_polarity,1,61
1,P2:validation:589,,modus_tollens:invalid,37,,61,validation,P2,61,26.127109050750732,mt_fact_polarity,1,61
1,P2:validation:491,,contraposition:invalid,37,,61,validation,P2,61,16.226927280426025,cp_direction,1,61
1,P2:validation:52,,modus_tollens:valid,37,,60,validation,P2,60,15.508007049560547,mt_query_polarity,1,60
1,P2:validation:78,,contraposition:valid,37,,60,validation,P2,60,9.41635513305664,cp_antecedent_polarity,1,60
1,P2:validation:748,,modus_tollens:valid,37,,60,validation,P2,60,14.420277118682861,mt_query_polarity,1,60
1,P2:validation:297,,contraposition:invalid,37,,61,validation,P2,61,20.136942327022552,cp_consequent_polarity,1,61
1,P2:validation:155,,contraposition:invalid,37,,61,validation,P2,61,14.672942399978638,cp_direction,1,61
1,P2:validation:715,,contraposition:invalid,37,,61,validation,P2,61,22.709975957870483,cp_antecedent_polarity,1,61
1,P2:validation:709,,modus_tollens:invalid,37,,61,validation,P2,61,23.77352476119995,mt_fact_polarity,1,61
1,P2:validation:506,,modus_tollens:valid,37,,60,validation,P2,60,11.790082931518555,mt_rule_direction,1,60
1,P2:validation:587,,contraposition:invalid,37,,61,validation,P2,61,15.90596079826355,cp_direction,1,61
1,P2:validation:433,,modus_tollens:invalid,37,,61,validation,P2,61,25.908761978149414,mt_fact_polarity,1,61
1,P2:validation:596,,contraposition:valid,37,,60,validation,P2,60,24.635776534676552,cp_consequent_polarity,1,60
1,P2:validation:69,,contraposition:invalid,37,,61,validation,P2,61,22.0211900472641,cp_consequent_polarity,1,61
1,P2:validation:763,,contraposition:invalid,37,,61,validation,P2,61,19.94643059372902,cp_antecedent_polarity,1,61
1,P2:validation:530,,modus_tollens:valid,37,,60,validation,P2,60,22.569133520126343,mt_rule_direction,1,60
1,P2:validation:487,,contraposition:invalid,37,,61,validation,P2,61,20.81567943096161,cp_antecedent_polarity,1,61
1,P2:validation:700,,modus_tollens:valid,37,,60,validation,P2,60,10.037071228027344,mt_query_polarity,1,60
1,P2:validation:534,,contraposition:valid,37,,60,validation,P2,60,23.548115730285645,cp_antecedent_polarity,1,60
1,P2:validation:521,,modus_tollens:invalid,37,,61,validation,P2,61,25.79461145401001,mt_query_polarity,1,61
1,P2:validation:664,,modus_tollens:valid,37,,60,validation,P2,60,14.848738670349121,mt_query_polarity,1,60
1,P2:validation:557,,modus_tollens:invalid,37,,61,validation,P2,61,19.493607759475708,mt_query_polarity,1,61
1,P2:validation:351,,modus_tollens:invalid,37,,61,validation,P2,61,15.276113748550415,mt_rule_direction,1,61
1,P2:validation:549,,contraposition:invalid,37,,61,validation,P2,61,18.183913946151733,cp_consequent_polarity,1,61
1,P2:validation:223,,contraposition:invalid,37,,61,validation,P2,61,25.409265518188477,cp_antecedent_polarity,1,61
1,P2:validation:760,,modus_tollens:valid,37,,60,validation,P2,60,12.540203094482422,mt_query_polarity,1,60
1,P2:validation:666,,contraposition:valid,37,,60,validation,P2,60,20.712892293930054,cp_antecedent_polarity,1,60
1,P2:validation:228,,modus_tollens:valid,37,,60,validation,P2,60,19.276367664337158,mt_fact_polarity,1,60
1,P2:validation:380,,contraposition:valid,37,,60,validation,P2,60,8.859772682189941,cp_consequent_polarity,1,60
1,P2:validation:437,,modus_tollens:invalid,37,,61,validation,P2,61,17.493268489837646,mt_query_polarity,1,61
1,P2:validation:692,,contraposition:valid,37,,60,validation,P2,60,13.148271560668945,cp_consequent_polarity,1,60
1,P2:validation:472,,modus_tollens:valid,37,,60,validation,P2,60,21.871248483657837,mt_query_polarity,1,60
1,P2:validation:46,,contraposition:valid,37,,60,validation,P2,60,9.415485382080078,cp_direction,1,60
1,P2:validation:253,,modus_tollens:invalid,37,,61,validation,P2,61,26.03400421142578,mt_fact_polarity,1,61
1,P2:validation:289,,modus_tollens:invalid,37,,61,validation,P2,61,26.111849784851074,mt_fact_polarity,1,61
1,P2:validation:412,,modus_tollens:valid,37,,60,validation,P2,60,8.47167682647705,mt_query_polarity,1,60
1,P2:validation:172,,modus_tollens:valid,37,,60,validation,P2,60,20.995758056640625,mt_query_polarity,1,60
1,P2:validation:389,,modus_tollens:invalid,37,,61,validation,P2,61,25.556099891662598,mt_query_polarity,1,61
1,P2:validation:356,,contraposition:valid,37,,60,validation,P2,60,13.499162673950195,cp_consequent_polarity,1,60
1,P2:validation:686,,modus_tollens:valid,37,,60,validation,P2,60,14.385898113250732,mt_rule_direction,1,60
1,P2:validation:588,,modus_tollens:valid,37,,60,validation,P2,60,16.445788383483887,mt_fact_polarity,1,60
1,P2:validation:418,,contraposition:valid,37,,60,validation,P2,60,13.180753707885742,cp_direction,1,60
1,P2:validation:402,,contraposition:valid,37,,60,validation,P2,60,13.939653873443604,cp_antecedent_polarity,1,60
1,P2:validation:394,,contraposition:valid,37,,60,validation,P2,60,11.459739685058594,cp_direction,1,60
1,P2:validation:20,,contraposition:valid,37,,60,validation,P2,60,13.180753707885742,cp_consequent_polarity,1,60
1,P2:validation:246,,contraposition:valid,37,,60,validation,P2,60,17.57553195953369,cp_antecedent_polarity,1,60
1,P2:validation:668,,contraposition:valid,37,,60,validation,P2,60,8.859772682189941,cp_consequent_polarity,1,60
1,P2:validation:258,,contraposition:valid,37,,60,validation,P2,60,12.302037239074707,cp_antecedent_polarity,1,60
1,P2:validation:584,,contraposition:valid,37,,60,validation,P2,60,9.415485382080078,cp_consequent_polarity,1,60
1,P2:validation:324,,modus_tollens:valid,37,,60,validation,P2,60,20.704745292663574,mt_fact_polarity,1,60
1,P2:validation:561,,contraposition:invalid,37,,61,validation,P2,61,21.742954909801483,cp_consequent_polarity,1,61
1,P2:validation:94,,contraposition:valid,37,,60,validation,P2,60,8.56464958190918,cp_direction,1,60
1,P2:validation:320,,contraposition:valid,37,,60,validation,P2,60,11.402114868164062,cp_consequent_polarity,1,60
1,P2:validation:278,,modus_tollens:valid,37,,60,validation,P2,60,22.585938930511475,mt_rule_direction,1,60
1,P2:validation:683,,contraposition:invalid,37,,61,validation,P2,61,5.217103004455566,cp_direction,1,61
1,P2:validation:361,,modus_tollens:invalid,37,,61,validation,P2,61,19.34843385219574,mt_fact_polarity,1,61
1,P2:validation:443,,contraposition:invalid,37,,61,validation,P2,61,18.353233337402344,cp_direction,1,61
1,P2:validation:233,,modus_tollens:invalid,37,,61,validation,P2,61,25.821224689483643,mt_query_polarity,1,61
1,P2:validation:509,,modus_tollens:invalid,37,,61,validation,P2,61,25.511520385742188,mt_query_polarity,1,61
1,P2:validation:252,,modus_tollens:valid,37,,60,validation,P2,60,10.669283866882324,mt_fact_polarity,1,60
1,P2:validation:147,,modus_tollens:invalid,37,,61,validation,P2,61,9.099895477294922,mt_rule_direction,1,61
1,P2:validation:407,,contraposition:invalid,37,,61,validation,P2,61,17.769179463386536,cp_direction,1,61
1,P2:validation:188,,contraposition:valid,37,,60,validation,P2,60,11.402113914489746,cp_consequent_polarity,1,60
1,P2:validation:333,,contraposition:invalid,37,,61,validation,P2,61,18.992180466651917,cp_consequent_polarity,1,61
1,P2:validation:336,,modus_tollens:valid,37,,60,validation,P2,60,12.384966850280762,mt_fact_polarity,1,60
1,P2:validation:746,,modus_tollens:valid,37,,60,validation,P2,60,14.127388000488281,mt_rule_direction,1,60
1,P2:validation:531,,modus_tollens:invalid,37,,61,validation,P2,61,25.715647220611572,mt_rule_direction,1,61
1,P2:validation:520,,modus_tollens:valid,37,,60,validation,P2,60,14.70646858215332,mt_query_polarity,1,60
1,P2:validation:449,,modus_tollens:invalid,37,,61,validation,P2,61,19.1702983379364,mt_query_polarity,1,61
1,P2:validation:339,,modus_tollens:invalid,37,,61,validation,P2,61,7.394054412841797,mt_rule_direction,1,61
1,P2:validation:280,,modus_tollens:valid,37,,60,validation,P2,60,15.337156295776367,mt_query_polarity,1,60
1,P2:validation:311,,contraposition:invalid,37,,61,validation,P2,61,16.226927280426025,cp_direction,1,61
1,P2:validation:496,,modus_tollens:valid,37,,60,validation,P2,60,21.35818099975586,mt_query_polarity,1,60
1,P2:validation:663,,modus_tollens:invalid,37,,61,validation,P2,61,25.092994689941406,mt_rule_direction,1,61
1,P2:validation:462,,contraposition:valid,37,,60,validation,P2,60,19.882866144180298,cp_antecedent_polarity,1,60
1,P2:validation:736,,modus_tollens:valid,37,,60,validation,P2,60,18.945950508117676,mt_query_polarity,1,60
1,P2:validation:186,,contraposition:valid,37,,60,validation,P2,60,14.005789279937744,cp_antecedent_polarity,1,60
1,P2:validation:197,,modus_tollens:invalid,37,,61,validation,P2,61,26.039862632751465,mt_query_polarity,1,61
1,P2:validation:423,,modus_tollens:invalid,37,,61,validation,P2,61,24.650907516479492,mt_rule_direction,1,61
1,P2:validation:526,,contraposition:valid,37,,60,validation,P2,60,13.465665817260742,cp_direction,1,60
1,P2:validation:719,,contraposition:invalid,37,,61,validation,P2,61,9.851079940795898,cp_direction,1,61
1,P2:validation:142,,contraposition:valid,37,,60,validation,P2,60,13.980724811553955,cp_direction,1,60
1,P2:validation:398,,modus_tollens:valid,37,,60,validation,P2,60,12.37389087677002,mt_rule_direction,1,60
1,P2:validation:639,,modus_tollens:invalid,37,,61,validation,P2,61,9.013550758361816,mt_rule_direction,1,61
1,P2:validation:43,,contraposition:invalid,37,,61,validation,P2,61,20.941379070281982,cp_antecedent_polarity,1,61
1,P2:validation:110,,modus_tollens:valid,37,,60,validation,P2,60,15.256105422973633,mt_rule_direction,1,60
1,P2:validation:625,,modus_tollens:invalid,37,,61,validation,P2,61,19.34843385219574,mt_fact_polarity,1,61
1,P2:validation:456,,modus_tollens:valid,37,,60,validation,P2,60,24.44349193572998,mt_fact_polarity,1,60
1,P2:validation:704,,contraposition:valid,37,,60,validation,P2,60,26.551934480667114,cp_consequent_polarity,1,60
1,P2:validation:114,,contraposition:valid,37,,60,validation,P2,60,17.703324794769287,cp_antecedent_polarity,1,60
1,P2:validation:12,,modus_tollens:valid,37,,60,validation,P2,60,10.58762264251709,mt_fact_polarity,1,60
1,P2:validation:562,,contraposition:valid,37,,60,validation,P2,60,24.198577284812927,cp_direction,1,60
1,P2:validation:208,,modus_tollens:valid,37,,60,validation,P2,60,20.931861639022827,mt_query_polarity,1,60
1,P2:validation:238,,contraposition:valid,37,,60,validation,P2,60,9.13215446472168,cp_direction,1,60
1,P2:validation:123,,modus_tollens:invalid,37,,61,validation,P2,61,11.233389854431152,mt_rule_direction,1,61
1,P2:validation:479,,contraposition:invalid,37,,61,validation,P2,61,13.66004467010498,cp_direction,1,61
1,P2:validation:395,,contraposition:invalid,37,,61,validation,P2,61,14.87929630279541,cp_direction,1,61
1,P2:validation:248,,contraposition:valid,37,,60,validation,P2,60,11.459087371826172,cp_consequent_polarity,1,60
1,P2:validation:195,,modus_tollens:invalid,37,,61,validation,P2,61,11.97338342666626,mt_rule_direction,1,61
1,P2:validation:236,,contraposition:valid,37,,60,validation,P2,60,20.497986555099487,cp_consequent_polarity,1,60
1,P2:validation:718,,contraposition:valid,37,,60,validation,P2,60,24.769034445285797,cp_direction,1,60
1,P2:validation:410,,modus_tollens:valid,37,,60,validation,P2,60,16.676811695098877,mt_rule_direction,1,60
1,P2:validation:372,,modus_tollens:valid,37,,60,validation,P2,60,23.150755167007446,mt_fact_polarity,1,60
1,P2:validation:283,,contraposition:invalid,37,,61,validation,P2,61,19.04793816804886,cp_antecedent_polarity,1,61
1,P2:validation:84,,modus_tollens:valid,37,,60,validation,P2,60,11.130086898803711,mt_fact_polarity,1,60
1,P2:validation:547,,contraposition:invalid,37,,61,validation,P2,61,19.163951754570007,cp_antecedent_polarity,1,61
1,P2:validation:323,,contraposition:invalid,37,,61,validation,P2,61,17.878241062164307,cp_direction,1,61
1,P2:validation:482,,modus_tollens:valid,37,,60,validation,P2,60,16.293962478637695,mt_rule_direction,1,60
1,P2:validation:231,,modus_tollens:invalid,37,,61,validation,P2,61,12.547691822052002,mt_rule_direction,1,61
1,P2:validation:295,,contraposition:invalid,37,,61,validation,P2,61,23.574540853500366,cp_antecedent_polarity,1,61
1,P2:validation:59,,contraposition:invalid,37,,61,validation,P2,61,21.596905827522278,cp_direction,1,61
1,P2:validation:635,,contraposition:invalid,37,,61,validation,P2,61,13.576856136322021,cp_direction,1,61
1,P2:validation:486,,contraposition:valid,37,,60,validation,P2,60,20.67046070098877,cp_antecedent_polarity,1,60
1,P2:validation:266,,modus_tollens:valid,37,,60,validation,P2,60,16.672994136810303,mt_rule_direction,1,60
1,P2:validation:192,,modus_tollens:valid,37,,60,validation,P2,60,12.384966850280762,mt_fact_polarity,1,60
1,P2:validation:102,,contraposition:valid,37,,60,validation,P2,60,15.083444595336914,cp_antecedent_polarity,1,60
1,P2:validation:176,,contraposition:valid,37,,60,validation,P2,60,16.63502311706543,cp_consequent_polarity,1,60
1,P2:validation:733,,modus_tollens:invalid,37,,61,validation,P2,61,25.875489234924316,mt_fact_polarity,1,61
1,P2:validation:504,,modus_tollens:valid,37,,60,validation,P2,60,16.526885509490967,mt_fact_polarity,1,60
1,P2:validation:451,,contraposition:invalid,37,,61,validation,P2,61,19.786440685391426,cp_antecedent_polarity,1,61
1,P2:validation:293,,modus_tollens:invalid,37,,61,validation,P2,61,25.76859951019287,mt_query_polarity,1,61
1,P2:validation:379,,contraposition:invalid,37,,61,validation,P2,61,25.409265518188477,cp_antecedent_polarity,1,61
1,P2:validation:24,,modus_tollens:valid,37,,60,validation,P2,60,11.202309608459473,mt_fact_polarity,1,60
1,P2:validation:130,,contraposition:valid,37,,60,validation,P2,60,18.219995975494385,cp_direction,1,60
1,P2:validation:309,,contraposition:invalid,37,,61,validation,P2,61,19.77830197289586,cp_consequent_polarity,1,61
1,P2:validation:345,,contraposition:invalid,37,,61,validation,P2,61,20.584515035152435,cp_consequent_polarity,1,61
1,P2:validation:681,,contraposition:invalid,37,,61,validation,P2,61,16.35860276222229,cp_consequent_polarity,1,61
1,P2:validation:674,,modus_tollens:valid,37,,60,validation,P2,60,20.556217908859253,mt_rule_direction,1,60
1,P2:validation:637,,modus_tollens:invalid,37,,61,validation,P2,61,23.720699787139893,mt_fact_polarity,1,61
1,P2:validation:687,,modus_tollens:invalid,37,,61,validation,P2,61,11.8214750289917,mt_rule_direction,1,61
1,P2:validation:277,,modus_tollens:invalid,37,,61,validation,P2,61,24.519893646240234,mt_fact_polarity,1,61
1,P2:validation:216,,modus_tollens:valid,37,,60,validation,P2,60,10.037071228027344,mt_fact_polarity,1,60
1,P2:validation:497,,modus_tollens:invalid,37,,61,validation,P2,61,22.953230619430542,mt_query_polarity,1,61
1,P2:validation:182,,modus_tollens:valid,37,,60,validation,P2,60,10.033629417419434,mt_rule_direction,1,60
1,P2:validation:117,,contraposition:invalid,37,,61,validation,P2,61,20.981523036956787,cp_consequent_polarity,1,61
1,P2:validation:749,,modus_tollens:invalid,37,,61,validation,P2,61,24.80275821685791,mt_query_polarity,1,61
1,P2:validation:604,,modus_tollens:valid,37,,60,validation,P2,60,9.793066024780273,mt_query_polarity,1,60
1,P2:validation:32,,contraposition:valid,37,,60,validation,P2,60,20.364402055740356,cp_consequent_polarity,1,60
1,P2:validation:414,,contraposition:valid,37,,60,validation,P2,60,17.541998386383057,cp_antecedent_polarity,1,60
1,P2:validation:367,,contraposition:invalid,37,,61,validation,P2,61,23.630181312561035,cp_antecedent_polarity,1,61
1,P2:validation:553,,modus_tollens:invalid,37,,61,validation,P2,61,25.08497190475464,mt_fact_polarity,1,61
1,P2:validation:571,,contraposition:invalid,37,,61,validation,P2,61,14.135269403457642,cp_antecedent_polarity,1,61
1,P2:validation:608,,contraposition:valid,37,,60,validation,P2,60,22.157644510269165,cp_consequent_polarity,1,60
1,P2:validation:170,,modus_tollens:valid,37,,60,validation,P2,60,11.202309608459473,mt_rule_direction,1,60
1,P2:validation:17,,modus_tollens:invalid,37,,61,validation,P2,61,26.12459421157837,mt_query_polarity,1,61
1,P2:validation:200,,contraposition:valid,37,,60,validation,P2,60,20.689557552337646,cp_consequent_polarity,1,60
1,P2:validation:362,,modus_tollens:valid,37,,60,validation,P2,60,12.696314811706543,mt_rule_direction,1,60
1,P2:validation:603,,modus_tollens:invalid,37,,61,validation,P2,61,25.040682315826416,mt_rule_direction,1,61
1,P2:validation:10,,contraposition:valid,37,,60,validation,P2,60,16.760193347930908,cp_direction,1,60
1,P2:validation:618,,contraposition:valid,37,,60,validation,P2,60,18.02287244796753,cp_antecedent_polarity,1,60
1,P2:validation:105,,contraposition:invalid,37,,61,validation,P2,61,24.009106874465942,cp_consequent_polarity,1,61
1,P2:validation:747,,modus_tollens:invalid,37,,61,validation,P2,61,8.034199714660645,mt_rule_direction,1,61
1,P2:validation:427,,contraposition:invalid,37,,61,validation,P2,61,19.786440685391426,cp_antecedent_polarity,1,61
1,P2:validation:153,,contraposition:invalid,37,,61,validation,P2,61,20.822350800037384,cp_consequent_polarity,1,61
1,P2:validation:503,,contraposition:invalid,37,,61,validation,P2,61,5.217103004455566,cp_direction,1,61
1,P2:validation:279,,modus_tollens:invalid,37,,61,validation,P2,61,25.11212968826294,mt_rule_direction,1,61
1,P2:validation:741,,contraposition:invalid,37,,61,validation,P2,61,24.646971225738525,cp_consequent_polarity,1,61
1,P2:validation:160,,modus_tollens:valid,37,,60,validation,P2,60,16.676811695098877,mt_query_polarity,1,60
1,P2:validation:71,,contraposition:invalid,37,,61,validation,P2,61,21.217139095067978,cp_direction,1,61
1,P2:validation:327,,modus_tollens:invalid,37,,61,validation,P2,61,10.467645168304443,mt_rule_direction,1,61
1,P2:validation:272,,contraposition:valid,37,,60,validation,P2,60,13.904036521911621,cp_consequent_polarity,1,60
1,P2:validation:168,,modus_tollens:valid,37,,60,validation,P2,60,23.734829127788544,mt_fact_polarity,1,60
1,P2:validation:211,,contraposition:invalid,37,,61,validation,P2,61,23.77323865890503,cp_antecedent_polarity,1,61
1,P2:validation:344,,contraposition:valid,37,,60,validation,P2,60,21.895923376083374,cp_consequent_polarity,1,60
1,P2:validation:90,,contraposition:valid,37,,60,validation,P2,60,9.415485382080078,cp_antecedent_polarity,1,60
1,P2:validation:257,,modus_tollens:invalid,37,,61,validation,P2,61,26.759516716003418,mt_query_polarity,1,61
1,P2:validation:156,,modus_tollens:valid,37,,60,validation,P2,60,23.150755167007446,mt_fact_polarity,1,60
1,P2:validation:761,,modus_tollens:invalid,37,,61,validation,P2,61,25.63928508758545,mt_query_polarity,1,61
1,P2:validation:251,,contraposition:invalid,37,,61,validation,P2,61,12.529334545135498,cp_direction,1,61
1,P2:validation:525,,contraposition:invalid,37,,61,validation,P2,61,20.981523036956787,cp_consequent_polarity,1,61
1,P2:validation:161,,modus_tollens:invalid,37,,61,validation,P2,61,25.53081226348877,mt_query_polarity,1,61
1,P2:validation:365,,modus_tollens:invalid,37,,61,validation,P2,61,18.79218029975891,mt_query_polarity,1,61
1,P2:validation:750,,contraposition:valid,37,,60,validation,P2,60,13.443352699279785,cp_antecedent_polarity,1,60
1,P2:validation:444,,modus_tollens:valid,37,,60,validation,P2,60,22.569133520126343,mt_fact_polarity,1,60
1,P2:validation:306,,contraposition:valid,37,,60,validation,P2,60,20.497986555099487,cp_antecedent_polarity,1,60
1,P2:validation:744,,modus_tollens:valid,37,,60,validation,P2,60,12.103082656860352,mt_fact_polarity,1,60
1,P2:validation:62,,modus_tollens:valid,37,,60,validation,P2,60,11.790082931518555,mt_rule_direction,1,60
1,P2:validation:424,,modus_tollens:valid,37,,60,validation,P2,60,21.864521026611328,mt_query_polarity,1,60
1,P2:validation:678,,contraposition:valid,37,,60,validation,P2,60,27.4113347530365,cp_antecedent_polarity,1,60
1,P2:validation:628,,modus_tollens:valid,37,,60,validation,P2,60,10.957365989685059,mt_query_polarity,1,60
1,P2:validation:742,,contraposition:valid,37,,60,validation,P2,60,13.180752754211426,cp_direction,1,60
1,P2:validation:355,,contraposition:invalid,37,,61,validation,P2,61,15.421923875808716,cp_antecedent_polarity,1,61
1,P2:validation:641,,modus_tollens:invalid,37,,61,validation,P2,61,25.97700262069702,mt_query_polarity,1,61
1,P2:validation:66,,contraposition:valid,37,,60,validation,P2,60,18.73006772994995,cp_antecedent_polarity,1,60
1,P2:validation:178,,contraposition:valid,37,,60,validation,P2,60,23.825735092163086,cp_direction,1,60
1,P2:validation:181,,modus_tollens:invalid,37,,61,validation,P2,61,26.111849784851074,mt_fact_polarity,1,61
1,P2:validation:722,,modus_tollens:valid,37,,60,validation,P2,60,22.16203260421753,mt_rule_direction,1,60
1,P2:validation:586,,contraposition:valid,37,,60,validation,P2,60,23.825735092163086,cp_direction,1,60
1,P2:validation:729,,contraposition:invalid,37,,61,validation,P2,61,16.388201475143433,cp_consequent_polarity,1,61
1,P2:validation:716,,contraposition:valid,37,,60,validation,P2,60,26.469008445739746,cp_consequent_polarity,1,60
1,P2:validation:326,,modus_tollens:valid,37,,60,validation,P2,60,16.625102996826172,mt_rule_direction,1,60
1,P2:validation:537,,contraposition:invalid,37,,61,validation,P2,61,18.62219750881195,cp_consequent_polarity,1,61
1,P2:validation:739,,contraposition:invalid,37,,61,validation,P2,61,17.661137878894806,cp_antecedent_polarity,1,61
1,P2:validation:273,,contraposition:invalid,37,,61,validation,P2,61,11.500740051269531,cp_consequent_polarity,1,61
1,P2:validation:207,,modus_tollens:invalid,37,,61,validation,P2,61,9.912145614624023,mt_rule_direction,1,61
1,P2:validation:614,,modus_tollens:valid,37,,60,validation,P2,60,15.035467147827148,mt_rule_direction,1,60
1,P2:validation:626,,modus_tollens:valid,37,,60,validation,P2,60,16.625102996826172,mt_rule_direction,1,60
1,P2:validation:720,,modus_tollens:valid,37,,60,validation,P2,60,16.130656719207764,mt_fact_polarity,1,60
1,P2:validation:538,,contraposition:valid,37,,60,validation,P2,60,11.459739685058594,cp_direction,1,60
1,P2:validation:39,,modus_tollens:invalid,37,,61,validation,P2,61,9.735380172729492,mt_rule_direction,1,61
1,P2:validation:376,,modus_tollens:valid,37,,60,validation,P2,60,14.010324001312256,mt_query_polarity,1,60
1,P2:validation:14,,modus_tollens:valid,37,,60,validation,P2,60,20.849896907806396,mt_rule_direction,1,60
1,P2:validation:44,,contraposition:valid,37,,60,validation,P2,60,27.538718938827515,cp_consequent_polarity,1,60
1,P2:validation:688,,modus_tollens:valid,37,,60,validation,P2,60,10.377128601074219,mt_query_polarity,1,60
1,P2:validation:332,,contraposition:valid,37,,60,validation,P2,60,11.351848602294922,cp_consequent_polarity,1,60
1,P2:validation:6,,contraposition:valid,37,,60,validation,P2,60,16.058687210083008,cp_antecedent_polarity,1,60
1,P2:validation:205,,modus_tollens:invalid,37,,61,validation,P2,61,25.875489234924316,mt_fact_polarity,1,61
1,P2:validation:699,,modus_tollens:invalid,37,,61,validation,P2,61,15.289385318756104,mt_rule_direction,1,61
1,P2:validation:498,,contraposition:valid,37,,60,validation,P2,60,17.984426021575928,cp_antecedent_polarity,1,60
1,P2:validation:140,,contraposition:valid,37,,60,validation,P2,60,20.006344318389893,cp_consequent_polarity,1,60
1,P2:validation:377,,modus_tollens:invalid,37,,61,validation,P2,61,22.839601039886475,mt_query_polarity,1,61
1,P2:validation:454,,contraposition:valid,37,,60,validation,P2,60,14.381582260131836,cp_direction,1,60
1,P2:validation:315,,modus_tollens:invalid,37,,61,validation,P2,61,25.715647220611572,mt_rule_direction,1,61
1,P2:validation:214,,contraposition:valid,37,,60,validation,P2,60,23.173238933086395,cp_direction,1,60
1,P2:validation:758,,modus_tollens:valid,37,,60,validation,P2,60,13.488713264465332,mt_rule_direction,1,60
1,P2:validation:466,,contraposition:valid,37,,60,validation,P2,60,20.712892293930054,cp_direction,1,60
1,P2:validation:405,,contraposition:invalid,37,,61,validation,P2,61,19.846578676253557,cp_consequent_polarity,1,61
1,P2:validation:464,,contraposition:valid,37,,60,validation,P2,60,13.964980125427246,cp_consequent_polarity,1,60
1,P2:validation:316,,modus_tollens:valid,37,,60,validation,P2,60,11.202309608459473,mt_query_polarity,1,60
1,P2:validation:67,,contraposition:invalid,37,,61,validation,P2,61,19.04793816804886,cp_antecedent_polarity,1,61
1,P2:validation:682,,contraposition:valid,37,,60,validation,P2,60,24.893019676208496,cp_direction,1,60
1,P2:validation:416,,contraposition:valid,37,,60,validation,P2,60,21.895920515060425,cp_consequent_polarity,1,60
1,P2:validation:476,,contraposition:valid,37,,60,validation,P2,60,11.554617881774902,cp_consequent_polarity,1,60
1,P2:validation:611,,contraposition:invalid,37,,61,validation,P2,61,16.75898265838623,cp_direction,1,61
1,P2:validation:667,,contraposition:invalid,37,,61,validation,P2,61,24.181800842285156,cp_antecedent_polarity,1,61
1,P2:validation:659,,contraposition:invalid,37,,61,validation,P2,61,16.026201248168945,cp_direction,1,61
1,P2:validation:590,,modus_tollens:valid,37,,60,validation,P2,60,14.420277118682861,mt_rule_direction,1,60
1,P2:validation:629,,modus_tollens:invalid,37,,61,validation,P2,61,25.877748012542725,mt_query_polarity,1,61
1,P2:validation:710,,modus_tollens:valid,37,,60,validation,P2,60,13.16769790649414,mt_rule_direction,1,60
1,P2:validation:539,,contraposition:invalid,37,,61,validation,P2,61,22.44484007358551,cp_direction,1,61
1,P2:validation:303,,modus_tollens:invalid,37,,61,validation,P2,61,22.32886290550232,mt_rule_direction,1,61
1,P2:validation:551,,contraposition:invalid,37,,61,validation,P2,61,8.65262508392334,cp_direction,1,61
1,P2:validation:191,,contraposition:invalid,37,,61,validation,P2,61,14.528595924377441,cp_direction,1,61
1,P2:validation:25,,modus_tollens:invalid,37,,61,validation,P2,61,24.78876304626465,mt_fact_polarity,1,61
1,P2:validation:690,,contraposition:valid,37,,60,validation,P2,60,9.241233825683594,cp_antecedent_polarity,1,60
1,P2:validation:21,,contraposition:invalid,37,,61,validation,P2,61,21.73043918609619,cp_consequent_polarity,1,61
1,P2:validation:712,,modus_tollens:valid,37,,60,validation,P2,60,10.64927864074707,mt_query_polarity,1,60
1,P2:validation:149,,modus_tollens:invalid,37,,61,validation,P2,61,24.80275821685791,mt_query_polarity,1,61
1,P2:validation:215,,contraposition:invalid,37,,61,validation,P2,61,14.231042861938477,cp_direction,1,61
1,P2:validation:190,,contraposition:valid,37,,60,validation,P2,60,21.768757820129395,cp_direction,1,60
1,P2:validation:535,,contraposition:invalid,37,,61,validation,P2,61,9.061522483825684,cp_antecedent_polarity,1,61
1,P2:validation:517,,modus_tollens:invalid,37,,61,validation,P2,61,19.783008724451065,mt_fact_polarity,1,61
1,P2:validation:643,,contraposition:invalid,37,,61,validation,P2,61,23.619571447372437,cp_antecedent_polarity,1,61
1,P2:validation:650,,modus_tollens:valid,37,,60,validation,P2,60,10.15083122253418,mt_rule_direction,1,60
1,P2:validation:350,,modus_tollens:valid,37,,60,validation,P2,60,11.130086898803711,mt_rule_direction,1,60
1,P2:validation:573,,contraposition:invalid,37,,61,validation,P2,61,19.986304134130478,cp_consequent_polarity,1,61
1,P2:validation:475,,contraposition:invalid,37,,61,validation,P2,61,25.51236057281494,cp_antecedent_polarity,1,61
1,P2:validation:230,,modus_tollens:valid,37,,60,validation,P2,60,18.945950508117676,mt_rule_direction,1,60
1,P2:validation:220,,modus_tollens:valid,37,,60,validation,P2,60,16.130656719207764,mt_query_polarity,1,60
1,P2:validation:570,,contraposition:valid,37,,60,validation,P2,60,13.964980125427246,cp_antecedent_polarity,1,60
1,P2:validation:87,,modus_tollens:invalid,37,,61,validation,P2,61,7.639168739318848,mt_rule_direction,1,61
1,P2:validation:737,,modus_tollens:invalid,37,,61,validation,P2,61,25.821224689483643,mt_query_polarity,1,61
1,P2:validation:599,,contraposition:invalid,37,,61,validation,P2,61,11.919846057891846,cp_direction,1,61
1,P2:validation:294,,contraposition:valid,37,,60,validation,P2,60,16.89806604385376,cp_antecedent_polarity,1,60
1,P2:validation:343,,contraposition:invalid,37,,61,validation,P2,61,20.858696714043617,cp_antecedent_polarity,1,61
1,P2:validation:129,,contraposition:invalid,37,,61,validation,P2,61,23.71502709388733,cp_consequent_polarity,1,61
1,P2:validation:227,,contraposition:invalid,37,,61,validation,P2,61,15.266046047210693,cp_direction,1,61
1,P2:validation:263,,contraposition:invalid,37,,61,validation,P2,61,14.528595924377441,cp_direction,1,61
1,P2:validation:441,,contraposition:invalid,37,,61,validation,P2,61,21.60490894317627,cp_consequent_polarity,1,61
1,P2:validation:349,,modus_tollens:invalid,37,,61,validation,P2,61,25.65648126602173,mt_fact_polarity,1,61
1,P2:validation:262,,contraposition:valid,37,,60,validation,P2,60,12.489516258239746,cp_direction,1,60
1,P2:validation:4,,modus_tollens:valid,37,,60,validation,P2,60,10.58762264251709,mt_query_polarity,1,60
1,P2:validation:120,,modus_tollens:valid,37,,60,validation,P2,60,10.96480941772461,mt_fact_polarity,1,60
1,P2:validation:128,,contraposition:valid,37,,60,validation,P2,60,21.97036874294281,cp_consequent_polarity,1,60
1,P2:validation:255,,modus_tollens:invalid,37,,61,validation,P2,61,13.918614864349365,mt_rule_direction,1,61
1,P2:validation:421,,modus_tollens:invalid,37,,61,validation,P2,61,25.823603630065918,mt_fact_polarity,1,61
1,P2:validation:5,,modus_tollens:invalid,37,,61,validation,P2,61,20.548982799053192,mt_query_polarity,1,61
1,P2:validation:237,,contraposition:invalid,37,,61,validation,P2,61,22.69724941253662,cp_consequent_polarity,1,61
1,P2:validation:373,,modus_tollens:invalid,37,,61,validation,P2,61,25.984997272491455,mt_fact_polarity,1,61
1,P2:validation:137,,modus_tollens:invalid,37,,61,validation,P2,61,18.79218029975891,mt_query_polarity,1,61
1,P2:validation:436,,modus_tollens:valid,37,,60,validation,P2,60,20.930254697799683,mt_query_polarity,1,60
1,P2:validation:478,,contraposition:valid,37,,60,validation,P2,60,20.86625647544861,cp_direction,1,60
1,P2:validation:396,,modus_tollens:valid,37,,60,validation,P2,60,20.995758056640625,mt_fact_polarity,1,60
1,P2:validation:714,,contraposition:valid,37,,60,validation,P2,60,24.893019676208496,cp_antecedent_polarity,1,60
1,P2:validation:143,,contraposition:invalid,37,,61,validation,P2,61,12.840436458587646,cp_direction,1,61
1,P2:validation:99,,modus_tollens:invalid,37,,61,validation,P2,61,9.34043025970459,mt_rule_direction,1,61
1,P2:validation:329,,modus_tollens:invalid,37,,61,validation,P2,61,21.6813006401062,mt_query_polarity,1,61
1,P2:validation:256,,modus_tollens:valid,37,,60,validation,P2,60,25.23897349834442,mt_query_polarity,1,60
1,P2:validation:580,,modus_tollens:valid,37,,60,validation,P2,60,13.73779821395874,mt_query_polarity,1,60
1,P2:validation:689,,modus_tollens:invalid,37,,61,validation,P2,61,18.381144523620605,mt_query_polarity,1,61
1,P2:validation:756,,modus_tollens:valid,37,,60,validation,P2,60,9.793066024780273,mt_fact_polarity,1,60
1,P2:validation:158,,modus_tollens:valid,37,,60,validation,P2,60,14.127388000488281,mt_rule_direction,1,60
1,P2:validation:513,,contraposition:invalid,37,,61,validation,P2,61,20.584515035152435,cp_consequent_polarity,1,61
1,P2:validation:18,,contraposition:valid,37,,60,validation,P2,60,10.852686882019043,cp_antecedent_polarity,1,60
1,P2:validation:533,,modus_tollens:invalid,37,,61,validation,P2,61,25.44014024734497,mt_query_polarity,1,61
1,P2:validation:22,,contraposition:valid,37,,60,validation,P2,60,12.553559303283691,cp_direction,1,60
1,P2:validation:36,,modus_tollens:valid,37,,60,validation,P2,60,16.347932815551758,mt_fact_polarity,1,60
1,P2:validation:751,,contraposition:invalid,37,,61,validation,P2,61,17.456475496292114,cp_antecedent_polarity,1,61
1,P2:validation:616,,modus_tollens:valid,37,,60,validation,P2,60,12.384966850280762,mt_query_polarity,1,60
1,P2:validation:632,,contraposition:valid,37,,60,validation,P2,60,13.465665817260742,cp_consequent_polarity,1,60
1,P2:validation:348,,modus_tollens:valid,37,,60,validation,P2,60,13.488713264465332,mt_fact_polarity,1,60
1,P2:validation:145,,modus_tollens:invalid,37,,61,validation,P2,61,24.550164699554443,mt_fact_polarity,1,61
1,P2:validation:163,,contraposition:invalid,37,,61,validation,P2,61,19.786440685391426,cp_antecedent_polarity,1,61
1,P2:validation:597,,contraposition:invalid,37,,61,validation,P2,61,23.767332553863525,cp_consequent_polarity,1,61
1,P2:validation:559,,contraposition:invalid,37,,61,validation,P2,61,25.260951042175293,cp_antecedent_polarity,1,61
1,P2:validation:566,,modus_tollens:valid,37,,60,validation,P2,60,19.530550479888916,mt_rule_direction,1,60
1,P2:validation:631,,contraposition:invalid,37,,61,validation,P2,61,11.028784275054932,cp_antecedent_polarity,1,61
1,P2:validation:391,,contraposition:invalid,37,,61,validation,P2,61,23.77323865890503,cp_antecedent_polarity,1,61
1,P2:validation:662,,modus_tollens:valid,37,,60,validation,P2,60,13.73779821395874,mt_rule_direction,1,60
1,P2:validation:3,,modus_tollens:invalid,37,,61,validation,P2,61,7.97171688079834,mt_rule_direction,1,61
1,P2:validation:583,,contraposition:invalid,37,,61,validation,P2,61,22.709975957870483,cp_antecedent_polarity,1,61
1,P2:validation:325,,modus_tollens:invalid,37,,61,validation,P2,61,25.886131763458252,mt_fact_polarity,1,61
1,P2:validation:730,,contraposition:valid,37,,60,validation,P2,60,11.402113914489746,cp_direction,1,60
1,P2:validation:585,,contraposition:invalid,37,,61,validation,P2,61,21.59475266933441,cp_consequent_polarity,1,61
1,P2:validation:388,,modus_tollens:valid,37,,60,validation,P2,60,15.504420280456543,mt_query_polarity,1,60
1,P2:validation:45,,contraposition:invalid,37,,61,validation,P2,61,20.384225249290466,cp_consequent_polarity,1,61
1,P2:validation:523,,contraposition:invalid,37,,61,validation,P2,61,15.815430879592896,cp_antecedent_polarity,1,61
1,P2:validation:723,,modus_tollens:invalid,37,,61,validation,P2,61,12.369768142700195,mt_rule_direction,1,61
1,P2:validation:60,,modus_tollens:valid,37,,60,validation,P2,60,19.071460247039795,mt_fact_polarity,1,60
1,P2:validation:660,,modus_tollens:valid,37,,60,validation,P2,60,20.88511300086975,mt_fact_polarity,1,60
1,P2:validation:501,,contraposition:invalid,37,,61,validation,P2,61,21.60490894317627,cp_consequent_polarity,1,61
1,P2:validation:417,,contraposition:invalid,37,,61,validation,P2,61,19.045828580856323,cp_consequent_polarity,1,61
1,P2:validation:595,,contraposition:invalid,37,,61,validation,P2,61,23.709499835968018,cp_antecedent_polarity,1,61
1,P2:validation:390,,contraposition:valid,37,,60,validation,P2,60,10.633795738220215,cp_antecedent_polarity,1,60
1,P2:validation:494,,modus_tollens:valid,37,,60,validation,P2,60,20.931861639022827,mt_rule_direction,1,60
1,P2:validation:467,,contraposition:invalid,37,,61,validation,P2,61,12.126209259033203,cp_direction,1,61
1,P2:validation:301,,modus_tollens:invalid,37,,61,validation,P2,61,19.34843385219574,mt_fact_polarity,1,61
1,P2:validation:136,,modus_tollens:valid,37,,60,validation,P2,60,19.276367664337158,mt_query_polarity,1,60
1,P2:validation:265,,modus_tollens:invalid,37,,61,validation,P2,61,22.449474215507507,mt_fact_polarity,1,61
1,P2:validation:606,,contraposition:valid,37,,60,validation,P2,60,24.769034445285797,cp_antecedent_polarity,1,60
1,P2:validation:541,,modus_tollens:invalid,37,,61,validation,P2,61,25.791218757629395,mt_fact_polarity,1,61
1,P2:validation:243,,modus_tollens:invalid,37,,61,validation,P2,61,10.892887592315674,mt_rule_direction,1,61
1,P2:validation:572,,contraposition:valid,37,,60,validation,P2,60,20.67046070098877,cp_consequent_polarity,1,60
1,P2:validation:157,,modus_tollens:invalid,37,,61,validation,P2,61,26.013232707977295,mt_fact_polarity,1,61
1,P2:validation:282,,contraposition:valid,37,,60,validation,P2,60,23.888377144932747,cp_antecedent_polarity,1,60
1,P2:validation:450,,contraposition:valid,37,,60,validation,P2,60,20.712892293930054,cp_antecedent_polarity,1,60
1,P2:validation:499,,contraposition:invalid,37,,61,validation,P2,61,16.26371669769287,cp_antecedent_polarity,1,61
1,P2:validation:602,,modus_tollens:valid,37,,60,validation,P2,60,9.793066024780273,mt_rule_direction,1,60
1,P2:validation:141,,contraposition:invalid,37,,61,validation,P2,61,26.009931087493896,cp_consequent_polarity,1,61
1,P2:validation:439,,contraposition:invalid,37,,61,validation,P2,61,25.07430934906006,cp_antecedent_polarity,1,61
1,P2:validation:646,,contraposition:valid,37,,60,validation,P2,60,20.712892293930054,cp_direction,1,60
1,P2:validation:150,,contraposition:valid,37,,60,validation,P2,60,10.852686882019043,cp_antecedent_polarity,1,60
1,P2:validation:68,,contraposition:valid,37,,60,validation,P2,60,24.635776534676552,cp_consequent_polarity,1,60
1,P2:validation:657,,contraposition:invalid,37,,61,validation,P2,61,18.22642707824707,cp_consequent_polarity,1,61
1,P2:validation:515,,contraposition:invalid,37,,61,validation,P2,61,14.61518907546997,cp_direction,1,61
1,P2:validation:623,,contraposition:invalid,37,,61,validation,P2,61,11.15925407409668,cp_direction,1,61
1,P2:validation:703,,contraposition:invalid,37,,61,validation,P2,61,12.346982479095459,cp_antecedent_polarity,1,61
1,P2:validation:457,,modus_tollens:invalid,37,,61,validation,P2,61,20.578657433390617,mt_fact_polarity,1,61
1,P2:validation:705,,contraposition:invalid,37,,61,validation,P2,61,14.07163143157959,cp_consequent_polarity,1,61
1,P2:validation:175,,contraposition:invalid,37,,61,validation,P2,61,15.133093357086182,cp_antecedent_polarity,1,61
1,P2:validation:96,,modus_tollens:valid,37,,60,validation,P2,60,11.255303382873535,mt_fact_polarity,1,60
1,P2:validation:369,,contraposition:invalid,37,,61,validation,P2,61,16.952651977539062,cp_consequent_polarity,1,61
1,P2:validation:64,,modus_tollens:valid,37,,60,validation,P2,60,18.960647583007812,mt_query_polarity,1,60
1,P2:validation:658,,contraposition:valid,37,,60,validation,P2,60,13.148266792297363,cp_direction,1,60
1,P2:validation:422,,modus_tollens:valid,37,,60,validation,P2,60,12.37389087677002,mt_rule_direction,1,60
1,P2:validation:621,,contraposition:invalid,37,,61,validation,P2,61,20.384225249290466,cp_consequent_polarity,1,61
1,P2:validation:592,,modus_tollens:valid,37,,60,validation,P2,60,12.570290565490723,mt_query_polarity,1,60
1,P2:validation:488,,contraposition:valid,37,,60,validation,P2,60,22.157644510269165,cp_consequent_polarity,1,60
1,P2:validation:465,,contraposition:invalid,37,,61,validation,P2,61,20.822350800037384,cp_consequent_polarity,1,61
1,P2:validation:519,,modus_tollens:invalid,37,,61,validation,P2,61,9.912145614624023,mt_rule_direction,1,61
1,P2:validation:93,,contraposition:invalid,37,,61,validation,P2,61,14.51711654663086,cp_consequent_polarity,1,61
1,P2:test:747,,modus_tollens:invalid,37,,61,test,P2,61,11.161536693572998,mt_rule_direction,1,61
1,P2:test:29,,modus_tollens:invalid,37,,61,test,P2,61,25.911654472351074,mt_query_polarity,1,61
1,P2:test:623,,contraposition:invalid,37,,61,test,P2,61,23.572402000427246,cp_direction,1,61
1,P2:test:434,,modus_tollens:valid,37,,60,test,P2,60,12.540203094482422,mt_rule_direction,1,60
1,P2:test:503,,contraposition:invalid,37,,61,test,P2,61,8.365738868713379,cp_direction,1,61
1,P2:test:137,,modus_tollens:invalid,37,,61,test,P2,61,24.405470848083496,mt_query_polarity,1,61
1,P2:test:402,,contraposition:valid,37,,60,test,P2,60,9.132153511047363,cp_antecedent_polarity,1,60
1,P2:test:169,,modus_tollens:invalid,37,,61,test,P2,61,25.402522087097168,mt_fact_polarity,1,61
1,P2:test:566,,modus_tollens:valid,37,,60,test,P2,60,21.318718433380127,mt_rule_direction,1,60
1,P2:test:539,,contraposition:invalid,37,,61,test,P2,61,14.511318683624268,cp_direction,1,61
1,P2:test:100,,modus_tollens:valid,37,,60,test,P2,60,16.545594692230225,mt_query_polarity,1,60
1,P2:test:317,,modus_tollens:invalid,37,,61,test,P2,61,13.07188367843628,mt_query_polarity,1,61
1,P2:test:371,,contraposition:invalid,37,,61,test,P2,61,15.266046047210693,cp_direction,1,61
1,P2:test:201,,contraposition:invalid,37,,61,test,P2,61,15.496444702148438,cp_consequent_polarity,1,61
1,P2:test:52,,modus_tollens:valid,37,,60,test,P2,60,19.454483032226562,mt_query_polarity,1,60
1,P2:test:128,,contraposition:valid,37,,60,test,P2,60,19.344520568847656,cp_consequent_polarity,1,60
1,P2:test:761,,modus_tollens:invalid,37,,61,test,P2,61,25.511520385742188,mt_query_polarity,1,61
1,P2:test:374,,modus_tollens:valid,37,,60,test,P2,60,12.156719207763672,mt_rule_direction,1,60
1,P2:test:509,,modus_tollens:invalid,37,,61,test,P2,61,26.106343269348145,mt_query_polarity,1,61
1,P2:test:108,,modus_tollens:valid,37,,60,test,P2,60,26.488314867019653,mt_fact_polarity,1,60
1,P2:test:706,,contraposition:valid,37,,60,test,P2,60,27.538718938827515,cp_direction,1,60
1,P2:test:454,,contraposition:valid,37,,60,test,P2,60,17.984426021575928,cp_direction,1,60
1,P2:test:628,,modus_tollens:valid,37,,60,test,P2,60,16.293962478637695,mt_query_polarity,1,60
1,P2:test:746,,modus_tollens:valid,37,,60,test,P2,60,9.078042984008789,mt_rule_direction,1,60
1,P2:test:335,,contraposition:invalid,37,,61,test,P2,61,16.37072467803955,cp_direction,1,61
1,P2:test:120,,modus_tollens:valid,37,,60,test,P2,60,10.96480941772461,mt_fact_polarity,1,60
1,P2:test:75,,modus_tollens:invalid,37,,61,test,P2,61,15.018847465515137,mt_rule_direction,1,61
1,P2:test:346,,contraposition:valid,37,,60,test,P2,60,13.939653873443604,cp_direction,1,60
1,P2:test:368,,contraposition:valid,37,,60,test,P2,60,13.484553337097168,cp_consequent_polarity,1,60
1,P2:test:436,,modus_tollens:valid,37,,60,test,P2,60,16.625102996826172,mt_query_polarity,1,60
1,P2:test:442,,contraposition:valid,37,,60,test,P2,60,27.538718938827515,cp_direction,1,60
1,P2:test:76,,modus_tollens:valid,37,,60,test,P2,60,24.94222965836525,mt_query_polarity,1,60
1,P2:test:30,,contraposition:valid,37,,60,test,P2,60,20.364399909973145,cp_antecedent_polarity,1,60
1,P2:test:651,,modus_tollens:invalid,37,,61,test,P2,61,12.852391242980957,mt_rule_direction,1,61
1,P2:test:508,,modus_tollens:valid,37,,60,test,P2,60,20.556217908859253,mt_query_polarity,1,60
1,P2:test:241,,modus_tollens:invalid,37,,61,test,P2,61,26.80202865600586,mt_fact_polarity,1,61
1,P2:test:69,,contraposition:invalid,37,,61,test,P2,61,18.62219750881195,cp_consequent_polarity,1,61
1,P2:test:576,,modus_tollens:valid,37,,60,test,P2,60,22.16203260421753,mt_fact_polarity,1,60
1,P2:test:195,,modus_tollens:invalid,37,,61,test,P2,61,25.42887592315674,mt_rule_direction,1,61
1,P2:test:711,,modus_tollens:invalid,37,,61,test,P2,61,12.105384349822998,mt_rule_direction,1,61
1,P2:test:295,,contraposition:invalid,37,,61,test,P2,61,23.574540853500366,cp_antecedent_polarity,1,61
1,P2:test:756,,modus_tollens:valid,37,,60,test,P2,60,15.035467147827148,mt_fact_polarity,1,60
1,P2:test:757,,modus_tollens:invalid,37,,61,test,P2,61,26.680407524108887,mt_fact_polarity,1,61
1,P2:test:536,,contraposition:valid,37,,60,test,P2,60,8.712356567382812,cp_consequent_polarity,1,60
1,P2:test:55,,contraposition:invalid,37,,61,test,P2,61,17.461633920669556,cp_antecedent_polarity,1,61
1,P2:test:216,,modus_tollens:valid,37,,60,test,P2,60,21.35818099975586,mt_fact_polarity,1,60
1,P2:test:161,,modus_tollens:invalid,37,,61,test,P2,61,24.696102142333984,mt_query_polarity,1,61
1,P2:test:36,,modus_tollens:valid,37,,60,test,P2,60,21.674517512321472,mt_fact_polarity,1,60
1,P2:test:507,,modus_tollens:invalid,37,,61,test,P2,61,25.6244797706604,mt_rule_direction,1,61
1,P2:test:685,,modus_tollens:invalid,37,,61,test,P2,61,25.518949508666992,mt_fact_polarity,1,61
1,P2:test:448,,modus_tollens:valid,37,,60,test,P2,60,22.569133520126343,mt_query_polarity,1,60
1,P2:test:147,,modus_tollens:invalid,37,,61,test,P2,61,13.516845703125,mt_rule_direction,1,61
1,P2:test:17,,modus_tollens:invalid,37,,61,test,P2,61,24.204079151153564,mt_query_polarity,1,61
1,P2:test:420,,modus_tollens:valid,37,,60,test,P2,60,11.554914474487305,mt_fact_polarity,1,60
1,P2:test:203,,contraposition:invalid,37,,61,test,P2,61,17.714173555374146,cp_direction,1,61
1,P2:test:372,,modus_tollens:valid,37,,60,test,P2,60,14.010324001312256,mt_fact_polarity,1,60
1,P2:test:388,,modus_tollens:valid,37,,60,test,P2,60,16.676811695098877,mt_query_polarity,1,60
1,P2:test:283,,contraposition:invalid,37,,61,test,P2,61,17.456475496292114,cp_antecedent_polarity,1,61
1,P2:test:627,,modus_tollens:invalid,37,,61,test,P2,61,25.6244797706604,mt_rule_direction,1,61
1,P2:test:658,,contraposition:valid,37,,60,test,P2,60,9.132153511047363,cp_direction,1,60
1,P2:test:617,,modus_tollens:invalid,37,,61,test,P2,61,26.042297840118408,mt_query_polarity,1,61
1,P2:test:716,,contraposition:valid,37,,60,test,P2,60,14.847880363464355,cp_consequent_polarity,1,60
1,P2:test:355,,contraposition:invalid,37,,61,test,P2,61,19.71480894088745,cp_antecedent_polarity,1,61
1,P2:test:765,,contraposition:invalid,37,,61,test,P2,61,16.85283660888672,cp_consequent_polarity,1,61
1,P2:test:412,,modus_tollens:valid,37,,60,test,P2,60,12.37389087677002,mt_query_polarity,1,60
1,P2:test:280,,modus_tollens:valid,37,,60,test,P2,60,9.753300666809082,mt_query_polarity,1,60
1,P2:test:443,,contraposition:invalid,37,,61,test,P2,61,12.414486408233643,cp_direction,1,61
1,P2:test:744,,modus_tollens:valid,37,,60,test,P2,60,12.540203094482422,mt_fact_polarity,1,60
1,P2:test:198,,contraposition:valid,37,,60,test,P2,60,16.058687210083008,cp_antecedent_polarity,1,60
1,P2:test:80,,contraposition:valid,37,,60,test,P2,60,13.632055282592773,cp_consequent_polarity,1,60
1,P2:test:165,,contraposition:invalid,37,,61,test,P2,61,21.59475266933441,cp_consequent_polarity,1,61
1,P2:test:13,,modus_tollens:invalid,37,,61,test,P2,61,19.34843385219574,mt_fact_polarity,1,61
1,P2:test:154,,contraposition:valid,37,,60,test,P2,60,22.59793657064438,cp_direction,1,60
1,P2:test:145,,modus_tollens:invalid,37,,61,test,P2,61,25.858559131622314,mt_fact_polarity,1,61
1,P2:test:467,,contraposition:invalid,37,,61,test,P2,61,17.348096132278442,cp_direction,1,61
1,P2:test:424,,modus_tollens:valid,37,,60,test,P2,60,16.526885509490967,mt_query_polarity,1,60
1,P2:test:515,,contraposition:invalid,37,,61,test,P2,61,20.80050611309707,cp_direction,1,61
1,P2:test:618,,contraposition:valid,37,,60,test,P2,60,15.079302787780762,cp_antecedent_polarity,1,60
1,P2:test:661,,modus_tollens:invalid,37,,61,test,P2,61,25.832549571990967,mt_fact_polarity,1,61
1,P2:test:130,,contraposition:valid,37,,60,test,P2,60,12.052696228027344,cp_direction,1,60
1,P2:test:478,,contraposition:valid,37,,60,test,P2,60,8.712356567382812,cp_direction,1,60
1,P2:test:698,,modus_tollens:valid,37,,60,test,P2,60,10.669283866882324,mt_rule_direction,1,60
1,P2:test:417,,contraposition:invalid,37,,61,test,P2,61,24.662290573120117,cp_consequent_polarity,1,61
1,P2:test:270,,contraposition:valid,37,,60,test,P2,60,8.619635581970215,cp_antecedent_polarity,1,60
1,P2:test:182,,modus_tollens:valid,37,,60,test,P2,60,20.88511300086975,mt_rule_direction,1,60
1,P2:test:115,,contraposition:invalid,37,,61,test,P2,61,22.20403814315796,cp_antecedent_polarity,1,61
1,P2:test:592,,modus_tollens:valid,37,,60,test,P2,60,13.488713264465332,mt_query_polarity,1,60
1,P2:test:479,,contraposition:invalid,37,,61,test,P2,61,21.2171388566494,cp_direction,1,61
1,P2:test:738,,contraposition:valid,37,,60,test,P2,60,27.4113347530365,cp_antecedent_polarity,1,60
1,P2:test:32,,contraposition:valid,37,,60,test,P2,60,16.63502311706543,cp_consequent_polarity,1,60
1,P2:test:37,,modus_tollens:invalid,37,,61,test,P2,61,25.494821548461914,mt_fact_polarity,1,61
1,P2:test:278,,modus_tollens:valid,37,,60,test,P2,60,11.554914474487305,mt_rule_direction,1,60
1,P2:test:674,,modus_tollens:valid,37,,60,test,P2,60,9.078042984008789,mt_rule_direction,1,60
1,P2:test:669,,contraposition:invalid,37,,61,test,P2,61,24.326526165008545,cp_consequent_polarity,1,61
1,P2:test:614,,modus_tollens:valid,37,,60,test,P2,60,10.13852310180664,mt_rule_direction,1,60
1,P2:test:477,,contraposition:invalid,37,,61,test,P2,61,22.01306414604187,cp_consequent_polarity,1,61
1,P2:test:168,,modus_tollens:valid,37,,60,test,P2,60,13.6240234375,mt_fact_polarity,1,60
1,P2:test:47,,contraposition:invalid,37,,61,test,P2,61,20.80050611309707,cp_direction,1,61
1,P2:test:305,,modus_tollens:invalid,37,,61,test,P2,61,26.0235333442688,mt_query_polarity,1,61
1,P2:test:586,,contraposition:valid,37,,60,test,P2,60,24.122266702353954,cp_direction,1,60
1,P2:test:413,,modus_tollens:invalid,37,,61,test,P2,61,24.80275821685791,mt_query_polarity,1,61
1,P2:test:541,,modus_tollens:invalid,37,,61,test,P2,61,26.889946937561035,mt_fact_polarity,1,61
1,P2:test:490,,contraposition:valid,37,,60,test,P2,60,13.60555648803711,cp_direction,1,60
1,P2:test:423,,modus_tollens:invalid,37,,61,test,P2,61,25.76781129837036,mt_rule_direction,1,61
1,P2:test:93,,contraposition:invalid,37,,61,test,P2,61,10.636856079101562,cp_consequent_polarity,1,61
1,P2:test:489,,contraposition:invalid,37,,61,test,P2,61,24.662290573120117,cp_consequent_polarity,1,61
1,P2:test:12,,modus_tollens:valid,37,,60,test,P2,60,10.991827964782715,mt_fact_polarity,1,60
1,P2:test:4,,modus_tollens:valid,37,,60,test,P2,60,14.010324001312256,mt_query_polarity,1,60
1,P2:test:173,,modus_tollens:invalid,37,,61,test,P2,61,25.63628578186035,mt_query_polarity,1,61
1,P2:test:739,,contraposition:invalid,37,,61,test,P2,61,19.606634791009128,cp_antecedent_polarity,1,61
1,P2:test:292,,modus_tollens:valid,37,,60,test,P2,60,11.825346946716309,mt_query_polarity,1,60
1,P2:test:570,,contraposition:valid,37,,60,test,P2,60,11.459739685058594,cp_antecedent_polarity,1,60
1,P2:test:324,,modus_tollens:valid,37,,60,test,P2,60,11.96182918548584,mt_fact_polarity,1,60
1,P2:test:334,,contraposition:valid,37,,60,test,P2,60,21.97036874294281,cp_direction,1,60
1,P2:test:758,,modus_tollens:valid,37,,60,test,P2,60,13.73779821395874,mt_rule_direction,1,60
1,P2:test:288,,modus_tollens:valid,37,,60,test,P2,60,11.255303382873535,mt_fact_polarity,1,60
1,P2:test:483,,modus_tollens:invalid,37,,61,test,P2,61,14.96166706085205,mt_rule_direction,1,61
1,P2:test:224,,contraposition:valid,37,,60,test,P2,60,22.59793657064438,cp_consequent_polarity,1,60
1,P2:test:605,,modus_tollens:invalid,37,,61,test,P2,61,24.80275821685791,mt_query_polarity,1,61
1,P2:test:43,,contraposition:invalid,37,,61,test,P2,61,11.95801067352295,cp_antecedent_polarity,1,61
1,P2:test:39,,modus_tollens:invalid,37,,61,test,P2,61,9.735380172729492,mt_rule_direction,1,61
1,P2:test:65,,modus_tollens:invalid,37,,61,test,P2,61,25.093262195587158,mt_query_polarity,1,61
1,P2:test:763,,contraposition:invalid,37,,61,test,P2,61,25.260951042175293,cp_antecedent_polarity,1,61
1,P2:test:110,,modus_tollens:valid,37,,60,test,P2,60,23.012137055397034,mt_rule_direction,1,60
1,P2:test:480,,modus_tollens:valid,37,,60,test,P2,60,13.6240234375,mt_fact_polarity,1,60
1,P2:test:58,,contraposition:valid,37,,60,test,P2,60,19.419265747070312,cp_direction,1,60
1,P2:test:457,,modus_tollens:invalid,37,,61,test,P2,61,13.02832555770874,mt_fact_polarity,1,61
1,P2:test:227,,contraposition:invalid,37,,61,test,P2,61,23.57240056991577,cp_direction,1,61
1,P2:test:444,,modus_tollens:valid,37,,60,test,P2,60,10.763371467590332,mt_fact_polarity,1,60
1,P2:test:106,,contraposition:valid,37,,60,test,P2,60,10.633795738220215,cp_direction,1,60
1,P2:test:565,,modus_tollens:invalid,37,,61,test,P2,61,25.456684112548828,mt_fact_polarity,1,61
1,P2:test:395,,contraposition:invalid,37,,61,test,P2,61,14.878256797790527,cp_direction,1,61
1,P2:test:666,,contraposition:valid,37,,60,test,P2,60,24.635776534676552,cp_antecedent_polarity,1,60
1,P2:test:384,,modus_tollens:valid,37,,60,test,P2,60,13.780673503875732,mt_fact_polarity,1,60
1,P2:test:204,,modus_tollens:valid,37,,60,test,P2,60,15.709403038024902,mt_fact_polarity,1,60
1,P2:test:348,,modus_tollens:valid,37,,60,test,P2,60,16.545594692230225,mt_fact_polarity,1,60
1,P2:test:481,,modus_tollens:invalid,37,,61,test,P2,61,17.97701334953308,mt_fact_polarity,1,61
1,P2:test:119,,contraposition:invalid,37,,61,test,P2,61,18.97263813018799,cp_direction,1,61
1,P2:test:645,,contraposition:invalid,37,,61,test,P2,61,19.768165178596973,cp_consequent_polarity,1,61
1,P2:test:361,,modus_tollens:invalid,37,,61,test,P2,61,21.87035071849823,mt_fact_polarity,1,61
1,P2:test:499,,contraposition:invalid,37,,61,test,P2,61,15.338077068328857,cp_antecedent_polarity,1,61
1,P2:test:474,,contraposition:valid,37,,60,test,P2,60,17.724822998046875,cp_antecedent_polarity,1,60
1,P2:test:254,,modus_tollens:valid,37,,60,test,P2,60,14.70646858215332,mt_rule_direction,1,60
1,P2:test:676,,modus_tollens:valid,37,,60,test,P2,60,19.530550479888916,mt_query_polarity,1,60
1,P2:test:641,,modus_tollens:invalid,37,,61,test,P2,61,25.44014024734497,mt_query_polarity,1,61
1,P2:test:682,,contraposition:valid,37,,60,test,P2,60,13.980724811553955,cp_direction,1,60
1,P2:test:284,,contraposition:valid,37,,60,test,P2,60,13.693817138671875,cp_consequent_polarity,1,60
1,P2:test:238,,contraposition:valid,37,,60,test,P2,60,14.047686100006104,cp_direction,1,60
1,P2:test:249,,contraposition:invalid,37,,61,test,P2,61,15.218433141708374,cp_consequent_polarity,1,61
1,P2:test:366,,contraposition:valid,37,,60,test,P2,60,13.904036521911621,cp_antecedent_polarity,1,60
1,P2:test:22,,contraposition:valid,37,,60,test,P2,60,20.712892293930054,cp_direction,1,60
1,P2:test:564,,modus_tollens:valid,37,,60,test,P2,60,13.780673503875732,mt_fact_polarity,1,60
1,P2:test:188,,contraposition:valid,37,,60,test,P2,60,8.859772682189941,cp_consequent_polarity,1,60
1,P2:test:70,,contraposition:valid,37,,60,test,P2,60,24.198577284812927,cp_direction,1,60
1,P2:test:83,,contraposition:invalid,37,,61,test,P2,61,11.847171783447266,cp_direction,1,61
1,P2:test:129,,contraposition:invalid,37,,61,test,P2,61,21.361655175685883,cp_consequent_polarity,1,61
1,P2:test:595,,contraposition:invalid,37,,61,test,P2,61,10.301816463470459,cp_antecedent_polarity,1,61
1,P2:test:60,,modus_tollens:valid,37,,60,test,P2,60,10.15083122253418,mt_fact_polarity,1,60
1,P2:test:312,,modus_tollens:valid,37,,60,test,P2,60,15.652163028717041,mt_fact_polarity,1,60
1,P2:test:109,,modus_tollens:invalid,37,,61,test,P2,61,25.984997272491455,mt_fact_polarity,1,61
1,P2:test:289,,modus_tollens:invalid,37,,61,test,P2,61,23.7277774810791,mt_fact_polarity,1,61
1,P2:test:96,,modus_tollens:valid,37,,60,test,P2,60,9.858292579650879,mt_fact_polarity,1,60
1,P2:test:622,,contraposition:valid,37,,60,test,P2,60,13.407061576843262,cp_direction,1,60
1,P2:test:91,,contraposition:invalid,37,,61,test,P2,61,25.51236057281494,cp_antecedent_polarity,1,61
1,P2:test:562,,contraposition:valid,37,,60,test,P2,60,9.77115249633789,cp_direction,1,60
1,P2:test:73,,modus_tollens:invalid,37,,61,test,P2,61,25.65648126602173,mt_fact_polarity,1,61
1,P2:test:689,,modus_tollens:invalid,37,,61,test,P2,61,22.72008490562439,mt_query_polarity,1,61
1,P2:test:6,,contraposition:valid,37,,60,test,P2,60,13.407061576843262,cp_antecedent_polarity,1,60
1,P2:test:568,,modus_tollens:valid,37,,60,test,P2,60,15.337156295776367,mt_query_polarity,1,60
1,P2:test:521,,modus_tollens:invalid,37,,61,test,P2,61,25.76859951019287,mt_query_polarity,1,61
1,P2:test:220,,modus_tollens:valid,37,,60,test,P2,60,19.45448064804077,mt_query_polarity,1,60
1,P2:test:401,,modus_tollens:invalid,37,,61,test,P2,61,20.548982799053192,mt_query_polarity,1,61
1,P2:test:291,,modus_tollens:invalid,37,,61,test,P2,61,13.655570030212402,mt_rule_direction,1,61
1,P2:test:705,,contraposition:invalid,37,,61,test,P2,61,21.59475266933441,cp_consequent_polarity,1,61
1,P2:test:587,,contraposition:invalid,37,,61,test,P2,61,9.959521293640137,cp_direction,1,61
1,P2:test:668,,contraposition:valid,37,,60,test,P2,60,20.588380336761475,cp_consequent_polarity,1,60
1,P2:test:155,,contraposition:invalid,37,,61,test,P2,61,9.88046932220459,cp_direction,1,61
1,P2:test:351,,modus_tollens:invalid,37,,61,test,P2,61,25.875065803527832,mt_rule_direction,1,61
1,P2:test:750,,contraposition:valid,37,,60,test,P2,60,9.739151954650879,cp_antecedent_polarity,1,60
1,P2:test:180,,modus_tollens:valid,37,,60,test,P2,60,15.035467147827148,mt_fact_polarity,1,60
1,P2:test:504,,modus_tollens:valid,37,,60,test,P2,60,14.285384178161621,mt_fact_polarity,1,60
1,P2:test:421,,modus_tollens:invalid,37,,61,test,P2,61,23.218546152114868,mt_fact_polarity,1,61
1,P2:test:719,,contraposition:invalid,37,,61,test,P2,61,15.322154998779297,cp_direction,1,61
1,P2:test:533,,modus_tollens:invalid,37,,61,test,P2,61,26.122640132904053,mt_query_polarity,1,61
1,P2:test:67,,contraposition:invalid,37,,61,test,P2,61,15.815430879592896,cp_antecedent_polarity,1,61
1,P2:test:735,,modus_tollens:invalid,37,,61,test,P2,61,25.092994689941406,mt_rule_direction,1,61
1,P2:test:230,,modus_tollens:valid,37,,60,test,P2,60,20.93083643913269,mt_rule_direction,1,60
1,P2:test:345,,contraposition:invalid,37,,61,test,P2,61,15.621376037597656,cp_consequent_polarity,1,61
1,P2:test:531,,modus_tollens:invalid,37,,61,test,P2,61,25.892096519470215,mt_rule_direction,1,61
1,P2:test:318,,contraposition:valid,37,,60,test,P2,60,16.127368927001953,cp_antecedent_polarity,1,60
1,P2:test:200,,contraposition:valid,37,,60,test,P2,60,19.882866144180298,cp_consequent_polarity,1,60
1,P2:test:89,,modus_tollens:invalid,37,,61,test,P2,61,26.82587432861328,mt_query_polarity,1,61
1,P2:test:132,,modus_tollens:valid,37,,60,test,P2,60,14.567419528961182,mt_fact_polarity,1,60
1,P2:test:223,,contraposition:invalid,37,,61,test,P2,61,22.84807014465332,cp_antecedent_polarity,1,61
1,P2:test:461,,modus_tollens:invalid,37,,61,test,P2,61,25.906250953674316,mt_query_polarity,1,61
1,P2:test:699,,modus_tollens:invalid,37,,61,test,P2,61,9.013550758361816,mt_rule_direction,1,61
1,P2:test:703,,contraposition:invalid,37,,61,test,P2,61,21.676128387451172,cp_antecedent_polarity,1,61
1,P2:test:598,,contraposition:valid,37,,60,test,P2,60,15.543249130249023,cp_direction,1,60
1,P2:test:151,,contraposition:invalid,37,,61,test,P2,61,27.649982452392578,cp_antecedent_polarity,1,61
1,P2:test:754,,contraposition:valid,37,,60,test,P2,60,20.67046070098877,cp_direction,1,60
1,P2:test:320,,contraposition:valid,37,,60,test,P2,60,23.548115730285645,cp_consequent_polarity,1,60
1,P2:test:339,,modus_tollens:invalid,37,,61,test,P2,61,9.714045524597168,mt_rule_direction,1,61
1,P2:test:77,,modus_tollens:invalid,37,,61,test,P2,61,17.94230628013611,mt_query_polarity,1,61
1,P2:test:506,,modus_tollens:valid,37,,60,test,P2,60,25.14752447605133,mt_rule_direction,1,60
1,P2:test:234,,contraposition:valid,37,,60,test,P2,60,11.459739685058594,cp_antecedent_polarity,1,60
1,P2:test:525,,contraposition:invalid,37,,61,test,P2,61,22.0211900472641,cp_consequent_polarity,1,61
1,P2:test:653,,modus_tollens:invalid,37,,61,test,P2,61,26.8116397857666,mt_query_polarity,1,61
1,P2:test:475,,contraposition:invalid,37,,61,test,P2,61,22.68121838569641,cp_antecedent_polarity,1,61
1,P2:test:266,,modus_tollens:valid,37,,60,test,P2,60,14.278672218322754,mt_rule_direction,1,60
1,P2:test:367,,contraposition:invalid,37,,61,test,P2,61,19.212259769439697,cp_antecedent_polarity,1,61
1,P2:test:755,,contraposition:invalid,37,,61,test,P2,61,15.215818881988525,cp_direction,1,61
1,P2:test:468,,modus_tollens:valid,37,,60,test,P2,60,21.318718433380127,mt_fact_polarity,1,60
1,P2:test:712,,modus_tollens:valid,37,,60,test,P2,60,12.37389087677002,mt_query_polarity,1,60
1,P2:test:560,,contraposition:valid,37,,60,test,P2,60,18.219995975494385,cp_consequent_polarity,1,60
1,P2:test:171,,modus_tollens:invalid,37,,61,test,P2,61,17.759424209594727,mt_rule_direction,1,61
1,P2:test:337,,modus_tollens:invalid,37,,61,test,P2,61,24.957618236541748,mt_fact_polarity,1,61
1,P2:test:450,,contraposition:valid,37,,60,test,P2,60,9.41635513305664,cp_antecedent_polarity,1,60
1,P2:test:621,,contraposition:invalid,37,,61,test,P2,61,19.846578676253557,cp_consequent_polarity,1,61
1,P2:test:215,,contraposition:invalid,37,,61,test,P2,61,18.077287912368774,cp_direction,1,61
1,P2:test:102,,contraposition:valid,37,,60,test,P2,60,22.38792848587036,cp_antecedent_polarity,1,60
1,P2:test:740,,contraposition:valid,37,,60,test,P2,60,20.67046070098877,cp_consequent_polarity,1,60
1,P2:test:181,,modus_tollens:invalid,37,,61,test,P2,61,25.48390293121338,mt_fact_polarity,1,61
1,P2:test:178,,contraposition:valid,37,,60,test,P2,60,21.768757820129395,cp_direction,1,60
1,P2:test:488,,contraposition:valid,37,,60,test,P2,60,19.419265747070312,cp_consequent_polarity,1,60
1,P2:test:700,,modus_tollens:valid,37,,60,test,P2,60,13.6240234375,mt_query_polarity,1,60
1,P2:test:440,,contraposition:valid,37,,60,test,P2,60,20.712892293930054,cp_consequent_polarity,1,60
1,P2:test:209,,modus_tollens:invalid,37,,61,test,P2,61,24.204079151153564,mt_query_polarity,1,61
1,P2:test:269,,modus_tollens:invalid,37,,61,test,P2,61,23.791025638580322,mt_query_polarity,1,61
1,P2:test:583,,contraposition:invalid,37,,61,test,P2,61,20.384455502033234,cp_antecedent_polarity,1,61
1,P2:test:81,,contraposition:invalid,37,,61,test,P2,61,24.197019577026367,cp_consequent_polarity,1,61
1,P2:test:127,,contraposition:invalid,37,,61,test,P2,61,9.061522483825684,cp_antecedent_polarity,1,61
1,P2:test:460,,modus_tollens:valid,37,,60,test,P2,60,19.382838249206543,mt_query_polarity,1,60
1,P2:test:329,,modus_tollens:invalid,37,,61,test,P2,61,22.848848581314087,mt_query_polarity,1,61
1,P2:test:185,,modus_tollens:invalid,37,,61,test,P2,61,26.0235333442688,mt_query_polarity,1,61
1,P2:test:347,,contraposition:invalid,37,,61,test,P2,61,14.191279888153076,cp_direction,1,61
1,P2:test:726,,contraposition:valid,37,,60,test,P2,60,9.491939544677734,cp_antecedent_polarity,1,60
1,P2:test:551,,contraposition:invalid,37,,61,test,P2,61,11.15925407409668,cp_direction,1,61
1,P2:test:71,,contraposition:invalid,37,,61,test,P2,61,17.878241062164307,cp_direction,1,61
1,P2:test:259,,contraposition:invalid,37,,61,test,P2,61,25.266658306121826,cp_antecedent_polarity,1,61
1,P2:test:544,,modus_tollens:valid,37,,60,test,P2,60,9.858292579650879,mt_query_polarity,1,60
1,P2:test:158,,modus_tollens:valid,37,,60,test,P2,60,14.101408004760742,mt_rule_direction,1,60
1,P2:test:265,,modus_tollens:invalid,37,,61,test,P2,61,19.234044313430786,mt_fact_polarity,1,61
1,P2:test:306,,contraposition:valid,37,,60,test,P2,60,17.724822998046875,cp_antecedent_polarity,1,60
1,P2:test:709,,modus_tollens:invalid,37,,61,test,P2,61,23.491859912872314,mt_fact_polarity,1,61
1,P2:test:486,,contraposition:valid,37,,60,test,P2,60,15.597560405731201,cp_antecedent_polarity,1,60
1,P2:test:487,,contraposition:invalid,37,,61,test,P2,61,22.84807014465332,cp_antecedent_polarity,1,61
1,P2:test:426,,contraposition:valid,37,,60,test,P2,60,12.553559303283691,cp_antecedent_polarity,1,60
1,P2:test:648,,modus_tollens:valid,37,,60,test,P2,60,12.570290565490723,mt_fact_polarity,1,60
1,P2:test:610,,contraposition:valid,37,,60,test,P2,60,20.364399909973145,cp_direction,1,60
1,P2:test:274,,contraposition:valid,37,,60,test,P2,60,9.241233825683594,cp_direction,1,60
1,P2:test:667,,contraposition:invalid,37,,61,test,P2,61,15.337236881256104,cp_antecedent_polarity,1,61
1,P2:test:556,,modus_tollens:valid,37,,60,test,P2,60,16.347930908203125,mt_query_polarity,1,60
1,P2:test:61,,modus_tollens:invalid,37,,61,test,P2,61,22.631551504135132,mt_fact_polarity,1,61
1,P2:test:314,,modus_tollens:valid,37,,60,test,P2,60,12.156719207763672,mt_rule_direction,1,60
1,P2:test:354,,contraposition:valid,37,,60,test,P2,60,12.379704475402832,cp_antecedent_polarity,1,60
1,P2:test:253,,modus_tollens:invalid,37,,61,test,P2,61,19.783010482788086,mt_fact_polarity,1,61
1,P2:test:16,,modus_tollens:valid,37,,60,test,P2,60,13.16769790649414,mt_query_polarity,1,60
1,P2:test:196,,modus_tollens:valid,37,,60,test,P2,60,15.049932479858398,mt_query_polarity,1,60
1,P2:test:435,,modus_tollens:invalid,37,,61,test,P2,61,11.936587810516357,mt_rule_direction,1,61
1,P2:test:599,,contraposition:invalid,37,,61,test,P2,61,9.183964729309082,cp_direction,1,61
1,P2:test:293,,modus_tollens:invalid,37,,61,test,P2,61,20.656755566596985,mt_query_polarity,1,61
1,P2:test:492,,modus_tollens:valid,37,,60,test,P2,60,11.790082931518555,mt_fact_polarity,1,60
1,P2:test:294,,contraposition:valid,37,,60,test,P2,60,15.597560405731201,cp_antecedent_polarity,1,60
1,P2:test:95,,contraposition:invalid,37,,61,test,P2,61,12.600704669952393,cp_direction,1,61
1,P2:test:620,,contraposition:valid,37,,60,test,P2,60,9.491939544677734,cp_consequent_polarity,1,60
1,P2:test:399,,modus_tollens:invalid,37,,61,test,P2,61,15.926467180252075,mt_rule_direction,1,61
1,P2:test:673,,modus_tollens:invalid,37,,61,test,P2,61,25.954819202423096,mt_fact_polarity,1,61
1,P2:test:321,,contraposition:invalid,37,,61,test,P2,61,11.845169067382812,cp_consequent_polarity,1,61
1,P2:test:379,,contraposition:invalid,37,,61,test,P2,61,19.858323335647583,cp_antecedent_polarity,1,61
1,P2:test:745,,modus_tollens:invalid,37,,61,test,P2,61,25.601292610168457,mt_fact_polarity,1,61
1,P2:test:572,,contraposition:valid,37,,60,test,P2,60,11.405294418334961,cp_consequent_polarity,1,60
1,P2:test:242,,modus_tollens:valid,37,,60,test,P2,60,12.156719207763672,mt_rule_direction,1,60
1,P2:test:256,,modus_tollens:valid,37,,60,test,P2,60,14.087306022644043,mt_query_polarity,1,60
1,P2:test:518,,modus_tollens:valid,37,,60,test,P2,60,24.44349193572998,mt_rule_direction,1,60
1,P2:test:225,,contraposition:invalid,37,,61,test,P2,61,23.77752423286438,cp_consequent_polarity,1,61
1,P2:test:3,,modus_tollens:invalid,37,,61,test,P2,61,10.796140670776367,mt_rule_direction,1,61
1,P2:test:207,,modus_tollens:invalid,37,,61,test,P2,61,8.629935264587402,mt_rule_direction,1,61
1,P2:test:729,,contraposition:invalid,37,,61,test,P2,61,20.884112119674683,cp_consequent_polarity,1,61
1,P2:test:633,,contraposition:invalid,37,,61,test,P2,61,24.345953226089478,cp_consequent_polarity,1,61
1,P2:test:702,,contraposition:valid,37,,60,test,P2,60,23.825735092163086,cp_antecedent_polarity,1,60
1,P2:test:701,,modus_tollens:invalid,37,,61,test,P2,61,25.53081226348877,mt_query_polarity,1,61
1,P2:test:548,,contraposition:valid,37,,60,test,P2,60,14.047686100006104,cp_consequent_polarity,1,60
1,P2:test:141,,contraposition:invalid,37,,61,test,P2,61,19.98729906231165,cp_consequent_polarity,1,61
1,P2:test:409,,modus_tollens:invalid,37,,61,test,P2,61,26.223201274871826,mt_fact_polarity,1,61
1,P2:test:733,,modus_tollens:invalid,37,,61,test,P2,61,25.518949508666992,mt_fact_polarity,1,61
1,P2:test:268,,modus_tollens:valid,37,,60,test,P2,60,24.44349193572998,mt_query_polarity,1,60
1,P2:test:260,,contraposition:valid,37,,60,test,P2,60,20.588380336761475,cp_consequent_polarity,1,60
1,P2:test:455,,contraposition:invalid,37,,61,test,P2,61,14.379779815673828,cp_direction,1,61
1,P2:test:502,,contraposition:valid,37,,60,test,P2,60,26.469008445739746,cp_direction,1,60
1,P2:test:144,,modus_tollens:valid,37,,60,test,P2,60,21.061604022979736,mt_fact_polarity,1,60
1,P2:test:496,,modus_tollens:valid,37,,60,test,P2,60,10.871481895446777,mt_query_polarity,1,60
1,P2:test:637,,modus_tollens:invalid,37,,61,test,P2,61,25.626914501190186,mt_fact_polarity,1,61
1,P2:test:721,,modus_tollens:invalid,37,,61,test,P2,61,26.680403232574463,mt_fact_polarity,1,61
1,P2:test:520,,modus_tollens:valid,37,,60,test,P2,60,22.569133520126343,mt_query_polarity,1,60
1,P2:test:231,,modus_tollens:invalid,37,,61,test,P2,61,12.193289756774902,mt_rule_direction,1,61
1,P2:test:275,,contraposition:invalid,37,,61,test,P2,61,25.429415702819824,cp_direction,1,61
1,P2:test:451,,contraposition:invalid,37,,61,test,P2,61,19.858323335647583,cp_antecedent_polarity,1,61
1,P2:test:547,,contraposition:invalid,37,,61,test,P2,61,21.771910905838013,cp_antecedent_polarity,1,61
1,P2:test:418,,contraposition:valid,37,,60,test,P2,60,12.297178268432617,cp_direction,1,60
1,P2:test:139,,contraposition:invalid,37,,61,test,P2,61,25.266658306121826,cp_antecedent_polarity,1,61
1,P2:test:433,,modus_tollens:invalid,37,,61,test,P2,61,19.866658121347427,mt_fact_polarity,1,61
1,P2:test:28,,modus_tollens:valid,37,,60,test,P2,60,14.775469779968262,mt_query_polarity,1,60
1,P2:test:124,,modus_tollens:valid,37,,60,test,P2,60,15.652163028717041,mt_query_polarity,1,60
1,P2:test:343,,contraposition:invalid,37,,61,test,P2,61,24.995673656463623,cp_antecedent_polarity,1,61
1,P2:test:542,,modus_tollens:valid,37,,60,test,P2,60,23.012137055397034,mt_rule_direction,1,60
1,P2:test:131,,contraposition:invalid,37,,61,test,P2,61,5.217103004455566,cp_direction,1,61
1,P2:test:349,,modus_tollens:invalid,37,,61,test,P2,61,25.71701192855835,mt_fact_polarity,1,61
1,P2:test:315,,modus_tollens:invalid,37,,61,test,P2,61,9.244890213012695,mt_rule_direction,1,61
1,P2:test:683,,contraposition:invalid,37,,61,test,P2,61,14.61518907546997,cp_direction,1,61
1,P2:test:751,,contraposition:invalid,37,,61,test,P2,61,23.329869270324707,cp_antecedent_polarity,1,61
1,P2:test:550,,contraposition:valid,37,,60,test,P2,60,23.191107511520386,cp_direction,1,60
1,P2:test:111,,modus_tollens:invalid,37,,61,test,P2,61,7.745582580566406,mt_rule_direction,1,61
1,P2:test:327,,modus_tollens:invalid,37,,61,test,P2,61,12.062440395355225,mt_rule_direction,1,61
1,P2:test:121,,modus_tollens:invalid,37,,61,test,P2,61,17.959821939468384,mt_fact_polarity,1,61
1,P2:test:588,,modus_tollens:valid,37,,60,test,P2,60,20.995758056640625,mt_fact_polarity,1,60
1,P2:test:728,,contraposition:valid,37,,60,test,P2,60,23.825735092163086,cp_consequent_polarity,1,60
1,P2:test:257,,modus_tollens:invalid,37,,61,test,P2,61,25.883915901184082,mt_query_polarity,1,61
1,P2:test:192,,modus_tollens:valid,37,,60,test,P2,60,15.413503646850586,mt_fact_polarity,1,60
1,P2:test:107,,contraposition:invalid,37,,61,test,P2,61,11.15925407409668,cp_direction,1,61
1,P2:test:428,,contraposition:valid,37,,60,test,P2,60,13.180749893188477,cp_consequent_polarity,1,60
1,P2:test:578,,modus_tollens:valid,37,,60,test,P2,60,23.07870101928711,mt_rule_direction,1,60
1,P2:test:406,,contraposition:valid,37,,60,test,P2,60,13.904036521911621,cp_direction,1,60
1,P2:test:105,,contraposition:invalid,37,,61,test,P2,61,18.058459758758545,cp_consequent_polarity,1,61
1,P2:test:760,,modus_tollens:valid,37,,60,test,P2,60,11.623063087463379,mt_query_polarity,1,60
1,P2:test:670,,contraposition:valid,37,,60,test,P2,60,15.543249130249023,cp_direction,1,60
1,P2:test:514,,contraposition:valid,37,,60,test,P2,60,14.005789279937744,cp_direction,1,60
1,P2:test:136,,modus_tollens:valid,37,,60,test,P2,60,9.1016206741333,mt_query_polarity,1,60
1,P2:test:309,,contraposition:invalid,37,,61,test,P2,61,18.22642707824707,cp_consequent_polarity,1,61
1,P2:test:56,,contraposition:valid,37,,60,test,P2,60,11.084816932678223,cp_consequent_polarity,1,60
1,P2:test:150,,contraposition:valid,37,,60,test,P2,60,8.859772682189941,cp_antecedent_polarity,1,60
1,P2:test:84,,modus_tollens:valid,37,,60,test,P2,60,11.554914474487305,mt_fact_polarity,1,60
1,P2:test:146,,modus_tollens:valid,37,,60,test,P2,60,10.763371467590332,mt_rule_direction,1,60
1,P2:test:164,,contraposition:valid,37,,60,test,P2,60,11.459087371826172,cp_consequent_polarity,1,60
1,P2:test:262,,contraposition:valid,37,,60,test,P2,60,13.693817138671875,cp_direction,1,60
1,P2:test:78,,contraposition:valid,37,,60,test,P2,60,9.491939544677734,cp_antecedent_polarity,1,60
1,P2:test:163,,contraposition:invalid,37,,61,test,P2,61,23.574540853500366,cp_antecedent_polarity,1,61
1,P2:test:498,,contraposition:valid,37,,60,test,P2,60,12.297178268432617,cp_antecedent_polarity,1,60
1,P2:test:193,,modus_tollens:invalid,37,,61,test,P2,61,25.583980083465576,mt_fact_polarity,1,61
1,P2:test:385,,modus_tollens:invalid,37,,61,test,P2,61,25.579407215118408,mt_fact_polarity,1,61
1,P2:test:606,,contraposition:valid,37,,60,test,P2,60,25.695703983306885,cp_antecedent_polarity,1,60
1,P2:test:663,,modus_tollens:invalid,37,,61,test,P2,61,24.88986349105835,mt_rule_direction,1,61
1,P2:test:613,,modus_tollens:invalid,37,,61,test,P2,61,24.390414714813232,mt_fact_polarity,1,61
1,P2:test:251,,contraposition:invalid,37,,61,test,P2,61,18.213780999183655,cp_direction,1,61
1,P2:test:298,,contraposition:valid,37,,60,test,P2,60,26.2608904838562,cp_direction,1,60
1,P2:test:546,,contraposition:valid,37,,60,test,P2,60,27.81421208381653,cp_antecedent_polarity,1,60
1,P2:test:591,,modus_tollens:invalid,37,,61,test,P2,61,26.277772426605225,mt_rule_direction,1,61
1,P2:test:331,,contraposition:invalid,37,,61,test,P2,61,17.661137878894806,cp_antecedent_polarity,1,61
1,P2:test:557,,modus_tollens:invalid,37,,61,test,P2,61,19.01810586452484,mt_query_polarity,1,61
1,P2:test:319,,contraposition:invalid,37,,61,test,P2,61,22.84807014465332,cp_antecedent_polarity,1,61
1,P2:test:458,,modus_tollens:valid,37,,60,test,P2,60,13.6240234375,mt_rule_direction,1,60
1,P2:test:328,,modus_tollens:valid,37,,60,test,P2,60,14.848738670349121,mt_query_polarity,1,60
1,P2:test:340,,modus_tollens:valid,37,,60,test,P2,60,10.037071228027344,mt_query_polarity,1,60
1,P2:test:9,,contraposition:invalid,37,,61,test,P2,61,21.359386682510376,cp_consequent_polarity,1,61
1,P2:test:608,,contraposition:valid,37,,60,test,P2,60,19.419265747070312,cp_consequent_polarity,1,60
1,P2:test:590,,modus_tollens:valid,37,,60,test,P2,60,20.704745292663574,mt_rule_direction,1,60
1,P2:test:92,,contraposition:valid,37,,60,test,P2,60,20.67046070098877,cp_consequent_polarity,1,60
1,P2:test:101,,modus_tollens:invalid,37,,61,test,P2,61,26.122640132904053,mt_query_polarity,1,61
1,P2:test:44,,contraposition:valid,37,,60,test,P2,60,9.72515869140625,cp_consequent_polarity,1,60
1,P2:test:634,,contraposition:valid,37,,60,test,P2,60,10.633795738220215,cp_direction,1,60
1,P2:test:630,,contraposition:valid,37,,60,test,P2,60,16.058687210083008,cp_antecedent_polarity,1,60
1,P2:test:64,,modus_tollens:valid,37,,60,test,P2,60,14.285384178161621,mt_query_polarity,1,60
1,P2:test:687,,modus_tollens:invalid,37,,61,test,P2,61,11.161536693572998,mt_rule_direction,1,61
1,P2:test:88,,modus_tollens:valid,37,,60,test,P2,60,8.712015151977539,mt_query_polarity,1,60
1,P2:test:626,,modus_tollens:valid,37,,60,test,P2,60,19.530550479888916,mt_rule_direction,1,60
1,P2:test:167,,contraposition:invalid,37,,61,test,P2,61,9.851079940795898,cp_direction,1,61
1,P2:test:41,,modus_tollens:invalid,37,,61,test,P2,61,26.135918617248535,mt_query_polarity,1,61
1,P2:test:142,,contraposition:valid,37,,60,test,P2,60,18.02287244796753,cp_direction,1,60
1,P2:test:759,,modus_tollens:invalid,37,,61,test,P2,61,25.0981707572937,mt_rule_direction,1,61
1,P2:test:303,,modus_tollens:invalid,37,,61,test,P2,61,25.000407218933105,mt_rule_direction,1,61
1,P2:test:10,,contraposition:valid,37,,60,test,P2,60,17.57553195953369,cp_direction,1,60
1,P2:test:416,,contraposition:valid,37,,60,test,P2,60,12.949748039245605,cp_consequent_polarity,1,60
1,P2:test:510,,contraposition:valid,37,,60,test,P2,60,24.122266702353954,cp_antecedent_polarity,1,60
1,P2:test:125,,modus_tollens:invalid,37,,61,test,P2,61,26.511690139770508,mt_query_polarity,1,61
1,P2:test:466,,contraposition:valid,37,,60,test,P2,60,8.712356567382812,cp_direction,1,60
1,P2:test:358,,contraposition:valid,37,,60,test,P2,60,27.81421208381653,cp_direction,1,60
1,P2:test:341,,modus_tollens:invalid,37,,61,test,P2,61,26.12459421157837,mt_query_polarity,1,61
1,P2:test:46,,contraposition:valid,37,,60,test,P2,60,9.72515869140625,cp_direction,1,60
1,P2:test:310,,contraposition:valid,37,,60,test,P2,60,18.219995975494385,cp_direction,1,60
1,P2:test:404,,contraposition:valid,37,,60,test,P2,60,13.407061576843262,cp_consequent_polarity,1,60
1,P2:test:153,,contraposition:invalid,37,,61,test,P2,61,24.215904712677002,cp_consequent_polarity,1,61
1,P2:test:688,,modus_tollens:valid,37,,60,test,P2,60,14.385898113250732,mt_query_polarity,1,60
1,P2:test:398,,modus_tollens:valid,37,,60,test,P2,60,10.13852310180664,mt_rule_direction,1,60
1,P2:test:456,,modus_tollens:valid,37,,60,test,P2,60,21.674516201019287,mt_fact_polarity,1,60
1,P2:test:239,,contraposition:invalid,37,,61,test,P2,61,7.421905517578125,cp_direction,1,61
1,P2:test:657,,contraposition:invalid,37,,61,test,P2,61,24.009106874465942,cp_consequent_polarity,1,61
1,P2:test:34,,contraposition:valid,37,,60,test,P2,60,19.344520568847656,cp_direction,1,60
1,P2:test:25,,modus_tollens:invalid,37,,61,test,P2,61,25.37177085876465,mt_fact_polarity,1,61
1,P2:test:422,,modus_tollens:valid,37,,60,test,P2,60,15.049932479858398,mt_rule_direction,1,60
1,P2:test:233,,modus_tollens:invalid,37,,61,test,P2,61,21.194472908973694,mt_query_polarity,1,61
1,P2:test:600,,modus_tollens:valid,37,,60,test,P2,60,24.44349193572998,mt_fact_polarity,1,60
1,P2:test:174,,contraposition:valid,37,,60,test,P2,60,15.083444595336914,cp_antecedent_polarity,1,60
1,P2:test:737,,modus_tollens:invalid,37,,61,test,P2,61,26.51703643798828,mt_query_polarity,1,61
1,P2:test:429,,contraposition:invalid,37,,61,test,P2,61,21.392940640449524,cp_consequent_polarity,1,61
1,P2:test:584,,contraposition:valid,37,,60,test,P2,60,11.351848602294922,cp_consequent_polarity,1,60
1,P2:test:415,,contraposition:invalid,37,,61,test,P2,61,19.069890648126602,cp_antecedent_polarity,1,61
1,P2:test:405,,contraposition:invalid,37,,61,test,P2,61,19.08099138736725,cp_consequent_polarity,1,61
1,P2:test:602,,modus_tollens:valid,37,,60,test,P2,60,20.93083643913269,mt_rule_direction,1,60
1,P2:test:500,,contraposition:valid,37,,60,test,P2,60,15.174601554870605,cp_consequent_polarity,1,60
1,P2:test:187,,contraposition:invalid,37,,61,test,P2,61,19.71480894088745,cp_antecedent_polarity,1,61
1,P2:test:152,,contraposition:valid,37,,60,test,P2,60,19.344520568847656,cp_consequent_polarity,1,60
1,P2:test:431,,contraposition:invalid,37,,61,test,P2,61,15.247128009796143,cp_direction,1,61
1,P2:test:664,,modus_tollens:valid,37,,60,test,P2,60,20.67928719520569,mt_query_polarity,1,60
1,P2:test:103,,contraposition:invalid,37,,61,test,P2,61,19.700581550598145,cp_antecedent_polarity,1,61
1,P2:test:697,,modus_tollens:invalid,37,,61,test,P2,61,19.34843385219574,mt_fact_polarity,1,61
1,P2:test:640,,modus_tollens:valid,37,,60,test,P2,60,8.712014198303223,mt_query_polarity,1,60
1,P2:test:390,,contraposition:valid,37,,60,test,P2,60,15.174602031707764,cp_antecedent_polarity,1,60
1,P2:test:632,,contraposition:valid,37,,60,test,P2,60,9.241233825683594,cp_consequent_polarity,1,60
1,P2:test:473,,modus_tollens:invalid,37,,61,test,P2,61,17.94230628013611,mt_query_polarity,1,61
1,P2:test:649,,modus_tollens:invalid,37,,61,test,P2,61,24.550164699554443,mt_fact_polarity,1,61
1,P2:test:162,,contraposition:valid,37,,60,test,P2,60,11.459739685058594,cp_antecedent_polarity,1,60
1,P2:test:635,,contraposition:invalid,37,,61,test,P2,61,12.529334545135498,cp_direction,1,61
1,P2:test:534,,contraposition:valid,37,,60,test,P2,60,9.739151954650879,cp_antecedent_polarity,1,60
1,P2:test:54,,contraposition:valid,37,,60,test,P2,60,9.415485382080078,cp_antecedent_polarity,1,60
1,P2:test:555,,modus_tollens:invalid,37,,61,test,P2,61,11.156970024108887,mt_rule_direction,1,61
1,P2:test:656,,contraposition:valid,37,,60,test,P2,60,25.146696984767914,cp_consequent_polarity,1,60
1,P2:test:650,,modus_tollens:valid,37,,60,test,P2,60,16.676811695098877,mt_rule_direction,1,60
1,P2:test:387,,modus_tollens:invalid,37,,61,test,P2,61,10.945728778839111,mt_rule_direction,1,61
1,P2:test:236,,contraposition:valid,37,,60,test,P2,60,17.724822998046875,cp_consequent_polarity,1,60
1,P2:test:359,,contraposition:invalid,37,,61,test,P2,61,18.461850881576538,cp_direction,1,61
1,P2:test:638,,modus_tollens:valid,37,,60,test,P2,60,12.696314811706543,mt_rule_direction,1,60
1,P2:test:681,,contraposition:invalid,37,,61,test,P2,61,18.058459758758545,cp_consequent_polarity,1,61
1,P2:test:530,,modus_tollens:valid,37,,60,test,P2,60,8.47167682647705,mt_rule_direction,1,60
1,P2:test:527,,contraposition:invalid,37,,61,test,P2,61,12.840436458587646,cp_direction,1,61
1,P2:test:197,,modus_tollens:invalid,37,,61,test,P2,61,25.330349445343018,mt_query_polarity,1,61
1,P2:test:532,,modus_tollens:valid,37,,60,test,P2,60,19.382838249206543,mt_query_polarity,1,60
1,P2:test:581,,modus_tollens:invalid,37,,61,test,P2,61,22.543123722076416,mt_query_polarity,1,61
1,P2:test:45,,contraposition:invalid,37,,61,test,P2,61,25.02204990386963,cp_consequent_polarity,1,61
1,P2:test:114,,contraposition:valid,37,,60,test,P2,60,19.419265747070312,cp_antecedent_polarity,1,60
1,P2:test:523,,contraposition:invalid,37,,61,test,P2,61,20.81567943096161,cp_antecedent_polarity,1,61
1,P2:test:713,,modus_tollens:invalid,37,,61,test,P2,61,25.883915901184082,mt_query_polarity,1,61
1,P2:test:465,,contraposition:invalid,37,,61,test,P2,61,12.671799182891846,cp_consequent_polarity,1,61
1,P2:test:49,,modus_tollens:invalid,37,,61,test,P2,61,19.349647521972656,mt_fact_polarity,1,61
1,P2:test:383,,contraposition:invalid,37,,61,test,P2,61,8.365738868713379,cp_direction,1,61
1,P2:test:50,,modus_tollens:valid,37,,60,test,P2,60,15.256105422973633,mt_rule_direction,1,60
1,P2:test:14,,modus_tollens:valid,37,,60,test,P2,60,11.130086898803711,mt_rule_direction,1,60
1,P2:test:159,,modus_tollens:invalid,37,,61,test,P2,61,9.680644035339355,mt_rule_direction,1,61
1,P2:test:690,,contraposition:valid,37,,60,test,P2,60,17.724822998046875,cp_antecedent_polarity,1,60
1,P2:test:655,,contraposition:invalid,37,,61,test,P2,61,18.23613142967224,cp_antecedent_polarity,1,61
1,P2:test:85,,modus_tollens:invalid,37,,61,test,P2,61,19.34843385219574,mt_fact_polarity,1,61
1,P2:test:646,,contraposition:valid,37,,60,test,P2,60,11.585661888122559,cp_direction,1,60
1,P2:test:766,,contraposition:valid,37,,60,test,P2,60,9.132153511047363,cp_direction,1,60
1,P2:test:213,,contraposition:invalid,37,,61,test,P2,61,23.449790239334106,cp_consequent_polarity,1,61
1,P2:test:301,,modus_tollens:invalid,37,,61,test,P2,61,26.793572425842285,mt_fact_polarity,1,61
1,P2:test:577,,modus_tollens:invalid,37,,61,test,P2,61,25.74681806564331,mt_fact_polarity,1,61
1,P2:test:580,,modus_tollens:valid,37,,60,test,P2,60,14.420277118682861,mt_query_polarity,1,60
1,P2:test:342,,contraposition:valid,37,,60,test,P2,60,27.4113347530365,cp_antecedent_polarity,1,60
1,P2:test:15,,modus_tollens:invalid,37,,61,test,P2,61,9.099895477294922,mt_rule_direction,1,61
1,P2:test:469,,modus_tollens:invalid,37,,61,test,P2,61,20.822871387004852,mt_fact_polarity,1,61
1,P2:test:285,,contraposition:invalid,37,,61,test,P2,61,14.07163143157959,cp_consequent_polarity,1,61
1,P2:test:26,,modus_tollens:valid,37,,60,test,P2,60,15.508007049560547,mt_rule_direction,1,60
1,P2:test:219,,modus_tollens:invalid,37,,61,test,P2,61,10.892887592315674,mt_rule_direction,1,61
1,P2:test:538,,contraposition:valid,37,,60,test,P2,60,7.064018249511719,cp_direction,1,60
1,P2:test:134,,modus_tollens:valid,37,,60,test,P2,60,23.21920359134674,mt_rule_direction,1,60
1,P2:test:519,,modus_tollens:invalid,37,,61,test,P2,61,12.369768142700195,mt_rule_direction,1,61
1,P2:test:53,,modus_tollens:invalid,37,,61,test,P2,61,25.834301948547363,mt_query_polarity,1,61
1,P2:test:710,,modus_tollens:valid,37,,60,test,P2,60,11.623063087463379,mt_rule_direction,1,60
1,P2:test:350,,modus_tollens:valid,37,,60,test,P2,60,12.156719207763672,mt_rule_direction,1,60
1,P2:test:537,,contraposition:invalid,37,,61,test,P2,61,19.812549874186516,cp_consequent_polarity,1,61
1,P2:test:62,,modus_tollens:valid,37,,60,test,P2,60,10.871481895446777,mt_rule_direction,1,60
1,P2:test:19,,contraposition:invalid,37,,61,test,P2,61,22.709975957870483,cp_antecedent_polarity,1,61
1,P2:test:662,,modus_tollens:valid,37,,60,test,P2,60,14.285384178161621,mt_rule_direction,1,60
1,P2:test:526,,contraposition:valid,37,,60,test,P2,60,12.297178268432617,cp_direction,1,60
1,P2:test:5,,modus_tollens:invalid,37,,61,test,P2,61,25.53081226348877,mt_query_polarity,1,61
1,P2:test:644,,contraposition:valid,37,,60,test,P2,60,24.769034445285797,cp_consequent_polarity,1,60
1,P2:test:190,,contraposition:valid,37,,60,test,P2,60,20.877426624298096,cp_direction,1,60
1,P2:test:277,,modus_tollens:invalid,37,,61,test,P2,61,25.877800941467285,mt_fact_polarity,1,61
1,P2:test:437,,modus_tollens:invalid,37,,61,test,P2,61,23.998414516448975,mt_query_polarity,1,61
1,P2:test:31,,contraposition:invalid,37,,61,test,P2,61,23.981131553649902,cp_antecedent_polarity,1,61
1,P2:test:235,,contraposition:invalid,37,,61,test,P2,61,18.47551655769348,cp_antecedent_polarity,1,61
1,P2:test:104,,contraposition:valid,37,,60,test,P2,60,9.739153861999512,cp_consequent_polarity,1,60
1,P2:test:68,,contraposition:valid,37,,60,test,P2,60,17.724822998046875,cp_consequent_polarity,1,60
1,P2:test:38,,modus_tollens:valid,37,,60,test,P2,60,12.37389087677002,mt_rule_direction,1,60
1,P2:test:516,,modus_tollens:valid,37,,60,test,P2,60,20.626383781433105,mt_fact_polarity,1,60
1,P2:test:445,,modus_tollens:invalid,37,,61,test,P2,61,27.36180877685547,mt_fact_polarity,1,61
1,P2:test:232,,modus_tollens:valid,37,,60,test,P2,60,16.625102996826172,mt_query_polarity,1,60
1,P2:test:287,,contraposition:invalid,37,,61,test,P2,61,12.600704669952393,cp_direction,1,61
1,P2:test:752,,contraposition:valid,37,,60,test,P2,60,9.741155624389648,cp_consequent_polarity,1,60
1,P2:test:330,,contraposition:valid,37,,60,test,P2,60,15.079302787780762,cp_antecedent_polarity,1,60
1,P2:test:364,,modus_tollens:valid,37,,60,test,P2,60,20.84989857673645,mt_query_polarity,1,60
1,P2:test:63,,modus_tollens:invalid,37,,61,test,P2,61,22.502450704574585,mt_rule_direction,1,61
1,P2:test:281,,modus_tollens:invalid,37,,61,test,P2,61,24.15770435333252,mt_query_polarity,1,61
1,P2:test:629,,modus_tollens:invalid,37,,61,test,P2,61,26.041998863220215,mt_query_polarity,1,61
1,P2:test:686,,modus_tollens:valid,37,,60,test,P2,60,10.957365989685059,mt_rule_direction,1,60
1,P2:test:322,,contraposition:valid,37,,60,test,P2,60,21.768757820129395,cp_direction,1,60
1,P2:test:612,,modus_tollens:valid,37,,60,test,P2,60,23.21920359134674,mt_fact_polarity,1,60
1,P2:test:571,,contraposition:invalid,37,,61,test,P2,61,25.540042400360107,cp_antecedent_polarity,1,61
1,P2:test:365,,modus_tollens:invalid,37,,61,test,P2,61,21.6813006401062,mt_query_polarity,1,61
1,P2:test:471,,modus_tollens:invalid,37,,61,test,P2,61,14.46347188949585,mt_rule_direction,1,61
1,P2:test:248,,contraposition:valid,37,,60,test,P2,60,20.712892293930054,cp_consequent_polarity,1,60
1,P2:test:42,,contraposition:valid,37,,60,test,P2,60,13.443352699279785,cp_antecedent_polarity,1,60
1,P2:test:57,,contraposition:invalid,37,,61,test,P2,61,24.646971225738525,cp_consequent_polarity,1,61
1,P2:test:585,,contraposition:invalid,37,,61,test,P2,61,18.84028172492981,cp_consequent_polarity,1,61
1,P2:test:156,,modus_tollens:valid,37,,60,test,P2,60,16.293962478637695,mt_fact_polarity,1,60
1,P2:test:408,,modus_tollens:valid,37,,60,test,P2,60,21.318718433380127,mt_fact_polarity,1,60
1,P2:test:344,,contraposition:valid,37,,60,test,P2,60,11.351848602294922,cp_consequent_polarity,1,60
1,P2:test:593,,modus_tollens:invalid,37,,61,test,P2,61,19.1702983379364,mt_query_polarity,1,61
1,P2:test:214,,contraposition:valid,37,,60,test,P2,60,13.904036521911621,cp_direction,1,60
1,P2:test:381,,contraposition:invalid,37,,61,test,P2,61,18.62219750881195,cp_consequent_polarity,1,61
1,P2:test:272,,contraposition:valid,37,,60,test,P2,60,24.769034445285797,cp_consequent_polarity,1,60
1,P2:test:373,,modus_tollens:invalid,37,,61,test,P2,61,22.428454399108887,mt_fact_polarity,1,61
1,P2:test:589,,modus_tollens:invalid,37,,61,test,P2,61,19.783008724451065,mt_fact_polarity,1,61
1,P2:test:133,,modus_tollens:invalid,37,,61,test,P2,61,19.488085865974426,mt_fact_polarity,1,61
1,P2:test:447,,modus_tollens:invalid,37,,61,test,P2,61,25.0981707572937,mt_rule_direction,1,61
1,P2:test:714,,contraposition:valid,37,,60,test,P2,60,25.146696984767914,cp_antecedent_polarity,1,60
1,P2:test:326,,modus_tollens:valid,37,,60,test,P2,60,15.256105422973633,mt_rule_direction,1,60
1,P2:test:741,,contraposition:invalid,37,,61,test,P2,61,20.136942327022552,cp_consequent_polarity,1,61
1,P2:test:432,,modus_tollens:valid,37,,60,test,P2,60,10.64927864074707,mt_fact_polarity,1,60
1,P2:test:23,,contraposition:invalid,37,,61,test,P2,61,11.15925407409668,cp_direction,1,61
1,P2:test:222,,contraposition:valid,37,,60,test,P2,60,20.67046070098877,cp_antecedent_polarity,1,60
1,P2:test:559,,contraposition:invalid,37,,61,test,P2,61,20.940850138664246,cp_antecedent_polarity,1,61
1,P2:test:217,,modus_tollens:invalid,37,,61,test,P2,61,26.69196605682373,mt_fact_polarity,1,61
1,P2:test:679,,contraposition:invalid,37,,61,test,P2,61,18.831679701805115,cp_antecedent_polarity,1,61
1,P2:test:715,,contraposition:invalid,37,,61,test,P2,61,25.252727031707764,cp_antecedent_polarity,1,61
1,P2:test:183,,modus_tollens:invalid,37,,61,test,P2,61,13.617135524749756,mt_rule_direction,1,61
1,P2:test:184,,modus_tollens:valid,37,,60,test,P2,60,14.127388000488281,mt_query_polarity,1,60
1,P2:test:549,,contraposition:invalid,37,,61,test,P2,61,20.13090416789055,cp_consequent_polarity,1,61
1,P2:test:529,,modus_tollens:invalid,37,,61,test,P2,61,25.835033893585205,mt_fact_polarity,1,61
1,P2:test:522,,contraposition:valid,37,,60,test,P2,60,16.63502311706543,cp_antecedent_polarity,1,60
1,P2:test:675,,modus_tollens:invalid,37,,61,test,P2,61,9.099895477294922,mt_rule_direction,1,61
1,P2:test:511,,contraposition:invalid,37,,61,test,P2,61,20.858696714043617,cp_antecedent_polarity,1,61
1,P2:test:692,,contraposition:valid,37,,60,test,P2,60,20.689557552337646,cp_consequent_polarity,1,60
1,P2:test:453,,contraposition:invalid,37,,61,test,P2,61,18.914087772369385,cp_consequent_polarity,1,61
1,P2:test:325,,modus_tollens:invalid,37,,61,test,P2,61,25.368343830108643,mt_fact_polarity,1,61
1,P2:test:357,,contraposition:invalid,37,,61,test,P2,61,21.392940640449524,cp_consequent_polarity,1,61
1,P2:test:604,,modus_tollens:valid,37,,60,test,P2,60,19.530550479888916,mt_query_polarity,1,60
1,P2:test:452,,contraposition:valid,37,,60,test,P2,60,26.469008445739746,cp_consequent_polarity,1,60
1,P2:test:694,,contraposition:valid,37,,60,test,P2,60,15.079302787780762,cp_direction,1,60
1,P2:test:707,,contraposition:invalid,37,,61,test,P2,61,16.75898265838623,cp_direction,1,61
1,P2:test:727,,contraposition:invalid,37,,61,test,P2,61,21.149969339370728,cp_antecedent_polarity,1,61
1,P2:test:552,,modus_tollens:valid,37,,60,test,P2,60,16.676811695098877,mt_fact_polarity,1,60
1,P2:test:597,,contraposition:invalid,37,,61,test,P2,61,24.345953226089478,cp_consequent_polarity,1,61
1,P2:test:186,,contraposition:valid,37,,60,test,P2,60,20.86625647544861,cp_antecedent_polarity,1,60
1,P2:test:122,,modus_tollens:valid,37,,60,test,P2,60,16.445788383483887,mt_rule_direction,1,60
1,P2:test:558,,contraposition:valid,37,,60,test,P2,60,12.602295875549316,cp_antecedent_polarity,1,60
1,P2:test:194,,modus_tollens:valid,37,,60,test,P2,60,11.255303382873535,mt_rule_direction,1,60
1,P2:test:112,,modus_tollens:valid,37,,60,test,P2,60,21.871248483657837,mt_query_polarity,1,60
1,P2:test:569,,modus_tollens:invalid,37,,61,test,P2,61,22.065723538398743,mt_query_polarity,1,61
1,P2:test:684,,modus_tollens:valid,37,,60,test,P2,60,26.488314867019653,mt_fact_polarity,1,60
1,P2:test:246,,contraposition:valid,37,,60,test,P2,60,13.60555648803711,cp_antecedent_polarity,1,60
1,P2:test:410,,modus_tollens:valid,37,,60,test,P2,60,23.07870101928711,mt_rule_direction,1,60
1,P2:test:175,,contraposition:invalid,37,,61,test,P2,61,25.51440954208374,cp_antecedent_polarity,1,61
1,P2:test:211,,contraposition:invalid,37,,61,test,P2,61,11.95801067352295,cp_antecedent_polarity,1,61
1,P2:test:749,,modus_tollens:invalid,37,,61,test,P2,61,22.953230619430542,mt_query_polarity,1,61
1,P2:test:607,,contraposition:invalid,37,,61,test,P2,61,22.20403790473938,cp_antecedent_polarity,1,61
1,P2:test:414,,contraposition:valid,37,,60,test,P2,60,9.739151954650879,cp_antecedent_polarity,1,60
1,P2:test:377,,modus_tollens:invalid,37,,61,test,P2,61,18.79218029975891,mt_query_polarity,1,61
1,P2:test:0,,modus_tollens:valid,37,,60,test,P2,60,23.734829127788544,mt_fact_polarity,1,60
1,P2:test:376,,modus_tollens:valid,37,,60,test,P2,60,9.858292579650879,mt_query_polarity,1,60
1,P2:test:497,,modus_tollens:invalid,37,,61,test,P2,61,25.915946006774902,mt_query_polarity,1,61
1,P2:test:639,,modus_tollens:invalid,37,,61,test,P2,61,12.369768142700195,mt_rule_direction,1,61
1,P2:test:643,,contraposition:invalid,37,,61,test,P2,61,24.181800842285156,cp_antecedent_polarity,1,61
1,P2:test:33,,contraposition:invalid,37,,61,test,P2,61,24.207979679107666,cp_consequent_polarity,1,61
1,P2:test:616,,modus_tollens:valid,37,,60,test,P2,60,14.385898113250732,mt_query_polarity,1,60
1,P2:test:660,,modus_tollens:valid,37,,60,test,P2,60,17.64219570159912,mt_fact_polarity,1,60
1,P2:test:397,,modus_tollens:invalid,37,,61,test,P2,61,22.631551504135132,mt_fact_polarity,1,61
1,P2:test:574,,contraposition:valid,37,,60,test,P2,60,19.931974411010742,cp_direction,1,60
1,P2:test:218,,modus_tollens:valid,37,,60,test,P2,60,19.071460247039795,mt_rule_direction,1,60
1,P2:test:441,,contraposition:invalid,37,,61,test,P2,61,24.382551670074463,cp_consequent_polarity,1,61
1,P2:test:725,,modus_tollens:invalid,37,,61,test,P2,61,22.62710738182068,mt_query_polarity,1,61
1,P2:test:370,,contraposition:valid,37,,60,test,P2,60,17.541998386383057,cp_direction,1,60
1,P2:test:27,,modus_tollens:invalid,37,,61,test,P2,61,25.51090717315674,mt_rule_direction,1,61
1,P2:test:704,,contraposition:valid,37,,60,test,P2,60,11.743525505065918,cp_consequent_polarity,1,60
1,P2:test:647,,contraposition:invalid,37,,61,test,P2,61,23.572402000427246,cp_direction,1,61
1,P2:test:362,,modus_tollens:valid,37,,60,test,P2,60,16.526885509490967,mt_rule_direction,1,60
1,P2:test:87,,modus_tollens:invalid,37,,61,test,P2,61,24.281225204467773,mt_rule_direction,1,61
1,P2:test:449,,modus_tollens:invalid,37,,61,test,P2,61,12.152410984039307,mt_query_polarity,1,61
1,P2:test:279,,modus_tollens:invalid,37,,61,test,P2,61,25.649492263793945,mt_rule_direction,1,61
1,P2:test:464,,contraposition:valid,37,,60,test,P2,60,19.344520568847656,cp_consequent_polarity,1,60
1,P2:test:619,,contraposition:invalid,37,,61,test,P2,61,20.042883276939392,cp_antecedent_polarity,1,61
1,P2:test:118,,contraposition:valid,37,,60,test,P2,60,13.010799407958984,cp_direction,1,60
1,P2:test:316,,modus_tollens:valid,37,,60,test,P2,60,20.67928719520569,mt_query_polarity,1,60
1,P2:test:263,,contraposition:invalid,37,,61,test,P2,61,13.659560680389404,cp_direction,1,61
1,P2:test:243,,modus_tollens:invalid,37,,61,test,P2,61,10.467645168304443,mt_rule_direction,1,61
1,P2:test:625,,modus_tollens:invalid,37,,61,test,P2,61,25.37177085876465,mt_fact_polarity,1,61
1,P2:test:135,,modus_tollens:invalid,37,,61,test,P2,61,11.570016384124756,mt_rule_direction,1,61
1,P2:test:179,,contraposition:invalid,37,,61,test,P2,61,14.723756313323975,cp_direction,1,61
1,P2:test:439,,contraposition:invalid,37,,61,test,P2,61,18.77567559480667,cp_antecedent_polarity,1,61
1,P2:test:736,,modus_tollens:valid,37,,60,test,P2,60,10.669283866882324,mt_query_polarity,1,60
1,P2:test:764,,contraposition:valid,37,,60,test,P2,60,24.198577284812927,cp_consequent_polarity,1,60
1,P2:test:732,,modus_tollens:valid,37,,60,test,P2,60,9.078042984008789,mt_fact_polarity,1,60
1,P2:test:66,,contraposition:valid,37,,60,test,P2,60,10.852686882019043,cp_antecedent_polarity,1,60
1,P2:test:631,,contraposition:invalid,37,,61,test,P2,61,25.19166088104248,cp_antecedent_polarity,1,61
1,P2:test:642,,contraposition:valid,37,,60,test,P2,60,12.949748039245605,cp_antecedent_polarity,1,60
1,P2:test:524,,contraposition:valid,37,,60,test,P2,60,23.888377144932747,cp_consequent_polarity,1,60
1,P2:test:323,,contraposition:invalid,37,,61,test,P2,61,10.532955169677734,cp_direction,1,61
1,P2:test:113,,modus_tollens:invalid,37,,61,test,P2,61,25.86758518218994,mt_query_polarity,1,61
1,P2:test:561,,contraposition:invalid,37,,61,test,P2,61,16.85283851623535,cp_consequent_polarity,1,61
1,P2:test:611,,contraposition:invalid,37,,61,test,P2,61,14.528595924377441,cp_direction,1,61
1,P2:test:654,,contraposition:valid,37,,60,test,P2,60,27.538718938827515,cp_antecedent_polarity,1,60
1,P2:test:308,,contraposition:valid,37,,60,test,P2,60,23.396121740341187,cp_consequent_polarity,1,60
1,P2:test:369,,contraposition:invalid,37,,61,test,P2,61,18.11504629254341,cp_consequent_polarity,1,61
1,P2:test:18,,contraposition:valid,37,,60,test,P2,60,13.443352699279785,cp_antecedent_polarity,1,60
1,P2:test:553,,modus_tollens:invalid,37,,61,test,P2,61,26.680403232574463,mt_fact_polarity,1,61
1,P2:test:140,,contraposition:valid,37,,60,test,P2,60,7.064018249511719,cp_consequent_polarity,1,60
1,P2:test:189,,contraposition:invalid,37,,61,test,P2,61,20.981523036956787,cp_consequent_polarity,1,61
1,P2:test:160,,modus_tollens:valid,37,,60,test,P2,60,20.67928719520569,mt_query_polarity,1,60
1,P2:test:609,,contraposition:invalid,37,,61,test,P2,61,11.845169067382812,cp_consequent_polarity,1,61
1,P2:test:748,,modus_tollens:valid,37,,60,test,P2,60,14.848738670349121,mt_query_polarity,1,60
1,P2:test:143,,contraposition:invalid,37,,61,test,P2,61,18.261797666549683,cp_direction,1,61
1,P2:test:126,,contraposition:valid,37,,60,test,P2,60,24.648548483848572,cp_antecedent_polarity,1,60
1,P2:test:191,,contraposition:invalid,37,,61,test,P2,61,15.440935134887695,cp_direction,1,61
1,P2:test:513,,contraposition:invalid,37,,61,test,P2,61,24.215904712677002,cp_consequent_polarity,1,61
1,P2:test:722,,modus_tollens:valid,37,,60,test,P2,60,21.531696796417236,mt_rule_direction,1,60
0,P2:test:459,,modus_tollens:invalid,37,,60,test,P2,61,-2.7881593704223633,mt_rule_direction,0,60
1,P2:test:680,,contraposition:valid,37,,60,test,P2,60,27.81421208381653,cp_consequent_polarity,1,60
1,P2:test:247,,contraposition:invalid,37,,61,test,P2,61,11.95801067352295,cp_antecedent_polarity,1,61
1,P2:test:261,,contraposition:invalid,37,,61,test,P2,61,21.742954909801483,cp_consequent_polarity,1,61
1,P2:test:40,,modus_tollens:valid,37,,60,test,P2,60,13.16769790649414,mt_query_polarity,1,60
1,P2:test:86,,modus_tollens:valid,37,,60,test,P2,60,10.58762264251709,mt_rule_direction,1,60
1,P2:test:352,,modus_tollens:valid,37,,60,test,P2,60,20.93083643913269,mt_query_polarity,1,60
1,P2:test:210,,contraposition:valid,37,,60,test,P2,60,23.396121740341187,cp_antecedent_polarity,1,60
1,P2:test:21,,contraposition:invalid,37,,61,test,P2,61,20.291140131652355,cp_consequent_polarity,1,61
1,P2:test:353,,modus_tollens:invalid,37,,61,test,P2,61,24.204079151153564,mt_query_polarity,1,61
1,P2:test:742,,contraposition:valid,37,,60,test,P2,60,12.302037239074707,cp_direction,1,60
1,P2:test:51,,modus_tollens:invalid,37,,61,test,P2,61,22.502450704574585,mt_rule_direction,1,61
1,P2:test:267,,modus_tollens:invalid,37,,61,test,P2,61,13.617135524749756,mt_rule_direction,1,61
1,P2:test:20,,contraposition:valid,37,,60,test,P2,60,15.543249130249023,cp_consequent_polarity,1,60
1,P2:test:35,,contraposition:invalid,37,,61,test,P2,61,11.15925407409668,cp_direction,1,61
1,P2:test:302,,modus_tollens:valid,37,,60,test,P2,60,11.319911003112793,mt_rule_direction,1,60
1,P2:test:333,,contraposition:invalid,37,,61,test,P2,61,24.009106874465942,cp_consequent_polarity,1,61
1,P2:test:731,,contraposition:invalid,37,,61,test,P2,61,15.247128009796143,cp_direction,1,61
1,P2:test:97,,modus_tollens:invalid,37,,61,test,P2,61,25.232938766479492,mt_fact_polarity,1,61
1,P2:test:338,,modus_tollens:valid,37,,60,test,P2,60,26.488314867019653,mt_rule_direction,1,60
1,P2:test:403,,contraposition:invalid,37,,61,test,P2,61,18.23613142967224,cp_antecedent_polarity,1,61
1,P2:test:545,,modus_tollens:invalid,37,,61,test,P2,61,24.653568267822266,mt_query_polarity,1,61
1,P2:test:636,,modus_tollens:valid,37,,60,test,P2,60,11.130086898803711,mt_fact_polarity,1,60
1,P2:test:117,,contraposition:invalid,37,,61,test,P2,61,12.671799182891846,cp_consequent_polarity,1,61
1,P2:test:304,,modus_tollens:valid,37,,60,test,P2,60,16.293962478637695,mt_query_polarity,1,60
1,P2:test:677,,modus_tollens:invalid,37,,61,test,P2,61,25.90227699279785,mt_query_polarity,1,61
1,P2:test:493,,modus_tollens:invalid,37,,61,test,P2,61,25.601292610168457,mt_fact_polarity,1,61
1,P2:test:400,,modus_tollens:valid,37,,60,test,P2,60,26.488314867019653,mt_query_polarity,1,60
1,P2:test:393,,contraposition:invalid,37,,61,test,P2,61,26.175199031829834,cp_consequent_polarity,1,61
1,P2:test:11,,contraposition:invalid,37,,61,test,P2,61,8.8652982711792,cp_direction,1,61
1,P2:test:138,,contraposition:valid,37,,60,test,P2,60,19.344520568847656,cp_antecedent_polarity,1,60
1,P2:test:430,,contraposition:valid,37,,60,test,P2,60,10.633795738220215,cp_direction,1,60
1,P2:test:72,,modus_tollens:valid,37,,60,test,P2,60,10.763371467590332,mt_fact_polarity,1,60
1,P2:test:476,,contraposition:valid,37,,60,test,P2,60,13.465665817260742,cp_consequent_polarity,1,60
1,P2:test:177,,contraposition:invalid,37,,61,test,P2,61,18.849073469638824,cp_consequent_polarity,1,61
1,P2:test:208,,modus_tollens:valid,37,,60,test,P2,60,24.942229449748993,mt_query_polarity,1,60
1,P2:test:672,,modus_tollens:valid,37,,60,test,P2,60,14.101412773132324,mt_fact_polarity,1,60
1,P2:test:743,,contraposition:invalid,37,,61,test,P2,61,20.80050611309707,cp_direction,1,61
1,P2:test:176,,contraposition:valid,37,,60,test,P2,60,12.379704475402832,cp_consequent_polarity,1,60
1,P2:test:90,,contraposition:valid,37,,60,test,P2,60,13.939653873443604,cp_antecedent_polarity,1,60
1,P2:test:491,,contraposition:invalid,37,,61,test,P2,61,18.236726999282837,cp_direction,1,61
1,P2:test:332,,contraposition:valid,37,,60,test,P2,60,13.283140182495117,cp_consequent_polarity,1,60
1,P2:test:8,,contraposition:valid,37,,60,test,P2,60,9.241233825683594,cp_consequent_polarity,1,60
1,P2:test:79,,contraposition:invalid,37,,61,test,P2,61,19.163951754570007,cp_antecedent_polarity,1,61
1,P2:test:446,,modus_tollens:valid,37,,60,test,P2,60,20.626383781433105,mt_rule_direction,1,60
1,P2:test:482,,modus_tollens:valid,37,,60,test,P2,60,14.70646858215332,mt_rule_direction,1,60
1,P2:test:240,,modus_tollens:valid,37,,60,test,P2,60,10.64927864074707,mt_fact_polarity,1,60
1,P2:test:250,,contraposition:valid,37,,60,test,P2,60,23.36302375793457,cp_direction,1,60
1,P2:test:723,,modus_tollens:invalid,37,,61,test,P2,61,13.918614864349365,mt_rule_direction,1,61
1,P2:test:299,,contraposition:invalid,37,,61,test,P2,61,17.795917630195618,cp_direction,1,61
1,P2:test:419,,contraposition:invalid,37,,61,test,P2,61,17.062710523605347,cp_direction,1,61
1,P2:test:472,,modus_tollens:valid,37,,60,test,P2,60,12.37389087677002,mt_query_polarity,1,60
1,P2:test:206,,modus_tollens:valid,37,,60,test,P2,60,21.318718433380127,mt_rule_direction,1,60
1,P2:test:665,,modus_tollens:invalid,37,,61,test,P2,61,25.093262195587158,mt_query_polarity,1,61
1,P2:test:411,,modus_tollens:invalid,37,,61,test,P2,61,11.809147357940674,mt_rule_direction,1,61
1,P2:test:149,,modus_tollens:invalid,37,,61,test,P2,61,25.877309799194336,mt_query_polarity,1,61
1,P2:test:575,,contraposition:invalid,37,,61,test,P2,61,9.1807861328125,cp_direction,1,61
1,P2:test:157,,modus_tollens:invalid,37,,61,test,P2,61,25.88276767730713,mt_fact_polarity,1,61
1,P2:test:462,,contraposition:valid,37,,60,test,P2,60,12.553560256958008,cp_antecedent_polarity,1,60
1,P2:test:753,,contraposition:invalid,37,,61,test,P2,61,18.46441149711609,cp_consequent_polarity,1,61
1,P2:test:123,,modus_tollens:invalid,37,,61,test,P2,61,21.622273683547974,mt_rule_direction,1,61
1,P2:test:363,,modus_tollens:invalid,37,,61,test,P2,61,11.97338342666626,mt_rule_direction,1,61
1,P2:test:659,,contraposition:invalid,37,,61,test,P2,61,25.698739528656006,cp_direction,1,61
1,P2:test:767,,contraposition:invalid,37,,61,test,P2,61,12.920016288757324,cp_direction,1,61
1,P2:test:596,,contraposition:valid,37,,60,test,P2,60,23.191107511520386,cp_consequent_polarity,1,60
1,P2:test:615,,modus_tollens:invalid,37,,61,test,P2,61,13.617135524749756,mt_rule_direction,1,61
1,P2:test:671,,contraposition:invalid,37,,61,test,P2,61,14.741705417633057,cp_direction,1,61
1,P2:test:407,,contraposition:invalid,37,,61,test,P2,61,18.97263813018799,cp_direction,1,61
1,P2:test:389,,modus_tollens:invalid,37,,61,test,P2,61,26.116092205047607,mt_query_polarity,1,61
1,P2:test:74,,modus_tollens:valid,37,,60,test,P2,60,10.58762264251709,mt_rule_direction,1,60
1,P2:test:762,,contraposition:valid,37,,60,test,P2,60,9.144691467285156,cp_antecedent_polarity,1,60
1,P2:test:425,,modus_tollens:invalid,37,,61,test,P2,61,25.63928508758545,mt_query_polarity,1,61
1,P2:test:286,,contraposition:valid,37,,60,test,P2,60,13.939653873443604,cp_direction,1,60
1,P2:test:258,,contraposition:valid,37,,60,test,P2,60,11.585661888122559,cp_antecedent_polarity,1,60
1,P2:test:59,,contraposition:invalid,37,,61,test,P2,61,14.933391094207764,cp_direction,1,61
1,P2:test:624,,modus_tollens:valid,37,,60,test,P2,60,14.101408004760742,mt_fact_polarity,1,60
1,P2:test:718,,contraposition:valid,37,,60,test,P2,60,15.597560405731201,cp_direction,1,60
1,P2:test:517,,modus_tollens:invalid,37,,61,test,P2,61,25.70338201522827,mt_fact_polarity,1,61
1,P2:test:148,,modus_tollens:valid,37,,60,test,P2,60,20.931861639022827,mt_query_polarity,1,60
1,P2:test:603,,modus_tollens:invalid,37,,61,test,P2,61,22.502450466156006,mt_rule_direction,1,61
1,P2:test:296,,contraposition:valid,37,,60,test,P2,60,23.173238933086395,cp_consequent_polarity,1,60
1,P2:test:300,,modus_tollens:valid,37,,60,test,P2,60,15.802566528320312,mt_fact_polarity,1,60
1,P2:test:1,,modus_tollens:invalid,37,,61,test,P2,61,17.959821939468384,mt_fact_polarity,1,61
1,P2:test:563,,contraposition:invalid,37,,61,test,P2,61,14.022963523864746,cp_direction,1,61
1,P2:test:554,,modus_tollens:valid,37,,60,test,P2,60,10.033629417419434,mt_rule_direction,1,60
1,P2:test:336,,modus_tollens:valid,37,,60,test,P2,60,11.067543029785156,mt_fact_polarity,1,60
1,P2:test:356,,contraposition:valid,37,,60,test,P2,60,19.419265747070312,cp_consequent_polarity,1,60
1,P2:test:696,,modus_tollens:valid,37,,60,test,P2,60,15.337156295776367,mt_fact_polarity,1,60
1,P2:test:290,,modus_tollens:valid,37,,60,test,P2,60,15.256105422973633,mt_rule_direction,1,60
1,P2:test:717,,contraposition:invalid,37,,61,test,P2,61,22.213886976242065,cp_consequent_polarity,1,61
1,P2:test:730,,contraposition:valid,37,,60,test,P2,60,19.419265747070312,cp_direction,1,60
1,P2:test:273,,contraposition:invalid,37,,61,test,P2,61,24.662290573120117,cp_consequent_polarity,1,61
1,P2:test:205,,modus_tollens:invalid,37,,61,test,P2,61,18.63730227947235,mt_fact_polarity,1,61
1,P2:test:116,,contraposition:valid,37,,60,test,P2,60,11.743525505065918,cp_consequent_polarity,1,60
1,P2:test:505,,modus_tollens:invalid,37,,61,test,P2,61,25.954819202423096,mt_fact_polarity,1,61
1,P2:test:540,,modus_tollens:valid,37,,60,test,P2,60,14.649925708770752,mt_fact_polarity,1,60
1,P2:test:2,,modus_tollens:valid,37,,60,test,P2,60,16.672994136810303,mt_rule_direction,1,60
1,P2:test:48,,modus_tollens:valid,37,,60,test,P2,60,14.426865100860596,mt_fact_polarity,1,60
1,P2:test:734,,modus_tollens:valid,37,,60,test,P2,60,18.960647583007812,mt_rule_direction,1,60
1,P2:test:535,,contraposition:invalid,37,,61,test,P2,61,20.81567943096161,cp_antecedent_polarity,1,61
1,P2:test:382,,contraposition:valid,37,,60,test,P2,60,19.508492469787598,cp_direction,1,60
1,P2:test:311,,contraposition:invalid,37,,61,test,P2,61,9.417333602905273,cp_direction,1,61
1,P2:test:693,,contraposition:invalid,37,,61,test,P2,61,24.41842031478882,cp_consequent_polarity,1,61
1,P2:test:594,,contraposition:valid,37,,60,test,P2,60,20.86625647544861,cp_antecedent_polarity,1,60
1,P2:test:528,,modus_tollens:valid,37,,60,test,P2,60,20.704745292663574,mt_fact_polarity,1,60
1,P2:test:226,,contraposition:valid,37,,60,test,P2,60,18.02287244796753,cp_direction,1,60
1,P2:test:678,,contraposition:valid,37,,60,test,P2,60,13.156980514526367,cp_antecedent_polarity,1,60
1,P2:test:579,,modus_tollens:invalid,37,,61,test,P2,61,25.000407218933105,mt_rule_direction,1,61
1,P2:test:396,,modus_tollens:valid,37,,60,test,P2,60,14.848738670349121,mt_fact_polarity,1,60
1,P2:test:386,,modus_tollens:valid,37,,60,test,P2,60,25.14752447605133,mt_rule_direction,1,60
1,P2:test:98,,modus_tollens:valid,37,,60,test,P2,60,11.967482566833496,mt_rule_direction,1,60
1,P2:test:495,,modus_tollens:invalid,37,,61,test,P2,61,25.000407218933105,mt_rule_direction,1,61
1,P2:test:172,,modus_tollens:valid,37,,60,test,P2,60,14.010324001312256,mt_query_polarity,1,60
1,P2:test:652,,modus_tollens:valid,37,,60,test,P2,60,14.94141149520874,mt_query_polarity,1,60
1,P2:test:307,,contraposition:invalid,37,,61,test,P2,61,18.47551655769348,cp_antecedent_polarity,1,61
1,P2:test:245,,modus_tollens:invalid,37,,61,test,P2,61,20.255285046994686,mt_query_polarity,1,61
1,P2:test:170,,modus_tollens:valid,37,,60,test,P2,60,10.957365989685059,mt_rule_direction,1,60
1,P2:test:264,,modus_tollens:valid,37,,60,test,P2,60,23.734829127788544,mt_fact_polarity,1,60
1,P2:test:724,,modus_tollens:valid,37,,60,test,P2,60,20.995758056640625,mt_query_polarity,1,60
1,P2:test:313,,modus_tollens:invalid,37,,61,test,P2,61,25.223886966705322,mt_fact_polarity,1,61
1,P2:test:573,,contraposition:invalid,37,,61,test,P2,61,19.506152749061584,cp_consequent_polarity,1,61
1,P2:test:375,,modus_tollens:invalid,37,,61,test,P2,61,13.617135524749756,mt_rule_direction,1,61
1,P2:test:244,,modus_tollens:valid,37,,60,test,P2,60,16.293965339660645,mt_query_polarity,1,60
1,P2:test:255,,modus_tollens:invalid,37,,61,test,P2,61,9.34043025970459,mt_rule_direction,1,61
1,P2:test:484,,modus_tollens:valid,37,,60,test,P2,60,14.420277118682861,mt_query_polarity,1,60
1,P2:test:463,,contraposition:invalid,37,,61,test,P2,61,27.734578132629395,cp_antecedent_polarity,1,61
1,P2:test:82,,contraposition:valid,37,,60,test,P2,60,8.712356567382812,cp_direction,1,60
1,P2:test:470,,modus_tollens:valid,37,,60,test,P2,60,8.47167682647705,mt_rule_direction,1,60
1,P2:test:199,,contraposition:invalid,37,,61,test,P2,61,13.970250606536865,cp_antecedent_polarity,1,61
1,P2:test:601,,modus_tollens:invalid,37,,61,test,P2,61,26.28641366958618,mt_fact_polarity,1,61
1,P2:test:276,,modus_tollens:valid,37,,60,test,P2,60,16.04376792907715,mt_fact_polarity,1,60
1,P2:test:378,,contraposition:valid,37,,60,test,P2,60,21.895923376083374,cp_antecedent_polarity,1,60
1,P2:test:582,,contraposition:valid,37,,60,test,P2,60,20.497986555099487,cp_antecedent_polarity,1,60
1,P2:test:438,,contraposition:valid,37,,60,test,P2,60,12.553559303283691,cp_antecedent_polarity,1,60
1,P2:test:543,,modus_tollens:invalid,37,,61,test,P2,61,15.698171377182007,mt_rule_direction,1,61
1,P2:test:391,,contraposition:invalid,37,,61,test,P2,61,21.308774709701538,cp_antecedent_polarity,1,61
1,P2:test:99,,modus_tollens:invalid,37,,61,test,P2,61,26.12224531173706,mt_rule_direction,1,61
1,P2:test:380,,contraposition:valid,37,,60,test,P2,60,11.596267700195312,cp_consequent_polarity,1,60
1,P2:test:394,,contraposition:valid,37,,60,test,P2,60,22.704174280166626,cp_direction,1,60
1,P2:test:221,,modus_tollens:invalid,37,,61,test,P2,61,18.381144523620605,mt_query_polarity,1,61
1,P2:test:94,,contraposition:valid,37,,60,test,P2,60,23.80992603302002,cp_direction,1,60
1,P2:test:7,,contraposition:invalid,37,,61,test,P2,61,20.861213088035583,cp_antecedent_polarity,1,61
1,P2:test:485,,modus_tollens:invalid,37,,61,test,P2,61,18.177856922149658,mt_query_polarity,1,61
1,P2:test:691,,contraposition:invalid,37,,61,test,P2,61,20.163712739944458,cp_antecedent_polarity,1,61
1,P2:test:494,,modus_tollens:valid,37,,60,test,P2,60,20.93083643913269,mt_rule_direction,1,60
1,P2:test:392,,contraposition:valid,37,,60,test,P2,60,13.980724811553955,cp_consequent_polarity,1,60
1,P2:test:695,,contraposition:invalid,37,,61,test,P2,61,11.15925407409668,cp_direction,1,61
1,P2:test:237,,contraposition:invalid,37,,61,test,P2,61,13.8924880027771,cp_consequent_polarity,1,61
1,P2:test:202,,contraposition:valid,37,,60,test,P2,60,9.132153511047363,cp_direction,1,60
1,P2:test:229,,modus_tollens:invalid,37,,61,test,P2,61,25.494821548461914,mt_fact_polarity,1,61
1,P2:test:427,,contraposition:invalid,37,,61,test,P2,61,20.627776861190796,cp_antecedent_polarity,1,61
1,P2:test:166,,contraposition:valid,37,,60,test,P2,60,20.588380336761475,cp_direction,1,60
1,P2:test:252,,modus_tollens:valid,37,,60,test,P2,60,14.420277118682861,mt_fact_polarity,1,60
1,P2:test:720,,modus_tollens:valid,37,,60,test,P2,60,20.193851709365845,mt_fact_polarity,1,60
1,P2:test:501,,contraposition:invalid,37,,61,test,P2,61,21.34594976902008,cp_consequent_polarity,1,61
1,P2:test:212,,contraposition:valid,37,,60,test,P2,60,13.904036521911621,cp_consequent_polarity,1,60
1,P2:test:271,,contraposition:invalid,37,,61,test,P2,61,25.51440954208374,cp_antecedent_polarity,1,61
1,P2:test:567,,modus_tollens:invalid,37,,61,test,P2,61,27.233609199523926,mt_rule_direction,1,61
1,P2:test:512,,contraposition:valid,37,,60,test,P2,60,24.893019676208496,cp_consequent_polarity,1,60
1,P2:test:360,,modus_tollens:valid,37,,60,test,P2,60,11.554914474487305,mt_fact_polarity,1,60
1,P2:test:282,,contraposition:valid,37,,60,test,P2,60,16.127368927001953,cp_antecedent_polarity,1,60
1,P2:test:228,,modus_tollens:valid,37,,60,test,P2,60,10.871481895446777,mt_fact_polarity,1,60
1,P2:test:24,,modus_tollens:valid,37,,60,test,P2,60,18.945950508117676,mt_fact_polarity,1,60
1,P2:test:708,,modus_tollens:valid,37,,60,test,P2,60,15.508008480072021,mt_fact_polarity,1,60
1,P2:test:297,,contraposition:invalid,37,,61,test,P2,61,18.99218225479126,cp_consequent_polarity,1,61
