architecture,candidate_chain_first,example_id,heads,layers,model_seed,position_mode,positive,required_path,split,target_margin,template_id,top1_correct,total_depth,tree_seed,width
L4_W64_H4,0,validation:d1:t0:paligned:tree101:i10000,4,4,11,aligned,0,1,validation,0.1317920684814453,0,1,3,101,64
L4_W64_H4,0,validation:d1:t0:paligned:tree101:i10001,4,4,11,aligned,1,1,validation,-0.05065727233886719,0,0,3,101,64
L4_W64_H4,1,validation:d1:t0:paligned:tree101:i10002,4,4,11,aligned,0,1,validation,0.042633056640625,0,1,3,101,64
L4_W64_H4,1,validation:d1:t0:paligned:tree101:i10003,4,4,11,aligned,1,1,validation,-0.027341842651367188,0,0,3,101,64
L4_W64_H4,0,validation:d1:t0:paligned:tree101:i10004,4,4,11,aligned,0,1,validation,-0.08872795104980469,0,0,3,101,64
L4_W64_H4,0,validation:d1:t0:paligned:tree101:i10005,4,4,11,aligned,1,1,validation,-0.013120651245117188,0,0,3,101,64
L4_W64_H4,1,validation:d1:t0:paligned:tree101:i10006,4,4,11,aligned,0,1,validation,0.08617210388183594,0,1,3,101,64
L4_W64_H4,1,validation:d1:t0:paligned:tree101:i10007,4,4,11,aligned,1,1,validation,-0.08412933349609375,0,0,3,101,64
L4_W64_H4,0,validation:d1:t0:paligned:tree101:i10008,4,4,11,aligned,0,1,validation,0.013559341430664062,0,1,3,101,64
L4_W64_H4,0,validation:d1:t0:paligned:tree101:i10009,4,4,11,aligned,1,1,validation,-0.02188873291015625,0,0,3,101,64
L4_W64_H4,1,validation:d1:t0:paligned:tree101:i10010,4,4,11,aligned,0,1,validation,0.09475135803222656,0,1,3,101,64
L4_W64_H4,1,validation:d1:t0:paligned:tree101:i10011,4,4,11,aligned,1,1,validation,-0.13265419006347656,0,0,3,101,64
L4_W64_H4,0,validation:d1:t0:paligned:tree101:i10012,4,4,11,aligned,0,1,validation,0.06533241271972656,0,1,3,101,64
L4_W64_H4,0,validation:d1:t0:paligned:tree101:i10013,4,4,11,aligned,1,1,validation,0.01409149169921875,0,1,3,101,64
L4_W64_H4,1,validation:d1:t0:paligned:tree101:i10014,4,4,11,aligned,0,1,validation,0.08167648315429688,0,1,3,101,64
L4_W64_H4,1,validation:d1:t0:paligned:tree101:i10015,4,4,11,aligned,1,1,validation,0.0397186279296875,0,1,3,101,64
L4_W64_H4,0,validation:d1:t0:paligned:tree211:i10000,4,4,11,aligned,0,1,validation,0.05223655700683594,0,1,3,211,64
L4_W64_H4,0,validation:d1:t0:paligned:tree211:i10001,4,4,11,aligned,1,1,validation,-0.050777435302734375,0,0,3,211,64
L4_W64_H4,1,validation:d1:t0:paligned:tree211:i10002,4,4,11,aligned,0,1,validation,-0.0104217529296875,0,0,3,211,64
L4_W64_H4,1,validation:d1:t0:paligned:tree211:i10003,4,4,11,aligned,1,1,validation,0.020486831665039062,0,1,3,211,64
L4_W64_H4,0,validation:d1:t0:paligned:tree211:i10004,4,4,11,aligned,0,1,validation,-0.004993438720703125,0,0,3,211,64
L4_W64_H4,0,validation:d1:t0:paligned:tree211:i10005,4,4,11,aligned,1,1,validation,0.023012161254882812,0,1,3,211,64
L4_W64_H4,1,validation:d1:t0:paligned:tree211:i10006,4,4,11,aligned,0,1,validation,-0.0013885498046875,0,0,3,211,64
L4_W64_H4,1,validation:d1:t0:paligned:tree211:i10007,4,4,11,aligned,1,1,validation,-0.10181808471679688,0,0,3,211,64
L4_W64_H4,0,validation:d1:t0:paligned:tree211:i10008,4,4,11,aligned,0,1,validation,-0.0207061767578125,0,0,3,211,64
L4_W64_H4,0,validation:d1:t0:paligned:tree211:i10009,4,4,11,aligned,1,1,validation,0.004077911376953125,0,1,3,211,64
L4_W64_H4,1,validation:d1:t0:paligned:tree211:i10010,4,4,11,aligned,0,1,validation,-0.013004302978515625,0,0,3,211,64
L4_W64_H4,1,validation:d1:t0:paligned:tree211:i10011,4,4,11,aligned,1,1,validation,-0.01424407958984375,0,0,3,211,64
L4_W64_H4,0,validation:d1:t0:paligned:tree211:i10012,4,4,11,aligned,0,1,validation,-0.009304046630859375,0,0,3,211,64
L4_W64_H4,0,validation:d1:t0:paligned:tree211:i10013,4,4,11,aligned,1,1,validation,-0.06030845642089844,0,0,3,211,64
L4_W64_H4,1,validation:d1:t0:paligned:tree211:i10014,4,4,11,aligned,0,1,validation,0.013469696044921875,0,1,3,211,64
L4_W64_H4,1,validation:d1:t0:paligned:tree211:i10015,4,4,11,aligned,1,1,validation,-0.10459136962890625,0,0,3,211,64
L4_W64_H4,0,validation:d1:t0:paligned:tree307:i10000,4,4,11,aligned,0,1,validation,0.08034706115722656,0,1,3,307,64
L4_W64_H4,0,validation:d1:t0:paligned:tree307:i10001,4,4,11,aligned,1,1,validation,0.04113006591796875,0,1,3,307,64
L4_W64_H4,1,validation:d1:t0:paligned:tree307:i10002,4,4,11,aligned,0,1,validation,0.0317230224609375,0,1,3,307,64
L4_W64_H4,1,validation:d1:t0:paligned:tree307:i10003,4,4,11,aligned,1,1,validation,-0.07468032836914062,0,0,3,307,64
L4_W64_H4,0,validation:d1:t0:paligned:tree307:i10004,4,4,11,aligned,0,1,validation,-0.0289459228515625,0,0,3,307,64
L4_W64_H4,0,validation:d1:t0:paligned:tree307:i10005,4,4,11,aligned,1,1,validation,-0.0528106689453125,0,0,3,307,64
L4_W64_H4,1,validation:d1:t0:paligned:tree307:i10006,4,4,11,aligned,0,1,validation,0.030096054077148438,0,1,3,307,64
L4_W64_H4,1,validation:d1:t0:paligned:tree307:i10007,4,4,11,aligned,1,1,validation,0.027923583984375,0,1,3,307,64
L4_W64_H4,0,validation:d1:t0:paligned:tree307:i10008,4,4,11,aligned,0,1,validation,0.0722808837890625,0,1,3,307,64
L4_W64_H4,0,validation:d1:t0:paligned:tree307:i10009,4,4,11,aligned,1,1,validation,0.0007534027099609375,0,1,3,307,64
L4_W64_H4,1,validation:d1:t0:paligned:tree307:i10010,4,4,11,aligned,0,1,validation,0.02431488037109375,0,1,3,307,64
L4_W64_H4,1,validation:d1:t0:paligned:tree307:i10011,4,4,11,aligned,1,1,validation,-0.04715919494628906,0,0,3,307,64
L4_W64_H4,0,validation:d1:t0:paligned:tree307:i10012,4,4,11,aligned,0,1,validation,-0.0128021240234375,0,0,3,307,64
L4_W64_H4,0,validation:d1:t0:paligned:tree307:i10013,4,4,11,aligned,1,1,validation,0.023977279663085938,0,1,3,307,64
L4_W64_H4,1,validation:d1:t0:paligned:tree307:i10014,4,4,11,aligned,0,1,validation,0.03810310363769531,0,1,3,307,64
L4_W64_H4,1,validation:d1:t0:paligned:tree307:i10015,4,4,11,aligned,1,1,validation,0.028215408325195312,0,1,3,307,64
L4_W64_H4,1,validation:d1:t0:prandomized:tree101:i10003,4,4,11,randomized,1,1,validation,-0.027341842651367188,0,0,3,101,64
L4_W64_H4,0,validation:d1:t0:prandomized:tree211:i10000,4,4,11,randomized,0,1,validation,0.05223655700683594,0,1,3,211,64
L4_W64_H4,0,validation:d1:t0:prandomized:tree211:i10004,4,4,11,randomized,0,1,validation,-0.004993438720703125,0,0,3,211,64
L4_W64_H4,1,validation:d1:t0:prandomized:tree211:i10010,4,4,11,randomized,0,1,validation,-0.013004302978515625,0,0,3,211,64
L4_W64_H4,0,validation:d1:t0:prandomized:tree307:i10000,4,4,11,randomized,0,1,validation,0.08034706115722656,0,1,3,307,64
L4_W64_H4,1,validation:d1:t0:prandomized:tree307:i10002,4,4,11,randomized,0,1,validation,0.0317230224609375,0,1,3,307,64
L4_W64_H4,0,validation:d1:t1:paligned:tree101:i10000,4,4,11,aligned,0,1,validation,0.1261272430419922,1,1,3,101,64
L4_W64_H4,0,validation:d1:t1:paligned:tree101:i10001,4,4,11,aligned,1,1,validation,-0.052135467529296875,1,0,3,101,64
L4_W64_H4,1,validation:d1:t1:paligned:tree101:i10002,4,4,11,aligned,0,1,validation,0.0349273681640625,1,1,3,101,64
L4_W64_H4,1,validation:d1:t1:paligned:tree101:i10003,4,4,11,aligned,1,1,validation,-0.022569656372070312,1,0,3,101,64
L4_W64_H4,0,validation:d1:t1:paligned:tree101:i10004,4,4,11,aligned,0,1,validation,-0.08956146240234375,1,0,3,101,64
L4_W64_H4,0,validation:d1:t1:paligned:tree101:i10005,4,4,11,aligned,1,1,validation,-0.01235198974609375,1,0,3,101,64
L4_W64_H4,1,validation:d1:t1:paligned:tree101:i10006,4,4,11,aligned,0,1,validation,0.08077239990234375,1,1,3,101,64
L4_W64_H4,1,validation:d1:t1:paligned:tree101:i10007,4,4,11,aligned,1,1,validation,-0.08141326904296875,1,0,3,101,64
L4_W64_H4,0,validation:d1:t1:paligned:tree101:i10008,4,4,11,aligned,0,1,validation,0.018108367919921875,1,1,3,101,64
L4_W64_H4,0,validation:d1:t1:paligned:tree101:i10009,4,4,11,aligned,1,1,validation,-0.017942428588867188,1,0,3,101,64
L4_W64_H4,1,validation:d1:t1:paligned:tree101:i10010,4,4,11,aligned,0,1,validation,0.09283256530761719,1,1,3,101,64
L4_W64_H4,1,validation:d1:t1:paligned:tree101:i10011,4,4,11,aligned,1,1,validation,-0.12780189514160156,1,0,3,101,64
L4_W64_H4,0,validation:d1:t1:paligned:tree101:i10012,4,4,11,aligned,0,1,validation,0.06428909301757812,1,1,3,101,64
L4_W64_H4,0,validation:d1:t1:paligned:tree101:i10013,4,4,11,aligned,1,1,validation,0.01508331298828125,1,1,3,101,64
L4_W64_H4,1,validation:d1:t1:paligned:tree101:i10014,4,4,11,aligned,0,1,validation,0.07908248901367188,1,1,3,101,64
L4_W64_H4,1,validation:d1:t1:paligned:tree101:i10015,4,4,11,aligned,1,1,validation,0.04208564758300781,1,1,3,101,64
L4_W64_H4,0,validation:d1:t1:paligned:tree211:i10000,4,4,11,aligned,0,1,validation,0.04875755310058594,1,1,3,211,64
L4_W64_H4,0,validation:d1:t1:paligned:tree211:i10001,4,4,11,aligned,1,1,validation,-0.04817771911621094,1,0,3,211,64
L4_W64_H4,1,validation:d1:t1:paligned:tree211:i10002,4,4,11,aligned,0,1,validation,-0.013833999633789062,1,0,3,211,64
L4_W64_H4,1,validation:d1:t1:paligned:tree211:i10003,4,4,11,aligned,1,1,validation,0.016336441040039062,1,1,3,211,64
L4_W64_H4,0,validation:d1:t1:paligned:tree211:i10004,4,4,11,aligned,0,1,validation,-0.0063190460205078125,1,0,3,211,64
L4_W64_H4,0,validation:d1:t1:paligned:tree211:i10005,4,4,11,aligned,1,1,validation,0.02175140380859375,1,1,3,211,64
L4_W64_H4,1,validation:d1:t1:paligned:tree211:i10006,4,4,11,aligned,0,1,validation,-0.0037403106689453125,1,0,3,211,64
L4_W64_H4,1,validation:d1:t1:paligned:tree211:i10007,4,4,11,aligned,1,1,validation,-0.09896087646484375,1,0,3,211,64
L4_W64_H4,0,validation:d1:t1:paligned:tree211:i10008,4,4,11,aligned,0,1,validation,-0.01416778564453125,1,0,3,211,64
L4_W64_H4,0,validation:d1:t1:paligned:tree211:i10009,4,4,11,aligned,1,1,validation,0.0096435546875,1,1,3,211,64
L4_W64_H4,1,validation:d1:t1:paligned:tree211:i10010,4,4,11,aligned,0,1,validation,-0.020427703857421875,1,0,3,211,64
L4_W64_H4,1,validation:d1:t1:paligned:tree211:i10011,4,4,11,aligned,1,1,validation,-0.012819290161132812,1,0,3,211,64
L4_W64_H4,0,validation:d1:t1:paligned:tree211:i10012,4,4,11,aligned,0,1,validation,-0.008405685424804688,1,0,3,211,64
L4_W64_H4,0,validation:d1:t1:paligned:tree211:i10013,4,4,11,aligned,1,1,validation,-0.05413246154785156,1,0,3,211,64
L4_W64_H4,1,validation:d1:t1:paligned:tree211:i10014,4,4,11,aligned,0,1,validation,0.006622314453125,1,1,3,211,64
L4_W64_H4,1,validation:d1:t1:paligned:tree211:i10015,4,4,11,aligned,1,1,validation,-0.09483528137207031,1,0,3,211,64
L4_W64_H4,0,validation:d1:t1:paligned:tree307:i10000,4,4,11,aligned,0,1,validation,0.07789993286132812,1,1,3,307,64
L4_W64_H4,0,validation:d1:t1:paligned:tree307:i10001,4,4,11,aligned,1,1,validation,0.04152870178222656,1,1,3,307,64
L4_W64_H4,1,validation:d1:t1:paligned:tree307:i10002,4,4,11,aligned,0,1,validation,0.030614852905273438,1,1,3,307,64
L4_W64_H4,1,validation:d1:t1:paligned:tree307:i10003,4,4,11,aligned,1,1,validation,-0.06715583801269531,1,0,3,307,64
L4_W64_H4,0,validation:d1:t1:paligned:tree307:i10004,4,4,11,aligned,0,1,validation,-0.0350799560546875,1,0,3,307,64
L4_W64_H4,0,validation:d1:t1:paligned:tree307:i10005,4,4,11,aligned,1,1,validation,-0.0529937744140625,1,0,3,307,64
L4_W64_H4,1,validation:d1:t1:paligned:tree307:i10006,4,4,11,aligned,0,1,validation,0.02292633056640625,1,1,3,307,64
L4_W64_H4,1,validation:d1:t1:paligned:tree307:i10007,4,4,11,aligned,1,1,validation,0.027669906616210938,1,1,3,307,64
L4_W64_H4,0,validation:d1:t1:paligned:tree307:i10008,4,4,11,aligned,0,1,validation,0.06427764892578125,1,1,3,307,64
L4_W64_H4,0,validation:d1:t1:paligned:tree307:i10009,4,4,11,aligned,1,1,validation,0.0019073486328125,1,1,3,307,64
L4_W64_H4,1,validation:d1:t1:paligned:tree307:i10010,4,4,11,aligned,0,1,validation,0.029897689819335938,1,1,3,307,64
L4_W64_H4,1,validation:d1:t1:paligned:tree307:i10011,4,4,11,aligned,1,1,validation,-0.04567146301269531,1,0,3,307,64
L4_W64_H4,0,validation:d1:t1:paligned:tree307:i10012,4,4,11,aligned,0,1,validation,-0.015722274780273438,1,0,3,307,64
L4_W64_H4,0,validation:d1:t1:paligned:tree307:i10013,4,4,11,aligned,1,1,validation,0.022846221923828125,1,1,3,307,64
L4_W64_H4,1,validation:d1:t1:paligned:tree307:i10014,4,4,11,aligned,0,1,validation,0.03571319580078125,1,1,3,307,64
L4_W64_H4,1,validation:d1:t1:paligned:tree307:i10015,4,4,11,aligned,1,1,validation,0.03189659118652344,1,1,3,307,64
L4_W64_H4,1,validation:d1:t1:prandomized:tree101:i10003,4,4,11,randomized,1,1,validation,-0.022569656372070312,1,0,3,101,64
L4_W64_H4,0,validation:d1:t1:prandomized:tree211:i10000,4,4,11,randomized,0,1,validation,0.04875755310058594,1,1,3,211,64
L4_W64_H4,0,validation:d1:t1:prandomized:tree211:i10004,4,4,11,randomized,0,1,validation,-0.0063190460205078125,1,0,3,211,64
L4_W64_H4,1,validation:d1:t1:prandomized:tree211:i10010,4,4,11,randomized,0,1,validation,-0.020427703857421875,1,0,3,211,64
L4_W64_H4,0,validation:d1:t1:prandomized:tree307:i10000,4,4,11,randomized,0,1,validation,0.07789993286132812,1,1,3,307,64
L4_W64_H4,1,validation:d1:t1:prandomized:tree307:i10002,4,4,11,randomized,0,1,validation,0.030614852905273438,1,1,3,307,64
L4_W64_H4,0,validation:d1:t2:paligned:tree101:i10000,4,4,11,aligned,0,1,validation,0.13109207153320312,2,1,3,101,64
L4_W64_H4,0,validation:d1:t2:paligned:tree101:i10001,4,4,11,aligned,1,1,validation,-0.05545997619628906,2,0,3,101,64
L4_W64_H4,1,validation:d1:t2:paligned:tree101:i10002,4,4,11,aligned,0,1,validation,0.043018341064453125,2,1,3,101,64
L4_W64_H4,1,validation:d1:t2:paligned:tree101:i10003,4,4,11,aligned,1,1,validation,-0.028078079223632812,2,0,3,101,64
L4_W64_H4,0,validation:d1:t2:paligned:tree101:i10004,4,4,11,aligned,0,1,validation,-0.08735275268554688,2,0,3,101,64
L4_W64_H4,0,validation:d1:t2:paligned:tree101:i10005,4,4,11,aligned,1,1,validation,-0.012098312377929688,2,0,3,101,64
L4_W64_H4,1,validation:d1:t2:paligned:tree101:i10006,4,4,11,aligned,0,1,validation,0.08680152893066406,2,1,3,101,64
L4_W64_H4,1,validation:d1:t2:paligned:tree101:i10007,4,4,11,aligned,1,1,validation,-0.08379554748535156,2,0,3,101,64
L4_W64_H4,0,validation:d1:t2:paligned:tree101:i10008,4,4,11,aligned,0,1,validation,0.013849258422851562,2,1,3,101,64
L4_W64_H4,0,validation:d1:t2:paligned:tree101:i10009,4,4,11,aligned,1,1,validation,-0.022724151611328125,2,0,3,101,64
L4_W64_H4,1,validation:d1:t2:paligned:tree101:i10010,4,4,11,aligned,0,1,validation,0.09617042541503906,2,1,3,101,64
L4_W64_H4,1,validation:d1:t2:paligned:tree101:i10011,4,4,11,aligned,1,1,validation,-0.13251686096191406,2,0,3,101,64
L4_W64_H4,0,validation:d1:t2:paligned:tree101:i10012,4,4,11,aligned,0,1,validation,0.07028579711914062,2,1,3,101,64
L4_W64_H4,0,validation:d1:t2:paligned:tree101:i10013,4,4,11,aligned,1,1,validation,0.014081954956054688,2,1,3,101,64
L4_W64_H4,1,validation:d1:t2:paligned:tree101:i10014,4,4,11,aligned,0,1,validation,0.07994651794433594,2,1,3,101,64
L4_W64_H4,1,validation:d1:t2:paligned:tree101:i10015,4,4,11,aligned,1,1,validation,0.03862571716308594,2,1,3,101,64
L4_W64_H4,0,validation:d1:t2:paligned:tree211:i10000,4,4,11,aligned,0,1,validation,0.05183982849121094,2,1,3,211,64
L4_W64_H4,0,validation:d1:t2:paligned:tree211:i10001,4,4,11,aligned,1,1,validation,-0.052845001220703125,2,0,3,211,64
L4_W64_H4,1,validation:d1:t2:paligned:tree211:i10002,4,4,11,aligned,0,1,validation,-0.010044097900390625,2,0,3,211,64
L4_W64_H4,1,validation:d1:t2:paligned:tree211:i10003,4,4,11,aligned,1,1,validation,0.017589569091796875,2,1,3,211,64
L4_W64_H4,0,validation:d1:t2:paligned:tree211:i10004,4,4,11,aligned,0,1,validation,-0.0048542022705078125,2,0,3,211,64
L4_W64_H4,0,validation:d1:t2:paligned:tree211:i10005,4,4,11,aligned,1,1,validation,0.021757125854492188,2,1,3,211,64
L4_W64_H4,1,validation:d1:t2:paligned:tree211:i10006,4,4,11,aligned,0,1,validation,-0.00188446044921875,2,0,3,211,64
L4_W64_H4,1,validation:d1:t2:paligned:tree211:i10007,4,4,11,aligned,1,1,validation,-0.10204505920410156,2,0,3,211,64
L4_W64_H4,0,validation:d1:t2:paligned:tree211:i10008,4,4,11,aligned,0,1,validation,-0.012952804565429688,2,0,3,211,64
L4_W64_H4,0,validation:d1:t2:paligned:tree211:i10009,4,4,11,aligned,1,1,validation,0.0030536651611328125,2,1,3,211,64
L4_W64_H4,1,validation:d1:t2:paligned:tree211:i10010,4,4,11,aligned,0,1,validation,-0.009550094604492188,2,0,3,211,64
L4_W64_H4,1,validation:d1:t2:paligned:tree211:i10011,4,4,11,aligned,1,1,validation,-0.011278152465820312,2,0,3,211,64
L4_W64_H4,0,validation:d1:t2:paligned:tree211:i10012,4,4,11,aligned,0,1,validation,-0.0069370269775390625,2,0,3,211,64
L4_W64_H4,0,validation:d1:t2:paligned:tree211:i10013,4,4,11,aligned,1,1,validation,-0.06127357482910156,2,0,3,211,64
L4_W64_H4,1,validation:d1:t2:paligned:tree211:i10014,4,4,11,aligned,0,1,validation,0.014209747314453125,2,1,3,211,64
L4_W64_H4,1,validation:d1:t2:paligned:tree211:i10015,4,4,11,aligned,1,1,validation,-0.10208320617675781,2,0,3,211,64
L4_W64_H4,0,validation:d1:t2:paligned:tree307:i10000,4,4,11,aligned,0,1,validation,0.0807647705078125,2,1,3,307,64
L4_W64_H4,0,validation:d1:t2:paligned:tree307:i10001,4,4,11,aligned,1,1,validation,0.04045677185058594,2,1,3,307,64
L4_W64_H4,1,validation:d1:t2:paligned:tree307:i10002,4,4,11,aligned,0,1,validation,0.03251075744628906,2,1,3,307,64
L4_W64_H4,1,validation:d1:t2:paligned:tree307:i10003,4,4,11,aligned,1,1,validation,-0.07142448425292969,2,0,3,307,64
L4_W64_H4,0,validation:d1:t2:paligned:tree307:i10004,4,4,11,aligned,0,1,validation,-0.026517868041992188,2,0,3,307,64
L4_W64_H4,0,validation:d1:t2:paligned:tree307:i10005,4,4,11,aligned,1,1,validation,-0.05411338806152344,2,0,3,307,64
L4_W64_H4,1,validation:d1:t2:paligned:tree307:i10006,4,4,11,aligned,0,1,validation,0.03324317932128906,2,1,3,307,64
L4_W64_H4,1,validation:d1:t2:paligned:tree307:i10007,4,4,11,aligned,1,1,validation,0.025531768798828125,2,1,3,307,64
L4_W64_H4,0,validation:d1:t2:paligned:tree307:i10008,4,4,11,aligned,0,1,validation,0.07448005676269531,2,1,3,307,64
L4_W64_H4,0,validation:d1:t2:paligned:tree307:i10009,4,4,11,aligned,1,1,validation,0.0002765655517578125,2,1,3,307,64
L4_W64_H4,1,validation:d1:t2:paligned:tree307:i10010,4,4,11,aligned,0,1,validation,0.025751113891601562,2,1,3,307,64
L4_W64_H4,1,validation:d1:t2:paligned:tree307:i10011,4,4,11,aligned,1,1,validation,-0.04871177673339844,2,0,3,307,64
L4_W64_H4,0,validation:d1:t2:paligned:tree307:i10012,4,4,11,aligned,0,1,validation,-0.012277603149414062,2,0,3,307,64
L4_W64_H4,0,validation:d1:t2:paligned:tree307:i10013,4,4,11,aligned,1,1,validation,0.025278091430664062,2,1,3,307,64
L4_W64_H4,1,validation:d1:t2:paligned:tree307:i10014,4,4,11,aligned,0,1,validation,0.040164947509765625,2,1,3,307,64
L4_W64_H4,1,validation:d1:t2:paligned:tree307:i10015,4,4,11,aligned,1,1,validation,0.02750396728515625,2,1,3,307,64
L4_W64_H4,1,validation:d1:t2:prandomized:tree101:i10006,4,4,11,randomized,0,1,validation,0.08680152893066406,2,1,3,101,64
L4_W64_H4,0,validation:d1:t2:prandomized:tree211:i10000,4,4,11,randomized,0,1,validation,0.05183982849121094,2,1,3,211,64
L4_W64_H4,1,validation:d1:t2:prandomized:tree307:i10002,4,4,11,randomized,0,1,validation,0.03251075744628906,2,1,3,307,64
L4_W64_H4,0,validation:d1:t2:prandomized:tree307:i10009,4,4,11,randomized,1,1,validation,0.000274658203125,2,1,3,307,64
L4_W64_H4,0,validation:d1:t3:paligned:tree101:i10000,4,4,11,aligned,0,1,validation,0.1305713653564453,3,1,3,101,64
L4_W64_H4,0,validation:d1:t3:paligned:tree101:i10001,4,4,11,aligned,1,1,validation,-0.047885894775390625,3,0,3,101,64
L4_W64_H4,1,validation:d1:t3:paligned:tree101:i10002,4,4,11,aligned,0,1,validation,0.035419464111328125,3,1,3,101,64
L4_W64_H4,1,validation:d1:t3:paligned:tree101:i10003,4,4,11,aligned,1,1,validation,-0.023355484008789062,3,0,3,101,64
L4_W64_H4,0,validation:d1:t3:paligned:tree101:i10004,4,4,11,aligned,0,1,validation,-0.08859062194824219,3,0,3,101,64
L4_W64_H4,0,validation:d1:t3:paligned:tree101:i10005,4,4,11,aligned,1,1,validation,-0.01183319091796875,3,0,3,101,64
L4_W64_H4,1,validation:d1:t3:paligned:tree101:i10006,4,4,11,aligned,0,1,validation,0.08227348327636719,3,1,3,101,64
L4_W64_H4,1,validation:d1:t3:paligned:tree101:i10007,4,4,11,aligned,1,1,validation,-0.08278274536132812,3,0,3,101,64
L4_W64_H4,0,validation:d1:t3:paligned:tree101:i10008,4,4,11,aligned,0,1,validation,0.020318984985351562,3,1,3,101,64
L4_W64_H4,0,validation:d1:t3:paligned:tree101:i10009,4,4,11,aligned,1,1,validation,-0.0152587890625,3,0,3,101,64
L4_W64_H4,1,validation:d1:t3:paligned:tree101:i10010,4,4,11,aligned,0,1,validation,0.09097862243652344,3,1,3,101,64
L4_W64_H4,1,validation:d1:t3:paligned:tree101:i10011,4,4,11,aligned,1,1,validation,-0.13105010986328125,3,0,3,101,64
L4_W64_H4,0,validation:d1:t3:paligned:tree101:i10012,4,4,11,aligned,0,1,validation,0.06516075134277344,3,1,3,101,64
L4_W64_H4,0,validation:d1:t3:paligned:tree101:i10013,4,4,11,aligned,1,1,validation,0.015350341796875,3,1,3,101,64
L4_W64_H4,1,validation:d1:t3:paligned:tree101:i10014,4,4,11,aligned,0,1,validation,0.07946014404296875,3,1,3,101,64
L4_W64_H4,1,validation:d1:t3:paligned:tree101:i10015,4,4,11,aligned,1,1,validation,0.0431060791015625,3,1,3,101,64
L4_W64_H4,0,validation:d1:t3:paligned:tree211:i10000,4,4,11,aligned,0,1,validation,0.048824310302734375,3,1,3,211,64
L4_W64_H4,0,validation:d1:t3:paligned:tree211:i10001,4,4,11,aligned,1,1,validation,-0.049610137939453125,3,0,3,211,64
L4_W64_H4,1,validation:d1:t3:paligned:tree211:i10002,4,4,11,aligned,0,1,validation,-0.014829635620117188,3,0,3,211,64
L4_W64_H4,1,validation:d1:t3:paligned:tree211:i10003,4,4,11,aligned,1,1,validation,0.015707015991210938,3,1,3,211,64
L4_W64_H4,0,validation:d1:t3:paligned:tree211:i10004,4,4,11,aligned,0,1,validation,-0.00901031494140625,3,0,3,211,64
L4_W64_H4,0,validation:d1:t3:paligned:tree211:i10005,4,4,11,aligned,1,1,validation,0.020967483520507812,3,1,3,211,64
L4_W64_H4,1,validation:d1:t3:paligned:tree211:i10006,4,4,11,aligned,0,1,validation,-0.0016841888427734375,3,0,3,211,64
L4_W64_H4,1,validation:d1:t3:paligned:tree211:i10007,4,4,11,aligned,1,1,validation,-0.10018730163574219,3,0,3,211,64
L4_W64_H4,0,validation:d1:t3:paligned:tree211:i10008,4,4,11,aligned,0,1,validation,-0.0177154541015625,3,0,3,211,64
L4_W64_H4,0,validation:d1:t3:paligned:tree211:i10009,4,4,11,aligned,1,1,validation,0.008882522583007812,3,1,3,211,64
L4_W64_H4,1,validation:d1:t3:paligned:tree211:i10010,4,4,11,aligned,0,1,validation,-0.017852783203125,3,0,3,211,64
L4_W64_H4,1,validation:d1:t3:paligned:tree211:i10011,4,4,11,aligned,1,1,validation,-0.013294219970703125,3,0,3,211,64
L4_W64_H4,0,validation:d1:t3:paligned:tree211:i10012,4,4,11,aligned,0,1,validation,-0.007396697998046875,3,0,3,211,64
L4_W64_H4,0,validation:d1:t3:paligned:tree211:i10013,4,4,11,aligned,1,1,validation,-0.0545196533203125,3,0,3,211,64
L4_W64_H4,1,validation:d1:t3:paligned:tree211:i10014,4,4,11,aligned,0,1,validation,0.00823211669921875,3,1,3,211,64
L4_W64_H4,1,validation:d1:t3:paligned:tree211:i10015,4,4,11,aligned,1,1,validation,-0.0941009521484375,3,0,3,211,64
L4_W64_H4,0,validation:d1:t3:paligned:tree307:i10000,4,4,11,aligned,0,1,validation,0.07777786254882812,3,1,3,307,64
L4_W64_H4,0,validation:d1:t3:paligned:tree307:i10001,4,4,11,aligned,1,1,validation,0.04170036315917969,3,1,3,307,64
L4_W64_H4,1,validation:d1:t3:paligned:tree307:i10002,4,4,11,aligned,0,1,validation,0.030313491821289062,3,1,3,307,64
L4_W64_H4,1,validation:d1:t3:paligned:tree307:i10003,4,4,11,aligned,1,1,validation,-0.06827545166015625,3,0,3,307,64
L4_W64_H4,0,validation:d1:t3:paligned:tree307:i10004,4,4,11,aligned,0,1,validation,-0.03273963928222656,3,0,3,307,64
L4_W64_H4,0,validation:d1:t3:paligned:tree307:i10005,4,4,11,aligned,1,1,validation,-0.05345726013183594,3,0,3,307,64
L4_W64_H4,1,validation:d1:t3:paligned:tree307:i10006,4,4,11,aligned,0,1,validation,0.025665283203125,3,1,3,307,64
L4_W64_H4,1,validation:d1:t3:paligned:tree307:i10007,4,4,11,aligned,1,1,validation,0.027456283569335938,3,1,3,307,64
L4_W64_H4,0,validation:d1:t3:paligned:tree307:i10008,4,4,11,aligned,0,1,validation,0.06795120239257812,3,1,3,307,64
L4_W64_H4,0,validation:d1:t3:paligned:tree307:i10009,4,4,11,aligned,1,1,validation,0.000698089599609375,3,1,3,307,64
L4_W64_H4,1,validation:d1:t3:paligned:tree307:i10010,4,4,11,aligned,0,1,validation,0.031061172485351562,3,1,3,307,64
L4_W64_H4,1,validation:d1:t3:paligned:tree307:i10011,4,4,11,aligned,1,1,validation,-0.047283172607421875,3,0,3,307,64
L4_W64_H4,0,validation:d1:t3:paligned:tree307:i10012,4,4,11,aligned,0,1,validation,-0.014356613159179688,3,0,3,307,64
L4_W64_H4,0,validation:d1:t3:paligned:tree307:i10013,4,4,11,aligned,1,1,validation,0.018646240234375,3,1,3,307,64
L4_W64_H4,1,validation:d1:t3:paligned:tree307:i10014,4,4,11,aligned,0,1,validation,0.042568206787109375,3,1,3,307,64
L4_W64_H4,1,validation:d1:t3:paligned:tree307:i10015,4,4,11,aligned,1,1,validation,0.029359817504882812,3,1,3,307,64
L4_W64_H4,1,validation:d1:t3:prandomized:tree101:i10006,4,4,11,randomized,0,1,validation,0.08227348327636719,3,1,3,101,64
L4_W64_H4,0,validation:d1:t3:prandomized:tree211:i10000,4,4,11,randomized,0,1,validation,0.048824310302734375,3,1,3,211,64
L4_W64_H4,1,validation:d1:t3:prandomized:tree307:i10002,4,4,11,randomized,0,1,validation,0.030313491821289062,3,1,3,307,64
L4_W64_H4,0,validation:d1:t3:prandomized:tree307:i10009,4,4,11,randomized,1,1,validation,0.000698089599609375,3,1,3,307,64
L4_W64_H4,0,test:d1:t0:paligned:tree101:i10000,4,4,11,aligned,0,1,test,-0.010944366455078125,0,0,3,101,64
L4_W64_H4,0,test:d1:t0:paligned:tree101:i10001,4,4,11,aligned,1,1,test,-0.025699615478515625,0,0,3,101,64
L4_W64_H4,1,test:d1:t0:paligned:tree101:i10002,4,4,11,aligned,0,1,test,0.11080551147460938,0,1,3,101,64
L4_W64_H4,1,test:d1:t0:paligned:tree101:i10003,4,4,11,aligned,1,1,test,-0.020029067993164062,0,0,3,101,64
L4_W64_H4,0,test:d1:t0:paligned:tree101:i10004,4,4,11,aligned,0,1,test,-0.0064525604248046875,0,0,3,101,64
L4_W64_H4,0,test:d1:t0:paligned:tree101:i10005,4,4,11,aligned,1,1,test,0.010564804077148438,0,1,3,101,64
L4_W64_H4,1,test:d1:t0:paligned:tree101:i10006,4,4,11,aligned,0,1,test,-0.0174713134765625,0,0,3,101,64
L4_W64_H4,1,test:d1:t0:paligned:tree101:i10007,4,4,11,aligned,1,1,test,0.025461196899414062,0,1,3,101,64
L4_W64_H4,0,test:d1:t0:paligned:tree101:i10008,4,4,11,aligned,0,1,test,-0.027812957763671875,0,0,3,101,64
L4_W64_H4,0,test:d1:t0:paligned:tree101:i10009,4,4,11,aligned,1,1,test,0.024316787719726562,0,1,3,101,64
L4_W64_H4,1,test:d1:t0:paligned:tree101:i10010,4,4,11,aligned,0,1,test,0.06154441833496094,0,1,3,101,64
L4_W64_H4,1,test:d1:t0:paligned:tree101:i10011,4,4,11,aligned,1,1,test,0.011640548706054688,0,1,3,101,64
L4_W64_H4,0,test:d1:t0:paligned:tree101:i10012,4,4,11,aligned,0,1,test,0.07005500793457031,0,1,3,101,64
L4_W64_H4,0,test:d1:t0:paligned:tree101:i10013,4,4,11,aligned,1,1,test,-0.10097312927246094,0,0,3,101,64
L4_W64_H4,1,test:d1:t0:paligned:tree101:i10014,4,4,11,aligned,0,1,test,0.010259628295898438,0,1,3,101,64
L4_W64_H4,1,test:d1:t0:paligned:tree101:i10015,4,4,11,aligned,1,1,test,-0.015420913696289062,0,0,3,101,64
L4_W64_H4,0,test:d1:t0:paligned:tree211:i10000,4,4,11,aligned,0,1,test,0.060558319091796875,0,1,3,211,64
L4_W64_H4,0,test:d1:t0:paligned:tree211:i10001,4,4,11,aligned,1,1,test,-0.07238578796386719,0,0,3,211,64
L4_W64_H4,1,test:d1:t0:paligned:tree211:i10002,4,4,11,aligned,0,1,test,0.01450347900390625,0,1,3,211,64
L4_W64_H4,1,test:d1:t0:paligned:tree211:i10003,4,4,11,aligned,1,1,test,-0.03307342529296875,0,0,3,211,64
L4_W64_H4,0,test:d1:t0:paligned:tree211:i10004,4,4,11,aligned,0,1,test,0.12293434143066406,0,1,3,211,64
L4_W64_H4,0,test:d1:t0:paligned:tree211:i10005,4,4,11,aligned,1,1,test,-0.014560699462890625,0,0,3,211,64
L4_W64_H4,1,test:d1:t0:paligned:tree211:i10006,4,4,11,aligned,0,1,test,0.06777000427246094,0,1,3,211,64
L4_W64_H4,1,test:d1:t0:paligned:tree211:i10007,4,4,11,aligned,1,1,test,0.0087738037109375,0,1,3,211,64
L4_W64_H4,0,test:d1:t0:paligned:tree211:i10008,4,4,11,aligned,0,1,test,0.014619827270507812,0,1,3,211,64
L4_W64_H4,0,test:d1:t0:paligned:tree211:i10009,4,4,11,aligned,1,1,test,-0.12479400634765625,0,0,3,211,64
L4_W64_H4,1,test:d1:t0:paligned:tree211:i10010,4,4,11,aligned,0,1,test,0.0075626373291015625,0,1,3,211,64
L4_W64_H4,1,test:d1:t0:paligned:tree211:i10011,4,4,11,aligned,1,1,test,0.012655258178710938,0,1,3,211,64
L4_W64_H4,0,test:d1:t0:paligned:tree211:i10012,4,4,11,aligned,0,1,test,0.1011505126953125,0,1,3,211,64
L4_W64_H4,0,test:d1:t0:paligned:tree211:i10013,4,4,11,aligned,1,1,test,0.00146484375,0,1,3,211,64
L4_W64_H4,1,test:d1:t0:paligned:tree211:i10014,4,4,11,aligned,0,1,test,0.05229377746582031,0,1,3,211,64
L4_W64_H4,1,test:d1:t0:paligned:tree211:i10015,4,4,11,aligned,1,1,test,0.03576850891113281,0,1,3,211,64
L4_W64_H4,0,test:d1:t0:paligned:tree307:i10000,4,4,11,aligned,0,1,test,0.011615753173828125,0,1,3,307,64
L4_W64_H4,0,test:d1:t0:paligned:tree307:i10001,4,4,11,aligned,1,1,test,-0.08149337768554688,0,0,3,307,64
L4_W64_H4,1,test:d1:t0:paligned:tree307:i10002,4,4,11,aligned,0,1,test,0.023744583129882812,0,1,3,307,64
L4_W64_H4,1,test:d1:t0:paligned:tree307:i10003,4,4,11,aligned,1,1,test,-0.04132270812988281,0,0,3,307,64
L4_W64_H4,0,test:d1:t0:paligned:tree307:i10004,4,4,11,aligned,0,1,test,0.000957489013671875,0,1,3,307,64
L4_W64_H4,0,test:d1:t0:paligned:tree307:i10005,4,4,11,aligned,1,1,test,-0.022352218627929688,0,0,3,307,64
L4_W64_H4,1,test:d1:t0:paligned:tree307:i10006,4,4,11,aligned,0,1,test,0.0030670166015625,0,1,3,307,64
L4_W64_H4,1,test:d1:t0:paligned:tree307:i10007,4,4,11,aligned,1,1,test,-0.1171875,0,0,3,307,64
L4_W64_H4,0,test:d1:t0:paligned:tree307:i10008,4,4,11,aligned,0,1,test,0.049587249755859375,0,1,3,307,64
L4_W64_H4,0,test:d1:t0:paligned:tree307:i10009,4,4,11,aligned,1,1,test,-0.033840179443359375,0,0,3,307,64
L4_W64_H4,1,test:d1:t0:paligned:tree307:i10010,4,4,11,aligned,0,1,test,0.016241073608398438,0,1,3,307,64
L4_W64_H4,1,test:d1:t0:paligned:tree307:i10011,4,4,11,aligned,1,1,test,-0.07845115661621094,0,0,3,307,64
L4_W64_H4,0,test:d1:t0:paligned:tree307:i10012,4,4,11,aligned,0,1,test,0.01313018798828125,0,1,3,307,64
L4_W64_H4,0,test:d1:t0:paligned:tree307:i10013,4,4,11,aligned,1,1,test,-0.00814056396484375,0,0,3,307,64
L4_W64_H4,1,test:d1:t0:paligned:tree307:i10014,4,4,11,aligned,0,1,test,-0.04923248291015625,0,0,3,307,64
L4_W64_H4,1,test:d1:t0:paligned:tree307:i10015,4,4,11,aligned,1,1,test,0.06189155578613281,0,1,3,307,64
L4_W64_H4,1,test:d1:t0:prandomized:tree101:i10003,4,4,11,randomized,1,1,test,-0.020029067993164062,0,0,3,101,64
L4_W64_H4,0,test:d1:t0:prandomized:tree211:i10000,4,4,11,randomized,0,1,test,0.060558319091796875,0,1,3,211,64
L4_W64_H4,0,test:d1:t0:prandomized:tree211:i10004,4,4,11,randomized,0,1,test,0.12293434143066406,0,1,3,211,64
L4_W64_H4,1,test:d1:t0:prandomized:tree211:i10010,4,4,11,randomized,0,1,test,0.0075626373291015625,0,1,3,211,64
L4_W64_H4,0,test:d1:t0:prandomized:tree307:i10000,4,4,11,randomized,0,1,test,0.011615753173828125,0,1,3,307,64
L4_W64_H4,1,test:d1:t0:prandomized:tree307:i10002,4,4,11,randomized,0,1,test,0.023744583129882812,0,1,3,307,64
L4_W64_H4,0,test:d1:t1:paligned:tree101:i10000,4,4,11,aligned,0,1,test,-0.013439178466796875,1,0,3,101,64
L4_W64_H4,0,test:d1:t1:paligned:tree101:i10001,4,4,11,aligned,1,1,test,-0.025533676147460938,1,0,3,101,64
L4_W64_H4,1,test:d1:t1:paligned:tree101:i10002,4,4,11,aligned,0,1,test,0.10723495483398438,1,1,3,101,64
L4_W64_H4,1,test:d1:t1:paligned:tree101:i10003,4,4,11,aligned,1,1,test,-0.013345718383789062,1,0,3,101,64
L4_W64_H4,0,test:d1:t1:paligned:tree101:i10004,4,4,11,aligned,0,1,test,-0.0039424896240234375,1,0,3,101,64
L4_W64_H4,0,test:d1:t1:paligned:tree101:i10005,4,4,11,aligned,1,1,test,0.0099945068359375,1,1,3,101,64
L4_W64_H4,1,test:d1:t1:paligned:tree101:i10006,4,4,11,aligned,0,1,test,-0.022897720336914062,1,0,3,101,64
L4_W64_H4,1,test:d1:t1:paligned:tree101:i10007,4,4,11,aligned,1,1,test,0.024600982666015625,1,1,3,101,64
L4_W64_H4,0,test:d1:t1:paligned:tree101:i10008,4,4,11,aligned,0,1,test,-0.024625778198242188,1,0,3,101,64
L4_W64_H4,0,test:d1:t1:paligned:tree101:i10009,4,4,11,aligned,1,1,test,0.023031234741210938,1,1,3,101,64
L4_W64_H4,1,test:d1:t1:paligned:tree101:i10010,4,4,11,aligned,0,1,test,0.0614471435546875,1,1,3,101,64
L4_W64_H4,1,test:d1:t1:paligned:tree101:i10011,4,4,11,aligned,1,1,test,0.01377105712890625,1,1,3,101,64
L4_W64_H4,0,test:d1:t1:paligned:tree101:i10012,4,4,11,aligned,0,1,test,0.06290054321289062,1,1,3,101,64
L4_W64_H4,0,test:d1:t1:paligned:tree101:i10013,4,4,11,aligned,1,1,test,-0.09708023071289062,1,0,3,101,64
L4_W64_H4,1,test:d1:t1:paligned:tree101:i10014,4,4,11,aligned,0,1,test,0.013414382934570312,1,1,3,101,64
L4_W64_H4,1,test:d1:t1:paligned:tree101:i10015,4,4,11,aligned,1,1,test,-0.017225265502929688,1,0,3,101,64
L4_W64_H4,0,test:d1:t1:paligned:tree211:i10000,4,4,11,aligned,0,1,test,0.05812835693359375,1,1,3,211,64
L4_W64_H4,0,test:d1:t1:paligned:tree211:i10001,4,4,11,aligned,1,1,test,-0.06807518005371094,1,0,3,211,64
L4_W64_H4,1,test:d1:t1:paligned:tree211:i10002,4,4,11,aligned,0,1,test,0.015104293823242188,1,1,3,211,64
L4_W64_H4,1,test:d1:t1:paligned:tree211:i10003,4,4,11,aligned,1,1,test,-0.0339813232421875,1,0,3,211,64
L4_W64_H4,0,test:d1:t1:paligned:tree211:i10004,4,4,11,aligned,0,1,test,0.11902999877929688,1,1,3,211,64
L4_W64_H4,0,test:d1:t1:paligned:tree211:i10005,4,4,11,aligned,1,1,test,-0.013532638549804688,1,0,3,211,64
L4_W64_H4,1,test:d1:t1:paligned:tree211:i10006,4,4,11,aligned,0,1,test,0.07118606567382812,1,1,3,211,64
L4_W64_H4,1,test:d1:t1:paligned:tree211:i10007,4,4,11,aligned,1,1,test,0.010345458984375,1,1,3,211,64
L4_W64_H4,0,test:d1:t1:paligned:tree211:i10008,4,4,11,aligned,0,1,test,0.016763687133789062,1,1,3,211,64
L4_W64_H4,0,test:d1:t1:paligned:tree211:i10009,4,4,11,aligned,1,1,test,-0.12221336364746094,1,0,3,211,64
L4_W64_H4,1,test:d1:t1:paligned:tree211:i10010,4,4,11,aligned,0,1,test,0.007099151611328125,1,1,3,211,64
L4_W64_H4,1,test:d1:t1:paligned:tree211:i10011,4,4,11,aligned,1,1,test,0.021314620971679688,1,1,3,211,64
L4_W64_H4,0,test:d1:t1:paligned:tree211:i10012,4,4,11,aligned,0,1,test,0.09775733947753906,1,1,3,211,64
L4_W64_H4,0,test:d1:t1:paligned:tree211:i10013,4,4,11,aligned,1,1,test,0.0008640289306640625,1,1,3,211,64
L4_W64_H4,1,test:d1:t1:paligned:tree211:i10014,4,4,11,aligned,0,1,test,0.04924964904785156,1,1,3,211,64
L4_W64_H4,1,test:d1:t1:paligned:tree211:i10015,4,4,11,aligned,1,1,test,0.035411834716796875,1,1,3,211,64
L4_W64_H4,0,test:d1:t1:paligned:tree307:i10000,4,4,11,aligned,0,1,test,0.011753082275390625,1,1,3,307,64
L4_W64_H4,0,test:d1:t1:paligned:tree307:i10001,4,4,11,aligned,1,1,test,-0.07646751403808594,1,0,3,307,64
L4_W64_H4,1,test:d1:t1:paligned:tree307:i10002,4,4,11,aligned,0,1,test,0.01970672607421875,1,1,3,307,64
L4_W64_H4,1,test:d1:t1:paligned:tree307:i10003,4,4,11,aligned,1,1,test,-0.03457450866699219,1,0,3,307,64
L4_W64_H4,0,test:d1:t1:paligned:tree307:i10004,4,4,11,aligned,0,1,test,-0.0015430450439453125,1,0,3,307,64
L4_W64_H4,0,test:d1:t1:paligned:tree307:i10005,4,4,11,aligned,1,1,test,-0.021450042724609375,1,0,3,307,64
L4_W64_H4,1,test:d1:t1:paligned:tree307:i10006,4,4,11,aligned,0,1,test,0.0048580169677734375,1,1,3,307,64
L4_W64_H4,1,test:d1:t1:paligned:tree307:i10007,4,4,11,aligned,1,1,test,-0.11490440368652344,1,0,3,307,64
L4_W64_H4,0,test:d1:t1:paligned:tree307:i10008,4,4,11,aligned,0,1,test,0.048870086669921875,1,1,3,307,64
L4_W64_H4,0,test:d1:t1:paligned:tree307:i10009,4,4,11,aligned,1,1,test,-0.025217056274414062,1,0,3,307,64
L4_W64_H4,1,test:d1:t1:paligned:tree307:i10010,4,4,11,aligned,0,1,test,0.019800186157226562,1,1,3,307,64
L4_W64_H4,1,test:d1:t1:paligned:tree307:i10011,4,4,11,aligned,1,1,test,-0.07562255859375,1,0,3,307,64
L4_W64_H4,0,test:d1:t1:paligned:tree307:i10012,4,4,11,aligned,0,1,test,0.01363372802734375,1,1,3,307,64
L4_W64_H4,0,test:d1:t1:paligned:tree307:i10013,4,4,11,aligned,1,1,test,-0.0051364898681640625,1,0,3,307,64
L4_W64_H4,1,test:d1:t1:paligned:tree307:i10014,4,4,11,aligned,0,1,test,-0.05085182189941406,1,0,3,307,64
L4_W64_H4,1,test:d1:t1:paligned:tree307:i10015,4,4,11,aligned,1,1,test,0.0639801025390625,1,1,3,307,64
L4_W64_H4,1,test:d1:t1:prandomized:tree101:i10003,4,4,11,randomized,1,1,test,-0.013345718383789062,1,0,3,101,64
L4_W64_H4,0,test:d1:t1:prandomized:tree211:i10000,4,4,11,randomized,0,1,test,0.05812835693359375,1,1,3,211,64
L4_W64_H4,0,test:d1:t1:prandomized:tree211:i10004,4,4,11,randomized,0,1,test,0.11902999877929688,1,1,3,211,64
L4_W64_H4,1,test:d1:t1:prandomized:tree211:i10010,4,4,11,randomized,0,1,test,0.007099151611328125,1,1,3,211,64
L4_W64_H4,0,test:d1:t1:prandomized:tree307:i10000,4,4,11,randomized,0,1,test,0.011753082275390625,1,1,3,307,64
L4_W64_H4,1,test:d1:t1:prandomized:tree307:i10002,4,4,11,randomized,0,1,test,0.019708633422851562,1,1,3,307,64
L4_W64_H4,0,test:d1:t2:paligned:tree101:i10000,4,4,11,aligned,0,1,test,-0.009723663330078125,2,0,3,101,64
L4_W64_H4,0,test:d1:t2:paligned:tree101:i10001,4,4,11,aligned,1,1,test,-0.026395797729492188,2,0,3,101,64
L4_W64_H4,1,test:d1:t2:paligned:tree101:i10002,4,4,11,aligned,0,1,test,0.11285972595214844,2,1,3,101,64
L4_W64_H4,1,test:d1:t2:paligned:tree101:i10003,4,4,11,aligned,1,1,test,-0.02213287353515625,2,0,3,101,64
L4_W64_H4,0,test:d1:t2:paligned:tree101:i10004,4,4,11,aligned,0,1,test,-0.0054454803466796875,2,0,3,101,64
L4_W64_H4,0,test:d1:t2:paligned:tree101:i10005,4,4,11,aligned,1,1,test,0.008548736572265625,2,1,3,101,64
L4_W64_H4,1,test:d1:t2:paligned:tree101:i10006,4,4,11,aligned,0,1,test,-0.016735076904296875,2,0,3,101,64
L4_W64_H4,1,test:d1:t2:paligned:tree101:i10007,4,4,11,aligned,1,1,test,0.020259857177734375,2,1,3,101,64
L4_W64_H4,0,test:d1:t2:paligned:tree101:i10008,4,4,11,aligned,0,1,test,-0.02892303466796875,2,0,3,101,64
L4_W64_H4,0,test:d1:t2:paligned:tree101:i10009,4,4,11,aligned,1,1,test,0.0233917236328125,2,1,3,101,64
L4_W64_H4,1,test:d1:t2:paligned:tree101:i10010,4,4,11,aligned,0,1,test,0.06072044372558594,2,1,3,101,64
L4_W64_H4,1,test:d1:t2:paligned:tree101:i10011,4,4,11,aligned,1,1,test,0.010133743286132812,2,1,3,101,64
L4_W64_H4,0,test:d1:t2:paligned:tree101:i10012,4,4,11,aligned,0,1,test,0.07086563110351562,2,1,3,101,64
L4_W64_H4,0,test:d1:t2:paligned:tree101:i10013,4,4,11,aligned,1,1,test,-0.10204887390136719,2,0,3,101,64
L4_W64_H4,1,test:d1:t2:paligned:tree101:i10014,4,4,11,aligned,0,1,test,0.01204681396484375,2,1,3,101,64
L4_W64_H4,1,test:d1:t2:paligned:tree101:i10015,4,4,11,aligned,1,1,test,-0.01621246337890625,2,0,3,101,64
L4_W64_H4,0,test:d1:t2:paligned:tree211:i10000,4,4,11,aligned,0,1,test,0.06070899963378906,2,1,3,211,64
L4_W64_H4,0,test:d1:t2:paligned:tree211:i10001,4,4,11,aligned,1,1,test,-0.07382583618164062,2,0,3,211,64
L4_W64_H4,1,test:d1:t2:paligned:tree211:i10002,4,4,11,aligned,0,1,test,0.014678955078125,2,1,3,211,64
L4_W64_H4,1,test:d1:t2:paligned:tree211:i10003,4,4,11,aligned,1,1,test,-0.03390693664550781,2,0,3,211,64
L4_W64_H4,0,test:d1:t2:paligned:tree211:i10004,4,4,11,aligned,0,1,test,0.12456321716308594,2,1,3,211,64
L4_W64_H4,0,test:d1:t2:paligned:tree211:i10005,4,4,11,aligned,1,1,test,-0.018529891967773438,2,0,3,211,64
L4_W64_H4,1,test:d1:t2:paligned:tree211:i10006,4,4,11,aligned,0,1,test,0.06719207763671875,2,1,3,211,64
L4_W64_H4,1,test:d1:t2:paligned:tree211:i10007,4,4,11,aligned,1,1,test,0.00788116455078125,2,1,3,211,64
L4_W64_H4,0,test:d1:t2:paligned:tree211:i10008,4,4,11,aligned,0,1,test,0.017713546752929688,2,1,3,211,64
L4_W64_H4,0,test:d1:t2:paligned:tree211:i10009,4,4,11,aligned,1,1,test,-0.12866783142089844,2,0,3,211,64
L4_W64_H4,1,test:d1:t2:paligned:tree211:i10010,4,4,11,aligned,0,1,test,0.008350372314453125,2,1,3,211,64
L4_W64_H4,1,test:d1:t2:paligned:tree211:i10011,4,4,11,aligned,1,1,test,0.013051986694335938,2,1,3,211,64
L4_W64_H4,0,test:d1:t2:paligned:tree211:i10012,4,4,11,aligned,0,1,test,0.10337257385253906,2,1,3,211,64
L4_W64_H4,0,test:d1:t2:paligned:tree211:i10013,4,4,11,aligned,1,1,test,0.000598907470703125,2,1,3,211,64
L4_W64_H4,1,test:d1:t2:paligned:tree211:i10014,4,4,11,aligned,0,1,test,0.05436515808105469,2,1,3,211,64
L4_W64_H4,1,test:d1:t2:paligned:tree211:i10015,4,4,11,aligned,1,1,test,0.036334991455078125,2,1,3,211,64
L4_W64_H4,0,test:d1:t2:paligned:tree307:i10000,4,4,11,aligned,0,1,test,0.017292022705078125,2,1,3,307,64
L4_W64_H4,0,test:d1:t2:paligned:tree307:i10001,4,4,11,aligned,1,1,test,-0.08302116394042969,2,0,3,307,64
L4_W64_H4,1,test:d1:t2:paligned:tree307:i10002,4,4,11,aligned,0,1,test,0.02164459228515625,2,1,3,307,64
L4_W64_H4,1,test:d1:t2:paligned:tree307:i10003,4,4,11,aligned,1,1,test,-0.04210090637207031,2,0,3,307,64
L4_W64_H4,0,test:d1:t2:paligned:tree307:i10004,4,4,11,aligned,0,1,test,0.00223541259765625,2,1,3,307,64
L4_W64_H4,0,test:d1:t2:paligned:tree307:i10005,4,4,11,aligned,1,1,test,-0.024799346923828125,2,0,3,307,64
L4_W64_H4,1,test:d1:t2:paligned:tree307:i10006,4,4,11,aligned,0,1,test,0.0037059783935546875,2,1,3,307,64
L4_W64_H4,1,test:d1:t2:paligned:tree307:i10007,4,4,11,aligned,1,1,test,-0.12030029296875,2,0,3,307,64
L4_W64_H4,0,test:d1:t2:paligned:tree307:i10008,4,4,11,aligned,0,1,test,0.051227569580078125,2,1,3,307,64
L4_W64_H4,0,test:d1:t2:paligned:tree307:i10009,4,4,11,aligned,1,1,test,-0.033428192138671875,2,0,3,307,64
L4_W64_H4,1,test:d1:t2:paligned:tree307:i10010,4,4,11,aligned,0,1,test,0.018503189086914062,2,1,3,307,64
L4_W64_H4,1,test:d1:t2:paligned:tree307:i10011,4,4,11,aligned,1,1,test,-0.07948493957519531,2,0,3,307,64
L4_W64_H4,0,test:d1:t2:paligned:tree307:i10012,4,4,11,aligned,0,1,test,0.014200210571289062,2,1,3,307,64
L4_W64_H4,0,test:d1:t2:paligned:tree307:i10013,4,4,11,aligned,1,1,test,-0.010498046875,2,0,3,307,64
L4_W64_H4,1,test:d1:t2:paligned:tree307:i10014,4,4,11,aligned,0,1,test,-0.046703338623046875,2,0,3,307,64
L4_W64_H4,1,test:d1:t2:paligned:tree307:i10015,4,4,11,aligned,1,1,test,0.060184478759765625,2,1,3,307,64
L4_W64_H4,1,test:d1:t2:prandomized:tree101:i10006,4,4,11,randomized,0,1,test,-0.016735076904296875,2,0,3,101,64
L4_W64_H4,0,test:d1:t2:prandomized:tree211:i10000,4,4,11,randomized,0,1,test,0.06070899963378906,2,1,3,211,64
L4_W64_H4,1,test:d1:t2:prandomized:tree307:i10002,4,4,11,randomized,0,1,test,0.02164459228515625,2,1,3,307,64
L4_W64_H4,0,test:d1:t2:prandomized:tree307:i10009,4,4,11,randomized,1,1,test,-0.033428192138671875,2,0,3,307,64
L4_W64_H4,0,test:d1:t3:paligned:tree101:i10000,4,4,11,aligned,0,1,test,-0.011991500854492188,3,0,3,101,64
L4_W64_H4,0,test:d1:t3:paligned:tree101:i10001,4,4,11,aligned,1,1,test,-0.024587631225585938,3,0,3,101,64
L4_W64_H4,1,test:d1:t3:paligned:tree101:i10002,4,4,11,aligned,0,1,test,0.10915565490722656,3,1,3,101,64
L4_W64_H4,1,test:d1:t3:paligned:tree101:i10003,4,4,11,aligned,1,1,test,-0.013011932373046875,3,0,3,101,64
L4_W64_H4,0,test:d1:t3:paligned:tree101:i10004,4,4,11,aligned,0,1,test,-0.003997802734375,3,0,3,101,64
L4_W64_H4,0,test:d1:t3:paligned:tree101:i10005,4,4,11,aligned,1,1,test,0.009881973266601562,3,1,3,101,64
L4_W64_H4,1,test:d1:t3:paligned:tree101:i10006,4,4,11,aligned,0,1,test,-0.022001266479492188,3,0,3,101,64
L4_W64_H4,1,test:d1:t3:paligned:tree101:i10007,4,4,11,aligned,1,1,test,0.024385452270507812,3,1,3,101,64
L4_W64_H4,0,test:d1:t3:paligned:tree101:i10008,4,4,11,aligned,0,1,test,-0.025264739990234375,3,0,3,101,64
L4_W64_H4,0,test:d1:t3:paligned:tree101:i10009,4,4,11,aligned,1,1,test,0.02313995361328125,3,1,3,101,64
L4_W64_H4,1,test:d1:t3:paligned:tree101:i10010,4,4,11,aligned,0,1,test,0.06176567077636719,3,1,3,101,64
L4_W64_H4,1,test:d1:t3:paligned:tree101:i10011,4,4,11,aligned,1,1,test,0.014097213745117188,3,1,3,101,64
L4_W64_H4,0,test:d1:t3:paligned:tree101:i10012,4,4,11,aligned,0,1,test,0.062381744384765625,3,1,3,101,64
L4_W64_H4,0,test:d1:t3:paligned:tree101:i10013,4,4,11,aligned,1,1,test,-0.09811973571777344,3,0,3,101,64
L4_W64_H4,1,test:d1:t3:paligned:tree101:i10014,4,4,11,aligned,0,1,test,0.012844085693359375,3,1,3,101,64
L4_W64_H4,1,test:d1:t3:paligned:tree101:i10015,4,4,11,aligned,1,1,test,-0.016551971435546875,3,0,3,101,64
L4_W64_H4,0,test:d1:t3:paligned:tree211:i10000,4,4,11,aligned,0,1,test,0.05826377868652344,3,1,3,211,64
L4_W64_H4,0,test:d1:t3:paligned:tree211:i10001,4,4,11,aligned,1,1,test,-0.06960678100585938,3,0,3,211,64
L4_W64_H4,1,test:d1:t3:paligned:tree211:i10002,4,4,11,aligned,0,1,test,0.01238250732421875,3,1,3,211,64
L4_W64_H4,1,test:d1:t3:paligned:tree211:i10003,4,4,11,aligned,1,1,test,-0.03384590148925781,3,0,3,211,64
L4_W64_H4,0,test:d1:t3:paligned:tree211:i10004,4,4,11,aligned,0,1,test,0.12153434753417969,3,1,3,211,64
L4_W64_H4,0,test:d1:t3:paligned:tree211:i10005,4,4,11,aligned,1,1,test,-0.012269973754882812,3,0,3,211,64
L4_W64_H4,1,test:d1:t3:paligned:tree211:i10006,4,4,11,aligned,0,1,test,0.07356452941894531,3,1,3,211,64
L4_W64_H4,1,test:d1:t3:paligned:tree211:i10007,4,4,11,aligned,1,1,test,0.009441375732421875,3,1,3,211,64
L4_W64_H4,0,test:d1:t3:paligned:tree211:i10008,4,4,11,aligned,0,1,test,0.015157699584960938,3,1,3,211,64
L4_W64_H4,0,test:d1:t3:paligned:tree211:i10009,4,4,11,aligned,1,1,test,-0.12312889099121094,3,0,3,211,64
L4_W64_H4,1,test:d1:t3:paligned:tree211:i10010,4,4,11,aligned,0,1,test,0.0063343048095703125,3,1,3,211,64
L4_W64_H4,1,test:d1:t3:paligned:tree211:i10011,4,4,11,aligned,1,1,test,0.020111083984375,3,1,3,211,64
L4_W64_H4,0,test:d1:t3:paligned:tree211:i10012,4,4,11,aligned,0,1,test,0.09920692443847656,3,1,3,211,64
L4_W64_H4,0,test:d1:t3:paligned:tree211:i10013,4,4,11,aligned,1,1,test,0.0003299713134765625,3,1,3,211,64
L4_W64_H4,1,test:d1:t3:paligned:tree211:i10014,4,4,11,aligned,0,1,test,0.05032157897949219,3,1,3,211,64
L4_W64_H4,1,test:d1:t3:paligned:tree211:i10015,4,4,11,aligned,1,1,test,0.03391838073730469,3,1,3,211,64
L4_W64_H4,0,test:d1:t3:paligned:tree307:i10000,4,4,11,aligned,0,1,test,0.0066471099853515625,3,1,3,307,64
L4_W64_H4,0,test:d1:t3:paligned:tree307:i10001,4,4,11,aligned,1,1,test,-0.07684516906738281,3,0,3,307,64
L4_W64_H4,1,test:d1:t3:paligned:tree307:i10002,4,4,11,aligned,0,1,test,0.020048141479492188,3,1,3,307,64
L4_W64_H4,1,test:d1:t3:paligned:tree307:i10003,4,4,11,aligned,1,1,test,-0.03450775146484375,3,0,3,307,64
L4_W64_H4,0,test:d1:t3:paligned:tree307:i10004,4,4,11,aligned,0,1,test,-0.0016460418701171875,3,0,3,307,64
L4_W64_H4,0,test:d1:t3:paligned:tree307:i10005,4,4,11,aligned,1,1,test,-0.02237701416015625,3,0,3,307,64
L4_W64_H4,1,test:d1:t3:paligned:tree307:i10006,4,4,11,aligned,0,1,test,0.0050029754638671875,3,1,3,307,64
L4_W64_H4,1,test:d1:t3:paligned:tree307:i10007,4,4,11,aligned,1,1,test,-0.11596298217773438,3,0,3,307,64
L4_W64_H4,0,test:d1:t3:paligned:tree307:i10008,4,4,11,aligned,0,1,test,0.04973411560058594,3,1,3,307,64
L4_W64_H4,0,test:d1:t3:paligned:tree307:i10009,4,4,11,aligned,1,1,test,-0.025178909301757812,3,0,3,307,64
L4_W64_H4,1,test:d1:t3:paligned:tree307:i10010,4,4,11,aligned,0,1,test,0.01847076416015625,3,1,3,307,64
L4_W64_H4,1,test:d1:t3:paligned:tree307:i10011,4,4,11,aligned,1,1,test,-0.07683372497558594,3,0,3,307,64
L4_W64_H4,0,test:d1:t3:paligned:tree307:i10012,4,4,11,aligned,0,1,test,0.013950347900390625,3,1,3,307,64
L4_W64_H4,0,test:d1:t3:paligned:tree307:i10013,4,4,11,aligned,1,1,test,-0.00748443603515625,3,0,3,307,64
L4_W64_H4,1,test:d1:t3:paligned:tree307:i10014,4,4,11,aligned,0,1,test,-0.04913139343261719,3,0,3,307,64
L4_W64_H4,1,test:d1:t3:paligned:tree307:i10015,4,4,11,aligned,1,1,test,0.06452369689941406,3,1,3,307,64
L4_W64_H4,1,test:d1:t3:prandomized:tree101:i10006,4,4,11,randomized,0,1,test,-0.022001266479492188,3,0,3,101,64
L4_W64_H4,0,test:d1:t3:prandomized:tree211:i10000,4,4,11,randomized,0,1,test,0.05826377868652344,3,1,3,211,64
L4_W64_H4,1,test:d1:t3:prandomized:tree307:i10002,4,4,11,randomized,0,1,test,0.020048141479492188,3,1,3,307,64
L4_W64_H4,0,test:d1:t3:prandomized:tree307:i10009,4,4,11,randomized,1,1,test,-0.025178909301757812,3,0,3,307,64
L4_W64_H4,0,validation:d1:t0:prandomized:tree101:i10013,4,4,11,randomized,1,1,validation,0.017797470092773438,0,1,3,101,64
L4_W64_H4,1,validation:d1:t0:prandomized:tree101:i10014,4,4,11,randomized,0,1,validation,0.07702445983886719,0,1,3,101,64
L4_W64_H4,1,validation:d1:t0:prandomized:tree101:i10015,4,4,11,randomized,1,1,validation,0.04393577575683594,0,1,3,101,64
L4_W64_H4,1,validation:d1:t0:prandomized:tree211:i10014,4,4,11,randomized,0,1,validation,0.010519027709960938,0,1,3,211,64
L4_W64_H4,0,validation:d1:t1:prandomized:tree101:i10013,4,4,11,randomized,1,1,validation,0.018423080444335938,1,1,3,101,64
L4_W64_H4,1,validation:d1:t1:prandomized:tree101:i10014,4,4,11,randomized,0,1,validation,0.07427597045898438,1,1,3,101,64
L4_W64_H4,1,validation:d1:t1:prandomized:tree101:i10015,4,4,11,randomized,1,1,validation,0.049503326416015625,1,1,3,101,64
L4_W64_H4,1,validation:d1:t1:prandomized:tree211:i10014,4,4,11,randomized,0,1,validation,0.0029735565185546875,1,1,3,211,64
L4_W64_H4,0,validation:d1:t2:prandomized:tree101:i10001,4,4,11,randomized,1,1,validation,-0.04776573181152344,2,0,3,101,64
L4_W64_H4,1,validation:d1:t2:prandomized:tree101:i10003,4,4,11,randomized,1,1,validation,-0.02104949951171875,2,0,3,101,64
L4_W64_H4,0,validation:d1:t2:prandomized:tree101:i10005,4,4,11,randomized,1,1,validation,-0.009540557861328125,2,0,3,101,64
L4_W64_H4,1,validation:d1:t2:prandomized:tree307:i10010,4,4,11,randomized,0,1,validation,0.022180557250976562,2,1,3,307,64
L4_W64_H4,1,validation:d1:t2:prandomized:tree307:i10014,4,4,11,randomized,0,1,validation,0.03295135498046875,2,1,3,307,64
L4_W64_H4,0,validation:d1:t3:prandomized:tree101:i10001,4,4,11,randomized,1,1,validation,-0.042240142822265625,3,0,3,101,64
L4_W64_H4,1,validation:d1:t3:prandomized:tree101:i10003,4,4,11,randomized,1,1,validation,-0.0154266357421875,3,0,3,101,64
L4_W64_H4,0,validation:d1:t3:prandomized:tree101:i10005,4,4,11,randomized,1,1,validation,-0.008333206176757812,3,0,3,101,64
L4_W64_H4,1,validation:d1:t3:prandomized:tree307:i10010,4,4,11,randomized,0,1,validation,0.026584625244140625,3,1,3,307,64
L4_W64_H4,1,validation:d1:t3:prandomized:tree307:i10014,4,4,11,randomized,0,1,validation,0.03405952453613281,3,1,3,307,64
L4_W64_H4,0,test:d1:t0:prandomized:tree101:i10013,4,4,11,randomized,1,1,test,-0.09803199768066406,0,0,3,101,64
L4_W64_H4,1,test:d1:t0:prandomized:tree101:i10014,4,4,11,randomized,0,1,test,0.0017719268798828125,0,1,3,101,64
L4_W64_H4,1,test:d1:t0:prandomized:tree101:i10015,4,4,11,randomized,1,1,test,-0.0139923095703125,0,0,3,101,64
L4_W64_H4,1,test:d1:t0:prandomized:tree211:i10014,4,4,11,randomized,0,1,test,0.04817962646484375,0,1,3,211,64
L4_W64_H4,0,test:d1:t1:prandomized:tree101:i10013,4,4,11,randomized,1,1,test,-0.09369277954101562,1,0,3,101,64
L4_W64_H4,1,test:d1:t1:prandomized:tree101:i10014,4,4,11,randomized,0,1,test,0.0043697357177734375,1,1,3,101,64
L4_W64_H4,1,test:d1:t1:prandomized:tree101:i10015,4,4,11,randomized,1,1,test,-0.0120391845703125,1,0,3,101,64
L4_W64_H4,1,test:d1:t1:prandomized:tree211:i10014,4,4,11,randomized,0,1,test,0.04521942138671875,1,1,3,211,64
L4_W64_H4,0,test:d1:t2:prandomized:tree101:i10001,4,4,11,randomized,1,1,test,-0.024171829223632812,2,0,3,101,64
L4_W64_H4,1,test:d1:t2:prandomized:tree101:i10003,4,4,11,randomized,1,1,test,-0.018850326538085938,2,0,3,101,64
L4_W64_H4,0,test:d1:t2:prandomized:tree101:i10005,4,4,11,randomized,1,1,test,0.01168060302734375,2,1,3,101,64
L4_W64_H4,1,test:d1:t2:prandomized:tree307:i10010,4,4,11,randomized,0,1,test,0.014780044555664062,2,1,3,307,64
L4_W64_H4,1,test:d1:t2:prandomized:tree307:i10014,4,4,11,randomized,0,1,test,-0.05002403259277344,2,0,3,307,64
L4_W64_H4,0,test:d1:t3:prandomized:tree101:i10001,4,4,11,randomized,1,1,test,-0.025150299072265625,3,0,3,101,64
L4_W64_H4,1,test:d1:t3:prandomized:tree101:i10003,4,4,11,randomized,1,1,test,-0.011541366577148438,3,0,3,101,64
L4_W64_H4,0,test:d1:t3:prandomized:tree101:i10005,4,4,11,randomized,1,1,test,0.013647079467773438,3,1,3,101,64
L4_W64_H4,1,test:d1:t3:prandomized:tree307:i10010,4,4,11,randomized,0,1,test,0.015621185302734375,3,1,3,307,64
L4_W64_H4,1,test:d1:t3:prandomized:tree307:i10014,4,4,11,randomized,0,1,test,-0.054508209228515625,3,0,3,307,64
L4_W64_H4,0,validation:d1:t0:prandomized:tree307:i10004,4,4,11,randomized,0,1,validation,-0.052112579345703125,0,0,3,307,64
L4_W64_H4,0,validation:d1:t0:prandomized:tree307:i10012,4,4,11,randomized,0,1,validation,-0.03216743469238281,0,0,3,307,64
L4_W64_H4,0,validation:d1:t0:prandomized:tree307:i10013,4,4,11,randomized,1,1,validation,0.0367889404296875,0,1,3,307,64
L4_W64_H4,0,validation:d1:t1:prandomized:tree307:i10004,4,4,11,randomized,0,1,validation,-0.062435150146484375,1,0,3,307,64
L4_W64_H4,0,validation:d1:t1:prandomized:tree307:i10012,4,4,11,randomized,0,1,validation,-0.037212371826171875,1,0,3,307,64
L4_W64_H4,0,validation:d1:t1:prandomized:tree307:i10013,4,4,11,randomized,1,1,validation,0.03552436828613281,1,1,3,307,64
L4_W64_H4,1,validation:d1:t2:prandomized:tree101:i10002,4,4,11,randomized,0,1,validation,0.025968551635742188,2,1,3,101,64
L4_W64_H4,0,validation:d1:t2:prandomized:tree211:i10008,4,4,11,randomized,0,1,validation,-0.027479171752929688,2,0,3,211,64
L4_W64_H4,0,validation:d1:t2:prandomized:tree211:i10013,4,4,11,randomized,1,1,validation,-0.0406341552734375,2,0,3,211,64
L4_W64_H4,1,validation:d1:t2:prandomized:tree211:i10014,4,4,11,randomized,0,1,validation,-0.0025196075439453125,2,0,3,211,64
L4_W64_H4,1,validation:d1:t3:prandomized:tree101:i10002,4,4,11,randomized,0,1,validation,0.01763153076171875,3,1,3,101,64
L4_W64_H4,0,validation:d1:t3:prandomized:tree211:i10008,4,4,11,randomized,0,1,validation,-0.03104400634765625,3,0,3,211,64
L4_W64_H4,0,validation:d1:t3:prandomized:tree211:i10013,4,4,11,randomized,1,1,validation,-0.03484344482421875,3,0,3,211,64
L4_W64_H4,1,validation:d1:t3:prandomized:tree211:i10014,4,4,11,randomized,0,1,validation,-0.007099151611328125,3,0,3,211,64
L4_W64_H4,0,test:d1:t0:prandomized:tree307:i10004,4,4,11,randomized,0,1,test,-0.015810012817382812,0,0,3,307,64
L4_W64_H4,0,test:d1:t0:prandomized:tree307:i10012,4,4,11,randomized,0,1,test,-0.002197265625,0,0,3,307,64
L4_W64_H4,0,test:d1:t0:prandomized:tree307:i10013,4,4,11,randomized,1,1,test,0.005298614501953125,0,1,3,307,64
L4_W64_H4,0,test:d1:t1:prandomized:tree307:i10004,4,4,11,randomized,0,1,test,-0.020389556884765625,1,0,3,307,64
L4_W64_H4,0,test:d1:t1:prandomized:tree307:i10012,4,4,11,randomized,0,1,test,-0.00289154052734375,1,0,3,307,64
L4_W64_H4,0,test:d1:t1:prandomized:tree307:i10013,4,4,11,randomized,1,1,test,0.007625579833984375,1,1,3,307,64
L4_W64_H4,1,test:d1:t2:prandomized:tree101:i10002,4,4,11,randomized,0,1,test,0.09637641906738281,2,1,3,101,64
L4_W64_H4,0,test:d1:t2:prandomized:tree211:i10008,4,4,11,randomized,0,1,test,-0.0035762786865234375,2,0,3,211,64
L4_W64_H4,0,test:d1:t2:prandomized:tree211:i10013,4,4,11,randomized,1,1,test,0.017171859741210938,2,1,3,211,64
L4_W64_H4,1,test:d1:t2:prandomized:tree211:i10014,4,4,11,randomized,0,1,test,0.03572654724121094,2,1,3,211,64
L4_W64_H4,1,test:d1:t3:prandomized:tree101:i10002,4,4,11,randomized,0,1,test,0.09250450134277344,3,1,3,101,64
L4_W64_H4,0,test:d1:t3:prandomized:tree211:i10008,4,4,11,randomized,0,1,test,-0.005146026611328125,3,0,3,211,64
L4_W64_H4,0,test:d1:t3:prandomized:tree211:i10013,4,4,11,randomized,1,1,test,0.017482757568359375,3,1,3,211,64
L4_W64_H4,1,test:d1:t3:prandomized:tree211:i10014,4,4,11,randomized,0,1,test,0.03298187255859375,3,1,3,211,64
L4_W64_H4,0,validation:d1:t0:prandomized:tree101:i10001,4,4,11,randomized,1,1,validation,-0.02146148681640625,0,0,3,101,64
L4_W64_H4,1,validation:d1:t0:prandomized:tree101:i10002,4,4,11,randomized,0,1,validation,0.011617660522460938,0,1,3,101,64
L4_W64_H4,0,validation:d1:t0:prandomized:tree101:i10005,4,4,11,randomized,1,1,validation,0.011434555053710938,0,1,3,101,64
L4_W64_H4,1,validation:d1:t0:prandomized:tree101:i10007,4,4,11,randomized,1,1,validation,-0.05010795593261719,0,0,3,101,64
L4_W64_H4,0,validation:d1:t0:prandomized:tree101:i10008,4,4,11,randomized,0,1,validation,-0.008119583129882812,0,0,3,101,64
L4_W64_H4,1,validation:d1:t0:prandomized:tree101:i10010,4,4,11,randomized,0,1,validation,0.07177734375,0,1,3,101,64
L4_W64_H4,0,validation:d1:t0:prandomized:tree101:i10012,4,4,11,randomized,0,1,validation,0.0394439697265625,0,1,3,101,64
L4_W64_H4,0,validation:d1:t0:prandomized:tree211:i10005,4,4,11,randomized,1,1,validation,0.05175590515136719,0,1,3,211,64
L4_W64_H4,0,validation:d1:t0:prandomized:tree307:i10008,4,4,11,randomized,0,1,validation,0.034160614013671875,0,1,3,307,64
L4_W64_H4,1,validation:d1:t0:prandomized:tree307:i10011,4,4,11,randomized,1,1,validation,-0.021854400634765625,0,0,3,307,64
L4_W64_H4,0,validation:d1:t1:prandomized:tree101:i10001,4,4,11,randomized,1,1,validation,-0.022554397583007812,1,0,3,101,64
L4_W64_H4,1,validation:d1:t1:prandomized:tree101:i10002,4,4,11,randomized,0,1,validation,0.0053462982177734375,1,1,3,101,64
L4_W64_H4,0,validation:d1:t1:prandomized:tree101:i10005,4,4,11,randomized,1,1,validation,0.00994110107421875,1,1,3,101,64
L4_W64_H4,1,validation:d1:t1:prandomized:tree101:i10007,4,4,11,randomized,1,1,validation,-0.049106597900390625,1,0,3,101,64
L4_W64_H4,0,validation:d1:t1:prandomized:tree101:i10008,4,4,11,randomized,0,1,validation,-0.010004043579101562,1,0,3,101,64
L4_W64_H4,1,validation:d1:t1:prandomized:tree101:i10010,4,4,11,randomized,0,1,validation,0.07024955749511719,1,1,3,101,64
L4_W64_H4,0,validation:d1:t1:prandomized:tree101:i10012,4,4,11,randomized,0,1,validation,0.038280487060546875,1,1,3,101,64
L4_W64_H4,0,validation:d1:t1:prandomized:tree211:i10005,4,4,11,randomized,1,1,validation,0.04899024963378906,1,1,3,211,64
L4_W64_H4,0,validation:d1:t1:prandomized:tree307:i10008,4,4,11,randomized,0,1,validation,0.028470993041992188,1,1,3,307,64
L4_W64_H4,1,validation:d1:t1:prandomized:tree307:i10011,4,4,11,randomized,1,1,validation,-0.022237777709960938,1,0,3,307,64
L4_W64_H4,1,validation:d1:t2:prandomized:tree101:i10007,4,4,11,randomized,1,1,validation,-0.05193519592285156,2,0,3,101,64
L4_W64_H4,0,validation:d1:t2:prandomized:tree211:i10004,4,4,11,randomized,0,1,validation,-0.03323554992675781,2,0,3,211,64
L4_W64_H4,0,validation:d1:t2:prandomized:tree211:i10012,4,4,11,randomized,0,1,validation,-0.03734397888183594,2,0,3,211,64
L4_W64_H4,1,validation:d1:t2:prandomized:tree211:i10015,4,4,11,randomized,1,1,validation,-0.058406829833984375,2,0,3,211,64
L4_W64_H4,1,validation:d1:t2:prandomized:tree307:i10007,4,4,11,randomized,1,1,validation,0.053241729736328125,2,1,3,307,64
L4_W64_H4,1,validation:d1:t2:prandomized:tree307:i10011,4,4,11,randomized,1,1,validation,-0.025548934936523438,2,0,3,307,64
L4_W64_H4,1,validation:d1:t2:prandomized:tree307:i10015,4,4,11,randomized,1,1,validation,0.06339263916015625,2,1,3,307,64
L4_W64_H4,1,validation:d1:t3:prandomized:tree101:i10007,4,4,11,randomized,1,1,validation,-0.05014610290527344,3,0,3,101,64
L4_W64_H4,0,validation:d1:t3:prandomized:tree211:i10004,4,4,11,randomized,0,1,validation,-0.03370857238769531,3,0,3,211,64
L4_W64_H4,0,validation:d1:t3:prandomized:tree211:i10012,4,4,11,randomized,0,1,validation,-0.04057502746582031,3,0,3,211,64
L4_W64_H4,1,validation:d1:t3:prandomized:tree211:i10015,4,4,11,randomized,1,1,validation,-0.05021858215332031,3,0,3,211,64
L4_W64_H4,1,validation:d1:t3:prandomized:tree307:i10007,4,4,11,randomized,1,1,validation,0.05767631530761719,3,1,3,307,64
L4_W64_H4,1,validation:d1:t3:prandomized:tree307:i10011,4,4,11,randomized,1,1,validation,-0.023099899291992188,3,0,3,307,64
L4_W64_H4,1,validation:d1:t3:prandomized:tree307:i10015,4,4,11,randomized,1,1,validation,0.07328224182128906,3,1,3,307,64
L4_W64_H4,0,test:d1:t0:prandomized:tree101:i10001,4,4,11,randomized,1,1,test,-0.003322601318359375,0,0,3,101,64
L4_W64_H4,1,test:d1:t0:prandomized:tree101:i10002,4,4,11,randomized,0,1,test,0.0856781005859375,0,1,3,101,64
L4_W64_H4,0,test:d1:t0:prandomized:tree101:i10005,4,4,11,randomized,1,1,test,0.03423500061035156,0,1,3,101,64
L4_W64_H4,1,test:d1:t0:prandomized:tree101:i10007,4,4,11,randomized,1,1,test,0.056671142578125,0,1,3,101,64
L4_W64_H4,0,test:d1:t0:prandomized:tree101:i10008,4,4,11,randomized,0,1,test,-0.05944252014160156,0,0,3,101,64
L4_W64_H4,1,test:d1:t0:prandomized:tree101:i10010,4,4,11,randomized,0,1,test,0.042255401611328125,0,1,3,101,64
L4_W64_H4,0,test:d1:t0:prandomized:tree101:i10012,4,4,11,randomized,0,1,test,0.039455413818359375,0,1,3,101,64
L4_W64_H4,0,test:d1:t0:prandomized:tree211:i10005,4,4,11,randomized,1,1,test,0.015920639038085938,0,1,3,211,64
L4_W64_H4,0,test:d1:t0:prandomized:tree307:i10008,4,4,11,randomized,0,1,test,0.019794464111328125,0,1,3,307,64
L4_W64_H4,1,test:d1:t0:prandomized:tree307:i10011,4,4,11,randomized,1,1,test,-0.056438446044921875,0,0,3,307,64
L4_W64_H4,0,test:d1:t1:prandomized:tree101:i10001,4,4,11,randomized,1,1,test,-0.0054645538330078125,1,0,3,101,64
L4_W64_H4,1,test:d1:t1:prandomized:tree101:i10002,4,4,11,randomized,0,1,test,0.08094596862792969,1,1,3,101,64
L4_W64_H4,0,test:d1:t1:prandomized:tree101:i10005,4,4,11,randomized,1,1,test,0.0348358154296875,1,1,3,101,64
L4_W64_H4,1,test:d1:t1:prandomized:tree101:i10007,4,4,11,randomized,1,1,test,0.05933380126953125,1,1,3,101,64
L4_W64_H4,0,test:d1:t1:prandomized:tree101:i10008,4,4,11,randomized,0,1,test,-0.0572052001953125,1,0,3,101,64
L4_W64_H4,1,test:d1:t1:prandomized:tree101:i10010,4,4,11,randomized,0,1,test,0.039669036865234375,1,1,3,101,64
L4_W64_H4,0,test:d1:t1:prandomized:tree101:i10012,4,4,11,randomized,0,1,test,0.03377532958984375,1,1,3,101,64
L4_W64_H4,0,test:d1:t1:prandomized:tree211:i10005,4,4,11,randomized,1,1,test,0.018924713134765625,1,1,3,211,64
L4_W64_H4,0,test:d1:t1:prandomized:tree307:i10008,4,4,11,randomized,0,1,test,0.021032333374023438,1,1,3,307,64
L4_W64_H4,1,test:d1:t1:prandomized:tree307:i10011,4,4,11,randomized,1,1,test,-0.0513916015625,1,0,3,307,64
L4_W64_H4,1,test:d1:t2:prandomized:tree101:i10007,4,4,11,randomized,1,1,test,0.05637168884277344,2,1,3,101,64
L4_W64_H4,0,test:d1:t2:prandomized:tree211:i10004,4,4,11,randomized,0,1,test,0.09894561767578125,2,1,3,211,64
L4_W64_H4,0,test:d1:t2:prandomized:tree211:i10012,4,4,11,randomized,0,1,test,0.07636451721191406,2,1,3,211,64
L4_W64_H4,1,test:d1:t2:prandomized:tree211:i10015,4,4,11,randomized,1,1,test,0.06142234802246094,2,1,3,211,64
L4_W64_H4,1,test:d1:t2:prandomized:tree307:i10007,4,4,11,randomized,1,1,test,-0.08803176879882812,2,0,3,307,64
L4_W64_H4,1,test:d1:t2:prandomized:tree307:i10011,4,4,11,randomized,1,1,test,-0.056976318359375,2,0,3,307,64
L4_W64_H4,1,test:d1:t2:prandomized:tree307:i10015,4,4,11,randomized,1,1,test,0.10144233703613281,2,1,3,307,64
L4_W64_H4,1,test:d1:t3:prandomized:tree101:i10007,4,4,11,randomized,1,1,test,0.0600128173828125,3,1,3,101,64
L4_W64_H4,0,test:d1:t3:prandomized:tree211:i10004,4,4,11,randomized,0,1,test,0.09351348876953125,3,1,3,211,64
L4_W64_H4,0,test:d1:t3:prandomized:tree211:i10012,4,4,11,randomized,0,1,test,0.07138824462890625,3,1,3,211,64
L4_W64_H4,1,test:d1:t3:prandomized:tree211:i10015,4,4,11,randomized,1,1,test,0.06354522705078125,3,1,3,211,64
L4_W64_H4,1,test:d1:t3:prandomized:tree307:i10007,4,4,11,randomized,1,1,test,-0.08749961853027344,3,0,3,307,64
L4_W64_H4,1,test:d1:t3:prandomized:tree307:i10011,4,4,11,randomized,1,1,test,-0.04903602600097656,3,0,3,307,64
L4_W64_H4,1,test:d1:t3:prandomized:tree307:i10015,4,4,11,randomized,1,1,test,0.10657119750976562,3,1,3,307,64
L4_W64_H4,0,validation:d1:t0:prandomized:tree101:i10000,4,4,11,randomized,0,1,validation,0.09274673461914062,0,1,3,101,64
L4_W64_H4,1,validation:d1:t0:prandomized:tree101:i10006,4,4,11,randomized,0,1,validation,0.046230316162109375,0,1,3,101,64
L4_W64_H4,1,validation:d1:t0:prandomized:tree211:i10003,4,4,11,randomized,1,1,validation,0.07393836975097656,0,1,3,211,64
L4_W64_H4,0,validation:d1:t0:prandomized:tree211:i10008,4,4,11,randomized,0,1,validation,-0.057277679443359375,0,0,3,211,64
L4_W64_H4,1,validation:d1:t0:prandomized:tree307:i10010,4,4,11,randomized,0,1,validation,-0.014478683471679688,0,0,3,307,64
L4_W64_H4,0,validation:d1:t1:prandomized:tree101:i10000,4,4,11,randomized,0,1,validation,0.09044265747070312,1,1,3,101,64
L4_W64_H4,1,validation:d1:t1:prandomized:tree101:i10006,4,4,11,randomized,0,1,validation,0.044132232666015625,1,1,3,101,64
L4_W64_H4,1,validation:d1:t1:prandomized:tree211:i10003,4,4,11,randomized,1,1,validation,0.069610595703125,1,1,3,211,64
L4_W64_H4,0,validation:d1:t1:prandomized:tree211:i10008,4,4,11,randomized,0,1,validation,-0.04566001892089844,1,0,3,211,64
L4_W64_H4,1,validation:d1:t1:prandomized:tree307:i10010,4,4,11,randomized,0,1,validation,-0.013563156127929688,1,0,3,307,64
L4_W64_H4,0,validation:d1:t2:prandomized:tree101:i10009,4,4,11,randomized,1,1,validation,0.019609451293945312,2,1,3,101,64
L4_W64_H4,1,validation:d1:t2:prandomized:tree211:i10006,4,4,11,randomized,0,1,validation,-0.0384979248046875,2,0,3,211,64
L4_W64_H4,1,validation:d1:t2:prandomized:tree211:i10007,4,4,11,randomized,1,1,validation,-0.06365203857421875,2,0,3,211,64
L4_W64_H4,0,validation:d1:t3:prandomized:tree101:i10009,4,4,11,randomized,1,1,validation,0.023492813110351562,3,1,3,101,64
L4_W64_H4,1,validation:d1:t3:prandomized:tree211:i10006,4,4,11,randomized,0,1,validation,-0.04445075988769531,3,0,3,211,64
L4_W64_H4,1,validation:d1:t3:prandomized:tree211:i10007,4,4,11,randomized,1,1,validation,-0.06403350830078125,3,0,3,211,64
L4_W64_H4,0,test:d1:t0:prandomized:tree101:i10000,4,4,11,randomized,0,1,test,-0.05318450927734375,0,0,3,101,64
L4_W64_H4,1,test:d1:t0:prandomized:tree101:i10006,4,4,11,randomized,0,1,test,-0.06067466735839844,0,0,3,101,64
L4_W64_H4,1,test:d1:t0:prandomized:tree211:i10003,4,4,11,randomized,1,1,test,0.00641632080078125,0,1,3,211,64
L4_W64_H4,0,test:d1:t0:prandomized:tree211:i10008,4,4,11,randomized,0,1,test,-0.0274505615234375,0,0,3,211,64
L4_W64_H4,1,test:d1:t0:prandomized:tree307:i10010,4,4,11,randomized,0,1,test,-0.024688720703125,0,0,3,307,64
L4_W64_H4,0,test:d1:t1:prandomized:tree101:i10000,4,4,11,randomized,0,1,test,-0.05532646179199219,1,0,3,101,64
L4_W64_H4,1,test:d1:t1:prandomized:tree101:i10006,4,4,11,randomized,0,1,test,-0.06321334838867188,1,0,3,101,64
L4_W64_H4,1,test:d1:t1:prandomized:tree211:i10003,4,4,11,randomized,1,1,test,0.0075283050537109375,1,1,3,211,64
L4_W64_H4,0,test:d1:t1:prandomized:tree211:i10008,4,4,11,randomized,0,1,test,-0.024755477905273438,1,0,3,211,64
L4_W64_H4,1,test:d1:t1:prandomized:tree307:i10010,4,4,11,randomized,0,1,test,-0.027894973754882812,1,0,3,307,64
L4_W64_H4,0,test:d1:t2:prandomized:tree101:i10009,4,4,11,randomized,1,1,test,0.06569671630859375,2,1,3,101,64
L4_W64_H4,1,test:d1:t2:prandomized:tree211:i10006,4,4,11,randomized,0,1,test,0.0254974365234375,2,1,3,211,64
L4_W64_H4,1,test:d1:t2:prandomized:tree211:i10007,4,4,11,randomized,1,1,test,0.04033470153808594,2,1,3,211,64
L4_W64_H4,0,test:d1:t3:prandomized:tree101:i10009,4,4,11,randomized,1,1,test,0.06441497802734375,3,1,3,101,64
L4_W64_H4,1,test:d1:t3:prandomized:tree211:i10006,4,4,11,randomized,0,1,test,0.026510238647460938,3,1,3,211,64
L4_W64_H4,1,test:d1:t3:prandomized:tree211:i10007,4,4,11,randomized,1,1,test,0.042171478271484375,3,1,3,211,64
L4_W64_H4,0,validation:d1:t0:prandomized:tree101:i10004,4,4,11,randomized,0,1,validation,-0.1319580078125,0,0,3,101,64
L4_W64_H4,1,validation:d1:t0:prandomized:tree211:i10002,4,4,11,randomized,0,1,validation,-0.06073570251464844,0,0,3,211,64
L4_W64_H4,1,validation:d1:t0:prandomized:tree211:i10006,4,4,11,randomized,0,1,validation,-0.05118370056152344,0,0,3,211,64
L4_W64_H4,1,validation:d1:t0:prandomized:tree211:i10011,4,4,11,randomized,1,1,validation,0.030229568481445312,0,1,3,211,64
L4_W64_H4,0,validation:d1:t0:prandomized:tree307:i10005,4,4,11,randomized,1,1,validation,-0.00778961181640625,0,0,3,307,64
L4_W64_H4,0,validation:d1:t1:prandomized:tree101:i10004,4,4,11,randomized,0,1,validation,-0.132415771484375,1,0,3,101,64
L4_W64_H4,1,validation:d1:t1:prandomized:tree211:i10002,4,4,11,randomized,0,1,validation,-0.06699943542480469,1,0,3,211,64
L4_W64_H4,1,validation:d1:t1:prandomized:tree211:i10006,4,4,11,randomized,0,1,validation,-0.05158805847167969,1,0,3,211,64
L4_W64_H4,1,validation:d1:t1:prandomized:tree211:i10011,4,4,11,randomized,1,1,validation,0.026388168334960938,1,1,3,211,64
L4_W64_H4,0,validation:d1:t1:prandomized:tree307:i10005,4,4,11,randomized,1,1,validation,-0.006778717041015625,1,0,3,307,64
L4_W64_H4,0,validation:d1:t2:prandomized:tree101:i10013,4,4,11,randomized,1,1,validation,0.0574493408203125,2,1,3,101,64
L4_W64_H4,1,validation:d1:t2:prandomized:tree101:i10015,4,4,11,randomized,1,1,validation,0.08419227600097656,2,1,3,101,64
L4_W64_H4,1,validation:d1:t2:prandomized:tree211:i10002,4,4,11,randomized,0,1,validation,-0.06327629089355469,2,0,3,211,64
L4_W64_H4,0,validation:d1:t2:prandomized:tree211:i10009,4,4,11,randomized,1,1,validation,0.047969818115234375,2,1,3,211,64
L4_W64_H4,1,validation:d1:t2:prandomized:tree211:i10011,4,4,11,randomized,1,1,validation,0.029453277587890625,2,1,3,211,64
L4_W64_H4,0,validation:d1:t2:prandomized:tree307:i10000,4,4,11,randomized,0,1,validation,0.03461265563964844,2,1,3,307,64
L4_W64_H4,0,validation:d1:t2:prandomized:tree307:i10008,4,4,11,randomized,0,1,validation,0.025257110595703125,2,1,3,307,64
L4_W64_H4,0,validation:d1:t3:prandomized:tree101:i10013,4,4,11,randomized,1,1,validation,0.058170318603515625,3,1,3,101,64
L4_W64_H4,1,validation:d1:t3:prandomized:tree101:i10015,4,4,11,randomized,1,1,validation,0.08882904052734375,3,1,3,101,64
L4_W64_H4,1,validation:d1:t3:prandomized:tree211:i10002,4,4,11,randomized,0,1,validation,-0.06674575805664062,3,0,3,211,64
L4_W64_H4,0,validation:d1:t3:prandomized:tree211:i10009,4,4,11,randomized,1,1,validation,0.0527801513671875,3,1,3,211,64
L4_W64_H4,1,validation:d1:t3:prandomized:tree211:i10011,4,4,11,randomized,1,1,validation,0.026765823364257812,3,1,3,211,64
L4_W64_H4,0,validation:d1:t3:prandomized:tree307:i10000,4,4,11,randomized,0,1,validation,0.030591964721679688,3,1,3,307,64
L4_W64_H4,0,validation:d1:t3:prandomized:tree307:i10008,4,4,11,randomized,0,1,validation,0.018960952758789062,3,1,3,307,64
L4_W64_H4,0,test:d1:t0:prandomized:tree101:i10004,4,4,11,randomized,0,1,test,-0.05327796936035156,0,0,3,101,64
L4_W64_H4,1,test:d1:t0:prandomized:tree211:i10002,4,4,11,randomized,0,1,test,-0.0221710205078125,0,0,3,211,64
L4_W64_H4,1,test:d1:t0:prandomized:tree211:i10006,4,4,11,randomized,0,1,test,0.02030181884765625,0,1,3,211,64
L4_W64_H4,1,test:d1:t0:prandomized:tree211:i10011,4,4,11,randomized,1,1,test,0.06887245178222656,0,1,3,211,64
L4_W64_H4,0,test:d1:t0:prandomized:tree307:i10005,4,4,11,randomized,1,1,test,0.024549484252929688,0,1,3,307,64
L4_W64_H4,0,test:d1:t1:prandomized:tree101:i10004,4,4,11,randomized,0,1,test,-0.060638427734375,1,0,3,101,64
L4_W64_H4,1,test:d1:t1:prandomized:tree211:i10002,4,4,11,randomized,0,1,test,-0.024263381958007812,1,0,3,211,64
L4_W64_H4,1,test:d1:t1:prandomized:tree211:i10006,4,4,11,randomized,0,1,test,0.024379730224609375,1,1,3,211,64
L4_W64_H4,1,test:d1:t1:prandomized:tree211:i10011,4,4,11,randomized,1,1,test,0.07066917419433594,1,1,3,211,64
L4_W64_H4,0,test:d1:t1:prandomized:tree307:i10005,4,4,11,randomized,1,1,test,0.022693634033203125,1,1,3,307,64
L4_W64_H4,0,test:d1:t2:prandomized:tree101:i10013,4,4,11,randomized,1,1,test,-0.05628204345703125,2,0,3,101,64
L4_W64_H4,1,test:d1:t2:prandomized:tree101:i10015,4,4,11,randomized,1,1,test,0.028194427490234375,2,1,3,101,64
L4_W64_H4,1,test:d1:t2:prandomized:tree211:i10002,4,4,11,randomized,0,1,test,-0.023283004760742188,2,0,3,211,64
L4_W64_H4,0,test:d1:t2:prandomized:tree211:i10009,4,4,11,randomized,1,1,test,-0.08110618591308594,2,0,3,211,64
L4_W64_H4,1,test:d1:t2:prandomized:tree211:i10011,4,4,11,randomized,1,1,test,0.06900787353515625,2,1,3,211,64
L4_W64_H4,0,test:d1:t2:prandomized:tree307:i10000,4,4,11,randomized,0,1,test,-0.030124664306640625,2,0,3,307,64
L4_W64_H4,0,test:d1:t2:prandomized:tree307:i10008,4,4,11,randomized,0,1,test,0.010358810424804688,2,1,3,307,64
L4_W64_H4,0,test:d1:t3:prandomized:tree101:i10013,4,4,11,randomized,1,1,test,-0.05285453796386719,3,0,3,101,64
L4_W64_H4,1,test:d1:t3:prandomized:tree101:i10015,4,4,11,randomized,1,1,test,0.03667640686035156,3,1,3,101,64
L4_W64_H4,1,test:d1:t3:prandomized:tree211:i10002,4,4,11,randomized,0,1,test,-0.026018142700195312,3,0,3,211,64
L4_W64_H4,0,test:d1:t3:prandomized:tree211:i10009,4,4,11,randomized,1,1,test,-0.07715034484863281,3,0,3,211,64
L4_W64_H4,1,test:d1:t3:prandomized:tree211:i10011,4,4,11,randomized,1,1,test,0.07194137573242188,3,1,3,211,64
L4_W64_H4,0,test:d1:t3:prandomized:tree307:i10000,4,4,11,randomized,0,1,test,-0.027696609497070312,3,0,3,307,64
L4_W64_H4,0,test:d1:t3:prandomized:tree307:i10008,4,4,11,randomized,0,1,test,0.014719009399414062,3,1,3,307,64
L4_W64_H4,0,validation:d1:t0:prandomized:tree101:i10009,4,4,11,randomized,1,1,validation,0.03215599060058594,0,1,3,101,64
L4_W64_H4,0,validation:d1:t0:prandomized:tree211:i10001,4,4,11,randomized,1,1,validation,-0.005161285400390625,0,0,3,211,64
L4_W64_H4,1,validation:d1:t0:prandomized:tree211:i10007,4,4,11,randomized,1,1,validation,-0.055233001708984375,0,0,3,211,64
L4_W64_H4,1,validation:d1:t0:prandomized:tree211:i10015,4,4,11,randomized,1,1,validation,-0.04065132141113281,0,0,3,211,64
L4_W64_H4,1,validation:d1:t0:prandomized:tree307:i10006,4,4,11,randomized,0,1,validation,-0.021734237670898438,0,0,3,307,64
L4_W64_H4,1,validation:d1:t0:prandomized:tree307:i10007,4,4,11,randomized,1,1,validation,0.08669662475585938,0,1,3,307,64
L4_W64_H4,0,validation:d1:t0:prandomized:tree307:i10009,4,4,11,randomized,1,1,validation,0.05146598815917969,0,1,3,307,64
L4_W64_H4,0,validation:d1:t1:prandomized:tree101:i10009,4,4,11,randomized,1,1,validation,0.02582550048828125,1,1,3,101,64
L4_W64_H4,0,validation:d1:t1:prandomized:tree211:i10001,4,4,11,randomized,1,1,validation,-0.0042171478271484375,1,0,3,211,64
L4_W64_H4,1,validation:d1:t1:prandomized:tree211:i10007,4,4,11,randomized,1,1,validation,-0.05738067626953125,1,0,3,211,64
L4_W64_H4,1,validation:d1:t1:prandomized:tree211:i10015,4,4,11,randomized,1,1,validation,-0.035213470458984375,1,0,3,211,64
L4_W64_H4,1,validation:d1:t1:prandomized:tree307:i10006,4,4,11,randomized,0,1,validation,-0.02031707763671875,1,0,3,307,64
L4_W64_H4,1,validation:d1:t1:prandomized:tree307:i10007,4,4,11,randomized,1,1,validation,0.08392333984375,1,1,3,307,64
L4_W64_H4,0,validation:d1:t1:prandomized:tree307:i10009,4,4,11,randomized,1,1,validation,0.04559326171875,1,1,3,307,64
L4_W64_H4,1,validation:d1:t2:prandomized:tree101:i10011,4,4,11,randomized,1,1,validation,-0.08545875549316406,2,0,3,101,64
L4_W64_H4,0,validation:d1:t2:prandomized:tree211:i10001,4,4,11,randomized,1,1,validation,-0.0048122406005859375,2,0,3,211,64
L4_W64_H4,0,validation:d1:t2:prandomized:tree211:i10005,4,4,11,randomized,1,1,validation,0.06873703002929688,2,1,3,211,64
L4_W64_H4,0,validation:d1:t2:prandomized:tree307:i10005,4,4,11,randomized,1,1,validation,-0.001674652099609375,2,0,3,307,64
L4_W64_H4,1,validation:d1:t3:prandomized:tree101:i10011,4,4,11,randomized,1,1,validation,-0.08306884765625,3,0,3,101,64
L4_W64_H4,0,validation:d1:t3:prandomized:tree211:i10001,4,4,11,randomized,1,1,validation,-0.004863739013671875,3,0,3,211,64
L4_W64_H4,0,validation:d1:t3:prandomized:tree211:i10005,4,4,11,randomized,1,1,validation,0.07816696166992188,3,1,3,211,64
L4_W64_H4,0,validation:d1:t3:prandomized:tree307:i10005,4,4,11,randomized,1,1,validation,-0.0015850067138671875,3,0,3,307,64
L4_W64_H4,0,test:d1:t0:prandomized:tree101:i10009,4,4,11,randomized,1,1,test,0.06753921508789062,0,1,3,101,64
L4_W64_H4,0,test:d1:t0:prandomized:tree211:i10001,4,4,11,randomized,1,1,test,-0.024633407592773438,0,0,3,211,64
L4_W64_H4,1,test:d1:t0:prandomized:tree211:i10007,4,4,11,randomized,1,1,test,0.05310821533203125,0,1,3,211,64
L4_W64_H4,1,test:d1:t0:prandomized:tree211:i10015,4,4,11,randomized,1,1,test,0.08500480651855469,0,1,3,211,64
L4_W64_H4,1,test:d1:t0:prandomized:tree307:i10006,4,4,11,randomized,0,1,test,-0.040576934814453125,0,0,3,307,64
L4_W64_H4,1,test:d1:t0:prandomized:tree307:i10007,4,4,11,randomized,1,1,test,-0.06745719909667969,0,0,3,307,64
L4_W64_H4,0,test:d1:t0:prandomized:tree307:i10009,4,4,11,randomized,1,1,test,0.030443191528320312,0,1,3,307,64
L4_W64_H4,0,test:d1:t1:prandomized:tree101:i10009,4,4,11,randomized,1,1,test,0.06854248046875,1,1,3,101,64
L4_W64_H4,0,test:d1:t1:prandomized:tree211:i10001,4,4,11,randomized,1,1,test,-0.025659561157226562,1,0,3,211,64
L4_W64_H4,1,test:d1:t1:prandomized:tree211:i10007,4,4,11,randomized,1,1,test,0.05007743835449219,1,1,3,211,64
L4_W64_H4,1,test:d1:t1:prandomized:tree211:i10015,4,4,11,randomized,1,1,test,0.084228515625,1,1,3,211,64
L4_W64_H4,1,test:d1:t1:prandomized:tree307:i10006,4,4,11,randomized,0,1,test,-0.03780364990234375,1,0,3,307,64
L4_W64_H4,1,test:d1:t1:prandomized:tree307:i10007,4,4,11,randomized,1,1,test,-0.07760047912597656,1,0,3,307,64
L4_W64_H4,0,test:d1:t1:prandomized:tree307:i10009,4,4,11,randomized,1,1,test,0.033359527587890625,1,1,3,307,64
L4_W64_H4,1,test:d1:t2:prandomized:tree101:i10011,4,4,11,randomized,1,1,test,0.06435585021972656,2,1,3,101,64
L4_W64_H4,0,test:d1:t2:prandomized:tree211:i10001,4,4,11,randomized,1,1,test,-0.024454116821289062,2,0,3,211,64
L4_W64_H4,0,test:d1:t2:prandomized:tree211:i10005,4,4,11,randomized,1,1,test,0.04097557067871094,2,1,3,211,64
L4_W64_H4,0,test:d1:t2:prandomized:tree307:i10005,4,4,11,randomized,1,1,test,0.025371551513671875,2,1,3,307,64
L4_W64_H4,1,test:d1:t3:prandomized:tree101:i10011,4,4,11,randomized,1,1,test,0.063079833984375,3,1,3,101,64
L4_W64_H4,0,test:d1:t3:prandomized:tree211:i10001,4,4,11,randomized,1,1,test,-0.025903701782226562,3,0,3,211,64
L4_W64_H4,0,test:d1:t3:prandomized:tree211:i10005,4,4,11,randomized,1,1,test,0.030857086181640625,3,1,3,211,64
L4_W64_H4,0,test:d1:t3:prandomized:tree307:i10005,4,4,11,randomized,1,1,test,0.027536392211914062,3,1,3,307,64
L4_W64_H4,0,validation:d1:t0:prandomized:tree211:i10009,4,4,11,randomized,1,1,validation,0.0571136474609375,0,1,3,211,64
L4_W64_H4,0,validation:d1:t0:prandomized:tree211:i10012,4,4,11,randomized,0,1,validation,-0.06445693969726562,0,0,3,211,64
L4_W64_H4,0,validation:d1:t1:prandomized:tree211:i10009,4,4,11,randomized,1,1,validation,0.05929756164550781,1,1,3,211,64
L4_W64_H4,0,validation:d1:t1:prandomized:tree211:i10012,4,4,11,randomized,0,1,validation,-0.06063270568847656,1,0,3,211,64
L4_W64_H4,0,validation:d1:t2:prandomized:tree101:i10000,4,4,11,randomized,0,1,validation,0.08017349243164062,2,1,3,101,64
L4_W64_H4,0,validation:d1:t2:prandomized:tree101:i10004,4,4,11,randomized,0,1,validation,-0.14105606079101562,2,0,3,101,64
L4_W64_H4,0,validation:d1:t2:prandomized:tree101:i10008,4,4,11,randomized,0,1,validation,-0.03466796875,2,0,3,101,64
L4_W64_H4,1,validation:d1:t2:prandomized:tree101:i10010,4,4,11,randomized,0,1,validation,0.05235862731933594,2,1,3,101,64
L4_W64_H4,1,validation:d1:t2:prandomized:tree211:i10010,4,4,11,randomized,0,1,validation,-0.07216262817382812,2,0,3,211,64
L4_W64_H4,1,validation:d1:t2:prandomized:tree307:i10006,4,4,11,randomized,0,1,validation,-0.023746490478515625,2,0,3,307,64
L4_W64_H4,0,validation:d1:t2:prandomized:tree307:i10012,4,4,11,randomized,0,1,validation,-0.07049942016601562,2,0,3,307,64
L4_W64_H4,0,validation:d1:t2:prandomized:tree307:i10013,4,4,11,randomized,1,1,validation,0.07642173767089844,2,1,3,307,64
L4_W64_H4,0,validation:d1:t3:prandomized:tree101:i10000,4,4,11,randomized,0,1,validation,0.07806968688964844,3,1,3,101,64
L4_W64_H4,0,validation:d1:t3:prandomized:tree101:i10004,4,4,11,randomized,0,1,validation,-0.1418132781982422,3,0,3,101,64
L4_W64_H4,0,validation:d1:t3:prandomized:tree101:i10008,4,4,11,randomized,0,1,validation,-0.028120040893554688,3,0,3,101,64
L4_W64_H4,1,validation:d1:t3:prandomized:tree101:i10010,4,4,11,randomized,0,1,validation,0.0486602783203125,3,1,3,101,64
L4_W64_H4,1,validation:d1:t3:prandomized:tree211:i10010,4,4,11,randomized,0,1,validation,-0.06904029846191406,3,0,3,211,64
L4_W64_H4,1,validation:d1:t3:prandomized:tree307:i10006,4,4,11,randomized,0,1,validation,-0.023565292358398438,3,0,3,307,64
L4_W64_H4,0,validation:d1:t3:prandomized:tree307:i10012,4,4,11,randomized,0,1,validation,-0.07362747192382812,3,0,3,307,64
L4_W64_H4,0,validation:d1:t3:prandomized:tree307:i10013,4,4,11,randomized,1,1,validation,0.07585334777832031,3,1,3,307,64
L4_W64_H4,0,validation:d2:t0:paligned:tree101:i20000,4,4,11,aligned,0,2,validation,-0.0557098388671875,0,0,4,101,64
L4_W64_H4,0,validation:d2:t0:paligned:tree101:i20001,4,4,11,aligned,1,2,validation,-0.0026988983154296875,0,0,4,101,64
L4_W64_H4,1,validation:d2:t0:paligned:tree101:i20002,4,4,11,aligned,0,2,validation,0.06063079833984375,0,1,4,101,64
L4_W64_H4,1,validation:d2:t0:paligned:tree101:i20003,4,4,11,aligned,1,2,validation,-0.018033981323242188,0,0,4,101,64
L4_W64_H4,0,validation:d2:t0:paligned:tree101:i20004,4,4,11,aligned,0,2,validation,-0.043643951416015625,0,0,4,101,64
L4_W64_H4,0,validation:d2:t0:paligned:tree101:i20005,4,4,11,aligned,1,2,validation,-0.00179290771484375,0,0,4,101,64
L4_W64_H4,1,validation:d2:t0:paligned:tree101:i20006,4,4,11,aligned,0,2,validation,-0.05345726013183594,0,0,4,101,64
L4_W64_H4,1,validation:d2:t0:paligned:tree101:i20007,4,4,11,aligned,1,2,validation,0.06069374084472656,0,1,4,101,64
L4_W64_H4,0,validation:d2:t0:paligned:tree101:i20008,4,4,11,aligned,0,2,validation,0.04566383361816406,0,1,4,101,64
L4_W64_H4,0,validation:d2:t0:paligned:tree101:i20009,4,4,11,aligned,1,2,validation,0.08307075500488281,0,1,4,101,64
L4_W64_H4,1,validation:d2:t0:paligned:tree101:i20010,4,4,11,aligned,0,2,validation,-0.049625396728515625,0,0,4,101,64
L4_W64_H4,1,validation:d2:t0:paligned:tree101:i20011,4,4,11,aligned,1,2,validation,0.08283615112304688,0,1,4,101,64
L4_W64_H4,0,validation:d2:t0:paligned:tree101:i20012,4,4,11,aligned,0,2,validation,-0.04575538635253906,0,0,4,101,64
L4_W64_H4,0,validation:d2:t0:paligned:tree101:i20013,4,4,11,aligned,1,2,validation,-0.013650894165039062,0,0,4,101,64
L4_W64_H4,1,validation:d2:t0:paligned:tree101:i20014,4,4,11,aligned,0,2,validation,0.016481399536132812,0,1,4,101,64
L4_W64_H4,1,validation:d2:t0:paligned:tree101:i20015,4,4,11,aligned,1,2,validation,0.06641769409179688,0,1,4,101,64
L4_W64_H4,0,validation:d2:t0:paligned:tree211:i20000,4,4,11,aligned,0,2,validation,-0.04149055480957031,0,0,4,211,64
L4_W64_H4,0,validation:d2:t0:paligned:tree211:i20001,4,4,11,aligned,1,2,validation,0.14869117736816406,0,1,4,211,64
L4_W64_H4,1,validation:d2:t0:paligned:tree211:i20002,4,4,11,aligned,0,2,validation,-0.00684356689453125,0,0,4,211,64
L4_W64_H4,1,validation:d2:t0:paligned:tree211:i20003,4,4,11,aligned,1,2,validation,0.0841064453125,0,1,4,211,64
L4_W64_H4,0,validation:d2:t0:paligned:tree211:i20004,4,4,11,aligned,0,2,validation,0.08661842346191406,0,1,4,211,64
L4_W64_H4,0,validation:d2:t0:paligned:tree211:i20005,4,4,11,aligned,1,2,validation,-0.05657196044921875,0,0,4,211,64
L4_W64_H4,1,validation:d2:t0:paligned:tree211:i20006,4,4,11,aligned,0,2,validation,-0.06524848937988281,0,0,4,211,64
L4_W64_H4,1,validation:d2:t0:paligned:tree211:i20007,4,4,11,aligned,1,2,validation,0.06683158874511719,0,1,4,211,64
L4_W64_H4,0,validation:d2:t0:paligned:tree211:i20008,4,4,11,aligned,0,2,validation,-0.07975196838378906,0,0,4,211,64
L4_W64_H4,0,validation:d2:t0:paligned:tree211:i20009,4,4,11,aligned,1,2,validation,-0.005710601806640625,0,0,4,211,64
L4_W64_H4,1,validation:d2:t0:paligned:tree211:i20010,4,4,11,aligned,0,2,validation,-0.047332763671875,0,0,4,211,64
L4_W64_H4,1,validation:d2:t0:paligned:tree211:i20011,4,4,11,aligned,1,2,validation,-0.008769989013671875,0,0,4,211,64
L4_W64_H4,0,validation:d2:t0:paligned:tree211:i20012,4,4,11,aligned,0,2,validation,-0.06603240966796875,0,0,4,211,64
L4_W64_H4,0,validation:d2:t0:paligned:tree211:i20013,4,4,11,aligned,1,2,validation,0.014251708984375,0,1,4,211,64
L4_W64_H4,1,validation:d2:t0:paligned:tree211:i20014,4,4,11,aligned,0,2,validation,-0.021312713623046875,0,0,4,211,64
L4_W64_H4,1,validation:d2:t0:paligned:tree211:i20015,4,4,11,aligned,1,2,validation,-0.050205230712890625,0,0,4,211,64
L4_W64_H4,0,validation:d2:t0:paligned:tree307:i20000,4,4,11,aligned,0,2,validation,-0.05387115478515625,0,0,4,307,64
L4_W64_H4,0,validation:d2:t0:paligned:tree307:i20001,4,4,11,aligned,1,2,validation,-0.04300689697265625,0,0,4,307,64
L4_W64_H4,1,validation:d2:t0:paligned:tree307:i20002,4,4,11,aligned,0,2,validation,0.003162384033203125,0,1,4,307,64
L4_W64_H4,1,validation:d2:t0:paligned:tree307:i20003,4,4,11,aligned,1,2,validation,-0.04073524475097656,0,0,4,307,64
L4_W64_H4,0,validation:d2:t0:paligned:tree307:i20004,4,4,11,aligned,0,2,validation,-0.030796051025390625,0,0,4,307,64
L4_W64_H4,0,validation:d2:t0:paligned:tree307:i20005,4,4,11,aligned,1,2,validation,0.012861251831054688,0,1,4,307,64
L4_W64_H4,1,validation:d2:t0:paligned:tree307:i20006,4,4,11,aligned,0,2,validation,0.040836334228515625,0,1,4,307,64
L4_W64_H4,1,validation:d2:t0:paligned:tree307:i20007,4,4,11,aligned,1,2,validation,0.004947662353515625,0,1,4,307,64
L4_W64_H4,0,validation:d2:t0:paligned:tree307:i20008,4,4,11,aligned,0,2,validation,0.06840324401855469,0,1,4,307,64
L4_W64_H4,0,validation:d2:t0:paligned:tree307:i20009,4,4,11,aligned,1,2,validation,-0.017148971557617188,0,0,4,307,64
L4_W64_H4,1,validation:d2:t0:paligned:tree307:i20010,4,4,11,aligned,0,2,validation,-0.07887077331542969,0,0,4,307,64
L4_W64_H4,1,validation:d2:t0:paligned:tree307:i20011,4,4,11,aligned,1,2,validation,-0.012826919555664062,0,0,4,307,64
L4_W64_H4,0,validation:d2:t0:paligned:tree307:i20012,4,4,11,aligned,0,2,validation,-0.02242279052734375,0,0,4,307,64
L4_W64_H4,0,validation:d2:t0:paligned:tree307:i20013,4,4,11,aligned,1,2,validation,-0.05198097229003906,0,0,4,307,64
L4_W64_H4,1,validation:d2:t0:paligned:tree307:i20014,4,4,11,aligned,0,2,validation,-0.0031032562255859375,0,0,4,307,64
L4_W64_H4,1,validation:d2:t0:paligned:tree307:i20015,4,4,11,aligned,1,2,validation,-0.00048828125,0,0,4,307,64
L4_W64_H4,1,validation:d2:t0:prandomized:tree101:i20011,4,4,11,randomized,1,2,validation,0.08283615112304688,0,1,4,101,64
L4_W64_H4,0,validation:d2:t0:prandomized:tree101:i20013,4,4,11,randomized,1,2,validation,-0.013650894165039062,0,0,4,101,64
L4_W64_H4,1,validation:d2:t0:prandomized:tree211:i20003,4,4,11,randomized,1,2,validation,0.0841064453125,0,1,4,211,64
L4_W64_H4,1,validation:d2:t0:prandomized:tree211:i20007,4,4,11,randomized,1,2,validation,0.06683158874511719,0,1,4,211,64
L4_W64_H4,0,validation:d2:t0:prandomized:tree211:i20012,4,4,11,randomized,0,2,validation,-0.06603240966796875,0,0,4,211,64
L4_W64_H4,0,validation:d2:t0:prandomized:tree307:i20008,4,4,11,randomized,0,2,validation,0.06840324401855469,0,1,4,307,64
L4_W64_H4,1,validation:d2:t0:prandomized:tree307:i20011,4,4,11,randomized,1,2,validation,-0.012826919555664062,0,0,4,307,64
L4_W64_H4,0,validation:d2:t0:prandomized:tree307:i20013,4,4,11,randomized,1,2,validation,-0.05198097229003906,0,0,4,307,64
L4_W64_H4,0,validation:d2:t1:paligned:tree101:i20000,4,4,11,aligned,0,2,validation,-0.049068450927734375,1,0,4,101,64
L4_W64_H4,0,validation:d2:t1:paligned:tree101:i20001,4,4,11,aligned,1,2,validation,-0.0069713592529296875,1,0,4,101,64
L4_W64_H4,1,validation:d2:t1:paligned:tree101:i20002,4,4,11,aligned,0,2,validation,0.05262565612792969,1,1,4,101,64
L4_W64_H4,1,validation:d2:t1:paligned:tree101:i20003,4,4,11,aligned,1,2,validation,-0.01215362548828125,1,0,4,101,64
L4_W64_H4,0,validation:d2:t1:paligned:tree101:i20004,4,4,11,aligned,0,2,validation,-0.04390716552734375,1,0,4,101,64
L4_W64_H4,0,validation:d2:t1:paligned:tree101:i20005,4,4,11,aligned,1,2,validation,0.001445770263671875,1,1,4,101,64
L4_W64_H4,1,validation:d2:t1:paligned:tree101:i20006,4,4,11,aligned,0,2,validation,-0.05901527404785156,1,0,4,101,64
L4_W64_H4,1,validation:d2:t1:paligned:tree101:i20007,4,4,11,aligned,1,2,validation,0.06238365173339844,1,1,4,101,64
L4_W64_H4,0,validation:d2:t1:paligned:tree101:i20008,4,4,11,aligned,0,2,validation,0.04220771789550781,1,1,4,101,64
L4_W64_H4,0,validation:d2:t1:paligned:tree101:i20009,4,4,11,aligned,1,2,validation,0.0774993896484375,1,1,4,101,64
L4_W64_H4,1,validation:d2:t1:paligned:tree101:i20010,4,4,11,aligned,0,2,validation,-0.04914665222167969,1,0,4,101,64
L4_W64_H4,1,validation:d2:t1:paligned:tree101:i20011,4,4,11,aligned,1,2,validation,0.08396530151367188,1,1,4,101,64
L4_W64_H4,0,validation:d2:t1:paligned:tree101:i20012,4,4,11,aligned,0,2,validation,-0.04699897766113281,1,0,4,101,64
L4_W64_H4,0,validation:d2:t1:paligned:tree101:i20013,4,4,11,aligned,1,2,validation,-0.0103912353515625,1,0,4,101,64
L4_W64_H4,1,validation:d2:t1:paligned:tree101:i20014,4,4,11,aligned,0,2,validation,0.009654998779296875,1,1,4,101,64
L4_W64_H4,1,validation:d2:t1:paligned:tree101:i20015,4,4,11,aligned,1,2,validation,0.06896781921386719,1,1,4,101,64
L4_W64_H4,0,validation:d2:t1:paligned:tree211:i20000,4,4,11,aligned,0,2,validation,-0.047451019287109375,1,0,4,211,64
L4_W64_H4,0,validation:d2:t1:paligned:tree211:i20001,4,4,11,aligned,1,2,validation,0.14560317993164062,1,1,4,211,64
L4_W64_H4,1,validation:d2:t1:paligned:tree211:i20002,4,4,11,aligned,0,2,validation,-0.00678253173828125,1,0,4,211,64
L4_W64_H4,1,validation:d2:t1:paligned:tree211:i20003,4,4,11,aligned,1,2,validation,0.08546638488769531,1,1,4,211,64
L4_W64_H4,0,validation:d2:t1:paligned:tree211:i20004,4,4,11,aligned,0,2,validation,0.08273124694824219,1,1,4,211,64
L4_W64_H4,0,validation:d2:t1:paligned:tree211:i20005,4,4,11,aligned,1,2,validation,-0.05391883850097656,1,0,4,211,64
L4_W64_H4,1,validation:d2:t1:paligned:tree211:i20006,4,4,11,aligned,0,2,validation,-0.05517578125,1,0,4,211,64
L4_W64_H4,1,validation:d2:t1:paligned:tree211:i20007,4,4,11,aligned,1,2,validation,0.07275390625,1,1,4,211,64
L4_W64_H4,0,validation:d2:t1:paligned:tree211:i20008,4,4,11,aligned,0,2,validation,-0.08130455017089844,1,0,4,211,64
L4_W64_H4,0,validation:d2:t1:paligned:tree211:i20009,4,4,11,aligned,1,2,validation,-0.0007171630859375,1,0,4,211,64
L4_W64_H4,1,validation:d2:t1:paligned:tree211:i20010,4,4,11,aligned,0,2,validation,-0.0447540283203125,1,0,4,211,64
L4_W64_H4,1,validation:d2:t1:paligned:tree211:i20011,4,4,11,aligned,1,2,validation,-0.0069484710693359375,1,0,4,211,64
L4_W64_H4,0,validation:d2:t1:paligned:tree211:i20012,4,4,11,aligned,0,2,validation,-0.06851959228515625,1,0,4,211,64
L4_W64_H4,0,validation:d2:t1:paligned:tree211:i20013,4,4,11,aligned,1,2,validation,0.008127212524414062,1,1,4,211,64
L4_W64_H4,1,validation:d2:t1:paligned:tree211:i20014,4,4,11,aligned,0,2,validation,-0.024805068969726562,1,0,4,211,64
L4_W64_H4,1,validation:d2:t1:paligned:tree211:i20015,4,4,11,aligned,1,2,validation,-0.05243682861328125,1,0,4,211,64
L4_W64_H4,0,validation:d2:t1:paligned:tree307:i20000,4,4,11,aligned,0,2,validation,-0.05642127990722656,1,0,4,307,64
L4_W64_H4,0,validation:d2:t1:paligned:tree307:i20001,4,4,11,aligned,1,2,validation,-0.04029655456542969,1,0,4,307,64
L4_W64_H4,1,validation:d2:t1:paligned:tree307:i20002,4,4,11,aligned,0,2,validation,-0.00041961669921875,1,0,4,307,64
L4_W64_H4,1,validation:d2:t1:paligned:tree307:i20003,4,4,11,aligned,1,2,validation,-0.042667388916015625,1,0,4,307,64
L4_W64_H4,0,validation:d2:t1:paligned:tree307:i20004,4,4,11,aligned,0,2,validation,-0.03289794921875,1,0,4,307,64
L4_W64_H4,0,validation:d2:t1:paligned:tree307:i20005,4,4,11,aligned,1,2,validation,0.012334823608398438,1,1,4,307,64
L4_W64_H4,1,validation:d2:t1:paligned:tree307:i20006,4,4,11,aligned,0,2,validation,0.04047966003417969,1,1,4,307,64
L4_W64_H4,1,validation:d2:t1:paligned:tree307:i20007,4,4,11,aligned,1,2,validation,0.0072879791259765625,1,1,4,307,64
L4_W64_H4,0,validation:d2:t1:paligned:tree307:i20008,4,4,11,aligned,0,2,validation,0.06624603271484375,1,1,4,307,64
L4_W64_H4,0,validation:d2:t1:paligned:tree307:i20009,4,4,11,aligned,1,2,validation,-0.015356063842773438,1,0,4,307,64
L4_W64_H4,1,validation:d2:t1:paligned:tree307:i20010,4,4,11,aligned,0,2,validation,-0.08076667785644531,1,0,4,307,64
L4_W64_H4,1,validation:d2:t1:paligned:tree307:i20011,4,4,11,aligned,1,2,validation,-0.014005661010742188,1,0,4,307,64
L4_W64_H4,0,validation:d2:t1:paligned:tree307:i20012,4,4,11,aligned,0,2,validation,-0.023386001586914062,1,0,4,307,64
L4_W64_H4,0,validation:d2:t1:paligned:tree307:i20013,4,4,11,aligned,1,2,validation,-0.04992103576660156,1,0,4,307,64
L4_W64_H4,1,validation:d2:t1:paligned:tree307:i20014,4,4,11,aligned,0,2,validation,-0.003204345703125,1,0,4,307,64
L4_W64_H4,1,validation:d2:t1:paligned:tree307:i20015,4,4,11,aligned,1,2,validation,0.00087738037109375,1,1,4,307,64
L4_W64_H4,1,validation:d2:t1:prandomized:tree101:i20011,4,4,11,randomized,1,2,validation,0.08396530151367188,1,1,4,101,64
L4_W64_H4,0,validation:d2:t1:prandomized:tree101:i20013,4,4,11,randomized,1,2,validation,-0.0103912353515625,1,0,4,101,64
L4_W64_H4,1,validation:d2:t1:prandomized:tree211:i20003,4,4,11,randomized,1,2,validation,0.08546638488769531,1,1,4,211,64
L4_W64_H4,1,validation:d2:t1:prandomized:tree211:i20007,4,4,11,randomized,1,2,validation,0.07275390625,1,1,4,211,64
L4_W64_H4,0,validation:d2:t1:prandomized:tree211:i20012,4,4,11,randomized,0,2,validation,-0.06851959228515625,1,0,4,211,64
L4_W64_H4,0,validation:d2:t1:prandomized:tree307:i20008,4,4,11,randomized,0,2,validation,0.06624603271484375,1,1,4,307,64
L4_W64_H4,1,validation:d2:t1:prandomized:tree307:i20011,4,4,11,randomized,1,2,validation,-0.014005661010742188,1,0,4,307,64
L4_W64_H4,0,validation:d2:t1:prandomized:tree307:i20013,4,4,11,randomized,1,2,validation,-0.04992103576660156,1,0,4,307,64
L4_W64_H4,0,validation:d2:t2:paligned:tree101:i20000,4,4,11,aligned,0,2,validation,-0.05531120300292969,2,0,4,101,64
L4_W64_H4,0,validation:d2:t2:paligned:tree101:i20001,4,4,11,aligned,1,2,validation,-0.0037670135498046875,2,0,4,101,64
L4_W64_H4,1,validation:d2:t2:paligned:tree101:i20002,4,4,11,aligned,0,2,validation,0.059600830078125,2,1,4,101,64
L4_W64_H4,1,validation:d2:t2:paligned:tree101:i20003,4,4,11,aligned,1,2,validation,-0.01581573486328125,2,0,4,101,64
L4_W64_H4,0,validation:d2:t2:paligned:tree101:i20004,4,4,11,aligned,0,2,validation,-0.04011726379394531,2,0,4,101,64
L4_W64_H4,0,validation:d2:t2:paligned:tree101:i20005,4,4,11,aligned,1,2,validation,-0.0014057159423828125,2,0,4,101,64
L4_W64_H4,1,validation:d2:t2:paligned:tree101:i20006,4,4,11,aligned,0,2,validation,-0.05318450927734375,2,0,4,101,64
L4_W64_H4,1,validation:d2:t2:paligned:tree101:i20007,4,4,11,aligned,1,2,validation,0.06146049499511719,2,1,4,101,64
L4_W64_H4,0,validation:d2:t2:paligned:tree101:i20008,4,4,11,aligned,0,2,validation,0.04449272155761719,2,1,4,101,64
L4_W64_H4,0,validation:d2:t2:paligned:tree101:i20009,4,4,11,aligned,1,2,validation,0.07993125915527344,2,1,4,101,64
L4_W64_H4,1,validation:d2:t2:paligned:tree101:i20010,4,4,11,aligned,0,2,validation,-0.04595184326171875,2,0,4,101,64
L4_W64_H4,1,validation:d2:t2:paligned:tree101:i20011,4,4,11,aligned,1,2,validation,0.08712577819824219,2,1,4,101,64
L4_W64_H4,0,validation:d2:t2:paligned:tree101:i20012,4,4,11,aligned,0,2,validation,-0.04693794250488281,2,0,4,101,64
L4_W64_H4,0,validation:d2:t2:paligned:tree101:i20013,4,4,11,aligned,1,2,validation,-0.013889312744140625,2,0,4,101,64
L4_W64_H4,1,validation:d2:t2:paligned:tree101:i20014,4,4,11,aligned,0,2,validation,0.0095062255859375,2,1,4,101,64
L4_W64_H4,1,validation:d2:t2:paligned:tree101:i20015,4,4,11,aligned,1,2,validation,0.07126808166503906,2,1,4,101,64
L4_W64_H4,0,validation:d2:t2:paligned:tree211:i20000,4,4,11,aligned,0,2,validation,-0.0467987060546875,2,0,4,211,64
L4_W64_H4,0,validation:d2:t2:paligned:tree211:i20001,4,4,11,aligned,1,2,validation,0.1455860137939453,2,1,4,211,64
L4_W64_H4,1,validation:d2:t2:paligned:tree211:i20002,4,4,11,aligned,0,2,validation,-0.0067005157470703125,2,0,4,211,64
L4_W64_H4,1,validation:d2:t2:paligned:tree211:i20003,4,4,11,aligned,1,2,validation,0.08484649658203125,2,1,4,211,64
L4_W64_H4,0,validation:d2:t2:paligned:tree211:i20004,4,4,11,aligned,0,2,validation,0.08878135681152344,2,1,4,211,64
L4_W64_H4,0,validation:d2:t2:paligned:tree211:i20005,4,4,11,aligned,1,2,validation,-0.05797767639160156,2,0,4,211,64
L4_W64_H4,1,validation:d2:t2:paligned:tree211:i20006,4,4,11,aligned,0,2,validation,-0.05168914794921875,2,0,4,211,64
L4_W64_H4,1,validation:d2:t2:paligned:tree211:i20007,4,4,11,aligned,1,2,validation,0.0680694580078125,2,1,4,211,64
L4_W64_H4,0,validation:d2:t2:paligned:tree211:i20008,4,4,11,aligned,0,2,validation,-0.07813072204589844,2,0,4,211,64
L4_W64_H4,0,validation:d2:t2:paligned:tree211:i20009,4,4,11,aligned,1,2,validation,-0.002986907958984375,2,0,4,211,64
L4_W64_H4,1,validation:d2:t2:paligned:tree211:i20010,4,4,11,aligned,0,2,validation,-0.046199798583984375,2,0,4,211,64
L4_W64_H4,1,validation:d2:t2:paligned:tree211:i20011,4,4,11,aligned,1,2,validation,-0.01010894775390625,2,0,4,211,64
L4_W64_H4,0,validation:d2:t2:paligned:tree211:i20012,4,4,11,aligned,0,2,validation,-0.0661163330078125,2,0,4,211,64
L4_W64_H4,0,validation:d2:t2:paligned:tree211:i20013,4,4,11,aligned,1,2,validation,0.016416549682617188,2,1,4,211,64
L4_W64_H4,1,validation:d2:t2:paligned:tree211:i20014,4,4,11,aligned,0,2,validation,-0.021640777587890625,2,0,4,211,64
L4_W64_H4,1,validation:d2:t2:paligned:tree211:i20015,4,4,11,aligned,1,2,validation,-0.05629158020019531,2,0,4,211,64
L4_W64_H4,0,validation:d2:t2:paligned:tree307:i20000,4,4,11,aligned,0,2,validation,-0.0569305419921875,2,0,4,307,64
L4_W64_H4,0,validation:d2:t2:paligned:tree307:i20001,4,4,11,aligned,1,2,validation,-0.04333686828613281,2,0,4,307,64
L4_W64_H4,1,validation:d2:t2:paligned:tree307:i20002,4,4,11,aligned,0,2,validation,-0.00191497802734375,2,0,4,307,64
L4_W64_H4,1,validation:d2:t2:paligned:tree307:i20003,4,4,11,aligned,1,2,validation,-0.045501708984375,2,0,4,307,64
L4_W64_H4,0,validation:d2:t2:paligned:tree307:i20004,4,4,11,aligned,0,2,validation,-0.03171539306640625,2,0,4,307,64
L4_W64_H4,0,validation:d2:t2:paligned:tree307:i20005,4,4,11,aligned,1,2,validation,0.010616302490234375,2,1,4,307,64
L4_W64_H4,1,validation:d2:t2:paligned:tree307:i20006,4,4,11,aligned,0,2,validation,0.04240608215332031,2,1,4,307,64
L4_W64_H4,1,validation:d2:t2:paligned:tree307:i20007,4,4,11,aligned,1,2,validation,0.00437164306640625,2,1,4,307,64
L4_W64_H4,0,validation:d2:t2:paligned:tree307:i20008,4,4,11,aligned,0,2,validation,0.06572914123535156,2,1,4,307,64
L4_W64_H4,0,validation:d2:t2:paligned:tree307:i20009,4,4,11,aligned,1,2,validation,-0.017404556274414062,2,0,4,307,64
L4_W64_H4,1,validation:d2:t2:paligned:tree307:i20010,4,4,11,aligned,0,2,validation,-0.07748222351074219,2,0,4,307,64
L4_W64_H4,1,validation:d2:t2:paligned:tree307:i20011,4,4,11,aligned,1,2,validation,-0.013671875,2,0,4,307,64
L4_W64_H4,0,validation:d2:t2:paligned:tree307:i20012,4,4,11,aligned,0,2,validation,-0.021793365478515625,2,0,4,307,64
L4_W64_H4,0,validation:d2:t2:paligned:tree307:i20013,4,4,11,aligned,1,2,validation,-0.05267906188964844,2,0,4,307,64
L4_W64_H4,1,validation:d2:t2:paligned:tree307:i20014,4,4,11,aligned,0,2,validation,0.000164031982421875,2,1,4,307,64
L4_W64_H4,1,validation:d2:t2:paligned:tree307:i20015,4,4,11,aligned,1,2,validation,0.0002765655517578125,2,1,4,307,64
L4_W64_H4,0,validation:d2:t2:prandomized:tree101:i20001,4,4,11,randomized,1,2,validation,-0.0037670135498046875,2,0,4,101,64
L4_W64_H4,0,validation:d2:t2:prandomized:tree101:i20009,4,4,11,randomized,1,2,validation,0.07993125915527344,2,1,4,101,64
L4_W64_H4,1,validation:d2:t2:prandomized:tree101:i20014,4,4,11,randomized,0,2,validation,0.0095062255859375,2,1,4,101,64
L4_W64_H4,0,validation:d2:t2:prandomized:tree211:i20001,4,4,11,randomized,1,2,validation,0.1455860137939453,2,1,4,211,64
L4_W64_H4,0,validation:d2:t2:prandomized:tree211:i20013,4,4,11,randomized,1,2,validation,0.016416549682617188,2,1,4,211,64
L4_W64_H4,0,validation:d2:t2:prandomized:tree307:i20001,4,4,11,randomized,1,2,validation,-0.04333686828613281,2,0,4,307,64
L4_W64_H4,0,validation:d2:t2:prandomized:tree307:i20012,4,4,11,randomized,0,2,validation,-0.021793365478515625,2,0,4,307,64
L4_W64_H4,0,validation:d2:t3:paligned:tree101:i20000,4,4,11,aligned,0,2,validation,-0.049655914306640625,3,0,4,101,64
L4_W64_H4,0,validation:d2:t3:paligned:tree101:i20001,4,4,11,aligned,1,2,validation,-0.006336212158203125,3,0,4,101,64
L4_W64_H4,1,validation:d2:t3:paligned:tree101:i20002,4,4,11,aligned,0,2,validation,0.05593681335449219,3,1,4,101,64
L4_W64_H4,1,validation:d2:t3:paligned:tree101:i20003,4,4,11,aligned,1,2,validation,-0.015411376953125,3,0,4,101,64
L4_W64_H4,0,validation:d2:t3:paligned:tree101:i20004,4,4,11,aligned,0,2,validation,-0.042510986328125,3,0,4,101,64
L4_W64_H4,0,validation:d2:t3:paligned:tree101:i20005,4,4,11,aligned,1,2,validation,0.002460479736328125,3,1,4,101,64
L4_W64_H4,1,validation:d2:t3:paligned:tree101:i20006,4,4,11,aligned,0,2,validation,-0.055511474609375,3,0,4,101,64
L4_W64_H4,1,validation:d2:t3:paligned:tree101:i20007,4,4,11,aligned,1,2,validation,0.061908721923828125,3,1,4,101,64
L4_W64_H4,0,validation:d2:t3:paligned:tree101:i20008,4,4,11,aligned,0,2,validation,0.044132232666015625,3,1,4,101,64
L4_W64_H4,0,validation:d2:t3:paligned:tree101:i20009,4,4,11,aligned,1,2,validation,0.0807037353515625,3,1,4,101,64
L4_W64_H4,1,validation:d2:t3:paligned:tree101:i20010,4,4,11,aligned,0,2,validation,-0.05077171325683594,3,0,4,101,64
L4_W64_H4,1,validation:d2:t3:paligned:tree101:i20011,4,4,11,aligned,1,2,validation,0.08293533325195312,3,1,4,101,64
L4_W64_H4,0,validation:d2:t3:paligned:tree101:i20012,4,4,11,aligned,0,2,validation,-0.0440216064453125,3,0,4,101,64
L4_W64_H4,0,validation:d2:t3:paligned:tree101:i20013,4,4,11,aligned,1,2,validation,-0.010522842407226562,3,0,4,101,64
L4_W64_H4,1,validation:d2:t3:paligned:tree101:i20014,4,4,11,aligned,0,2,validation,0.014736175537109375,3,1,4,101,64
L4_W64_H4,1,validation:d2:t3:paligned:tree101:i20015,4,4,11,aligned,1,2,validation,0.06723213195800781,3,1,4,101,64
L4_W64_H4,0,validation:d2:t3:paligned:tree211:i20000,4,4,11,aligned,0,2,validation,-0.04587745666503906,3,0,4,211,64
L4_W64_H4,0,validation:d2:t3:paligned:tree211:i20001,4,4,11,aligned,1,2,validation,0.14423370361328125,3,1,4,211,64
L4_W64_H4,1,validation:d2:t3:paligned:tree211:i20002,4,4,11,aligned,0,2,validation,-0.006664276123046875,3,0,4,211,64
L4_W64_H4,1,validation:d2:t3:paligned:tree211:i20003,4,4,11,aligned,1,2,validation,0.08713340759277344,3,1,4,211,64
L4_W64_H4,0,validation:d2:t3:paligned:tree211:i20004,4,4,11,aligned,0,2,validation,0.08819580078125,3,1,4,211,64
L4_W64_H4,0,validation:d2:t3:paligned:tree211:i20005,4,4,11,aligned,1,2,validation,-0.0552825927734375,3,0,4,211,64
L4_W64_H4,1,validation:d2:t3:paligned:tree211:i20006,4,4,11,aligned,0,2,validation,-0.059230804443359375,3,0,4,211,64
L4_W64_H4,1,validation:d2:t3:paligned:tree211:i20007,4,4,11,aligned,1,2,validation,0.06891632080078125,3,1,4,211,64
L4_W64_H4,0,validation:d2:t3:paligned:tree211:i20008,4,4,11,aligned,0,2,validation,-0.08353805541992188,3,0,4,211,64
L4_W64_H4,0,validation:d2:t3:paligned:tree211:i20009,4,4,11,aligned,1,2,validation,-0.0057315826416015625,3,0,4,211,64
L4_W64_H4,1,validation:d2:t3:paligned:tree211:i20010,4,4,11,aligned,0,2,validation,-0.044677734375,3,0,4,211,64
L4_W64_H4,1,validation:d2:t3:paligned:tree211:i20011,4,4,11,aligned,1,2,validation,-0.0078582763671875,3,0,4,211,64
L4_W64_H4,0,validation:d2:t3:paligned:tree211:i20012,4,4,11,aligned,0,2,validation,-0.06353378295898438,3,0,4,211,64
L4_W64_H4,0,validation:d2:t3:paligned:tree211:i20013,4,4,11,aligned,1,2,validation,0.014892578125,3,1,4,211,64
L4_W64_H4,1,validation:d2:t3:paligned:tree211:i20014,4,4,11,aligned,0,2,validation,-0.023954391479492188,3,0,4,211,64
L4_W64_H4,1,validation:d2:t3:paligned:tree211:i20015,4,4,11,aligned,1,2,validation,-0.05314826965332031,3,0,4,211,64
L4_W64_H4,0,validation:d2:t3:paligned:tree307:i20000,4,4,11,aligned,0,2,validation,-0.05500984191894531,3,0,4,307,64
L4_W64_H4,0,validation:d2:t3:paligned:tree307:i20001,4,4,11,aligned,1,2,validation,-0.03937339782714844,3,0,4,307,64
L4_W64_H4,1,validation:d2:t3:paligned:tree307:i20002,4,4,11,aligned,0,2,validation,-0.0004119873046875,3,0,4,307,64
L4_W64_H4,1,validation:d2:t3:paligned:tree307:i20003,4,4,11,aligned,1,2,validation,-0.04117774963378906,3,0,4,307,64
L4_W64_H4,0,validation:d2:t3:paligned:tree307:i20004,4,4,11,aligned,0,2,validation,-0.027719497680664062,3,0,4,307,64
L4_W64_H4,0,validation:d2:t3:paligned:tree307:i20005,4,4,11,aligned,1,2,validation,0.009790420532226562,3,1,4,307,64
L4_W64_H4,1,validation:d2:t3:paligned:tree307:i20006,4,4,11,aligned,0,2,validation,0.04051971435546875,3,1,4,307,64
L4_W64_H4,1,validation:d2:t3:paligned:tree307:i20007,4,4,11,aligned,1,2,validation,0.0022411346435546875,3,1,4,307,64
L4_W64_H4,0,validation:d2:t3:paligned:tree307:i20008,4,4,11,aligned,0,2,validation,0.06599044799804688,3,1,4,307,64
L4_W64_H4,0,validation:d2:t3:paligned:tree307:i20009,4,4,11,aligned,1,2,validation,-0.012678146362304688,3,0,4,307,64
L4_W64_H4,1,validation:d2:t3:paligned:tree307:i20010,4,4,11,aligned,0,2,validation,-0.07627296447753906,3,0,4,307,64
L4_W64_H4,1,validation:d2:t3:paligned:tree307:i20011,4,4,11,aligned,1,2,validation,-0.012905120849609375,3,0,4,307,64
L4_W64_H4,0,validation:d2:t3:paligned:tree307:i20012,4,4,11,aligned,0,2,validation,-0.024021148681640625,3,0,4,307,64
L4_W64_H4,0,validation:d2:t3:paligned:tree307:i20013,4,4,11,aligned,1,2,validation,-0.049716949462890625,3,0,4,307,64
L4_W64_H4,1,validation:d2:t3:paligned:tree307:i20014,4,4,11,aligned,0,2,validation,-0.0050754547119140625,3,0,4,307,64
L4_W64_H4,1,validation:d2:t3:paligned:tree307:i20015,4,4,11,aligned,1,2,validation,-0.0017261505126953125,3,0,4,307,64
L4_W64_H4,0,validation:d2:t3:prandomized:tree101:i20001,4,4,11,randomized,1,2,validation,-0.006336212158203125,3,0,4,101,64
L4_W64_H4,0,validation:d2:t3:prandomized:tree101:i20009,4,4,11,randomized,1,2,validation,0.0807037353515625,3,1,4,101,64
L4_W64_H4,1,validation:d2:t3:prandomized:tree101:i20014,4,4,11,randomized,0,2,validation,0.014736175537109375,3,1,4,101,64
L4_W64_H4,0,validation:d2:t3:prandomized:tree211:i20001,4,4,11,randomized,1,2,validation,0.14423370361328125,3,1,4,211,64
L4_W64_H4,0,validation:d2:t3:prandomized:tree211:i20013,4,4,11,randomized,1,2,validation,0.014892578125,3,1,4,211,64
L4_W64_H4,0,validation:d2:t3:prandomized:tree307:i20001,4,4,11,randomized,1,2,validation,-0.03937339782714844,3,0,4,307,64
L4_W64_H4,0,validation:d2:t3:prandomized:tree307:i20012,4,4,11,randomized,0,2,validation,-0.024021148681640625,3,0,4,307,64
L4_W64_H4,0,test:d1:t0:prandomized:tree211:i10009,4,4,11,randomized,1,1,test,-0.06902313232421875,0,0,3,211,64
L4_W64_H4,0,test:d1:t0:prandomized:tree211:i10012,4,4,11,randomized,0,1,test,0.04542350769042969,0,1,3,211,64
L4_W64_H4,0,test:d1:t1:prandomized:tree211:i10009,4,4,11,randomized,1,1,test,-0.06942176818847656,1,0,3,211,64
L4_W64_H4,0,test:d1:t1:prandomized:tree211:i10012,4,4,11,randomized,0,1,test,0.045879364013671875,1,1,3,211,64
L4_W64_H4,0,test:d1:t2:prandomized:tree101:i10000,4,4,11,randomized,0,1,test,-0.06810569763183594,2,0,3,101,64
L4_W64_H4,0,test:d1:t2:prandomized:tree101:i10004,4,4,11,randomized,0,1,test,-0.058834075927734375,2,0,3,101,64
L4_W64_H4,0,test:d1:t2:prandomized:tree101:i10008,4,4,11,randomized,0,1,test,-0.07643699645996094,2,0,3,101,64
L4_W64_H4,1,test:d1:t2:prandomized:tree101:i10010,4,4,11,randomized,0,1,test,0.01493072509765625,2,1,3,101,64
L4_W64_H4,1,test:d1:t2:prandomized:tree211:i10010,4,4,11,randomized,0,1,test,-0.04555511474609375,2,0,3,211,64
L4_W64_H4,1,test:d1:t2:prandomized:tree307:i10006,4,4,11,randomized,0,1,test,-0.0442352294921875,2,0,3,307,64
L4_W64_H4,0,test:d1:t2:prandomized:tree307:i10012,4,4,11,randomized,0,1,test,-0.042449951171875,2,0,3,307,64
L4_W64_H4,0,test:d1:t2:prandomized:tree307:i10013,4,4,11,randomized,1,1,test,0.04651641845703125,2,1,3,307,64
L4_W64_H4,0,test:d1:t3:prandomized:tree101:i10000,4,4,11,randomized,0,1,test,-0.06850051879882812,3,0,3,101,64
L4_W64_H4,0,test:d1:t3:prandomized:tree101:i10004,4,4,11,randomized,0,1,test,-0.06587409973144531,3,0,3,101,64
L4_W64_H4,0,test:d1:t3:prandomized:tree101:i10008,4,4,11,randomized,0,1,test,-0.0748443603515625,3,0,3,101,64
L4_W64_H4,1,test:d1:t3:prandomized:tree101:i10010,4,4,11,randomized,0,1,test,0.01593780517578125,3,1,3,101,64
L4_W64_H4,1,test:d1:t3:prandomized:tree211:i10010,4,4,11,randomized,0,1,test,-0.048343658447265625,3,0,3,211,64
L4_W64_H4,1,test:d1:t3:prandomized:tree307:i10006,4,4,11,randomized,0,1,test,-0.039112091064453125,3,0,3,307,64
L4_W64_H4,0,test:d1:t3:prandomized:tree307:i10012,4,4,11,randomized,0,1,test,-0.0457000732421875,3,0,3,307,64
L4_W64_H4,0,test:d1:t3:prandomized:tree307:i10013,4,4,11,randomized,1,1,test,0.04652595520019531,3,1,3,307,64
L4_W64_H4,0,test:d2:t0:paligned:tree101:i20000,4,4,11,aligned,0,2,test,-0.029687881469726562,0,0,4,101,64
L4_W64_H4,0,test:d2:t0:paligned:tree101:i20001,4,4,11,aligned,1,2,test,0.008831024169921875,0,1,4,101,64
L4_W64_H4,1,test:d2:t0:paligned:tree101:i20002,4,4,11,aligned,0,2,test,0.0052947998046875,0,1,4,101,64
L4_W64_H4,1,test:d2:t0:paligned:tree101:i20003,4,4,11,aligned,1,2,test,0.03866386413574219,0,1,4,101,64
L4_W64_H4,0,test:d2:t0:paligned:tree101:i20004,4,4,11,aligned,0,2,test,-0.05751609802246094,0,0,4,101,64
L4_W64_H4,0,test:d2:t0:paligned:tree101:i20005,4,4,11,aligned,1,2,test,0.021886825561523438,0,1,4,101,64
L4_W64_H4,1,test:d2:t0:paligned:tree101:i20006,4,4,11,aligned,0,2,test,-0.034061431884765625,0,0,4,101,64
L4_W64_H4,1,test:d2:t0:paligned:tree101:i20007,4,4,11,aligned,1,2,test,-0.04833793640136719,0,0,4,101,64
L4_W64_H4,0,test:d2:t0:paligned:tree101:i20008,4,4,11,aligned,0,2,test,-0.045009613037109375,0,0,4,101,64
L4_W64_H4,0,test:d2:t0:paligned:tree101:i20009,4,4,11,aligned,1,2,test,-0.03365135192871094,0,0,4,101,64
L4_W64_H4,1,test:d2:t0:paligned:tree101:i20010,4,4,11,aligned,0,2,test,-0.06033897399902344,0,0,4,101,64
L4_W64_H4,1,test:d2:t0:paligned:tree101:i20011,4,4,11,aligned,1,2,test,-0.030641555786132812,0,0,4,101,64
L4_W64_H4,0,test:d2:t0:paligned:tree101:i20012,4,4,11,aligned,0,2,test,-0.029294967651367188,0,0,4,101,64
L4_W64_H4,0,test:d2:t0:paligned:tree101:i20013,4,4,11,aligned,1,2,test,0.000598907470703125,0,1,4,101,64
L4_W64_H4,1,test:d2:t0:paligned:tree101:i20014,4,4,11,aligned,0,2,test,-0.06622314453125,0,0,4,101,64
L4_W64_H4,1,test:d2:t0:paligned:tree101:i20015,4,4,11,aligned,1,2,test,0.012821197509765625,0,1,4,101,64
L4_W64_H4,0,test:d2:t0:paligned:tree211:i20000,4,4,11,aligned,0,2,test,-0.061107635498046875,0,0,4,211,64
L4_W64_H4,0,test:d2:t0:paligned:tree211:i20001,4,4,11,aligned,1,2,test,-0.054859161376953125,0,0,4,211,64
L4_W64_H4,1,test:d2:t0:paligned:tree211:i20002,4,4,11,aligned,0,2,test,0.000560760498046875,0,1,4,211,64
L4_W64_H4,1,test:d2:t0:paligned:tree211:i20003,4,4,11,aligned,1,2,test,0.013362884521484375,0,1,4,211,64
L4_W64_H4,0,test:d2:t0:paligned:tree211:i20004,4,4,11,aligned,0,2,test,0.061359405517578125,0,1,4,211,64
L4_W64_H4,0,test:d2:t0:paligned:tree211:i20005,4,4,11,aligned,1,2,test,0.00199127197265625,0,1,4,211,64
L4_W64_H4,1,test:d2:t0:paligned:tree211:i20006,4,4,11,aligned,0,2,test,-0.027616500854492188,0,0,4,211,64
L4_W64_H4,1,test:d2:t0:paligned:tree211:i20007,4,4,11,aligned,1,2,test,-0.04700279235839844,0,0,4,211,64
L4_W64_H4,0,test:d2:t0:paligned:tree211:i20008,4,4,11,aligned,0,2,test,-0.08150863647460938,0,0,4,211,64
L4_W64_H4,0,test:d2:t0:paligned:tree211:i20009,4,4,11,aligned,1,2,test,-0.04947662353515625,0,0,4,211,64
L4_W64_H4,1,test:d2:t0:paligned:tree211:i20010,4,4,11,aligned,0,2,test,0.06353378295898438,0,1,4,211,64
L4_W64_H4,1,test:d2:t0:paligned:tree211:i20011,4,4,11,aligned,1,2,test,0.0024394989013671875,0,1,4,211,64
L4_W64_H4,0,test:d2:t0:paligned:tree211:i20012,4,4,11,aligned,0,2,test,-0.020730972290039062,0,0,4,211,64
L4_W64_H4,0,test:d2:t0:paligned:tree211:i20013,4,4,11,aligned,1,2,test,0.05587005615234375,0,1,4,211,64
L4_W64_H4,1,test:d2:t0:paligned:tree211:i20014,4,4,11,aligned,0,2,test,-0.08383560180664062,0,0,4,211,64
L4_W64_H4,1,test:d2:t0:paligned:tree211:i20015,4,4,11,aligned,1,2,test,-0.008497238159179688,0,0,4,211,64
L4_W64_H4,0,test:d2:t0:paligned:tree307:i20000,4,4,11,aligned,0,2,test,-0.029268264770507812,0,0,4,307,64
L4_W64_H4,0,test:d2:t0:paligned:tree307:i20001,4,4,11,aligned,1,2,test,-0.11150741577148438,0,0,4,307,64
L4_W64_H4,1,test:d2:t0:paligned:tree307:i20002,4,4,11,aligned,0,2,test,-0.04886054992675781,0,0,4,307,64
L4_W64_H4,1,test:d2:t0:paligned:tree307:i20003,4,4,11,aligned,1,2,test,0.11657142639160156,0,1,4,307,64
L4_W64_H4,0,test:d2:t0:paligned:tree307:i20004,4,4,11,aligned,0,2,test,-0.03911781311035156,0,0,4,307,64
L4_W64_H4,0,test:d2:t0:paligned:tree307:i20005,4,4,11,aligned,1,2,test,-0.023916244506835938,0,0,4,307,64
L4_W64_H4,1,test:d2:t0:paligned:tree307:i20006,4,4,11,aligned,0,2,test,-0.055084228515625,0,0,4,307,64
L4_W64_H4,1,test:d2:t0:paligned:tree307:i20007,4,4,11,aligned,1,2,test,0.10193443298339844,0,1,4,307,64
L4_W64_H4,0,test:d2:t0:paligned:tree307:i20008,4,4,11,aligned,0,2,test,-0.10122299194335938,0,0,4,307,64
L4_W64_H4,0,test:d2:t0:paligned:tree307:i20009,4,4,11,aligned,1,2,test,0.06812667846679688,0,1,4,307,64
L4_W64_H4,1,test:d2:t0:paligned:tree307:i20010,4,4,11,aligned,0,2,test,-0.0471649169921875,0,0,4,307,64
L4_W64_H4,1,test:d2:t0:paligned:tree307:i20011,4,4,11,aligned,1,2,test,0.07418060302734375,0,1,4,307,64
L4_W64_H4,0,test:d2:t0:paligned:tree307:i20012,4,4,11,aligned,0,2,test,-0.06957054138183594,0,0,4,307,64
L4_W64_H4,0,test:d2:t0:paligned:tree307:i20013,4,4,11,aligned,1,2,test,0.034946441650390625,0,1,4,307,64
L4_W64_H4,1,test:d2:t0:paligned:tree307:i20014,4,4,11,aligned,0,2,test,0.09405708312988281,0,1,4,307,64
L4_W64_H4,1,test:d2:t0:paligned:tree307:i20015,4,4,11,aligned,1,2,test,-0.055637359619140625,0,0,4,307,64
L4_W64_H4,1,test:d2:t0:prandomized:tree101:i20011,4,4,11,randomized,1,2,test,-0.030641555786132812,0,0,4,101,64
L4_W64_H4,0,test:d2:t0:prandomized:tree101:i20013,4,4,11,randomized,1,2,test,0.000598907470703125,0,1,4,101,64
L4_W64_H4,1,test:d2:t0:prandomized:tree211:i20003,4,4,11,randomized,1,2,test,0.013362884521484375,0,1,4,211,64
L4_W64_H4,1,test:d2:t0:prandomized:tree211:i20007,4,4,11,randomized,1,2,test,-0.04700279235839844,0,0,4,211,64
L4_W64_H4,0,test:d2:t0:prandomized:tree211:i20012,4,4,11,randomized,0,2,test,-0.020730972290039062,0,0,4,211,64
L4_W64_H4,0,test:d2:t0:prandomized:tree307:i20008,4,4,11,randomized,0,2,test,-0.10122299194335938,0,0,4,307,64
L4_W64_H4,1,test:d2:t0:prandomized:tree307:i20011,4,4,11,randomized,1,2,test,0.07418060302734375,0,1,4,307,64
L4_W64_H4,0,test:d2:t0:prandomized:tree307:i20013,4,4,11,randomized,1,2,test,0.034946441650390625,0,1,4,307,64
L4_W64_H4,0,test:d2:t1:paligned:tree101:i20000,4,4,11,aligned,0,2,test,-0.025789260864257812,1,0,4,101,64
L4_W64_H4,0,test:d2:t1:paligned:tree101:i20001,4,4,11,aligned,1,2,test,0.0071430206298828125,1,1,4,101,64
L4_W64_H4,1,test:d2:t1:paligned:tree101:i20002,4,4,11,aligned,0,2,test,0.009614944458007812,1,1,4,101,64
L4_W64_H4,1,test:d2:t1:paligned:tree101:i20003,4,4,11,aligned,1,2,test,0.04227638244628906,1,1,4,101,64
L4_W64_H4,0,test:d2:t1:paligned:tree101:i20004,4,4,11,aligned,0,2,test,-0.05957794189453125,1,0,4,101,64
L4_W64_H4,0,test:d2:t1:paligned:tree101:i20005,4,4,11,aligned,1,2,test,0.025295257568359375,1,1,4,101,64
L4_W64_H4,1,test:d2:t1:paligned:tree101:i20006,4,4,11,aligned,0,2,test,-0.0330657958984375,1,0,4,101,64
L4_W64_H4,1,test:d2:t1:paligned:tree101:i20007,4,4,11,aligned,1,2,test,-0.048343658447265625,1,0,4,101,64
L4_W64_H4,0,test:d2:t1:paligned:tree101:i20008,4,4,11,aligned,0,2,test,-0.05436134338378906,1,0,4,101,64
L4_W64_H4,0,test:d2:t1:paligned:tree101:i20009,4,4,11,aligned,1,2,test,-0.033878326416015625,1,0,4,101,64
L4_W64_H4,1,test:d2:t1:paligned:tree101:i20010,4,4,11,aligned,0,2,test,-0.05948638916015625,1,0,4,101,64
L4_W64_H4,1,test:d2:t1:paligned:tree101:i20011,4,4,11,aligned,1,2,test,-0.030195236206054688,1,0,4,101,64
L4_W64_H4,0,test:d2:t1:paligned:tree101:i20012,4,4,11,aligned,0,2,test,-0.038768768310546875,1,0,4,101,64
L4_W64_H4,0,test:d2:t1:paligned:tree101:i20013,4,4,11,aligned,1,2,test,-0.0006999969482421875,1,0,4,101,64
L4_W64_H4,1,test:d2:t1:paligned:tree101:i20014,4,4,11,aligned,0,2,test,-0.06963348388671875,1,0,4,101,64
L4_W64_H4,1,test:d2:t1:paligned:tree101:i20015,4,4,11,aligned,1,2,test,0.013345718383789062,1,1,4,101,64
L4_W64_H4,0,test:d2:t1:paligned:tree211:i20000,4,4,11,aligned,0,2,test,-0.05333137512207031,1,0,4,211,64
L4_W64_H4,0,test:d2:t1:paligned:tree211:i20001,4,4,11,aligned,1,2,test,-0.05809783935546875,1,0,4,211,64
L4_W64_H4,1,test:d2:t1:paligned:tree211:i20002,4,4,11,aligned,0,2,test,-0.00199127197265625,1,0,4,211,64
L4_W64_H4,1,test:d2:t1:paligned:tree211:i20003,4,4,11,aligned,1,2,test,0.026815414428710938,1,1,4,211,64
L4_W64_H4,0,test:d2:t1:paligned:tree211:i20004,4,4,11,aligned,0,2,test,0.0647125244140625,1,1,4,211,64
L4_W64_H4,0,test:d2:t1:paligned:tree211:i20005,4,4,11,aligned,1,2,test,-0.0022068023681640625,1,0,4,211,64
L4_W64_H4,1,test:d2:t1:paligned:tree211:i20006,4,4,11,aligned,0,2,test,-0.029657363891601562,1,0,4,211,64
L4_W64_H4,1,test:d2:t1:paligned:tree211:i20007,4,4,11,aligned,1,2,test,-0.04461097717285156,1,0,4,211,64
L4_W64_H4,0,test:d2:t1:paligned:tree211:i20008,4,4,11,aligned,0,2,test,-0.08065986633300781,1,0,4,211,64
L4_W64_H4,0,test:d2:t1:paligned:tree211:i20009,4,4,11,aligned,1,2,test,-0.04642295837402344,1,0,4,211,64
L4_W64_H4,1,test:d2:t1:paligned:tree211:i20010,4,4,11,aligned,0,2,test,0.06169891357421875,1,1,4,211,64
L4_W64_H4,1,test:d2:t1:paligned:tree211:i20011,4,4,11,aligned,1,2,test,0.0051708221435546875,1,1,4,211,64
L4_W64_H4,0,test:d2:t1:paligned:tree211:i20012,4,4,11,aligned,0,2,test,-0.0190887451171875,1,0,4,211,64
L4_W64_H4,0,test:d2:t1:paligned:tree211:i20013,4,4,11,aligned,1,2,test,0.05571937561035156,1,1,4,211,64
L4_W64_H4,1,test:d2:t1:paligned:tree211:i20014,4,4,11,aligned,0,2,test,-0.07572555541992188,1,0,4,211,64
L4_W64_H4,1,test:d2:t1:paligned:tree211:i20015,4,4,11,aligned,1,2,test,-0.005565643310546875,1,0,4,211,64
L4_W64_H4,0,test:d2:t1:paligned:tree307:i20000,4,4,11,aligned,0,2,test,-0.030557632446289062,1,0,4,307,64
L4_W64_H4,0,test:d2:t1:paligned:tree307:i20001,4,4,11,aligned,1,2,test,-0.10865974426269531,1,0,4,307,64
L4_W64_H4,1,test:d2:t1:paligned:tree307:i20002,4,4,11,aligned,0,2,test,-0.05385398864746094,1,0,4,307,64
L4_W64_H4,1,test:d2:t1:paligned:tree307:i20003,4,4,11,aligned,1,2,test,0.11517715454101562,1,1,4,307,64
L4_W64_H4,0,test:d2:t1:paligned:tree307:i20004,4,4,11,aligned,0,2,test,-0.04691886901855469,1,0,4,307,64
L4_W64_H4,0,test:d2:t1:paligned:tree307:i20005,4,4,11,aligned,1,2,test,-0.022068023681640625,1,0,4,307,64
L4_W64_H4,1,test:d2:t1:paligned:tree307:i20006,4,4,11,aligned,0,2,test,-0.0578765869140625,1,0,4,307,64
L4_W64_H4,1,test:d2:t1:paligned:tree307:i20007,4,4,11,aligned,1,2,test,0.10679244995117188,1,1,4,307,64
L4_W64_H4,0,test:d2:t1:paligned:tree307:i20008,4,4,11,aligned,0,2,test,-0.10352897644042969,1,0,4,307,64
L4_W64_H4,0,test:d2:t1:paligned:tree307:i20009,4,4,11,aligned,1,2,test,0.07160568237304688,1,1,4,307,64
L4_W64_H4,1,test:d2:t1:paligned:tree307:i20010,4,4,11,aligned,0,2,test,-0.048809051513671875,1,0,4,307,64
L4_W64_H4,1,test:d2:t1:paligned:tree307:i20011,4,4,11,aligned,1,2,test,0.07188034057617188,1,1,4,307,64
L4_W64_H4,0,test:d2:t1:paligned:tree307:i20012,4,4,11,aligned,0,2,test,-0.06597900390625,1,0,4,307,64
L4_W64_H4,0,test:d2:t1:paligned:tree307:i20013,4,4,11,aligned,1,2,test,0.035404205322265625,1,1,4,307,64
L4_W64_H4,1,test:d2:t1:paligned:tree307:i20014,4,4,11,aligned,0,2,test,0.09728431701660156,1,1,4,307,64
L4_W64_H4,1,test:d2:t1:paligned:tree307:i20015,4,4,11,aligned,1,2,test,-0.055927276611328125,1,0,4,307,64
L4_W64_H4,1,test:d2:t1:prandomized:tree101:i20011,4,4,11,randomized,1,2,test,-0.030195236206054688,1,0,4,101,64
L4_W64_H4,0,test:d2:t1:prandomized:tree101:i20013,4,4,11,randomized,1,2,test,-0.0006999969482421875,1,0,4,101,64
L4_W64_H4,1,test:d2:t1:prandomized:tree211:i20003,4,4,11,randomized,1,2,test,0.026815414428710938,1,1,4,211,64
L4_W64_H4,1,test:d2:t1:prandomized:tree211:i20007,4,4,11,randomized,1,2,test,-0.04461097717285156,1,0,4,211,64
L4_W64_H4,0,test:d2:t1:prandomized:tree211:i20012,4,4,11,randomized,0,2,test,-0.0190887451171875,1,0,4,211,64
L4_W64_H4,0,test:d2:t1:prandomized:tree307:i20008,4,4,11,randomized,0,2,test,-0.10352897644042969,1,0,4,307,64
L4_W64_H4,1,test:d2:t1:prandomized:tree307:i20011,4,4,11,randomized,1,2,test,0.07188034057617188,1,1,4,307,64
L4_W64_H4,0,test:d2:t1:prandomized:tree307:i20013,4,4,11,randomized,1,2,test,0.035404205322265625,1,1,4,307,64
L4_W64_H4,0,test:d2:t2:paligned:tree101:i20000,4,4,11,aligned,0,2,test,-0.026483535766601562,2,0,4,101,64
L4_W64_H4,0,test:d2:t2:paligned:tree101:i20001,4,4,11,aligned,1,2,test,0.007511138916015625,2,1,4,101,64
L4_W64_H4,1,test:d2:t2:paligned:tree101:i20002,4,4,11,aligned,0,2,test,0.0076961517333984375,2,1,4,101,64
L4_W64_H4,1,test:d2:t2:paligned:tree101:i20003,4,4,11,aligned,1,2,test,0.03783988952636719,2,1,4,101,64
L4_W64_H4,0,test:d2:t2:paligned:tree101:i20004,4,4,11,aligned,0,2,test,-0.058940887451171875,2,0,4,101,64
L4_W64_H4,0,test:d2:t2:paligned:tree101:i20005,4,4,11,aligned,1,2,test,0.020984649658203125,2,1,4,101,64
L4_W64_H4,1,test:d2:t2:paligned:tree101:i20006,4,4,11,aligned,0,2,test,-0.032657623291015625,2,0,4,101,64
L4_W64_H4,1,test:d2:t2:paligned:tree101:i20007,4,4,11,aligned,1,2,test,-0.04765892028808594,2,0,4,101,64
L4_W64_H4,0,test:d2:t2:paligned:tree101:i20008,4,4,11,aligned,0,2,test,-0.04684257507324219,2,0,4,101,64
L4_W64_H4,0,test:d2:t2:paligned:tree101:i20009,4,4,11,aligned,1,2,test,-0.03485298156738281,2,0,4,101,64
L4_W64_H4,1,test:d2:t2:paligned:tree101:i20010,4,4,11,aligned,0,2,test,-0.05964851379394531,2,0,4,101,64
L4_W64_H4,1,test:d2:t2:paligned:tree101:i20011,4,4,11,aligned,1,2,test,-0.03156089782714844,2,0,4,101,64
L4_W64_H4,0,test:d2:t2:paligned:tree101:i20012,4,4,11,aligned,0,2,test,-0.02950286865234375,2,0,4,101,64
L4_W64_H4,0,test:d2:t2:paligned:tree101:i20013,4,4,11,aligned,1,2,test,-0.001010894775390625,2,0,4,101,64
L4_W64_H4,1,test:d2:t2:paligned:tree101:i20014,4,4,11,aligned,0,2,test,-0.06732177734375,2,0,4,101,64
L4_W64_H4,1,test:d2:t2:paligned:tree101:i20015,4,4,11,aligned,1,2,test,0.01375579833984375,2,1,4,101,64
L4_W64_H4,0,test:d2:t2:paligned:tree211:i20000,4,4,11,aligned,0,2,test,-0.05722236633300781,2,0,4,211,64
L4_W64_H4,0,test:d2:t2:paligned:tree211:i20001,4,4,11,aligned,1,2,test,-0.057861328125,2,0,4,211,64
L4_W64_H4,1,test:d2:t2:paligned:tree211:i20002,4,4,11,aligned,0,2,test,0.001804351806640625,2,1,4,211,64
L4_W64_H4,1,test:d2:t2:paligned:tree211:i20003,4,4,11,aligned,1,2,test,0.016897201538085938,2,1,4,211,64
L4_W64_H4,0,test:d2:t2:paligned:tree211:i20004,4,4,11,aligned,0,2,test,0.06362342834472656,2,1,4,211,64
L4_W64_H4,0,test:d2:t2:paligned:tree211:i20005,4,4,11,aligned,1,2,test,-0.0028553009033203125,2,0,4,211,64
L4_W64_H4,1,test:d2:t2:paligned:tree211:i20006,4,4,11,aligned,0,2,test,-0.03018951416015625,2,0,4,211,64
L4_W64_H4,1,test:d2:t2:paligned:tree211:i20007,4,4,11,aligned,1,2,test,-0.04679679870605469,2,0,4,211,64
L4_W64_H4,0,test:d2:t2:paligned:tree211:i20008,4,4,11,aligned,0,2,test,-0.08012008666992188,2,0,4,211,64
L4_W64_H4,0,test:d2:t2:paligned:tree211:i20009,4,4,11,aligned,1,2,test,-0.04471588134765625,2,0,4,211,64
L4_W64_H4,1,test:d2:t2:paligned:tree211:i20010,4,4,11,aligned,0,2,test,0.06354331970214844,2,1,4,211,64
L4_W64_H4,1,test:d2:t2:paligned:tree211:i20011,4,4,11,aligned,1,2,test,0.0025177001953125,2,1,4,211,64
L4_W64_H4,0,test:d2:t2:paligned:tree211:i20012,4,4,11,aligned,0,2,test,-0.019861221313476562,2,0,4,211,64
L4_W64_H4,0,test:d2:t2:paligned:tree211:i20013,4,4,11,aligned,1,2,test,0.05523681640625,2,1,4,211,64
L4_W64_H4,1,test:d2:t2:paligned:tree211:i20014,4,4,11,aligned,0,2,test,-0.06489753723144531,2,0,4,211,64
L4_W64_H4,1,test:d2:t2:paligned:tree211:i20015,4,4,11,aligned,1,2,test,-0.011617660522460938,2,0,4,211,64
L4_W64_H4,0,test:d2:t2:paligned:tree307:i20000,4,4,11,aligned,0,2,test,-0.028179168701171875,2,0,4,307,64
L4_W64_H4,0,test:d2:t2:paligned:tree307:i20001,4,4,11,aligned,1,2,test,-0.1116485595703125,2,0,4,307,64
L4_W64_H4,1,test:d2:t2:paligned:tree307:i20002,4,4,11,aligned,0,2,test,-0.05358123779296875,2,0,4,307,64
L4_W64_H4,1,test:d2:t2:paligned:tree307:i20003,4,4,11,aligned,1,2,test,0.11188125610351562,2,1,4,307,64
L4_W64_H4,0,test:d2:t2:paligned:tree307:i20004,4,4,11,aligned,0,2,test,-0.038227081298828125,2,0,4,307,64
L4_W64_H4,0,test:d2:t2:paligned:tree307:i20005,4,4,11,aligned,1,2,test,-0.02410888671875,2,0,4,307,64
L4_W64_H4,1,test:d2:t2:paligned:tree307:i20006,4,4,11,aligned,0,2,test,-0.05793952941894531,2,0,4,307,64
L4_W64_H4,1,test:d2:t2:paligned:tree307:i20007,4,4,11,aligned,1,2,test,0.10091590881347656,2,1,4,307,64
L4_W64_H4,0,test:d2:t2:paligned:tree307:i20008,4,4,11,aligned,0,2,test,-0.10311508178710938,2,0,4,307,64
L4_W64_H4,0,test:d2:t2:paligned:tree307:i20009,4,4,11,aligned,1,2,test,0.06930732727050781,2,1,4,307,64
L4_W64_H4,1,test:d2:t2:paligned:tree307:i20010,4,4,11,aligned,0,2,test,-0.043941497802734375,2,0,4,307,64
L4_W64_H4,1,test:d2:t2:paligned:tree307:i20011,4,4,11,aligned,1,2,test,0.07450675964355469,2,1,4,307,64
L4_W64_H4,0,test:d2:t2:paligned:tree307:i20012,4,4,11,aligned,0,2,test,-0.06636619567871094,2,0,4,307,64
L4_W64_H4,0,test:d2:t2:paligned:tree307:i20013,4,4,11,aligned,1,2,test,0.03232574462890625,2,1,4,307,64
L4_W64_H4,1,test:d2:t2:paligned:tree307:i20014,4,4,11,aligned,0,2,test,0.09517478942871094,2,1,4,307,64
L4_W64_H4,1,test:d2:t2:paligned:tree307:i20015,4,4,11,aligned,1,2,test,-0.05871772766113281,2,0,4,307,64
L4_W64_H4,0,test:d2:t2:prandomized:tree101:i20001,4,4,11,randomized,1,2,test,0.007511138916015625,2,1,4,101,64
L4_W64_H4,0,test:d2:t2:prandomized:tree101:i20009,4,4,11,randomized,1,2,test,-0.03485298156738281,2,0,4,101,64
L4_W64_H4,1,test:d2:t2:prandomized:tree101:i20014,4,4,11,randomized,0,2,test,-0.06732177734375,2,0,4,101,64
L4_W64_H4,0,test:d2:t2:prandomized:tree211:i20001,4,4,11,randomized,1,2,test,-0.057861328125,2,0,4,211,64
L4_W64_H4,0,test:d2:t2:prandomized:tree211:i20013,4,4,11,randomized,1,2,test,0.05523681640625,2,1,4,211,64
L4_W64_H4,0,test:d2:t2:prandomized:tree307:i20001,4,4,11,randomized,1,2,test,-0.1116485595703125,2,0,4,307,64
L4_W64_H4,0,test:d2:t2:prandomized:tree307:i20012,4,4,11,randomized,0,2,test,-0.06636619567871094,2,0,4,307,64
L4_W64_H4,0,test:d2:t3:paligned:tree101:i20000,4,4,11,aligned,0,2,test,-0.028255462646484375,3,0,4,101,64
L4_W64_H4,0,test:d2:t3:paligned:tree101:i20001,4,4,11,aligned,1,2,test,0.0068721771240234375,3,1,4,101,64
L4_W64_H4,1,test:d2:t3:paligned:tree101:i20002,4,4,11,aligned,0,2,test,0.008541107177734375,3,1,4,101,64
L4_W64_H4,1,test:d2:t3:paligned:tree101:i20003,4,4,11,aligned,1,2,test,0.04273414611816406,3,1,4,101,64
L4_W64_H4,0,test:d2:t3:paligned:tree101:i20004,4,4,11,aligned,0,2,test,-0.058872222900390625,3,0,4,101,64
L4_W64_H4,0,test:d2:t3:paligned:tree101:i20005,4,4,11,aligned,1,2,test,0.024394989013671875,3,1,4,101,64
L4_W64_H4,1,test:d2:t3:paligned:tree101:i20006,4,4,11,aligned,0,2,test,-0.03277778625488281,3,0,4,101,64
L4_W64_H4,1,test:d2:t3:paligned:tree101:i20007,4,4,11,aligned,1,2,test,-0.0460662841796875,3,0,4,101,64
L4_W64_H4,0,test:d2:t3:paligned:tree101:i20008,4,4,11,aligned,0,2,test,-0.048419952392578125,3,0,4,101,64
L4_W64_H4,0,test:d2:t3:paligned:tree101:i20009,4,4,11,aligned,1,2,test,-0.03516578674316406,3,0,4,101,64
L4_W64_H4,1,test:d2:t3:paligned:tree101:i20010,4,4,11,aligned,0,2,test,-0.061740875244140625,3,0,4,101,64
L4_W64_H4,1,test:d2:t3:paligned:tree101:i20011,4,4,11,aligned,1,2,test,-0.030740737915039062,3,0,4,101,64
L4_W64_H4,0,test:d2:t3:paligned:tree101:i20012,4,4,11,aligned,0,2,test,-0.0216827392578125,3,0,4,101,64
L4_W64_H4,0,test:d2:t3:paligned:tree101:i20013,4,4,11,aligned,1,2,test,0.0005970001220703125,3,1,4,101,64
L4_W64_H4,1,test:d2:t3:paligned:tree101:i20014,4,4,11,aligned,0,2,test,-0.06915664672851562,3,0,4,101,64
L4_W64_H4,1,test:d2:t3:paligned:tree101:i20015,4,4,11,aligned,1,2,test,0.01419830322265625,3,1,4,101,64
L4_W64_H4,0,test:d2:t3:paligned:tree211:i20000,4,4,11,aligned,0,2,test,-0.05321693420410156,3,0,4,211,64
L4_W64_H4,0,test:d2:t3:paligned:tree211:i20001,4,4,11,aligned,1,2,test,-0.053699493408203125,3,0,4,211,64
L4_W64_H4,1,test:d2:t3:paligned:tree211:i20002,4,4,11,aligned,0,2,test,-0.001659393310546875,3,0,4,211,64
L4_W64_H4,1,test:d2:t3:paligned:tree211:i20003,4,4,11,aligned,1,2,test,0.024730682373046875,3,1,4,211,64
L4_W64_H4,0,test:d2:t3:paligned:tree211:i20004,4,4,11,aligned,0,2,test,0.06368446350097656,3,1,4,211,64
L4_W64_H4,0,test:d2:t3:paligned:tree211:i20005,4,4,11,aligned,1,2,test,0.001888275146484375,3,1,4,211,64
L4_W64_H4,1,test:d2:t3:paligned:tree211:i20006,4,4,11,aligned,0,2,test,-0.027776718139648438,3,0,4,211,64
L4_W64_H4,1,test:d2:t3:paligned:tree211:i20007,4,4,11,aligned,1,2,test,-0.04358673095703125,3,0,4,211,64
L4_W64_H4,0,test:d2:t3:paligned:tree211:i20008,4,4,11,aligned,0,2,test,-0.083526611328125,3,0,4,211,64
L4_W64_H4,0,test:d2:t3:paligned:tree211:i20009,4,4,11,aligned,1,2,test,-0.0445404052734375,3,0,4,211,64
L4_W64_H4,1,test:d2:t3:paligned:tree211:i20010,4,4,11,aligned,0,2,test,0.0616302490234375,3,1,4,211,64
L4_W64_H4,1,test:d2:t3:paligned:tree211:i20011,4,4,11,aligned,1,2,test,0.004657745361328125,3,1,4,211,64
L4_W64_H4,0,test:d2:t3:paligned:tree211:i20012,4,4,11,aligned,0,2,test,-0.020479202270507812,3,0,4,211,64
L4_W64_H4,0,test:d2:t3:paligned:tree211:i20013,4,4,11,aligned,1,2,test,0.05459022521972656,3,1,4,211,64
L4_W64_H4,1,test:d2:t3:paligned:tree211:i20014,4,4,11,aligned,0,2,test,-0.07303619384765625,3,0,4,211,64
L4_W64_H4,1,test:d2:t3:paligned:tree211:i20015,4,4,11,aligned,1,2,test,-0.005916595458984375,3,0,4,211,64
L4_W64_H4,0,test:d2:t3:paligned:tree307:i20000,4,4,11,aligned,0,2,test,-0.029720306396484375,3,0,4,307,64
L4_W64_H4,0,test:d2:t3:paligned:tree307:i20001,4,4,11,aligned,1,2,test,-0.1121063232421875,3,0,4,307,64
L4_W64_H4,1,test:d2:t3:paligned:tree307:i20002,4,4,11,aligned,0,2,test,-0.05452728271484375,3,0,4,307,64
L4_W64_H4,1,test:d2:t3:paligned:tree307:i20003,4,4,11,aligned,1,2,test,0.12371063232421875,3,1,4,307,64
L4_W64_H4,0,test:d2:t3:paligned:tree307:i20004,4,4,11,aligned,0,2,test,-0.04691886901855469,3,0,4,307,64
L4_W64_H4,0,test:d2:t3:paligned:tree307:i20005,4,4,11,aligned,1,2,test,-0.022335052490234375,3,0,4,307,64
L4_W64_H4,1,test:d2:t3:paligned:tree307:i20006,4,4,11,aligned,0,2,test,-0.05694580078125,3,0,4,307,64
L4_W64_H4,1,test:d2:t3:paligned:tree307:i20007,4,4,11,aligned,1,2,test,0.09968376159667969,3,1,4,307,64
L4_W64_H4,0,test:d2:t3:paligned:tree307:i20008,4,4,11,aligned,0,2,test,-0.10198020935058594,3,0,4,307,64
L4_W64_H4,0,test:d2:t3:paligned:tree307:i20009,4,4,11,aligned,1,2,test,0.05983924865722656,3,1,4,307,64
L4_W64_H4,1,test:d2:t3:paligned:tree307:i20010,4,4,11,aligned,0,2,test,-0.04941558837890625,3,0,4,307,64
L4_W64_H4,1,test:d2:t3:paligned:tree307:i20011,4,4,11,aligned,1,2,test,0.07056999206542969,3,1,4,307,64
L4_W64_H4,0,test:d2:t3:paligned:tree307:i20012,4,4,11,aligned,0,2,test,-0.07120132446289062,3,0,4,307,64
L4_W64_H4,0,test:d2:t3:paligned:tree307:i20013,4,4,11,aligned,1,2,test,0.03714179992675781,3,1,4,307,64
L4_W64_H4,1,test:d2:t3:paligned:tree307:i20014,4,4,11,aligned,0,2,test,0.09467124938964844,3,1,4,307,64
L4_W64_H4,1,test:d2:t3:paligned:tree307:i20015,4,4,11,aligned,1,2,test,-0.06000709533691406,3,0,4,307,64
L4_W64_H4,0,test:d2:t3:prandomized:tree101:i20001,4,4,11,randomized,1,2,test,0.0068721771240234375,3,1,4,101,64
L4_W64_H4,0,test:d2:t3:prandomized:tree101:i20009,4,4,11,randomized,1,2,test,-0.03516578674316406,3,0,4,101,64
L4_W64_H4,1,test:d2:t3:prandomized:tree101:i20014,4,4,11,randomized,0,2,test,-0.06915664672851562,3,0,4,101,64
L4_W64_H4,0,test:d2:t3:prandomized:tree211:i20001,4,4,11,randomized,1,2,test,-0.053699493408203125,3,0,4,211,64
L4_W64_H4,0,test:d2:t3:prandomized:tree211:i20013,4,4,11,randomized,1,2,test,0.05459022521972656,3,1,4,211,64
L4_W64_H4,0,test:d2:t3:prandomized:tree307:i20001,4,4,11,randomized,1,2,test,-0.1121063232421875,3,0,4,307,64
L4_W64_H4,0,test:d2:t3:prandomized:tree307:i20012,4,4,11,randomized,0,2,test,-0.07120132446289062,3,0,4,307,64
L4_W64_H4,1,validation:d1:t0:prandomized:tree101:i10011,4,4,11,randomized,1,1,validation,-0.08095169067382812,0,0,3,101,64
L4_W64_H4,0,validation:d1:t0:prandomized:tree211:i10013,4,4,11,randomized,1,1,validation,0.003101348876953125,0,1,3,211,64
L4_W64_H4,0,validation:d1:t0:prandomized:tree307:i10001,4,4,11,randomized,1,1,validation,0.08565139770507812,0,1,3,307,64
L4_W64_H4,1,validation:d1:t0:prandomized:tree307:i10003,4,4,11,randomized,1,1,validation,-0.017854690551757812,0,0,3,307,64
L4_W64_H4,1,validation:d1:t0:prandomized:tree307:i10014,4,4,11,randomized,0,1,validation,-0.01818084716796875,0,0,3,307,64
L4_W64_H4,1,validation:d1:t0:prandomized:tree307:i10015,4,4,11,randomized,1,1,validation,0.10038375854492188,0,1,3,307,64
L4_W64_H4,1,validation:d1:t1:prandomized:tree101:i10011,4,4,11,randomized,1,1,validation,-0.07950782775878906,1,0,3,101,64
L4_W64_H4,0,validation:d1:t1:prandomized:tree211:i10013,4,4,11,randomized,1,1,validation,0.005664825439453125,1,1,3,211,64
L4_W64_H4,0,validation:d1:t1:prandomized:tree307:i10001,4,4,11,randomized,1,1,validation,0.08246040344238281,1,1,3,307,64
L4_W64_H4,1,validation:d1:t1:prandomized:tree307:i10003,4,4,11,randomized,1,1,validation,-0.015180587768554688,1,0,3,307,64
L4_W64_H4,1,validation:d1:t1:prandomized:tree307:i10014,4,4,11,randomized,0,1,validation,-0.02008056640625,1,0,3,307,64
L4_W64_H4,1,validation:d1:t1:prandomized:tree307:i10015,4,4,11,randomized,1,1,validation,0.10193443298339844,1,1,3,307,64
L4_W64_H4,0,validation:d1:t2:prandomized:tree101:i10012,4,4,11,randomized,0,1,validation,0.011259078979492188,2,1,3,101,64
L4_W64_H4,1,validation:d1:t2:prandomized:tree101:i10014,4,4,11,randomized,0,1,validation,0.027208328247070312,2,1,3,101,64
L4_W64_H4,1,validation:d1:t2:prandomized:tree211:i10003,4,4,11,randomized,1,1,validation,0.1053924560546875,2,1,3,211,64
L4_W64_H4,0,validation:d1:t2:prandomized:tree307:i10001,4,4,11,randomized,1,1,validation,0.08378410339355469,2,1,3,307,64
L4_W64_H4,1,validation:d1:t2:prandomized:tree307:i10003,4,4,11,randomized,1,1,validation,-0.017950057983398438,2,0,3,307,64
L4_W64_H4,0,validation:d1:t2:prandomized:tree307:i10004,4,4,11,randomized,0,1,validation,-0.11120414733886719,2,0,3,307,64
L4_W64_H4,0,validation:d1:t3:prandomized:tree101:i10012,4,4,11,randomized,0,1,validation,0.012289047241210938,3,1,3,101,64
L4_W64_H4,1,validation:d1:t3:prandomized:tree101:i10014,4,4,11,randomized,0,1,validation,0.0140380859375,3,1,3,101,64
L4_W64_H4,1,validation:d1:t3:prandomized:tree211:i10003,4,4,11,randomized,1,1,validation,0.10248947143554688,3,1,3,211,64
L4_W64_H4,0,validation:d1:t3:prandomized:tree307:i10001,4,4,11,randomized,1,1,validation,0.08417320251464844,3,1,3,307,64
L4_W64_H4,1,validation:d1:t3:prandomized:tree307:i10003,4,4,11,randomized,1,1,validation,-0.015033721923828125,3,0,3,307,64
L4_W64_H4,0,validation:d1:t3:prandomized:tree307:i10004,4,4,11,randomized,0,1,validation,-0.11661911010742188,3,0,3,307,64
L4_W64_H4,0,validation:d2:t0:prandomized:tree101:i20001,4,4,11,randomized,1,2,validation,-0.001041412353515625,0,0,4,101,64
L4_W64_H4,1,validation:d2:t0:prandomized:tree307:i20006,4,4,11,randomized,0,2,validation,0.025876998901367188,0,1,4,307,64
L4_W64_H4,1,validation:d2:t0:prandomized:tree307:i20007,4,4,11,randomized,1,2,validation,0.0042572021484375,0,1,4,307,64
L4_W64_H4,0,validation:d2:t1:prandomized:tree101:i20001,4,4,11,randomized,1,2,validation,0.0004901885986328125,1,1,4,101,64
L4_W64_H4,1,validation:d2:t1:prandomized:tree307:i20006,4,4,11,randomized,0,2,validation,0.026157379150390625,1,1,4,307,64
L4_W64_H4,1,validation:d2:t1:prandomized:tree307:i20007,4,4,11,randomized,1,2,validation,0.0111236572265625,1,1,4,307,64
L4_W64_H4,0,validation:d2:t2:prandomized:tree101:i20013,4,4,11,randomized,1,2,validation,-0.008096694946289062,2,0,4,101,64
L4_W64_H4,1,validation:d2:t2:prandomized:tree101:i20015,4,4,11,randomized,1,2,validation,0.07483482360839844,2,1,4,101,64
L4_W64_H4,0,validation:d2:t2:prandomized:tree211:i20012,4,4,11,randomized,0,2,validation,-0.07005691528320312,2,0,4,211,64
L4_W64_H4,1,validation:d2:t2:prandomized:tree307:i20003,4,4,11,randomized,1,2,validation,-0.041645050048828125,2,0,4,307,64
L4_W64_H4,0,validation:d2:t3:prandomized:tree101:i20013,4,4,11,randomized,1,2,validation,-0.00548553466796875,3,0,4,101,64
L4_W64_H4,1,validation:d2:t3:prandomized:tree101:i20015,4,4,11,randomized,1,2,validation,0.07181358337402344,3,1,4,101,64
L4_W64_H4,0,validation:d2:t3:prandomized:tree211:i20012,4,4,11,randomized,0,2,validation,-0.0690765380859375,3,0,4,211,64
L4_W64_H4,1,validation:d2:t3:prandomized:tree307:i20003,4,4,11,randomized,1,2,validation,-0.03537178039550781,3,0,4,307,64
L4_W64_H4,1,test:d1:t0:prandomized:tree101:i10011,4,4,11,randomized,1,1,test,0.07388877868652344,0,1,3,101,64
L4_W64_H4,0,test:d1:t0:prandomized:tree211:i10013,4,4,11,randomized,1,1,test,0.06015968322753906,0,1,3,211,64
L4_W64_H4,0,test:d1:t0:prandomized:tree307:i10001,4,4,11,randomized,1,1,test,-0.03336906433105469,0,0,3,307,64
L4_W64_H4,1,test:d1:t0:prandomized:tree307:i10003,4,4,11,randomized,1,1,test,0.022319793701171875,0,1,3,307,64
L4_W64_H4,1,test:d1:t0:prandomized:tree307:i10014,4,4,11,randomized,0,1,test,-0.09468269348144531,0,0,3,307,64
L4_W64_H4,1,test:d1:t0:prandomized:tree307:i10015,4,4,11,randomized,1,1,test,0.13509750366210938,0,1,3,307,64
L4_W64_H4,1,test:d1:t1:prandomized:tree101:i10011,4,4,11,randomized,1,1,test,0.07297515869140625,1,1,3,101,64
L4_W64_H4,0,test:d1:t1:prandomized:tree211:i10013,4,4,11,randomized,1,1,test,0.05774497985839844,1,1,3,211,64
L4_W64_H4,0,test:d1:t1:prandomized:tree307:i10001,4,4,11,randomized,1,1,test,-0.028106689453125,1,0,3,307,64
L4_W64_H4,1,test:d1:t1:prandomized:tree307:i10003,4,4,11,randomized,1,1,test,0.020633697509765625,1,1,3,307,64
L4_W64_H4,1,test:d1:t1:prandomized:tree307:i10014,4,4,11,randomized,0,1,test,-0.09007644653320312,1,0,3,307,64
L4_W64_H4,1,test:d1:t1:prandomized:tree307:i10015,4,4,11,randomized,1,1,test,0.1351299285888672,1,1,3,307,64
L4_W64_H4,0,test:d1:t2:prandomized:tree101:i10012,4,4,11,randomized,0,1,test,0.0038471221923828125,2,1,3,101,64
L4_W64_H4,1,test:d1:t2:prandomized:tree101:i10014,4,4,11,randomized,0,1,test,-0.03428459167480469,2,0,3,101,64
L4_W64_H4,1,test:d1:t2:prandomized:tree211:i10003,4,4,11,randomized,1,1,test,0.018316268920898438,2,1,3,211,64
L4_W64_H4,0,test:d1:t2:prandomized:tree307:i10001,4,4,11,randomized,1,1,test,-0.024713516235351562,2,0,3,307,64
L4_W64_H4,1,test:d1:t2:prandomized:tree307:i10003,4,4,11,randomized,1,1,test,0.023212432861328125,2,1,3,307,64
L4_W64_H4,0,test:d1:t2:prandomized:tree307:i10004,4,4,11,randomized,0,1,test,-0.05834770202636719,2,0,3,307,64
L4_W64_H4,0,test:d1:t3:prandomized:tree101:i10012,4,4,11,randomized,0,1,test,0.000453948974609375,3,1,3,101,64
L4_W64_H4,1,test:d1:t3:prandomized:tree101:i10014,4,4,11,randomized,0,1,test,-0.03729057312011719,3,0,3,101,64
L4_W64_H4,1,test:d1:t3:prandomized:tree211:i10003,4,4,11,randomized,1,1,test,0.016065597534179688,3,1,3,211,64
L4_W64_H4,0,test:d1:t3:prandomized:tree307:i10001,4,4,11,randomized,1,1,test,-0.037014007568359375,3,0,3,307,64
L4_W64_H4,1,test:d1:t3:prandomized:tree307:i10003,4,4,11,randomized,1,1,test,0.018535614013671875,3,1,3,307,64
L4_W64_H4,0,test:d1:t3:prandomized:tree307:i10004,4,4,11,randomized,0,1,test,-0.06237030029296875,3,0,3,307,64
L4_W64_H4,0,test:d2:t0:prandomized:tree101:i20001,4,4,11,randomized,1,2,test,0.012983322143554688,0,1,4,101,64
L4_W64_H4,1,test:d2:t0:prandomized:tree307:i20006,4,4,11,randomized,0,2,test,-0.06303215026855469,0,0,4,307,64
L4_W64_H4,1,test:d2:t0:prandomized:tree307:i20007,4,4,11,randomized,1,2,test,0.10283279418945312,0,1,4,307,64
L4_W64_H4,0,test:d2:t1:prandomized:tree101:i20001,4,4,11,randomized,1,2,test,0.0165252685546875,1,1,4,101,64
L4_W64_H4,1,test:d2:t1:prandomized:tree307:i20006,4,4,11,randomized,0,2,test,-0.06743812561035156,1,0,4,307,64
L4_W64_H4,1,test:d2:t1:prandomized:tree307:i20007,4,4,11,randomized,1,2,test,0.1089019775390625,1,1,4,307,64
L4_W64_H4,0,test:d2:t2:prandomized:tree101:i20013,4,4,11,randomized,1,2,test,0.00409698486328125,2,1,4,101,64
L4_W64_H4,1,test:d2:t2:prandomized:tree101:i20015,4,4,11,randomized,1,2,test,0.018106460571289062,2,1,4,101,64
L4_W64_H4,0,test:d2:t2:prandomized:tree211:i20012,4,4,11,randomized,0,2,test,-0.0237274169921875,2,0,4,211,64
L4_W64_H4,1,test:d2:t2:prandomized:tree307:i20003,4,4,11,randomized,1,2,test,0.11614990234375,2,1,4,307,64
L4_W64_H4,0,test:d2:t3:prandomized:tree101:i20013,4,4,11,randomized,1,2,test,0.00675201416015625,3,1,4,101,64
L4_W64_H4,1,test:d2:t3:prandomized:tree101:i20015,4,4,11,randomized,1,2,test,0.018085479736328125,3,1,4,101,64
L4_W64_H4,0,test:d2:t3:prandomized:tree211:i20012,4,4,11,randomized,0,2,test,-0.025449752807617188,3,0,4,211,64
L4_W64_H4,1,test:d2:t3:prandomized:tree307:i20003,4,4,11,randomized,1,2,test,0.12860679626464844,3,1,4,307,64
L4_W64_H4,0,validation:d2:t0:prandomized:tree101:i20009,4,4,11,randomized,1,2,validation,0.07874107360839844,0,1,4,101,64
L4_W64_H4,1,validation:d2:t0:prandomized:tree101:i20015,4,4,11,randomized,1,2,validation,0.07125091552734375,0,1,4,101,64
L4_W64_H4,1,validation:d2:t0:prandomized:tree211:i20015,4,4,11,randomized,1,2,validation,-0.05092048645019531,0,0,4,211,64
L4_W64_H4,0,validation:d2:t0:prandomized:tree307:i20000,4,4,11,randomized,0,2,validation,-0.06131553649902344,0,0,4,307,64
L4_W64_H4,0,validation:d2:t0:prandomized:tree307:i20001,4,4,11,randomized,1,2,validation,-0.02648162841796875,0,0,4,307,64
L4_W64_H4,0,validation:d2:t1:prandomized:tree101:i20009,4,4,11,randomized,1,2,validation,0.08631515502929688,1,1,4,101,64
L4_W64_H4,1,validation:d2:t1:prandomized:tree101:i20015,4,4,11,randomized,1,2,validation,0.07491493225097656,1,1,4,101,64
L4_W64_H4,1,validation:d2:t1:prandomized:tree211:i20015,4,4,11,randomized,1,2,validation,-0.05394744873046875,1,0,4,211,64
L4_W64_H4,0,validation:d2:t1:prandomized:tree307:i20000,4,4,11,randomized,0,2,validation,-0.06022071838378906,1,0,4,307,64
L4_W64_H4,0,validation:d2:t1:prandomized:tree307:i20001,4,4,11,randomized,1,2,validation,-0.022640228271484375,1,0,4,307,64
L4_W64_H4,1,validation:d2:t2:prandomized:tree101:i20006,4,4,11,randomized,0,2,validation,-0.06413459777832031,2,0,4,101,64
L4_W64_H4,1,validation:d2:t2:prandomized:tree211:i20011,4,4,11,randomized,1,2,validation,-0.0023708343505859375,2,0,4,211,64
L4_W64_H4,1,validation:d2:t2:prandomized:tree211:i20014,4,4,11,randomized,0,2,validation,-0.027746200561523438,2,0,4,211,64
L4_W64_H4,1,validation:d2:t2:prandomized:tree307:i20006,4,4,11,randomized,0,2,validation,0.020778656005859375,2,1,4,307,64
L4_W64_H4,0,validation:d2:t2:prandomized:tree307:i20009,4,4,11,randomized,1,2,validation,-0.001750946044921875,2,0,4,307,64
L4_W64_H4,1,validation:d2:t2:prandomized:tree307:i20015,4,4,11,randomized,1,2,validation,0.005046844482421875,2,1,4,307,64
L4_W64_H4,1,validation:d2:t3:prandomized:tree101:i20006,4,4,11,randomized,0,2,validation,-0.06787872314453125,3,0,4,101,64
L4_W64_H4,1,validation:d2:t3:prandomized:tree211:i20011,4,4,11,randomized,1,2,validation,0.00041961669921875,3,1,4,211,64
L4_W64_H4,1,validation:d2:t3:prandomized:tree211:i20014,4,4,11,randomized,0,2,validation,-0.03104400634765625,3,0,4,211,64
L4_W64_H4,1,validation:d2:t3:prandomized:tree307:i20006,4,4,11,randomized,0,2,validation,0.018102645874023438,3,1,4,307,64
L4_W64_H4,0,validation:d2:t3:prandomized:tree307:i20009,4,4,11,randomized,1,2,validation,-0.0023403167724609375,3,0,4,307,64
L4_W64_H4,1,validation:d2:t3:prandomized:tree307:i20015,4,4,11,randomized,1,2,validation,0.008409500122070312,3,1,4,307,64
L4_W64_H4,0,test:d2:t0:prandomized:tree101:i20009,4,4,11,randomized,1,2,test,-0.028490066528320312,0,0,4,101,64
L4_W64_H4,1,test:d2:t0:prandomized:tree101:i20015,4,4,11,randomized,1,2,test,0.016414642333984375,0,1,4,101,64
L4_W64_H4,1,test:d2:t0:prandomized:tree211:i20015,4,4,11,randomized,1,2,test,-0.0012378692626953125,0,0,4,211,64
L4_W64_H4,0,test:d2:t0:prandomized:tree307:i20000,4,4,11,randomized,0,2,test,-0.03504371643066406,0,0,4,307,64
L4_W64_H4,0,test:d2:t0:prandomized:tree307:i20001,4,4,11,randomized,1,2,test,-0.10980796813964844,0,0,4,307,64
L4_W64_H4,0,test:d2:t1:prandomized:tree101:i20009,4,4,11,randomized,1,2,test,-0.027196884155273438,1,0,4,101,64
L4_W64_H4,1,test:d2:t1:prandomized:tree101:i20015,4,4,11,randomized,1,2,test,0.020547866821289062,1,1,4,101,64
L4_W64_H4,1,test:d2:t1:prandomized:tree211:i20015,4,4,11,randomized,1,2,test,0.0006866455078125,1,1,4,211,64
L4_W64_H4,0,test:d2:t1:prandomized:tree307:i20000,4,4,11,randomized,0,2,test,-0.03615570068359375,1,0,4,307,64
L4_W64_H4,0,test:d2:t1:prandomized:tree307:i20001,4,4,11,randomized,1,2,test,-0.10861587524414062,1,0,4,307,64
L4_W64_H4,1,test:d2:t2:prandomized:tree101:i20006,4,4,11,randomized,0,2,test,-0.0360260009765625,2,0,4,101,64
L4_W64_H4,1,test:d2:t2:prandomized:tree211:i20011,4,4,11,randomized,1,2,test,0.0102996826171875,2,1,4,211,64
L4_W64_H4,1,test:d2:t2:prandomized:tree211:i20014,4,4,11,randomized,0,2,test,-0.07379150390625,2,0,4,211,64
L4_W64_H4,1,test:d2:t2:prandomized:tree307:i20006,4,4,11,randomized,0,2,test,-0.06729888916015625,2,0,4,307,64
L4_W64_H4,0,test:d2:t2:prandomized:tree307:i20009,4,4,11,randomized,1,2,test,0.07073402404785156,2,1,4,307,64
L4_W64_H4,1,test:d2:t2:prandomized:tree307:i20015,4,4,11,randomized,1,2,test,-0.05820655822753906,2,0,4,307,64
L4_W64_H4,1,test:d2:t3:prandomized:tree101:i20006,4,4,11,randomized,0,2,test,-0.03870201110839844,3,0,4,101,64
L4_W64_H4,1,test:d2:t3:prandomized:tree211:i20011,4,4,11,randomized,1,2,test,0.0124664306640625,3,1,4,211,64
L4_W64_H4,1,test:d2:t3:prandomized:tree211:i20014,4,4,11,randomized,0,2,test,-0.07494163513183594,3,0,4,211,64
L4_W64_H4,1,test:d2:t3:prandomized:tree307:i20006,4,4,11,randomized,0,2,test,-0.06850814819335938,3,0,4,307,64
L4_W64_H4,0,test:d2:t3:prandomized:tree307:i20009,4,4,11,randomized,1,2,test,0.07196235656738281,3,1,4,307,64
L4_W64_H4,1,test:d2:t3:prandomized:tree307:i20015,4,4,11,randomized,1,2,test,-0.056674957275390625,3,0,4,307,64
L4_W64_H4,1,validation:d2:t0:prandomized:tree101:i20006,4,4,11,randomized,0,2,validation,-0.06115150451660156,0,0,4,101,64
L4_W64_H4,1,validation:d2:t0:prandomized:tree101:i20014,4,4,11,randomized,0,2,validation,0.009595870971679688,0,1,4,101,64
L4_W64_H4,1,validation:d2:t0:prandomized:tree307:i20002,4,4,11,randomized,0,2,validation,-0.000186920166015625,0,0,4,307,64
L4_W64_H4,1,validation:d2:t0:prandomized:tree307:i20015,4,4,11,randomized,1,2,validation,0.0024738311767578125,0,1,4,307,64
L4_W64_H4,1,validation:d2:t1:prandomized:tree101:i20006,4,4,11,randomized,0,2,validation,-0.05170440673828125,1,0,4,101,64
L4_W64_H4,1,validation:d2:t1:prandomized:tree101:i20014,4,4,11,randomized,0,2,validation,0.003936767578125,1,1,4,101,64
L4_W64_H4,1,validation:d2:t1:prandomized:tree307:i20002,4,4,11,randomized,0,2,validation,-0.0010356903076171875,1,0,4,307,64
L4_W64_H4,1,validation:d2:t1:prandomized:tree307:i20015,4,4,11,randomized,1,2,validation,0.0019702911376953125,1,1,4,307,64
L4_W64_H4,1,validation:d2:t2:prandomized:tree101:i20007,4,4,11,randomized,1,2,validation,0.06223297119140625,2,1,4,101,64
L4_W64_H4,1,validation:d2:t2:prandomized:tree101:i20010,4,4,11,randomized,0,2,validation,-0.05225181579589844,2,0,4,101,64
L4_W64_H4,1,validation:d2:t2:prandomized:tree211:i20002,4,4,11,randomized,0,2,validation,-0.007354736328125,2,0,4,211,64
L4_W64_H4,0,validation:d2:t2:prandomized:tree211:i20008,4,4,11,randomized,0,2,validation,-0.08149147033691406,2,0,4,211,64
L4_W64_H4,1,validation:d2:t3:prandomized:tree101:i20007,4,4,11,randomized,1,2,validation,0.06301689147949219,3,1,4,101,64
L4_W64_H4,1,validation:d2:t3:prandomized:tree101:i20010,4,4,11,randomized,0,2,validation,-0.05298805236816406,3,0,4,101,64
L4_W64_H4,1,validation:d2:t3:prandomized:tree211:i20002,4,4,11,randomized,0,2,validation,-0.0072193145751953125,3,0,4,211,64
L4_W64_H4,0,validation:d2:t3:prandomized:tree211:i20008,4,4,11,randomized,0,2,validation,-0.08187675476074219,3,0,4,211,64
L4_W64_H4,1,test:d2:t0:prandomized:tree101:i20006,4,4,11,randomized,0,2,test,-0.03281211853027344,0,0,4,101,64
L4_W64_H4,1,test:d2:t0:prandomized:tree101:i20014,4,4,11,randomized,0,2,test,-0.07424354553222656,0,0,4,101,64
L4_W64_H4,1,test:d2:t0:prandomized:tree307:i20002,4,4,11,randomized,0,2,test,-0.047946929931640625,0,0,4,307,64
L4_W64_H4,1,test:d2:t0:prandomized:tree307:i20015,4,4,11,randomized,1,2,test,-0.05856513977050781,0,0,4,307,64
L4_W64_H4,1,test:d2:t1:prandomized:tree101:i20006,4,4,11,randomized,0,2,test,-0.03387641906738281,1,0,4,101,64
L4_W64_H4,1,test:d2:t1:prandomized:tree101:i20014,4,4,11,randomized,0,2,test,-0.07912254333496094,1,0,4,101,64
L4_W64_H4,1,test:d2:t1:prandomized:tree307:i20002,4,4,11,randomized,0,2,test,-0.052989959716796875,1,0,4,307,64
L4_W64_H4,1,test:d2:t1:prandomized:tree307:i20015,4,4,11,randomized,1,2,test,-0.06591796875,1,0,4,307,64
L4_W64_H4,1,test:d2:t2:prandomized:tree101:i20007,4,4,11,randomized,1,2,test,-0.044342041015625,2,0,4,101,64
L4_W64_H4,1,test:d2:t2:prandomized:tree101:i20010,4,4,11,randomized,0,2,test,-0.06225395202636719,2,0,4,101,64
L4_W64_H4,1,test:d2:t2:prandomized:tree211:i20002,4,4,11,randomized,0,2,test,-0.0007610321044921875,2,0,4,211,64
L4_W64_H4,0,test:d2:t2:prandomized:tree211:i20008,4,4,11,randomized,0,2,test,-0.08961105346679688,2,0,4,211,64
L4_W64_H4,1,test:d2:t3:prandomized:tree101:i20007,4,4,11,randomized,1,2,test,-0.0428924560546875,3,0,4,101,64
L4_W64_H4,1,test:d2:t3:prandomized:tree101:i20010,4,4,11,randomized,0,2,test,-0.06131172180175781,3,0,4,101,64
L4_W64_H4,1,test:d2:t3:prandomized:tree211:i20002,4,4,11,randomized,0,2,test,-0.0003185272216796875,3,0,4,211,64
L4_W64_H4,0,test:d2:t3:prandomized:tree211:i20008,4,4,11,randomized,0,2,test,-0.0862274169921875,3,0,4,211,64
L4_W64_H4,1,validation:d2:t0:prandomized:tree101:i20007,4,4,11,randomized,1,2,validation,0.060214996337890625,0,1,4,101,64
L4_W64_H4,0,validation:d2:t0:prandomized:tree211:i20000,4,4,11,randomized,0,2,validation,-0.05119514465332031,0,0,4,211,64
L4_W64_H4,1,validation:d2:t0:prandomized:tree211:i20002,4,4,11,randomized,0,2,validation,-0.00395965576171875,0,0,4,211,64
L4_W64_H4,1,validation:d2:t0:prandomized:tree211:i20014,4,4,11,randomized,0,2,validation,-0.021810531616210938,0,0,4,211,64
L4_W64_H4,0,validation:d2:t0:prandomized:tree307:i20005,4,4,11,randomized,1,2,validation,0.016931533813476562,0,1,4,307,64
L4_W64_H4,1,validation:d2:t1:prandomized:tree101:i20007,4,4,11,randomized,1,2,validation,0.05830574035644531,1,1,4,101,64
L4_W64_H4,0,validation:d2:t1:prandomized:tree211:i20000,4,4,11,randomized,0,2,validation,-0.056552886962890625,1,0,4,211,64
L4_W64_H4,1,validation:d2:t1:prandomized:tree211:i20002,4,4,11,randomized,0,2,validation,-0.0041561126708984375,1,0,4,211,64
L4_W64_H4,1,validation:d2:t1:prandomized:tree211:i20014,4,4,11,randomized,0,2,validation,-0.022014617919921875,1,0,4,211,64
L4_W64_H4,0,validation:d2:t1:prandomized:tree307:i20005,4,4,11,randomized,1,2,validation,0.0176544189453125,1,1,4,307,64
L4_W64_H4,0,validation:d2:t2:prandomized:tree101:i20000,4,4,11,randomized,0,2,validation,-0.04668998718261719,2,0,4,101,64
L4_W64_H4,0,validation:d2:t2:prandomized:tree307:i20008,4,4,11,randomized,0,2,validation,0.06197547912597656,2,1,4,307,64
L4_W64_H4,0,validation:d2:t3:prandomized:tree101:i20000,4,4,11,randomized,0,2,validation,-0.0444793701171875,3,0,4,101,64
L4_W64_H4,0,validation:d2:t3:prandomized:tree307:i20008,4,4,11,randomized,0,2,validation,0.06287002563476562,3,1,4,307,64
L4_W64_H4,1,test:d2:t0:prandomized:tree101:i20007,4,4,11,randomized,1,2,test,-0.047031402587890625,0,0,4,101,64
L4_W64_H4,0,test:d2:t0:prandomized:tree211:i20000,4,4,11,randomized,0,2,test,-0.06717681884765625,0,0,4,211,64
L4_W64_H4,1,test:d2:t0:prandomized:tree211:i20002,4,4,11,randomized,0,2,test,0.00287628173828125,0,1,4,211,64
L4_W64_H4,1,test:d2:t0:prandomized:tree211:i20014,4,4,11,randomized,0,2,test,-0.08834075927734375,0,0,4,211,64
L4_W64_H4,0,test:d2:t0:prandomized:tree307:i20005,4,4,11,randomized,1,2,test,-0.027515411376953125,0,0,4,307,64
L4_W64_H4,1,test:d2:t1:prandomized:tree101:i20007,4,4,11,randomized,1,2,test,-0.04673004150390625,1,0,4,101,64
L4_W64_H4,0,test:d2:t1:prandomized:tree211:i20000,4,4,11,randomized,0,2,test,-0.0656280517578125,1,0,4,211,64
L4_W64_H4,1,test:d2:t1:prandomized:tree211:i20002,4,4,11,randomized,0,2,test,0.0012950897216796875,1,1,4,211,64
L4_W64_H4,1,test:d2:t1:prandomized:tree211:i20014,4,4,11,randomized,0,2,test,-0.06479644775390625,1,0,4,211,64
L4_W64_H4,0,test:d2:t1:prandomized:tree307:i20005,4,4,11,randomized,1,2,test,-0.025880813598632812,1,0,4,307,64
L4_W64_H4,0,test:d2:t2:prandomized:tree101:i20000,4,4,11,randomized,0,2,test,-0.022886276245117188,2,0,4,101,64
L4_W64_H4,0,test:d2:t2:prandomized:tree307:i20008,4,4,11,randomized,0,2,test,-0.09800529479980469,2,0,4,307,64
L4_W64_H4,0,test:d2:t3:prandomized:tree101:i20000,4,4,11,randomized,0,2,test,-0.024356842041015625,3,0,4,101,64
L4_W64_H4,0,test:d2:t3:prandomized:tree307:i20008,4,4,11,randomized,0,2,test,-0.10431289672851562,3,0,4,307,64
L4_W64_H4,1,validation:d2:t0:prandomized:tree101:i20002,4,4,11,randomized,0,2,validation,0.046085357666015625,0,1,4,101,64
L4_W64_H4,1,validation:d2:t0:prandomized:tree211:i20006,4,4,11,randomized,0,2,validation,-0.05568695068359375,0,0,4,211,64
L4_W64_H4,1,validation:d2:t0:prandomized:tree211:i20010,4,4,11,randomized,0,2,validation,-0.04875755310058594,0,0,4,211,64
L4_W64_H4,1,validation:d2:t0:prandomized:tree307:i20010,4,4,11,randomized,0,2,validation,-0.08194541931152344,0,0,4,307,64
L4_W64_H4,0,validation:d2:t0:prandomized:tree307:i20012,4,4,11,randomized,0,2,validation,-0.022485733032226562,0,0,4,307,64
L4_W64_H4,1,validation:d2:t0:prandomized:tree307:i20014,4,4,11,randomized,0,2,validation,0.0022907257080078125,0,1,4,307,64
L4_W64_H4,1,validation:d2:t1:prandomized:tree101:i20002,4,4,11,randomized,0,2,validation,0.04468536376953125,1,1,4,101,64
L4_W64_H4,1,validation:d2:t1:prandomized:tree211:i20006,4,4,11,randomized,0,2,validation,-0.04960823059082031,1,0,4,211,64
L4_W64_H4,1,validation:d2:t1:prandomized:tree211:i20010,4,4,11,randomized,0,2,validation,-0.04911041259765625,1,0,4,211,64
L4_W64_H4,1,validation:d2:t1:prandomized:tree307:i20010,4,4,11,randomized,0,2,validation,-0.08049201965332031,1,0,4,307,64
L4_W64_H4,0,validation:d2:t1:prandomized:tree307:i20012,4,4,11,randomized,0,2,validation,-0.022556304931640625,1,0,4,307,64
L4_W64_H4,1,validation:d2:t1:prandomized:tree307:i20014,4,4,11,randomized,0,2,validation,0.0018138885498046875,1,1,4,307,64
L4_W64_H4,1,validation:d2:t2:prandomized:tree101:i20003,4,4,11,randomized,1,2,validation,-0.019487380981445312,2,0,4,101,64
L4_W64_H4,0,validation:d2:t2:prandomized:tree101:i20004,4,4,11,randomized,0,2,validation,-0.043888092041015625,2,0,4,101,64
L4_W64_H4,0,validation:d2:t2:prandomized:tree101:i20012,4,4,11,randomized,0,2,validation,-0.06532859802246094,2,0,4,101,64
L4_W64_H4,0,validation:d2:t2:prandomized:tree211:i20005,4,4,11,randomized,1,2,validation,-0.04395484924316406,2,0,4,211,64
L4_W64_H4,1,validation:d2:t2:prandomized:tree211:i20007,4,4,11,randomized,1,2,validation,0.06730270385742188,2,1,4,211,64
L4_W64_H4,0,validation:d2:t2:prandomized:tree211:i20009,4,4,11,randomized,1,2,validation,-0.003604888916015625,2,0,4,211,64
L4_W64_H4,1,validation:d2:t3:prandomized:tree101:i20003,4,4,11,randomized,1,2,validation,-0.014890670776367188,3,0,4,101,64
L4_W64_H4,0,validation:d2:t3:prandomized:tree101:i20004,4,4,11,randomized,0,2,validation,-0.04890632629394531,3,0,4,101,64
L4_W64_H4,0,validation:d2:t3:prandomized:tree101:i20012,4,4,11,randomized,0,2,validation,-0.06911659240722656,3,0,4,101,64
L4_W64_H4,0,validation:d2:t3:prandomized:tree211:i20005,4,4,11,randomized,1,2,validation,-0.04112434387207031,3,0,4,211,64
L4_W64_H4,1,validation:d2:t3:prandomized:tree211:i20007,4,4,11,randomized,1,2,validation,0.06796455383300781,3,1,4,211,64
L4_W64_H4,0,validation:d2:t3:prandomized:tree211:i20009,4,4,11,randomized,1,2,validation,-0.008199691772460938,3,0,4,211,64
L4_W64_H4,1,test:d2:t0:prandomized:tree101:i20002,4,4,11,randomized,0,2,test,0.0060138702392578125,0,1,4,101,64
L4_W64_H4,1,test:d2:t0:prandomized:tree211:i20006,4,4,11,randomized,0,2,test,-0.03579902648925781,0,0,4,211,64
L4_W64_H4,1,test:d2:t0:prandomized:tree211:i20010,4,4,11,randomized,0,2,test,0.06403732299804688,0,1,4,211,64
L4_W64_H4,1,test:d2:t0:prandomized:tree307:i20010,4,4,11,randomized,0,2,test,-0.046916961669921875,0,0,4,307,64
L4_W64_H4,0,test:d2:t0:prandomized:tree307:i20012,4,4,11,randomized,0,2,test,-0.068634033203125,0,0,4,307,64
L4_W64_H4,1,test:d2:t0:prandomized:tree307:i20014,4,4,11,randomized,0,2,test,0.09248542785644531,0,1,4,307,64
L4_W64_H4,1,test:d2:t1:prandomized:tree101:i20002,4,4,11,randomized,0,2,test,0.008533477783203125,1,1,4,101,64
L4_W64_H4,1,test:d2:t1:prandomized:tree211:i20006,4,4,11,randomized,0,2,test,-0.03307151794433594,1,0,4,211,64
L4_W64_H4,1,test:d2:t1:prandomized:tree211:i20010,4,4,11,randomized,0,2,test,0.06396293640136719,1,1,4,211,64
L4_W64_H4,1,test:d2:t1:prandomized:tree307:i20010,4,4,11,randomized,0,2,test,-0.045772552490234375,1,0,4,307,64
L4_W64_H4,0,test:d2:t1:prandomized:tree307:i20012,4,4,11,randomized,0,2,test,-0.07042503356933594,1,0,4,307,64
L4_W64_H4,1,test:d2:t1:prandomized:tree307:i20014,4,4,11,randomized,0,2,test,0.09256935119628906,1,1,4,307,64
L4_W64_H4,1,test:d2:t2:prandomized:tree101:i20003,4,4,11,randomized,1,2,test,0.041629791259765625,2,1,4,101,64
L4_W64_H4,0,test:d2:t2:prandomized:tree101:i20004,4,4,11,randomized,0,2,test,-0.06990814208984375,2,0,4,101,64
L4_W64_H4,0,test:d2:t2:prandomized:tree101:i20012,4,4,11,randomized,0,2,test,-0.01442718505859375,2,0,4,101,64
L4_W64_H4,0,test:d2:t2:prandomized:tree211:i20005,4,4,11,randomized,1,2,test,-0.0044651031494140625,2,0,4,211,64
L4_W64_H4,1,test:d2:t2:prandomized:tree211:i20007,4,4,11,randomized,1,2,test,-0.03893280029296875,2,0,4,211,64
L4_W64_H4,0,test:d2:t2:prandomized:tree211:i20009,4,4,11,randomized,1,2,test,-0.04668426513671875,2,0,4,211,64
L4_W64_H4,1,test:d2:t3:prandomized:tree101:i20003,4,4,11,randomized,1,2,test,0.042453765869140625,3,1,4,101,64
L4_W64_H4,0,test:d2:t3:prandomized:tree101:i20004,4,4,11,randomized,0,2,test,-0.07163429260253906,3,0,4,101,64
L4_W64_H4,0,test:d2:t3:prandomized:tree101:i20012,4,4,11,randomized,0,2,test,-0.017862319946289062,3,0,4,101,64
L4_W64_H4,0,test:d2:t3:prandomized:tree211:i20005,4,4,11,randomized,1,2,test,-0.0071620941162109375,3,0,4,211,64
L4_W64_H4,1,test:d2:t3:prandomized:tree211:i20007,4,4,11,randomized,1,2,test,-0.03897857666015625,3,0,4,211,64
L4_W64_H4,0,test:d2:t3:prandomized:tree211:i20009,4,4,11,randomized,1,2,test,-0.047183990478515625,3,0,4,211,64
L4_W64_H4,1,validation:d2:t0:prandomized:tree101:i20003,4,4,11,randomized,1,2,validation,-0.008558273315429688,0,0,4,101,64
L4_W64_H4,1,validation:d2:t0:prandomized:tree101:i20010,4,4,11,randomized,0,2,validation,-0.06952667236328125,0,0,4,101,64
L4_W64_H4,0,validation:d2:t0:prandomized:tree211:i20013,4,4,11,randomized,1,2,validation,0.011468887329101562,0,1,4,211,64
L4_W64_H4,1,validation:d2:t0:prandomized:tree307:i20003,4,4,11,randomized,1,2,validation,-0.044956207275390625,0,0,4,307,64
L4_W64_H4,0,validation:d2:t0:prandomized:tree307:i20004,4,4,11,randomized,0,2,validation,-0.03621673583984375,0,0,4,307,64
L4_W64_H4,1,validation:d2:t1:prandomized:tree101:i20003,4,4,11,randomized,1,2,validation,-0.008810043334960938,1,0,4,101,64
L4_W64_H4,1,validation:d2:t1:prandomized:tree101:i20010,4,4,11,randomized,0,2,validation,-0.06659889221191406,1,0,4,101,64
L4_W64_H4,0,validation:d2:t1:prandomized:tree211:i20013,4,4,11,randomized,1,2,validation,0.011505126953125,1,1,4,211,64
L4_W64_H4,1,validation:d2:t1:prandomized:tree307:i20003,4,4,11,randomized,1,2,validation,-0.04739570617675781,1,0,4,307,64
L4_W64_H4,0,validation:d2:t1:prandomized:tree307:i20004,4,4,11,randomized,0,2,validation,-0.028406143188476562,1,0,4,307,64
L4_W64_H4,1,validation:d2:t2:prandomized:tree101:i20002,4,4,11,randomized,0,2,validation,0.03950691223144531,2,1,4,101,64
L4_W64_H4,0,validation:d2:t2:prandomized:tree101:i20005,4,4,11,randomized,1,2,validation,0.012546539306640625,2,1,4,101,64
L4_W64_H4,0,validation:d2:t2:prandomized:tree101:i20008,4,4,11,randomized,0,2,validation,0.011247634887695312,2,1,4,101,64
L4_W64_H4,1,validation:d2:t2:prandomized:tree211:i20003,4,4,11,randomized,1,2,validation,0.08741569519042969,2,1,4,211,64
L4_W64_H4,1,validation:d2:t2:prandomized:tree211:i20015,4,4,11,randomized,1,2,validation,-0.0528411865234375,2,0,4,211,64
L4_W64_H4,1,validation:d2:t2:prandomized:tree307:i20002,4,4,11,randomized,0,2,validation,-0.009107589721679688,2,0,4,307,64
L4_W64_H4,1,validation:d2:t2:prandomized:tree307:i20010,4,4,11,randomized,0,2,validation,-0.08884239196777344,2,0,4,307,64
L4_W64_H4,1,validation:d2:t2:prandomized:tree307:i20014,4,4,11,randomized,0,2,validation,-0.008966445922851562,2,0,4,307,64
L4_W64_H4,1,validation:d2:t3:prandomized:tree101:i20002,4,4,11,randomized,0,2,validation,0.03851127624511719,3,1,4,101,64
L4_W64_H4,0,validation:d2:t3:prandomized:tree101:i20005,4,4,11,randomized,1,2,validation,0.0147705078125,3,1,4,101,64
L4_W64_H4,0,validation:d2:t3:prandomized:tree101:i20008,4,4,11,randomized,0,2,validation,0.014513015747070312,3,1,4,101,64
L4_W64_H4,1,validation:d2:t3:prandomized:tree211:i20003,4,4,11,randomized,1,2,validation,0.08521461486816406,3,1,4,211,64
L4_W64_H4,1,validation:d2:t3:prandomized:tree211:i20015,4,4,11,randomized,1,2,validation,-0.05300140380859375,3,0,4,211,64
L4_W64_H4,1,validation:d2:t3:prandomized:tree307:i20002,4,4,11,randomized,0,2,validation,-0.006122589111328125,3,0,4,307,64
L4_W64_H4,1,validation:d2:t3:prandomized:tree307:i20010,4,4,11,randomized,0,2,validation,-0.08425521850585938,3,0,4,307,64
L4_W64_H4,1,validation:d2:t3:prandomized:tree307:i20014,4,4,11,randomized,0,2,validation,-0.00650787353515625,3,0,4,307,64
L4_W64_H4,1,test:d2:t0:prandomized:tree101:i20003,4,4,11,randomized,1,2,test,0.05156135559082031,0,1,4,101,64
L4_W64_H4,1,test:d2:t0:prandomized:tree101:i20010,4,4,11,randomized,0,2,test,-0.07131576538085938,0,0,4,101,64
L4_W64_H4,0,test:d2:t0:prandomized:tree211:i20013,4,4,11,randomized,1,2,test,0.07562255859375,0,1,4,211,64
L4_W64_H4,1,test:d2:t0:prandomized:tree307:i20003,4,4,11,randomized,1,2,test,0.1229400634765625,0,1,4,307,64
L4_W64_H4,0,test:d2:t0:prandomized:tree307:i20004,4,4,11,randomized,0,2,test,-0.06194877624511719,0,0,4,307,64
L4_W64_H4,1,test:d2:t1:prandomized:tree101:i20003,4,4,11,randomized,1,2,test,0.052333831787109375,1,1,4,101,64
L4_W64_H4,1,test:d2:t1:prandomized:tree101:i20010,4,4,11,randomized,0,2,test,-0.06959152221679688,1,0,4,101,64
L4_W64_H4,0,test:d2:t1:prandomized:tree211:i20013,4,4,11,randomized,1,2,test,0.07168769836425781,1,1,4,211,64
L4_W64_H4,1,test:d2:t1:prandomized:tree307:i20003,4,4,11,randomized,1,2,test,0.1276378631591797,1,1,4,307,64
L4_W64_H4,0,test:d2:t1:prandomized:tree307:i20004,4,4,11,randomized,0,2,test,-0.06453323364257812,1,0,4,307,64
L4_W64_H4,1,test:d2:t2:prandomized:tree101:i20002,4,4,11,randomized,0,2,test,-0.0051860809326171875,2,0,4,101,64
L4_W64_H4,0,test:d2:t2:prandomized:tree101:i20005,4,4,11,randomized,1,2,test,0.023214340209960938,2,1,4,101,64
L4_W64_H4,0,test:d2:t2:prandomized:tree101:i20008,4,4,11,randomized,0,2,test,-0.06679344177246094,2,0,4,101,64
L4_W64_H4,1,test:d2:t2:prandomized:tree211:i20003,4,4,11,randomized,1,2,test,0.029916763305664062,2,1,4,211,64
L4_W64_H4,1,test:d2:t2:prandomized:tree211:i20015,4,4,11,randomized,1,2,test,0.01523590087890625,2,1,4,211,64
L4_W64_H4,1,test:d2:t2:prandomized:tree307:i20002,4,4,11,randomized,0,2,test,-0.05517387390136719,2,0,4,307,64
L4_W64_H4,1,test:d2:t2:prandomized:tree307:i20010,4,4,11,randomized,0,2,test,-0.05974006652832031,2,0,4,307,64
L4_W64_H4,1,test:d2:t2:prandomized:tree307:i20014,4,4,11,randomized,0,2,test,0.07938766479492188,2,1,4,307,64
L4_W64_H4,1,test:d2:t3:prandomized:tree101:i20002,4,4,11,randomized,0,2,test,-0.003589630126953125,3,0,4,101,64
L4_W64_H4,0,test:d2:t3:prandomized:tree101:i20005,4,4,11,randomized,1,2,test,0.025897979736328125,3,1,4,101,64
L4_W64_H4,0,test:d2:t3:prandomized:tree101:i20008,4,4,11,randomized,0,2,test,-0.07489204406738281,3,0,4,101,64
L4_W64_H4,1,test:d2:t3:prandomized:tree211:i20003,4,4,11,randomized,1,2,test,0.031993865966796875,3,1,4,211,64
L4_W64_H4,1,test:d2:t3:prandomized:tree211:i20015,4,4,11,randomized,1,2,test,0.013292312622070312,3,1,4,211,64
L4_W64_H4,1,test:d2:t3:prandomized:tree307:i20002,4,4,11,randomized,0,2,test,-0.05370330810546875,3,0,4,307,64
L4_W64_H4,1,test:d2:t3:prandomized:tree307:i20010,4,4,11,randomized,0,2,test,-0.056201934814453125,3,0,4,307,64
L4_W64_H4,1,test:d2:t3:prandomized:tree307:i20014,4,4,11,randomized,0,2,test,0.08011245727539062,3,1,4,307,64
L4_W64_H4,0,validation:d2:t0:prandomized:tree101:i20000,4,4,11,randomized,0,2,validation,-0.06406974792480469,0,0,4,101,64
L4_W64_H4,0,validation:d2:t0:prandomized:tree101:i20004,4,4,11,randomized,0,2,validation,-0.06602287292480469,0,0,4,101,64
L4_W64_H4,0,validation:d2:t0:prandomized:tree101:i20008,4,4,11,randomized,0,2,validation,-0.0053386688232421875,0,0,4,101,64
L4_W64_H4,0,validation:d2:t0:prandomized:tree101:i20012,4,4,11,randomized,0,2,validation,-0.08788490295410156,0,0,4,101,64
L4_W64_H4,1,validation:d2:t0:prandomized:tree211:i20011,4,4,11,randomized,1,2,validation,0.015338897705078125,0,1,4,211,64
L4_W64_H4,0,validation:d2:t1:prandomized:tree101:i20000,4,4,11,randomized,0,2,validation,-0.06040191650390625,1,0,4,101,64
L4_W64_H4,0,validation:d2:t1:prandomized:tree101:i20004,4,4,11,randomized,0,2,validation,-0.06697654724121094,1,0,4,101,64
L4_W64_H4,0,validation:d2:t1:prandomized:tree101:i20008,4,4,11,randomized,0,2,validation,0.000164031982421875,1,1,4,101,64
L4_W64_H4,0,validation:d2:t1:prandomized:tree101:i20012,4,4,11,randomized,0,2,validation,-0.08871269226074219,1,0,4,101,64
L4_W64_H4,1,validation:d2:t1:prandomized:tree211:i20011,4,4,11,randomized,1,2,validation,0.013788223266601562,1,1,4,211,64
L4_W64_H4,1,validation:d2:t2:prandomized:tree101:i20011,4,4,11,randomized,1,2,validation,0.10105705261230469,2,1,4,101,64
L4_W64_H4,0,validation:d2:t2:prandomized:tree211:i20004,4,4,11,randomized,0,2,validation,0.0431060791015625,2,1,4,211,64
L4_W64_H4,1,validation:d2:t2:prandomized:tree211:i20010,4,4,11,randomized,0,2,validation,-0.06916427612304688,2,0,4,211,64
L4_W64_H4,0,validation:d2:t2:prandomized:tree307:i20000,4,4,11,randomized,0,2,validation,-0.08473587036132812,2,0,4,307,64
L4_W64_H4,0,validation:d2:t2:prandomized:tree307:i20004,4,4,11,randomized,0,2,validation,-0.046642303466796875,2,0,4,307,64
L4_W64_H4,0,validation:d2:t2:prandomized:tree307:i20005,4,4,11,randomized,1,2,validation,0.04589653015136719,2,1,4,307,64
L4_W64_H4,1,validation:d2:t2:prandomized:tree307:i20007,4,4,11,randomized,1,2,validation,0.015863418579101562,2,1,4,307,64
L4_W64_H4,1,validation:d2:t2:prandomized:tree307:i20011,4,4,11,randomized,1,2,validation,-0.00164794921875,2,0,4,307,64
L4_W64_H4,0,validation:d2:t2:prandomized:tree307:i20013,4,4,11,randomized,1,2,validation,-0.019557952880859375,2,0,4,307,64
L4_W64_H4,1,validation:d2:t3:prandomized:tree101:i20011,4,4,11,randomized,1,2,validation,0.0967864990234375,3,1,4,101,64
L4_W64_H4,0,validation:d2:t3:prandomized:tree211:i20004,4,4,11,randomized,0,2,validation,0.038890838623046875,3,1,4,211,64
L4_W64_H4,1,validation:d2:t3:prandomized:tree211:i20010,4,4,11,randomized,0,2,validation,-0.06858444213867188,3,0,4,211,64
L4_W64_H4,0,validation:d2:t3:prandomized:tree307:i20000,4,4,11,randomized,0,2,validation,-0.07374000549316406,3,0,4,307,64
L4_W64_H4,0,validation:d2:t3:prandomized:tree307:i20004,4,4,11,randomized,0,2,validation,-0.03741645812988281,3,0,4,307,64
L4_W64_H4,0,validation:d2:t3:prandomized:tree307:i20005,4,4,11,randomized,1,2,validation,0.04555702209472656,3,1,4,307,64
L4_W64_H4,1,validation:d2:t3:prandomized:tree307:i20007,4,4,11,randomized,1,2,validation,0.015995025634765625,3,1,4,307,64
L4_W64_H4,1,validation:d2:t3:prandomized:tree307:i20011,4,4,11,randomized,1,2,validation,-0.0042896270751953125,3,0,4,307,64
L4_W64_H4,0,validation:d2:t3:prandomized:tree307:i20013,4,4,11,randomized,1,2,validation,-0.024351119995117188,3,0,4,307,64
L4_W64_H4,0,validation:d3:t0:paligned:tree101:i30000,4,4,11,aligned,0,3,validation,0.050136566162109375,0,1,5,101,64
L4_W64_H4,0,validation:d3:t0:paligned:tree101:i30001,4,4,11,aligned,1,3,validation,0.05087471008300781,0,1,5,101,64
L4_W64_H4,1,validation:d3:t0:paligned:tree101:i30002,4,4,11,aligned,0,3,validation,-0.0142974853515625,0,0,5,101,64
L4_W64_H4,1,validation:d3:t0:paligned:tree101:i30003,4,4,11,aligned,1,3,validation,0.004467010498046875,0,1,5,101,64
L4_W64_H4,0,validation:d3:t0:paligned:tree101:i30004,4,4,11,aligned,0,3,validation,-0.05413055419921875,0,0,5,101,64
L4_W64_H4,0,validation:d3:t0:paligned:tree101:i30005,4,4,11,aligned,1,3,validation,0.02906036376953125,0,1,5,101,64
L4_W64_H4,1,validation:d3:t0:paligned:tree101:i30006,4,4,11,aligned,0,3,validation,-0.00518035888671875,0,0,5,101,64
L4_W64_H4,1,validation:d3:t0:paligned:tree101:i30007,4,4,11,aligned,1,3,validation,0.0075702667236328125,0,1,5,101,64
L4_W64_H4,0,validation:d3:t0:paligned:tree101:i30008,4,4,11,aligned,0,3,validation,-0.006046295166015625,0,0,5,101,64
L4_W64_H4,0,validation:d3:t0:paligned:tree101:i30009,4,4,11,aligned,1,3,validation,0.07579994201660156,0,1,5,101,64
L4_W64_H4,1,validation:d3:t0:paligned:tree101:i30010,4,4,11,aligned,0,3,validation,0.03895759582519531,0,1,5,101,64
L4_W64_H4,1,validation:d3:t0:paligned:tree101:i30011,4,4,11,aligned,1,3,validation,-0.050075531005859375,0,0,5,101,64
L4_W64_H4,0,validation:d3:t0:paligned:tree101:i30012,4,4,11,aligned,0,3,validation,-0.020282745361328125,0,0,5,101,64
L4_W64_H4,0,validation:d3:t0:paligned:tree101:i30013,4,4,11,aligned,1,3,validation,0.0803985595703125,0,1,5,101,64
L4_W64_H4,1,validation:d3:t0:paligned:tree101:i30014,4,4,11,aligned,0,3,validation,-0.04216957092285156,0,0,5,101,64
L4_W64_H4,1,validation:d3:t0:paligned:tree101:i30015,4,4,11,aligned,1,3,validation,-0.07818412780761719,0,0,5,101,64
L4_W64_H4,0,validation:d3:t0:paligned:tree211:i30000,4,4,11,aligned,0,3,validation,0.015964508056640625,0,1,5,211,64
L4_W64_H4,0,validation:d3:t0:paligned:tree211:i30001,4,4,11,aligned,1,3,validation,-0.038730621337890625,0,0,5,211,64
L4_W64_H4,1,validation:d3:t0:paligned:tree211:i30002,4,4,11,aligned,0,3,validation,-0.012075424194335938,0,0,5,211,64
L4_W64_H4,1,validation:d3:t0:paligned:tree211:i30003,4,4,11,aligned,1,3,validation,-0.03677940368652344,0,0,5,211,64
L4_W64_H4,0,validation:d3:t0:paligned:tree211:i30004,4,4,11,aligned,0,3,validation,0.03261375427246094,0,1,5,211,64
L4_W64_H4,0,validation:d3:t0:paligned:tree211:i30005,4,4,11,aligned,1,3,validation,-0.05262565612792969,0,0,5,211,64
L4_W64_H4,1,validation:d3:t0:paligned:tree211:i30006,4,4,11,aligned,0,3,validation,-0.023937225341796875,0,0,5,211,64
L4_W64_H4,1,validation:d3:t0:paligned:tree211:i30007,4,4,11,aligned,1,3,validation,0.07417869567871094,0,1,5,211,64
L4_W64_H4,0,validation:d3:t0:paligned:tree211:i30008,4,4,11,aligned,0,3,validation,0.1523265838623047,0,1,5,211,64
L4_W64_H4,0,validation:d3:t0:paligned:tree211:i30009,4,4,11,aligned,1,3,validation,0.015897750854492188,0,1,5,211,64
L4_W64_H4,1,validation:d3:t0:paligned:tree211:i30010,4,4,11,aligned,0,3,validation,0.04367256164550781,0,1,5,211,64
L4_W64_H4,1,validation:d3:t0:paligned:tree211:i30011,4,4,11,aligned,1,3,validation,0.06911468505859375,0,1,5,211,64
L4_W64_H4,0,validation:d3:t0:paligned:tree211:i30012,4,4,11,aligned,0,3,validation,-0.014886856079101562,0,0,5,211,64
L4_W64_H4,0,validation:d3:t0:paligned:tree211:i30013,4,4,11,aligned,1,3,validation,0.023456573486328125,0,1,5,211,64
L4_W64_H4,1,validation:d3:t0:paligned:tree211:i30014,4,4,11,aligned,0,3,validation,-0.07822418212890625,0,0,5,211,64
L4_W64_H4,1,validation:d3:t0:paligned:tree211:i30015,4,4,11,aligned,1,3,validation,0.0049228668212890625,0,1,5,211,64
L4_W64_H4,0,validation:d3:t0:paligned:tree307:i30000,4,4,11,aligned,0,3,validation,0.027452468872070312,0,1,5,307,64
L4_W64_H4,0,validation:d3:t0:paligned:tree307:i30001,4,4,11,aligned,1,3,validation,0.1743755340576172,0,1,5,307,64
L4_W64_H4,1,validation:d3:t0:paligned:tree307:i30002,4,4,11,aligned,0,3,validation,-0.002056121826171875,0,0,5,307,64
L4_W64_H4,1,validation:d3:t0:paligned:tree307:i30003,4,4,11,aligned,1,3,validation,0.12325096130371094,0,1,5,307,64
L4_W64_H4,0,validation:d3:t0:paligned:tree307:i30004,4,4,11,aligned,0,3,validation,-0.020832061767578125,0,0,5,307,64
L4_W64_H4,0,validation:d3:t0:paligned:tree307:i30005,4,4,11,aligned,1,3,validation,0.05257606506347656,0,1,5,307,64
L4_W64_H4,1,validation:d3:t0:paligned:tree307:i30006,4,4,11,aligned,0,3,validation,-0.08761978149414062,0,0,5,307,64
L4_W64_H4,1,validation:d3:t0:paligned:tree307:i30007,4,4,11,aligned,1,3,validation,0.04592132568359375,0,1,5,307,64
L4_W64_H4,0,validation:d3:t0:paligned:tree307:i30008,4,4,11,aligned,0,3,validation,-0.026769638061523438,0,0,5,307,64
L4_W64_H4,0,validation:d3:t0:paligned:tree307:i30009,4,4,11,aligned,1,3,validation,0.025508880615234375,0,1,5,307,64
L4_W64_H4,1,validation:d3:t0:paligned:tree307:i30010,4,4,11,aligned,0,3,validation,-0.06064796447753906,0,0,5,307,64
L4_W64_H4,1,validation:d3:t0:paligned:tree307:i30011,4,4,11,aligned,1,3,validation,-0.04784393310546875,0,0,5,307,64
L4_W64_H4,0,validation:d3:t0:paligned:tree307:i30012,4,4,11,aligned,0,3,validation,-0.06784820556640625,0,0,5,307,64
L4_W64_H4,0,validation:d3:t0:paligned:tree307:i30013,4,4,11,aligned,1,3,validation,-0.0008182525634765625,0,0,5,307,64
L4_W64_H4,1,validation:d3:t0:paligned:tree307:i30014,4,4,11,aligned,0,3,validation,-0.07567024230957031,0,0,5,307,64
L4_W64_H4,1,validation:d3:t0:paligned:tree307:i30015,4,4,11,aligned,1,3,validation,-0.05420494079589844,0,0,5,307,64
L4_W64_H4,1,validation:d3:t0:prandomized:tree101:i30014,4,4,11,randomized,0,3,validation,-0.04216766357421875,0,0,5,101,64
L4_W64_H4,1,validation:d3:t0:prandomized:tree211:i30006,4,4,11,randomized,0,3,validation,-0.023937225341796875,0,0,5,211,64
L4_W64_H4,1,validation:d3:t0:prandomized:tree211:i30007,4,4,11,randomized,1,3,validation,0.07417869567871094,0,1,5,211,64
L4_W64_H4,0,validation:d3:t0:prandomized:tree211:i30009,4,4,11,randomized,1,3,validation,0.015897750854492188,0,1,5,211,64
L4_W64_H4,1,validation:d3:t0:prandomized:tree307:i30006,4,4,11,randomized,0,3,validation,-0.08761978149414062,0,0,5,307,64
L4_W64_H4,0,validation:d3:t1:paligned:tree101:i30000,4,4,11,aligned,0,3,validation,0.04562950134277344,1,1,5,101,64
L4_W64_H4,0,validation:d3:t1:paligned:tree101:i30001,4,4,11,aligned,1,3,validation,0.047534942626953125,1,1,5,101,64
L4_W64_H4,1,validation:d3:t1:paligned:tree101:i30002,4,4,11,aligned,0,3,validation,-0.023578643798828125,1,0,5,101,64
L4_W64_H4,1,validation:d3:t1:paligned:tree101:i30003,4,4,11,aligned,1,3,validation,0.00335693359375,1,1,5,101,64
L4_W64_H4,0,validation:d3:t1:paligned:tree101:i30004,4,4,11,aligned,0,3,validation,-0.05089378356933594,1,0,5,101,64
L4_W64_H4,0,validation:d3:t1:paligned:tree101:i30005,4,4,11,aligned,1,3,validation,0.027750015258789062,1,1,5,101,64
L4_W64_H4,1,validation:d3:t1:paligned:tree101:i30006,4,4,11,aligned,0,3,validation,-0.0024356842041015625,1,0,5,101,64
L4_W64_H4,1,validation:d3:t1:paligned:tree101:i30007,4,4,11,aligned,1,3,validation,0.0074138641357421875,1,1,5,101,64
L4_W64_H4,0,validation:d3:t1:paligned:tree101:i30008,4,4,11,aligned,0,3,validation,-0.0039825439453125,1,0,5,101,64
L4_W64_H4,0,validation:d3:t1:paligned:tree101:i30009,4,4,11,aligned,1,3,validation,0.07193183898925781,1,1,5,101,64
L4_W64_H4,1,validation:d3:t1:paligned:tree101:i30010,4,4,11,aligned,0,3,validation,0.041168212890625,1,1,5,101,64
L4_W64_H4,1,validation:d3:t1:paligned:tree101:i30011,4,4,11,aligned,1,3,validation,-0.043262481689453125,1,0,5,101,64
L4_W64_H4,0,validation:d3:t1:paligned:tree101:i30012,4,4,11,aligned,0,3,validation,-0.017925262451171875,1,0,5,101,64
L4_W64_H4,0,validation:d3:t1:paligned:tree101:i30013,4,4,11,aligned,1,3,validation,0.06370353698730469,1,1,5,101,64
L4_W64_H4,1,validation:d3:t1:paligned:tree101:i30014,4,4,11,aligned,0,3,validation,-0.04894447326660156,1,0,5,101,64
L4_W64_H4,1,validation:d3:t1:paligned:tree101:i30015,4,4,11,aligned,1,3,validation,-0.07742500305175781,1,0,5,101,64
L4_W64_H4,0,validation:d3:t1:paligned:tree211:i30000,4,4,11,aligned,0,3,validation,0.013936996459960938,1,1,5,211,64
L4_W64_H4,0,validation:d3:t1:paligned:tree211:i30001,4,4,11,aligned,1,3,validation,-0.03543281555175781,1,0,5,211,64
L4_W64_H4,1,validation:d3:t1:paligned:tree211:i30002,4,4,11,aligned,0,3,validation,-0.010894775390625,1,0,5,211,64
L4_W64_H4,1,validation:d3:t1:paligned:tree211:i30003,4,4,11,aligned,1,3,validation,-0.041164398193359375,1,0,5,211,64
L4_W64_H4,0,validation:d3:t1:paligned:tree211:i30004,4,4,11,aligned,0,3,validation,0.027744293212890625,1,1,5,211,64
L4_W64_H4,0,validation:d3:t1:paligned:tree211:i30005,4,4,11,aligned,1,3,validation,-0.0543212890625,1,0,5,211,64
L4_W64_H4,1,validation:d3:t1:paligned:tree211:i30006,4,4,11,aligned,0,3,validation,-0.02448272705078125,1,0,5,211,64
L4_W64_H4,1,validation:d3:t1:paligned:tree211:i30007,4,4,11,aligned,1,3,validation,0.07010078430175781,1,1,5,211,64
L4_W64_H4,0,validation:d3:t1:paligned:tree211:i30008,4,4,11,aligned,0,3,validation,0.15264892578125,1,1,5,211,64
L4_W64_H4,0,validation:d3:t1:paligned:tree211:i30009,4,4,11,aligned,1,3,validation,0.013584136962890625,1,1,5,211,64
L4_W64_H4,1,validation:d3:t1:paligned:tree211:i30010,4,4,11,aligned,0,3,validation,0.05135345458984375,1,1,5,211,64
L4_W64_H4,1,validation:d3:t1:paligned:tree211:i30011,4,4,11,aligned,1,3,validation,0.07119178771972656,1,1,5,211,64
L4_W64_H4,0,validation:d3:t1:paligned:tree211:i30012,4,4,11,aligned,0,3,validation,-0.013339996337890625,1,0,5,211,64
L4_W64_H4,0,validation:d3:t1:paligned:tree211:i30013,4,4,11,aligned,1,3,validation,0.019268035888671875,1,1,5,211,64
L4_W64_H4,1,validation:d3:t1:paligned:tree211:i30014,4,4,11,aligned,0,3,validation,-0.07927322387695312,1,0,5,211,64
L4_W64_H4,1,validation:d3:t1:paligned:tree211:i30015,4,4,11,aligned,1,3,validation,0.006168365478515625,1,1,5,211,64
L4_W64_H4,0,validation:d3:t1:paligned:tree307:i30000,4,4,11,aligned,0,3,validation,0.031452178955078125,1,1,5,307,64
L4_W64_H4,0,validation:d3:t1:paligned:tree307:i30001,4,4,11,aligned,1,3,validation,0.16915512084960938,1,1,5,307,64
L4_W64_H4,1,validation:d3:t1:paligned:tree307:i30002,4,4,11,aligned,0,3,validation,-0.0025043487548828125,1,0,5,307,64
L4_W64_H4,1,validation:d3:t1:paligned:tree307:i30003,4,4,11,aligned,1,3,validation,0.1235504150390625,1,1,5,307,64
L4_W64_H4,0,validation:d3:t1:paligned:tree307:i30004,4,4,11,aligned,0,3,validation,-0.018634796142578125,1,0,5,307,64
L4_W64_H4,0,validation:d3:t1:paligned:tree307:i30005,4,4,11,aligned,1,3,validation,0.04747200012207031,1,1,5,307,64
L4_W64_H4,1,validation:d3:t1:paligned:tree307:i30006,4,4,11,aligned,0,3,validation,-0.08742904663085938,1,0,5,307,64
L4_W64_H4,1,validation:d3:t1:paligned:tree307:i30007,4,4,11,aligned,1,3,validation,0.04278564453125,1,1,5,307,64
L4_W64_H4,0,validation:d3:t1:paligned:tree307:i30008,4,4,11,aligned,0,3,validation,-0.018873214721679688,1,0,5,307,64
L4_W64_H4,0,validation:d3:t1:paligned:tree307:i30009,4,4,11,aligned,1,3,validation,0.026004791259765625,1,1,5,307,64
L4_W64_H4,1,validation:d3:t1:paligned:tree307:i30010,4,4,11,aligned,0,3,validation,-0.06304168701171875,1,0,5,307,64
L4_W64_H4,1,validation:d3:t1:paligned:tree307:i30011,4,4,11,aligned,1,3,validation,-0.04730033874511719,1,0,5,307,64
L4_W64_H4,0,validation:d3:t1:paligned:tree307:i30012,4,4,11,aligned,0,3,validation,-0.06808662414550781,1,0,5,307,64
L4_W64_H4,0,validation:d3:t1:paligned:tree307:i30013,4,4,11,aligned,1,3,validation,-0.0072784423828125,1,0,5,307,64
L4_W64_H4,1,validation:d3:t1:paligned:tree307:i30014,4,4,11,aligned,0,3,validation,-0.08401107788085938,1,0,5,307,64
L4_W64_H4,1,validation:d3:t1:paligned:tree307:i30015,4,4,11,aligned,1,3,validation,-0.0535430908203125,1,0,5,307,64
L4_W64_H4,1,validation:d3:t1:prandomized:tree101:i30014,4,4,11,randomized,0,3,validation,-0.04894447326660156,1,0,5,101,64
L4_W64_H4,1,validation:d3:t1:prandomized:tree211:i30006,4,4,11,randomized,0,3,validation,-0.02448272705078125,1,0,5,211,64
L4_W64_H4,1,validation:d3:t1:prandomized:tree211:i30007,4,4,11,randomized,1,3,validation,0.070098876953125,1,1,5,211,64
L4_W64_H4,0,validation:d3:t1:prandomized:tree211:i30009,4,4,11,randomized,1,3,validation,0.013584136962890625,1,1,5,211,64
L4_W64_H4,1,validation:d3:t1:prandomized:tree307:i30006,4,4,11,randomized,0,3,validation,-0.08742904663085938,1,0,5,307,64
L4_W64_H4,0,validation:d3:t2:paligned:tree101:i30000,4,4,11,aligned,0,3,validation,0.050647735595703125,2,1,5,101,64
L4_W64_H4,0,validation:d3:t2:paligned:tree101:i30001,4,4,11,aligned,1,3,validation,0.04525566101074219,2,1,5,101,64
L4_W64_H4,1,validation:d3:t2:paligned:tree101:i30002,4,4,11,aligned,0,3,validation,-0.015001296997070312,2,0,5,101,64
L4_W64_H4,1,validation:d3:t2:paligned:tree101:i30003,4,4,11,aligned,1,3,validation,0.001552581787109375,2,1,5,101,64
L4_W64_H4,0,validation:d3:t2:paligned:tree101:i30004,4,4,11,aligned,0,3,validation,-0.05287742614746094,2,0,5,101,64
L4_W64_H4,0,validation:d3:t2:paligned:tree101:i30005,4,4,11,aligned,1,3,validation,0.0272369384765625,2,1,5,101,64
L4_W64_H4,1,validation:d3:t2:paligned:tree101:i30006,4,4,11,aligned,0,3,validation,-0.004001617431640625,2,0,5,101,64
L4_W64_H4,1,validation:d3:t2:paligned:tree101:i30007,4,4,11,aligned,1,3,validation,0.0065402984619140625,2,1,5,101,64
L4_W64_H4,0,validation:d3:t2:paligned:tree101:i30008,4,4,11,aligned,0,3,validation,-0.0064487457275390625,2,0,5,101,64
L4_W64_H4,0,validation:d3:t2:paligned:tree101:i30009,4,4,11,aligned,1,3,validation,0.07313919067382812,2,1,5,101,64
L4_W64_H4,1,validation:d3:t2:paligned:tree101:i30010,4,4,11,aligned,0,3,validation,0.03912162780761719,2,1,5,101,64
L4_W64_H4,1,validation:d3:t2:paligned:tree101:i30011,4,4,11,aligned,1,3,validation,-0.05095100402832031,2,0,5,101,64
L4_W64_H4,0,validation:d3:t2:paligned:tree101:i30012,4,4,11,aligned,0,3,validation,-0.020532608032226562,2,0,5,101,64
L4_W64_H4,0,validation:d3:t2:paligned:tree101:i30013,4,4,11,aligned,1,3,validation,0.08320808410644531,2,1,5,101,64
L4_W64_H4,1,validation:d3:t2:paligned:tree101:i30014,4,4,11,aligned,0,3,validation,-0.04719734191894531,2,0,5,101,64
L4_W64_H4,1,validation:d3:t2:paligned:tree101:i30015,4,4,11,aligned,1,3,validation,-0.077850341796875,2,0,5,101,64
L4_W64_H4,0,validation:d3:t2:paligned:tree211:i30000,4,4,11,aligned,0,3,validation,0.016500473022460938,2,1,5,211,64
L4_W64_H4,0,validation:d3:t2:paligned:tree211:i30001,4,4,11,aligned,1,3,validation,-0.039699554443359375,2,0,5,211,64
L4_W64_H4,1,validation:d3:t2:paligned:tree211:i30002,4,4,11,aligned,0,3,validation,-0.013757705688476562,2,0,5,211,64
L4_W64_H4,1,validation:d3:t2:paligned:tree211:i30003,4,4,11,aligned,1,3,validation,-0.04785919189453125,2,0,5,211,64
L4_W64_H4,0,validation:d3:t2:paligned:tree211:i30004,4,4,11,aligned,0,3,validation,0.03152275085449219,2,1,5,211,64
L4_W64_H4,0,validation:d3:t2:paligned:tree211:i30005,4,4,11,aligned,1,3,validation,-0.05412864685058594,2,0,5,211,64
L4_W64_H4,1,validation:d3:t2:paligned:tree211:i30006,4,4,11,aligned,0,3,validation,-0.023328781127929688,2,0,5,211,64
L4_W64_H4,1,validation:d3:t2:paligned:tree211:i30007,4,4,11,aligned,1,3,validation,0.07190322875976562,2,1,5,211,64
L4_W64_H4,0,validation:d3:t2:paligned:tree211:i30008,4,4,11,aligned,0,3,validation,0.15397071838378906,2,1,5,211,64
L4_W64_H4,0,validation:d3:t2:paligned:tree211:i30009,4,4,11,aligned,1,3,validation,0.0155029296875,2,1,5,211,64
L4_W64_H4,1,validation:d3:t2:paligned:tree211:i30010,4,4,11,aligned,0,3,validation,0.05126190185546875,2,1,5,211,64
L4_W64_H4,1,validation:d3:t2:paligned:tree211:i30011,4,4,11,aligned,1,3,validation,0.06783103942871094,2,1,5,211,64
L4_W64_H4,0,validation:d3:t2:paligned:tree211:i30012,4,4,11,aligned,0,3,validation,-0.014284133911132812,2,0,5,211,64
L4_W64_H4,0,validation:d3:t2:paligned:tree211:i30013,4,4,11,aligned,1,3,validation,0.021997451782226562,2,1,5,211,64
L4_W64_H4,1,validation:d3:t2:paligned:tree211:i30014,4,4,11,aligned,0,3,validation,-0.07738876342773438,2,0,5,211,64
L4_W64_H4,1,validation:d3:t2:paligned:tree211:i30015,4,4,11,aligned,1,3,validation,0.007114410400390625,2,1,5,211,64
L4_W64_H4,0,validation:d3:t2:paligned:tree307:i30000,4,4,11,aligned,0,3,validation,0.028850555419921875,2,1,5,307,64
L4_W64_H4,0,validation:d3:t2:paligned:tree307:i30001,4,4,11,aligned,1,3,validation,0.17458724975585938,2,1,5,307,64
L4_W64_H4,1,validation:d3:t2:paligned:tree307:i30002,4,4,11,aligned,0,3,validation,0.0009613037109375,2,1,5,307,64
L4_W64_H4,1,validation:d3:t2:paligned:tree307:i30003,4,4,11,aligned,1,3,validation,0.12309455871582031,2,1,5,307,64
L4_W64_H4,0,validation:d3:t2:paligned:tree307:i30004,4,4,11,aligned,0,3,validation,-0.020952224731445312,2,0,5,307,64
L4_W64_H4,0,validation:d3:t2:paligned:tree307:i30005,4,4,11,aligned,1,3,validation,0.0467376708984375,2,1,5,307,64
L4_W64_H4,1,validation:d3:t2:paligned:tree307:i30006,4,4,11,aligned,0,3,validation,-0.09010505676269531,2,0,5,307,64
L4_W64_H4,1,validation:d3:t2:paligned:tree307:i30007,4,4,11,aligned,1,3,validation,0.04575157165527344,2,1,5,307,64
L4_W64_H4,0,validation:d3:t2:paligned:tree307:i30008,4,4,11,aligned,0,3,validation,-0.015947341918945312,2,0,5,307,64
L4_W64_H4,0,validation:d3:t2:paligned:tree307:i30009,4,4,11,aligned,1,3,validation,0.02587890625,2,1,5,307,64
L4_W64_H4,1,validation:d3:t2:paligned:tree307:i30010,4,4,11,aligned,0,3,validation,-0.06195068359375,2,0,5,307,64
L4_W64_H4,1,validation:d3:t2:paligned:tree307:i30011,4,4,11,aligned,1,3,validation,-0.04962730407714844,2,0,5,307,64
L4_W64_H4,0,validation:d3:t2:paligned:tree307:i30012,4,4,11,aligned,0,3,validation,-0.06675529479980469,2,0,5,307,64
L4_W64_H4,0,validation:d3:t2:paligned:tree307:i30013,4,4,11,aligned,1,3,validation,-0.00199127197265625,2,0,5,307,64
L4_W64_H4,1,validation:d3:t2:paligned:tree307:i30014,4,4,11,aligned,0,3,validation,-0.07719802856445312,2,0,5,307,64
L4_W64_H4,1,validation:d3:t2:paligned:tree307:i30015,4,4,11,aligned,1,3,validation,-0.05123329162597656,2,0,5,307,64
L4_W64_H4,0,validation:d3:t2:prandomized:tree211:i30000,4,4,11,randomized,0,3,validation,0.016500473022460938,2,1,5,211,64
L4_W64_H4,0,validation:d3:t2:prandomized:tree307:i30000,4,4,11,randomized,0,3,validation,0.028850555419921875,2,1,5,307,64
L4_W64_H4,0,validation:d3:t2:prandomized:tree307:i30009,4,4,11,randomized,1,3,validation,0.02587890625,2,1,5,307,64
L4_W64_H4,1,validation:d3:t2:prandomized:tree307:i30010,4,4,11,randomized,0,3,validation,-0.06195068359375,2,0,5,307,64
L4_W64_H4,0,validation:d3:t3:paligned:tree101:i30000,4,4,11,aligned,0,3,validation,0.046234130859375,3,1,5,101,64
L4_W64_H4,0,validation:d3:t3:paligned:tree101:i30001,4,4,11,aligned,1,3,validation,0.04647254943847656,3,1,5,101,64
L4_W64_H4,1,validation:d3:t3:paligned:tree101:i30002,4,4,11,aligned,0,3,validation,-0.023609161376953125,3,0,5,101,64
L4_W64_H4,1,validation:d3:t3:paligned:tree101:i30003,4,4,11,aligned,1,3,validation,0.0045719146728515625,3,1,5,101,64
L4_W64_H4,0,validation:d3:t3:paligned:tree101:i30004,4,4,11,aligned,0,3,validation,-0.050830841064453125,3,0,5,101,64
L4_W64_H4,0,validation:d3:t3:paligned:tree101:i30005,4,4,11,aligned,1,3,validation,0.029926300048828125,3,1,5,101,64
L4_W64_H4,1,validation:d3:t3:paligned:tree101:i30006,4,4,11,aligned,0,3,validation,-0.001491546630859375,3,0,5,101,64
L4_W64_H4,1,validation:d3:t3:paligned:tree101:i30007,4,4,11,aligned,1,3,validation,0.007955551147460938,3,1,5,101,64
L4_W64_H4,0,validation:d3:t3:paligned:tree101:i30008,4,4,11,aligned,0,3,validation,-0.00433349609375,3,0,5,101,64
L4_W64_H4,0,validation:d3:t3:paligned:tree101:i30009,4,4,11,aligned,1,3,validation,0.0693817138671875,3,1,5,101,64
L4_W64_H4,1,validation:d3:t3:paligned:tree101:i30010,4,4,11,aligned,0,3,validation,0.03978729248046875,3,1,5,101,64
L4_W64_H4,1,validation:d3:t3:paligned:tree101:i30011,4,4,11,aligned,1,3,validation,-0.043491363525390625,3,0,5,101,64
L4_W64_H4,0,validation:d3:t3:paligned:tree101:i30012,4,4,11,aligned,0,3,validation,-0.016450881958007812,3,0,5,101,64
L4_W64_H4,0,validation:d3:t3:paligned:tree101:i30013,4,4,11,aligned,1,3,validation,0.07652664184570312,3,1,5,101,64
L4_W64_H4,1,validation:d3:t3:paligned:tree101:i30014,4,4,11,aligned,0,3,validation,-0.04904937744140625,3,0,5,101,64
L4_W64_H4,1,validation:d3:t3:paligned:tree101:i30015,4,4,11,aligned,1,3,validation,-0.07821083068847656,3,0,5,101,64
L4_W64_H4,0,validation:d3:t3:paligned:tree211:i30000,4,4,11,aligned,0,3,validation,0.013624191284179688,3,1,5,211,64
L4_W64_H4,0,validation:d3:t3:paligned:tree211:i30001,4,4,11,aligned,1,3,validation,-0.03630256652832031,3,0,5,211,64
L4_W64_H4,1,validation:d3:t3:paligned:tree211:i30002,4,4,11,aligned,0,3,validation,-0.010517120361328125,3,0,5,211,64
L4_W64_H4,1,validation:d3:t3:paligned:tree211:i30003,4,4,11,aligned,1,3,validation,-0.03893852233886719,3,0,5,211,64
L4_W64_H4,0,validation:d3:t3:paligned:tree211:i30004,4,4,11,aligned,0,3,validation,0.0280303955078125,3,1,5,211,64
L4_W64_H4,0,validation:d3:t3:paligned:tree211:i30005,4,4,11,aligned,1,3,validation,-0.053466796875,3,0,5,211,64
L4_W64_H4,1,validation:d3:t3:paligned:tree211:i30006,4,4,11,aligned,0,3,validation,-0.025836944580078125,3,0,5,211,64
L4_W64_H4,1,validation:d3:t3:paligned:tree211:i30007,4,4,11,aligned,1,3,validation,0.068939208984375,3,1,5,211,64
L4_W64_H4,0,validation:d3:t3:paligned:tree211:i30008,4,4,11,aligned,0,3,validation,0.15366363525390625,3,1,5,211,64
L4_W64_H4,0,validation:d3:t3:paligned:tree211:i30009,4,4,11,aligned,1,3,validation,0.0132904052734375,3,1,5,211,64
L4_W64_H4,1,validation:d3:t3:paligned:tree211:i30010,4,4,11,aligned,0,3,validation,0.04715538024902344,3,1,5,211,64
L4_W64_H4,1,validation:d3:t3:paligned:tree211:i30011,4,4,11,aligned,1,3,validation,0.07063674926757812,3,1,5,211,64
L4_W64_H4,0,validation:d3:t3:paligned:tree211:i30012,4,4,11,aligned,0,3,validation,-0.012935638427734375,3,0,5,211,64
L4_W64_H4,0,validation:d3:t3:paligned:tree211:i30013,4,4,11,aligned,1,3,validation,0.02044677734375,3,1,5,211,64
L4_W64_H4,1,validation:d3:t3:paligned:tree211:i30014,4,4,11,aligned,0,3,validation,-0.0793914794921875,3,0,5,211,64
L4_W64_H4,1,validation:d3:t3:paligned:tree211:i30015,4,4,11,aligned,1,3,validation,0.0079193115234375,3,1,5,211,64
L4_W64_H4,0,validation:d3:t3:paligned:tree307:i30000,4,4,11,aligned,0,3,validation,0.031829833984375,3,1,5,307,64
L4_W64_H4,0,validation:d3:t3:paligned:tree307:i30001,4,4,11,aligned,1,3,validation,0.17077255249023438,3,1,5,307,64
L4_W64_H4,1,validation:d3:t3:paligned:tree307:i30002,4,4,11,aligned,0,3,validation,-0.0028705596923828125,3,0,5,307,64
L4_W64_H4,1,validation:d3:t3:paligned:tree307:i30003,4,4,11,aligned,1,3,validation,0.12196922302246094,3,1,5,307,64
L4_W64_H4,0,validation:d3:t3:paligned:tree307:i30004,4,4,11,aligned,0,3,validation,-0.018419265747070312,3,0,5,307,64
L4_W64_H4,0,validation:d3:t3:paligned:tree307:i30005,4,4,11,aligned,1,3,validation,0.046215057373046875,3,1,5,307,64
L4_W64_H4,1,validation:d3:t3:paligned:tree307:i30006,4,4,11,aligned,0,3,validation,-0.08350944519042969,3,0,5,307,64
L4_W64_H4,1,validation:d3:t3:paligned:tree307:i30007,4,4,11,aligned,1,3,validation,0.04909706115722656,3,1,5,307,64
L4_W64_H4,0,validation:d3:t3:paligned:tree307:i30008,4,4,11,aligned,0,3,validation,-0.023138046264648438,3,0,5,307,64
L4_W64_H4,0,validation:d3:t3:paligned:tree307:i30009,4,4,11,aligned,1,3,validation,0.024847030639648438,3,1,5,307,64
L4_W64_H4,1,validation:d3:t3:paligned:tree307:i30010,4,4,11,aligned,0,3,validation,-0.06139183044433594,3,0,5,307,64
L4_W64_H4,1,validation:d3:t3:paligned:tree307:i30011,4,4,11,aligned,1,3,validation,-0.04630088806152344,3,0,5,307,64
L4_W64_H4,0,validation:d3:t3:paligned:tree307:i30012,4,4,11,aligned,0,3,validation,-0.06720542907714844,3,0,5,307,64
L4_W64_H4,0,validation:d3:t3:paligned:tree307:i30013,4,4,11,aligned,1,3,validation,-0.008655548095703125,3,0,5,307,64
L4_W64_H4,1,validation:d3:t3:paligned:tree307:i30014,4,4,11,aligned,0,3,validation,-0.08249092102050781,3,0,5,307,64
L4_W64_H4,1,validation:d3:t3:paligned:tree307:i30015,4,4,11,aligned,1,3,validation,-0.052272796630859375,3,0,5,307,64
L4_W64_H4,0,validation:d3:t3:prandomized:tree211:i30000,4,4,11,randomized,0,3,validation,0.013624191284179688,3,1,5,211,64
L4_W64_H4,0,validation:d3:t3:prandomized:tree307:i30000,4,4,11,randomized,0,3,validation,0.03183174133300781,3,1,5,307,64
L4_W64_H4,0,validation:d3:t3:prandomized:tree307:i30009,4,4,11,randomized,1,3,validation,0.024843215942382812,3,1,5,307,64
L4_W64_H4,1,validation:d3:t3:prandomized:tree307:i30010,4,4,11,randomized,0,3,validation,-0.06139373779296875,3,0,5,307,64
L4_W64_H4,0,test:d2:t0:prandomized:tree101:i20000,4,4,11,randomized,0,2,test,-0.050029754638671875,0,0,4,101,64
L4_W64_H4,0,test:d2:t0:prandomized:tree101:i20004,4,4,11,randomized,0,2,test,-0.09425926208496094,0,0,4,101,64
L4_W64_H4,0,test:d2:t0:prandomized:tree101:i20008,4,4,11,randomized,0,2,test,-0.08643150329589844,0,0,4,101,64
L4_W64_H4,0,test:d2:t0:prandomized:tree101:i20012,4,4,11,randomized,0,2,test,-0.05012321472167969,0,0,4,101,64
L4_W64_H4,1,test:d2:t0:prandomized:tree211:i20011,4,4,11,randomized,1,2,test,0.02918243408203125,0,1,4,211,64
L4_W64_H4,0,test:d2:t1:prandomized:tree101:i20000,4,4,11,randomized,0,2,test,-0.0400848388671875,1,0,4,101,64
L4_W64_H4,0,test:d2:t1:prandomized:tree101:i20004,4,4,11,randomized,0,2,test,-0.09346199035644531,1,0,4,101,64
L4_W64_H4,0,test:d2:t1:prandomized:tree101:i20008,4,4,11,randomized,0,2,test,-0.08334922790527344,1,0,4,101,64
L4_W64_H4,0,test:d2:t1:prandomized:tree101:i20012,4,4,11,randomized,0,2,test,-0.04219818115234375,1,0,4,101,64
L4_W64_H4,1,test:d2:t1:prandomized:tree211:i20011,4,4,11,randomized,1,2,test,0.023555755615234375,1,1,4,211,64
L4_W64_H4,1,test:d2:t2:prandomized:tree101:i20011,4,4,11,randomized,1,2,test,-0.002773284912109375,2,0,4,101,64
L4_W64_H4,0,test:d2:t2:prandomized:tree211:i20004,4,4,11,randomized,0,2,test,0.03828620910644531,2,1,4,211,64
L4_W64_H4,1,test:d2:t2:prandomized:tree211:i20010,4,4,11,randomized,0,2,test,0.04177093505859375,2,1,4,211,64
L4_W64_H4,0,test:d2:t2:prandomized:tree307:i20000,4,4,11,randomized,0,2,test,-0.05117225646972656,2,0,4,307,64
L4_W64_H4,0,test:d2:t2:prandomized:tree307:i20004,4,4,11,randomized,0,2,test,-0.07164192199707031,2,0,4,307,64
L4_W64_H4,0,test:d2:t2:prandomized:tree307:i20005,4,4,11,randomized,1,2,test,-0.0005397796630859375,2,0,4,307,64
L4_W64_H4,1,test:d2:t2:prandomized:tree307:i20007,4,4,11,randomized,1,2,test,0.11501312255859375,2,1,4,307,64
L4_W64_H4,1,test:d2:t2:prandomized:tree307:i20011,4,4,11,randomized,1,2,test,0.08886146545410156,2,1,4,307,64
L4_W64_H4,0,test:d2:t2:prandomized:tree307:i20013,4,4,11,randomized,1,2,test,0.059955596923828125,2,1,4,307,64
L4_W64_H4,1,test:d2:t3:prandomized:tree101:i20011,4,4,11,randomized,1,2,test,-0.0025005340576171875,3,0,4,101,64
L4_W64_H4,0,test:d2:t3:prandomized:tree211:i20004,4,4,11,randomized,0,2,test,0.035919189453125,3,1,4,211,64
L4_W64_H4,1,test:d2:t3:prandomized:tree211:i20010,4,4,11,randomized,0,2,test,0.04703521728515625,3,1,4,211,64
L4_W64_H4,0,test:d2:t3:prandomized:tree307:i20000,4,4,11,randomized,0,2,test,-0.04527091979980469,3,0,4,307,64
L4_W64_H4,0,test:d2:t3:prandomized:tree307:i20004,4,4,11,randomized,0,2,test,-0.07243728637695312,3,0,4,307,64
L4_W64_H4,0,test:d2:t3:prandomized:tree307:i20005,4,4,11,randomized,1,2,test,-0.0046176910400390625,3,0,4,307,64
L4_W64_H4,1,test:d2:t3:prandomized:tree307:i20007,4,4,11,randomized,1,2,test,0.11773109436035156,3,1,4,307,64
L4_W64_H4,1,test:d2:t3:prandomized:tree307:i20011,4,4,11,randomized,1,2,test,0.08411407470703125,3,1,4,307,64
L4_W64_H4,0,test:d2:t3:prandomized:tree307:i20013,4,4,11,randomized,1,2,test,0.05330848693847656,3,1,4,307,64
L4_W64_H4,0,test:d3:t0:paligned:tree101:i30000,4,4,11,aligned,0,3,test,-0.06715583801269531,0,0,5,101,64
L4_W64_H4,0,test:d3:t0:paligned:tree101:i30001,4,4,11,aligned,1,3,test,-0.07090377807617188,0,0,5,101,64
L4_W64_H4,1,test:d3:t0:paligned:tree101:i30002,4,4,11,aligned,0,3,test,-0.09247016906738281,0,0,5,101,64
L4_W64_H4,1,test:d3:t0:paligned:tree101:i30003,4,4,11,aligned,1,3,test,-0.018152236938476562,0,0,5,101,64
L4_W64_H4,0,test:d3:t0:paligned:tree101:i30004,4,4,11,aligned,0,3,test,-0.033321380615234375,0,0,5,101,64
L4_W64_H4,0,test:d3:t0:paligned:tree101:i30005,4,4,11,aligned,1,3,test,0.06894111633300781,0,1,5,101,64
L4_W64_H4,1,test:d3:t0:paligned:tree101:i30006,4,4,11,aligned,0,3,test,0.07190895080566406,0,1,5,101,64
L4_W64_H4,1,test:d3:t0:paligned:tree101:i30007,4,4,11,aligned,1,3,test,-0.05516815185546875,0,0,5,101,64
L4_W64_H4,0,test:d3:t0:paligned:tree101:i30008,4,4,11,aligned,0,3,test,-0.05606269836425781,0,0,5,101,64
L4_W64_H4,0,test:d3:t0:paligned:tree101:i30009,4,4,11,aligned,1,3,test,-0.08054351806640625,0,0,5,101,64
L4_W64_H4,1,test:d3:t0:paligned:tree101:i30010,4,4,11,aligned,0,3,test,0.040435791015625,0,1,5,101,64
L4_W64_H4,1,test:d3:t0:paligned:tree101:i30011,4,4,11,aligned,1,3,test,0.0093841552734375,0,1,5,101,64
L4_W64_H4,0,test:d3:t0:paligned:tree101:i30012,4,4,11,aligned,0,3,test,-0.05524253845214844,0,0,5,101,64
L4_W64_H4,0,test:d3:t0:paligned:tree101:i30013,4,4,11,aligned,1,3,test,0.05669403076171875,0,1,5,101,64
L4_W64_H4,1,test:d3:t0:paligned:tree101:i30014,4,4,11,aligned,0,3,test,-0.010469436645507812,0,0,5,101,64
L4_W64_H4,1,test:d3:t0:paligned:tree101:i30015,4,4,11,aligned,1,3,test,0.002437591552734375,0,1,5,101,64
L4_W64_H4,0,test:d3:t0:paligned:tree211:i30000,4,4,11,aligned,0,3,test,0.042774200439453125,0,1,5,211,64
L4_W64_H4,0,test:d3:t0:paligned:tree211:i30001,4,4,11,aligned,1,3,test,0.0789947509765625,0,1,5,211,64
L4_W64_H4,1,test:d3:t0:paligned:tree211:i30002,4,4,11,aligned,0,3,test,-0.11624526977539062,0,0,5,211,64
L4_W64_H4,1,test:d3:t0:paligned:tree211:i30003,4,4,11,aligned,1,3,test,0.07908821105957031,0,1,5,211,64
L4_W64_H4,0,test:d3:t0:paligned:tree211:i30004,4,4,11,aligned,0,3,test,-0.07879829406738281,0,0,5,211,64
L4_W64_H4,0,test:d3:t0:paligned:tree211:i30005,4,4,11,aligned,1,3,test,0.104095458984375,0,1,5,211,64
L4_W64_H4,1,test:d3:t0:paligned:tree211:i30006,4,4,11,aligned,0,3,test,-0.038707733154296875,0,0,5,211,64
L4_W64_H4,1,test:d3:t0:paligned:tree211:i30007,4,4,11,aligned,1,3,test,0.07598876953125,0,1,5,211,64
L4_W64_H4,0,test:d3:t0:paligned:tree211:i30008,4,4,11,aligned,0,3,test,-0.05381965637207031,0,0,5,211,64
L4_W64_H4,0,test:d3:t0:paligned:tree211:i30009,4,4,11,aligned,1,3,test,0.0049724578857421875,0,1,5,211,64
L4_W64_H4,1,test:d3:t0:paligned:tree211:i30010,4,4,11,aligned,0,3,test,-0.13899612426757812,0,0,5,211,64
L4_W64_H4,1,test:d3:t0:paligned:tree211:i30011,4,4,11,aligned,1,3,test,0.03910636901855469,0,1,5,211,64
L4_W64_H4,0,test:d3:t0:paligned:tree211:i30012,4,4,11,aligned,0,3,test,-0.011674880981445312,0,0,5,211,64
L4_W64_H4,0,test:d3:t0:paligned:tree211:i30013,4,4,11,aligned,1,3,test,0.10169792175292969,0,1,5,211,64
L4_W64_H4,1,test:d3:t0:paligned:tree211:i30014,4,4,11,aligned,0,3,test,-0.11601638793945312,0,0,5,211,64
L4_W64_H4,1,test:d3:t0:paligned:tree211:i30015,4,4,11,aligned,1,3,test,0.08728408813476562,0,1,5,211,64
L4_W64_H4,0,test:d3:t0:paligned:tree307:i30000,4,4,11,aligned,0,3,test,0.032314300537109375,0,1,5,307,64
L4_W64_H4,0,test:d3:t0:paligned:tree307:i30001,4,4,11,aligned,1,3,test,-0.0467071533203125,0,0,5,307,64
L4_W64_H4,1,test:d3:t0:paligned:tree307:i30002,4,4,11,aligned,0,3,test,-0.014127731323242188,0,0,5,307,64
L4_W64_H4,1,test:d3:t0:paligned:tree307:i30003,4,4,11,aligned,1,3,test,0.038776397705078125,0,1,5,307,64
L4_W64_H4,0,test:d3:t0:paligned:tree307:i30004,4,4,11,aligned,0,3,test,-0.007846832275390625,0,0,5,307,64
L4_W64_H4,0,test:d3:t0:paligned:tree307:i30005,4,4,11,aligned,1,3,test,-0.0598907470703125,0,0,5,307,64
L4_W64_H4,1,test:d3:t0:paligned:tree307:i30006,4,4,11,aligned,0,3,test,-0.08547782897949219,0,0,5,307,64
L4_W64_H4,1,test:d3:t0:paligned:tree307:i30007,4,4,11,aligned,1,3,test,0.03371238708496094,0,1,5,307,64
L4_W64_H4,0,test:d3:t0:paligned:tree307:i30008,4,4,11,aligned,0,3,test,0.00261688232421875,0,1,5,307,64
L4_W64_H4,0,test:d3:t0:paligned:tree307:i30009,4,4,11,aligned,1,3,test,0.03635215759277344,0,1,5,307,64
L4_W64_H4,1,test:d3:t0:paligned:tree307:i30010,4,4,11,aligned,0,3,test,-0.04349517822265625,0,0,5,307,64
L4_W64_H4,1,test:d3:t0:paligned:tree307:i30011,4,4,11,aligned,1,3,test,0.13776016235351562,0,1,5,307,64
L4_W64_H4,0,test:d3:t0:paligned:tree307:i30012,4,4,11,aligned,0,3,test,0.029935836791992188,0,1,5,307,64
L4_W64_H4,0,test:d3:t0:paligned:tree307:i30013,4,4,11,aligned,1,3,test,0.017742156982421875,0,1,5,307,64
L4_W64_H4,1,test:d3:t0:paligned:tree307:i30014,4,4,11,aligned,0,3,test,-0.12056732177734375,0,0,5,307,64
L4_W64_H4,1,test:d3:t0:paligned:tree307:i30015,4,4,11,aligned,1,3,test,0.009546279907226562,0,1,5,307,64
L4_W64_H4,1,test:d3:t0:prandomized:tree101:i30014,4,4,11,randomized,0,3,test,-0.010469436645507812,0,0,5,101,64
L4_W64_H4,1,test:d3:t0:prandomized:tree211:i30006,4,4,11,randomized,0,3,test,-0.03870582580566406,0,0,5,211,64
L4_W64_H4,1,test:d3:t0:prandomized:tree211:i30007,4,4,11,randomized,1,3,test,0.07598876953125,0,1,5,211,64
L4_W64_H4,0,test:d3:t0:prandomized:tree211:i30009,4,4,11,randomized,1,3,test,0.0049724578857421875,0,1,5,211,64
L4_W64_H4,1,test:d3:t0:prandomized:tree307:i30006,4,4,11,randomized,0,3,test,-0.08547592163085938,0,0,5,307,64
L4_W64_H4,0,test:d3:t1:paligned:tree101:i30000,4,4,11,aligned,0,3,test,-0.07011985778808594,1,0,5,101,64
L4_W64_H4,0,test:d3:t1:paligned:tree101:i30001,4,4,11,aligned,1,3,test,-0.07460975646972656,1,0,5,101,64
L4_W64_H4,1,test:d3:t1:paligned:tree101:i30002,4,4,11,aligned,0,3,test,-0.0909576416015625,1,0,5,101,64
L4_W64_H4,1,test:d3:t1:paligned:tree101:i30003,4,4,11,aligned,1,3,test,-0.022607803344726562,1,0,5,101,64
L4_W64_H4,0,test:d3:t1:paligned:tree101:i30004,4,4,11,aligned,0,3,test,-0.03415107727050781,1,0,5,101,64
L4_W64_H4,0,test:d3:t1:paligned:tree101:i30005,4,4,11,aligned,1,3,test,0.06956100463867188,1,1,5,101,64
L4_W64_H4,1,test:d3:t1:paligned:tree101:i30006,4,4,11,aligned,0,3,test,0.07094764709472656,1,1,5,101,64
L4_W64_H4,1,test:d3:t1:paligned:tree101:i30007,4,4,11,aligned,1,3,test,-0.05946159362792969,1,0,5,101,64
L4_W64_H4,0,test:d3:t1:paligned:tree101:i30008,4,4,11,aligned,0,3,test,-0.053680419921875,1,0,5,101,64
L4_W64_H4,0,test:d3:t1:paligned:tree101:i30009,4,4,11,aligned,1,3,test,-0.08086585998535156,1,0,5,101,64
L4_W64_H4,1,test:d3:t1:paligned:tree101:i30010,4,4,11,aligned,0,3,test,0.04046058654785156,1,1,5,101,64
L4_W64_H4,1,test:d3:t1:paligned:tree101:i30011,4,4,11,aligned,1,3,test,0.008062362670898438,1,1,5,101,64
L4_W64_H4,0,test:d3:t1:paligned:tree101:i30012,4,4,11,aligned,0,3,test,-0.05401039123535156,1,0,5,101,64
L4_W64_H4,0,test:d3:t1:paligned:tree101:i30013,4,4,11,aligned,1,3,test,0.053340911865234375,1,1,5,101,64
L4_W64_H4,1,test:d3:t1:paligned:tree101:i30014,4,4,11,aligned,0,3,test,-0.008340835571289062,1,0,5,101,64
L4_W64_H4,1,test:d3:t1:paligned:tree101:i30015,4,4,11,aligned,1,3,test,5.91278076171875e-05,1,1,5,101,64
L4_W64_H4,0,test:d3:t1:paligned:tree211:i30000,4,4,11,aligned,0,3,test,0.03856658935546875,1,1,5,211,64
L4_W64_H4,0,test:d3:t1:paligned:tree211:i30001,4,4,11,aligned,1,3,test,0.07652664184570312,1,1,5,211,64
L4_W64_H4,1,test:d3:t1:paligned:tree211:i30002,4,4,11,aligned,0,3,test,-0.11178970336914062,1,0,5,211,64
L4_W64_H4,1,test:d3:t1:paligned:tree211:i30003,4,4,11,aligned,1,3,test,0.08319091796875,1,1,5,211,64
L4_W64_H4,0,test:d3:t1:paligned:tree211:i30004,4,4,11,aligned,0,3,test,-0.07708168029785156,1,0,5,211,64
L4_W64_H4,0,test:d3:t1:paligned:tree211:i30005,4,4,11,aligned,1,3,test,0.10304069519042969,1,1,5,211,64
L4_W64_H4,1,test:d3:t1:paligned:tree211:i30006,4,4,11,aligned,0,3,test,-0.03955268859863281,1,0,5,211,64
L4_W64_H4,1,test:d3:t1:paligned:tree211:i30007,4,4,11,aligned,1,3,test,0.07184982299804688,1,1,5,211,64
L4_W64_H4,0,test:d3:t1:paligned:tree211:i30008,4,4,11,aligned,0,3,test,-0.050533294677734375,1,0,5,211,64
L4_W64_H4,0,test:d3:t1:paligned:tree211:i30009,4,4,11,aligned,1,3,test,0.008131027221679688,1,1,5,211,64
L4_W64_H4,1,test:d3:t1:paligned:tree211:i30010,4,4,11,aligned,0,3,test,-0.13815689086914062,1,0,5,211,64
L4_W64_H4,1,test:d3:t1:paligned:tree211:i30011,4,4,11,aligned,1,3,test,0.04004096984863281,1,1,5,211,64
L4_W64_H4,0,test:d3:t1:paligned:tree211:i30012,4,4,11,aligned,0,3,test,-0.014713287353515625,1,0,5,211,64
L4_W64_H4,0,test:d3:t1:paligned:tree211:i30013,4,4,11,aligned,1,3,test,0.10038375854492188,1,1,5,211,64
L4_W64_H4,1,test:d3:t1:paligned:tree211:i30014,4,4,11,aligned,0,3,test,-0.11691856384277344,1,0,5,211,64
L4_W64_H4,1,test:d3:t1:paligned:tree211:i30015,4,4,11,aligned,1,3,test,0.08621978759765625,1,1,5,211,64
L4_W64_H4,0,test:d3:t1:paligned:tree307:i30000,4,4,11,aligned,0,3,test,0.0311279296875,1,1,5,307,64
L4_W64_H4,0,test:d3:t1:paligned:tree307:i30001,4,4,11,aligned,1,3,test,-0.045047760009765625,1,0,5,307,64
L4_W64_H4,1,test:d3:t1:paligned:tree307:i30002,4,4,11,aligned,0,3,test,-0.01522064208984375,1,0,5,307,64
L4_W64_H4,1,test:d3:t1:paligned:tree307:i30003,4,4,11,aligned,1,3,test,0.03802490234375,1,1,5,307,64
L4_W64_H4,0,test:d3:t1:paligned:tree307:i30004,4,4,11,aligned,0,3,test,-0.009433746337890625,1,0,5,307,64
L4_W64_H4,0,test:d3:t1:paligned:tree307:i30005,4,4,11,aligned,1,3,test,-0.06792831420898438,1,0,5,307,64
L4_W64_H4,1,test:d3:t1:paligned:tree307:i30006,4,4,11,aligned,0,3,test,-0.08937835693359375,1,0,5,307,64
L4_W64_H4,1,test:d3:t1:paligned:tree307:i30007,4,4,11,aligned,1,3,test,0.03369331359863281,1,1,5,307,64
L4_W64_H4,0,test:d3:t1:paligned:tree307:i30008,4,4,11,aligned,0,3,test,-0.000591278076171875,1,0,5,307,64
L4_W64_H4,0,test:d3:t1:paligned:tree307:i30009,4,4,11,aligned,1,3,test,0.037189483642578125,1,1,5,307,64
L4_W64_H4,1,test:d3:t1:paligned:tree307:i30010,4,4,11,aligned,0,3,test,-0.04421234130859375,1,0,5,307,64
L4_W64_H4,1,test:d3:t1:paligned:tree307:i30011,4,4,11,aligned,1,3,test,0.135040283203125,1,1,5,307,64
L4_W64_H4,0,test:d3:t1:paligned:tree307:i30012,4,4,11,aligned,0,3,test,0.030904769897460938,1,1,5,307,64
L4_W64_H4,0,test:d3:t1:paligned:tree307:i30013,4,4,11,aligned,1,3,test,0.016866683959960938,1,1,5,307,64
L4_W64_H4,1,test:d3:t1:paligned:tree307:i30014,4,4,11,aligned,0,3,test,-0.12030029296875,1,0,5,307,64
L4_W64_H4,1,test:d3:t1:paligned:tree307:i30015,4,4,11,aligned,1,3,test,0.01160430908203125,1,1,5,307,64
L4_W64_H4,1,test:d3:t1:prandomized:tree101:i30014,4,4,11,randomized,0,3,test,-0.008340835571289062,1,0,5,101,64
L4_W64_H4,1,test:d3:t1:prandomized:tree211:i30006,4,4,11,randomized,0,3,test,-0.03955078125,1,0,5,211,64
L4_W64_H4,1,test:d3:t1:prandomized:tree211:i30007,4,4,11,randomized,1,3,test,0.07184982299804688,1,1,5,211,64
L4_W64_H4,0,test:d3:t1:prandomized:tree211:i30009,4,4,11,randomized,1,3,test,0.008131027221679688,1,1,5,211,64
L4_W64_H4,1,test:d3:t1:prandomized:tree307:i30006,4,4,11,randomized,0,3,test,-0.08937835693359375,1,0,5,307,64
L4_W64_H4,0,test:d3:t2:paligned:tree101:i30000,4,4,11,aligned,0,3,test,-0.06572151184082031,2,0,5,101,64
L4_W64_H4,0,test:d3:t2:paligned:tree101:i30001,4,4,11,aligned,1,3,test,-0.07318878173828125,2,0,5,101,64
L4_W64_H4,1,test:d3:t2:paligned:tree101:i30002,4,4,11,aligned,0,3,test,-0.09405708312988281,2,0,5,101,64
L4_W64_H4,1,test:d3:t2:paligned:tree101:i30003,4,4,11,aligned,1,3,test,-0.019426345825195312,2,0,5,101,64
L4_W64_H4,0,test:d3:t2:paligned:tree101:i30004,4,4,11,aligned,0,3,test,-0.033111572265625,2,0,5,101,64
L4_W64_H4,0,test:d3:t2:paligned:tree101:i30005,4,4,11,aligned,1,3,test,0.06853866577148438,2,1,5,101,64
L4_W64_H4,1,test:d3:t2:paligned:tree101:i30006,4,4,11,aligned,0,3,test,0.07073593139648438,2,1,5,101,64
L4_W64_H4,1,test:d3:t2:paligned:tree101:i30007,4,4,11,aligned,1,3,test,-0.05761528015136719,2,0,5,101,64
L4_W64_H4,0,test:d3:t2:paligned:tree101:i30008,4,4,11,aligned,0,3,test,-0.05362510681152344,2,0,5,101,64
L4_W64_H4,0,test:d3:t2:paligned:tree101:i30009,4,4,11,aligned,1,3,test,-0.08360671997070312,2,0,5,101,64
L4_W64_H4,1,test:d3:t2:paligned:tree101:i30010,4,4,11,aligned,0,3,test,0.03889274597167969,2,1,5,101,64
L4_W64_H4,1,test:d3:t2:paligned:tree101:i30011,4,4,11,aligned,1,3,test,0.002658843994140625,2,1,5,101,64
L4_W64_H4,0,test:d3:t2:paligned:tree101:i30012,4,4,11,aligned,0,3,test,-0.05324554443359375,2,0,5,101,64
L4_W64_H4,0,test:d3:t2:paligned:tree101:i30013,4,4,11,aligned,1,3,test,0.05440330505371094,2,1,5,101,64
L4_W64_H4,1,test:d3:t2:paligned:tree101:i30014,4,4,11,aligned,0,3,test,-0.00888824462890625,2,0,5,101,64
L4_W64_H4,1,test:d3:t2:paligned:tree101:i30015,4,4,11,aligned,1,3,test,-0.001186370849609375,2,0,5,101,64
L4_W64_H4,0,test:d3:t2:paligned:tree211:i30000,4,4,11,aligned,0,3,test,0.04450035095214844,2,1,5,211,64
L4_W64_H4,0,test:d3:t2:paligned:tree211:i30001,4,4,11,aligned,1,3,test,0.07938575744628906,2,1,5,211,64
L4_W64_H4,1,test:d3:t2:paligned:tree211:i30002,4,4,11,aligned,0,3,test,-0.11311531066894531,2,0,5,211,64
L4_W64_H4,1,test:d3:t2:paligned:tree211:i30003,4,4,11,aligned,1,3,test,0.07759475708007812,2,1,5,211,64
L4_W64_H4,0,test:d3:t2:paligned:tree211:i30004,4,4,11,aligned,0,3,test,-0.07801628112792969,2,0,5,211,64
L4_W64_H4,0,test:d3:t2:paligned:tree211:i30005,4,4,11,aligned,1,3,test,0.10258293151855469,2,1,5,211,64
L4_W64_H4,1,test:d3:t2:paligned:tree211:i30006,4,4,11,aligned,0,3,test,-0.03668212890625,2,0,5,211,64
L4_W64_H4,1,test:d3:t2:paligned:tree211:i30007,4,4,11,aligned,1,3,test,0.07699203491210938,2,1,5,211,64
L4_W64_H4,0,test:d3:t2:paligned:tree211:i30008,4,4,11,aligned,0,3,test,-0.05093574523925781,2,0,5,211,64
L4_W64_H4,0,test:d3:t2:paligned:tree211:i30009,4,4,11,aligned,1,3,test,0.0054187774658203125,2,1,5,211,64
L4_W64_H4,1,test:d3:t2:paligned:tree211:i30010,4,4,11,aligned,0,3,test,-0.13570785522460938,2,0,5,211,64
L4_W64_H4,1,test:d3:t2:paligned:tree211:i30011,4,4,11,aligned,1,3,test,0.03440284729003906,2,1,5,211,64
L4_W64_H4,0,test:d3:t2:paligned:tree211:i30012,4,4,11,aligned,0,3,test,-0.009843826293945312,2,0,5,211,64
L4_W64_H4,0,test:d3:t2:paligned:tree211:i30013,4,4,11,aligned,1,3,test,0.10223960876464844,2,1,5,211,64
L4_W64_H4,1,test:d3:t2:paligned:tree211:i30014,4,4,11,aligned,0,3,test,-0.11612319946289062,2,0,5,211,64
L4_W64_H4,1,test:d3:t2:paligned:tree211:i30015,4,4,11,aligned,1,3,test,0.087249755859375,2,1,5,211,64
L4_W64_H4,0,test:d3:t2:paligned:tree307:i30000,4,4,11,aligned,0,3,test,0.0338592529296875,2,1,5,307,64
L4_W64_H4,0,test:d3:t2:paligned:tree307:i30001,4,4,11,aligned,1,3,test,-0.04709434509277344,2,0,5,307,64
L4_W64_H4,1,test:d3:t2:paligned:tree307:i30002,4,4,11,aligned,0,3,test,-0.013177871704101562,2,0,5,307,64
L4_W64_H4,1,test:d3:t2:paligned:tree307:i30003,4,4,11,aligned,1,3,test,0.03877067565917969,2,1,5,307,64
L4_W64_H4,0,test:d3:t2:paligned:tree307:i30004,4,4,11,aligned,0,3,test,-0.0073394775390625,2,0,5,307,64
L4_W64_H4,0,test:d3:t2:paligned:tree307:i30005,4,4,11,aligned,1,3,test,-0.0648956298828125,2,0,5,307,64
L4_W64_H4,1,test:d3:t2:paligned:tree307:i30006,4,4,11,aligned,0,3,test,-0.09046745300292969,2,0,5,307,64
L4_W64_H4,1,test:d3:t2:paligned:tree307:i30007,4,4,11,aligned,1,3,test,0.033538818359375,2,1,5,307,64
L4_W64_H4,0,test:d3:t2:paligned:tree307:i30008,4,4,11,aligned,0,3,test,0.0017337799072265625,2,1,5,307,64
L4_W64_H4,0,test:d3:t2:paligned:tree307:i30009,4,4,11,aligned,1,3,test,0.03610801696777344,2,1,5,307,64
L4_W64_H4,1,test:d3:t2:paligned:tree307:i30010,4,4,11,aligned,0,3,test,-0.04182243347167969,2,0,5,307,64
L4_W64_H4,1,test:d3:t2:paligned:tree307:i30011,4,4,11,aligned,1,3,test,0.13648033142089844,2,1,5,307,64
L4_W64_H4,0,test:d3:t2:paligned:tree307:i30012,4,4,11,aligned,0,3,test,0.030687332153320312,2,1,5,307,64
L4_W64_H4,0,test:d3:t2:paligned:tree307:i30013,4,4,11,aligned,1,3,test,0.016523361206054688,2,1,5,307,64
L4_W64_H4,1,test:d3:t2:paligned:tree307:i30014,4,4,11,aligned,0,3,test,-0.12151145935058594,2,0,5,307,64
L4_W64_H4,1,test:d3:t2:paligned:tree307:i30015,4,4,11,aligned,1,3,test,0.0097808837890625,2,1,5,307,64
L4_W64_H4,0,test:d3:t2:prandomized:tree211:i30000,4,4,11,randomized,0,3,test,0.04450035095214844,2,1,5,211,64
L4_W64_H4,0,test:d3:t2:prandomized:tree307:i30000,4,4,11,randomized,0,3,test,0.0338592529296875,2,1,5,307,64
L4_W64_H4,0,test:d3:t2:prandomized:tree307:i30009,4,4,11,randomized,1,3,test,0.03610801696777344,2,1,5,307,64
L4_W64_H4,1,test:d3:t2:prandomized:tree307:i30010,4,4,11,randomized,0,3,test,-0.04182243347167969,2,0,5,307,64
L4_W64_H4,0,test:d3:t3:paligned:tree101:i30000,4,4,11,aligned,0,3,test,-0.070404052734375,3,0,5,101,64
L4_W64_H4,0,test:d3:t3:paligned:tree101:i30001,4,4,11,aligned,1,3,test,-0.07488250732421875,3,0,5,101,64
L4_W64_H4,1,test:d3:t3:paligned:tree101:i30002,4,4,11,aligned,0,3,test,-0.09111404418945312,3,0,5,101,64
L4_W64_H4,1,test:d3:t3:paligned:tree101:i30003,4,4,11,aligned,1,3,test,-0.02271270751953125,3,0,5,101,64
L4_W64_H4,0,test:d3:t3:paligned:tree101:i30004,4,4,11,aligned,0,3,test,-0.03411102294921875,3,0,5,101,64
L4_W64_H4,0,test:d3:t3:paligned:tree101:i30005,4,4,11,aligned,1,3,test,0.06822395324707031,3,1,5,101,64
L4_W64_H4,1,test:d3:t3:paligned:tree101:i30006,4,4,11,aligned,0,3,test,0.07000350952148438,3,1,5,101,64
L4_W64_H4,1,test:d3:t3:paligned:tree101:i30007,4,4,11,aligned,1,3,test,-0.058074951171875,3,0,5,101,64
L4_W64_H4,0,test:d3:t3:paligned:tree101:i30008,4,4,11,aligned,0,3,test,-0.05008125305175781,3,0,5,101,64
L4_W64_H4,0,test:d3:t3:paligned:tree101:i30009,4,4,11,aligned,1,3,test,-0.08145713806152344,3,0,5,101,64
L4_W64_H4,1,test:d3:t3:paligned:tree101:i30010,4,4,11,aligned,0,3,test,0.04041862487792969,3,1,5,101,64
L4_W64_H4,1,test:d3:t3:paligned:tree101:i30011,4,4,11,aligned,1,3,test,0.006320953369140625,3,1,5,101,64
L4_W64_H4,0,test:d3:t3:paligned:tree101:i30012,4,4,11,aligned,0,3,test,-0.05094146728515625,3,0,5,101,64
L4_W64_H4,0,test:d3:t3:paligned:tree101:i30013,4,4,11,aligned,1,3,test,0.053066253662109375,3,1,5,101,64
L4_W64_H4,1,test:d3:t3:paligned:tree101:i30014,4,4,11,aligned,0,3,test,-0.011510848999023438,3,0,5,101,64
L4_W64_H4,1,test:d3:t3:paligned:tree101:i30015,4,4,11,aligned,1,3,test,0.0003261566162109375,3,1,5,101,64
L4_W64_H4,0,test:d3:t3:paligned:tree211:i30000,4,4,11,aligned,0,3,test,0.03790283203125,3,1,5,211,64
L4_W64_H4,0,test:d3:t3:paligned:tree211:i30001,4,4,11,aligned,1,3,test,0.07695388793945312,3,1,5,211,64
L4_W64_H4,1,test:d3:t3:paligned:tree211:i30002,4,4,11,aligned,0,3,test,-0.1103973388671875,3,0,5,211,64
L4_W64_H4,1,test:d3:t3:paligned:tree211:i30003,4,4,11,aligned,1,3,test,0.07942771911621094,3,1,5,211,64
L4_W64_H4,0,test:d3:t3:paligned:tree211:i30004,4,4,11,aligned,0,3,test,-0.0772552490234375,3,0,5,211,64
L4_W64_H4,0,test:d3:t3:paligned:tree211:i30005,4,4,11,aligned,1,3,test,0.10307502746582031,3,1,5,211,64
L4_W64_H4,1,test:d3:t3:paligned:tree211:i30006,4,4,11,aligned,0,3,test,-0.0375213623046875,3,0,5,211,64
L4_W64_H4,1,test:d3:t3:paligned:tree211:i30007,4,4,11,aligned,1,3,test,0.07574462890625,3,1,5,211,64
L4_W64_H4,0,test:d3:t3:paligned:tree211:i30008,4,4,11,aligned,0,3,test,-0.05101776123046875,3,0,5,211,64
L4_W64_H4,0,test:d3:t3:paligned:tree211:i30009,4,4,11,aligned,1,3,test,0.008296966552734375,3,1,5,211,64
L4_W64_H4,1,test:d3:t3:paligned:tree211:i30010,4,4,11,aligned,0,3,test,-0.13890457153320312,3,0,5,211,64
L4_W64_H4,1,test:d3:t3:paligned:tree211:i30011,4,4,11,aligned,1,3,test,0.03949165344238281,3,1,5,211,64
L4_W64_H4,0,test:d3:t3:paligned:tree211:i30012,4,4,11,aligned,0,3,test,-0.011034011840820312,3,0,5,211,64
L4_W64_H4,0,test:d3:t3:paligned:tree211:i30013,4,4,11,aligned,1,3,test,0.09933280944824219,3,1,5,211,64
L4_W64_H4,1,test:d3:t3:paligned:tree211:i30014,4,4,11,aligned,0,3,test,-0.11726760864257812,3,0,5,211,64
L4_W64_H4,1,test:d3:t3:paligned:tree211:i30015,4,4,11,aligned,1,3,test,0.087249755859375,3,1,5,211,64
L4_W64_H4,0,test:d3:t3:paligned:tree307:i30000,4,4,11,aligned,0,3,test,0.031589508056640625,3,1,5,307,64
L4_W64_H4,0,test:d3:t3:paligned:tree307:i30001,4,4,11,aligned,1,3,test,-0.044757843017578125,3,0,5,307,64
L4_W64_H4,1,test:d3:t3:paligned:tree307:i30002,4,4,11,aligned,0,3,test,-0.013895034790039062,3,0,5,307,64
L4_W64_H4,1,test:d3:t3:paligned:tree307:i30003,4,4,11,aligned,1,3,test,0.03714561462402344,3,1,5,307,64
L4_W64_H4,0,test:d3:t3:paligned:tree307:i30004,4,4,11,aligned,0,3,test,-0.0079193115234375,3,0,5,307,64
L4_W64_H4,0,test:d3:t3:paligned:tree307:i30005,4,4,11,aligned,1,3,test,-0.06374549865722656,3,0,5,307,64
L4_W64_H4,1,test:d3:t3:paligned:tree307:i30006,4,4,11,aligned,0,3,test,-0.08394813537597656,3,0,5,307,64
L4_W64_H4,1,test:d3:t3:paligned:tree307:i30007,4,4,11,aligned,1,3,test,0.033031463623046875,3,1,5,307,64
L4_W64_H4,0,test:d3:t3:paligned:tree307:i30008,4,4,11,aligned,0,3,test,-0.0003299713134765625,3,0,5,307,64
L4_W64_H4,0,test:d3:t3:paligned:tree307:i30009,4,4,11,aligned,1,3,test,0.03942298889160156,3,1,5,307,64
L4_W64_H4,1,test:d3:t3:paligned:tree307:i30010,4,4,11,aligned,0,3,test,-0.04432106018066406,3,0,5,307,64
L4_W64_H4,1,test:d3:t3:paligned:tree307:i30011,4,4,11,aligned,1,3,test,0.1374225616455078,3,1,5,307,64
L4_W64_H4,0,test:d3:t3:paligned:tree307:i30012,4,4,11,aligned,0,3,test,0.0323486328125,3,1,5,307,64
L4_W64_H4,0,test:d3:t3:paligned:tree307:i30013,4,4,11,aligned,1,3,test,0.018541336059570312,3,1,5,307,64
L4_W64_H4,1,test:d3:t3:paligned:tree307:i30014,4,4,11,aligned,0,3,test,-0.12212562561035156,3,0,5,307,64
L4_W64_H4,1,test:d3:t3:paligned:tree307:i30015,4,4,11,aligned,1,3,test,0.011993408203125,3,1,5,307,64
L4_W64_H4,0,test:d3:t3:prandomized:tree211:i30000,4,4,11,randomized,0,3,test,0.03790283203125,3,1,5,211,64
L4_W64_H4,0,test:d3:t3:prandomized:tree307:i30000,4,4,11,randomized,0,3,test,0.031589508056640625,3,1,5,307,64
L4_W64_H4,0,test:d3:t3:prandomized:tree307:i30009,4,4,11,randomized,1,3,test,0.03942298889160156,3,1,5,307,64
L4_W64_H4,1,test:d3:t3:prandomized:tree307:i30010,4,4,11,randomized,0,3,test,-0.04432106018066406,3,0,5,307,64
L4_W64_H4,0,validation:d2:t0:prandomized:tree101:i20005,4,4,11,randomized,1,2,validation,0.0289154052734375,0,1,4,101,64
L4_W64_H4,0,validation:d2:t0:prandomized:tree211:i20001,4,4,11,randomized,1,2,validation,0.18676376342773438,0,1,4,211,64
L4_W64_H4,0,validation:d2:t0:prandomized:tree211:i20004,4,4,11,randomized,0,2,validation,0.03094482421875,0,1,4,211,64
L4_W64_H4,0,validation:d2:t0:prandomized:tree211:i20005,4,4,11,randomized,1,2,validation,-0.009105682373046875,0,0,4,211,64
L4_W64_H4,0,validation:d2:t0:prandomized:tree211:i20008,4,4,11,randomized,0,2,validation,-0.10745429992675781,0,0,4,211,64
L4_W64_H4,0,validation:d2:t0:prandomized:tree211:i20009,4,4,11,randomized,1,2,validation,0.01891326904296875,0,1,4,211,64
L4_W64_H4,0,validation:d2:t0:prandomized:tree307:i20009,4,4,11,randomized,1,2,validation,0.017400741577148438,0,1,4,307,64
L4_W64_H4,0,validation:d2:t1:prandomized:tree101:i20005,4,4,11,randomized,1,2,validation,0.032413482666015625,1,1,4,101,64
L4_W64_H4,0,validation:d2:t1:prandomized:tree211:i20001,4,4,11,randomized,1,2,validation,0.17749786376953125,1,1,4,211,64
L4_W64_H4,0,validation:d2:t1:prandomized:tree211:i20004,4,4,11,randomized,0,2,validation,0.028261184692382812,1,1,4,211,64
L4_W64_H4,0,validation:d2:t1:prandomized:tree211:i20005,4,4,11,randomized,1,2,validation,-0.012060165405273438,1,0,4,211,64
L4_W64_H4,0,validation:d2:t1:prandomized:tree211:i20008,4,4,11,randomized,0,2,validation,-0.09383773803710938,1,0,4,211,64
L4_W64_H4,0,validation:d2:t1:prandomized:tree211:i20009,4,4,11,randomized,1,2,validation,0.009845733642578125,1,1,4,211,64
L4_W64_H4,0,validation:d2:t1:prandomized:tree307:i20009,4,4,11,randomized,1,2,validation,0.025693893432617188,1,1,4,307,64
L4_W64_H4,0,validation:d2:t2:prandomized:tree211:i20000,4,4,11,randomized,0,2,validation,-0.07305908203125,2,0,4,211,64
L4_W64_H4,1,validation:d2:t2:prandomized:tree211:i20006,4,4,11,randomized,0,2,validation,-0.08842849731445312,2,0,4,211,64
L4_W64_H4,0,validation:d2:t3:prandomized:tree211:i20000,4,4,11,randomized,0,2,validation,-0.07548141479492188,3,0,4,211,64
L4_W64_H4,1,validation:d2:t3:prandomized:tree211:i20006,4,4,11,randomized,0,2,validation,-0.06138801574707031,3,0,4,211,64
L4_W64_H4,0,validation:d3:t0:prandomized:tree211:i30008,4,4,11,randomized,0,3,validation,0.148193359375,0,1,5,211,64
L4_W64_H4,1,validation:d3:t0:prandomized:tree211:i30015,4,4,11,randomized,1,3,validation,0.0119781494140625,0,1,5,211,64
L4_W64_H4,0,validation:d3:t0:prandomized:tree307:i30004,4,4,11,randomized,0,3,validation,-0.026882171630859375,0,0,5,307,64
L4_W64_H4,0,validation:d3:t1:prandomized:tree211:i30008,4,4,11,randomized,0,3,validation,0.1458301544189453,1,1,5,211,64
L4_W64_H4,1,validation:d3:t1:prandomized:tree211:i30015,4,4,11,randomized,1,3,validation,0.013940811157226562,1,1,5,211,64
L4_W64_H4,0,validation:d3:t1:prandomized:tree307:i30004,4,4,11,randomized,0,3,validation,-0.0243377685546875,1,0,5,307,64
L4_W64_H4,0,validation:d3:t2:prandomized:tree101:i30000,4,4,11,randomized,0,3,validation,0.04315185546875,2,1,5,101,64
L4_W64_H4,0,validation:d3:t2:prandomized:tree101:i30008,4,4,11,randomized,0,3,validation,-0.0131378173828125,2,0,5,101,64
L4_W64_H4,0,validation:d3:t2:prandomized:tree211:i30004,4,4,11,randomized,0,3,validation,0.023653030395507812,2,1,5,211,64
L4_W64_H4,0,validation:d3:t2:prandomized:tree211:i30005,4,4,11,randomized,1,3,validation,-0.05100822448730469,2,0,5,211,64
L4_W64_H4,0,validation:d3:t2:prandomized:tree211:i30012,4,4,11,randomized,0,3,validation,-0.020078659057617188,2,0,5,211,64
L4_W64_H4,1,validation:d3:t2:prandomized:tree211:i30015,4,4,11,randomized,1,3,validation,0.013498306274414062,2,1,5,211,64
L4_W64_H4,1,validation:d3:t2:prandomized:tree307:i30006,4,4,11,randomized,0,3,validation,-0.09531021118164062,2,0,5,307,64
L4_W64_H4,0,validation:d3:t3:prandomized:tree101:i30000,4,4,11,randomized,0,3,validation,0.03943634033203125,3,1,5,101,64
L4_W64_H4,0,validation:d3:t3:prandomized:tree101:i30008,4,4,11,randomized,0,3,validation,-0.00928497314453125,3,0,5,101,64
L4_W64_H4,0,validation:d3:t3:prandomized:tree211:i30004,4,4,11,randomized,0,3,validation,0.021741867065429688,3,1,5,211,64
L4_W64_H4,0,validation:d3:t3:prandomized:tree211:i30005,4,4,11,randomized,1,3,validation,-0.049533843994140625,3,0,5,211,64
L4_W64_H4,0,validation:d3:t3:prandomized:tree211:i30012,4,4,11,randomized,0,3,validation,-0.0169830322265625,3,0,5,211,64
L4_W64_H4,1,validation:d3:t3:prandomized:tree211:i30015,4,4,11,randomized,1,3,validation,0.014848709106445312,3,1,5,211,64
L4_W64_H4,1,validation:d3:t3:prandomized:tree307:i30006,4,4,11,randomized,0,3,validation,-0.08817481994628906,3,0,5,307,64
L4_W64_H4,0,test:d2:t0:prandomized:tree101:i20005,4,4,11,randomized,1,2,test,0.039791107177734375,0,1,4,101,64
L4_W64_H4,0,test:d2:t0:prandomized:tree211:i20001,4,4,11,randomized,1,2,test,-0.0280303955078125,0,0,4,211,64
L4_W64_H4,0,test:d2:t0:prandomized:tree211:i20004,4,4,11,randomized,0,2,test,0.03444480895996094,0,1,4,211,64
L4_W64_H4,0,test:d2:t0:prandomized:tree211:i20005,4,4,11,randomized,1,2,test,0.01999664306640625,0,1,4,211,64
L4_W64_H4,0,test:d2:t0:prandomized:tree211:i20008,4,4,11,randomized,0,2,test,-0.1078338623046875,0,0,4,211,64
L4_W64_H4,0,test:d2:t0:prandomized:tree211:i20009,4,4,11,randomized,1,2,test,-0.019800186157226562,0,0,4,211,64
L4_W64_H4,0,test:d2:t0:prandomized:tree307:i20009,4,4,11,randomized,1,2,test,0.08200836181640625,0,1,4,307,64
L4_W64_H4,0,test:d2:t1:prandomized:tree101:i20005,4,4,11,randomized,1,2,test,0.038608551025390625,1,1,4,101,64
L4_W64_H4,0,test:d2:t1:prandomized:tree211:i20001,4,4,11,randomized,1,2,test,-0.03211021423339844,1,0,4,211,64
L4_W64_H4,0,test:d2:t1:prandomized:tree211:i20004,4,4,11,randomized,0,2,test,0.03389739990234375,1,1,4,211,64
L4_W64_H4,0,test:d2:t1:prandomized:tree211:i20005,4,4,11,randomized,1,2,test,0.019475936889648438,1,1,4,211,64
L4_W64_H4,0,test:d2:t1:prandomized:tree211:i20008,4,4,11,randomized,0,2,test,-0.09937477111816406,1,0,4,211,64
L4_W64_H4,0,test:d2:t1:prandomized:tree211:i20009,4,4,11,randomized,1,2,test,-0.028848648071289062,1,0,4,211,64
L4_W64_H4,0,test:d2:t1:prandomized:tree307:i20009,4,4,11,randomized,1,2,test,0.07963371276855469,1,1,4,307,64
L4_W64_H4,0,test:d2:t2:prandomized:tree211:i20000,4,4,11,randomized,0,2,test,-0.10187721252441406,2,0,4,211,64
L4_W64_H4,1,test:d2:t2:prandomized:tree211:i20006,4,4,11,randomized,0,2,test,-0.059528350830078125,2,0,4,211,64
L4_W64_H4,0,test:d2:t3:prandomized:tree211:i20000,4,4,11,randomized,0,2,test,-0.10591316223144531,3,0,4,211,64
L4_W64_H4,1,test:d2:t3:prandomized:tree211:i20006,4,4,11,randomized,0,2,test,-0.04450798034667969,3,0,4,211,64
L4_W64_H4,0,test:d3:t0:prandomized:tree211:i30008,4,4,11,randomized,0,3,test,-0.059520721435546875,0,0,5,211,64
L4_W64_H4,1,test:d3:t0:prandomized:tree211:i30015,4,4,11,randomized,1,3,test,0.09228706359863281,0,1,5,211,64
L4_W64_H4,0,test:d3:t0:prandomized:tree307:i30004,4,4,11,randomized,0,3,test,-0.014165878295898438,0,0,5,307,64
L4_W64_H4,0,test:d3:t1:prandomized:tree211:i30008,4,4,11,randomized,0,3,test,-0.055999755859375,1,0,5,211,64
L4_W64_H4,1,test:d3:t1:prandomized:tree211:i30015,4,4,11,randomized,1,3,test,0.09149742126464844,1,1,5,211,64
L4_W64_H4,0,test:d3:t1:prandomized:tree307:i30004,4,4,11,randomized,0,3,test,-0.0161285400390625,1,0,5,307,64
L4_W64_H4,0,test:d3:t2:prandomized:tree101:i30000,4,4,11,randomized,0,3,test,-0.07509040832519531,2,0,5,101,64
L4_W64_H4,0,test:d3:t2:prandomized:tree101:i30008,4,4,11,randomized,0,3,test,-0.0622406005859375,2,0,5,101,64
L4_W64_H4,0,test:d3:t2:prandomized:tree211:i30004,4,4,11,randomized,0,3,test,-0.08488082885742188,2,0,5,211,64
L4_W64_H4,0,test:d3:t2:prandomized:tree211:i30005,4,4,11,randomized,1,3,test,0.10880279541015625,2,1,5,211,64
L4_W64_H4,0,test:d3:t2:prandomized:tree211:i30012,4,4,11,randomized,0,3,test,-0.01671600341796875,2,0,5,211,64
L4_W64_H4,1,test:d3:t2:prandomized:tree211:i30015,4,4,11,randomized,1,3,test,0.09543228149414062,2,1,5,211,64
L4_W64_H4,1,test:d3:t2:prandomized:tree307:i30006,4,4,11,randomized,0,3,test,-0.09545135498046875,2,0,5,307,64
L4_W64_H4,0,test:d3:t3:prandomized:tree101:i30000,4,4,11,randomized,0,3,test,-0.07494926452636719,3,0,5,101,64
L4_W64_H4,0,test:d3:t3:prandomized:tree101:i30008,4,4,11,randomized,0,3,test,-0.05381584167480469,3,0,5,101,64
L4_W64_H4,0,test:d3:t3:prandomized:tree211:i30004,4,4,11,randomized,0,3,test,-0.08320999145507812,3,0,5,211,64
L4_W64_H4,0,test:d3:t3:prandomized:tree211:i30005,4,4,11,randomized,1,3,test,0.10731697082519531,3,1,5,211,64
L4_W64_H4,0,test:d3:t3:prandomized:tree211:i30012,4,4,11,randomized,0,3,test,-0.018262863159179688,3,0,5,211,64
L4_W64_H4,1,test:d3:t3:prandomized:tree211:i30015,4,4,11,randomized,1,3,test,0.09185981750488281,3,1,5,211,64
L4_W64_H4,1,test:d3:t3:prandomized:tree307:i30006,4,4,11,randomized,0,3,test,-0.088104248046875,3,0,5,307,64
L4_W64_H4,1,validation:d3:t0:prandomized:tree101:i30011,4,4,11,randomized,1,3,validation,-0.043758392333984375,0,0,5,101,64
L4_W64_H4,0,validation:d3:t0:prandomized:tree101:i30013,4,4,11,randomized,1,3,validation,0.07455062866210938,0,1,5,101,64
L4_W64_H4,1,validation:d3:t0:prandomized:tree211:i30014,4,4,11,randomized,0,3,validation,-0.07526206970214844,0,0,5,211,64
L4_W64_H4,1,validation:d3:t1:prandomized:tree101:i30011,4,4,11,randomized,1,3,validation,-0.04412078857421875,1,0,5,101,64
L4_W64_H4,0,validation:d3:t1:prandomized:tree101:i30013,4,4,11,randomized,1,3,validation,0.0593719482421875,1,1,5,101,64
L4_W64_H4,1,validation:d3:t1:prandomized:tree211:i30014,4,4,11,randomized,0,3,validation,-0.07649040222167969,1,0,5,211,64
L4_W64_H4,0,validation:d3:t2:prandomized:tree101:i30013,4,4,11,randomized,1,3,validation,0.08266258239746094,2,1,5,101,64
L4_W64_H4,1,validation:d3:t2:prandomized:tree211:i30006,4,4,11,randomized,0,3,validation,-0.0233306884765625,2,0,5,211,64
L4_W64_H4,0,validation:d3:t2:prandomized:tree307:i30001,4,4,11,randomized,1,3,validation,0.1761913299560547,2,1,5,307,64
L4_W64_H4,1,validation:d3:t2:prandomized:tree307:i30015,4,4,11,randomized,1,3,validation,-0.04965019226074219,2,0,5,307,64
L4_W64_H4,0,validation:d3:t3:prandomized:tree101:i30013,4,4,11,randomized,1,3,validation,0.07050704956054688,3,1,5,101,64
L4_W64_H4,1,validation:d3:t3:prandomized:tree211:i30006,4,4,11,randomized,0,3,validation,-0.0256805419921875,3,0,5,211,64
L4_W64_H4,0,validation:d3:t3:prandomized:tree307:i30001,4,4,11,randomized,1,3,validation,0.17081069946289062,3,1,5,307,64
L4_W64_H4,1,validation:d3:t3:prandomized:tree307:i30015,4,4,11,randomized,1,3,validation,-0.0496978759765625,3,0,5,307,64
L4_W64_H4,1,test:d3:t0:prandomized:tree101:i30011,4,4,11,randomized,1,3,test,0.008998870849609375,0,1,5,101,64
L4_W64_H4,0,test:d3:t0:prandomized:tree101:i30013,4,4,11,randomized,1,3,test,0.06036376953125,0,1,5,101,64
L4_W64_H4,1,test:d3:t0:prandomized:tree211:i30014,4,4,11,randomized,0,3,test,-0.11785888671875,0,0,5,211,64
L4_W64_H4,1,test:d3:t1:prandomized:tree101:i30011,4,4,11,randomized,1,3,test,0.0076808929443359375,1,1,5,101,64
L4_W64_H4,0,test:d3:t1:prandomized:tree101:i30013,4,4,11,randomized,1,3,test,0.053676605224609375,1,1,5,101,64
L4_W64_H4,1,test:d3:t1:prandomized:tree211:i30014,4,4,11,randomized,0,3,test,-0.11672210693359375,1,0,5,211,64
L4_W64_H4,0,test:d3:t2:prandomized:tree101:i30013,4,4,11,randomized,1,3,test,0.058460235595703125,2,1,5,101,64
L4_W64_H4,1,test:d3:t2:prandomized:tree211:i30006,4,4,11,randomized,0,3,test,-0.03882408142089844,2,0,5,211,64
L4_W64_H4,0,test:d3:t2:prandomized:tree307:i30001,4,4,11,randomized,1,3,test,-0.0460052490234375,2,0,5,307,64
L4_W64_H4,1,test:d3:t2:prandomized:tree307:i30015,4,4,11,randomized,1,3,test,0.007984161376953125,2,1,5,307,64
L4_W64_H4,0,test:d3:t3:prandomized:tree101:i30013,4,4,11,randomized,1,3,test,0.05500030517578125,3,1,5,101,64
L4_W64_H4,1,test:d3:t3:prandomized:tree211:i30006,4,4,11,randomized,0,3,test,-0.03541374206542969,3,0,5,211,64
L4_W64_H4,0,test:d3:t3:prandomized:tree307:i30001,4,4,11,randomized,1,3,test,-0.046375274658203125,3,0,5,307,64
L4_W64_H4,1,test:d3:t3:prandomized:tree307:i30015,4,4,11,randomized,1,3,test,0.010889053344726562,3,1,5,307,64
L4_W64_H4,0,validation:d3:t0:prandomized:tree101:i30001,4,4,11,randomized,1,3,validation,0.024930953979492188,0,1,5,101,64
L4_W64_H4,1,validation:d3:t0:prandomized:tree101:i30003,4,4,11,randomized,1,3,validation,-0.008245468139648438,0,0,5,101,64
L4_W64_H4,0,validation:d3:t0:prandomized:tree101:i30009,4,4,11,randomized,1,3,validation,0.05182075500488281,0,1,5,101,64
L4_W64_H4,1,validation:d3:t0:prandomized:tree307:i30003,4,4,11,randomized,1,3,validation,0.11014747619628906,0,1,5,307,64
L4_W64_H4,1,validation:d3:t0:prandomized:tree307:i30015,4,4,11,randomized,1,3,validation,-0.06916618347167969,0,0,5,307,64
L4_W64_H4,0,validation:d3:t1:prandomized:tree101:i30001,4,4,11,randomized,1,3,validation,0.02410888671875,1,1,5,101,64
L4_W64_H4,1,validation:d3:t1:prandomized:tree101:i30003,4,4,11,randomized,1,3,validation,-0.0139617919921875,1,0,5,101,64
L4_W64_H4,0,validation:d3:t1:prandomized:tree101:i30009,4,4,11,randomized,1,3,validation,0.04719352722167969,1,1,5,101,64
L4_W64_H4,1,validation:d3:t1:prandomized:tree307:i30003,4,4,11,randomized,1,3,validation,0.10435295104980469,1,1,5,307,64
L4_W64_H4,1,validation:d3:t1:prandomized:tree307:i30015,4,4,11,randomized,1,3,validation,-0.06490516662597656,1,0,5,307,64
L4_W64_H4,0,validation:d3:t2:prandomized:tree101:i30004,4,4,11,randomized,0,3,validation,-0.04021453857421875,2,0,5,101,64
L4_W64_H4,0,validation:d3:t2:prandomized:tree101:i30005,4,4,11,randomized,1,3,validation,0.010206222534179688,2,1,5,101,64
L4_W64_H4,1,validation:d3:t2:prandomized:tree101:i30011,4,4,11,randomized,1,3,validation,-0.05402183532714844,2,0,5,101,64
L4_W64_H4,0,validation:d3:t2:prandomized:tree307:i30013,4,4,11,randomized,1,3,validation,-0.023113250732421875,2,0,5,307,64
L4_W64_H4,0,validation:d3:t3:prandomized:tree101:i30004,4,4,11,randomized,0,3,validation,-0.03677558898925781,3,0,5,101,64
L4_W64_H4,0,validation:d3:t3:prandomized:tree101:i30005,4,4,11,randomized,1,3,validation,0.0111541748046875,3,1,5,101,64
L4_W64_H4,1,validation:d3:t3:prandomized:tree101:i30011,4,4,11,randomized,1,3,validation,-0.05433082580566406,3,0,5,101,64
L4_W64_H4,0,validation:d3:t3:prandomized:tree307:i30013,4,4,11,randomized,1,3,validation,-0.025791168212890625,3,0,5,307,64
L4_W64_H4,0,test:d3:t0:prandomized:tree101:i30001,4,4,11,randomized,1,3,test,-0.08493995666503906,0,0,5,101,64
L4_W64_H4,1,test:d3:t0:prandomized:tree101:i30003,4,4,11,randomized,1,3,test,-0.03669929504394531,0,0,5,101,64
L4_W64_H4,0,test:d3:t0:prandomized:tree101:i30009,4,4,11,randomized,1,3,test,-0.09066963195800781,0,0,5,101,64
L4_W64_H4,1,test:d3:t0:prandomized:tree307:i30003,4,4,11,randomized,1,3,test,0.02384185791015625,0,1,5,307,64
L4_W64_H4,1,test:d3:t0:prandomized:tree307:i30015,4,4,11,randomized,1,3,test,-0.009777069091796875,0,0,5,307,64
L4_W64_H4,0,test:d3:t1:prandomized:tree101:i30001,4,4,11,randomized,1,3,test,-0.08984947204589844,1,0,5,101,64
L4_W64_H4,1,test:d3:t1:prandomized:tree101:i30003,4,4,11,randomized,1,3,test,-0.04086494445800781,1,0,5,101,64
L4_W64_H4,0,test:d3:t1:prandomized:tree101:i30009,4,4,11,randomized,1,3,test,-0.09492874145507812,1,0,5,101,64
L4_W64_H4,1,test:d3:t1:prandomized:tree307:i30003,4,4,11,randomized,1,3,test,0.024906158447265625,1,1,5,307,64
L4_W64_H4,1,test:d3:t1:prandomized:tree307:i30015,4,4,11,randomized,1,3,test,-0.0064563751220703125,1,0,5,307,64
L4_W64_H4,0,test:d3:t2:prandomized:tree101:i30004,4,4,11,randomized,0,3,test,-0.0164794921875,2,0,5,101,64
L4_W64_H4,0,test:d3:t2:prandomized:tree101:i30005,4,4,11,randomized,1,3,test,0.05396270751953125,2,1,5,101,64
L4_W64_H4,1,test:d3:t2:prandomized:tree101:i30011,4,4,11,randomized,1,3,test,-0.005161285400390625,2,0,5,101,64
L4_W64_H4,0,test:d3:t2:prandomized:tree307:i30013,4,4,11,randomized,1,3,test,0.0025482177734375,2,1,5,307,64
L4_W64_H4,0,test:d3:t3:prandomized:tree101:i30004,4,4,11,randomized,0,3,test,-0.015493392944335938,3,0,5,101,64
L4_W64_H4,0,test:d3:t3:prandomized:tree101:i30005,4,4,11,randomized,1,3,test,0.05181121826171875,3,1,5,101,64
L4_W64_H4,1,test:d3:t3:prandomized:tree101:i30011,4,4,11,randomized,1,3,test,-0.0052280426025390625,3,0,5,101,64
L4_W64_H4,0,test:d3:t3:prandomized:tree307:i30013,4,4,11,randomized,1,3,test,0.00213623046875,3,1,5,307,64
L4_W64_H4,1,validation:d3:t0:prandomized:tree101:i30006,4,4,11,randomized,0,3,validation,0.03906822204589844,0,1,5,101,64
L4_W64_H4,0,validation:d3:t0:prandomized:tree211:i30005,4,4,11,randomized,1,3,validation,-0.09049797058105469,0,0,5,211,64
L4_W64_H4,1,validation:d3:t0:prandomized:tree211:i30011,4,4,11,randomized,1,3,validation,0.045612335205078125,0,1,5,211,64
L4_W64_H4,0,validation:d3:t0:prandomized:tree211:i30013,4,4,11,randomized,1,3,validation,-0.01409149169921875,0,0,5,211,64
L4_W64_H4,0,validation:d3:t0:prandomized:tree307:i30000,4,4,11,randomized,0,3,validation,0.060939788818359375,0,1,5,307,64
L4_W64_H4,1,validation:d3:t1:prandomized:tree101:i30006,4,4,11,randomized,0,3,validation,0.040241241455078125,1,1,5,101,64
L4_W64_H4,0,validation:d3:t1:prandomized:tree211:i30005,4,4,11,randomized,1,3,validation,-0.09035491943359375,1,0,5,211,64
L4_W64_H4,1,validation:d3:t1:prandomized:tree211:i30011,4,4,11,randomized,1,3,validation,0.03774261474609375,1,1,5,211,64
L4_W64_H4,0,validation:d3:t1:prandomized:tree211:i30013,4,4,11,randomized,1,3,validation,-0.009326934814453125,1,0,5,211,64
L4_W64_H4,0,validation:d3:t1:prandomized:tree307:i30000,4,4,11,randomized,0,3,validation,0.06107330322265625,1,1,5,307,64
L4_W64_H4,0,validation:d3:t2:prandomized:tree101:i30001,4,4,11,randomized,1,3,validation,0.011465072631835938,2,1,5,101,64
L4_W64_H4,1,validation:d3:t2:prandomized:tree101:i30003,4,4,11,randomized,1,3,validation,-0.029333114624023438,2,0,5,101,64
L4_W64_H4,1,validation:d3:t2:prandomized:tree101:i30006,4,4,11,randomized,0,3,validation,0.03978538513183594,2,1,5,101,64
L4_W64_H4,1,validation:d3:t2:prandomized:tree101:i30014,4,4,11,randomized,0,3,validation,-0.0224609375,2,0,5,101,64
L4_W64_H4,0,validation:d3:t2:prandomized:tree211:i30009,4,4,11,randomized,1,3,validation,-0.012483596801757812,2,0,5,211,64
L4_W64_H4,1,validation:d3:t2:prandomized:tree307:i30003,4,4,11,randomized,1,3,validation,0.08992385864257812,2,1,5,307,64
L4_W64_H4,0,validation:d3:t2:prandomized:tree307:i30008,4,4,11,randomized,0,3,validation,0.00884246826171875,2,1,5,307,64
L4_W64_H4,1,validation:d3:t2:prandomized:tree307:i30011,4,4,11,randomized,1,3,validation,-0.08049964904785156,2,0,5,307,64
L4_W64_H4,1,validation:d3:t2:prandomized:tree307:i30014,4,4,11,randomized,0,3,validation,-0.04449462890625,2,0,5,307,64
L4_W64_H4,0,validation:d3:t3:prandomized:tree101:i30001,4,4,11,randomized,1,3,validation,0.010278701782226562,3,1,5,101,64
L4_W64_H4,1,validation:d3:t3:prandomized:tree101:i30003,4,4,11,randomized,1,3,validation,-0.029314041137695312,3,0,5,101,64
L4_W64_H4,1,validation:d3:t3:prandomized:tree101:i30006,4,4,11,randomized,0,3,validation,0.04080963134765625,3,1,5,101,64
L4_W64_H4,1,validation:d3:t3:prandomized:tree101:i30014,4,4,11,randomized,0,3,validation,-0.01276397705078125,3,0,5,101,64
L4_W64_H4,0,validation:d3:t3:prandomized:tree211:i30009,4,4,11,randomized,1,3,validation,-0.016803741455078125,3,0,5,211,64
L4_W64_H4,1,validation:d3:t3:prandomized:tree307:i30003,4,4,11,randomized,1,3,validation,0.0842132568359375,3,1,5,307,64
L4_W64_H4,0,validation:d3:t3:prandomized:tree307:i30008,4,4,11,randomized,0,3,validation,0.012723922729492188,3,1,5,307,64
L4_W64_H4,1,validation:d3:t3:prandomized:tree307:i30011,4,4,11,randomized,1,3,validation,-0.08264350891113281,3,0,5,307,64
L4_W64_H4,1,validation:d3:t3:prandomized:tree307:i30014,4,4,11,randomized,0,3,validation,-0.0430450439453125,3,0,5,307,64
L4_W64_H4,1,test:d3:t0:prandomized:tree101:i30006,4,4,11,randomized,0,3,test,0.0856170654296875,0,1,5,101,64
L4_W64_H4,0,test:d3:t0:prandomized:tree211:i30005,4,4,11,randomized,1,3,test,0.06943321228027344,0,1,5,211,64
L4_W64_H4,1,test:d3:t0:prandomized:tree211:i30011,4,4,11,randomized,1,3,test,-0.0030994415283203125,0,0,5,211,64
L4_W64_H4,0,test:d3:t0:prandomized:tree211:i30013,4,4,11,randomized,1,3,test,0.06930923461914062,0,1,5,211,64
L4_W64_H4,0,test:d3:t0:prandomized:tree307:i30000,4,4,11,randomized,0,3,test,0.0664825439453125,0,1,5,307,64
L4_W64_H4,1,test:d3:t1:prandomized:tree101:i30006,4,4,11,randomized,0,3,test,0.08590316772460938,1,1,5,101,64
L4_W64_H4,0,test:d3:t1:prandomized:tree211:i30005,4,4,11,randomized,1,3,test,0.06736373901367188,1,1,5,211,64
L4_W64_H4,1,test:d3:t1:prandomized:tree211:i30011,4,4,11,randomized,1,3,test,-0.0042858123779296875,1,0,5,211,64
L4_W64_H4,0,test:d3:t1:prandomized:tree211:i30013,4,4,11,randomized,1,3,test,0.06664085388183594,1,1,5,211,64
L4_W64_H4,0,test:d3:t1:prandomized:tree307:i30000,4,4,11,randomized,0,3,test,0.06482696533203125,1,1,5,307,64
L4_W64_H4,0,test:d3:t2:prandomized:tree101:i30001,4,4,11,randomized,1,3,test,-0.10393905639648438,2,0,5,101,64
L4_W64_H4,1,test:d3:t2:prandomized:tree101:i30003,4,4,11,randomized,1,3,test,-0.05487823486328125,2,0,5,101,64
L4_W64_H4,1,test:d3:t2:prandomized:tree101:i30006,4,4,11,randomized,0,3,test,0.0837860107421875,2,1,5,101,64
L4_W64_H4,1,test:d3:t2:prandomized:tree101:i30014,4,4,11,randomized,0,3,test,0.024623870849609375,2,1,5,101,64
L4_W64_H4,0,test:d3:t2:prandomized:tree211:i30009,4,4,11,randomized,1,3,test,-0.027563095092773438,2,0,5,211,64
L4_W64_H4,1,test:d3:t2:prandomized:tree307:i30003,4,4,11,randomized,1,3,test,0.0066127777099609375,2,1,5,307,64
L4_W64_H4,0,test:d3:t2:prandomized:tree307:i30008,4,4,11,randomized,0,3,test,0.035846710205078125,2,1,5,307,64
L4_W64_H4,1,test:d3:t2:prandomized:tree307:i30011,4,4,11,randomized,1,3,test,0.09233665466308594,2,1,5,307,64
L4_W64_H4,1,test:d3:t2:prandomized:tree307:i30014,4,4,11,randomized,0,3,test,-0.08677864074707031,2,0,5,307,64
L4_W64_H4,0,test:d3:t3:prandomized:tree101:i30001,4,4,11,randomized,1,3,test,-0.10581207275390625,3,0,5,101,64
L4_W64_H4,1,test:d3:t3:prandomized:tree101:i30003,4,4,11,randomized,1,3,test,-0.05821037292480469,3,0,5,101,64
L4_W64_H4,1,test:d3:t3:prandomized:tree101:i30006,4,4,11,randomized,0,3,test,0.08408546447753906,3,1,5,101,64
L4_W64_H4,1,test:d3:t3:prandomized:tree101:i30014,4,4,11,randomized,0,3,test,0.025079727172851562,3,1,5,101,64
L4_W64_H4,0,test:d3:t3:prandomized:tree211:i30009,4,4,11,randomized,1,3,test,-0.024261474609375,3,0,5,211,64
L4_W64_H4,1,test:d3:t3:prandomized:tree307:i30003,4,4,11,randomized,1,3,test,0.009002685546875,3,1,5,307,64
L4_W64_H4,0,test:d3:t3:prandomized:tree307:i30008,4,4,11,randomized,0,3,test,0.03841972351074219,3,1,5,307,64
L4_W64_H4,1,test:d3:t3:prandomized:tree307:i30011,4,4,11,randomized,1,3,test,0.09427261352539062,3,1,5,307,64
L4_W64_H4,1,test:d3:t3:prandomized:tree307:i30014,4,4,11,randomized,0,3,test,-0.0867156982421875,3,0,5,307,64
L4_W64_H4,0,validation:d3:t0:prandomized:tree101:i30008,4,4,11,randomized,0,3,validation,0.042530059814453125,0,1,5,101,64
L4_W64_H4,0,validation:d3:t0:prandomized:tree211:i30000,4,4,11,randomized,0,3,validation,0.05204200744628906,0,1,5,211,64
L4_W64_H4,0,validation:d3:t0:prandomized:tree211:i30001,4,4,11,randomized,1,3,validation,-0.062774658203125,0,0,5,211,64
L4_W64_H4,1,validation:d3:t0:prandomized:tree211:i30002,4,4,11,randomized,0,3,validation,0.03224945068359375,0,1,5,211,64
L4_W64_H4,0,validation:d3:t0:prandomized:tree307:i30001,4,4,11,randomized,1,3,validation,0.13591957092285156,0,1,5,307,64
L4_W64_H4,1,validation:d3:t0:prandomized:tree307:i30002,4,4,11,randomized,0,3,validation,0.038604736328125,0,1,5,307,64
L4_W64_H4,1,validation:d3:t0:prandomized:tree307:i30007,4,4,11,randomized,1,3,validation,-0.008829116821289062,0,0,5,307,64
L4_W64_H4,0,validation:d3:t0:prandomized:tree307:i30008,4,4,11,randomized,0,3,validation,0.026700973510742188,0,1,5,307,64
L4_W64_H4,1,validation:d3:t0:prandomized:tree307:i30010,4,4,11,randomized,0,3,validation,-0.02689361572265625,0,0,5,307,64
L4_W64_H4,1,validation:d3:t0:prandomized:tree307:i30011,4,4,11,randomized,1,3,validation,-0.0903167724609375,0,0,5,307,64
L4_W64_H4,0,validation:d3:t0:prandomized:tree307:i30013,4,4,11,randomized,1,3,validation,-0.048908233642578125,0,0,5,307,64
L4_W64_H4,0,validation:d3:t1:prandomized:tree101:i30008,4,4,11,randomized,0,3,validation,0.04373741149902344,1,1,5,101,64
L4_W64_H4,0,validation:d3:t1:prandomized:tree211:i30000,4,4,11,randomized,0,3,validation,0.04975700378417969,1,1,5,211,64
L4_W64_H4,0,validation:d3:t1:prandomized:tree211:i30001,4,4,11,randomized,1,3,validation,-0.06251907348632812,1,0,5,211,64
L4_W64_H4,1,validation:d3:t1:prandomized:tree211:i30002,4,4,11,randomized,0,3,validation,0.0322723388671875,1,1,5,211,64
L4_W64_H4,0,validation:d3:t1:prandomized:tree307:i30001,4,4,11,randomized,1,3,validation,0.13552474975585938,1,1,5,307,64
L4_W64_H4,1,validation:d3:t1:prandomized:tree307:i30002,4,4,11,randomized,0,3,validation,0.035877227783203125,1,1,5,307,64
L4_W64_H4,1,validation:d3:t1:prandomized:tree307:i30007,4,4,11,randomized,1,3,validation,-0.0070667266845703125,1,0,5,307,64
L4_W64_H4,0,validation:d3:t1:prandomized:tree307:i30008,4,4,11,randomized,0,3,validation,0.018672943115234375,1,1,5,307,64
L4_W64_H4,1,validation:d3:t1:prandomized:tree307:i30010,4,4,11,randomized,0,3,validation,-0.02178192138671875,1,0,5,307,64
L4_W64_H4,1,validation:d3:t1:prandomized:tree307:i30011,4,4,11,randomized,1,3,validation,-0.09168815612792969,1,0,5,307,64
L4_W64_H4,0,validation:d3:t1:prandomized:tree307:i30013,4,4,11,randomized,1,3,validation,-0.05316162109375,1,0,5,307,64
L4_W64_H4,1,validation:d3:t2:prandomized:tree211:i30002,4,4,11,randomized,0,3,validation,0.031810760498046875,2,1,5,211,64
L4_W64_H4,0,validation:d3:t2:prandomized:tree211:i30008,4,4,11,randomized,0,3,validation,0.2032909393310547,2,1,5,211,64
L4_W64_H4,1,validation:d3:t2:prandomized:tree211:i30010,4,4,11,randomized,0,3,validation,0.09441757202148438,2,1,5,211,64
L4_W64_H4,0,validation:d3:t2:prandomized:tree307:i30004,4,4,11,randomized,0,3,validation,0.018671035766601562,2,1,5,307,64
L4_W64_H4,1,validation:d3:t3:prandomized:tree211:i30002,4,4,11,randomized,0,3,validation,0.03307914733886719,3,1,5,211,64
L4_W64_H4,0,validation:d3:t3:prandomized:tree211:i30008,4,4,11,randomized,0,3,validation,0.19965362548828125,3,1,5,211,64
L4_W64_H4,1,validation:d3:t3:prandomized:tree211:i30010,4,4,11,randomized,0,3,validation,0.09193992614746094,3,1,5,211,64
L4_W64_H4,0,validation:d3:t3:prandomized:tree307:i30004,4,4,11,randomized,0,3,validation,0.020275115966796875,3,1,5,307,64
L4_W64_H4,0,test:d3:t0:prandomized:tree101:i30008,4,4,11,randomized,0,3,test,-0.003429412841796875,0,0,5,101,64
L4_W64_H4,0,test:d3:t0:prandomized:tree211:i30000,4,4,11,randomized,0,3,test,0.07910728454589844,0,1,5,211,64
L4_W64_H4,0,test:d3:t0:prandomized:tree211:i30001,4,4,11,randomized,1,3,test,0.03697967529296875,0,1,5,211,64
L4_W64_H4,1,test:d3:t0:prandomized:tree211:i30002,4,4,11,randomized,0,3,test,-0.06884002685546875,0,0,5,211,64
L4_W64_H4,0,test:d3:t0:prandomized:tree307:i30001,4,4,11,randomized,1,3,test,-0.08675956726074219,0,0,5,307,64
L4_W64_H4,1,test:d3:t0:prandomized:tree307:i30002,4,4,11,randomized,0,3,test,0.028810501098632812,0,1,5,307,64
L4_W64_H4,1,test:d3:t0:prandomized:tree307:i30007,4,4,11,randomized,1,3,test,-0.010400772094726562,0,0,5,307,64
L4_W64_H4,0,test:d3:t0:prandomized:tree307:i30008,4,4,11,randomized,0,3,test,0.04473686218261719,0,1,5,307,64
L4_W64_H4,1,test:d3:t0:prandomized:tree307:i30010,4,4,11,randomized,0,3,test,-0.008274078369140625,0,0,5,307,64
L4_W64_H4,1,test:d3:t0:prandomized:tree307:i30011,4,4,11,randomized,1,3,test,0.08337020874023438,0,1,5,307,64
L4_W64_H4,0,test:d3:t0:prandomized:tree307:i30013,4,4,11,randomized,1,3,test,-0.025774002075195312,0,0,5,307,64
L4_W64_H4,0,test:d3:t1:prandomized:tree101:i30008,4,4,11,randomized,0,3,test,0.0012340545654296875,1,1,5,101,64
L4_W64_H4,0,test:d3:t1:prandomized:tree211:i30000,4,4,11,randomized,0,3,test,0.07829856872558594,1,1,5,211,64
L4_W64_H4,0,test:d3:t1:prandomized:tree211:i30001,4,4,11,randomized,1,3,test,0.03765106201171875,1,1,5,211,64
L4_W64_H4,1,test:d3:t1:prandomized:tree211:i30002,4,4,11,randomized,0,3,test,-0.06647682189941406,1,0,5,211,64
L4_W64_H4,0,test:d3:t1:prandomized:tree307:i30001,4,4,11,randomized,1,3,test,-0.08997917175292969,1,0,5,307,64
L4_W64_H4,1,test:d3:t1:prandomized:tree307:i30002,4,4,11,randomized,0,3,test,0.028896331787109375,1,1,5,307,64
L4_W64_H4,1,test:d3:t1:prandomized:tree307:i30007,4,4,11,randomized,1,3,test,-0.014369964599609375,1,0,5,307,64
L4_W64_H4,0,test:d3:t1:prandomized:tree307:i30008,4,4,11,randomized,0,3,test,0.04395484924316406,1,1,5,307,64
L4_W64_H4,1,test:d3:t1:prandomized:tree307:i30010,4,4,11,randomized,0,3,test,-0.008951187133789062,1,0,5,307,64
L4_W64_H4,1,test:d3:t1:prandomized:tree307:i30011,4,4,11,randomized,1,3,test,0.08804702758789062,1,1,5,307,64
L4_W64_H4,0,test:d3:t1:prandomized:tree307:i30013,4,4,11,randomized,1,3,test,-0.023952484130859375,1,0,5,307,64
L4_W64_H4,1,test:d3:t2:prandomized:tree211:i30002,4,4,11,randomized,0,3,test,-0.06720161437988281,2,0,5,211,64
L4_W64_H4,0,test:d3:t2:prandomized:tree211:i30008,4,4,11,randomized,0,3,test,-0.007389068603515625,2,0,5,211,64
L4_W64_H4,1,test:d3:t2:prandomized:tree211:i30010,4,4,11,randomized,0,3,test,-0.08420753479003906,2,0,5,211,64
L4_W64_H4,0,test:d3:t2:prandomized:tree307:i30004,4,4,11,randomized,0,3,test,0.03671455383300781,2,1,5,307,64
L4_W64_H4,1,test:d3:t3:prandomized:tree211:i30002,4,4,11,randomized,0,3,test,-0.06675338745117188,3,0,5,211,64
L4_W64_H4,0,test:d3:t3:prandomized:tree211:i30008,4,4,11,randomized,0,3,test,-0.010038375854492188,3,0,5,211,64
L4_W64_H4,1,test:d3:t3:prandomized:tree211:i30010,4,4,11,randomized,0,3,test,-0.08841323852539062,3,0,5,211,64
L4_W64_H4,0,test:d3:t3:prandomized:tree307:i30004,4,4,11,randomized,0,3,test,0.03370857238769531,3,1,5,307,64
L4_W64_H4,0,validation:d3:t0:prandomized:tree101:i30012,4,4,11,randomized,0,3,validation,0.023494720458984375,0,1,5,101,64
L4_W64_H4,1,validation:d3:t0:prandomized:tree101:i30015,4,4,11,randomized,1,3,validation,-0.12124061584472656,0,0,5,101,64
L4_W64_H4,1,validation:d3:t0:prandomized:tree211:i30010,4,4,11,randomized,0,3,validation,0.09042930603027344,0,1,5,211,64
L4_W64_H4,0,validation:d3:t1:prandomized:tree101:i30012,4,4,11,randomized,0,3,validation,0.0238800048828125,1,1,5,101,64
L4_W64_H4,1,validation:d3:t1:prandomized:tree101:i30015,4,4,11,randomized,1,3,validation,-0.12187576293945312,1,0,5,101,64
L4_W64_H4,1,validation:d3:t1:prandomized:tree211:i30010,4,4,11,randomized,0,3,validation,0.08999252319335938,1,1,5,211,64
L4_W64_H4,1,validation:d3:t2:prandomized:tree101:i30002,4,4,11,randomized,0,3,validation,0.023424148559570312,2,1,5,101,64
L4_W64_H4,0,validation:d3:t2:prandomized:tree101:i30009,4,4,11,randomized,1,3,validation,0.030170440673828125,2,1,5,101,64
L4_W64_H4,0,validation:d3:t2:prandomized:tree101:i30012,4,4,11,randomized,0,3,validation,0.025686264038085938,2,1,5,101,64
L4_W64_H4,1,validation:d3:t2:prandomized:tree307:i30002,4,4,11,randomized,0,3,validation,0.036205291748046875,2,1,5,307,64
L4_W64_H4,1,validation:d3:t3:prandomized:tree101:i30002,4,4,11,randomized,0,3,validation,0.010456085205078125,3,1,5,101,64
L4_W64_H4,0,validation:d3:t3:prandomized:tree101:i30009,4,4,11,randomized,1,3,validation,0.03142738342285156,3,1,5,101,64
L4_W64_H4,0,validation:d3:t3:prandomized:tree101:i30012,4,4,11,randomized,0,3,validation,0.026647567749023438,3,1,5,101,64
L4_W64_H4,1,validation:d3:t3:prandomized:tree307:i30002,4,4,11,randomized,0,3,validation,0.03310585021972656,3,1,5,307,64
L4_W64_H4,0,test:d3:t0:prandomized:tree101:i30012,4,4,11,randomized,0,3,test,-0.00998687744140625,0,0,5,101,64
L4_W64_H4,1,test:d3:t0:prandomized:tree101:i30015,4,4,11,randomized,1,3,test,-0.04103660583496094,0,0,5,101,64
L4_W64_H4,1,test:d3:t0:prandomized:tree211:i30010,4,4,11,randomized,0,3,test,-0.09337615966796875,0,0,5,211,64
L4_W64_H4,0,test:d3:t1:prandomized:tree101:i30012,4,4,11,randomized,0,3,test,-0.010265350341796875,1,0,5,101,64
L4_W64_H4,1,test:d3:t1:prandomized:tree101:i30015,4,4,11,randomized,1,3,test,-0.03632354736328125,1,0,5,101,64
L4_W64_H4,1,test:d3:t1:prandomized:tree211:i30010,4,4,11,randomized,0,3,test,-0.09237098693847656,1,0,5,211,64
L4_W64_H4,1,test:d3:t2:prandomized:tree101:i30002,4,4,11,randomized,0,3,test,-0.0492095947265625,2,0,5,101,64
L4_W64_H4,0,test:d3:t2:prandomized:tree101:i30009,4,4,11,randomized,1,3,test,-0.12030410766601562,2,0,5,101,64
L4_W64_H4,0,test:d3:t2:prandomized:tree101:i30012,4,4,11,randomized,0,3,test,-0.0060062408447265625,2,0,5,101,64
L4_W64_H4,1,test:d3:t2:prandomized:tree307:i30002,4,4,11,randomized,0,3,test,0.026935577392578125,2,1,5,307,64
L4_W64_H4,1,test:d3:t3:prandomized:tree101:i30002,4,4,11,randomized,0,3,test,-0.047657012939453125,3,0,5,101,64
L4_W64_H4,0,test:d3:t3:prandomized:tree101:i30009,4,4,11,randomized,1,3,test,-0.120880126953125,3,0,5,101,64
L4_W64_H4,0,test:d3:t3:prandomized:tree101:i30012,4,4,11,randomized,0,3,test,-0.011566162109375,3,0,5,101,64
L4_W64_H4,1,test:d3:t3:prandomized:tree307:i30002,4,4,11,randomized,0,3,test,0.025938034057617188,3,1,5,307,64
L4_W64_H4,0,validation:d3:t0:prandomized:tree101:i30004,4,4,11,randomized,0,3,validation,-0.026515960693359375,0,0,5,101,64
L4_W64_H4,1,validation:d3:t0:prandomized:tree101:i30007,4,4,11,randomized,1,3,validation,-0.026836395263671875,0,0,5,101,64
L4_W64_H4,0,validation:d3:t0:prandomized:tree211:i30012,4,4,11,randomized,0,3,validation,0.015924453735351562,0,1,5,211,64
L4_W64_H4,0,validation:d3:t0:prandomized:tree307:i30005,4,4,11,randomized,1,3,validation,0.00946807861328125,0,1,5,307,64
L4_W64_H4,0,validation:d3:t0:prandomized:tree307:i30012,4,4,11,randomized,0,3,validation,-0.03679084777832031,0,0,5,307,64
L4_W64_H4,1,validation:d3:t0:prandomized:tree307:i30014,4,4,11,randomized,0,3,validation,-0.0544891357421875,0,0,5,307,64
L4_W64_H4,0,validation:d3:t1:prandomized:tree101:i30004,4,4,11,randomized,0,3,validation,-0.021991729736328125,1,0,5,101,64
L4_W64_H4,1,validation:d3:t1:prandomized:tree101:i30007,4,4,11,randomized,1,3,validation,-0.026439666748046875,1,0,5,101,64
L4_W64_H4,0,validation:d3:t1:prandomized:tree211:i30012,4,4,11,randomized,0,3,validation,0.017101287841796875,1,1,5,211,64
L4_W64_H4,0,validation:d3:t1:prandomized:tree307:i30005,4,4,11,randomized,1,3,validation,0.0076885223388671875,1,1,5,307,64
L4_W64_H4,0,validation:d3:t1:prandomized:tree307:i30012,4,4,11,randomized,0,3,validation,-0.032398223876953125,1,0,5,307,64
L4_W64_H4,1,validation:d3:t1:prandomized:tree307:i30014,4,4,11,randomized,0,3,validation,-0.04974174499511719,1,0,5,307,64
L4_W64_H4,1,validation:d3:t2:prandomized:tree101:i30010,4,4,11,randomized,0,3,validation,0.0769195556640625,2,1,5,101,64
L4_W64_H4,1,validation:d3:t2:prandomized:tree101:i30015,4,4,11,randomized,1,3,validation,-0.11673736572265625,2,0,5,101,64
L4_W64_H4,1,validation:d3:t2:prandomized:tree211:i30007,4,4,11,randomized,1,3,validation,0.03458404541015625,2,1,5,211,64
L4_W64_H4,0,validation:d3:t2:prandomized:tree211:i30013,4,4,11,randomized,1,3,validation,-0.008518218994140625,2,0,5,211,64
L4_W64_H4,1,validation:d3:t2:prandomized:tree211:i30014,4,4,11,randomized,0,3,validation,-0.05505943298339844,2,0,5,211,64
L4_W64_H4,0,validation:d3:t2:prandomized:tree307:i30005,4,4,11,randomized,1,3,validation,0.011791229248046875,2,1,5,307,64
L4_W64_H4,1,validation:d3:t2:prandomized:tree307:i30007,4,4,11,randomized,1,3,validation,0.0026912689208984375,2,1,5,307,64
L4_W64_H4,0,validation:d3:t2:prandomized:tree307:i30012,4,4,11,randomized,0,3,validation,-0.03342437744140625,2,0,5,307,64
L4_W64_H4,1,validation:d3:t3:prandomized:tree101:i30010,4,4,11,randomized,0,3,validation,0.07745742797851562,3,1,5,101,64
L4_W64_H4,1,validation:d3:t3:prandomized:tree101:i30015,4,4,11,randomized,1,3,validation,-0.11300849914550781,3,0,5,101,64
L4_W64_H4,1,validation:d3:t3:prandomized:tree211:i30007,4,4,11,randomized,1,3,validation,0.03468513488769531,3,1,5,211,64
L4_W64_H4,0,validation:d3:t3:prandomized:tree211:i30013,4,4,11,randomized,1,3,validation,-0.012847900390625,3,0,5,211,64
L4_W64_H4,1,validation:d3:t3:prandomized:tree211:i30014,4,4,11,randomized,0,3,validation,-0.05435371398925781,3,0,5,211,64
L4_W64_H4,0,validation:d3:t3:prandomized:tree307:i30005,4,4,11,randomized,1,3,validation,0.0065021514892578125,3,1,5,307,64
L4_W64_H4,1,validation:d3:t3:prandomized:tree307:i30007,4,4,11,randomized,1,3,validation,0.00634765625,3,1,5,307,64
L4_W64_H4,0,validation:d3:t3:prandomized:tree307:i30012,4,4,11,randomized,0,3,validation,-0.03447532653808594,3,0,5,307,64
L4_W64_H4,0,validation:d4:t0:paligned:tree101:i40000,4,4,11,aligned,0,4,validation,0.01888275146484375,0,1,6,101,64
L4_W64_H4,0,validation:d4:t0:paligned:tree101:i40001,4,4,11,aligned,1,4,validation,-0.07513236999511719,0,0,6,101,64
L4_W64_H4,1,validation:d4:t0:paligned:tree101:i40002,4,4,11,aligned,0,4,validation,-0.017719268798828125,0,0,6,101,64
L4_W64_H4,1,validation:d4:t0:paligned:tree101:i40003,4,4,11,aligned,1,4,validation,0.02789306640625,0,1,6,101,64
L4_W64_H4,0,validation:d4:t0:paligned:tree101:i40004,4,4,11,aligned,0,4,validation,0.025697708129882812,0,1,6,101,64
L4_W64_H4,0,validation:d4:t0:paligned:tree101:i40005,4,4,11,aligned,1,4,validation,0.03522300720214844,0,1,6,101,64
L4_W64_H4,1,validation:d4:t0:paligned:tree101:i40006,4,4,11,aligned,0,4,validation,0.056369781494140625,0,1,6,101,64
L4_W64_H4,1,validation:d4:t0:paligned:tree101:i40007,4,4,11,aligned,1,4,validation,-0.03496742248535156,0,0,6,101,64
L4_W64_H4,0,validation:d4:t0:paligned:tree101:i40008,4,4,11,aligned,0,4,validation,-0.023405075073242188,0,0,6,101,64
L4_W64_H4,0,validation:d4:t0:paligned:tree101:i40009,4,4,11,aligned,1,4,validation,0.000980377197265625,0,1,6,101,64
L4_W64_H4,1,validation:d4:t0:paligned:tree101:i40010,4,4,11,aligned,0,4,validation,0.020681381225585938,0,1,6,101,64
L4_W64_H4,1,validation:d4:t0:paligned:tree101:i40011,4,4,11,aligned,1,4,validation,-0.06723403930664062,0,0,6,101,64
L4_W64_H4,0,validation:d4:t0:paligned:tree101:i40012,4,4,11,aligned,0,4,validation,0.09146881103515625,0,1,6,101,64
L4_W64_H4,0,validation:d4:t0:paligned:tree101:i40013,4,4,11,aligned,1,4,validation,-0.060993194580078125,0,0,6,101,64
L4_W64_H4,1,validation:d4:t0:paligned:tree101:i40014,4,4,11,aligned,0,4,validation,-0.00476837158203125,0,0,6,101,64
L4_W64_H4,1,validation:d4:t0:paligned:tree101:i40015,4,4,11,aligned,1,4,validation,-0.08258438110351562,0,0,6,101,64
L4_W64_H4,0,validation:d4:t0:paligned:tree211:i40000,4,4,11,aligned,0,4,validation,0.06583213806152344,0,1,6,211,64
L4_W64_H4,0,validation:d4:t0:paligned:tree211:i40001,4,4,11,aligned,1,4,validation,-0.041225433349609375,0,0,6,211,64
L4_W64_H4,1,validation:d4:t0:paligned:tree211:i40002,4,4,11,aligned,0,4,validation,0.048763275146484375,0,1,6,211,64
L4_W64_H4,1,validation:d4:t0:paligned:tree211:i40003,4,4,11,aligned,1,4,validation,-0.04942512512207031,0,0,6,211,64
L4_W64_H4,0,validation:d4:t0:paligned:tree211:i40004,4,4,11,aligned,0,4,validation,-0.008457183837890625,0,0,6,211,64
L4_W64_H4,0,validation:d4:t0:paligned:tree211:i40005,4,4,11,aligned,1,4,validation,-0.05702972412109375,0,0,6,211,64
L4_W64_H4,1,validation:d4:t0:paligned:tree211:i40006,4,4,11,aligned,0,4,validation,-0.029729843139648438,0,0,6,211,64
L4_W64_H4,1,validation:d4:t0:paligned:tree211:i40007,4,4,11,aligned,1,4,validation,-0.061611175537109375,0,0,6,211,64
L4_W64_H4,0,validation:d4:t0:paligned:tree211:i40008,4,4,11,aligned,0,4,validation,-0.04112815856933594,0,0,6,211,64
L4_W64_H4,0,validation:d4:t0:paligned:tree211:i40009,4,4,11,aligned,1,4,validation,-0.04056739807128906,0,0,6,211,64
L4_W64_H4,1,validation:d4:t0:paligned:tree211:i40010,4,4,11,aligned,0,4,validation,0.05822563171386719,0,1,6,211,64
L4_W64_H4,1,validation:d4:t0:paligned:tree211:i40011,4,4,11,aligned,1,4,validation,-0.11672210693359375,0,0,6,211,64
L4_W64_H4,0,validation:d4:t0:paligned:tree211:i40012,4,4,11,aligned,0,4,validation,0.0252838134765625,0,1,6,211,64
L4_W64_H4,0,validation:d4:t0:paligned:tree211:i40013,4,4,11,aligned,1,4,validation,0.04687690734863281,0,1,6,211,64
L4_W64_H4,1,validation:d4:t0:paligned:tree211:i40014,4,4,11,aligned,0,4,validation,0.05186653137207031,0,1,6,211,64
L4_W64_H4,1,validation:d4:t0:paligned:tree211:i40015,4,4,11,aligned,1,4,validation,-0.023153305053710938,0,0,6,211,64
L4_W64_H4,0,validation:d4:t0:paligned:tree307:i40000,4,4,11,aligned,0,4,validation,0.06830978393554688,0,1,6,307,64
L4_W64_H4,0,validation:d4:t0:paligned:tree307:i40001,4,4,11,aligned,1,4,validation,0.09200286865234375,0,1,6,307,64
L4_W64_H4,1,validation:d4:t0:paligned:tree307:i40002,4,4,11,aligned,0,4,validation,0.013671875,0,1,6,307,64
L4_W64_H4,1,validation:d4:t0:paligned:tree307:i40003,4,4,11,aligned,1,4,validation,-0.016284942626953125,0,0,6,307,64
L4_W64_H4,0,validation:d4:t0:paligned:tree307:i40004,4,4,11,aligned,0,4,validation,0.14987564086914062,0,1,6,307,64
L4_W64_H4,0,validation:d4:t0:paligned:tree307:i40005,4,4,11,aligned,1,4,validation,0.036914825439453125,0,1,6,307,64
L4_W64_H4,1,validation:d4:t0:paligned:tree307:i40006,4,4,11,aligned,0,4,validation,-0.03674125671386719,0,0,6,307,64
L4_W64_H4,1,validation:d4:t0:paligned:tree307:i40007,4,4,11,aligned,1,4,validation,-0.06104850769042969,0,0,6,307,64
L4_W64_H4,0,validation:d4:t0:paligned:tree307:i40008,4,4,11,aligned,0,4,validation,0.010820388793945312,0,1,6,307,64
L4_W64_H4,0,validation:d4:t0:paligned:tree307:i40009,4,4,11,aligned,1,4,validation,-0.037166595458984375,0,0,6,307,64
L4_W64_H4,1,validation:d4:t0:paligned:tree307:i40010,4,4,11,aligned,0,4,validation,-0.014825820922851562,0,0,6,307,64
L4_W64_H4,1,validation:d4:t0:paligned:tree307:i40011,4,4,11,aligned,1,4,validation,0.027223587036132812,0,1,6,307,64
L4_W64_H4,0,validation:d4:t0:paligned:tree307:i40012,4,4,11,aligned,0,4,validation,0.13728713989257812,0,1,6,307,64
L4_W64_H4,0,validation:d4:t0:paligned:tree307:i40013,4,4,11,aligned,1,4,validation,-0.059490203857421875,0,0,6,307,64
L4_W64_H4,1,validation:d4:t0:paligned:tree307:i40014,4,4,11,aligned,0,4,validation,0.05628776550292969,0,1,6,307,64
L4_W64_H4,1,validation:d4:t0:paligned:tree307:i40015,4,4,11,aligned,1,4,validation,-0.0008869171142578125,0,0,6,307,64
L4_W64_H4,0,validation:d4:t0:prandomized:tree307:i40001,4,4,11,randomized,1,4,validation,0.09200286865234375,0,1,6,307,64
L4_W64_H4,1,validation:d4:t0:prandomized:tree307:i40003,4,4,11,randomized,1,4,validation,-0.0162811279296875,0,0,6,307,64
L4_W64_H4,1,validation:d4:t0:prandomized:tree307:i40006,4,4,11,randomized,0,4,validation,-0.03674125671386719,0,0,6,307,64
L4_W64_H4,1,validation:d4:t0:prandomized:tree307:i40011,4,4,11,randomized,1,4,validation,0.027223587036132812,0,1,6,307,64
L4_W64_H4,0,validation:d4:t0:prandomized:tree307:i40012,4,4,11,randomized,0,4,validation,0.13728713989257812,0,1,6,307,64
L4_W64_H4,0,validation:d4:t1:paligned:tree101:i40000,4,4,11,aligned,0,4,validation,0.021722793579101562,1,1,6,101,64
L4_W64_H4,0,validation:d4:t1:paligned:tree101:i40001,4,4,11,aligned,1,4,validation,-0.077728271484375,1,0,6,101,64
L4_W64_H4,1,validation:d4:t1:paligned:tree101:i40002,4,4,11,aligned,0,4,validation,-0.014812469482421875,1,0,6,101,64
L4_W64_H4,1,validation:d4:t1:paligned:tree101:i40003,4,4,11,aligned,1,4,validation,0.03752708435058594,1,1,6,101,64
L4_W64_H4,0,validation:d4:t1:paligned:tree101:i40004,4,4,11,aligned,0,4,validation,0.026165008544921875,1,1,6,101,64
L4_W64_H4,0,validation:d4:t1:paligned:tree101:i40005,4,4,11,aligned,1,4,validation,0.03634452819824219,1,1,6,101,64
L4_W64_H4,1,validation:d4:t1:paligned:tree101:i40006,4,4,11,aligned,0,4,validation,0.0545654296875,1,1,6,101,64
L4_W64_H4,1,validation:d4:t1:paligned:tree101:i40007,4,4,11,aligned,1,4,validation,-0.03373908996582031,1,0,6,101,64
L4_W64_H4,0,validation:d4:t1:paligned:tree101:i40008,4,4,11,aligned,0,4,validation,-0.018890380859375,1,0,6,101,64
L4_W64_H4,0,validation:d4:t1:paligned:tree101:i40009,4,4,11,aligned,1,4,validation,0.0077800750732421875,1,1,6,101,64
L4_W64_H4,1,validation:d4:t1:paligned:tree101:i40010,4,4,11,aligned,0,4,validation,0.03087615966796875,1,1,6,101,64
L4_W64_H4,1,validation:d4:t1:paligned:tree101:i40011,4,4,11,aligned,1,4,validation,-0.06559562683105469,1,0,6,101,64
L4_W64_H4,0,validation:d4:t1:paligned:tree101:i40012,4,4,11,aligned,0,4,validation,0.08913421630859375,1,1,6,101,64
L4_W64_H4,0,validation:d4:t1:paligned:tree101:i40013,4,4,11,aligned,1,4,validation,-0.05931854248046875,1,0,6,101,64
L4_W64_H4,1,validation:d4:t1:paligned:tree101:i40014,4,4,11,aligned,0,4,validation,4.38690185546875e-05,1,1,6,101,64
L4_W64_H4,1,validation:d4:t1:paligned:tree101:i40015,4,4,11,aligned,1,4,validation,-0.08004951477050781,1,0,6,101,64
L4_W64_H4,0,validation:d4:t1:paligned:tree211:i40000,4,4,11,aligned,0,4,validation,0.06272125244140625,1,1,6,211,64
L4_W64_H4,0,validation:d4:t1:paligned:tree211:i40001,4,4,11,aligned,1,4,validation,-0.04385185241699219,1,0,6,211,64
L4_W64_H4,1,validation:d4:t1:paligned:tree211:i40002,4,4,11,aligned,0,4,validation,0.04715156555175781,1,1,6,211,64
L4_W64_H4,1,validation:d4:t1:paligned:tree211:i40003,4,4,11,aligned,1,4,validation,-0.04498100280761719,1,0,6,211,64
L4_W64_H4,0,validation:d4:t1:paligned:tree211:i40004,4,4,11,aligned,0,4,validation,-0.009191513061523438,1,0,6,211,64
L4_W64_H4,0,validation:d4:t1:paligned:tree211:i40005,4,4,11,aligned,1,4,validation,-0.05979728698730469,1,0,6,211,64
L4_W64_H4,1,validation:d4:t1:paligned:tree211:i40006,4,4,11,aligned,0,4,validation,-0.03412055969238281,1,0,6,211,64
L4_W64_H4,1,validation:d4:t1:paligned:tree211:i40007,4,4,11,aligned,1,4,validation,-0.055522918701171875,1,0,6,211,64
L4_W64_H4,0,validation:d4:t1:paligned:tree211:i40008,4,4,11,aligned,0,4,validation,-0.03934478759765625,1,0,6,211,64
L4_W64_H4,0,validation:d4:t1:paligned:tree211:i40009,4,4,11,aligned,1,4,validation,-0.03483009338378906,1,0,6,211,64
L4_W64_H4,1,validation:d4:t1:paligned:tree211:i40010,4,4,11,aligned,0,4,validation,0.05911827087402344,1,1,6,211,64
L4_W64_H4,1,validation:d4:t1:paligned:tree211:i40011,4,4,11,aligned,1,4,validation,-0.11412429809570312,1,0,6,211,64
L4_W64_H4,0,validation:d4:t1:paligned:tree211:i40012,4,4,11,aligned,0,4,validation,0.02315521240234375,1,1,6,211,64
L4_W64_H4,0,validation:d4:t1:paligned:tree211:i40013,4,4,11,aligned,1,4,validation,0.0457916259765625,1,1,6,211,64
L4_W64_H4,1,validation:d4:t1:paligned:tree211:i40014,4,4,11,aligned,0,4,validation,0.05086708068847656,1,1,6,211,64
L4_W64_H4,1,validation:d4:t1:paligned:tree211:i40015,4,4,11,aligned,1,4,validation,-0.021890640258789062,1,0,6,211,64
L4_W64_H4,0,validation:d4:t1:paligned:tree307:i40000,4,4,11,aligned,0,4,validation,0.07284164428710938,1,1,6,307,64
L4_W64_H4,0,validation:d4:t1:paligned:tree307:i40001,4,4,11,aligned,1,4,validation,0.09604454040527344,1,1,6,307,64
L4_W64_H4,1,validation:d4:t1:paligned:tree307:i40002,4,4,11,aligned,0,4,validation,0.013963699340820312,1,1,6,307,64
L4_W64_H4,1,validation:d4:t1:paligned:tree307:i40003,4,4,11,aligned,1,4,validation,-0.014532089233398438,1,0,6,307,64
L4_W64_H4,0,validation:d4:t1:paligned:tree307:i40004,4,4,11,aligned,0,4,validation,0.14649009704589844,1,1,6,307,64
L4_W64_H4,0,validation:d4:t1:paligned:tree307:i40005,4,4,11,aligned,1,4,validation,0.04143524169921875,1,1,6,307,64
L4_W64_H4,1,validation:d4:t1:paligned:tree307:i40006,4,4,11,aligned,0,4,validation,-0.03913307189941406,1,0,6,307,64
L4_W64_H4,1,validation:d4:t1:paligned:tree307:i40007,4,4,11,aligned,1,4,validation,-0.0592193603515625,1,0,6,307,64
L4_W64_H4,0,validation:d4:t1:paligned:tree307:i40008,4,4,11,aligned,0,4,validation,0.010860443115234375,1,1,6,307,64
L4_W64_H4,0,validation:d4:t1:paligned:tree307:i40009,4,4,11,aligned,1,4,validation,-0.03861236572265625,1,0,6,307,64
L4_W64_H4,1,validation:d4:t1:paligned:tree307:i40010,4,4,11,aligned,0,4,validation,-0.018497467041015625,1,0,6,307,64
L4_W64_H4,1,validation:d4:t1:paligned:tree307:i40011,4,4,11,aligned,1,4,validation,0.028682708740234375,1,1,6,307,64
L4_W64_H4,0,validation:d4:t1:paligned:tree307:i40012,4,4,11,aligned,0,4,validation,0.13756370544433594,1,1,6,307,64
L4_W64_H4,0,validation:d4:t1:paligned:tree307:i40013,4,4,11,aligned,1,4,validation,-0.06040382385253906,1,0,6,307,64
L4_W64_H4,1,validation:d4:t1:paligned:tree307:i40014,4,4,11,aligned,0,4,validation,0.05327033996582031,1,1,6,307,64
L4_W64_H4,1,validation:d4:t1:paligned:tree307:i40015,4,4,11,aligned,1,4,validation,-0.00405120849609375,1,0,6,307,64
L4_W64_H4,0,validation:d4:t1:prandomized:tree307:i40001,4,4,11,randomized,1,4,validation,0.09604454040527344,1,1,6,307,64
L4_W64_H4,1,validation:d4:t1:prandomized:tree307:i40003,4,4,11,randomized,1,4,validation,-0.014532089233398438,1,0,6,307,64
L4_W64_H4,1,validation:d4:t1:prandomized:tree307:i40006,4,4,11,randomized,0,4,validation,-0.03913307189941406,1,0,6,307,64
L4_W64_H4,1,validation:d4:t1:prandomized:tree307:i40011,4,4,11,randomized,1,4,validation,0.028682708740234375,1,1,6,307,64
L4_W64_H4,0,validation:d4:t1:prandomized:tree307:i40012,4,4,11,randomized,0,4,validation,0.13756561279296875,1,1,6,307,64
L4_W64_H4,0,validation:d4:t2:paligned:tree101:i40000,4,4,11,aligned,0,4,validation,0.022312164306640625,2,1,6,101,64
L4_W64_H4,0,validation:d4:t2:paligned:tree101:i40001,4,4,11,aligned,1,4,validation,-0.07868003845214844,2,0,6,101,64
L4_W64_H4,1,validation:d4:t2:paligned:tree101:i40002,4,4,11,aligned,0,4,validation,-0.017818450927734375,2,0,6,101,64
L4_W64_H4,1,validation:d4:t2:paligned:tree101:i40003,4,4,11,aligned,1,4,validation,0.02608489990234375,2,1,6,101,64
L4_W64_H4,0,validation:d4:t2:paligned:tree101:i40004,4,4,11,aligned,0,4,validation,0.029453277587890625,2,1,6,101,64
L4_W64_H4,0,validation:d4:t2:paligned:tree101:i40005,4,4,11,aligned,1,4,validation,0.03458213806152344,2,1,6,101,64
L4_W64_H4,1,validation:d4:t2:paligned:tree101:i40006,4,4,11,aligned,0,4,validation,0.0537872314453125,2,1,6,101,64
L4_W64_H4,1,validation:d4:t2:paligned:tree101:i40007,4,4,11,aligned,1,4,validation,-0.03452110290527344,2,0,6,101,64
L4_W64_H4,0,validation:d4:t2:paligned:tree101:i40008,4,4,11,aligned,0,4,validation,-0.016359329223632812,2,0,6,101,64
L4_W64_H4,0,validation:d4:t2:paligned:tree101:i40009,4,4,11,aligned,1,4,validation,0.0018100738525390625,2,1,6,101,64
L4_W64_H4,1,validation:d4:t2:paligned:tree101:i40010,4,4,11,aligned,0,4,validation,0.022611618041992188,2,1,6,101,64
L4_W64_H4,1,validation:d4:t2:paligned:tree101:i40011,4,4,11,aligned,1,4,validation,-0.064483642578125,2,0,6,101,64
L4_W64_H4,0,validation:d4:t2:paligned:tree101:i40012,4,4,11,aligned,0,4,validation,0.09041023254394531,2,1,6,101,64
L4_W64_H4,0,validation:d4:t2:paligned:tree101:i40013,4,4,11,aligned,1,4,validation,-0.06364059448242188,2,0,6,101,64
L4_W64_H4,1,validation:d4:t2:paligned:tree101:i40014,4,4,11,aligned,0,4,validation,0.0042095184326171875,2,1,6,101,64
L4_W64_H4,1,validation:d4:t2:paligned:tree101:i40015,4,4,11,aligned,1,4,validation,-0.08366584777832031,2,0,6,101,64
L4_W64_H4,0,validation:d4:t2:paligned:tree211:i40000,4,4,11,aligned,0,4,validation,0.06837272644042969,2,1,6,211,64
L4_W64_H4,0,validation:d4:t2:paligned:tree211:i40001,4,4,11,aligned,1,4,validation,-0.04423713684082031,2,0,6,211,64
L4_W64_H4,1,validation:d4:t2:paligned:tree211:i40002,4,4,11,aligned,0,4,validation,0.046382904052734375,2,1,6,211,64
L4_W64_H4,1,validation:d4:t2:paligned:tree211:i40003,4,4,11,aligned,1,4,validation,-0.04874420166015625,2,0,6,211,64
L4_W64_H4,0,validation:d4:t2:paligned:tree211:i40004,4,4,11,aligned,0,4,validation,-0.010677337646484375,2,0,6,211,64
L4_W64_H4,0,validation:d4:t2:paligned:tree211:i40005,4,4,11,aligned,1,4,validation,-0.056941986083984375,2,0,6,211,64
L4_W64_H4,1,validation:d4:t2:paligned:tree211:i40006,4,4,11,aligned,0,4,validation,-0.03213310241699219,2,0,6,211,64
L4_W64_H4,1,validation:d4:t2:paligned:tree211:i40007,4,4,11,aligned,1,4,validation,-0.06595420837402344,2,0,6,211,64
L4_W64_H4,0,validation:d4:t2:paligned:tree211:i40008,4,4,11,aligned,0,4,validation,-0.039287567138671875,2,0,6,211,64
L4_W64_H4,0,validation:d4:t2:paligned:tree211:i40009,4,4,11,aligned,1,4,validation,-0.041889190673828125,2,0,6,211,64
L4_W64_H4,1,validation:d4:t2:paligned:tree211:i40010,4,4,11,aligned,0,4,validation,0.05990409851074219,2,1,6,211,64
L4_W64_H4,1,validation:d4:t2:paligned:tree211:i40011,4,4,11,aligned,1,4,validation,-0.1166534423828125,2,0,6,211,64
L4_W64_H4,0,validation:d4:t2:paligned:tree211:i40012,4,4,11,aligned,0,4,validation,0.024614334106445312,2,1,6,211,64
L4_W64_H4,0,validation:d4:t2:paligned:tree211:i40013,4,4,11,aligned,1,4,validation,0.044841766357421875,2,1,6,211,64
L4_W64_H4,1,validation:d4:t2:paligned:tree211:i40014,4,4,11,aligned,0,4,validation,0.0535736083984375,2,1,6,211,64
L4_W64_H4,1,validation:d4:t2:paligned:tree211:i40015,4,4,11,aligned,1,4,validation,-0.021434783935546875,2,0,6,211,64
L4_W64_H4,0,validation:d4:t2:paligned:tree307:i40000,4,4,11,aligned,0,4,validation,0.07154464721679688,2,1,6,307,64
L4_W64_H4,0,validation:d4:t2:paligned:tree307:i40001,4,4,11,aligned,1,4,validation,0.09480094909667969,2,1,6,307,64
L4_W64_H4,1,validation:d4:t2:paligned:tree307:i40002,4,4,11,aligned,0,4,validation,0.012861251831054688,2,1,6,307,64
L4_W64_H4,1,validation:d4:t2:paligned:tree307:i40003,4,4,11,aligned,1,4,validation,-0.013925552368164062,2,0,6,307,64
L4_W64_H4,0,validation:d4:t2:paligned:tree307:i40004,4,4,11,aligned,0,4,validation,0.14882469177246094,2,1,6,307,64
L4_W64_H4,0,validation:d4:t2:paligned:tree307:i40005,4,4,11,aligned,1,4,validation,0.0353546142578125,2,1,6,307,64
L4_W64_H4,1,validation:d4:t2:paligned:tree307:i40006,4,4,11,aligned,0,4,validation,-0.03760719299316406,2,0,6,307,64
L4_W64_H4,1,validation:d4:t2:paligned:tree307:i40007,4,4,11,aligned,1,4,validation,-0.06057929992675781,2,0,6,307,64
L4_W64_H4,0,validation:d4:t2:paligned:tree307:i40008,4,4,11,aligned,0,4,validation,0.0120849609375,2,1,6,307,64
L4_W64_H4,0,validation:d4:t2:paligned:tree307:i40009,4,4,11,aligned,1,4,validation,-0.0360107421875,2,0,6,307,64
L4_W64_H4,1,validation:d4:t2:paligned:tree307:i40010,4,4,11,aligned,0,4,validation,-0.012903213500976562,2,0,6,307,64
L4_W64_H4,1,validation:d4:t2:paligned:tree307:i40011,4,4,11,aligned,1,4,validation,0.025829315185546875,2,1,6,307,64
L4_W64_H4,0,validation:d4:t2:paligned:tree307:i40012,4,4,11,aligned,0,4,validation,0.13816070556640625,2,1,6,307,64
L4_W64_H4,0,validation:d4:t2:paligned:tree307:i40013,4,4,11,aligned,1,4,validation,-0.0610504150390625,2,0,6,307,64
L4_W64_H4,1,validation:d4:t2:paligned:tree307:i40014,4,4,11,aligned,0,4,validation,0.05280494689941406,2,1,6,307,64
L4_W64_H4,1,validation:d4:t2:paligned:tree307:i40015,4,4,11,aligned,1,4,validation,-0.00592803955078125,2,0,6,307,64
L4_W64_H4,0,validation:d4:t2:prandomized:tree101:i40000,4,4,11,randomized,0,4,validation,0.022312164306640625,2,1,6,101,64
L4_W64_H4,1,validation:d4:t2:prandomized:tree101:i40011,4,4,11,randomized,1,4,validation,-0.064483642578125,2,0,6,101,64
L4_W64_H4,1,validation:d4:t2:prandomized:tree211:i40006,4,4,11,randomized,0,4,validation,-0.03213310241699219,2,0,6,211,64
L4_W64_H4,1,validation:d4:t2:prandomized:tree211:i40014,4,4,11,randomized,0,4,validation,0.0535736083984375,2,1,6,211,64
L4_W64_H4,0,validation:d4:t2:prandomized:tree307:i40008,4,4,11,randomized,0,4,validation,0.0120849609375,2,1,6,307,64
L4_W64_H4,0,validation:d4:t2:prandomized:tree307:i40009,4,4,11,randomized,1,4,validation,-0.0360107421875,2,0,6,307,64
L4_W64_H4,1,validation:d4:t2:prandomized:tree307:i40015,4,4,11,randomized,1,4,validation,-0.00592803955078125,2,0,6,307,64
L4_W64_H4,0,validation:d4:t3:paligned:tree101:i40000,4,4,11,aligned,0,4,validation,0.020341873168945312,3,1,6,101,64
L4_W64_H4,0,validation:d4:t3:paligned:tree101:i40001,4,4,11,aligned,1,4,validation,-0.07050514221191406,3,0,6,101,64
L4_W64_H4,1,validation:d4:t3:paligned:tree101:i40002,4,4,11,aligned,0,4,validation,-0.013990402221679688,3,0,6,101,64
L4_W64_H4,1,validation:d4:t3:paligned:tree101:i40003,4,4,11,aligned,1,4,validation,0.0323638916015625,3,1,6,101,64
L4_W64_H4,0,validation:d4:t3:paligned:tree101:i40004,4,4,11,aligned,0,4,validation,0.024656295776367188,3,1,6,101,64
L4_W64_H4,0,validation:d4:t3:paligned:tree101:i40005,4,4,11,aligned,1,4,validation,0.032970428466796875,3,1,6,101,64
L4_W64_H4,1,validation:d4:t3:paligned:tree101:i40006,4,4,11,aligned,0,4,validation,0.054965972900390625,3,1,6,101,64
L4_W64_H4,1,validation:d4:t3:paligned:tree101:i40007,4,4,11,aligned,1,4,validation,-0.03312492370605469,3,0,6,101,64
L4_W64_H4,0,validation:d4:t3:paligned:tree101:i40008,4,4,11,aligned,0,4,validation,-0.02679443359375,3,0,6,101,64
L4_W64_H4,0,validation:d4:t3:paligned:tree101:i40009,4,4,11,aligned,1,4,validation,0.011697769165039062,3,1,6,101,64
L4_W64_H4,1,validation:d4:t3:paligned:tree101:i40010,4,4,11,aligned,0,4,validation,0.028982162475585938,3,1,6,101,64
L4_W64_H4,1,validation:d4:t3:paligned:tree101:i40011,4,4,11,aligned,1,4,validation,-0.06327438354492188,3,0,6,101,64
L4_W64_H4,0,validation:d4:t3:paligned:tree101:i40012,4,4,11,aligned,0,4,validation,0.09026908874511719,3,1,6,101,64
L4_W64_H4,0,validation:d4:t3:paligned:tree101:i40013,4,4,11,aligned,1,4,validation,-0.05730438232421875,3,0,6,101,64
L4_W64_H4,1,validation:d4:t3:paligned:tree101:i40014,4,4,11,aligned,0,4,validation,0.001567840576171875,3,1,6,101,64
L4_W64_H4,1,validation:d4:t3:paligned:tree101:i40015,4,4,11,aligned,1,4,validation,-0.08028221130371094,3,0,6,101,64
L4_W64_H4,0,validation:d4:t3:paligned:tree211:i40000,4,4,11,aligned,0,4,validation,0.06593704223632812,3,1,6,211,64
L4_W64_H4,0,validation:d4:t3:paligned:tree211:i40001,4,4,11,aligned,1,4,validation,-0.04145622253417969,3,0,6,211,64
L4_W64_H4,1,validation:d4:t3:paligned:tree211:i40002,4,4,11,aligned,0,4,validation,0.04668617248535156,3,1,6,211,64
L4_W64_H4,1,validation:d4:t3:paligned:tree211:i40003,4,4,11,aligned,1,4,validation,-0.0472412109375,3,0,6,211,64
L4_W64_H4,0,validation:d4:t3:paligned:tree211:i40004,4,4,11,aligned,0,4,validation,-0.010309219360351562,3,0,6,211,64
L4_W64_H4,0,validation:d4:t3:paligned:tree211:i40005,4,4,11,aligned,1,4,validation,-0.05825614929199219,3,0,6,211,64
L4_W64_H4,1,validation:d4:t3:paligned:tree211:i40006,4,4,11,aligned,0,4,validation,-0.030950546264648438,3,0,6,211,64
L4_W64_H4,1,validation:d4:t3:paligned:tree211:i40007,4,4,11,aligned,1,4,validation,-0.05975341796875,3,0,6,211,64
L4_W64_H4,0,validation:d4:t3:paligned:tree211:i40008,4,4,11,aligned,0,4,validation,-0.045047760009765625,3,0,6,211,64
L4_W64_H4,0,validation:d4:t3:paligned:tree211:i40009,4,4,11,aligned,1,4,validation,-0.033443450927734375,3,0,6,211,64
L4_W64_H4,1,validation:d4:t3:paligned:tree211:i40010,4,4,11,aligned,0,4,validation,0.058841705322265625,3,1,6,211,64
L4_W64_H4,1,validation:d4:t3:paligned:tree211:i40011,4,4,11,aligned,1,4,validation,-0.11212539672851562,3,0,6,211,64
L4_W64_H4,0,validation:d4:t3:paligned:tree211:i40012,4,4,11,aligned,0,4,validation,0.023586273193359375,3,1,6,211,64
L4_W64_H4,0,validation:d4:t3:paligned:tree211:i40013,4,4,11,aligned,1,4,validation,0.048267364501953125,3,1,6,211,64
L4_W64_H4,1,validation:d4:t3:paligned:tree211:i40014,4,4,11,aligned,0,4,validation,0.05261421203613281,3,1,6,211,64
L4_W64_H4,1,validation:d4:t3:paligned:tree211:i40015,4,4,11,aligned,1,4,validation,-0.01929473876953125,3,0,6,211,64
L4_W64_H4,0,validation:d4:t3:paligned:tree307:i40000,4,4,11,aligned,0,4,validation,0.07094383239746094,3,1,6,307,64
L4_W64_H4,0,validation:d4:t3:paligned:tree307:i40001,4,4,11,aligned,1,4,validation,0.10142135620117188,3,1,6,307,64
L4_W64_H4,1,validation:d4:t3:paligned:tree307:i40002,4,4,11,aligned,0,4,validation,0.014039993286132812,3,1,6,307,64
L4_W64_H4,1,validation:d4:t3:paligned:tree307:i40003,4,4,11,aligned,1,4,validation,-0.015422821044921875,3,0,6,307,64
L4_W64_H4,0,validation:d4:t3:paligned:tree307:i40004,4,4,11,aligned,0,4,validation,0.14607810974121094,3,1,6,307,64
L4_W64_H4,0,validation:d4:t3:paligned:tree307:i40005,4,4,11,aligned,1,4,validation,0.03780364990234375,3,1,6,307,64
L4_W64_H4,1,validation:d4:t3:paligned:tree307:i40006,4,4,11,aligned,0,4,validation,-0.039722442626953125,3,0,6,307,64
L4_W64_H4,1,validation:d4:t3:paligned:tree307:i40007,4,4,11,aligned,1,4,validation,-0.060932159423828125,3,0,6,307,64
L4_W64_H4,0,validation:d4:t3:paligned:tree307:i40008,4,4,11,aligned,0,4,validation,0.011034011840820312,3,1,6,307,64
L4_W64_H4,0,validation:d4:t3:paligned:tree307:i40009,4,4,11,aligned,1,4,validation,-0.03662681579589844,3,0,6,307,64
L4_W64_H4,1,validation:d4:t3:paligned:tree307:i40010,4,4,11,aligned,0,4,validation,-0.012613296508789062,3,0,6,307,64
L4_W64_H4,1,validation:d4:t3:paligned:tree307:i40011,4,4,11,aligned,1,4,validation,0.023593902587890625,3,1,6,307,64
L4_W64_H4,0,validation:d4:t3:paligned:tree307:i40012,4,4,11,aligned,0,4,validation,0.1373291015625,3,1,6,307,64
L4_W64_H4,0,validation:d4:t3:paligned:tree307:i40013,4,4,11,aligned,1,4,validation,-0.06082344055175781,3,0,6,307,64
L4_W64_H4,1,validation:d4:t3:paligned:tree307:i40014,4,4,11,aligned,0,4,validation,0.052806854248046875,3,1,6,307,64
L4_W64_H4,1,validation:d4:t3:paligned:tree307:i40015,4,4,11,aligned,1,4,validation,-0.0043811798095703125,3,0,6,307,64
L4_W64_H4,0,validation:d4:t3:prandomized:tree101:i40000,4,4,11,randomized,0,4,validation,0.020341873168945312,3,1,6,101,64
L4_W64_H4,1,validation:d4:t3:prandomized:tree101:i40011,4,4,11,randomized,1,4,validation,-0.06327438354492188,3,0,6,101,64
L4_W64_H4,1,validation:d4:t3:prandomized:tree211:i40006,4,4,11,randomized,0,4,validation,-0.030950546264648438,3,0,6,211,64
L4_W64_H4,1,validation:d4:t3:prandomized:tree211:i40014,4,4,11,randomized,0,4,validation,0.05261421203613281,3,1,6,211,64
L4_W64_H4,0,validation:d4:t3:prandomized:tree307:i40008,4,4,11,randomized,0,4,validation,0.011034011840820312,3,1,6,307,64
L4_W64_H4,0,validation:d4:t3:prandomized:tree307:i40009,4,4,11,randomized,1,4,validation,-0.03662681579589844,3,0,6,307,64
L4_W64_H4,1,validation:d4:t3:prandomized:tree307:i40015,4,4,11,randomized,1,4,validation,-0.0043811798095703125,3,0,6,307,64
L4_W64_H4,0,test:d3:t0:prandomized:tree101:i30004,4,4,11,randomized,0,3,test,-0.010669708251953125,0,0,5,101,64
L4_W64_H4,1,test:d3:t0:prandomized:tree101:i30007,4,4,11,randomized,1,3,test,-0.09914970397949219,0,0,5,101,64
L4_W64_H4,0,test:d3:t0:prandomized:tree211:i30012,4,4,11,randomized,0,3,test,0.020303726196289062,0,1,5,211,64
L4_W64_H4,0,test:d3:t0:prandomized:tree307:i30005,4,4,11,randomized,1,3,test,-0.10884857177734375,0,0,5,307,64
L4_W64_H4,0,test:d3:t0:prandomized:tree307:i30012,4,4,11,randomized,0,3,test,0.06048774719238281,0,1,5,307,64
L4_W64_H4,1,test:d3:t0:prandomized:tree307:i30014,4,4,11,randomized,0,3,test,-0.09097480773925781,0,0,5,307,64
L4_W64_H4,0,test:d3:t1:prandomized:tree101:i30004,4,4,11,randomized,0,3,test,-0.010509490966796875,1,0,5,101,64
L4_W64_H4,1,test:d3:t1:prandomized:tree101:i30007,4,4,11,randomized,1,3,test,-0.0967559814453125,1,0,5,101,64
L4_W64_H4,0,test:d3:t1:prandomized:tree211:i30012,4,4,11,randomized,0,3,test,0.020660400390625,1,1,5,211,64
L4_W64_H4,0,test:d3:t1:prandomized:tree307:i30005,4,4,11,randomized,1,3,test,-0.10172271728515625,1,0,5,307,64
L4_W64_H4,0,test:d3:t1:prandomized:tree307:i30012,4,4,11,randomized,0,3,test,0.0630950927734375,1,1,5,307,64
L4_W64_H4,1,test:d3:t1:prandomized:tree307:i30014,4,4,11,randomized,0,3,test,-0.09046745300292969,1,0,5,307,64
L4_W64_H4,1,test:d3:t2:prandomized:tree101:i30010,4,4,11,randomized,0,3,test,0.06940650939941406,2,1,5,101,64
L4_W64_H4,1,test:d3:t2:prandomized:tree101:i30015,4,4,11,randomized,1,3,test,-0.03323173522949219,2,0,5,101,64
L4_W64_H4,1,test:d3:t2:prandomized:tree211:i30007,4,4,11,randomized,1,3,test,0.050952911376953125,2,1,5,211,64
L4_W64_H4,0,test:d3:t2:prandomized:tree211:i30013,4,4,11,randomized,1,3,test,0.06934356689453125,2,1,5,211,64
L4_W64_H4,1,test:d3:t2:prandomized:tree211:i30014,4,4,11,randomized,0,3,test,-0.08832740783691406,2,0,5,211,64
L4_W64_H4,0,test:d3:t2:prandomized:tree307:i30005,4,4,11,randomized,1,3,test,-0.10256767272949219,2,0,5,307,64
L4_W64_H4,1,test:d3:t2:prandomized:tree307:i30007,4,4,11,randomized,1,3,test,-0.001483917236328125,2,0,5,307,64
L4_W64_H4,0,test:d3:t2:prandomized:tree307:i30012,4,4,11,randomized,0,3,test,0.06328773498535156,2,1,5,307,64
L4_W64_H4,1,test:d3:t3:prandomized:tree101:i30010,4,4,11,randomized,0,3,test,0.06773185729980469,3,1,5,101,64
L4_W64_H4,1,test:d3:t3:prandomized:tree101:i30015,4,4,11,randomized,1,3,test,-0.03314018249511719,3,0,5,101,64
L4_W64_H4,1,test:d3:t3:prandomized:tree211:i30007,4,4,11,randomized,1,3,test,0.04710197448730469,3,1,5,211,64
L4_W64_H4,0,test:d3:t3:prandomized:tree211:i30013,4,4,11,randomized,1,3,test,0.06706809997558594,3,1,5,211,64
L4_W64_H4,1,test:d3:t3:prandomized:tree211:i30014,4,4,11,randomized,0,3,test,-0.09015464782714844,3,0,5,211,64
L4_W64_H4,0,test:d3:t3:prandomized:tree307:i30005,4,4,11,randomized,1,3,test,-0.10476303100585938,3,0,5,307,64
L4_W64_H4,1,test:d3:t3:prandomized:tree307:i30007,4,4,11,randomized,1,3,test,-0.004917144775390625,3,0,5,307,64
L4_W64_H4,0,test:d3:t3:prandomized:tree307:i30012,4,4,11,randomized,0,3,test,0.06381607055664062,3,1,5,307,64
L4_W64_H4,0,test:d4:t0:paligned:tree101:i40000,4,4,11,aligned,0,4,test,-0.025449752807617188,0,0,6,101,64
L4_W64_H4,0,test:d4:t0:paligned:tree101:i40001,4,4,11,aligned,1,4,test,-0.041561126708984375,0,0,6,101,64
L4_W64_H4,1,test:d4:t0:paligned:tree101:i40002,4,4,11,aligned,0,4,test,0.09782981872558594,0,1,6,101,64
L4_W64_H4,1,test:d4:t0:paligned:tree101:i40003,4,4,11,aligned,1,4,test,-0.03684806823730469,0,0,6,101,64
L4_W64_H4,0,test:d4:t0:paligned:tree101:i40004,4,4,11,aligned,0,4,test,-0.035945892333984375,0,0,6,101,64
L4_W64_H4,0,test:d4:t0:paligned:tree101:i40005,4,4,11,aligned,1,4,test,-0.00708770751953125,0,0,6,101,64
L4_W64_H4,1,test:d4:t0:paligned:tree101:i40006,4,4,11,aligned,0,4,test,0.06916999816894531,0,1,6,101,64
L4_W64_H4,1,test:d4:t0:paligned:tree101:i40007,4,4,11,aligned,1,4,test,-0.036296844482421875,0,0,6,101,64
L4_W64_H4,0,test:d4:t0:paligned:tree101:i40008,4,4,11,aligned,0,4,test,0.0074615478515625,0,1,6,101,64
L4_W64_H4,0,test:d4:t0:paligned:tree101:i40009,4,4,11,aligned,1,4,test,-0.03900909423828125,0,0,6,101,64
L4_W64_H4,1,test:d4:t0:paligned:tree101:i40010,4,4,11,aligned,0,4,test,0.03538703918457031,0,1,6,101,64
L4_W64_H4,1,test:d4:t0:paligned:tree101:i40011,4,4,11,aligned,1,4,test,-0.027730941772460938,0,0,6,101,64
L4_W64_H4,0,test:d4:t0:paligned:tree101:i40012,4,4,11,aligned,0,4,test,0.081329345703125,0,1,6,101,64
L4_W64_H4,0,test:d4:t0:paligned:tree101:i40013,4,4,11,aligned,1,4,test,0.033298492431640625,0,1,6,101,64
L4_W64_H4,1,test:d4:t0:paligned:tree101:i40014,4,4,11,aligned,0,4,test,0.019407272338867188,0,1,6,101,64
L4_W64_H4,1,test:d4:t0:paligned:tree101:i40015,4,4,11,aligned,1,4,test,-0.09971427917480469,0,0,6,101,64
L4_W64_H4,0,test:d4:t0:paligned:tree211:i40000,4,4,11,aligned,0,4,test,0.04353904724121094,0,1,6,211,64
L4_W64_H4,0,test:d4:t0:paligned:tree211:i40001,4,4,11,aligned,1,4,test,-0.08259773254394531,0,0,6,211,64
L4_W64_H4,1,test:d4:t0:paligned:tree211:i40002,4,4,11,aligned,0,4,test,0.06707572937011719,0,1,6,211,64
L4_W64_H4,1,test:d4:t0:paligned:tree211:i40003,4,4,11,aligned,1,4,test,-0.07201004028320312,0,0,6,211,64
L4_W64_H4,0,test:d4:t0:paligned:tree211:i40004,4,4,11,aligned,0,4,test,0.10192489624023438,0,1,6,211,64
L4_W64_H4,0,test:d4:t0:paligned:tree211:i40005,4,4,11,aligned,1,4,test,-0.02233123779296875,0,0,6,211,64
L4_W64_H4,1,test:d4:t0:paligned:tree211:i40006,4,4,11,aligned,0,4,test,0.07315826416015625,0,1,6,211,64
L4_W64_H4,1,test:d4:t0:paligned:tree211:i40007,4,4,11,aligned,1,4,test,0.028017044067382812,0,1,6,211,64
L4_W64_H4,0,test:d4:t0:paligned:tree211:i40008,4,4,11,aligned,0,4,test,0.013492584228515625,0,1,6,211,64
L4_W64_H4,0,test:d4:t0:paligned:tree211:i40009,4,4,11,aligned,1,4,test,-0.11034202575683594,0,0,6,211,64
L4_W64_H4,1,test:d4:t0:paligned:tree211:i40010,4,4,11,aligned,0,4,test,0.030361175537109375,0,1,6,211,64
L4_W64_H4,1,test:d4:t0:paligned:tree211:i40011,4,4,11,aligned,1,4,test,-0.031642913818359375,0,0,6,211,64
L4_W64_H4,0,test:d4:t0:paligned:tree211:i40012,4,4,11,aligned,0,4,test,0.034191131591796875,0,1,6,211,64
L4_W64_H4,0,test:d4:t0:paligned:tree211:i40013,4,4,11,aligned,1,4,test,-0.0151214599609375,0,0,6,211,64
L4_W64_H4,1,test:d4:t0:paligned:tree211:i40014,4,4,11,aligned,0,4,test,-0.0189056396484375,0,0,6,211,64
L4_W64_H4,1,test:d4:t0:paligned:tree211:i40015,4,4,11,aligned,1,4,test,0.001270294189453125,0,1,6,211,64
L4_W64_H4,0,test:d4:t0:paligned:tree307:i40000,4,4,11,aligned,0,4,test,-0.028217315673828125,0,0,6,307,64
L4_W64_H4,0,test:d4:t0:paligned:tree307:i40001,4,4,11,aligned,1,4,test,-0.03724098205566406,0,0,6,307,64
L4_W64_H4,1,test:d4:t0:paligned:tree307:i40002,4,4,11,aligned,0,4,test,-0.04749298095703125,0,0,6,307,64
L4_W64_H4,1,test:d4:t0:paligned:tree307:i40003,4,4,11,aligned,1,4,test,-0.08152389526367188,0,0,6,307,64
L4_W64_H4,0,test:d4:t0:paligned:tree307:i40004,4,4,11,aligned,0,4,test,-0.013578414916992188,0,0,6,307,64
L4_W64_H4,0,test:d4:t0:paligned:tree307:i40005,4,4,11,aligned,1,4,test,0.03561592102050781,0,1,6,307,64
L4_W64_H4,1,test:d4:t0:paligned:tree307:i40006,4,4,11,aligned,0,4,test,0.011707305908203125,0,1,6,307,64
L4_W64_H4,1,test:d4:t0:paligned:tree307:i40007,4,4,11,aligned,1,4,test,0.06659507751464844,0,1,6,307,64
L4_W64_H4,0,test:d4:t0:paligned:tree307:i40008,4,4,11,aligned,0,4,test,0.009183883666992188,0,1,6,307,64
L4_W64_H4,0,test:d4:t0:paligned:tree307:i40009,4,4,11,aligned,1,4,test,-0.10770034790039062,0,0,6,307,64
L4_W64_H4,1,test:d4:t0:paligned:tree307:i40010,4,4,11,aligned,0,4,test,0.000324249267578125,0,1,6,307,64
L4_W64_H4,1,test:d4:t0:paligned:tree307:i40011,4,4,11,aligned,1,4,test,-0.008617401123046875,0,0,6,307,64
L4_W64_H4,0,test:d4:t0:paligned:tree307:i40012,4,4,11,aligned,0,4,test,-0.0158233642578125,0,0,6,307,64
L4_W64_H4,0,test:d4:t0:paligned:tree307:i40013,4,4,11,aligned,1,4,test,0.05235099792480469,0,1,6,307,64
L4_W64_H4,1,test:d4:t0:paligned:tree307:i40014,4,4,11,aligned,0,4,test,-0.020076751708984375,0,0,6,307,64
L4_W64_H4,1,test:d4:t0:paligned:tree307:i40015,4,4,11,aligned,1,4,test,0.0062274932861328125,0,1,6,307,64
L4_W64_H4,0,test:d4:t0:prandomized:tree307:i40001,4,4,11,randomized,1,4,test,-0.03724098205566406,0,0,6,307,64
L4_W64_H4,1,test:d4:t0:prandomized:tree307:i40003,4,4,11,randomized,1,4,test,-0.08152389526367188,0,0,6,307,64
L4_W64_H4,1,test:d4:t0:prandomized:tree307:i40006,4,4,11,randomized,0,4,test,0.011707305908203125,0,1,6,307,64
L4_W64_H4,1,test:d4:t0:prandomized:tree307:i40011,4,4,11,randomized,1,4,test,-0.008617401123046875,0,0,6,307,64
L4_W64_H4,0,test:d4:t0:prandomized:tree307:i40012,4,4,11,randomized,0,4,test,-0.0158233642578125,0,0,6,307,64
L4_W64_H4,0,test:d4:t1:paligned:tree101:i40000,4,4,11,aligned,0,4,test,-0.02801513671875,1,0,6,101,64
L4_W64_H4,0,test:d4:t1:paligned:tree101:i40001,4,4,11,aligned,1,4,test,-0.04259490966796875,1,0,6,101,64
L4_W64_H4,1,test:d4:t1:paligned:tree101:i40002,4,4,11,aligned,0,4,test,0.09836959838867188,1,1,6,101,64
L4_W64_H4,1,test:d4:t1:paligned:tree101:i40003,4,4,11,aligned,1,4,test,-0.03380012512207031,1,0,6,101,64
L4_W64_H4,0,test:d4:t1:paligned:tree101:i40004,4,4,11,aligned,0,4,test,-0.04022979736328125,1,0,6,101,64
L4_W64_H4,0,test:d4:t1:paligned:tree101:i40005,4,4,11,aligned,1,4,test,-0.0056896209716796875,1,0,6,101,64
L4_W64_H4,1,test:d4:t1:paligned:tree101:i40006,4,4,11,aligned,0,4,test,0.06819915771484375,1,1,6,101,64
L4_W64_H4,1,test:d4:t1:paligned:tree101:i40007,4,4,11,aligned,1,4,test,-0.03217315673828125,1,0,6,101,64
L4_W64_H4,0,test:d4:t1:paligned:tree101:i40008,4,4,11,aligned,0,4,test,0.0054531097412109375,1,1,6,101,64
L4_W64_H4,0,test:d4:t1:paligned:tree101:i40009,4,4,11,aligned,1,4,test,-0.036060333251953125,1,0,6,101,64
L4_W64_H4,1,test:d4:t1:paligned:tree101:i40010,4,4,11,aligned,0,4,test,0.03474998474121094,1,1,6,101,64
L4_W64_H4,1,test:d4:t1:paligned:tree101:i40011,4,4,11,aligned,1,4,test,-0.025909423828125,1,0,6,101,64
L4_W64_H4,0,test:d4:t1:paligned:tree101:i40012,4,4,11,aligned,0,4,test,0.08044052124023438,1,1,6,101,64
L4_W64_H4,0,test:d4:t1:paligned:tree101:i40013,4,4,11,aligned,1,4,test,0.032436370849609375,1,1,6,101,64
L4_W64_H4,1,test:d4:t1:paligned:tree101:i40014,4,4,11,aligned,0,4,test,0.016042709350585938,1,1,6,101,64
L4_W64_H4,1,test:d4:t1:paligned:tree101:i40015,4,4,11,aligned,1,4,test,-0.09733963012695312,1,0,6,101,64
L4_W64_H4,0,test:d4:t1:paligned:tree211:i40000,4,4,11,aligned,0,4,test,0.044292449951171875,1,1,6,211,64
L4_W64_H4,0,test:d4:t1:paligned:tree211:i40001,4,4,11,aligned,1,4,test,-0.08310317993164062,1,0,6,211,64
L4_W64_H4,1,test:d4:t1:paligned:tree211:i40002,4,4,11,aligned,0,4,test,0.06562995910644531,1,1,6,211,64
L4_W64_H4,1,test:d4:t1:paligned:tree211:i40003,4,4,11,aligned,1,4,test,-0.068939208984375,1,0,6,211,64
L4_W64_H4,0,test:d4:t1:paligned:tree211:i40004,4,4,11,aligned,0,4,test,0.10050582885742188,1,1,6,211,64
L4_W64_H4,0,test:d4:t1:paligned:tree211:i40005,4,4,11,aligned,1,4,test,-0.029376983642578125,1,0,6,211,64
L4_W64_H4,1,test:d4:t1:paligned:tree211:i40006,4,4,11,aligned,0,4,test,0.06946182250976562,1,1,6,211,64
L4_W64_H4,1,test:d4:t1:paligned:tree211:i40007,4,4,11,aligned,1,4,test,0.028799057006835938,1,1,6,211,64
L4_W64_H4,0,test:d4:t1:paligned:tree211:i40008,4,4,11,aligned,0,4,test,0.008226394653320312,1,1,6,211,64
L4_W64_H4,0,test:d4:t1:paligned:tree211:i40009,4,4,11,aligned,1,4,test,-0.11016845703125,1,0,6,211,64
L4_W64_H4,1,test:d4:t1:paligned:tree211:i40010,4,4,11,aligned,0,4,test,0.025508880615234375,1,1,6,211,64
L4_W64_H4,1,test:d4:t1:paligned:tree211:i40011,4,4,11,aligned,1,4,test,-0.029073715209960938,1,0,6,211,64
L4_W64_H4,0,test:d4:t1:paligned:tree211:i40012,4,4,11,aligned,0,4,test,0.029872894287109375,1,1,6,211,64
L4_W64_H4,0,test:d4:t1:paligned:tree211:i40013,4,4,11,aligned,1,4,test,-0.01699066162109375,1,0,6,211,64
L4_W64_H4,1,test:d4:t1:paligned:tree211:i40014,4,4,11,aligned,0,4,test,-0.0226287841796875,1,0,6,211,64
L4_W64_H4,1,test:d4:t1:paligned:tree211:i40015,4,4,11,aligned,1,4,test,0.0038909912109375,1,1,6,211,64
L4_W64_H4,0,test:d4:t1:paligned:tree307:i40000,4,4,11,aligned,0,4,test,-0.03521156311035156,1,0,6,307,64
L4_W64_H4,0,test:d4:t1:paligned:tree307:i40001,4,4,11,aligned,1,4,test,-0.034923553466796875,1,0,6,307,64
L4_W64_H4,1,test:d4:t1:paligned:tree307:i40002,4,4,11,aligned,0,4,test,-0.04692840576171875,1,0,6,307,64
L4_W64_H4,1,test:d4:t1:paligned:tree307:i40003,4,4,11,aligned,1,4,test,-0.0743865966796875,1,0,6,307,64
L4_W64_H4,0,test:d4:t1:paligned:tree307:i40004,4,4,11,aligned,0,4,test,-0.0102386474609375,1,0,6,307,64
L4_W64_H4,0,test:d4:t1:paligned:tree307:i40005,4,4,11,aligned,1,4,test,0.03572845458984375,1,1,6,307,64
L4_W64_H4,1,test:d4:t1:paligned:tree307:i40006,4,4,11,aligned,0,4,test,0.006229400634765625,1,1,6,307,64
L4_W64_H4,1,test:d4:t1:paligned:tree307:i40007,4,4,11,aligned,1,4,test,0.06715583801269531,1,1,6,307,64
L4_W64_H4,0,test:d4:t1:paligned:tree307:i40008,4,4,11,aligned,0,4,test,0.0056781768798828125,1,1,6,307,64
L4_W64_H4,0,test:d4:t1:paligned:tree307:i40009,4,4,11,aligned,1,4,test,-0.10711860656738281,1,0,6,307,64
L4_W64_H4,1,test:d4:t1:paligned:tree307:i40010,4,4,11,aligned,0,4,test,-0.003597259521484375,1,0,6,307,64
L4_W64_H4,1,test:d4:t1:paligned:tree307:i40011,4,4,11,aligned,1,4,test,-0.008296966552734375,1,0,6,307,64
L4_W64_H4,0,test:d4:t1:paligned:tree307:i40012,4,4,11,aligned,0,4,test,-0.020671844482421875,1,0,6,307,64
L4_W64_H4,0,test:d4:t1:paligned:tree307:i40013,4,4,11,aligned,1,4,test,0.060222625732421875,1,1,6,307,64
L4_W64_H4,1,test:d4:t1:paligned:tree307:i40014,4,4,11,aligned,0,4,test,-0.020063400268554688,1,0,6,307,64
L4_W64_H4,1,test:d4:t1:paligned:tree307:i40015,4,4,11,aligned,1,4,test,0.009870529174804688,1,1,6,307,64
L4_W64_H4,0,test:d4:t1:prandomized:tree307:i40001,4,4,11,randomized,1,4,test,-0.034923553466796875,1,0,6,307,64
L4_W64_H4,1,test:d4:t1:prandomized:tree307:i40003,4,4,11,randomized,1,4,test,-0.0743865966796875,1,0,6,307,64
L4_W64_H4,1,test:d4:t1:prandomized:tree307:i40006,4,4,11,randomized,0,4,test,0.006229400634765625,1,1,6,307,64
L4_W64_H4,1,test:d4:t1:prandomized:tree307:i40011,4,4,11,randomized,1,4,test,-0.008296966552734375,1,0,6,307,64
L4_W64_H4,0,test:d4:t1:prandomized:tree307:i40012,4,4,11,randomized,0,4,test,-0.020671844482421875,1,0,6,307,64
L4_W64_H4,0,test:d4:t2:paligned:tree101:i40000,4,4,11,aligned,0,4,test,-0.02681732177734375,2,0,6,101,64
L4_W64_H4,0,test:d4:t2:paligned:tree101:i40001,4,4,11,aligned,1,4,test,-0.04491233825683594,2,0,6,101,64
L4_W64_H4,1,test:d4:t2:paligned:tree101:i40002,4,4,11,aligned,0,4,test,0.09852790832519531,2,1,6,101,64
L4_W64_H4,1,test:d4:t2:paligned:tree101:i40003,4,4,11,aligned,1,4,test,-0.03635406494140625,2,0,6,101,64
L4_W64_H4,0,test:d4:t2:paligned:tree101:i40004,4,4,11,aligned,0,4,test,-0.03724098205566406,2,0,6,101,64
L4_W64_H4,0,test:d4:t2:paligned:tree101:i40005,4,4,11,aligned,1,4,test,-0.011325836181640625,2,0,6,101,64
L4_W64_H4,1,test:d4:t2:paligned:tree101:i40006,4,4,11,aligned,0,4,test,0.06956672668457031,2,1,6,101,64
L4_W64_H4,1,test:d4:t2:paligned:tree101:i40007,4,4,11,aligned,1,4,test,-0.03639030456542969,2,0,6,101,64
L4_W64_H4,0,test:d4:t2:paligned:tree101:i40008,4,4,11,aligned,0,4,test,0.009553909301757812,2,1,6,101,64
L4_W64_H4,0,test:d4:t2:paligned:tree101:i40009,4,4,11,aligned,1,4,test,-0.04516410827636719,2,0,6,101,64
L4_W64_H4,1,test:d4:t2:paligned:tree101:i40010,4,4,11,aligned,0,4,test,0.03497123718261719,2,1,6,101,64
L4_W64_H4,1,test:d4:t2:paligned:tree101:i40011,4,4,11,aligned,1,4,test,-0.028564453125,2,0,6,101,64
L4_W64_H4,0,test:d4:t2:paligned:tree101:i40012,4,4,11,aligned,0,4,test,0.08193778991699219,2,1,6,101,64
L4_W64_H4,0,test:d4:t2:paligned:tree101:i40013,4,4,11,aligned,1,4,test,0.031291961669921875,2,1,6,101,64
L4_W64_H4,1,test:d4:t2:paligned:tree101:i40014,4,4,11,aligned,0,4,test,0.019651412963867188,2,1,6,101,64
L4_W64_H4,1,test:d4:t2:paligned:tree101:i40015,4,4,11,aligned,1,4,test,-0.1016387939453125,2,0,6,101,64
L4_W64_H4,0,test:d4:t2:paligned:tree211:i40000,4,4,11,aligned,0,4,test,0.04577827453613281,2,1,6,211,64
L4_W64_H4,0,test:d4:t2:paligned:tree211:i40001,4,4,11,aligned,1,4,test,-0.08426284790039062,2,0,6,211,64
L4_W64_H4,1,test:d4:t2:paligned:tree211:i40002,4,4,11,aligned,0,4,test,0.06745719909667969,2,1,6,211,64
L4_W64_H4,1,test:d4:t2:paligned:tree211:i40003,4,4,11,aligned,1,4,test,-0.07613372802734375,2,0,6,211,64
L4_W64_H4,0,test:d4:t2:paligned:tree211:i40004,4,4,11,aligned,0,4,test,0.10390472412109375,2,1,6,211,64
L4_W64_H4,0,test:d4:t2:paligned:tree211:i40005,4,4,11,aligned,1,4,test,-0.013856887817382812,2,0,6,211,64
L4_W64_H4,1,test:d4:t2:paligned:tree211:i40006,4,4,11,aligned,0,4,test,0.07255363464355469,2,1,6,211,64
L4_W64_H4,1,test:d4:t2:paligned:tree211:i40007,4,4,11,aligned,1,4,test,0.020868301391601562,2,1,6,211,64
L4_W64_H4,0,test:d4:t2:paligned:tree211:i40008,4,4,11,aligned,0,4,test,0.01314544677734375,2,1,6,211,64
L4_W64_H4,0,test:d4:t2:paligned:tree211:i40009,4,4,11,aligned,1,4,test,-0.10980033874511719,2,0,6,211,64
L4_W64_H4,1,test:d4:t2:paligned:tree211:i40010,4,4,11,aligned,0,4,test,0.029972076416015625,2,1,6,211,64
L4_W64_H4,1,test:d4:t2:paligned:tree211:i40011,4,4,11,aligned,1,4,test,-0.03523063659667969,2,0,6,211,64
L4_W64_H4,0,test:d4:t2:paligned:tree211:i40012,4,4,11,aligned,0,4,test,0.03541374206542969,2,1,6,211,64
L4_W64_H4,0,test:d4:t2:paligned:tree211:i40013,4,4,11,aligned,1,4,test,-0.016572952270507812,2,0,6,211,64
L4_W64_H4,1,test:d4:t2:paligned:tree211:i40014,4,4,11,aligned,0,4,test,-0.022169113159179688,2,0,6,211,64
L4_W64_H4,1,test:d4:t2:paligned:tree211:i40015,4,4,11,aligned,1,4,test,0.0017375946044921875,2,1,6,211,64
L4_W64_H4,0,test:d4:t2:paligned:tree307:i40000,4,4,11,aligned,0,4,test,-0.03183746337890625,2,0,6,307,64
L4_W64_H4,0,test:d4:t2:paligned:tree307:i40001,4,4,11,aligned,1,4,test,-0.03682518005371094,2,0,6,307,64
L4_W64_H4,1,test:d4:t2:paligned:tree307:i40002,4,4,11,aligned,0,4,test,-0.04763984680175781,2,0,6,307,64
L4_W64_H4,1,test:d4:t2:paligned:tree307:i40003,4,4,11,aligned,1,4,test,-0.07551002502441406,2,0,6,307,64
L4_W64_H4,0,test:d4:t2:paligned:tree307:i40004,4,4,11,aligned,0,4,test,-0.015911102294921875,2,0,6,307,64
L4_W64_H4,0,test:d4:t2:paligned:tree307:i40005,4,4,11,aligned,1,4,test,0.031982421875,2,1,6,307,64
L4_W64_H4,1,test:d4:t2:paligned:tree307:i40006,4,4,11,aligned,0,4,test,0.0128326416015625,2,1,6,307,64
L4_W64_H4,1,test:d4:t2:paligned:tree307:i40007,4,4,11,aligned,1,4,test,0.06297683715820312,2,1,6,307,64
L4_W64_H4,0,test:d4:t2:paligned:tree307:i40008,4,4,11,aligned,0,4,test,0.010354995727539062,2,1,6,307,64
L4_W64_H4,0,test:d4:t2:paligned:tree307:i40009,4,4,11,aligned,1,4,test,-0.10928726196289062,2,0,6,307,64
L4_W64_H4,1,test:d4:t2:paligned:tree307:i40010,4,4,11,aligned,0,4,test,0.0015659332275390625,2,1,6,307,64
L4_W64_H4,1,test:d4:t2:paligned:tree307:i40011,4,4,11,aligned,1,4,test,-0.006328582763671875,2,0,6,307,64
L4_W64_H4,0,test:d4:t2:paligned:tree307:i40012,4,4,11,aligned,0,4,test,-0.0141754150390625,2,0,6,307,64
L4_W64_H4,0,test:d4:t2:paligned:tree307:i40013,4,4,11,aligned,1,4,test,0.05267524719238281,2,1,6,307,64
L4_W64_H4,1,test:d4:t2:paligned:tree307:i40014,4,4,11,aligned,0,4,test,-0.022413253784179688,2,0,6,307,64
L4_W64_H4,1,test:d4:t2:paligned:tree307:i40015,4,4,11,aligned,1,4,test,0.0064411163330078125,2,1,6,307,64
L4_W64_H4,0,test:d4:t2:prandomized:tree101:i40000,4,4,11,randomized,0,4,test,-0.02681732177734375,2,0,6,101,64
L4_W64_H4,1,test:d4:t2:prandomized:tree101:i40011,4,4,11,randomized,1,4,test,-0.028564453125,2,0,6,101,64
L4_W64_H4,1,test:d4:t2:prandomized:tree211:i40006,4,4,11,randomized,0,4,test,0.07255363464355469,2,1,6,211,64
L4_W64_H4,1,test:d4:t2:prandomized:tree211:i40014,4,4,11,randomized,0,4,test,-0.022169113159179688,2,0,6,211,64
L4_W64_H4,0,test:d4:t2:prandomized:tree307:i40008,4,4,11,randomized,0,4,test,0.010354995727539062,2,1,6,307,64
L4_W64_H4,0,test:d4:t2:prandomized:tree307:i40009,4,4,11,randomized,1,4,test,-0.10928916931152344,2,0,6,307,64
L4_W64_H4,1,test:d4:t2:prandomized:tree307:i40015,4,4,11,randomized,1,4,test,0.0064411163330078125,2,1,6,307,64
L4_W64_H4,0,test:d4:t3:paligned:tree101:i40000,4,4,11,aligned,0,4,test,-0.030361175537109375,3,0,6,101,64
L4_W64_H4,0,test:d4:t3:paligned:tree101:i40001,4,4,11,aligned,1,4,test,-0.04195404052734375,3,0,6,101,64
L4_W64_H4,1,test:d4:t3:paligned:tree101:i40002,4,4,11,aligned,0,4,test,0.09946823120117188,3,1,6,101,64
L4_W64_H4,1,test:d4:t3:paligned:tree101:i40003,4,4,11,aligned,1,4,test,-0.035125732421875,3,0,6,101,64
L4_W64_H4,0,test:d4:t3:paligned:tree101:i40004,4,4,11,aligned,0,4,test,-0.041500091552734375,3,0,6,101,64
L4_W64_H4,0,test:d4:t3:paligned:tree101:i40005,4,4,11,aligned,1,4,test,-0.0026645660400390625,3,0,6,101,64
L4_W64_H4,1,test:d4:t3:paligned:tree101:i40006,4,4,11,aligned,0,4,test,0.06521415710449219,3,1,6,101,64
L4_W64_H4,1,test:d4:t3:paligned:tree101:i40007,4,4,11,aligned,1,4,test,-0.03330802917480469,3,0,6,101,64
L4_W64_H4,0,test:d4:t3:paligned:tree101:i40008,4,4,11,aligned,0,4,test,0.0043582916259765625,3,1,6,101,64
L4_W64_H4,0,test:d4:t3:paligned:tree101:i40009,4,4,11,aligned,1,4,test,-0.0367279052734375,3,0,6,101,64
L4_W64_H4,1,test:d4:t3:paligned:tree101:i40010,4,4,11,aligned,0,4,test,0.033420562744140625,3,1,6,101,64
L4_W64_H4,1,test:d4:t3:paligned:tree101:i40011,4,4,11,aligned,1,4,test,-0.02559661865234375,3,0,6,101,64
L4_W64_H4,0,test:d4:t3:paligned:tree101:i40012,4,4,11,aligned,0,4,test,0.07796096801757812,3,1,6,101,64
L4_W64_H4,0,test:d4:t3:paligned:tree101:i40013,4,4,11,aligned,1,4,test,0.03283882141113281,3,1,6,101,64
L4_W64_H4,1,test:d4:t3:paligned:tree101:i40014,4,4,11,aligned,0,4,test,0.016693115234375,3,1,6,101,64
L4_W64_H4,1,test:d4:t3:paligned:tree101:i40015,4,4,11,aligned,1,4,test,-0.09807968139648438,3,0,6,101,64
L4_W64_H4,0,test:d4:t3:paligned:tree211:i40000,4,4,11,aligned,0,4,test,0.04085731506347656,3,1,6,211,64
L4_W64_H4,0,test:d4:t3:paligned:tree211:i40001,4,4,11,aligned,1,4,test,-0.08315658569335938,3,0,6,211,64
L4_W64_H4,1,test:d4:t3:paligned:tree211:i40002,4,4,11,aligned,0,4,test,0.0661468505859375,3,1,6,211,64
L4_W64_H4,1,test:d4:t3:paligned:tree211:i40003,4,4,11,aligned,1,4,test,-0.06976127624511719,3,0,6,211,64
L4_W64_H4,0,test:d4:t3:paligned:tree211:i40004,4,4,11,aligned,0,4,test,0.10083389282226562,3,1,6,211,64
L4_W64_H4,0,test:d4:t3:paligned:tree211:i40005,4,4,11,aligned,1,4,test,-0.017475128173828125,3,0,6,211,64
L4_W64_H4,1,test:d4:t3:paligned:tree211:i40006,4,4,11,aligned,0,4,test,0.07166671752929688,3,1,6,211,64
L4_W64_H4,1,test:d4:t3:paligned:tree211:i40007,4,4,11,aligned,1,4,test,0.029508590698242188,3,1,6,211,64
L4_W64_H4,0,test:d4:t3:paligned:tree211:i40008,4,4,11,aligned,0,4,test,0.011829376220703125,3,1,6,211,64
L4_W64_H4,0,test:d4:t3:paligned:tree211:i40009,4,4,11,aligned,1,4,test,-0.11101150512695312,3,0,6,211,64
L4_W64_H4,1,test:d4:t3:paligned:tree211:i40010,4,4,11,aligned,0,4,test,0.027269363403320312,3,1,6,211,64
L4_W64_H4,1,test:d4:t3:paligned:tree211:i40011,4,4,11,aligned,1,4,test,-0.028882980346679688,3,0,6,211,64
L4_W64_H4,0,test:d4:t3:paligned:tree211:i40012,4,4,11,aligned,0,4,test,0.0285186767578125,3,1,6,211,64
L4_W64_H4,0,test:d4:t3:paligned:tree211:i40013,4,4,11,aligned,1,4,test,-0.019298553466796875,3,0,6,211,64
L4_W64_H4,1,test:d4:t3:paligned:tree211:i40014,4,4,11,aligned,0,4,test,-0.0247802734375,3,0,6,211,64
L4_W64_H4,1,test:d4:t3:paligned:tree211:i40015,4,4,11,aligned,1,4,test,0.001186370849609375,3,1,6,211,64
L4_W64_H4,0,test:d4:t3:paligned:tree307:i40000,4,4,11,aligned,0,4,test,-0.033786773681640625,3,0,6,307,64
L4_W64_H4,0,test:d4:t3:paligned:tree307:i40001,4,4,11,aligned,1,4,test,-0.03374481201171875,3,0,6,307,64
L4_W64_H4,1,test:d4:t3:paligned:tree307:i40002,4,4,11,aligned,0,4,test,-0.04815101623535156,3,0,6,307,64
L4_W64_H4,1,test:d4:t3:paligned:tree307:i40003,4,4,11,aligned,1,4,test,-0.07110595703125,3,0,6,307,64
L4_W64_H4,0,test:d4:t3:paligned:tree307:i40004,4,4,11,aligned,0,4,test,-0.014760971069335938,3,0,6,307,64
L4_W64_H4,0,test:d4:t3:paligned:tree307:i40005,4,4,11,aligned,1,4,test,0.03255462646484375,3,1,6,307,64
L4_W64_H4,1,test:d4:t3:paligned:tree307:i40006,4,4,11,aligned,0,4,test,0.0031642913818359375,3,1,6,307,64
L4_W64_H4,1,test:d4:t3:paligned:tree307:i40007,4,4,11,aligned,1,4,test,0.07149314880371094,3,1,6,307,64
L4_W64_H4,0,test:d4:t3:paligned:tree307:i40008,4,4,11,aligned,0,4,test,0.0074100494384765625,3,1,6,307,64
L4_W64_H4,0,test:d4:t3:paligned:tree307:i40009,4,4,11,aligned,1,4,test,-0.10567855834960938,3,0,6,307,64
L4_W64_H4,1,test:d4:t3:paligned:tree307:i40010,4,4,11,aligned,0,4,test,-0.0028133392333984375,3,0,6,307,64
L4_W64_H4,1,test:d4:t3:paligned:tree307:i40011,4,4,11,aligned,1,4,test,-0.0062618255615234375,3,0,6,307,64
L4_W64_H4,0,test:d4:t3:paligned:tree307:i40012,4,4,11,aligned,0,4,test,-0.019390106201171875,3,0,6,307,64
L4_W64_H4,0,test:d4:t3:paligned:tree307:i40013,4,4,11,aligned,1,4,test,0.059539794921875,3,1,6,307,64
L4_W64_H4,1,test:d4:t3:paligned:tree307:i40014,4,4,11,aligned,0,4,test,-0.022968292236328125,3,0,6,307,64
L4_W64_H4,1,test:d4:t3:paligned:tree307:i40015,4,4,11,aligned,1,4,test,0.008977890014648438,3,1,6,307,64
L4_W64_H4,0,test:d4:t3:prandomized:tree101:i40000,4,4,11,randomized,0,4,test,-0.030361175537109375,3,0,6,101,64
L4_W64_H4,1,test:d4:t3:prandomized:tree101:i40011,4,4,11,randomized,1,4,test,-0.02559661865234375,3,0,6,101,64
L4_W64_H4,1,test:d4:t3:prandomized:tree211:i40006,4,4,11,randomized,0,4,test,0.07166671752929688,3,1,6,211,64
L4_W64_H4,1,test:d4:t3:prandomized:tree211:i40014,4,4,11,randomized,0,4,test,-0.0247802734375,3,0,6,211,64
L4_W64_H4,0,test:d4:t3:prandomized:tree307:i40008,4,4,11,randomized,0,4,test,0.0074100494384765625,3,1,6,307,64
L4_W64_H4,0,test:d4:t3:prandomized:tree307:i40009,4,4,11,randomized,1,4,test,-0.10567665100097656,3,0,6,307,64
L4_W64_H4,1,test:d4:t3:prandomized:tree307:i40015,4,4,11,randomized,1,4,test,0.00897979736328125,3,1,6,307,64
L4_W64_H4,0,validation:d3:t0:prandomized:tree101:i30000,4,4,11,randomized,0,3,validation,0.07917594909667969,0,1,5,101,64
L4_W64_H4,1,validation:d3:t0:prandomized:tree101:i30002,4,4,11,randomized,0,3,validation,0.0077075958251953125,0,1,5,101,64
L4_W64_H4,0,validation:d3:t0:prandomized:tree101:i30005,4,4,11,randomized,1,3,validation,0.00263214111328125,0,1,5,101,64
L4_W64_H4,1,validation:d3:t0:prandomized:tree101:i30010,4,4,11,randomized,0,3,validation,0.07669830322265625,0,1,5,101,64
L4_W64_H4,1,validation:d3:t0:prandomized:tree211:i30003,4,4,11,randomized,1,3,validation,-0.0686187744140625,0,0,5,211,64
L4_W64_H4,0,validation:d3:t0:prandomized:tree211:i30004,4,4,11,randomized,0,3,validation,0.04209327697753906,0,1,5,211,64
L4_W64_H4,0,validation:d3:t0:prandomized:tree307:i30009,4,4,11,randomized,1,3,validation,-0.0008869171142578125,0,0,5,307,64
L4_W64_H4,0,validation:d3:t1:prandomized:tree101:i30000,4,4,11,randomized,0,3,validation,0.07936477661132812,1,1,5,101,64
L4_W64_H4,1,validation:d3:t1:prandomized:tree101:i30002,4,4,11,randomized,0,3,validation,0.0067081451416015625,1,1,5,101,64
L4_W64_H4,0,validation:d3:t1:prandomized:tree101:i30005,4,4,11,randomized,1,3,validation,0.003475189208984375,1,1,5,101,64
L4_W64_H4,1,validation:d3:t1:prandomized:tree101:i30010,4,4,11,randomized,0,3,validation,0.08054351806640625,1,1,5,101,64
L4_W64_H4,1,validation:d3:t1:prandomized:tree211:i30003,4,4,11,randomized,1,3,validation,-0.08589744567871094,1,0,5,211,64
L4_W64_H4,0,validation:d3:t1:prandomized:tree211:i30004,4,4,11,randomized,0,3,validation,0.04276466369628906,1,1,5,211,64
L4_W64_H4,0,validation:d3:t1:prandomized:tree307:i30009,4,4,11,randomized,1,3,validation,-0.0049343109130859375,1,0,5,307,64
L4_W64_H4,1,validation:d3:t2:prandomized:tree101:i30007,4,4,11,randomized,1,3,validation,-0.024448394775390625,2,0,5,101,64
L4_W64_H4,0,validation:d3:t2:prandomized:tree211:i30001,4,4,11,randomized,1,3,validation,-0.045932769775390625,2,0,5,211,64
L4_W64_H4,1,validation:d3:t2:prandomized:tree211:i30003,4,4,11,randomized,1,3,validation,-0.08026313781738281,2,0,5,211,64
L4_W64_H4,1,validation:d3:t2:prandomized:tree211:i30011,4,4,11,randomized,1,3,validation,0.04569816589355469,2,1,5,211,64
L4_W64_H4,1,validation:d3:t3:prandomized:tree101:i30007,4,4,11,randomized,1,3,validation,-0.025186538696289062,3,0,5,101,64
L4_W64_H4,0,validation:d3:t3:prandomized:tree211:i30001,4,4,11,randomized,1,3,validation,-0.047183990478515625,3,0,5,211,64
L4_W64_H4,1,validation:d3:t3:prandomized:tree211:i30003,4,4,11,randomized,1,3,validation,-0.06977272033691406,3,0,5,211,64
L4_W64_H4,1,validation:d3:t3:prandomized:tree211:i30011,4,4,11,randomized,1,3,validation,0.05117034912109375,3,1,5,211,64
L4_W64_H4,0,validation:d4:t0:prandomized:tree101:i40000,4,4,11,randomized,0,4,validation,0.014841079711914062,0,1,6,101,64
L4_W64_H4,1,validation:d4:t0:prandomized:tree101:i40010,4,4,11,randomized,0,4,validation,0.019557952880859375,0,1,6,101,64
L4_W64_H4,1,validation:d4:t0:prandomized:tree101:i40015,4,4,11,randomized,1,4,validation,-0.07979965209960938,0,0,6,101,64
L4_W64_H4,0,validation:d4:t0:prandomized:tree211:i40004,4,4,11,randomized,0,4,validation,-0.012567520141601562,0,0,6,211,64
L4_W64_H4,1,validation:d4:t0:prandomized:tree307:i40010,4,4,11,randomized,0,4,validation,-0.019390106201171875,0,0,6,307,64
L4_W64_H4,0,validation:d4:t1:prandomized:tree101:i40000,4,4,11,randomized,0,4,validation,0.015041351318359375,1,1,6,101,64
L4_W64_H4,1,validation:d4:t1:prandomized:tree101:i40010,4,4,11,randomized,0,4,validation,0.024557113647460938,1,1,6,101,64
L4_W64_H4,1,validation:d4:t1:prandomized:tree101:i40015,4,4,11,randomized,1,4,validation,-0.07825660705566406,1,0,6,101,64
L4_W64_H4,0,validation:d4:t1:prandomized:tree211:i40004,4,4,11,randomized,0,4,validation,-0.012493133544921875,1,0,6,211,64
L4_W64_H4,1,validation:d4:t1:prandomized:tree307:i40010,4,4,11,randomized,0,4,validation,-0.0208587646484375,1,0,6,307,64
L4_W64_H4,0,validation:d4:t2:prandomized:tree101:i40004,4,4,11,randomized,0,4,validation,0.025800704956054688,2,1,6,101,64
L4_W64_H4,0,validation:d4:t2:prandomized:tree101:i40013,4,4,11,randomized,1,4,validation,-0.06359291076660156,2,0,6,101,64
L4_W64_H4,1,validation:d4:t2:prandomized:tree211:i40002,4,4,11,randomized,0,4,validation,0.042736053466796875,2,1,6,211,64
L4_W64_H4,0,validation:d4:t3:prandomized:tree101:i40004,4,4,11,randomized,0,4,validation,0.021337509155273438,3,1,6,101,64
L4_W64_H4,0,validation:d4:t3:prandomized:tree101:i40013,4,4,11,randomized,1,4,validation,-0.056613922119140625,3,0,6,101,64
L4_W64_H4,1,validation:d4:t3:prandomized:tree211:i40002,4,4,11,randomized,0,4,validation,0.04151344299316406,3,1,6,211,64
L4_W64_H4,0,test:d3:t0:prandomized:tree101:i30000,4,4,11,randomized,0,3,test,-0.04800605773925781,0,0,5,101,64
L4_W64_H4,1,test:d3:t0:prandomized:tree101:i30002,4,4,11,randomized,0,3,test,-0.06085777282714844,0,0,5,101,64
L4_W64_H4,0,test:d3:t0:prandomized:tree101:i30005,4,4,11,randomized,1,3,test,0.04222869873046875,0,1,5,101,64
L4_W64_H4,1,test:d3:t0:prandomized:tree101:i30010,4,4,11,randomized,0,3,test,0.06503677368164062,0,1,5,101,64
L4_W64_H4,1,test:d3:t0:prandomized:tree211:i30003,4,4,11,randomized,1,3,test,0.053646087646484375,0,1,5,211,64
L4_W64_H4,0,test:d3:t0:prandomized:tree211:i30004,4,4,11,randomized,0,3,test,-0.047771453857421875,0,0,5,211,64
L4_W64_H4,0,test:d3:t0:prandomized:tree307:i30009,4,4,11,randomized,1,3,test,0.01513671875,0,1,5,307,64
L4_W64_H4,0,test:d3:t1:prandomized:tree101:i30000,4,4,11,randomized,0,3,test,-0.04864692687988281,1,0,5,101,64
L4_W64_H4,1,test:d3:t1:prandomized:tree101:i30002,4,4,11,randomized,0,3,test,-0.057613372802734375,1,0,5,101,64
L4_W64_H4,0,test:d3:t1:prandomized:tree101:i30005,4,4,11,randomized,1,3,test,0.03907585144042969,1,1,5,101,64
L4_W64_H4,1,test:d3:t1:prandomized:tree101:i30010,4,4,11,randomized,0,3,test,0.06585121154785156,1,1,5,101,64
L4_W64_H4,1,test:d3:t1:prandomized:tree211:i30003,4,4,11,randomized,1,3,test,0.04216766357421875,1,1,5,211,64
L4_W64_H4,0,test:d3:t1:prandomized:tree211:i30004,4,4,11,randomized,0,3,test,-0.04568672180175781,1,0,5,211,64
L4_W64_H4,0,test:d3:t1:prandomized:tree307:i30009,4,4,11,randomized,1,3,test,0.016340255737304688,1,1,5,307,64
L4_W64_H4,1,test:d3:t2:prandomized:tree101:i30007,4,4,11,randomized,1,3,test,-0.0970306396484375,2,0,5,101,64
L4_W64_H4,0,test:d3:t2:prandomized:tree211:i30001,4,4,11,randomized,1,3,test,0.04733467102050781,2,1,5,211,64
L4_W64_H4,1,test:d3:t2:prandomized:tree211:i30003,4,4,11,randomized,1,3,test,0.04323005676269531,2,1,5,211,64
L4_W64_H4,1,test:d3:t2:prandomized:tree211:i30011,4,4,11,randomized,1,3,test,0.010232925415039062,2,1,5,211,64
L4_W64_H4,1,test:d3:t3:prandomized:tree101:i30007,4,4,11,randomized,1,3,test,-0.09718513488769531,3,0,5,101,64
L4_W64_H4,0,test:d3:t3:prandomized:tree211:i30001,4,4,11,randomized,1,3,test,0.044891357421875,3,1,5,211,64
L4_W64_H4,1,test:d3:t3:prandomized:tree211:i30003,4,4,11,randomized,1,3,test,0.04061317443847656,3,1,5,211,64
L4_W64_H4,1,test:d3:t3:prandomized:tree211:i30011,4,4,11,randomized,1,3,test,0.008729934692382812,3,1,5,211,64
L4_W64_H4,0,test:d4:t0:prandomized:tree101:i40000,4,4,11,randomized,0,4,test,-0.027952194213867188,0,0,6,101,64
L4_W64_H4,1,test:d4:t0:prandomized:tree101:i40010,4,4,11,randomized,0,4,test,0.0296783447265625,0,1,6,101,64
L4_W64_H4,1,test:d4:t0:prandomized:tree101:i40015,4,4,11,randomized,1,4,test,-0.09630393981933594,0,0,6,101,64
L4_W64_H4,0,test:d4:t0:prandomized:tree211:i40004,4,4,11,randomized,0,4,test,0.09698104858398438,0,1,6,211,64
L4_W64_H4,1,test:d4:t0:prandomized:tree307:i40010,4,4,11,randomized,0,4,test,-0.0043735504150390625,0,0,6,307,64
L4_W64_H4,0,test:d4:t1:prandomized:tree101:i40000,4,4,11,randomized,0,4,test,-0.03151702880859375,1,0,6,101,64
L4_W64_H4,1,test:d4:t1:prandomized:tree101:i40010,4,4,11,randomized,0,4,test,0.028486251831054688,1,1,6,101,64
L4_W64_H4,1,test:d4:t1:prandomized:tree101:i40015,4,4,11,randomized,1,4,test,-0.09362602233886719,1,0,6,101,64
L4_W64_H4,0,test:d4:t1:prandomized:tree211:i40004,4,4,11,randomized,0,4,test,0.09638023376464844,1,1,6,211,64
L4_W64_H4,1,test:d4:t1:prandomized:tree307:i40010,4,4,11,randomized,0,4,test,-0.009868621826171875,1,0,6,307,64
L4_W64_H4,0,test:d4:t2:prandomized:tree101:i40004,4,4,11,randomized,0,4,test,-0.04071807861328125,2,0,6,101,64
L4_W64_H4,0,test:d4:t2:prandomized:tree101:i40013,4,4,11,randomized,1,4,test,0.0333251953125,2,1,6,101,64
L4_W64_H4,1,test:d4:t2:prandomized:tree211:i40002,4,4,11,randomized,0,4,test,0.064208984375,2,1,6,211,64
L4_W64_H4,0,test:d4:t3:prandomized:tree101:i40004,4,4,11,randomized,0,4,test,-0.04661369323730469,3,0,6,101,64
L4_W64_H4,0,test:d4:t3:prandomized:tree101:i40013,4,4,11,randomized,1,4,test,0.0364990234375,3,1,6,101,64
L4_W64_H4,1,test:d4:t3:prandomized:tree211:i40002,4,4,11,randomized,0,4,test,0.0625457763671875,3,1,6,211,64
L4_W64_H4,1,validation:d4:t0:prandomized:tree101:i40003,4,4,11,randomized,1,4,validation,0.026182174682617188,0,1,6,101,64
L4_W64_H4,0,validation:d4:t0:prandomized:tree101:i40005,4,4,11,randomized,1,4,validation,0.03779792785644531,0,1,6,101,64
L4_W64_H4,0,validation:d4:t0:prandomized:tree307:i40009,4,4,11,randomized,1,4,validation,-0.0396575927734375,0,0,6,307,64
L4_W64_H4,1,validation:d4:t0:prandomized:tree307:i40014,4,4,11,randomized,0,4,validation,0.0553741455078125,0,1,6,307,64
L4_W64_H4,1,validation:d4:t1:prandomized:tree101:i40003,4,4,11,randomized,1,4,validation,0.03316497802734375,1,1,6,101,64
L4_W64_H4,0,validation:d4:t1:prandomized:tree101:i40005,4,4,11,randomized,1,4,validation,0.0355072021484375,1,1,6,101,64
L4_W64_H4,0,validation:d4:t1:prandomized:tree307:i40009,4,4,11,randomized,1,4,validation,-0.03833580017089844,1,0,6,307,64
L4_W64_H4,1,validation:d4:t1:prandomized:tree307:i40014,4,4,11,randomized,0,4,validation,0.053096771240234375,1,1,6,307,64
L4_W64_H4,1,validation:d4:t2:prandomized:tree101:i40015,4,4,11,randomized,1,4,validation,-0.08570671081542969,2,0,6,101,64
L4_W64_H4,0,validation:d4:t2:prandomized:tree211:i40012,4,4,11,randomized,0,4,validation,0.025541305541992188,2,1,6,211,64
L4_W64_H4,0,validation:d4:t2:prandomized:tree307:i40005,4,4,11,randomized,1,4,validation,0.03885841369628906,2,1,6,307,64
L4_W64_H4,1,validation:d4:t2:prandomized:tree307:i40010,4,4,11,randomized,0,4,validation,-0.010957717895507812,2,0,6,307,64
L4_W64_H4,1,validation:d4:t2:prandomized:tree307:i40014,4,4,11,randomized,0,4,validation,0.053447723388671875,2,1,6,307,64
L4_W64_H4,1,validation:d4:t3:prandomized:tree101:i40015,4,4,11,randomized,1,4,validation,-0.0846099853515625,3,0,6,101,64
L4_W64_H4,0,validation:d4:t3:prandomized:tree211:i40012,4,4,11,randomized,0,4,validation,0.0245361328125,3,1,6,211,64
L4_W64_H4,0,validation:d4:t3:prandomized:tree307:i40005,4,4,11,randomized,1,4,validation,0.03964805603027344,3,1,6,307,64
L4_W64_H4,1,validation:d4:t3:prandomized:tree307:i40010,4,4,11,randomized,0,4,validation,-0.012332916259765625,3,0,6,307,64
L4_W64_H4,1,validation:d4:t3:prandomized:tree307:i40014,4,4,11,randomized,0,4,validation,0.05237007141113281,3,1,6,307,64
L4_W64_H4,1,test:d4:t0:prandomized:tree101:i40003,4,4,11,randomized,1,4,test,-0.04082298278808594,0,0,6,101,64
L4_W64_H4,0,test:d4:t0:prandomized:tree101:i40005,4,4,11,randomized,1,4,test,-0.0004711151123046875,0,0,6,101,64
L4_W64_H4,0,test:d4:t0:prandomized:tree307:i40009,4,4,11,randomized,1,4,test,-0.11158180236816406,0,0,6,307,64
L4_W64_H4,1,test:d4:t0:prandomized:tree307:i40014,4,4,11,randomized,0,4,test,-0.021800994873046875,0,0,6,307,64
L4_W64_H4,1,test:d4:t1:prandomized:tree101:i40003,4,4,11,randomized,1,4,test,-0.03558540344238281,1,0,6,101,64
L4_W64_H4,0,test:d4:t1:prandomized:tree101:i40005,4,4,11,randomized,1,4,test,-0.0070285797119140625,1,0,6,101,64
L4_W64_H4,0,test:d4:t1:prandomized:tree307:i40009,4,4,11,randomized,1,4,test,-0.11038398742675781,1,0,6,307,64
L4_W64_H4,1,test:d4:t1:prandomized:tree307:i40014,4,4,11,randomized,0,4,test,-0.023952484130859375,1,0,6,307,64
L4_W64_H4,1,test:d4:t2:prandomized:tree101:i40015,4,4,11,randomized,1,4,test,-0.09910392761230469,2,0,6,101,64
L4_W64_H4,0,test:d4:t2:prandomized:tree211:i40012,4,4,11,randomized,0,4,test,0.032878875732421875,2,1,6,211,64
L4_W64_H4,0,test:d4:t2:prandomized:tree307:i40005,4,4,11,randomized,1,4,test,0.03400993347167969,2,1,6,307,64
L4_W64_H4,1,test:d4:t2:prandomized:tree307:i40010,4,4,11,randomized,0,4,test,-0.0020904541015625,2,0,6,307,64
L4_W64_H4,1,test:d4:t2:prandomized:tree307:i40014,4,4,11,randomized,0,4,test,-0.0272064208984375,2,0,6,307,64
L4_W64_H4,1,test:d4:t3:prandomized:tree101:i40015,4,4,11,randomized,1,4,test,-0.09725570678710938,3,0,6,101,64
L4_W64_H4,0,test:d4:t3:prandomized:tree211:i40012,4,4,11,randomized,0,4,test,0.028959274291992188,3,1,6,211,64
L4_W64_H4,0,test:d4:t3:prandomized:tree307:i40005,4,4,11,randomized,1,4,test,0.03621673583984375,3,1,6,307,64
L4_W64_H4,1,test:d4:t3:prandomized:tree307:i40010,4,4,11,randomized,0,4,test,-0.0038166046142578125,3,0,6,307,64
L4_W64_H4,1,test:d4:t3:prandomized:tree307:i40014,4,4,11,randomized,0,4,test,-0.024545669555664062,3,0,6,307,64
L4_W64_H4,0,validation:d4:t0:prandomized:tree101:i40001,4,4,11,randomized,1,4,validation,-0.08499908447265625,0,0,6,101,64
L4_W64_H4,0,validation:d4:t0:prandomized:tree101:i40012,4,4,11,randomized,0,4,validation,0.09942436218261719,0,1,6,101,64
L4_W64_H4,1,validation:d4:t0:prandomized:tree101:i40014,4,4,11,randomized,0,4,validation,0.009668350219726562,0,1,6,101,64
L4_W64_H4,1,validation:d4:t0:prandomized:tree211:i40002,4,4,11,randomized,0,4,validation,0.05609893798828125,0,1,6,211,64
L4_W64_H4,1,validation:d4:t0:prandomized:tree211:i40003,4,4,11,randomized,1,4,validation,-0.05729484558105469,0,0,6,211,64
L4_W64_H4,0,validation:d4:t0:prandomized:tree211:i40013,4,4,11,randomized,1,4,validation,0.0405731201171875,0,1,6,211,64
L4_W64_H4,0,validation:d4:t0:prandomized:tree307:i40005,4,4,11,randomized,1,4,validation,0.03567695617675781,0,1,6,307,64
L4_W64_H4,0,validation:d4:t1:prandomized:tree101:i40001,4,4,11,randomized,1,4,validation,-0.08553695678710938,1,0,6,101,64
L4_W64_H4,0,validation:d4:t1:prandomized:tree101:i40012,4,4,11,randomized,0,4,validation,0.09923362731933594,1,1,6,101,64
L4_W64_H4,1,validation:d4:t1:prandomized:tree101:i40014,4,4,11,randomized,0,4,validation,0.01300811767578125,1,1,6,101,64
L4_W64_H4,1,validation:d4:t1:prandomized:tree211:i40002,4,4,11,randomized,0,4,validation,0.05438041687011719,1,1,6,211,64
L4_W64_H4,1,validation:d4:t1:prandomized:tree211:i40003,4,4,11,randomized,1,4,validation,-0.057971954345703125,1,0,6,211,64
L4_W64_H4,0,validation:d4:t1:prandomized:tree211:i40013,4,4,11,randomized,1,4,validation,0.04041290283203125,1,1,6,211,64
L4_W64_H4,0,validation:d4:t1:prandomized:tree307:i40005,4,4,11,randomized,1,4,validation,0.03118133544921875,1,1,6,307,64
L4_W64_H4,1,validation:d4:t2:prandomized:tree101:i40010,4,4,11,randomized,0,4,validation,0.03303337097167969,2,1,6,101,64
L4_W64_H4,0,validation:d4:t2:prandomized:tree307:i40012,4,4,11,randomized,0,4,validation,0.14417648315429688,2,1,6,307,64
L4_W64_H4,1,validation:d4:t3:prandomized:tree101:i40010,4,4,11,randomized,0,4,validation,0.029752731323242188,3,1,6,101,64
L4_W64_H4,0,validation:d4:t3:prandomized:tree307:i40012,4,4,11,randomized,0,4,validation,0.1433238983154297,3,1,6,307,64
L4_W64_H4,0,test:d4:t0:prandomized:tree101:i40001,4,4,11,randomized,1,4,test,-0.05117225646972656,0,0,6,101,64
L4_W64_H4,0,test:d4:t0:prandomized:tree101:i40012,4,4,11,randomized,0,4,test,0.08867454528808594,0,1,6,101,64
L4_W64_H4,1,test:d4:t0:prandomized:tree101:i40014,4,4,11,randomized,0,4,test,0.0283355712890625,0,1,6,101,64
L4_W64_H4,1,test:d4:t0:prandomized:tree211:i40002,4,4,11,randomized,0,4,test,0.07697677612304688,0,1,6,211,64
L4_W64_H4,1,test:d4:t0:prandomized:tree211:i40003,4,4,11,randomized,1,4,test,-0.07954978942871094,0,0,6,211,64
L4_W64_H4,0,test:d4:t0:prandomized:tree211:i40013,4,4,11,randomized,1,4,test,-0.024148941040039062,0,0,6,211,64
L4_W64_H4,0,test:d4:t0:prandomized:tree307:i40005,4,4,11,randomized,1,4,test,0.03131103515625,0,1,6,307,64
L4_W64_H4,0,test:d4:t1:prandomized:tree101:i40001,4,4,11,randomized,1,4,test,-0.05104255676269531,1,0,6,101,64
L4_W64_H4,0,test:d4:t1:prandomized:tree101:i40012,4,4,11,randomized,0,4,test,0.08768272399902344,1,1,6,101,64
L4_W64_H4,1,test:d4:t1:prandomized:tree101:i40014,4,4,11,randomized,0,4,test,0.023660659790039062,1,1,6,101,64
L4_W64_H4,1,test:d4:t1:prandomized:tree211:i40002,4,4,11,randomized,0,4,test,0.07387161254882812,1,1,6,211,64
L4_W64_H4,1,test:d4:t1:prandomized:tree211:i40003,4,4,11,randomized,1,4,test,-0.08035659790039062,1,0,6,211,64
L4_W64_H4,0,test:d4:t1:prandomized:tree211:i40013,4,4,11,randomized,1,4,test,-0.025646209716796875,1,0,6,211,64
L4_W64_H4,0,test:d4:t1:prandomized:tree307:i40005,4,4,11,randomized,1,4,test,0.03149986267089844,1,1,6,307,64
L4_W64_H4,1,test:d4:t2:prandomized:tree101:i40010,4,4,11,randomized,0,4,test,0.040103912353515625,2,1,6,101,64
L4_W64_H4,0,test:d4:t2:prandomized:tree307:i40012,4,4,11,randomized,0,4,test,-0.011180877685546875,2,0,6,307,64
L4_W64_H4,1,test:d4:t3:prandomized:tree101:i40010,4,4,11,randomized,0,4,test,0.042205810546875,3,1,6,101,64
L4_W64_H4,0,test:d4:t3:prandomized:tree307:i40012,4,4,11,randomized,0,4,test,-0.012659072875976562,3,0,6,307,64
L4_W64_H4,1,validation:d4:t0:prandomized:tree101:i40011,4,4,11,randomized,1,4,validation,-0.07332420349121094,0,0,6,101,64
L4_W64_H4,0,validation:d4:t0:prandomized:tree211:i40005,4,4,11,randomized,1,4,validation,-0.06920623779296875,0,0,6,211,64
L4_W64_H4,0,validation:d4:t0:prandomized:tree211:i40009,4,4,11,randomized,1,4,validation,-0.05566215515136719,0,0,6,211,64
L4_W64_H4,1,validation:d4:t0:prandomized:tree211:i40010,4,4,11,randomized,0,4,validation,0.07434844970703125,0,1,6,211,64
L4_W64_H4,1,validation:d4:t1:prandomized:tree101:i40011,4,4,11,randomized,1,4,validation,-0.07394790649414062,1,0,6,101,64
L4_W64_H4,0,validation:d4:t1:prandomized:tree211:i40005,4,4,11,randomized,1,4,validation,-0.07368659973144531,1,0,6,211,64
L4_W64_H4,0,validation:d4:t1:prandomized:tree211:i40009,4,4,11,randomized,1,4,validation,-0.04881095886230469,1,0,6,211,64
L4_W64_H4,1,validation:d4:t1:prandomized:tree211:i40010,4,4,11,randomized,0,4,validation,0.07537841796875,1,1,6,211,64
L4_W64_H4,0,validation:d4:t2:prandomized:tree101:i40008,4,4,11,randomized,0,4,validation,-0.011369705200195312,2,0,6,101,64
L4_W64_H4,0,validation:d4:t2:prandomized:tree101:i40009,4,4,11,randomized,1,4,validation,-0.00799560546875,2,0,6,101,64
L4_W64_H4,1,validation:d4:t2:prandomized:tree211:i40003,4,4,11,randomized,1,4,validation,-0.06152153015136719,2,0,6,211,64
L4_W64_H4,1,validation:d4:t2:prandomized:tree211:i40010,4,4,11,randomized,0,4,validation,0.07318687438964844,2,1,6,211,64
L4_W64_H4,0,validation:d4:t2:prandomized:tree307:i40000,4,4,11,randomized,0,4,validation,0.08658790588378906,2,1,6,307,64
L4_W64_H4,0,validation:d4:t2:prandomized:tree307:i40001,4,4,11,randomized,1,4,validation,0.07974624633789062,2,1,6,307,64
L4_W64_H4,1,validation:d4:t2:prandomized:tree307:i40003,4,4,11,randomized,1,4,validation,-0.027862548828125,2,0,6,307,64
L4_W64_H4,1,validation:d4:t2:prandomized:tree307:i40006,4,4,11,randomized,0,4,validation,-0.025037765502929688,2,0,6,307,64
L4_W64_H4,0,validation:d4:t2:prandomized:tree307:i40013,4,4,11,randomized,1,4,validation,-0.07193183898925781,2,0,6,307,64
L4_W64_H4,0,validation:d4:t3:prandomized:tree101:i40008,4,4,11,randomized,0,4,validation,-0.013311386108398438,3,0,6,101,64
L4_W64_H4,0,validation:d4:t3:prandomized:tree101:i40009,4,4,11,randomized,1,4,validation,-0.0072650909423828125,3,0,6,101,64
L4_W64_H4,1,validation:d4:t3:prandomized:tree211:i40003,4,4,11,randomized,1,4,validation,-0.061908721923828125,3,0,6,211,64
L4_W64_H4,1,validation:d4:t3:prandomized:tree211:i40010,4,4,11,randomized,0,4,validation,0.07463836669921875,3,1,6,211,64
L4_W64_H4,0,validation:d4:t3:prandomized:tree307:i40000,4,4,11,randomized,0,4,validation,0.07777023315429688,3,1,6,307,64
L4_W64_H4,0,validation:d4:t3:prandomized:tree307:i40001,4,4,11,randomized,1,4,validation,0.08286285400390625,3,1,6,307,64
L4_W64_H4,1,validation:d4:t3:prandomized:tree307:i40003,4,4,11,randomized,1,4,validation,-0.026094436645507812,3,0,6,307,64
L4_W64_H4,1,validation:d4:t3:prandomized:tree307:i40006,4,4,11,randomized,0,4,validation,-0.025850296020507812,3,0,6,307,64
L4_W64_H4,0,validation:d4:t3:prandomized:tree307:i40013,4,4,11,randomized,1,4,validation,-0.07337379455566406,3,0,6,307,64
L4_W64_H4,1,test:d4:t0:prandomized:tree101:i40011,4,4,11,randomized,1,4,test,-0.0413818359375,0,0,6,101,64
L4_W64_H4,0,test:d4:t0:prandomized:tree211:i40005,4,4,11,randomized,1,4,test,-0.039653778076171875,0,0,6,211,64
L4_W64_H4,0,test:d4:t0:prandomized:tree211:i40009,4,4,11,randomized,1,4,test,-0.11949539184570312,0,0,6,211,64
L4_W64_H4,1,test:d4:t0:prandomized:tree211:i40010,4,4,11,randomized,0,4,test,0.039638519287109375,0,1,6,211,64
L4_W64_H4,1,test:d4:t1:prandomized:tree101:i40011,4,4,11,randomized,1,4,test,-0.04016876220703125,1,0,6,101,64
L4_W64_H4,0,test:d4:t1:prandomized:tree211:i40005,4,4,11,randomized,1,4,test,-0.04135704040527344,1,0,6,211,64
L4_W64_H4,0,test:d4:t1:prandomized:tree211:i40009,4,4,11,randomized,1,4,test,-0.123077392578125,1,0,6,211,64
L4_W64_H4,1,test:d4:t1:prandomized:tree211:i40010,4,4,11,randomized,0,4,test,0.03565025329589844,1,1,6,211,64
L4_W64_H4,0,test:d4:t2:prandomized:tree101:i40008,4,4,11,randomized,0,4,test,0.021511077880859375,2,1,6,101,64
L4_W64_H4,0,test:d4:t2:prandomized:tree101:i40009,4,4,11,randomized,1,4,test,-0.0553741455078125,2,0,6,101,64
L4_W64_H4,1,test:d4:t2:prandomized:tree211:i40003,4,4,11,randomized,1,4,test,-0.089874267578125,2,0,6,211,64
L4_W64_H4,1,test:d4:t2:prandomized:tree211:i40010,4,4,11,randomized,0,4,test,0.04218292236328125,2,1,6,211,64
L4_W64_H4,0,test:d4:t2:prandomized:tree307:i40000,4,4,11,randomized,0,4,test,-0.025388717651367188,2,0,6,307,64
L4_W64_H4,0,test:d4:t2:prandomized:tree307:i40001,4,4,11,randomized,1,4,test,-0.04773521423339844,2,0,6,307,64
L4_W64_H4,1,test:d4:t2:prandomized:tree307:i40003,4,4,11,randomized,1,4,test,-0.08903121948242188,2,0,6,307,64
L4_W64_H4,1,test:d4:t2:prandomized:tree307:i40006,4,4,11,randomized,0,4,test,0.018751144409179688,2,1,6,307,64
L4_W64_H4,0,test:d4:t2:prandomized:tree307:i40013,4,4,11,randomized,1,4,test,0.052600860595703125,2,1,6,307,64
L4_W64_H4,0,test:d4:t3:prandomized:tree101:i40008,4,4,11,randomized,0,4,test,0.01840972900390625,3,1,6,101,64
L4_W64_H4,0,test:d4:t3:prandomized:tree101:i40009,4,4,11,randomized,1,4,test,-0.0476226806640625,3,0,6,101,64
L4_W64_H4,1,test:d4:t3:prandomized:tree211:i40003,4,4,11,randomized,1,4,test,-0.08384132385253906,3,0,6,211,64
L4_W64_H4,1,test:d4:t3:prandomized:tree211:i40010,4,4,11,randomized,0,4,test,0.041118621826171875,3,1,6,211,64
L4_W64_H4,0,test:d4:t3:prandomized:tree307:i40000,4,4,11,randomized,0,4,test,-0.02352142333984375,3,0,6,307,64
L4_W64_H4,0,test:d4:t3:prandomized:tree307:i40001,4,4,11,randomized,1,4,test,-0.0468597412109375,3,0,6,307,64
L4_W64_H4,1,test:d4:t3:prandomized:tree307:i40003,4,4,11,randomized,1,4,test,-0.08525276184082031,3,0,6,307,64
L4_W64_H4,1,test:d4:t3:prandomized:tree307:i40006,4,4,11,randomized,0,4,test,0.025510787963867188,3,1,6,307,64
L4_W64_H4,0,test:d4:t3:prandomized:tree307:i40013,4,4,11,randomized,1,4,test,0.05103492736816406,3,1,6,307,64
L4_W64_H4,0,validation:d4:t0:prandomized:tree101:i40013,4,4,11,randomized,1,4,validation,-0.07057762145996094,0,0,6,101,64
L4_W64_H4,0,validation:d4:t0:prandomized:tree211:i40001,4,4,11,randomized,1,4,validation,-0.049579620361328125,0,0,6,211,64
L4_W64_H4,1,validation:d4:t0:prandomized:tree211:i40011,4,4,11,randomized,1,4,validation,-0.12335968017578125,0,0,6,211,64
L4_W64_H4,0,validation:d4:t1:prandomized:tree101:i40013,4,4,11,randomized,1,4,validation,-0.07143592834472656,1,0,6,101,64
L4_W64_H4,0,validation:d4:t1:prandomized:tree211:i40001,4,4,11,randomized,1,4,validation,-0.0501556396484375,1,0,6,211,64
L4_W64_H4,1,validation:d4:t1:prandomized:tree211:i40011,4,4,11,randomized,1,4,validation,-0.122711181640625,1,0,6,211,64
L4_W64_H4,0,validation:d4:t2:prandomized:tree101:i40001,4,4,11,randomized,1,4,validation,-0.0863494873046875,2,0,6,101,64
L4_W64_H4,1,validation:d4:t2:prandomized:tree101:i40006,4,4,11,randomized,0,4,validation,0.06421279907226562,2,1,6,101,64
L4_W64_H4,0,validation:d4:t2:prandomized:tree101:i40012,4,4,11,randomized,0,4,validation,0.10087203979492188,2,1,6,101,64
L4_W64_H4,1,validation:d4:t2:prandomized:tree211:i40011,4,4,11,randomized,1,4,validation,-0.12447547912597656,2,0,6,211,64
L4_W64_H4,1,validation:d4:t2:prandomized:tree307:i40011,4,4,11,randomized,1,4,validation,0.016521453857421875,2,1,6,307,64
L4_W64_H4,0,validation:d4:t3:prandomized:tree101:i40001,4,4,11,randomized,1,4,validation,-0.08650779724121094,3,0,6,101,64
L4_W64_H4,1,validation:d4:t3:prandomized:tree101:i40006,4,4,11,randomized,0,4,validation,0.06104850769042969,3,1,6,101,64
L4_W64_H4,0,validation:d4:t3:prandomized:tree101:i40012,4,4,11,randomized,0,4,validation,0.10054588317871094,3,1,6,101,64
L4_W64_H4,1,validation:d4:t3:prandomized:tree211:i40011,4,4,11,randomized,1,4,validation,-0.1207733154296875,3,0,6,211,64
L4_W64_H4,1,validation:d4:t3:prandomized:tree307:i40011,4,4,11,randomized,1,4,validation,0.018718719482421875,3,1,6,307,64
L4_W64_H4,0,test:d4:t0:prandomized:tree101:i40013,4,4,11,randomized,1,4,test,0.027406692504882812,0,1,6,101,64
L4_W64_H4,0,test:d4:t0:prandomized:tree211:i40001,4,4,11,randomized,1,4,test,-0.08864593505859375,0,0,6,211,64
L4_W64_H4,1,test:d4:t0:prandomized:tree211:i40011,4,4,11,randomized,1,4,test,-0.037097930908203125,0,0,6,211,64
L4_W64_H4,0,test:d4:t1:prandomized:tree101:i40013,4,4,11,randomized,1,4,test,0.024059295654296875,1,1,6,101,64
L4_W64_H4,0,test:d4:t1:prandomized:tree211:i40001,4,4,11,randomized,1,4,test,-0.08947944641113281,1,0,6,211,64
L4_W64_H4,1,test:d4:t1:prandomized:tree211:i40011,4,4,11,randomized,1,4,test,-0.03845405578613281,1,0,6,211,64
L4_W64_H4,0,test:d4:t2:prandomized:tree101:i40001,4,4,11,randomized,1,4,test,-0.05226707458496094,2,0,6,101,64
L4_W64_H4,1,test:d4:t2:prandomized:tree101:i40006,4,4,11,randomized,0,4,test,0.07626533508300781,2,1,6,101,64
L4_W64_H4,0,test:d4:t2:prandomized:tree101:i40012,4,4,11,randomized,0,4,test,0.08727645874023438,2,1,6,101,64
L4_W64_H4,1,test:d4:t2:prandomized:tree211:i40011,4,4,11,randomized,1,4,test,-0.03729820251464844,2,0,6,211,64
L4_W64_H4,1,test:d4:t2:prandomized:tree307:i40011,4,4,11,randomized,1,4,test,-0.014635086059570312,2,0,6,307,64
L4_W64_H4,0,test:d4:t3:prandomized:tree101:i40001,4,4,11,randomized,1,4,test,-0.05155181884765625,3,0,6,101,64
L4_W64_H4,1,test:d4:t3:prandomized:tree101:i40006,4,4,11,randomized,0,4,test,0.0730133056640625,3,1,6,101,64
L4_W64_H4,0,test:d4:t3:prandomized:tree101:i40012,4,4,11,randomized,0,4,test,0.08593940734863281,3,1,6,101,64
L4_W64_H4,1,test:d4:t3:prandomized:tree211:i40011,4,4,11,randomized,1,4,test,-0.038677215576171875,3,0,6,211,64
L4_W64_H4,1,test:d4:t3:prandomized:tree307:i40011,4,4,11,randomized,1,4,test,-0.013360977172851562,3,0,6,307,64
L4_W64_H4,1,validation:d4:t0:prandomized:tree101:i40006,4,4,11,randomized,0,4,validation,0.05597686767578125,0,1,6,101,64
L4_W64_H4,1,validation:d4:t0:prandomized:tree101:i40007,4,4,11,randomized,1,4,validation,-0.034046173095703125,0,0,6,101,64
L4_W64_H4,0,validation:d4:t0:prandomized:tree101:i40008,4,4,11,randomized,0,4,validation,-0.016553878784179688,0,0,6,101,64
L4_W64_H4,0,validation:d4:t0:prandomized:tree101:i40009,4,4,11,randomized,1,4,validation,0.004039764404296875,0,1,6,101,64
L4_W64_H4,1,validation:d4:t0:prandomized:tree211:i40007,4,4,11,randomized,1,4,validation,-0.0567779541015625,0,0,6,211,64
L4_W64_H4,0,validation:d4:t0:prandomized:tree211:i40008,4,4,11,randomized,0,4,validation,-0.03872489929199219,0,0,6,211,64
L4_W64_H4,0,validation:d4:t0:prandomized:tree211:i40012,4,4,11,randomized,0,4,validation,0.026857376098632812,0,1,6,211,64
L4_W64_H4,1,validation:d4:t0:prandomized:tree211:i40014,4,4,11,randomized,0,4,validation,0.04963111877441406,0,1,6,211,64
L4_W64_H4,0,validation:d4:t0:prandomized:tree307:i40000,4,4,11,randomized,0,4,validation,0.07438087463378906,0,1,6,307,64
L4_W64_H4,0,validation:d4:t0:prandomized:tree307:i40008,4,4,11,randomized,0,4,validation,0.010473251342773438,0,1,6,307,64
L4_W64_H4,1,validation:d4:t0:prandomized:tree307:i40015,4,4,11,randomized,1,4,validation,-2.09808349609375e-05,0,0,6,307,64
L4_W64_H4,1,validation:d4:t1:prandomized:tree101:i40006,4,4,11,randomized,0,4,validation,0.0531768798828125,1,1,6,101,64
L4_W64_H4,1,validation:d4:t1:prandomized:tree101:i40007,4,4,11,randomized,1,4,validation,-0.033336639404296875,1,0,6,101,64
L4_W64_H4,0,validation:d4:t1:prandomized:tree101:i40008,4,4,11,randomized,0,4,validation,-0.012071609497070312,1,0,6,101,64
L4_W64_H4,0,validation:d4:t1:prandomized:tree101:i40009,4,4,11,randomized,1,4,validation,0.004177093505859375,1,1,6,101,64
L4_W64_H4,1,validation:d4:t1:prandomized:tree211:i40007,4,4,11,randomized,1,4,validation,-0.05940055847167969,1,0,6,211,64
L4_W64_H4,0,validation:d4:t1:prandomized:tree211:i40008,4,4,11,randomized,0,4,validation,-0.04109764099121094,1,0,6,211,64
L4_W64_H4,0,validation:d4:t1:prandomized:tree211:i40012,4,4,11,randomized,0,4,validation,0.025463104248046875,1,1,6,211,64
L4_W64_H4,1,validation:d4:t1:prandomized:tree211:i40014,4,4,11,randomized,0,4,validation,0.05149078369140625,1,1,6,211,64
L4_W64_H4,0,validation:d4:t1:prandomized:tree307:i40000,4,4,11,randomized,0,4,validation,0.07081985473632812,1,1,6,307,64
L4_W64_H4,0,validation:d4:t1:prandomized:tree307:i40008,4,4,11,randomized,0,4,validation,0.013925552368164062,1,1,6,307,64
L4_W64_H4,1,validation:d4:t1:prandomized:tree307:i40015,4,4,11,randomized,1,4,validation,0.000629425048828125,1,1,6,307,64
L4_W64_H4,0,validation:d4:t2:prandomized:tree101:i40005,4,4,11,randomized,1,4,validation,0.03410911560058594,2,1,6,101,64
L4_W64_H4,0,validation:d4:t2:prandomized:tree211:i40009,4,4,11,randomized,1,4,validation,-0.03862762451171875,2,0,6,211,64
L4_W64_H4,0,validation:d4:t2:prandomized:tree307:i40004,4,4,11,randomized,0,4,validation,0.1440582275390625,2,1,6,307,64
L4_W64_H4,1,validation:d4:t2:prandomized:tree307:i40007,4,4,11,randomized,1,4,validation,-0.06216621398925781,2,0,6,307,64
L4_W64_H4,0,validation:d4:t3:prandomized:tree101:i40005,4,4,11,randomized,1,4,validation,0.037075042724609375,3,1,6,101,64
L4_W64_H4,0,validation:d4:t3:prandomized:tree211:i40009,4,4,11,randomized,1,4,validation,-0.037509918212890625,3,0,6,211,64
L4_W64_H4,0,validation:d4:t3:prandomized:tree307:i40004,4,4,11,randomized,0,4,validation,0.1428852081298828,3,1,6,307,64
L4_W64_H4,1,validation:d4:t3:prandomized:tree307:i40007,4,4,11,randomized,1,4,validation,-0.0624847412109375,3,0,6,307,64
L4_W64_H4,1,test:d4:t0:prandomized:tree101:i40006,4,4,11,randomized,0,4,test,0.06967926025390625,0,1,6,101,64
L4_W64_H4,1,test:d4:t0:prandomized:tree101:i40007,4,4,11,randomized,1,4,test,-0.03160858154296875,0,0,6,101,64
L4_W64_H4,0,test:d4:t0:prandomized:tree101:i40008,4,4,11,randomized,0,4,test,0.0071544647216796875,0,1,6,101,64
L4_W64_H4,0,test:d4:t0:prandomized:tree101:i40009,4,4,11,randomized,1,4,test,-0.040882110595703125,0,0,6,101,64
L4_W64_H4,1,test:d4:t0:prandomized:tree211:i40007,4,4,11,randomized,1,4,test,0.024927139282226562,0,1,6,211,64
L4_W64_H4,0,test:d4:t0:prandomized:tree211:i40008,4,4,11,randomized,0,4,test,0.017225265502929688,0,1,6,211,64
L4_W64_H4,0,test:d4:t0:prandomized:tree211:i40012,4,4,11,randomized,0,4,test,0.030336380004882812,0,1,6,211,64
L4_W64_H4,1,test:d4:t0:prandomized:tree211:i40014,4,4,11,randomized,0,4,test,-0.023683547973632812,0,0,6,211,64
L4_W64_H4,0,test:d4:t0:prandomized:tree307:i40000,4,4,11,randomized,0,4,test,-0.0353546142578125,0,0,6,307,64
L4_W64_H4,0,test:d4:t0:prandomized:tree307:i40008,4,4,11,randomized,0,4,test,0.009981155395507812,0,1,6,307,64
L4_W64_H4,1,test:d4:t0:prandomized:tree307:i40015,4,4,11,randomized,1,4,test,0.01071929931640625,0,1,6,307,64
L4_W64_H4,1,test:d4:t1:prandomized:tree101:i40006,4,4,11,randomized,0,4,test,0.07297897338867188,1,1,6,101,64
L4_W64_H4,1,test:d4:t1:prandomized:tree101:i40007,4,4,11,randomized,1,4,test,-0.032657623291015625,1,0,6,101,64
L4_W64_H4,0,test:d4:t1:prandomized:tree101:i40008,4,4,11,randomized,0,4,test,0.0067501068115234375,1,1,6,101,64
L4_W64_H4,0,test:d4:t1:prandomized:tree101:i40009,4,4,11,randomized,1,4,test,-0.0401763916015625,1,0,6,101,64
L4_W64_H4,1,test:d4:t1:prandomized:tree211:i40007,4,4,11,randomized,1,4,test,0.023105621337890625,1,1,6,211,64
L4_W64_H4,0,test:d4:t1:prandomized:tree211:i40008,4,4,11,randomized,0,4,test,0.013776779174804688,1,1,6,211,64
L4_W64_H4,0,test:d4:t1:prandomized:tree211:i40012,4,4,11,randomized,0,4,test,0.027111053466796875,1,1,6,211,64
L4_W64_H4,1,test:d4:t1:prandomized:tree211:i40014,4,4,11,randomized,0,4,test,-0.022684097290039062,1,0,6,211,64
L4_W64_H4,0,test:d4:t1:prandomized:tree307:i40000,4,4,11,randomized,0,4,test,-0.03204345703125,1,0,6,307,64
L4_W64_H4,0,test:d4:t1:prandomized:tree307:i40008,4,4,11,randomized,0,4,test,0.008869171142578125,1,1,6,307,64
L4_W64_H4,1,test:d4:t1:prandomized:tree307:i40015,4,4,11,randomized,1,4,test,0.011663436889648438,1,1,6,307,64
L4_W64_H4,0,test:d4:t2:prandomized:tree101:i40005,4,4,11,randomized,1,4,test,-0.0036678314208984375,2,0,6,101,64
L4_W64_H4,0,test:d4:t2:prandomized:tree211:i40009,4,4,11,randomized,1,4,test,-0.11069488525390625,2,0,6,211,64
L4_W64_H4,0,test:d4:t2:prandomized:tree307:i40004,4,4,11,randomized,0,4,test,-0.012939453125,2,0,6,307,64
L4_W64_H4,1,test:d4:t2:prandomized:tree307:i40007,4,4,11,randomized,1,4,test,0.07328414916992188,2,1,6,307,64
L4_W64_H4,0,test:d4:t3:prandomized:tree101:i40005,4,4,11,randomized,1,4,test,-0.004329681396484375,3,0,6,101,64
L4_W64_H4,0,test:d4:t3:prandomized:tree211:i40009,4,4,11,randomized,1,4,test,-0.11197090148925781,3,0,6,211,64
L4_W64_H4,0,test:d4:t3:prandomized:tree307:i40004,4,4,11,randomized,0,4,test,-0.014089584350585938,3,0,6,307,64
L4_W64_H4,1,test:d4:t3:prandomized:tree307:i40007,4,4,11,randomized,1,4,test,0.0720672607421875,3,1,6,307,64
L4_W64_H4,0,validation:d4:t0:prandomized:tree101:i40004,4,4,11,randomized,0,4,validation,0.02211761474609375,0,1,6,101,64
L4_W64_H4,1,validation:d4:t0:prandomized:tree211:i40015,4,4,11,randomized,1,4,validation,-0.017496109008789062,0,0,6,211,64
L4_W64_H4,0,validation:d4:t0:prandomized:tree307:i40004,4,4,11,randomized,0,4,validation,0.138336181640625,0,1,6,307,64
L4_W64_H4,0,validation:d4:t0:prandomized:tree307:i40013,4,4,11,randomized,1,4,validation,-0.057811737060546875,0,0,6,307,64
L4_W64_H4,0,validation:d4:t1:prandomized:tree101:i40004,4,4,11,randomized,0,4,validation,0.024873733520507812,1,1,6,101,64
L4_W64_H4,1,validation:d4:t1:prandomized:tree211:i40015,4,4,11,randomized,1,4,validation,-0.016145706176757812,1,0,6,211,64
L4_W64_H4,0,validation:d4:t1:prandomized:tree307:i40004,4,4,11,randomized,0,4,validation,0.13800430297851562,1,1,6,307,64
L4_W64_H4,0,validation:d4:t1:prandomized:tree307:i40013,4,4,11,randomized,1,4,validation,-0.0579681396484375,1,0,6,307,64
L4_W64_H4,1,validation:d4:t2:prandomized:tree101:i40002,4,4,11,randomized,0,4,validation,-0.024089813232421875,2,0,6,101,64
L4_W64_H4,1,validation:d4:t2:prandomized:tree101:i40007,4,4,11,randomized,1,4,validation,-0.027822494506835938,2,0,6,101,64
L4_W64_H4,0,validation:d4:t2:prandomized:tree211:i40001,4,4,11,randomized,1,4,validation,-0.036983489990234375,2,0,6,211,64
L4_W64_H4,0,validation:d4:t2:prandomized:tree211:i40004,4,4,11,randomized,0,4,validation,-0.015604019165039062,2,0,6,211,64
L4_W64_H4,0,validation:d4:t2:prandomized:tree211:i40005,4,4,11,randomized,1,4,validation,-0.05643272399902344,2,0,6,211,64
L4_W64_H4,1,validation:d4:t2:prandomized:tree211:i40007,4,4,11,randomized,1,4,validation,-0.05756187438964844,2,0,6,211,64
L4_W64_H4,0,validation:d4:t2:prandomized:tree211:i40008,4,4,11,randomized,0,4,validation,-0.04442787170410156,2,0,6,211,64
L4_W64_H4,0,validation:d4:t2:prandomized:tree211:i40013,4,4,11,randomized,1,4,validation,0.05082893371582031,2,1,6,211,64
L4_W64_H4,1,validation:d4:t2:prandomized:tree307:i40002,4,4,11,randomized,0,4,validation,0.0069828033447265625,2,1,6,307,64
L4_W64_H4,1,validation:d4:t3:prandomized:tree101:i40002,4,4,11,randomized,0,4,validation,-0.022945404052734375,3,0,6,101,64
L4_W64_H4,1,validation:d4:t3:prandomized:tree101:i40007,4,4,11,randomized,1,4,validation,-0.027894973754882812,3,0,6,101,64
L4_W64_H4,0,validation:d4:t3:prandomized:tree211:i40001,4,4,11,randomized,1,4,validation,-0.038936614990234375,3,0,6,211,64
L4_W64_H4,0,validation:d4:t3:prandomized:tree211:i40004,4,4,11,randomized,0,4,validation,-0.018678665161132812,3,0,6,211,64
L4_W64_H4,0,validation:d4:t3:prandomized:tree211:i40005,4,4,11,randomized,1,4,validation,-0.05768394470214844,3,0,6,211,64
L4_W64_H4,1,validation:d4:t3:prandomized:tree211:i40007,4,4,11,randomized,1,4,validation,-0.05501747131347656,3,0,6,211,64
L4_W64_H4,0,validation:d4:t3:prandomized:tree211:i40008,4,4,11,randomized,0,4,validation,-0.04673194885253906,3,0,6,211,64
L4_W64_H4,0,validation:d4:t3:prandomized:tree211:i40013,4,4,11,randomized,1,4,validation,0.05097198486328125,3,1,6,211,64
L4_W64_H4,1,validation:d4:t3:prandomized:tree307:i40002,4,4,11,randomized,0,4,validation,0.009698867797851562,3,1,6,307,64
L4_W64_H4,0,test:d4:t0:prandomized:tree101:i40004,4,4,11,randomized,0,4,test,-0.04587554931640625,0,0,6,101,64
L4_W64_H4,1,test:d4:t0:prandomized:tree211:i40015,4,4,11,randomized,1,4,test,0.0069103240966796875,0,1,6,211,64
L4_W64_H4,0,test:d4:t0:prandomized:tree307:i40004,4,4,11,randomized,0,4,test,-0.016386032104492188,0,0,6,307,64
L4_W64_H4,0,test:d4:t0:prandomized:tree307:i40013,4,4,11,randomized,1,4,test,0.0684661865234375,0,1,6,307,64
L4_W64_H4,0,test:d4:t1:prandomized:tree101:i40004,4,4,11,randomized,0,4,test,-0.04315757751464844,1,0,6,101,64
L4_W64_H4,1,test:d4:t1:prandomized:tree211:i40015,4,4,11,randomized,1,4,test,0.006565093994140625,1,1,6,211,64
L4_W64_H4,0,test:d4:t1:prandomized:tree307:i40004,4,4,11,randomized,0,4,test,-0.018644332885742188,1,0,6,307,64
L4_W64_H4,0,test:d4:t1:prandomized:tree307:i40013,4,4,11,randomized,1,4,test,0.06447982788085938,1,1,6,307,64
L4_W64_H4,1,test:d4:t2:prandomized:tree101:i40002,4,4,11,randomized,0,4,test,0.09480857849121094,2,1,6,101,64
L4_W64_H4,1,test:d4:t2:prandomized:tree101:i40007,4,4,11,randomized,1,4,test,-0.028533935546875,2,0,6,101,64
L4_W64_H4,0,test:d4:t2:prandomized:tree211:i40001,4,4,11,randomized,1,4,test,-0.076568603515625,2,0,6,211,64
L4_W64_H4,0,test:d4:t2:prandomized:tree211:i40004,4,4,11,randomized,0,4,test,0.09815597534179688,2,1,6,211,64
L4_W64_H4,0,test:d4:t2:prandomized:tree211:i40005,4,4,11,randomized,1,4,test,-0.012996673583984375,2,0,6,211,64
L4_W64_H4,1,test:d4:t2:prandomized:tree211:i40007,4,4,11,randomized,1,4,test,0.028827667236328125,2,1,6,211,64
L4_W64_H4,0,test:d4:t2:prandomized:tree211:i40008,4,4,11,randomized,0,4,test,0.008687973022460938,2,1,6,211,64
L4_W64_H4,0,test:d4:t2:prandomized:tree211:i40013,4,4,11,randomized,1,4,test,-0.017147064208984375,2,0,6,211,64
L4_W64_H4,1,test:d4:t2:prandomized:tree307:i40002,4,4,11,randomized,0,4,test,-0.05042076110839844,2,0,6,307,64
L4_W64_H4,1,test:d4:t3:prandomized:tree101:i40002,4,4,11,randomized,0,4,test,0.09767341613769531,3,1,6,101,64
L4_W64_H4,1,test:d4:t3:prandomized:tree101:i40007,4,4,11,randomized,1,4,test,-0.024206161499023438,3,0,6,101,64
L4_W64_H4,0,test:d4:t3:prandomized:tree211:i40001,4,4,11,randomized,1,4,test,-0.07779312133789062,3,0,6,211,64
L4_W64_H4,0,test:d4:t3:prandomized:tree211:i40004,4,4,11,randomized,0,4,test,0.09941482543945312,3,1,6,211,64
L4_W64_H4,0,test:d4:t3:prandomized:tree211:i40005,4,4,11,randomized,1,4,test,-0.014242172241210938,3,0,6,211,64
L4_W64_H4,1,test:d4:t3:prandomized:tree211:i40007,4,4,11,randomized,1,4,test,0.027765274047851562,3,1,6,211,64
L4_W64_H4,0,test:d4:t3:prandomized:tree211:i40008,4,4,11,randomized,0,4,test,0.008815765380859375,3,1,6,211,64
L4_W64_H4,0,test:d4:t3:prandomized:tree211:i40013,4,4,11,randomized,1,4,test,-0.015340805053710938,3,0,6,211,64
L4_W64_H4,1,test:d4:t3:prandomized:tree307:i40002,4,4,11,randomized,0,4,test,-0.054485321044921875,3,0,6,307,64
L4_W64_H4,1,validation:d4:t0:prandomized:tree101:i40002,4,4,11,randomized,0,4,validation,-0.021270751953125,0,0,6,101,64
L4_W64_H4,0,validation:d4:t0:prandomized:tree211:i40000,4,4,11,randomized,0,4,validation,0.06313705444335938,0,1,6,211,64
L4_W64_H4,1,validation:d4:t0:prandomized:tree211:i40006,4,4,11,randomized,0,4,validation,-0.03149986267089844,0,0,6,211,64
L4_W64_H4,1,validation:d4:t0:prandomized:tree307:i40002,4,4,11,randomized,0,4,validation,0.011697769165039062,0,1,6,307,64
L4_W64_H4,1,validation:d4:t0:prandomized:tree307:i40007,4,4,11,randomized,1,4,validation,-0.06095695495605469,0,0,6,307,64
L4_W64_H4,1,validation:d4:t1:prandomized:tree101:i40002,4,4,11,randomized,0,4,validation,-0.017000198364257812,1,0,6,101,64
L4_W64_H4,0,validation:d4:t1:prandomized:tree211:i40000,4,4,11,randomized,0,4,validation,0.06844711303710938,1,1,6,211,64
L4_W64_H4,1,validation:d4:t1:prandomized:tree211:i40006,4,4,11,randomized,0,4,validation,-0.026081085205078125,1,0,6,211,64
L4_W64_H4,1,validation:d4:t1:prandomized:tree307:i40002,4,4,11,randomized,0,4,validation,0.013780593872070312,1,1,6,307,64
L4_W64_H4,1,validation:d4:t1:prandomized:tree307:i40007,4,4,11,randomized,1,4,validation,-0.06262016296386719,1,0,6,307,64
L4_W64_H4,1,validation:d4:t2:prandomized:tree101:i40003,4,4,11,randomized,1,4,validation,0.033191680908203125,2,1,6,101,64
L4_W64_H4,1,validation:d4:t2:prandomized:tree101:i40014,4,4,11,randomized,0,4,validation,-0.0053844451904296875,2,0,6,101,64
L4_W64_H4,0,validation:d4:t2:prandomized:tree211:i40000,4,4,11,randomized,0,4,validation,0.06346702575683594,2,1,6,211,64
L4_W64_H4,1,validation:d4:t2:prandomized:tree211:i40015,4,4,11,randomized,1,4,validation,-0.01851654052734375,2,0,6,211,64
L4_W64_H4,1,validation:d4:t3:prandomized:tree101:i40003,4,4,11,randomized,1,4,validation,0.018939971923828125,3,1,6,101,64
L4_W64_H4,1,validation:d4:t3:prandomized:tree101:i40014,4,4,11,randomized,0,4,validation,0.000408172607421875,3,1,6,101,64
L4_W64_H4,0,validation:d4:t3:prandomized:tree211:i40000,4,4,11,randomized,0,4,validation,0.06521034240722656,3,1,6,211,64
L4_W64_H4,1,validation:d4:t3:prandomized:tree211:i40015,4,4,11,randomized,1,4,validation,-0.016122817993164062,3,0,6,211,64
L4_W64_H4,1,test:d4:t0:prandomized:tree101:i40002,4,4,11,randomized,0,4,test,0.09655952453613281,0,1,6,101,64
L4_W64_H4,0,test:d4:t0:prandomized:tree211:i40000,4,4,11,randomized,0,4,test,0.04097175598144531,0,1,6,211,64
L4_W64_H4,1,test:d4:t0:prandomized:tree211:i40006,4,4,11,randomized,0,4,test,0.06954193115234375,0,1,6,211,64
L4_W64_H4,1,test:d4:t0:prandomized:tree307:i40002,4,4,11,randomized,0,4,test,-0.04962348937988281,0,0,6,307,64
L4_W64_H4,1,test:d4:t0:prandomized:tree307:i40007,4,4,11,randomized,1,4,test,0.07063484191894531,0,1,6,307,64
L4_W64_H4,1,test:d4:t1:prandomized:tree101:i40002,4,4,11,randomized,0,4,test,0.10040664672851562,1,1,6,101,64
L4_W64_H4,0,test:d4:t1:prandomized:tree211:i40000,4,4,11,randomized,0,4,test,0.03854942321777344,1,1,6,211,64
L4_W64_H4,1,test:d4:t1:prandomized:tree211:i40006,4,4,11,randomized,0,4,test,0.07134819030761719,1,1,6,211,64
L4_W64_H4,1,test:d4:t1:prandomized:tree307:i40002,4,4,11,randomized,0,4,test,-0.051067352294921875,1,0,6,307,64
L4_W64_H4,1,test:d4:t1:prandomized:tree307:i40007,4,4,11,randomized,1,4,test,0.07402992248535156,1,1,6,307,64
L4_W64_H4,1,test:d4:t2:prandomized:tree101:i40003,4,4,11,randomized,1,4,test,-0.037273406982421875,2,0,6,101,64
L4_W64_H4,1,test:d4:t2:prandomized:tree101:i40014,4,4,11,randomized,0,4,test,0.017625808715820312,2,1,6,101,64
L4_W64_H4,0,test:d4:t2:prandomized:tree211:i40000,4,4,11,randomized,0,4,test,0.04102134704589844,2,1,6,211,64
L4_W64_H4,1,test:d4:t2:prandomized:tree211:i40015,4,4,11,randomized,1,4,test,0.004985809326171875,2,1,6,211,64
L4_W64_H4,1,test:d4:t3:prandomized:tree101:i40003,4,4,11,randomized,1,4,test,-0.03663444519042969,3,0,6,101,64
L4_W64_H4,1,test:d4:t3:prandomized:tree101:i40014,4,4,11,randomized,0,4,test,0.017469406127929688,3,1,6,101,64
L4_W64_H4,0,test:d4:t3:prandomized:tree211:i40000,4,4,11,randomized,0,4,test,0.03926658630371094,3,1,6,211,64
L4_W64_H4,1,test:d4:t3:prandomized:tree211:i40015,4,4,11,randomized,1,4,test,0.009675979614257812,3,1,6,211,64
L4_W64_H4,0,validation:d6:t0:paligned:tree101:i60000,4,4,11,aligned,0,6,validation,0.013036727905273438,0,1,8,101,64
L4_W64_H4,0,validation:d6:t0:paligned:tree101:i60001,4,4,11,aligned,1,6,validation,-0.07335090637207031,0,0,8,101,64
L4_W64_H4,1,validation:d6:t0:paligned:tree101:i60002,4,4,11,aligned,0,6,validation,0.09891128540039062,0,1,8,101,64
L4_W64_H4,1,validation:d6:t0:paligned:tree101:i60003,4,4,11,aligned,1,6,validation,-0.1417407989501953,0,0,8,101,64
L4_W64_H4,0,validation:d6:t0:paligned:tree101:i60004,4,4,11,aligned,0,6,validation,0.13894081115722656,0,1,8,101,64
L4_W64_H4,0,validation:d6:t0:paligned:tree101:i60005,4,4,11,aligned,1,6,validation,-0.14808082580566406,0,0,8,101,64
L4_W64_H4,1,validation:d6:t0:paligned:tree101:i60006,4,4,11,aligned,0,6,validation,0.06961250305175781,0,1,8,101,64
L4_W64_H4,1,validation:d6:t0:paligned:tree101:i60007,4,4,11,aligned,1,6,validation,-0.07072067260742188,0,0,8,101,64
L4_W64_H4,0,validation:d6:t0:paligned:tree101:i60008,4,4,11,aligned,0,6,validation,0.07136154174804688,0,1,8,101,64
L4_W64_H4,0,validation:d6:t0:paligned:tree101:i60009,4,4,11,aligned,1,6,validation,-0.04331207275390625,0,0,8,101,64
L4_W64_H4,1,validation:d6:t0:paligned:tree101:i60010,4,4,11,aligned,0,6,validation,0.1405792236328125,0,1,8,101,64
L4_W64_H4,1,validation:d6:t0:paligned:tree101:i60011,4,4,11,aligned,1,6,validation,0.009160995483398438,0,1,8,101,64
L4_W64_H4,0,validation:d6:t0:paligned:tree101:i60012,4,4,11,aligned,0,6,validation,0.09112358093261719,0,1,8,101,64
L4_W64_H4,0,validation:d6:t0:paligned:tree101:i60013,4,4,11,aligned,1,6,validation,-0.08064460754394531,0,0,8,101,64
L4_W64_H4,1,validation:d6:t0:paligned:tree101:i60014,4,4,11,aligned,0,6,validation,0.12014198303222656,0,1,8,101,64
L4_W64_H4,1,validation:d6:t0:paligned:tree101:i60015,4,4,11,aligned,1,6,validation,-0.08762359619140625,0,0,8,101,64
L4_W64_H4,0,validation:d6:t0:paligned:tree211:i60000,4,4,11,aligned,0,6,validation,0.08391761779785156,0,1,8,211,64
L4_W64_H4,0,validation:d6:t0:paligned:tree211:i60001,4,4,11,aligned,1,6,validation,-0.10725593566894531,0,0,8,211,64
L4_W64_H4,1,validation:d6:t0:paligned:tree211:i60002,4,4,11,aligned,0,6,validation,0.157135009765625,0,1,8,211,64
L4_W64_H4,1,validation:d6:t0:paligned:tree211:i60003,4,4,11,aligned,1,6,validation,-0.07871055603027344,0,0,8,211,64
L4_W64_H4,0,validation:d6:t0:paligned:tree211:i60004,4,4,11,aligned,0,6,validation,0.11855506896972656,0,1,8,211,64
L4_W64_H4,0,validation:d6:t0:paligned:tree211:i60005,4,4,11,aligned,1,6,validation,-0.05117607116699219,0,0,8,211,64
L4_W64_H4,1,validation:d6:t0:paligned:tree211:i60006,4,4,11,aligned,0,6,validation,0.021608352661132812,0,1,8,211,64
L4_W64_H4,1,validation:d6:t0:paligned:tree211:i60007,4,4,11,aligned,1,6,validation,-0.03326988220214844,0,0,8,211,64
L4_W64_H4,0,validation:d6:t0:paligned:tree211:i60008,4,4,11,aligned,0,6,validation,0.14587020874023438,0,1,8,211,64
L4_W64_H4,0,validation:d6:t0:paligned:tree211:i60009,4,4,11,aligned,1,6,validation,-0.035282135009765625,0,0,8,211,64
L4_W64_H4,1,validation:d6:t0:paligned:tree211:i60010,4,4,11,aligned,0,6,validation,0.011941909790039062,0,1,8,211,64
L4_W64_H4,1,validation:d6:t0:paligned:tree211:i60011,4,4,11,aligned,1,6,validation,-0.07310104370117188,0,0,8,211,64
L4_W64_H4,0,validation:d6:t0:paligned:tree211:i60012,4,4,11,aligned,0,6,validation,0.13499069213867188,0,1,8,211,64
L4_W64_H4,0,validation:d6:t0:paligned:tree211:i60013,4,4,11,aligned,1,6,validation,-0.08793449401855469,0,0,8,211,64
L4_W64_H4,1,validation:d6:t0:paligned:tree211:i60014,4,4,11,aligned,0,6,validation,0.03438377380371094,0,1,8,211,64
L4_W64_H4,1,validation:d6:t0:paligned:tree211:i60015,4,4,11,aligned,1,6,validation,-0.11812400817871094,0,0,8,211,64
L4_W64_H4,0,validation:d6:t0:paligned:tree307:i60000,4,4,11,aligned,0,6,validation,0.13755226135253906,0,1,8,307,64
L4_W64_H4,0,validation:d6:t0:paligned:tree307:i60001,4,4,11,aligned,1,6,validation,-0.11088371276855469,0,0,8,307,64
L4_W64_H4,1,validation:d6:t0:paligned:tree307:i60002,4,4,11,aligned,0,6,validation,0.08579254150390625,0,1,8,307,64
L4_W64_H4,1,validation:d6:t0:paligned:tree307:i60003,4,4,11,aligned,1,6,validation,0.029947280883789062,0,1,8,307,64
L4_W64_H4,0,validation:d6:t0:paligned:tree307:i60004,4,4,11,aligned,0,6,validation,0.16037559509277344,0,1,8,307,64
L4_W64_H4,0,validation:d6:t0:paligned:tree307:i60005,4,4,11,aligned,1,6,validation,-0.08872222900390625,0,0,8,307,64
L4_W64_H4,1,validation:d6:t0:paligned:tree307:i60006,4,4,11,aligned,0,6,validation,0.002384185791015625,0,1,8,307,64
L4_W64_H4,1,validation:d6:t0:paligned:tree307:i60007,4,4,11,aligned,1,6,validation,-0.09510612487792969,0,0,8,307,64
L4_W64_H4,0,validation:d6:t0:paligned:tree307:i60008,4,4,11,aligned,0,6,validation,0.0554351806640625,0,1,8,307,64
L4_W64_H4,0,validation:d6:t0:paligned:tree307:i60009,4,4,11,aligned,1,6,validation,0.0060291290283203125,0,1,8,307,64
L4_W64_H4,1,validation:d6:t0:paligned:tree307:i60010,4,4,11,aligned,0,6,validation,0.001247406005859375,0,1,8,307,64
L4_W64_H4,1,validation:d6:t0:paligned:tree307:i60011,4,4,11,aligned,1,6,validation,-0.04118537902832031,0,0,8,307,64
L4_W64_H4,0,validation:d6:t0:paligned:tree307:i60012,4,4,11,aligned,0,6,validation,0.06408119201660156,0,1,8,307,64
L4_W64_H4,0,validation:d6:t0:paligned:tree307:i60013,4,4,11,aligned,1,6,validation,-0.14105606079101562,0,0,8,307,64
L4_W64_H4,1,validation:d6:t0:paligned:tree307:i60014,4,4,11,aligned,0,6,validation,0.0831146240234375,0,1,8,307,64
L4_W64_H4,1,validation:d6:t0:paligned:tree307:i60015,4,4,11,aligned,1,6,validation,-0.0665435791015625,0,0,8,307,64
L4_W64_H4,0,validation:d6:t0:prandomized:tree211:i60012,4,4,11,randomized,0,6,validation,0.13499069213867188,0,1,8,211,64
L4_W64_H4,1,validation:d6:t0:prandomized:tree211:i60015,4,4,11,randomized,1,6,validation,-0.11812400817871094,0,0,8,211,64
L4_W64_H4,1,validation:d6:t0:prandomized:tree307:i60006,4,4,11,randomized,0,6,validation,0.002384185791015625,0,1,8,307,64
L4_W64_H4,0,validation:d6:t0:prandomized:tree307:i60008,4,4,11,randomized,0,6,validation,0.0554351806640625,0,1,8,307,64
L4_W64_H4,0,validation:d6:t1:paligned:tree101:i60000,4,4,11,aligned,0,6,validation,0.01296234130859375,1,1,8,101,64
L4_W64_H4,0,validation:d6:t1:paligned:tree101:i60001,4,4,11,aligned,1,6,validation,-0.06836128234863281,1,0,8,101,64
L4_W64_H4,1,validation:d6:t1:paligned:tree101:i60002,4,4,11,aligned,0,6,validation,0.10019874572753906,1,1,8,101,64
L4_W64_H4,1,validation:d6:t1:paligned:tree101:i60003,4,4,11,aligned,1,6,validation,-0.14195823669433594,1,0,8,101,64
L4_W64_H4,0,validation:d6:t1:paligned:tree101:i60004,4,4,11,aligned,0,6,validation,0.13774871826171875,1,1,8,101,64
L4_W64_H4,0,validation:d6:t1:paligned:tree101:i60005,4,4,11,aligned,1,6,validation,-0.14702415466308594,1,0,8,101,64
L4_W64_H4,1,validation:d6:t1:paligned:tree101:i60006,4,4,11,aligned,0,6,validation,0.07501411437988281,1,1,8,101,64
L4_W64_H4,1,validation:d6:t1:paligned:tree101:i60007,4,4,11,aligned,1,6,validation,-0.06905746459960938,1,0,8,101,64
L4_W64_H4,0,validation:d6:t1:paligned:tree101:i60008,4,4,11,aligned,0,6,validation,0.07020950317382812,1,1,8,101,64
L4_W64_H4,0,validation:d6:t1:paligned:tree101:i60009,4,4,11,aligned,1,6,validation,-0.04483604431152344,1,0,8,101,64
L4_W64_H4,1,validation:d6:t1:paligned:tree101:i60010,4,4,11,aligned,0,6,validation,0.1425323486328125,1,1,8,101,64
L4_W64_H4,1,validation:d6:t1:paligned:tree101:i60011,4,4,11,aligned,1,6,validation,0.013689041137695312,1,1,8,101,64
L4_W64_H4,0,validation:d6:t1:paligned:tree101:i60012,4,4,11,aligned,0,6,validation,0.09281539916992188,1,1,8,101,64
L4_W64_H4,0,validation:d6:t1:paligned:tree101:i60013,4,4,11,aligned,1,6,validation,-0.08173751831054688,1,0,8,101,64
L4_W64_H4,1,validation:d6:t1:paligned:tree101:i60014,4,4,11,aligned,0,6,validation,0.12126922607421875,1,1,8,101,64
L4_W64_H4,1,validation:d6:t1:paligned:tree101:i60015,4,4,11,aligned,1,6,validation,-0.09639930725097656,1,0,8,101,64
L4_W64_H4,0,validation:d6:t1:paligned:tree211:i60000,4,4,11,aligned,0,6,validation,0.08347702026367188,1,1,8,211,64
L4_W64_H4,0,validation:d6:t1:paligned:tree211:i60001,4,4,11,aligned,1,6,validation,-0.10749244689941406,1,0,8,211,64
L4_W64_H4,1,validation:d6:t1:paligned:tree211:i60002,4,4,11,aligned,0,6,validation,0.15596771240234375,1,1,8,211,64
L4_W64_H4,1,validation:d6:t1:paligned:tree211:i60003,4,4,11,aligned,1,6,validation,-0.07611083984375,1,0,8,211,64
L4_W64_H4,0,validation:d6:t1:paligned:tree211:i60004,4,4,11,aligned,0,6,validation,0.11855697631835938,1,1,8,211,64
L4_W64_H4,0,validation:d6:t1:paligned:tree211:i60005,4,4,11,aligned,1,6,validation,-0.05387306213378906,1,0,8,211,64
L4_W64_H4,1,validation:d6:t1:paligned:tree211:i60006,4,4,11,aligned,0,6,validation,0.018781661987304688,1,1,8,211,64
L4_W64_H4,1,validation:d6:t1:paligned:tree211:i60007,4,4,11,aligned,1,6,validation,-0.030185699462890625,1,0,8,211,64
L4_W64_H4,0,validation:d6:t1:paligned:tree211:i60008,4,4,11,aligned,0,6,validation,0.14727210998535156,1,1,8,211,64
L4_W64_H4,0,validation:d6:t1:paligned:tree211:i60009,4,4,11,aligned,1,6,validation,-0.0345611572265625,1,0,8,211,64
L4_W64_H4,1,validation:d6:t1:paligned:tree211:i60010,4,4,11,aligned,0,6,validation,0.012937545776367188,1,1,8,211,64
L4_W64_H4,1,validation:d6:t1:paligned:tree211:i60011,4,4,11,aligned,1,6,validation,-0.07470893859863281,1,0,8,211,64
L4_W64_H4,0,validation:d6:t1:paligned:tree211:i60012,4,4,11,aligned,0,6,validation,0.1384601593017578,1,1,8,211,64
L4_W64_H4,0,validation:d6:t1:paligned:tree211:i60013,4,4,11,aligned,1,6,validation,-0.09585952758789062,1,0,8,211,64
L4_W64_H4,1,validation:d6:t1:paligned:tree211:i60014,4,4,11,aligned,0,6,validation,0.03749656677246094,1,1,8,211,64
L4_W64_H4,1,validation:d6:t1:paligned:tree211:i60015,4,4,11,aligned,1,6,validation,-0.11479759216308594,1,0,8,211,64
L4_W64_H4,0,validation:d6:t1:paligned:tree307:i60000,4,4,11,aligned,0,6,validation,0.13873863220214844,1,1,8,307,64
L4_W64_H4,0,validation:d6:t1:paligned:tree307:i60001,4,4,11,aligned,1,6,validation,-0.10792350769042969,1,0,8,307,64
L4_W64_H4,1,validation:d6:t1:paligned:tree307:i60002,4,4,11,aligned,0,6,validation,0.09011268615722656,1,1,8,307,64
L4_W64_H4,1,validation:d6:t1:paligned:tree307:i60003,4,4,11,aligned,1,6,validation,0.030162811279296875,1,1,8,307,64
L4_W64_H4,0,validation:d6:t1:paligned:tree307:i60004,4,4,11,aligned,0,6,validation,0.15990829467773438,1,1,8,307,64
L4_W64_H4,0,validation:d6:t1:paligned:tree307:i60005,4,4,11,aligned,1,6,validation,-0.08896446228027344,1,0,8,307,64
L4_W64_H4,1,validation:d6:t1:paligned:tree307:i60006,4,4,11,aligned,0,6,validation,0.0018157958984375,1,1,8,307,64
L4_W64_H4,1,validation:d6:t1:paligned:tree307:i60007,4,4,11,aligned,1,6,validation,-0.10092735290527344,1,0,8,307,64
L4_W64_H4,0,validation:d6:t1:paligned:tree307:i60008,4,4,11,aligned,0,6,validation,0.057476043701171875,1,1,8,307,64
L4_W64_H4,0,validation:d6:t1:paligned:tree307:i60009,4,4,11,aligned,1,6,validation,0.014596939086914062,1,1,8,307,64
L4_W64_H4,1,validation:d6:t1:paligned:tree307:i60010,4,4,11,aligned,0,6,validation,-0.0001125335693359375,1,0,8,307,64
L4_W64_H4,1,validation:d6:t1:paligned:tree307:i60011,4,4,11,aligned,1,6,validation,-0.04387664794921875,1,0,8,307,64
L4_W64_H4,0,validation:d6:t1:paligned:tree307:i60012,4,4,11,aligned,0,6,validation,0.06133079528808594,1,1,8,307,64
L4_W64_H4,0,validation:d6:t1:paligned:tree307:i60013,4,4,11,aligned,1,6,validation,-0.1439056396484375,1,0,8,307,64
L4_W64_H4,1,validation:d6:t1:paligned:tree307:i60014,4,4,11,aligned,0,6,validation,0.08563995361328125,1,1,8,307,64
L4_W64_H4,1,validation:d6:t1:paligned:tree307:i60015,4,4,11,aligned,1,6,validation,-0.06766891479492188,1,0,8,307,64
L4_W64_H4,0,validation:d6:t1:prandomized:tree211:i60012,4,4,11,randomized,0,6,validation,0.1384601593017578,1,1,8,211,64
L4_W64_H4,1,validation:d6:t1:prandomized:tree211:i60015,4,4,11,randomized,1,6,validation,-0.11479759216308594,1,0,8,211,64
L4_W64_H4,1,validation:d6:t1:prandomized:tree307:i60006,4,4,11,randomized,0,6,validation,0.0018157958984375,1,1,8,307,64
L4_W64_H4,0,validation:d6:t1:prandomized:tree307:i60008,4,4,11,randomized,0,6,validation,0.057476043701171875,1,1,8,307,64
L4_W64_H4,0,validation:d6:t2:paligned:tree101:i60000,4,4,11,aligned,0,6,validation,0.0122222900390625,2,1,8,101,64
L4_W64_H4,0,validation:d6:t2:paligned:tree101:i60001,4,4,11,aligned,1,6,validation,-0.07296562194824219,2,0,8,101,64
L4_W64_H4,1,validation:d6:t2:paligned:tree101:i60002,4,4,11,aligned,0,6,validation,0.10598564147949219,2,1,8,101,64
L4_W64_H4,1,validation:d6:t2:paligned:tree101:i60003,4,4,11,aligned,1,6,validation,-0.14348793029785156,2,0,8,101,64
L4_W64_H4,0,validation:d6:t2:paligned:tree101:i60004,4,4,11,aligned,0,6,validation,0.1430797576904297,2,1,8,101,64
L4_W64_H4,0,validation:d6:t2:paligned:tree101:i60005,4,4,11,aligned,1,6,validation,-0.14879608154296875,2,0,8,101,64
L4_W64_H4,1,validation:d6:t2:paligned:tree101:i60006,4,4,11,aligned,0,6,validation,0.07589340209960938,2,1,8,101,64
L4_W64_H4,1,validation:d6:t2:paligned:tree101:i60007,4,4,11,aligned,1,6,validation,-0.0703277587890625,2,0,8,101,64
L4_W64_H4,0,validation:d6:t2:paligned:tree101:i60008,4,4,11,aligned,0,6,validation,0.07111358642578125,2,1,8,101,64
L4_W64_H4,0,validation:d6:t2:paligned:tree101:i60009,4,4,11,aligned,1,6,validation,-0.045497894287109375,2,0,8,101,64
L4_W64_H4,1,validation:d6:t2:paligned:tree101:i60010,4,4,11,aligned,0,6,validation,0.14212799072265625,2,1,8,101,64
L4_W64_H4,1,validation:d6:t2:paligned:tree101:i60011,4,4,11,aligned,1,6,validation,0.010122299194335938,2,1,8,101,64
L4_W64_H4,0,validation:d6:t2:paligned:tree101:i60012,4,4,11,aligned,0,6,validation,0.09136772155761719,2,1,8,101,64
L4_W64_H4,0,validation:d6:t2:paligned:tree101:i60013,4,4,11,aligned,1,6,validation,-0.07972335815429688,2,0,8,101,64
L4_W64_H4,1,validation:d6:t2:paligned:tree101:i60014,4,4,11,aligned,0,6,validation,0.12024879455566406,2,1,8,101,64
L4_W64_H4,1,validation:d6:t2:paligned:tree101:i60015,4,4,11,aligned,1,6,validation,-0.08982467651367188,2,0,8,101,64
L4_W64_H4,0,validation:d6:t2:paligned:tree211:i60000,4,4,11,aligned,0,6,validation,0.08730125427246094,2,1,8,211,64
L4_W64_H4,0,validation:d6:t2:paligned:tree211:i60001,4,4,11,aligned,1,6,validation,-0.10886001586914062,2,0,8,211,64
L4_W64_H4,1,validation:d6:t2:paligned:tree211:i60002,4,4,11,aligned,0,6,validation,0.15514755249023438,2,1,8,211,64
L4_W64_H4,1,validation:d6:t2:paligned:tree211:i60003,4,4,11,aligned,1,6,validation,-0.07307624816894531,2,0,8,211,64
L4_W64_H4,0,validation:d6:t2:paligned:tree211:i60004,4,4,11,aligned,0,6,validation,0.11967086791992188,2,1,8,211,64
L4_W64_H4,0,validation:d6:t2:paligned:tree211:i60005,4,4,11,aligned,1,6,validation,-0.05379486083984375,2,0,8,211,64
L4_W64_H4,1,validation:d6:t2:paligned:tree211:i60006,4,4,11,aligned,0,6,validation,0.021524429321289062,2,1,8,211,64
L4_W64_H4,1,validation:d6:t2:paligned:tree211:i60007,4,4,11,aligned,1,6,validation,-0.033977508544921875,2,0,8,211,64
L4_W64_H4,0,validation:d6:t2:paligned:tree211:i60008,4,4,11,aligned,0,6,validation,0.14630508422851562,2,1,8,211,64
L4_W64_H4,0,validation:d6:t2:paligned:tree211:i60009,4,4,11,aligned,1,6,validation,-0.03846931457519531,2,0,8,211,64
L4_W64_H4,1,validation:d6:t2:paligned:tree211:i60010,4,4,11,aligned,0,6,validation,0.0144500732421875,2,1,8,211,64
L4_W64_H4,1,validation:d6:t2:paligned:tree211:i60011,4,4,11,aligned,1,6,validation,-0.071807861328125,2,0,8,211,64
L4_W64_H4,0,validation:d6:t2:paligned:tree211:i60012,4,4,11,aligned,0,6,validation,0.13497352600097656,2,1,8,211,64
L4_W64_H4,0,validation:d6:t2:paligned:tree211:i60013,4,4,11,aligned,1,6,validation,-0.09023666381835938,2,0,8,211,64
L4_W64_H4,1,validation:d6:t2:paligned:tree211:i60014,4,4,11,aligned,0,6,validation,0.03823280334472656,2,1,8,211,64
L4_W64_H4,1,validation:d6:t2:paligned:tree211:i60015,4,4,11,aligned,1,6,validation,-0.11736488342285156,2,0,8,211,64
L4_W64_H4,0,validation:d6:t2:paligned:tree307:i60000,4,4,11,aligned,0,6,validation,0.1408519744873047,2,1,8,307,64
L4_W64_H4,0,validation:d6:t2:paligned:tree307:i60001,4,4,11,aligned,1,6,validation,-0.11131858825683594,2,0,8,307,64
L4_W64_H4,1,validation:d6:t2:paligned:tree307:i60002,4,4,11,aligned,0,6,validation,0.08531951904296875,2,1,8,307,64
L4_W64_H4,1,validation:d6:t2:paligned:tree307:i60003,4,4,11,aligned,1,6,validation,0.0298309326171875,2,1,8,307,64
L4_W64_H4,0,validation:d6:t2:paligned:tree307:i60004,4,4,11,aligned,0,6,validation,0.16184425354003906,2,1,8,307,64
L4_W64_H4,0,validation:d6:t2:paligned:tree307:i60005,4,4,11,aligned,1,6,validation,-0.08677864074707031,2,0,8,307,64
L4_W64_H4,1,validation:d6:t2:paligned:tree307:i60006,4,4,11,aligned,0,6,validation,0.0007877349853515625,2,1,8,307,64
L4_W64_H4,1,validation:d6:t2:paligned:tree307:i60007,4,4,11,aligned,1,6,validation,-0.10061454772949219,2,0,8,307,64
L4_W64_H4,0,validation:d6:t2:paligned:tree307:i60008,4,4,11,aligned,0,6,validation,0.06198310852050781,2,1,8,307,64
L4_W64_H4,0,validation:d6:t2:paligned:tree307:i60009,4,4,11,aligned,1,6,validation,0.0047512054443359375,2,1,8,307,64
L4_W64_H4,1,validation:d6:t2:paligned:tree307:i60010,4,4,11,aligned,0,6,validation,0.00028228759765625,2,1,8,307,64
L4_W64_H4,1,validation:d6:t2:paligned:tree307:i60011,4,4,11,aligned,1,6,validation,-0.04203605651855469,2,0,8,307,64
L4_W64_H4,0,validation:d6:t2:paligned:tree307:i60012,4,4,11,aligned,0,6,validation,0.06225776672363281,2,1,8,307,64
L4_W64_H4,0,validation:d6:t2:paligned:tree307:i60013,4,4,11,aligned,1,6,validation,-0.14329910278320312,2,0,8,307,64
L4_W64_H4,1,validation:d6:t2:paligned:tree307:i60014,4,4,11,aligned,0,6,validation,0.08537101745605469,2,1,8,307,64
L4_W64_H4,1,validation:d6:t2:paligned:tree307:i60015,4,4,11,aligned,1,6,validation,-0.06839942932128906,2,0,8,307,64
L4_W64_H4,1,validation:d6:t2:prandomized:tree101:i60006,4,4,11,randomized,0,6,validation,0.07589340209960938,2,1,8,101,64
L4_W64_H4,0,validation:d6:t2:prandomized:tree101:i60008,4,4,11,randomized,0,6,validation,0.07111358642578125,2,1,8,101,64
L4_W64_H4,1,validation:d6:t2:prandomized:tree101:i60010,4,4,11,randomized,0,6,validation,0.14212799072265625,2,1,8,101,64
L4_W64_H4,0,validation:d6:t2:prandomized:tree211:i60000,4,4,11,randomized,0,6,validation,0.08730125427246094,2,1,8,211,64
L4_W64_H4,0,validation:d6:t2:prandomized:tree211:i60005,4,4,11,randomized,1,6,validation,-0.05379486083984375,2,0,8,211,64
L4_W64_H4,1,validation:d6:t2:prandomized:tree307:i60010,4,4,11,randomized,0,6,validation,0.00028228759765625,2,1,8,307,64
L4_W64_H4,0,validation:d6:t3:paligned:tree101:i60000,4,4,11,aligned,0,6,validation,0.013027191162109375,3,1,8,101,64
L4_W64_H4,0,validation:d6:t3:paligned:tree101:i60001,4,4,11,aligned,1,6,validation,-0.06845283508300781,3,0,8,101,64
L4_W64_H4,1,validation:d6:t3:paligned:tree101:i60002,4,4,11,aligned,0,6,validation,0.09854698181152344,3,1,8,101,64
L4_W64_H4,1,validation:d6:t3:paligned:tree101:i60003,4,4,11,aligned,1,6,validation,-0.142669677734375,3,0,8,101,64
L4_W64_H4,0,validation:d6:t3:paligned:tree101:i60004,4,4,11,aligned,0,6,validation,0.13925933837890625,3,1,8,101,64
L4_W64_H4,0,validation:d6:t3:paligned:tree101:i60005,4,4,11,aligned,1,6,validation,-0.1454296112060547,3,0,8,101,64
L4_W64_H4,1,validation:d6:t3:paligned:tree101:i60006,4,4,11,aligned,0,6,validation,0.07501602172851562,3,1,8,101,64
L4_W64_H4,1,validation:d6:t3:paligned:tree101:i60007,4,4,11,aligned,1,6,validation,-0.06404685974121094,3,0,8,101,64
L4_W64_H4,0,validation:d6:t3:paligned:tree101:i60008,4,4,11,aligned,0,6,validation,0.07058525085449219,3,1,8,101,64
L4_W64_H4,0,validation:d6:t3:paligned:tree101:i60009,4,4,11,aligned,1,6,validation,-0.04294586181640625,3,0,8,101,64
L4_W64_H4,1,validation:d6:t3:paligned:tree101:i60010,4,4,11,aligned,0,6,validation,0.14069557189941406,3,1,8,101,64
L4_W64_H4,1,validation:d6:t3:paligned:tree101:i60011,4,4,11,aligned,1,6,validation,0.014616012573242188,3,1,8,101,64
L4_W64_H4,0,validation:d6:t3:paligned:tree101:i60012,4,4,11,aligned,0,6,validation,0.09034347534179688,3,1,8,101,64
L4_W64_H4,0,validation:d6:t3:paligned:tree101:i60013,4,4,11,aligned,1,6,validation,-0.07679939270019531,3,0,8,101,64
L4_W64_H4,1,validation:d6:t3:paligned:tree101:i60014,4,4,11,aligned,0,6,validation,0.1209716796875,3,1,8,101,64
L4_W64_H4,1,validation:d6:t3:paligned:tree101:i60015,4,4,11,aligned,1,6,validation,-0.09161758422851562,3,0,8,101,64
L4_W64_H4,0,validation:d6:t3:paligned:tree211:i60000,4,4,11,aligned,0,6,validation,0.08327293395996094,3,1,8,211,64
L4_W64_H4,0,validation:d6:t3:paligned:tree211:i60001,4,4,11,aligned,1,6,validation,-0.10567283630371094,3,0,8,211,64
L4_W64_H4,1,validation:d6:t3:paligned:tree211:i60002,4,4,11,aligned,0,6,validation,0.1526031494140625,3,1,8,211,64
L4_W64_H4,1,validation:d6:t3:paligned:tree211:i60003,4,4,11,aligned,1,6,validation,-0.06970787048339844,3,0,8,211,64
L4_W64_H4,0,validation:d6:t3:paligned:tree211:i60004,4,4,11,aligned,0,6,validation,0.12041091918945312,3,1,8,211,64
L4_W64_H4,0,validation:d6:t3:paligned:tree211:i60005,4,4,11,aligned,1,6,validation,-0.05288124084472656,3,0,8,211,64
L4_W64_H4,1,validation:d6:t3:paligned:tree211:i60006,4,4,11,aligned,0,6,validation,0.020305633544921875,3,1,8,211,64
L4_W64_H4,1,validation:d6:t3:paligned:tree211:i60007,4,4,11,aligned,1,6,validation,-0.031049728393554688,3,0,8,211,64
L4_W64_H4,0,validation:d6:t3:paligned:tree211:i60008,4,4,11,aligned,0,6,validation,0.14509201049804688,3,1,8,211,64
L4_W64_H4,0,validation:d6:t3:paligned:tree211:i60009,4,4,11,aligned,1,6,validation,-0.033420562744140625,3,0,8,211,64
L4_W64_H4,1,validation:d6:t3:paligned:tree211:i60010,4,4,11,aligned,0,6,validation,0.009130477905273438,3,1,8,211,64
L4_W64_H4,1,validation:d6:t3:paligned:tree211:i60011,4,4,11,aligned,1,6,validation,-0.07131195068359375,3,0,8,211,64
L4_W64_H4,0,validation:d6:t3:paligned:tree211:i60012,4,4,11,aligned,0,6,validation,0.13711929321289062,3,1,8,211,64
L4_W64_H4,0,validation:d6:t3:paligned:tree211:i60013,4,4,11,aligned,1,6,validation,-0.09321212768554688,3,0,8,211,64
L4_W64_H4,1,validation:d6:t3:paligned:tree211:i60014,4,4,11,aligned,0,6,validation,0.03499412536621094,3,1,8,211,64
L4_W64_H4,1,validation:d6:t3:paligned:tree211:i60015,4,4,11,aligned,1,6,validation,-0.11371612548828125,3,0,8,211,64
L4_W64_H4,0,validation:d6:t3:paligned:tree307:i60000,4,4,11,aligned,0,6,validation,0.13675880432128906,3,1,8,307,64
L4_W64_H4,0,validation:d6:t3:paligned:tree307:i60001,4,4,11,aligned,1,6,validation,-0.11139297485351562,3,0,8,307,64
L4_W64_H4,1,validation:d6:t3:paligned:tree307:i60002,4,4,11,aligned,0,6,validation,0.08402442932128906,3,1,8,307,64
L4_W64_H4,1,validation:d6:t3:paligned:tree307:i60003,4,4,11,aligned,1,6,validation,0.028791427612304688,3,1,8,307,64
L4_W64_H4,0,validation:d6:t3:paligned:tree307:i60004,4,4,11,aligned,0,6,validation,0.15777015686035156,3,1,8,307,64
L4_W64_H4,0,validation:d6:t3:paligned:tree307:i60005,4,4,11,aligned,1,6,validation,-0.088897705078125,3,0,8,307,64
L4_W64_H4,1,validation:d6:t3:paligned:tree307:i60006,4,4,11,aligned,0,6,validation,-0.0046558380126953125,3,0,8,307,64
L4_W64_H4,1,validation:d6:t3:paligned:tree307:i60007,4,4,11,aligned,1,6,validation,-0.10509109497070312,3,0,8,307,64
L4_W64_H4,0,validation:d6:t3:paligned:tree307:i60008,4,4,11,aligned,0,6,validation,0.06026268005371094,3,1,8,307,64
L4_W64_H4,0,validation:d6:t3:paligned:tree307:i60009,4,4,11,aligned,1,6,validation,0.014123916625976562,3,1,8,307,64
L4_W64_H4,1,validation:d6:t3:paligned:tree307:i60010,4,4,11,aligned,0,6,validation,-0.0018749237060546875,3,0,8,307,64
L4_W64_H4,1,validation:d6:t3:paligned:tree307:i60011,4,4,11,aligned,1,6,validation,-0.039981842041015625,3,0,8,307,64
L4_W64_H4,0,validation:d6:t3:paligned:tree307:i60012,4,4,11,aligned,0,6,validation,0.05766105651855469,3,1,8,307,64
L4_W64_H4,0,validation:d6:t3:paligned:tree307:i60013,4,4,11,aligned,1,6,validation,-0.14229774475097656,3,0,8,307,64
L4_W64_H4,1,validation:d6:t3:paligned:tree307:i60014,4,4,11,aligned,0,6,validation,0.08057975769042969,3,1,8,307,64
L4_W64_H4,1,validation:d6:t3:paligned:tree307:i60015,4,4,11,aligned,1,6,validation,-0.06654548645019531,3,0,8,307,64
L4_W64_H4,1,validation:d6:t3:prandomized:tree101:i60006,4,4,11,randomized,0,6,validation,0.07501602172851562,3,1,8,101,64
L4_W64_H4,0,validation:d6:t3:prandomized:tree101:i60008,4,4,11,randomized,0,6,validation,0.07058525085449219,3,1,8,101,64
L4_W64_H4,1,validation:d6:t3:prandomized:tree101:i60010,4,4,11,randomized,0,6,validation,0.14069557189941406,3,1,8,101,64
L4_W64_H4,0,validation:d6:t3:prandomized:tree211:i60000,4,4,11,randomized,0,6,validation,0.08327293395996094,3,1,8,211,64
L4_W64_H4,0,validation:d6:t3:prandomized:tree211:i60005,4,4,11,randomized,1,6,validation,-0.05288124084472656,3,0,8,211,64
L4_W64_H4,1,validation:d6:t3:prandomized:tree307:i60010,4,4,11,randomized,0,6,validation,-0.0018749237060546875,3,0,8,307,64
L4_W64_H4,0,test:d6:t0:paligned:tree101:i60000,4,4,11,aligned,0,6,test,-0.018651962280273438,0,0,8,101,64
L4_W64_H4,0,test:d6:t0:paligned:tree101:i60001,4,4,11,aligned,1,6,test,-0.11569595336914062,0,0,8,101,64
L4_W64_H4,1,test:d6:t0:paligned:tree101:i60002,4,4,11,aligned,0,6,test,0.09722137451171875,0,1,8,101,64
L4_W64_H4,1,test:d6:t0:paligned:tree101:i60003,4,4,11,aligned,1,6,test,-0.06487464904785156,0,0,8,101,64
L4_W64_H4,0,test:d6:t0:paligned:tree101:i60004,4,4,11,aligned,0,6,test,0.09488487243652344,0,1,8,101,64
L4_W64_H4,0,test:d6:t0:paligned:tree101:i60005,4,4,11,aligned,1,6,test,-0.031978607177734375,0,0,8,101,64
L4_W64_H4,1,test:d6:t0:paligned:tree101:i60006,4,4,11,aligned,0,6,test,0.09673500061035156,0,1,8,101,64
L4_W64_H4,1,test:d6:t0:paligned:tree101:i60007,4,4,11,aligned,1,6,test,0.03182029724121094,0,1,8,101,64
L4_W64_H4,0,test:d6:t0:paligned:tree101:i60008,4,4,11,aligned,0,6,test,0.11987686157226562,0,1,8,101,64
L4_W64_H4,0,test:d6:t0:paligned:tree101:i60009,4,4,11,aligned,1,6,test,-0.15119171142578125,0,0,8,101,64
L4_W64_H4,1,test:d6:t0:paligned:tree101:i60010,4,4,11,aligned,0,6,test,-0.024950027465820312,0,0,8,101,64
L4_W64_H4,1,test:d6:t0:paligned:tree101:i60011,4,4,11,aligned,1,6,test,-0.08870506286621094,0,0,8,101,64
L4_W64_H4,0,test:d6:t0:paligned:tree101:i60012,4,4,11,aligned,0,6,test,0.06429290771484375,0,1,8,101,64
L4_W64_H4,0,test:d6:t0:paligned:tree101:i60013,4,4,11,aligned,1,6,test,-0.07931709289550781,0,0,8,101,64
L4_W64_H4,1,test:d6:t0:paligned:tree101:i60014,4,4,11,aligned,0,6,test,0.014383316040039062,0,1,8,101,64
L4_W64_H4,1,test:d6:t0:paligned:tree101:i60015,4,4,11,aligned,1,6,test,-0.12092781066894531,0,0,8,101,64
L4_W64_H4,0,test:d6:t0:paligned:tree211:i60000,4,4,11,aligned,0,6,test,0.025074005126953125,0,1,8,211,64
L4_W64_H4,0,test:d6:t0:paligned:tree211:i60001,4,4,11,aligned,1,6,test,-0.1271991729736328,0,0,8,211,64
L4_W64_H4,1,test:d6:t0:paligned:tree211:i60002,4,4,11,aligned,0,6,test,0.12350273132324219,0,1,8,211,64
L4_W64_H4,1,test:d6:t0:paligned:tree211:i60003,4,4,11,aligned,1,6,test,-0.03573036193847656,0,0,8,211,64
L4_W64_H4,0,test:d6:t0:paligned:tree211:i60004,4,4,11,aligned,0,6,test,0.014310836791992188,0,1,8,211,64
L4_W64_H4,0,test:d6:t0:paligned:tree211:i60005,4,4,11,aligned,1,6,test,-0.16404151916503906,0,0,8,211,64
L4_W64_H4,1,test:d6:t0:paligned:tree211:i60006,4,4,11,aligned,0,6,test,0.07996177673339844,0,1,8,211,64
L4_W64_H4,1,test:d6:t0:paligned:tree211:i60007,4,4,11,aligned,1,6,test,-0.09557342529296875,0,0,8,211,64
L4_W64_H4,0,test:d6:t0:paligned:tree211:i60008,4,4,11,aligned,0,6,test,0.002109527587890625,0,1,8,211,64
L4_W64_H4,0,test:d6:t0:paligned:tree211:i60009,4,4,11,aligned,1,6,test,-0.020700454711914062,0,0,8,211,64
L4_W64_H4,1,test:d6:t0:paligned:tree211:i60010,4,4,11,aligned,0,6,test,0.06968307495117188,0,1,8,211,64
L4_W64_H4,1,test:d6:t0:paligned:tree211:i60011,4,4,11,aligned,1,6,test,-0.04981231689453125,0,0,8,211,64
L4_W64_H4,0,test:d6:t0:paligned:tree211:i60012,4,4,11,aligned,0,6,test,0.10314750671386719,0,1,8,211,64
L4_W64_H4,0,test:d6:t0:paligned:tree211:i60013,4,4,11,aligned,1,6,test,-0.12680816650390625,0,0,8,211,64
L4_W64_H4,1,test:d6:t0:paligned:tree211:i60014,4,4,11,aligned,0,6,test,0.023319244384765625,0,1,8,211,64
L4_W64_H4,1,test:d6:t0:paligned:tree211:i60015,4,4,11,aligned,1,6,test,-0.07215118408203125,0,0,8,211,64
L4_W64_H4,0,test:d6:t0:paligned:tree307:i60000,4,4,11,aligned,0,6,test,0.10778045654296875,0,1,8,307,64
L4_W64_H4,0,test:d6:t0:paligned:tree307:i60001,4,4,11,aligned,1,6,test,-0.12819290161132812,0,0,8,307,64
L4_W64_H4,1,test:d6:t0:paligned:tree307:i60002,4,4,11,aligned,0,6,test,0.026363372802734375,0,1,8,307,64
L4_W64_H4,1,test:d6:t0:paligned:tree307:i60003,4,4,11,aligned,1,6,test,-0.049678802490234375,0,0,8,307,64
L4_W64_H4,0,test:d6:t0:paligned:tree307:i60004,4,4,11,aligned,0,6,test,0.1348896026611328,0,1,8,307,64
L4_W64_H4,0,test:d6:t0:paligned:tree307:i60005,4,4,11,aligned,1,6,test,-0.04251861572265625,0,0,8,307,64
L4_W64_H4,1,test:d6:t0:paligned:tree307:i60006,4,4,11,aligned,0,6,test,0.0546875,0,1,8,307,64
L4_W64_H4,1,test:d6:t0:paligned:tree307:i60007,4,4,11,aligned,1,6,test,-0.1314239501953125,0,0,8,307,64
L4_W64_H4,0,test:d6:t0:paligned:tree307:i60008,4,4,11,aligned,0,6,test,0.040771484375,0,1,8,307,64
L4_W64_H4,0,test:d6:t0:paligned:tree307:i60009,4,4,11,aligned,1,6,test,-0.09221267700195312,0,0,8,307,64
L4_W64_H4,1,test:d6:t0:paligned:tree307:i60010,4,4,11,aligned,0,6,test,0.04638862609863281,0,1,8,307,64
L4_W64_H4,1,test:d6:t0:paligned:tree307:i60011,4,4,11,aligned,1,6,test,-0.15178298950195312,0,0,8,307,64
L4_W64_H4,0,test:d6:t0:paligned:tree307:i60012,4,4,11,aligned,0,6,test,0.03640174865722656,0,1,8,307,64
L4_W64_H4,0,test:d6:t0:paligned:tree307:i60013,4,4,11,aligned,1,6,test,-0.1099395751953125,0,0,8,307,64
L4_W64_H4,1,test:d6:t0:paligned:tree307:i60014,4,4,11,aligned,0,6,test,0.0156707763671875,0,1,8,307,64
L4_W64_H4,1,test:d6:t0:paligned:tree307:i60015,4,4,11,aligned,1,6,test,-0.06681442260742188,0,0,8,307,64
L4_W64_H4,0,test:d6:t0:prandomized:tree211:i60012,4,4,11,randomized,0,6,test,0.10314750671386719,0,1,8,211,64
L4_W64_H4,1,test:d6:t0:prandomized:tree211:i60015,4,4,11,randomized,1,6,test,-0.07215118408203125,0,0,8,211,64
L4_W64_H4,1,test:d6:t0:prandomized:tree307:i60006,4,4,11,randomized,0,6,test,0.0546875,0,1,8,307,64
L4_W64_H4,0,test:d6:t0:prandomized:tree307:i60008,4,4,11,randomized,0,6,test,0.040771484375,0,1,8,307,64
L4_W64_H4,0,test:d6:t1:paligned:tree101:i60000,4,4,11,aligned,0,6,test,-0.01697540283203125,1,0,8,101,64
L4_W64_H4,0,test:d6:t1:paligned:tree101:i60001,4,4,11,aligned,1,6,test,-0.11897468566894531,1,0,8,101,64
L4_W64_H4,1,test:d6:t1:paligned:tree101:i60002,4,4,11,aligned,0,6,test,0.096649169921875,1,1,8,101,64
L4_W64_H4,1,test:d6:t1:paligned:tree101:i60003,4,4,11,aligned,1,6,test,-0.06471061706542969,1,0,8,101,64
L4_W64_H4,0,test:d6:t1:paligned:tree101:i60004,4,4,11,aligned,0,6,test,0.09615516662597656,1,1,8,101,64
L4_W64_H4,0,test:d6:t1:paligned:tree101:i60005,4,4,11,aligned,1,6,test,-0.027265548706054688,1,0,8,101,64
L4_W64_H4,1,test:d6:t1:paligned:tree101:i60006,4,4,11,aligned,0,6,test,0.09648895263671875,1,1,8,101,64
L4_W64_H4,1,test:d6:t1:paligned:tree101:i60007,4,4,11,aligned,1,6,test,0.031095504760742188,1,1,8,101,64
L4_W64_H4,0,test:d6:t1:paligned:tree101:i60008,4,4,11,aligned,0,6,test,0.11991691589355469,1,1,8,101,64
L4_W64_H4,0,test:d6:t1:paligned:tree101:i60009,4,4,11,aligned,1,6,test,-0.15176773071289062,1,0,8,101,64
L4_W64_H4,1,test:d6:t1:paligned:tree101:i60010,4,4,11,aligned,0,6,test,-0.025974273681640625,1,0,8,101,64
L4_W64_H4,1,test:d6:t1:paligned:tree101:i60011,4,4,11,aligned,1,6,test,-0.08786964416503906,1,0,8,101,64
L4_W64_H4,0,test:d6:t1:paligned:tree101:i60012,4,4,11,aligned,0,6,test,0.06743812561035156,1,1,8,101,64
L4_W64_H4,0,test:d6:t1:paligned:tree101:i60013,4,4,11,aligned,1,6,test,-0.07715988159179688,1,0,8,101,64
L4_W64_H4,1,test:d6:t1:paligned:tree101:i60014,4,4,11,aligned,0,6,test,0.011295318603515625,1,1,8,101,64
L4_W64_H4,1,test:d6:t1:paligned:tree101:i60015,4,4,11,aligned,1,6,test,-0.12116622924804688,1,0,8,101,64
L4_W64_H4,0,test:d6:t1:paligned:tree211:i60000,4,4,11,aligned,0,6,test,0.022233963012695312,1,1,8,211,64
L4_W64_H4,0,test:d6:t1:paligned:tree211:i60001,4,4,11,aligned,1,6,test,-0.13074493408203125,1,0,8,211,64
L4_W64_H4,1,test:d6:t1:paligned:tree211:i60002,4,4,11,aligned,0,6,test,0.12345314025878906,1,1,8,211,64
L4_W64_H4,1,test:d6:t1:paligned:tree211:i60003,4,4,11,aligned,1,6,test,-0.031681060791015625,1,0,8,211,64
L4_W64_H4,0,test:d6:t1:paligned:tree211:i60004,4,4,11,aligned,0,6,test,0.009983062744140625,1,1,8,211,64
L4_W64_H4,0,test:d6:t1:paligned:tree211:i60005,4,4,11,aligned,1,6,test,-0.1635112762451172,1,0,8,211,64
L4_W64_H4,1,test:d6:t1:paligned:tree211:i60006,4,4,11,aligned,0,6,test,0.09106254577636719,1,1,8,211,64
L4_W64_H4,1,test:d6:t1:paligned:tree211:i60007,4,4,11,aligned,1,6,test,-0.09486961364746094,1,0,8,211,64
L4_W64_H4,0,test:d6:t1:paligned:tree211:i60008,4,4,11,aligned,0,6,test,0.0048160552978515625,1,1,8,211,64
L4_W64_H4,0,test:d6:t1:paligned:tree211:i60009,4,4,11,aligned,1,6,test,-0.013507843017578125,1,0,8,211,64
L4_W64_H4,1,test:d6:t1:paligned:tree211:i60010,4,4,11,aligned,0,6,test,0.06880950927734375,1,1,8,211,64
L4_W64_H4,1,test:d6:t1:paligned:tree211:i60011,4,4,11,aligned,1,6,test,-0.04985237121582031,1,0,8,211,64
L4_W64_H4,0,test:d6:t1:paligned:tree211:i60012,4,4,11,aligned,0,6,test,0.10503959655761719,1,1,8,211,64
L4_W64_H4,0,test:d6:t1:paligned:tree211:i60013,4,4,11,aligned,1,6,test,-0.12630844116210938,1,0,8,211,64
L4_W64_H4,1,test:d6:t1:paligned:tree211:i60014,4,4,11,aligned,0,6,test,0.026760101318359375,1,1,8,211,64
L4_W64_H4,1,test:d6:t1:paligned:tree211:i60015,4,4,11,aligned,1,6,test,-0.06943130493164062,1,0,8,211,64
L4_W64_H4,0,test:d6:t1:paligned:tree307:i60000,4,4,11,aligned,0,6,test,0.10612869262695312,1,1,8,307,64
L4_W64_H4,0,test:d6:t1:paligned:tree307:i60001,4,4,11,aligned,1,6,test,-0.1279773712158203,1,0,8,307,64
L4_W64_H4,1,test:d6:t1:paligned:tree307:i60002,4,4,11,aligned,0,6,test,0.025264739990234375,1,1,8,307,64
L4_W64_H4,1,test:d6:t1:paligned:tree307:i60003,4,4,11,aligned,1,6,test,-0.049671173095703125,1,0,8,307,64
L4_W64_H4,0,test:d6:t1:paligned:tree307:i60004,4,4,11,aligned,0,6,test,0.13539505004882812,1,1,8,307,64
L4_W64_H4,0,test:d6:t1:paligned:tree307:i60005,4,4,11,aligned,1,6,test,-0.04507637023925781,1,0,8,307,64
L4_W64_H4,1,test:d6:t1:paligned:tree307:i60006,4,4,11,aligned,0,6,test,0.05103874206542969,1,1,8,307,64
L4_W64_H4,1,test:d6:t1:paligned:tree307:i60007,4,4,11,aligned,1,6,test,-0.13112640380859375,1,0,8,307,64
L4_W64_H4,0,test:d6:t1:paligned:tree307:i60008,4,4,11,aligned,0,6,test,0.041423797607421875,1,1,8,307,64
L4_W64_H4,0,test:d6:t1:paligned:tree307:i60009,4,4,11,aligned,1,6,test,-0.08901214599609375,1,0,8,307,64
L4_W64_H4,1,test:d6:t1:paligned:tree307:i60010,4,4,11,aligned,0,6,test,0.045879364013671875,1,1,8,307,64
L4_W64_H4,1,test:d6:t1:paligned:tree307:i60011,4,4,11,aligned,1,6,test,-0.15354537963867188,1,0,8,307,64
L4_W64_H4,0,test:d6:t1:paligned:tree307:i60012,4,4,11,aligned,0,6,test,0.03281211853027344,1,1,8,307,64
L4_W64_H4,0,test:d6:t1:paligned:tree307:i60013,4,4,11,aligned,1,6,test,-0.10920906066894531,1,0,8,307,64
L4_W64_H4,1,test:d6:t1:paligned:tree307:i60014,4,4,11,aligned,0,6,test,0.020841598510742188,1,1,8,307,64
L4_W64_H4,1,test:d6:t1:paligned:tree307:i60015,4,4,11,aligned,1,6,test,-0.06706428527832031,1,0,8,307,64
L4_W64_H4,0,test:d6:t1:prandomized:tree211:i60012,4,4,11,randomized,0,6,test,0.10503959655761719,1,1,8,211,64
L4_W64_H4,1,test:d6:t1:prandomized:tree211:i60015,4,4,11,randomized,1,6,test,-0.06943130493164062,1,0,8,211,64
L4_W64_H4,1,test:d6:t1:prandomized:tree307:i60006,4,4,11,randomized,0,6,test,0.05103874206542969,1,1,8,307,64
L4_W64_H4,0,test:d6:t1:prandomized:tree307:i60008,4,4,11,randomized,0,6,test,0.041423797607421875,1,1,8,307,64
L4_W64_H4,0,test:d6:t2:paligned:tree101:i60000,4,4,11,aligned,0,6,test,-0.017333984375,2,0,8,101,64
L4_W64_H4,0,test:d6:t2:paligned:tree101:i60001,4,4,11,aligned,1,6,test,-0.1165008544921875,2,0,8,101,64
L4_W64_H4,1,test:d6:t2:paligned:tree101:i60002,4,4,11,aligned,0,6,test,0.10106277465820312,2,1,8,101,64
L4_W64_H4,1,test:d6:t2:paligned:tree101:i60003,4,4,11,aligned,1,6,test,-0.06429862976074219,2,0,8,101,64
L4_W64_H4,0,test:d6:t2:paligned:tree101:i60004,4,4,11,aligned,0,6,test,0.09696197509765625,2,1,8,101,64
L4_W64_H4,0,test:d6:t2:paligned:tree101:i60005,4,4,11,aligned,1,6,test,-0.031421661376953125,2,0,8,101,64
L4_W64_H4,1,test:d6:t2:paligned:tree101:i60006,4,4,11,aligned,0,6,test,0.09812164306640625,2,1,8,101,64
L4_W64_H4,1,test:d6:t2:paligned:tree101:i60007,4,4,11,aligned,1,6,test,0.033935546875,2,1,8,101,64
L4_W64_H4,0,test:d6:t2:paligned:tree101:i60008,4,4,11,aligned,0,6,test,0.12147903442382812,2,1,8,101,64
L4_W64_H4,0,test:d6:t2:paligned:tree101:i60009,4,4,11,aligned,1,6,test,-0.15157318115234375,2,0,8,101,64
L4_W64_H4,1,test:d6:t2:paligned:tree101:i60010,4,4,11,aligned,0,6,test,-0.029436111450195312,2,0,8,101,64
L4_W64_H4,1,test:d6:t2:paligned:tree101:i60011,4,4,11,aligned,1,6,test,-0.09244155883789062,2,0,8,101,64
L4_W64_H4,0,test:d6:t2:paligned:tree101:i60012,4,4,11,aligned,0,6,test,0.07018280029296875,2,1,8,101,64
L4_W64_H4,0,test:d6:t2:paligned:tree101:i60013,4,4,11,aligned,1,6,test,-0.07980155944824219,2,0,8,101,64
L4_W64_H4,1,test:d6:t2:paligned:tree101:i60014,4,4,11,aligned,0,6,test,0.01629638671875,2,1,8,101,64
L4_W64_H4,1,test:d6:t2:paligned:tree101:i60015,4,4,11,aligned,1,6,test,-0.12167549133300781,2,0,8,101,64
L4_W64_H4,0,test:d6:t2:paligned:tree211:i60000,4,4,11,aligned,0,6,test,0.023685455322265625,2,1,8,211,64
L4_W64_H4,0,test:d6:t2:paligned:tree211:i60001,4,4,11,aligned,1,6,test,-0.1279582977294922,2,0,8,211,64
L4_W64_H4,1,test:d6:t2:paligned:tree211:i60002,4,4,11,aligned,0,6,test,0.12384223937988281,2,1,8,211,64
L4_W64_H4,1,test:d6:t2:paligned:tree211:i60003,4,4,11,aligned,1,6,test,-0.039669036865234375,2,0,8,211,64
L4_W64_H4,0,test:d6:t2:paligned:tree211:i60004,4,4,11,aligned,0,6,test,0.017488479614257812,2,1,8,211,64
L4_W64_H4,0,test:d6:t2:paligned:tree211:i60005,4,4,11,aligned,1,6,test,-0.16500473022460938,2,0,8,211,64
L4_W64_H4,1,test:d6:t2:paligned:tree211:i60006,4,4,11,aligned,0,6,test,0.08660125732421875,2,1,8,211,64
L4_W64_H4,1,test:d6:t2:paligned:tree211:i60007,4,4,11,aligned,1,6,test,-0.09661674499511719,2,0,8,211,64
L4_W64_H4,0,test:d6:t2:paligned:tree211:i60008,4,4,11,aligned,0,6,test,0.0035076141357421875,2,1,8,211,64
L4_W64_H4,0,test:d6:t2:paligned:tree211:i60009,4,4,11,aligned,1,6,test,-0.019968032836914062,2,0,8,211,64
L4_W64_H4,1,test:d6:t2:paligned:tree211:i60010,4,4,11,aligned,0,6,test,0.07309341430664062,2,1,8,211,64
L4_W64_H4,1,test:d6:t2:paligned:tree211:i60011,4,4,11,aligned,1,6,test,-0.05257225036621094,2,0,8,211,64
L4_W64_H4,0,test:d6:t2:paligned:tree211:i60012,4,4,11,aligned,0,6,test,0.10146713256835938,2,1,8,211,64
L4_W64_H4,0,test:d6:t2:paligned:tree211:i60013,4,4,11,aligned,1,6,test,-0.1285419464111328,2,0,8,211,64
L4_W64_H4,1,test:d6:t2:paligned:tree211:i60014,4,4,11,aligned,0,6,test,0.025959014892578125,2,1,8,211,64
L4_W64_H4,1,test:d6:t2:paligned:tree211:i60015,4,4,11,aligned,1,6,test,-0.072479248046875,2,0,8,211,64
L4_W64_H4,0,test:d6:t2:paligned:tree307:i60000,4,4,11,aligned,0,6,test,0.10774803161621094,2,1,8,307,64
L4_W64_H4,0,test:d6:t2:paligned:tree307:i60001,4,4,11,aligned,1,6,test,-0.1294269561767578,2,0,8,307,64
L4_W64_H4,1,test:d6:t2:paligned:tree307:i60002,4,4,11,aligned,0,6,test,0.026592254638671875,2,1,8,307,64
L4_W64_H4,1,test:d6:t2:paligned:tree307:i60003,4,4,11,aligned,1,6,test,-0.05004692077636719,2,0,8,307,64
L4_W64_H4,0,test:d6:t2:paligned:tree307:i60004,4,4,11,aligned,0,6,test,0.1358642578125,2,1,8,307,64
L4_W64_H4,0,test:d6:t2:paligned:tree307:i60005,4,4,11,aligned,1,6,test,-0.04709053039550781,2,0,8,307,64
L4_W64_H4,1,test:d6:t2:paligned:tree307:i60006,4,4,11,aligned,0,6,test,0.05437660217285156,2,1,8,307,64
L4_W64_H4,1,test:d6:t2:paligned:tree307:i60007,4,4,11,aligned,1,6,test,-0.13303565979003906,2,0,8,307,64
L4_W64_H4,0,test:d6:t2:paligned:tree307:i60008,4,4,11,aligned,0,6,test,0.040374755859375,2,1,8,307,64
L4_W64_H4,0,test:d6:t2:paligned:tree307:i60009,4,4,11,aligned,1,6,test,-0.09142684936523438,2,0,8,307,64
L4_W64_H4,1,test:d6:t2:paligned:tree307:i60010,4,4,11,aligned,0,6,test,0.0500030517578125,2,1,8,307,64
L4_W64_H4,1,test:d6:t2:paligned:tree307:i60011,4,4,11,aligned,1,6,test,-0.15354537963867188,2,0,8,307,64
L4_W64_H4,0,test:d6:t2:paligned:tree307:i60012,4,4,11,aligned,0,6,test,0.03493499755859375,2,1,8,307,64
L4_W64_H4,0,test:d6:t2:paligned:tree307:i60013,4,4,11,aligned,1,6,test,-0.11292648315429688,2,0,8,307,64
L4_W64_H4,1,test:d6:t2:paligned:tree307:i60014,4,4,11,aligned,0,6,test,0.019557952880859375,2,1,8,307,64
L4_W64_H4,1,test:d6:t2:paligned:tree307:i60015,4,4,11,aligned,1,6,test,-0.06780052185058594,2,0,8,307,64
L4_W64_H4,1,test:d6:t2:prandomized:tree101:i60006,4,4,11,randomized,0,6,test,0.09812164306640625,2,1,8,101,64
L4_W64_H4,0,test:d6:t2:prandomized:tree101:i60008,4,4,11,randomized,0,6,test,0.12147903442382812,2,1,8,101,64
L4_W64_H4,1,test:d6:t2:prandomized:tree101:i60010,4,4,11,randomized,0,6,test,-0.029436111450195312,2,0,8,101,64
L4_W64_H4,0,test:d6:t2:prandomized:tree211:i60000,4,4,11,randomized,0,6,test,0.023685455322265625,2,1,8,211,64
L4_W64_H4,0,test:d6:t2:prandomized:tree211:i60005,4,4,11,randomized,1,6,test,-0.16500473022460938,2,0,8,211,64
L4_W64_H4,1,test:d6:t2:prandomized:tree307:i60010,4,4,11,randomized,0,6,test,0.0500030517578125,2,1,8,307,64
L4_W64_H4,0,test:d6:t3:paligned:tree101:i60000,4,4,11,aligned,0,6,test,-0.017154693603515625,3,0,8,101,64
L4_W64_H4,0,test:d6:t3:paligned:tree101:i60001,4,4,11,aligned,1,6,test,-0.11107635498046875,3,0,8,101,64
L4_W64_H4,1,test:d6:t3:paligned:tree101:i60002,4,4,11,aligned,0,6,test,0.09669685363769531,3,1,8,101,64
L4_W64_H4,1,test:d6:t3:paligned:tree101:i60003,4,4,11,aligned,1,6,test,-0.06210517883300781,3,0,8,101,64
L4_W64_H4,0,test:d6:t3:paligned:tree101:i60004,4,4,11,aligned,0,6,test,0.09193611145019531,3,1,8,101,64
L4_W64_H4,0,test:d6:t3:paligned:tree101:i60005,4,4,11,aligned,1,6,test,-0.030076980590820312,3,0,8,101,64
L4_W64_H4,1,test:d6:t3:paligned:tree101:i60006,4,4,11,aligned,0,6,test,0.09614372253417969,3,1,8,101,64
L4_W64_H4,1,test:d6:t3:paligned:tree101:i60007,4,4,11,aligned,1,6,test,0.031019210815429688,3,1,8,101,64
L4_W64_H4,0,test:d6:t3:paligned:tree101:i60008,4,4,11,aligned,0,6,test,0.11541175842285156,3,1,8,101,64
L4_W64_H4,0,test:d6:t3:paligned:tree101:i60009,4,4,11,aligned,1,6,test,-0.15143585205078125,3,0,8,101,64
L4_W64_H4,1,test:d6:t3:paligned:tree101:i60010,4,4,11,aligned,0,6,test,-0.028890609741210938,3,0,8,101,64
L4_W64_H4,1,test:d6:t3:paligned:tree101:i60011,4,4,11,aligned,1,6,test,-0.08716583251953125,3,0,8,101,64
L4_W64_H4,0,test:d6:t3:paligned:tree101:i60012,4,4,11,aligned,0,6,test,0.0672607421875,3,1,8,101,64
L4_W64_H4,0,test:d6:t3:paligned:tree101:i60013,4,4,11,aligned,1,6,test,-0.07617568969726562,3,0,8,101,64
L4_W64_H4,1,test:d6:t3:paligned:tree101:i60014,4,4,11,aligned,0,6,test,0.017971038818359375,3,1,8,101,64
L4_W64_H4,1,test:d6:t3:paligned:tree101:i60015,4,4,11,aligned,1,6,test,-0.11830711364746094,3,0,8,101,64
L4_W64_H4,0,test:d6:t3:paligned:tree211:i60000,4,4,11,aligned,0,6,test,0.020503997802734375,3,1,8,211,64
L4_W64_H4,0,test:d6:t3:paligned:tree211:i60001,4,4,11,aligned,1,6,test,-0.12932395935058594,3,0,8,211,64
L4_W64_H4,1,test:d6:t3:paligned:tree211:i60002,4,4,11,aligned,0,6,test,0.12861251831054688,3,1,8,211,64
L4_W64_H4,1,test:d6:t3:paligned:tree211:i60003,4,4,11,aligned,1,6,test,-0.030435562133789062,3,0,8,211,64
L4_W64_H4,0,test:d6:t3:paligned:tree211:i60004,4,4,11,aligned,0,6,test,0.01148223876953125,3,1,8,211,64
L4_W64_H4,0,test:d6:t3:paligned:tree211:i60005,4,4,11,aligned,1,6,test,-0.16223716735839844,3,0,8,211,64
L4_W64_H4,1,test:d6:t3:paligned:tree211:i60006,4,4,11,aligned,0,6,test,0.08600807189941406,3,1,8,211,64
L4_W64_H4,1,test:d6:t3:paligned:tree211:i60007,4,4,11,aligned,1,6,test,-0.09357643127441406,3,0,8,211,64
L4_W64_H4,0,test:d6:t3:paligned:tree211:i60008,4,4,11,aligned,0,6,test,0.015657424926757812,3,1,8,211,64
L4_W64_H4,0,test:d6:t3:paligned:tree211:i60009,4,4,11,aligned,1,6,test,-0.013570785522460938,3,0,8,211,64
L4_W64_H4,1,test:d6:t3:paligned:tree211:i60010,4,4,11,aligned,0,6,test,0.07131195068359375,3,1,8,211,64
L4_W64_H4,1,test:d6:t3:paligned:tree211:i60011,4,4,11,aligned,1,6,test,-0.04764366149902344,3,0,8,211,64
L4_W64_H4,0,test:d6:t3:paligned:tree211:i60012,4,4,11,aligned,0,6,test,0.10156631469726562,3,1,8,211,64
L4_W64_H4,0,test:d6:t3:paligned:tree211:i60013,4,4,11,aligned,1,6,test,-0.12650299072265625,3,0,8,211,64
L4_W64_H4,1,test:d6:t3:paligned:tree211:i60014,4,4,11,aligned,0,6,test,0.023799896240234375,3,1,8,211,64
L4_W64_H4,1,test:d6:t3:paligned:tree211:i60015,4,4,11,aligned,1,6,test,-0.07210159301757812,3,0,8,211,64
L4_W64_H4,0,test:d6:t3:paligned:tree307:i60000,4,4,11,aligned,0,6,test,0.10985183715820312,3,1,8,307,64
L4_W64_H4,0,test:d6:t3:paligned:tree307:i60001,4,4,11,aligned,1,6,test,-0.1277637481689453,3,0,8,307,64
L4_W64_H4,1,test:d6:t3:paligned:tree307:i60002,4,4,11,aligned,0,6,test,0.025419235229492188,3,1,8,307,64
L4_W64_H4,1,test:d6:t3:paligned:tree307:i60003,4,4,11,aligned,1,6,test,-0.049175262451171875,3,0,8,307,64
L4_W64_H4,0,test:d6:t3:paligned:tree307:i60004,4,4,11,aligned,0,6,test,0.1352710723876953,3,1,8,307,64
L4_W64_H4,0,test:d6:t3:paligned:tree307:i60005,4,4,11,aligned,1,6,test,-0.04492378234863281,3,0,8,307,64
L4_W64_H4,1,test:d6:t3:paligned:tree307:i60006,4,4,11,aligned,0,6,test,0.05239105224609375,3,1,8,307,64
L4_W64_H4,1,test:d6:t3:paligned:tree307:i60007,4,4,11,aligned,1,6,test,-0.13072776794433594,3,0,8,307,64
L4_W64_H4,0,test:d6:t3:paligned:tree307:i60008,4,4,11,aligned,0,6,test,0.039478302001953125,3,1,8,307,64
L4_W64_H4,0,test:d6:t3:paligned:tree307:i60009,4,4,11,aligned,1,6,test,-0.08632087707519531,3,0,8,307,64
L4_W64_H4,1,test:d6:t3:paligned:tree307:i60010,4,4,11,aligned,0,6,test,0.04441642761230469,3,1,8,307,64
L4_W64_H4,1,test:d6:t3:paligned:tree307:i60011,4,4,11,aligned,1,6,test,-0.15318870544433594,3,0,8,307,64
L4_W64_H4,0,test:d6:t3:paligned:tree307:i60012,4,4,11,aligned,0,6,test,0.0306396484375,3,1,8,307,64
L4_W64_H4,0,test:d6:t3:paligned:tree307:i60013,4,4,11,aligned,1,6,test,-0.11203384399414062,3,0,8,307,64
L4_W64_H4,1,test:d6:t3:paligned:tree307:i60014,4,4,11,aligned,0,6,test,0.021139144897460938,3,1,8,307,64
L4_W64_H4,1,test:d6:t3:paligned:tree307:i60015,4,4,11,aligned,1,6,test,-0.06473922729492188,3,0,8,307,64
L4_W64_H4,1,test:d6:t3:prandomized:tree101:i60006,4,4,11,randomized,0,6,test,0.09614372253417969,3,1,8,101,64
L4_W64_H4,0,test:d6:t3:prandomized:tree101:i60008,4,4,11,randomized,0,6,test,0.11541175842285156,3,1,8,101,64
L4_W64_H4,1,test:d6:t3:prandomized:tree101:i60010,4,4,11,randomized,0,6,test,-0.028890609741210938,3,0,8,101,64
L4_W64_H4,0,test:d6:t3:prandomized:tree211:i60000,4,4,11,randomized,0,6,test,0.020503997802734375,3,1,8,211,64
L4_W64_H4,0,test:d6:t3:prandomized:tree211:i60005,4,4,11,randomized,1,6,test,-0.16223716735839844,3,0,8,211,64
L4_W64_H4,1,test:d6:t3:prandomized:tree307:i60010,4,4,11,randomized,0,6,test,0.04441642761230469,3,1,8,307,64
L4_W64_H4,0,validation:d6:t0:prandomized:tree211:i60000,4,4,11,randomized,0,6,validation,0.08160781860351562,0,1,8,211,64
L4_W64_H4,0,validation:d6:t0:prandomized:tree211:i60009,4,4,11,randomized,1,6,validation,-0.031042098999023438,0,0,8,211,64
L4_W64_H4,0,validation:d6:t0:prandomized:tree307:i60000,4,4,11,randomized,0,6,validation,0.13407325744628906,0,1,8,307,64
L4_W64_H4,0,validation:d6:t1:prandomized:tree211:i60000,4,4,11,randomized,0,6,validation,0.07966995239257812,1,1,8,211,64
L4_W64_H4,0,validation:d6:t1:prandomized:tree211:i60009,4,4,11,randomized,1,6,validation,-0.029966354370117188,1,0,8,211,64
L4_W64_H4,0,validation:d6:t1:prandomized:tree307:i60000,4,4,11,randomized,0,6,validation,0.13738059997558594,1,1,8,307,64
L4_W64_H4,0,validation:d6:t2:prandomized:tree101:i60004,4,4,11,randomized,0,6,validation,0.14040756225585938,2,1,8,101,64
L4_W64_H4,0,validation:d6:t2:prandomized:tree101:i60009,4,4,11,randomized,1,6,validation,-0.042507171630859375,2,0,8,101,64
L4_W64_H4,0,validation:d6:t2:prandomized:tree211:i60004,4,4,11,randomized,0,6,validation,0.11882591247558594,2,1,8,211,64
L4_W64_H4,0,validation:d6:t2:prandomized:tree211:i60008,4,4,11,randomized,0,6,validation,0.1429290771484375,2,1,8,211,64
L4_W64_H4,0,validation:d6:t2:prandomized:tree211:i60013,4,4,11,randomized,1,6,validation,-0.0884857177734375,2,0,8,211,64
L4_W64_H4,0,validation:d6:t2:prandomized:tree307:i60001,4,4,11,randomized,1,6,validation,-0.10823440551757812,2,0,8,307,64
L4_W64_H4,0,validation:d6:t3:prandomized:tree101:i60004,4,4,11,randomized,0,6,validation,0.1338958740234375,3,1,8,101,64
L4_W64_H4,0,validation:d6:t3:prandomized:tree101:i60009,4,4,11,randomized,1,6,validation,-0.03952789306640625,3,0,8,101,64
L4_W64_H4,0,validation:d6:t3:prandomized:tree211:i60004,4,4,11,randomized,0,6,validation,0.118743896484375,3,1,8,211,64
L4_W64_H4,0,validation:d6:t3:prandomized:tree211:i60008,4,4,11,randomized,0,6,validation,0.1414337158203125,3,1,8,211,64
L4_W64_H4,0,validation:d6:t3:prandomized:tree211:i60013,4,4,11,randomized,1,6,validation,-0.09039497375488281,3,0,8,211,64
L4_W64_H4,0,validation:d6:t3:prandomized:tree307:i60001,4,4,11,randomized,1,6,validation,-0.10824775695800781,3,0,8,307,64
L4_W64_H4,0,test:d6:t0:prandomized:tree211:i60000,4,4,11,randomized,0,6,test,0.022481918334960938,0,1,8,211,64
L4_W64_H4,0,test:d6:t0:prandomized:tree211:i60009,4,4,11,randomized,1,6,test,-0.0175933837890625,0,0,8,211,64
L4_W64_H4,0,test:d6:t0:prandomized:tree307:i60000,4,4,11,randomized,0,6,test,0.10523414611816406,0,1,8,307,64
L4_W64_H4,0,test:d6:t1:prandomized:tree211:i60000,4,4,11,randomized,0,6,test,0.018550872802734375,1,1,8,211,64
L4_W64_H4,0,test:d6:t1:prandomized:tree211:i60009,4,4,11,randomized,1,6,test,-0.0091552734375,1,0,8,211,64
L4_W64_H4,0,test:d6:t1:prandomized:tree307:i60000,4,4,11,randomized,0,6,test,0.10377311706542969,1,1,8,307,64
L4_W64_H4,0,test:d6:t2:prandomized:tree101:i60004,4,4,11,randomized,0,6,test,0.09545135498046875,2,1,8,101,64
L4_W64_H4,0,test:d6:t2:prandomized:tree101:i60009,4,4,11,randomized,1,6,test,-0.1484699249267578,2,0,8,101,64
L4_W64_H4,0,test:d6:t2:prandomized:tree211:i60004,4,4,11,randomized,0,6,test,0.014272689819335938,2,1,8,211,64
L4_W64_H4,0,test:d6:t2:prandomized:tree211:i60008,4,4,11,randomized,0,6,test,-0.000946044921875,2,0,8,211,64
L4_W64_H4,0,test:d6:t2:prandomized:tree211:i60013,4,4,11,randomized,1,6,test,-0.12514114379882812,2,0,8,211,64
L4_W64_H4,0,test:d6:t2:prandomized:tree307:i60001,4,4,11,randomized,1,6,test,-0.1275177001953125,2,0,8,307,64
L4_W64_H4,0,test:d6:t3:prandomized:tree101:i60004,4,4,11,randomized,0,6,test,0.09019279479980469,3,1,8,101,64
L4_W64_H4,0,test:d6:t3:prandomized:tree101:i60009,4,4,11,randomized,1,6,test,-0.14902687072753906,3,0,8,101,64
L4_W64_H4,0,test:d6:t3:prandomized:tree211:i60004,4,4,11,randomized,0,6,test,0.01157379150390625,3,1,8,211,64
L4_W64_H4,0,test:d6:t3:prandomized:tree211:i60008,4,4,11,randomized,0,6,test,0.008768081665039062,3,1,8,211,64
L4_W64_H4,0,test:d6:t3:prandomized:tree211:i60013,4,4,11,randomized,1,6,test,-0.12362861633300781,3,0,8,211,64
L4_W64_H4,0,test:d6:t3:prandomized:tree307:i60001,4,4,11,randomized,1,6,test,-0.1260051727294922,3,0,8,307,64
L4_W64_H4,0,validation:d6:t0:prandomized:tree101:i60000,4,4,11,randomized,0,6,validation,0.0011272430419921875,0,1,8,101,64
L4_W64_H4,1,validation:d6:t0:prandomized:tree101:i60002,4,4,11,randomized,0,6,validation,0.09006881713867188,0,1,8,101,64
L4_W64_H4,0,validation:d6:t0:prandomized:tree101:i60012,4,4,11,randomized,0,6,validation,0.07851982116699219,0,1,8,101,64
L4_W64_H4,1,validation:d6:t0:prandomized:tree211:i60002,4,4,11,randomized,0,6,validation,0.1416950225830078,0,1,8,211,64
L4_W64_H4,1,validation:d6:t0:prandomized:tree211:i60007,4,4,11,randomized,1,6,validation,-0.022214889526367188,0,0,8,211,64
L4_W64_H4,1,validation:d6:t0:prandomized:tree307:i60002,4,4,11,randomized,0,6,validation,0.07619857788085938,0,1,8,307,64
L4_W64_H4,0,validation:d6:t0:prandomized:tree307:i60013,4,4,11,randomized,1,6,validation,-0.1296215057373047,0,0,8,307,64
L4_W64_H4,0,validation:d6:t1:prandomized:tree101:i60000,4,4,11,randomized,0,6,validation,0.000499725341796875,1,1,8,101,64
L4_W64_H4,1,validation:d6:t1:prandomized:tree101:i60002,4,4,11,randomized,0,6,validation,0.08847236633300781,1,1,8,101,64
L4_W64_H4,0,validation:d6:t1:prandomized:tree101:i60012,4,4,11,randomized,0,6,validation,0.07836532592773438,1,1,8,101,64
L4_W64_H4,1,validation:d6:t1:prandomized:tree211:i60002,4,4,11,randomized,0,6,validation,0.14015579223632812,1,1,8,211,64
L4_W64_H4,1,validation:d6:t1:prandomized:tree211:i60007,4,4,11,randomized,1,6,validation,-0.014364242553710938,1,0,8,211,64
L4_W64_H4,1,validation:d6:t1:prandomized:tree307:i60002,4,4,11,randomized,0,6,validation,0.07511520385742188,1,1,8,307,64
L4_W64_H4,0,validation:d6:t1:prandomized:tree307:i60013,4,4,11,randomized,1,6,validation,-0.13219070434570312,1,0,8,307,64
L4_W64_H4,0,validation:d6:t2:prandomized:tree101:i60000,4,4,11,randomized,0,6,validation,0.0002288818359375,2,1,8,101,64
L4_W64_H4,0,validation:d6:t2:prandomized:tree101:i60005,4,4,11,randomized,1,6,validation,-0.1346912384033203,2,0,8,101,64
L4_W64_H4,1,validation:d6:t2:prandomized:tree101:i60014,4,4,11,randomized,0,6,validation,0.10924911499023438,2,1,8,101,64
L4_W64_H4,1,validation:d6:t2:prandomized:tree211:i60002,4,4,11,randomized,0,6,validation,0.14038467407226562,2,1,8,211,64
L4_W64_H4,0,validation:d6:t3:prandomized:tree101:i60000,4,4,11,randomized,0,6,validation,0.0008296966552734375,3,1,8,101,64
L4_W64_H4,0,validation:d6:t3:prandomized:tree101:i60005,4,4,11,randomized,1,6,validation,-0.13079833984375,3,0,8,101,64
L4_W64_H4,1,validation:d6:t3:prandomized:tree101:i60014,4,4,11,randomized,0,6,validation,0.10834884643554688,3,1,8,101,64
L4_W64_H4,1,validation:d6:t3:prandomized:tree211:i60002,4,4,11,randomized,0,6,validation,0.13700103759765625,3,1,8,211,64
L4_W64_H4,0,test:d6:t0:prandomized:tree101:i60000,4,4,11,randomized,0,6,test,-0.03376960754394531,0,0,8,101,64
L4_W64_H4,1,test:d6:t0:prandomized:tree101:i60002,4,4,11,randomized,0,6,test,0.08599662780761719,0,1,8,101,64
L4_W64_H4,0,test:d6:t0:prandomized:tree101:i60012,4,4,11,randomized,0,6,test,0.051326751708984375,0,1,8,101,64
L4_W64_H4,1,test:d6:t0:prandomized:tree211:i60002,4,4,11,randomized,0,6,test,0.1107177734375,0,1,8,211,64
L4_W64_H4,1,test:d6:t0:prandomized:tree211:i60007,4,4,11,randomized,1,6,test,-0.08440780639648438,0,0,8,211,64
L4_W64_H4,1,test:d6:t0:prandomized:tree307:i60002,4,4,11,randomized,0,6,test,0.014322280883789062,0,1,8,307,64
L4_W64_H4,0,test:d6:t0:prandomized:tree307:i60013,4,4,11,randomized,1,6,test,-0.09729385375976562,0,0,8,307,64
L4_W64_H4,0,test:d6:t1:prandomized:tree101:i60000,4,4,11,randomized,0,6,test,-0.03398323059082031,1,0,8,101,64
L4_W64_H4,1,test:d6:t1:prandomized:tree101:i60002,4,4,11,randomized,0,6,test,0.08410072326660156,1,1,8,101,64
L4_W64_H4,0,test:d6:t1:prandomized:tree101:i60012,4,4,11,randomized,0,6,test,0.054332733154296875,1,1,8,101,64
L4_W64_H4,1,test:d6:t1:prandomized:tree211:i60002,4,4,11,randomized,0,6,test,0.11458015441894531,1,1,8,211,64
L4_W64_H4,1,test:d6:t1:prandomized:tree211:i60007,4,4,11,randomized,1,6,test,-0.08177757263183594,1,0,8,211,64
L4_W64_H4,1,test:d6:t1:prandomized:tree307:i60002,4,4,11,randomized,0,6,test,0.013166427612304688,1,1,8,307,64
L4_W64_H4,0,test:d6:t1:prandomized:tree307:i60013,4,4,11,randomized,1,6,test,-0.0942840576171875,1,0,8,307,64
L4_W64_H4,0,test:d6:t2:prandomized:tree101:i60000,4,4,11,randomized,0,6,test,-0.03390312194824219,2,0,8,101,64
L4_W64_H4,0,test:d6:t2:prandomized:tree101:i60005,4,4,11,randomized,1,6,test,-0.017591476440429688,2,0,8,101,64
L4_W64_H4,1,test:d6:t2:prandomized:tree101:i60014,4,4,11,randomized,0,6,test,0.010999679565429688,2,1,8,101,64
L4_W64_H4,1,test:d6:t2:prandomized:tree211:i60002,4,4,11,randomized,0,6,test,0.11151885986328125,2,1,8,211,64
L4_W64_H4,0,test:d6:t3:prandomized:tree101:i60000,4,4,11,randomized,0,6,test,-0.036075592041015625,3,0,8,101,64
L4_W64_H4,0,test:d6:t3:prandomized:tree101:i60005,4,4,11,randomized,1,6,test,-0.014801025390625,3,0,8,101,64
L4_W64_H4,1,test:d6:t3:prandomized:tree101:i60014,4,4,11,randomized,0,6,test,0.01450347900390625,3,1,8,101,64
L4_W64_H4,1,test:d6:t3:prandomized:tree211:i60002,4,4,11,randomized,0,6,test,0.11469078063964844,3,1,8,211,64
L4_W64_H4,0,validation:d6:t0:prandomized:tree101:i60001,4,4,11,randomized,1,6,validation,-0.04250907897949219,0,0,8,101,64
L4_W64_H4,0,validation:d6:t0:prandomized:tree101:i60004,4,4,11,randomized,0,6,validation,0.10815238952636719,0,1,8,101,64
L4_W64_H4,0,validation:d6:t0:prandomized:tree101:i60013,4,4,11,randomized,1,6,validation,-0.055877685546875,0,0,8,101,64
L4_W64_H4,1,validation:d6:t0:prandomized:tree211:i60003,4,4,11,randomized,1,6,validation,-0.05396080017089844,0,0,8,211,64
L4_W64_H4,0,validation:d6:t0:prandomized:tree211:i60005,4,4,11,randomized,1,6,validation,-0.019695281982421875,0,0,8,211,64
L4_W64_H4,0,validation:d6:t0:prandomized:tree211:i60008,4,4,11,randomized,0,6,validation,0.11486244201660156,0,1,8,211,64
L4_W64_H4,0,validation:d6:t1:prandomized:tree101:i60001,4,4,11,randomized,1,6,validation,-0.038509368896484375,1,0,8,101,64
L4_W64_H4,0,validation:d6:t1:prandomized:tree101:i60004,4,4,11,randomized,0,6,validation,0.10954093933105469,1,1,8,101,64
L4_W64_H4,0,validation:d6:t1:prandomized:tree101:i60013,4,4,11,randomized,1,6,validation,-0.05473899841308594,1,0,8,101,64
L4_W64_H4,1,validation:d6:t1:prandomized:tree211:i60003,4,4,11,randomized,1,6,validation,-0.05013275146484375,1,0,8,211,64
L4_W64_H4,0,validation:d6:t1:prandomized:tree211:i60005,4,4,11,randomized,1,6,validation,-0.021495819091796875,1,0,8,211,64
L4_W64_H4,0,validation:d6:t1:prandomized:tree211:i60008,4,4,11,randomized,0,6,validation,0.11580657958984375,1,1,8,211,64
L4_W64_H4,1,validation:d6:t2:prandomized:tree101:i60002,4,4,11,randomized,0,6,validation,0.07359123229980469,2,1,8,101,64
L4_W64_H4,1,validation:d6:t2:prandomized:tree211:i60010,4,4,11,randomized,0,6,validation,-0.014766693115234375,2,0,8,211,64
L4_W64_H4,1,validation:d6:t2:prandomized:tree307:i60014,4,4,11,randomized,0,6,validation,0.05814552307128906,2,1,8,307,64
L4_W64_H4,1,validation:d6:t3:prandomized:tree101:i60002,4,4,11,randomized,0,6,validation,0.06867790222167969,3,1,8,101,64
L4_W64_H4,1,validation:d6:t3:prandomized:tree211:i60010,4,4,11,randomized,0,6,validation,-0.0128631591796875,3,0,8,211,64
L4_W64_H4,1,validation:d6:t3:prandomized:tree307:i60014,4,4,11,randomized,0,6,validation,0.053012847900390625,3,1,8,307,64
L4_W64_H4,0,test:d6:t0:prandomized:tree101:i60001,4,4,11,randomized,1,6,test,-0.09056472778320312,0,0,8,101,64
L4_W64_H4,0,test:d6:t0:prandomized:tree101:i60004,4,4,11,randomized,0,6,test,0.06901359558105469,0,1,8,101,64
L4_W64_H4,0,test:d6:t0:prandomized:tree101:i60013,4,4,11,randomized,1,6,test,-0.047088623046875,0,0,8,101,64
L4_W64_H4,1,test:d6:t0:prandomized:tree211:i60003,4,4,11,randomized,1,6,test,-0.000446319580078125,0,0,8,211,64
L4_W64_H4,0,test:d6:t0:prandomized:tree211:i60005,4,4,11,randomized,1,6,test,-0.1358928680419922,0,0,8,211,64
L4_W64_H4,0,test:d6:t0:prandomized:tree211:i60008,4,4,11,randomized,0,6,test,-0.028385162353515625,0,0,8,211,64
L4_W64_H4,0,test:d6:t1:prandomized:tree101:i60001,4,4,11,randomized,1,6,test,-0.08830451965332031,1,0,8,101,64
L4_W64_H4,0,test:d6:t1:prandomized:tree101:i60004,4,4,11,randomized,0,6,test,0.06920242309570312,1,1,8,101,64
L4_W64_H4,0,test:d6:t1:prandomized:tree101:i60013,4,4,11,randomized,1,6,test,-0.04973411560058594,1,0,8,101,64
L4_W64_H4,1,test:d6:t1:prandomized:tree211:i60003,4,4,11,randomized,1,6,test,0.00296783447265625,1,1,8,211,64
L4_W64_H4,0,test:d6:t1:prandomized:tree211:i60005,4,4,11,randomized,1,6,test,-0.13409805297851562,1,0,8,211,64
L4_W64_H4,0,test:d6:t1:prandomized:tree211:i60008,4,4,11,randomized,0,6,test,-0.026285171508789062,1,0,8,211,64
L4_W64_H4,1,test:d6:t2:prandomized:tree101:i60002,4,4,11,randomized,0,6,test,0.07096481323242188,2,1,8,101,64
L4_W64_H4,1,test:d6:t2:prandomized:tree211:i60010,4,4,11,randomized,0,6,test,0.043003082275390625,2,1,8,211,64
L4_W64_H4,1,test:d6:t2:prandomized:tree307:i60014,4,4,11,randomized,0,6,test,-0.0102386474609375,2,0,8,307,64
L4_W64_H4,1,test:d6:t3:prandomized:tree101:i60002,4,4,11,randomized,0,6,test,0.06742095947265625,3,1,8,101,64
L4_W64_H4,1,test:d6:t3:prandomized:tree211:i60010,4,4,11,randomized,0,6,test,0.04244422912597656,3,1,8,211,64
L4_W64_H4,1,test:d6:t3:prandomized:tree307:i60014,4,4,11,randomized,0,6,test,-0.008243560791015625,3,0,8,307,64
L4_W64_H4,1,validation:d6:t0:prandomized:tree101:i60010,4,4,11,randomized,0,6,validation,0.09523582458496094,0,1,8,101,64
L4_W64_H4,1,validation:d6:t0:prandomized:tree101:i60011,4,4,11,randomized,1,6,validation,0.046237945556640625,0,1,8,101,64
L4_W64_H4,1,validation:d6:t0:prandomized:tree101:i60014,4,4,11,randomized,0,6,validation,0.07480430603027344,0,1,8,101,64
L4_W64_H4,0,validation:d6:t0:prandomized:tree307:i60004,4,4,11,randomized,0,6,validation,0.11027145385742188,0,1,8,307,64
L4_W64_H4,0,validation:d6:t0:prandomized:tree307:i60005,4,4,11,randomized,1,6,validation,-0.04591560363769531,0,0,8,307,64
L4_W64_H4,1,validation:d6:t0:prandomized:tree307:i60014,4,4,11,randomized,0,6,validation,0.04363250732421875,0,1,8,307,64
L4_W64_H4,1,validation:d6:t1:prandomized:tree101:i60010,4,4,11,randomized,0,6,validation,0.08957481384277344,1,1,8,101,64
L4_W64_H4,1,validation:d6:t1:prandomized:tree101:i60011,4,4,11,randomized,1,6,validation,0.04170417785644531,1,1,8,101,64
L4_W64_H4,1,validation:d6:t1:prandomized:tree101:i60014,4,4,11,randomized,0,6,validation,0.07517242431640625,1,1,8,101,64
L4_W64_H4,0,validation:d6:t1:prandomized:tree307:i60004,4,4,11,randomized,0,6,validation,0.10838890075683594,1,1,8,307,64
L4_W64_H4,0,validation:d6:t1:prandomized:tree307:i60005,4,4,11,randomized,1,6,validation,-0.04469108581542969,1,0,8,307,64
L4_W64_H4,1,validation:d6:t1:prandomized:tree307:i60014,4,4,11,randomized,0,6,validation,0.04368019104003906,1,1,8,307,64
L4_W64_H4,1,validation:d6:t2:prandomized:tree211:i60006,4,4,11,randomized,0,6,validation,-0.026052474975585938,2,0,8,211,64
L4_W64_H4,1,validation:d6:t2:prandomized:tree211:i60015,4,4,11,randomized,1,6,validation,-0.07513046264648438,2,0,8,211,64
L4_W64_H4,1,validation:d6:t2:prandomized:tree307:i60011,4,4,11,randomized,1,6,validation,0.0031642913818359375,2,1,8,307,64
L4_W64_H4,1,validation:d6:t3:prandomized:tree211:i60006,4,4,11,randomized,0,6,validation,-0.02899169921875,3,0,8,211,64
L4_W64_H4,1,validation:d6:t3:prandomized:tree211:i60015,4,4,11,randomized,1,6,validation,-0.07439422607421875,3,0,8,211,64
L4_W64_H4,1,validation:d6:t3:prandomized:tree307:i60011,4,4,11,randomized,1,6,validation,0.0056934356689453125,3,1,8,307,64
L4_W64_H4,1,test:d6:t0:prandomized:tree101:i60010,4,4,11,randomized,0,6,test,-0.07166290283203125,0,0,8,101,64
L4_W64_H4,1,test:d6:t0:prandomized:tree101:i60011,4,4,11,randomized,1,6,test,-0.04264068603515625,0,0,8,101,64
L4_W64_H4,1,test:d6:t0:prandomized:tree101:i60014,4,4,11,randomized,0,6,test,-0.024255752563476562,0,0,8,101,64
L4_W64_H4,0,test:d6:t0:prandomized:tree307:i60004,4,4,11,randomized,0,6,test,0.08654022216796875,0,1,8,307,64
L4_W64_H4,0,test:d6:t0:prandomized:tree307:i60005,4,4,11,randomized,1,6,test,0.0021419525146484375,0,1,8,307,64
L4_W64_H4,1,test:d6:t0:prandomized:tree307:i60014,4,4,11,randomized,0,6,test,-0.029415130615234375,0,0,8,307,64
L4_W64_H4,1,test:d6:t1:prandomized:tree101:i60010,4,4,11,randomized,0,6,test,-0.06845283508300781,1,0,8,101,64
L4_W64_H4,1,test:d6:t1:prandomized:tree101:i60011,4,4,11,randomized,1,6,test,-0.041778564453125,1,0,8,101,64
L4_W64_H4,1,test:d6:t1:prandomized:tree101:i60014,4,4,11,randomized,0,6,test,-0.018484115600585938,1,0,8,101,64
L4_W64_H4,0,test:d6:t1:prandomized:tree307:i60004,4,4,11,randomized,0,6,test,0.08374404907226562,1,1,8,307,64
L4_W64_H4,0,test:d6:t1:prandomized:tree307:i60005,4,4,11,randomized,1,6,test,0.007671356201171875,1,1,8,307,64
L4_W64_H4,1,test:d6:t1:prandomized:tree307:i60014,4,4,11,randomized,0,6,test,-0.027149200439453125,1,0,8,307,64
L4_W64_H4,1,test:d6:t2:prandomized:tree211:i60006,4,4,11,randomized,0,6,test,0.039150238037109375,2,1,8,211,64
L4_W64_H4,1,test:d6:t2:prandomized:tree211:i60015,4,4,11,randomized,1,6,test,-0.024892807006835938,2,0,8,211,64
L4_W64_H4,1,test:d6:t2:prandomized:tree307:i60011,4,4,11,randomized,1,6,test,-0.10775375366210938,2,0,8,307,64
L4_W64_H4,1,test:d6:t3:prandomized:tree211:i60006,4,4,11,randomized,0,6,test,0.03956794738769531,3,1,8,211,64
L4_W64_H4,1,test:d6:t3:prandomized:tree211:i60015,4,4,11,randomized,1,6,test,-0.022668838500976562,3,0,8,211,64
L4_W64_H4,1,test:d6:t3:prandomized:tree307:i60011,4,4,11,randomized,1,6,test,-0.10515022277832031,3,0,8,307,64
L4_W64_H4,0,validation:d6:t0:prandomized:tree101:i60009,4,4,11,randomized,1,6,validation,0.011432647705078125,0,1,8,101,64
L4_W64_H4,1,validation:d6:t0:prandomized:tree101:i60015,4,4,11,randomized,1,6,validation,-0.03501701354980469,0,0,8,101,64
L4_W64_H4,0,validation:d6:t0:prandomized:tree307:i60001,4,4,11,randomized,1,6,validation,-0.05617523193359375,0,0,8,307,64
L4_W64_H4,1,validation:d6:t0:prandomized:tree307:i60007,4,4,11,randomized,1,6,validation,-0.043121337890625,0,0,8,307,64
L4_W64_H4,1,validation:d6:t0:prandomized:tree307:i60011,4,4,11,randomized,1,6,validation,0.011362075805664062,0,1,8,307,64
L4_W64_H4,0,validation:d6:t1:prandomized:tree101:i60009,4,4,11,randomized,1,6,validation,0.011461257934570312,1,1,8,101,64
L4_W64_H4,1,validation:d6:t1:prandomized:tree101:i60015,4,4,11,randomized,1,6,validation,-0.03356742858886719,1,0,8,101,64
L4_W64_H4,0,validation:d6:t1:prandomized:tree307:i60001,4,4,11,randomized,1,6,validation,-0.05593299865722656,1,0,8,307,64
L4_W64_H4,1,validation:d6:t1:prandomized:tree307:i60007,4,4,11,randomized,1,6,validation,-0.05066871643066406,1,0,8,307,64
L4_W64_H4,1,validation:d6:t1:prandomized:tree307:i60011,4,4,11,randomized,1,6,validation,0.013263702392578125,1,1,8,307,64
L4_W64_H4,0,validation:d6:t2:prandomized:tree101:i60001,4,4,11,randomized,1,6,validation,-0.012075424194335938,2,0,8,101,64
L4_W64_H4,0,validation:d6:t2:prandomized:tree101:i60013,4,4,11,randomized,1,6,validation,-0.024320602416992188,2,0,8,101,64
L4_W64_H4,1,validation:d6:t2:prandomized:tree101:i60015,4,4,11,randomized,1,6,validation,-0.03462982177734375,2,0,8,101,64
L4_W64_H4,0,validation:d6:t2:prandomized:tree307:i60004,4,4,11,randomized,0,6,validation,0.10172843933105469,2,1,8,307,64
L4_W64_H4,0,validation:d6:t2:prandomized:tree307:i60005,4,4,11,randomized,1,6,validation,-0.03737831115722656,2,0,8,307,64
L4_W64_H4,0,validation:d6:t2:prandomized:tree307:i60013,4,4,11,randomized,1,6,validation,-0.09188461303710938,2,0,8,307,64
L4_W64_H4,0,validation:d6:t3:prandomized:tree101:i60001,4,4,11,randomized,1,6,validation,-0.011690139770507812,3,0,8,101,64
L4_W64_H4,0,validation:d6:t3:prandomized:tree101:i60013,4,4,11,randomized,1,6,validation,-0.022762298583984375,3,0,8,101,64
L4_W64_H4,1,validation:d6:t3:prandomized:tree101:i60015,4,4,11,randomized,1,6,validation,-0.03218269348144531,3,0,8,101,64
L4_W64_H4,0,validation:d6:t3:prandomized:tree307:i60004,4,4,11,randomized,0,6,validation,0.09761238098144531,3,1,8,307,64
L4_W64_H4,0,validation:d6:t3:prandomized:tree307:i60005,4,4,11,randomized,1,6,validation,-0.03643226623535156,3,0,8,307,64
L4_W64_H4,0,validation:d6:t3:prandomized:tree307:i60013,4,4,11,randomized,1,6,validation,-0.09095191955566406,3,0,8,307,64
L4_W64_H4,0,test:d6:t0:prandomized:tree101:i60009,4,4,11,randomized,1,6,test,-0.09578514099121094,0,0,8,101,64
L4_W64_H4,1,test:d6:t0:prandomized:tree101:i60015,4,4,11,randomized,1,6,test,-0.06356430053710938,0,0,8,101,64
L4_W64_H4,0,test:d6:t0:prandomized:tree307:i60001,4,4,11,randomized,1,6,test,-0.07769393920898438,0,0,8,307,64
L4_W64_H4,1,test:d6:t0:prandomized:tree307:i60007,4,4,11,randomized,1,6,test,-0.07556343078613281,0,0,8,307,64
L4_W64_H4,1,test:d6:t0:prandomized:tree307:i60011,4,4,11,randomized,1,6,test,-0.09666061401367188,0,0,8,307,64
L4_W64_H4,0,test:d6:t1:prandomized:tree101:i60009,4,4,11,randomized,1,6,test,-0.09664344787597656,1,0,8,101,64
L4_W64_H4,1,test:d6:t1:prandomized:tree101:i60015,4,4,11,randomized,1,6,test,-0.062397003173828125,1,0,8,101,64
L4_W64_H4,0,test:d6:t1:prandomized:tree307:i60001,4,4,11,randomized,1,6,test,-0.07287025451660156,1,0,8,307,64
L4_W64_H4,1,test:d6:t1:prandomized:tree307:i60007,4,4,11,randomized,1,6,test,-0.07744407653808594,1,0,8,307,64
L4_W64_H4,1,test:d6:t1:prandomized:tree307:i60011,4,4,11,randomized,1,6,test,-0.09631156921386719,1,0,8,307,64
L4_W64_H4,0,test:d6:t2:prandomized:tree101:i60001,4,4,11,randomized,1,6,test,-0.06444168090820312,2,0,8,101,64
L4_W64_H4,0,test:d6:t2:prandomized:tree101:i60013,4,4,11,randomized,1,6,test,-0.0209808349609375,2,0,8,101,64
L4_W64_H4,1,test:d6:t2:prandomized:tree101:i60015,4,4,11,randomized,1,6,test,-0.06228065490722656,2,0,8,101,64
L4_W64_H4,0,test:d6:t2:prandomized:tree307:i60004,4,4,11,randomized,0,6,test,0.07664108276367188,2,1,8,307,64
L4_W64_H4,0,test:d6:t2:prandomized:tree307:i60005,4,4,11,randomized,1,6,test,0.0135498046875,2,1,8,307,64
L4_W64_H4,0,test:d6:t2:prandomized:tree307:i60013,4,4,11,randomized,1,6,test,-0.054351806640625,2,0,8,307,64
L4_W64_H4,0,test:d6:t3:prandomized:tree101:i60001,4,4,11,randomized,1,6,test,-0.06273460388183594,3,0,8,101,64
L4_W64_H4,0,test:d6:t3:prandomized:tree101:i60013,4,4,11,randomized,1,6,test,-0.02074432373046875,3,0,8,101,64
L4_W64_H4,1,test:d6:t3:prandomized:tree101:i60015,4,4,11,randomized,1,6,test,-0.06275558471679688,3,0,8,101,64
L4_W64_H4,0,test:d6:t3:prandomized:tree307:i60004,4,4,11,randomized,0,6,test,0.075775146484375,3,1,8,307,64
L4_W64_H4,0,test:d6:t3:prandomized:tree307:i60005,4,4,11,randomized,1,6,test,0.013292312622070312,3,1,8,307,64
L4_W64_H4,0,test:d6:t3:prandomized:tree307:i60013,4,4,11,randomized,1,6,test,-0.0513916015625,3,0,8,307,64
L4_W64_H4,1,validation:d6:t0:prandomized:tree101:i60003,4,4,11,randomized,1,6,validation,-0.08678817749023438,0,0,8,101,64
L4_W64_H4,1,validation:d6:t0:prandomized:tree101:i60006,4,4,11,randomized,0,6,validation,0.023046493530273438,0,1,8,101,64
L4_W64_H4,0,validation:d6:t0:prandomized:tree211:i60004,4,4,11,randomized,0,6,validation,0.06345176696777344,0,1,8,211,64
L4_W64_H4,1,validation:d6:t0:prandomized:tree211:i60006,4,4,11,randomized,0,6,validation,-0.03437614440917969,0,0,8,211,64
L4_W64_H4,1,validation:d6:t0:prandomized:tree211:i60011,4,4,11,randomized,1,6,validation,-0.020969390869140625,0,0,8,211,64
L4_W64_H4,0,validation:d6:t0:prandomized:tree307:i60009,4,4,11,randomized,1,6,validation,0.05027008056640625,0,1,8,307,64
L4_W64_H4,1,validation:d6:t1:prandomized:tree101:i60003,4,4,11,randomized,1,6,validation,-0.08670997619628906,1,0,8,101,64
L4_W64_H4,1,validation:d6:t1:prandomized:tree101:i60006,4,4,11,randomized,0,6,validation,0.023227691650390625,1,1,8,101,64
L4_W64_H4,0,validation:d6:t1:prandomized:tree211:i60004,4,4,11,randomized,0,6,validation,0.06403350830078125,1,1,8,211,64
L4_W64_H4,1,validation:d6:t1:prandomized:tree211:i60006,4,4,11,randomized,0,6,validation,-0.03583717346191406,1,0,8,211,64
L4_W64_H4,1,validation:d6:t1:prandomized:tree211:i60011,4,4,11,randomized,1,6,validation,-0.019245147705078125,1,0,8,211,64
L4_W64_H4,0,validation:d6:t1:prandomized:tree307:i60009,4,4,11,randomized,1,6,validation,0.04424476623535156,1,1,8,307,64
L4_W64_H4,1,validation:d6:t2:prandomized:tree101:i60011,4,4,11,randomized,1,6,validation,0.05333137512207031,2,1,8,101,64
L4_W64_H4,1,validation:d6:t2:prandomized:tree211:i60003,4,4,11,randomized,1,6,validation,-0.019346237182617188,2,0,8,211,64
L4_W64_H4,0,validation:d6:t2:prandomized:tree211:i60012,4,4,11,randomized,0,6,validation,0.09065628051757812,2,1,8,211,64
L4_W64_H4,1,validation:d6:t2:prandomized:tree307:i60003,4,4,11,randomized,1,6,validation,0.08635711669921875,2,1,8,307,64
L4_W64_H4,1,validation:d6:t2:prandomized:tree307:i60007,4,4,11,randomized,1,6,validation,-0.059070587158203125,2,0,8,307,64
L4_W64_H4,1,validation:d6:t2:prandomized:tree307:i60015,4,4,11,randomized,1,6,validation,-0.013170242309570312,2,0,8,307,64
L4_W64_H4,1,validation:d6:t3:prandomized:tree101:i60011,4,4,11,randomized,1,6,validation,0.05192756652832031,3,1,8,101,64
L4_W64_H4,1,validation:d6:t3:prandomized:tree211:i60003,4,4,11,randomized,1,6,validation,-0.023134231567382812,3,0,8,211,64
L4_W64_H4,0,validation:d6:t3:prandomized:tree211:i60012,4,4,11,randomized,0,6,validation,0.09147453308105469,3,1,8,211,64
L4_W64_H4,1,validation:d6:t3:prandomized:tree307:i60003,4,4,11,randomized,1,6,validation,0.08228302001953125,3,1,8,307,64
L4_W64_H4,1,validation:d6:t3:prandomized:tree307:i60007,4,4,11,randomized,1,6,validation,-0.05522727966308594,3,0,8,307,64
L4_W64_H4,1,validation:d6:t3:prandomized:tree307:i60015,4,4,11,randomized,1,6,validation,-0.01306915283203125,3,0,8,307,64
L4_W64_H4,1,test:d6:t0:prandomized:tree101:i60003,4,4,11,randomized,1,6,test,-0.010732650756835938,0,0,8,101,64
L4_W64_H4,1,test:d6:t0:prandomized:tree101:i60006,4,4,11,randomized,0,6,test,0.04977989196777344,0,1,8,101,64
L4_W64_H4,0,test:d6:t0:prandomized:tree211:i60004,4,4,11,randomized,0,6,test,-0.04941749572753906,0,0,8,211,64
L4_W64_H4,1,test:d6:t0:prandomized:tree211:i60006,4,4,11,randomized,0,6,test,0.03453636169433594,0,1,8,211,64
L4_W64_H4,1,test:d6:t0:prandomized:tree211:i60011,4,4,11,randomized,1,6,test,0.000732421875,0,1,8,211,64
L4_W64_H4,0,test:d6:t0:prandomized:tree307:i60009,4,4,11,randomized,1,6,test,-0.038913726806640625,0,0,8,307,64
L4_W64_H4,1,test:d6:t1:prandomized:tree101:i60003,4,4,11,randomized,1,6,test,-0.015127182006835938,1,0,8,101,64
L4_W64_H4,1,test:d6:t1:prandomized:tree101:i60006,4,4,11,randomized,0,6,test,0.047725677490234375,1,1,8,101,64
L4_W64_H4,0,test:d6:t1:prandomized:tree211:i60004,4,4,11,randomized,0,6,test,-0.04994964599609375,1,0,8,211,64
L4_W64_H4,1,test:d6:t1:prandomized:tree211:i60006,4,4,11,randomized,0,6,test,0.039310455322265625,1,1,8,211,64
L4_W64_H4,1,test:d6:t1:prandomized:tree211:i60011,4,4,11,randomized,1,6,test,-0.0030384063720703125,1,0,8,211,64
L4_W64_H4,0,test:d6:t1:prandomized:tree307:i60009,4,4,11,randomized,1,6,test,-0.038166046142578125,1,0,8,307,64
L4_W64_H4,1,test:d6:t2:prandomized:tree101:i60011,4,4,11,randomized,1,6,test,-0.037815093994140625,2,0,8,101,64
L4_W64_H4,1,test:d6:t2:prandomized:tree211:i60003,4,4,11,randomized,1,6,test,0.021060943603515625,2,1,8,211,64
L4_W64_H4,0,test:d6:t2:prandomized:tree211:i60012,4,4,11,randomized,0,6,test,0.04997825622558594,2,1,8,211,64
L4_W64_H4,1,test:d6:t2:prandomized:tree307:i60003,4,4,11,randomized,1,6,test,0.005184173583984375,2,1,8,307,64
L4_W64_H4,1,test:d6:t2:prandomized:tree307:i60007,4,4,11,randomized,1,6,test,-0.080718994140625,2,0,8,307,64
L4_W64_H4,1,test:d6:t2:prandomized:tree307:i60015,4,4,11,randomized,1,6,test,-0.013036727905273438,2,0,8,307,64
L4_W64_H4,1,test:d6:t3:prandomized:tree101:i60011,4,4,11,randomized,1,6,test,-0.03582954406738281,3,0,8,101,64
L4_W64_H4,1,test:d6:t3:prandomized:tree211:i60003,4,4,11,randomized,1,6,test,0.021821975708007812,3,1,8,211,64
L4_W64_H4,0,test:d6:t3:prandomized:tree211:i60012,4,4,11,randomized,0,6,test,0.04870796203613281,3,1,8,211,64
L4_W64_H4,1,test:d6:t3:prandomized:tree307:i60003,4,4,11,randomized,1,6,test,0.00661468505859375,3,1,8,307,64
L4_W64_H4,1,test:d6:t3:prandomized:tree307:i60007,4,4,11,randomized,1,6,test,-0.08081245422363281,3,0,8,307,64
L4_W64_H4,1,test:d6:t3:prandomized:tree307:i60015,4,4,11,randomized,1,6,test,-0.012830734252929688,3,0,8,307,64
L4_W64_H4,0,validation:d6:t0:prandomized:tree101:i60008,4,4,11,randomized,0,6,validation,0.03145027160644531,0,1,8,101,64
L4_W64_H4,0,validation:d6:t0:prandomized:tree211:i60001,4,4,11,randomized,1,6,validation,-0.07068824768066406,0,0,8,211,64
L4_W64_H4,0,validation:d6:t0:prandomized:tree211:i60013,4,4,11,randomized,1,6,validation,-0.05533409118652344,0,0,8,211,64
L4_W64_H4,1,validation:d6:t0:prandomized:tree211:i60014,4,4,11,randomized,0,6,validation,0.0006256103515625,0,1,8,211,64
L4_W64_H4,1,validation:d6:t0:prandomized:tree307:i60010,4,4,11,randomized,0,6,validation,-0.019929885864257812,0,0,8,307,64
L4_W64_H4,0,validation:d6:t0:prandomized:tree307:i60012,4,4,11,randomized,0,6,validation,0.029834747314453125,0,1,8,307,64
L4_W64_H4,0,validation:d6:t1:prandomized:tree101:i60008,4,4,11,randomized,0,6,validation,0.03222846984863281,1,1,8,101,64
L4_W64_H4,0,validation:d6:t1:prandomized:tree211:i60001,4,4,11,randomized,1,6,validation,-0.07001686096191406,1,0,8,211,64
L4_W64_H4,0,validation:d6:t1:prandomized:tree211:i60013,4,4,11,randomized,1,6,validation,-0.06057929992675781,1,0,8,211,64
L4_W64_H4,1,validation:d6:t1:prandomized:tree211:i60014,4,4,11,randomized,0,6,validation,-0.002655029296875,1,0,8,211,64
L4_W64_H4,1,validation:d6:t1:prandomized:tree307:i60010,4,4,11,randomized,0,6,validation,-0.018213272094726562,1,0,8,307,64
L4_W64_H4,0,validation:d6:t1:prandomized:tree307:i60012,4,4,11,randomized,0,6,validation,0.03006744384765625,1,1,8,307,64
L4_W64_H4,1,validation:d6:t2:prandomized:tree101:i60003,4,4,11,randomized,1,6,validation,-0.1036529541015625,2,0,8,101,64
L4_W64_H4,1,validation:d6:t2:prandomized:tree101:i60007,4,4,11,randomized,1,6,validation,-0.04446220397949219,2,0,8,101,64
L4_W64_H4,0,validation:d6:t2:prandomized:tree101:i60012,4,4,11,randomized,0,6,validation,0.05932426452636719,2,1,8,101,64
L4_W64_H4,0,validation:d6:t2:prandomized:tree211:i60001,4,4,11,randomized,1,6,validation,-0.06845855712890625,2,0,8,211,64
L4_W64_H4,1,validation:d6:t2:prandomized:tree211:i60011,4,4,11,randomized,1,6,validation,-0.034351348876953125,2,0,8,211,64
L4_W64_H4,1,validation:d6:t2:prandomized:tree211:i60014,4,4,11,randomized,0,6,validation,0.0016269683837890625,2,1,8,211,64
L4_W64_H4,0,validation:d6:t2:prandomized:tree307:i60000,4,4,11,randomized,0,6,validation,0.10557365417480469,2,1,8,307,64
L4_W64_H4,1,validation:d6:t2:prandomized:tree307:i60006,4,4,11,randomized,0,6,validation,-0.024587631225585938,2,0,8,307,64
L4_W64_H4,0,validation:d6:t2:prandomized:tree307:i60008,4,4,11,randomized,0,6,validation,0.022106170654296875,2,1,8,307,64
L4_W64_H4,0,validation:d6:t2:prandomized:tree307:i60012,4,4,11,randomized,0,6,validation,0.028409957885742188,2,1,8,307,64
L4_W64_H4,1,validation:d6:t3:prandomized:tree101:i60003,4,4,11,randomized,1,6,validation,-0.10045814514160156,3,0,8,101,64
L4_W64_H4,1,validation:d6:t3:prandomized:tree101:i60007,4,4,11,randomized,1,6,validation,-0.040576934814453125,3,0,8,101,64
L4_W64_H4,0,validation:d6:t3:prandomized:tree101:i60012,4,4,11,randomized,0,6,validation,0.057598114013671875,3,1,8,101,64
L4_W64_H4,0,validation:d6:t3:prandomized:tree211:i60001,4,4,11,randomized,1,6,validation,-0.0691680908203125,3,0,8,211,64
L4_W64_H4,1,validation:d6:t3:prandomized:tree211:i60011,4,4,11,randomized,1,6,validation,-0.03269386291503906,3,0,8,211,64
L4_W64_H4,1,validation:d6:t3:prandomized:tree211:i60014,4,4,11,randomized,0,6,validation,-0.001216888427734375,3,0,8,211,64
L4_W64_H4,0,validation:d6:t3:prandomized:tree307:i60000,4,4,11,randomized,0,6,validation,0.10476493835449219,3,1,8,307,64
L4_W64_H4,1,validation:d6:t3:prandomized:tree307:i60006,4,4,11,randomized,0,6,validation,-0.023435592651367188,3,0,8,307,64
L4_W64_H4,0,validation:d6:t3:prandomized:tree307:i60008,4,4,11,randomized,0,6,validation,0.03759765625,3,1,8,307,64
L4_W64_H4,0,validation:d6:t3:prandomized:tree307:i60012,4,4,11,randomized,0,6,validation,0.026683807373046875,3,1,8,307,64
L4_W64_H4,0,test:d6:t0:prandomized:tree101:i60008,4,4,11,randomized,0,6,test,0.08711433410644531,0,1,8,101,64
L4_W64_H4,0,test:d6:t0:prandomized:tree211:i60001,4,4,11,randomized,1,6,test,-0.09279823303222656,0,0,8,211,64
L4_W64_H4,0,test:d6:t0:prandomized:tree211:i60013,4,4,11,randomized,1,6,test,-0.09469985961914062,0,0,8,211,64
L4_W64_H4,1,test:d6:t0:prandomized:tree211:i60014,4,4,11,randomized,0,6,test,-0.011384963989257812,0,0,8,211,64
L4_W64_H4,1,test:d6:t0:prandomized:tree307:i60010,4,4,11,randomized,0,6,test,0.00833892822265625,0,1,8,307,64
L4_W64_H4,0,test:d6:t0:prandomized:tree307:i60012,4,4,11,randomized,0,6,test,0.0009918212890625,0,1,8,307,64
L4_W64_H4,0,test:d6:t1:prandomized:tree101:i60008,4,4,11,randomized,0,6,test,0.09015274047851562,1,1,8,101,64
L4_W64_H4,0,test:d6:t1:prandomized:tree211:i60001,4,4,11,randomized,1,6,test,-0.09202194213867188,1,0,8,211,64
L4_W64_H4,0,test:d6:t1:prandomized:tree211:i60013,4,4,11,randomized,1,6,test,-0.09316062927246094,1,0,8,211,64
L4_W64_H4,1,test:d6:t1:prandomized:tree211:i60014,4,4,11,randomized,0,6,test,-0.015630722045898438,1,0,8,211,64
L4_W64_H4,1,test:d6:t1:prandomized:tree307:i60010,4,4,11,randomized,0,6,test,0.0039234161376953125,1,1,8,307,64
L4_W64_H4,0,test:d6:t1:prandomized:tree307:i60012,4,4,11,randomized,0,6,test,0.003269195556640625,1,1,8,307,64
L4_W64_H4,1,test:d6:t2:prandomized:tree101:i60003,4,4,11,randomized,1,6,test,-0.02342987060546875,2,0,8,101,64
L4_W64_H4,1,test:d6:t2:prandomized:tree101:i60007,4,4,11,randomized,1,6,test,0.060596466064453125,2,1,8,101,64
L4_W64_H4,0,test:d6:t2:prandomized:tree101:i60012,4,4,11,randomized,0,6,test,0.027063369750976562,2,1,8,101,64
L4_W64_H4,0,test:d6:t2:prandomized:tree211:i60001,4,4,11,randomized,1,6,test,-0.09404945373535156,2,0,8,211,64
L4_W64_H4,1,test:d6:t2:prandomized:tree211:i60011,4,4,11,randomized,1,6,test,-0.01070404052734375,2,0,8,211,64
L4_W64_H4,1,test:d6:t2:prandomized:tree211:i60014,4,4,11,randomized,0,6,test,-0.011495590209960938,2,0,8,211,64
L4_W64_H4,0,test:d6:t2:prandomized:tree307:i60000,4,4,11,randomized,0,6,test,0.07493019104003906,2,1,8,307,64
L4_W64_H4,1,test:d6:t2:prandomized:tree307:i60006,4,4,11,randomized,0,6,test,0.017644882202148438,2,1,8,307,64
L4_W64_H4,0,test:d6:t2:prandomized:tree307:i60008,4,4,11,randomized,0,6,test,0.0055980682373046875,2,1,8,307,64
L4_W64_H4,0,test:d6:t2:prandomized:tree307:i60012,4,4,11,randomized,0,6,test,-0.00092315673828125,2,0,8,307,64
L4_W64_H4,1,test:d6:t3:prandomized:tree101:i60003,4,4,11,randomized,1,6,test,-0.0224609375,3,0,8,101,64
L4_W64_H4,1,test:d6:t3:prandomized:tree101:i60007,4,4,11,randomized,1,6,test,0.06793975830078125,3,1,8,101,64
L4_W64_H4,0,test:d6:t3:prandomized:tree101:i60012,4,4,11,randomized,0,6,test,0.030864715576171875,3,1,8,101,64
L4_W64_H4,0,test:d6:t3:prandomized:tree211:i60001,4,4,11,randomized,1,6,test,-0.09197044372558594,3,0,8,211,64
L4_W64_H4,1,test:d6:t3:prandomized:tree211:i60011,4,4,11,randomized,1,6,test,-0.008947372436523438,3,0,8,211,64
L4_W64_H4,1,test:d6:t3:prandomized:tree211:i60014,4,4,11,randomized,0,6,test,-0.014404296875,3,0,8,211,64
L4_W64_H4,0,test:d6:t3:prandomized:tree307:i60000,4,4,11,randomized,0,6,test,0.07175064086914062,3,1,8,307,64
L4_W64_H4,1,test:d6:t3:prandomized:tree307:i60006,4,4,11,randomized,0,6,test,0.020540237426757812,3,1,8,307,64
L4_W64_H4,0,test:d6:t3:prandomized:tree307:i60008,4,4,11,randomized,0,6,test,0.0040645599365234375,3,1,8,307,64
L4_W64_H4,0,test:d6:t3:prandomized:tree307:i60012,4,4,11,randomized,0,6,test,0.002742767333984375,3,1,8,307,64
L4_W64_H4,0,validation:d6:t0:prandomized:tree101:i60005,4,4,11,randomized,1,6,validation,-0.12842178344726562,0,0,8,101,64
L4_W64_H4,1,validation:d6:t0:prandomized:tree101:i60007,4,4,11,randomized,1,6,validation,-0.06534385681152344,0,0,8,101,64
L4_W64_H4,1,validation:d6:t0:prandomized:tree211:i60010,4,4,11,randomized,0,6,validation,0.00193023681640625,0,1,8,211,64
L4_W64_H4,1,validation:d6:t0:prandomized:tree307:i60003,4,4,11,randomized,1,6,validation,0.04994773864746094,0,1,8,307,64
L4_W64_H4,1,validation:d6:t0:prandomized:tree307:i60015,4,4,11,randomized,1,6,validation,-0.04575347900390625,0,0,8,307,64
L4_W64_H4,0,validation:d6:t1:prandomized:tree101:i60005,4,4,11,randomized,1,6,validation,-0.12658309936523438,1,0,8,101,64
L4_W64_H4,1,validation:d6:t1:prandomized:tree101:i60007,4,4,11,randomized,1,6,validation,-0.060821533203125,1,0,8,101,64
L4_W64_H4,1,validation:d6:t1:prandomized:tree211:i60010,4,4,11,randomized,0,6,validation,-0.0022487640380859375,1,0,8,211,64
L4_W64_H4,1,validation:d6:t1:prandomized:tree307:i60003,4,4,11,randomized,1,6,validation,0.04862022399902344,1,1,8,307,64
L4_W64_H4,1,validation:d6:t1:prandomized:tree307:i60015,4,4,11,randomized,1,6,validation,-0.04494285583496094,1,0,8,307,64
L4_W64_H4,1,validation:d6:t2:prandomized:tree211:i60007,4,4,11,randomized,1,6,validation,-0.0077533721923828125,2,0,8,211,64
L4_W64_H4,0,validation:d6:t2:prandomized:tree211:i60009,4,4,11,randomized,1,6,validation,-0.012655258178710938,2,0,8,211,64
L4_W64_H4,1,validation:d6:t2:prandomized:tree307:i60002,4,4,11,randomized,0,6,validation,0.06741714477539062,2,1,8,307,64
L4_W64_H4,0,validation:d6:t2:prandomized:tree307:i60009,4,4,11,randomized,1,6,validation,0.02838897705078125,2,1,8,307,64
L4_W64_H4,1,validation:d6:t3:prandomized:tree211:i60007,4,4,11,randomized,1,6,validation,-0.011676788330078125,3,0,8,211,64
L4_W64_H4,0,validation:d6:t3:prandomized:tree211:i60009,4,4,11,randomized,1,6,validation,-0.009555816650390625,3,0,8,211,64
L4_W64_H4,1,validation:d6:t3:prandomized:tree307:i60002,4,4,11,randomized,0,6,validation,0.06962966918945312,3,1,8,307,64
L4_W64_H4,0,validation:d6:t3:prandomized:tree307:i60009,4,4,11,randomized,1,6,validation,0.027252197265625,3,1,8,307,64
L4_W64_H4,0,test:d6:t0:prandomized:tree101:i60005,4,4,11,randomized,1,6,test,-0.010095596313476562,0,0,8,101,64
L4_W64_H4,1,test:d6:t0:prandomized:tree101:i60007,4,4,11,randomized,1,6,test,0.050933837890625,0,1,8,101,64
L4_W64_H4,1,test:d6:t0:prandomized:tree211:i60010,4,4,11,randomized,0,6,test,0.0523681640625,0,1,8,211,64
L4_W64_H4,1,test:d6:t0:prandomized:tree307:i60003,4,4,11,randomized,1,6,test,-0.028062820434570312,0,0,8,307,64
L4_W64_H4,1,test:d6:t0:prandomized:tree307:i60015,4,4,11,randomized,1,6,test,-0.04602241516113281,0,0,8,307,64
L4_W64_H4,0,test:d6:t1:prandomized:tree101:i60005,4,4,11,randomized,1,6,test,-0.011545181274414062,1,0,8,101,64
L4_W64_H4,1,test:d6:t1:prandomized:tree101:i60007,4,4,11,randomized,1,6,test,0.04382133483886719,1,1,8,101,64
L4_W64_H4,1,test:d6:t1:prandomized:tree211:i60010,4,4,11,randomized,0,6,test,0.05911445617675781,1,1,8,211,64
L4_W64_H4,1,test:d6:t1:prandomized:tree307:i60003,4,4,11,randomized,1,6,test,-0.026416778564453125,1,0,8,307,64
L4_W64_H4,1,test:d6:t1:prandomized:tree307:i60015,4,4,11,randomized,1,6,test,-0.04503631591796875,1,0,8,307,64
L4_W64_H4,1,test:d6:t2:prandomized:tree211:i60007,4,4,11,randomized,1,6,test,-0.07838821411132812,2,0,8,211,64
L4_W64_H4,0,test:d6:t2:prandomized:tree211:i60009,4,4,11,randomized,1,6,test,0.000591278076171875,2,1,8,211,64
L4_W64_H4,1,test:d6:t2:prandomized:tree307:i60002,4,4,11,randomized,0,6,test,0.006313323974609375,2,1,8,307,64
L4_W64_H4,0,test:d6:t2:prandomized:tree307:i60009,4,4,11,randomized,1,6,test,-0.0713958740234375,2,0,8,307,64
L4_W64_H4,1,test:d6:t3:prandomized:tree211:i60007,4,4,11,randomized,1,6,test,-0.07586288452148438,3,0,8,211,64
L4_W64_H4,0,test:d6:t3:prandomized:tree211:i60009,4,4,11,randomized,1,6,test,0.008745193481445312,3,1,8,211,64
L4_W64_H4,1,test:d6:t3:prandomized:tree307:i60002,4,4,11,randomized,0,6,test,0.0084686279296875,3,1,8,307,64
L4_W64_H4,0,test:d6:t3:prandomized:tree307:i60009,4,4,11,randomized,1,6,test,-0.06977653503417969,3,0,8,307,64
L4_W64_H4,0,validation:d8:t0:paligned:tree101:i80000,4,4,11,aligned,0,8,validation,0.124908447265625,0,1,10,101,64
L4_W64_H4,0,validation:d8:t0:paligned:tree101:i80001,4,4,11,aligned,1,8,validation,-0.03393745422363281,0,0,10,101,64
L4_W64_H4,1,validation:d8:t0:paligned:tree101:i80002,4,4,11,aligned,0,8,validation,0.15117263793945312,0,1,10,101,64
L4_W64_H4,1,validation:d8:t0:paligned:tree101:i80003,4,4,11,aligned,1,8,validation,-0.08971786499023438,0,0,10,101,64
L4_W64_H4,0,validation:d8:t0:paligned:tree101:i80004,4,4,11,aligned,0,8,validation,0.15117454528808594,0,1,10,101,64
L4_W64_H4,0,validation:d8:t0:paligned:tree101:i80005,4,4,11,aligned,1,8,validation,-0.09909439086914062,0,0,10,101,64
L4_W64_H4,1,validation:d8:t0:paligned:tree101:i80006,4,4,11,aligned,0,8,validation,0.015336990356445312,0,1,10,101,64
L4_W64_H4,1,validation:d8:t0:paligned:tree101:i80007,4,4,11,aligned,1,8,validation,-0.044017791748046875,0,0,10,101,64
L4_W64_H4,0,validation:d8:t0:paligned:tree101:i80008,4,4,11,aligned,0,8,validation,0.08387184143066406,0,1,10,101,64
L4_W64_H4,0,validation:d8:t0:paligned:tree101:i80009,4,4,11,aligned,1,8,validation,-0.10580062866210938,0,0,10,101,64
L4_W64_H4,1,validation:d8:t0:paligned:tree101:i80010,4,4,11,aligned,0,8,validation,0.07345962524414062,0,1,10,101,64
L4_W64_H4,1,validation:d8:t0:paligned:tree101:i80011,4,4,11,aligned,1,8,validation,-0.04452705383300781,0,0,10,101,64
L4_W64_H4,0,validation:d8:t0:paligned:tree101:i80012,4,4,11,aligned,0,8,validation,0.1688671112060547,0,1,10,101,64
L4_W64_H4,0,validation:d8:t0:paligned:tree101:i80013,4,4,11,aligned,1,8,validation,-0.1854877471923828,0,0,10,101,64
L4_W64_H4,1,validation:d8:t0:paligned:tree101:i80014,4,4,11,aligned,0,8,validation,0.021030426025390625,0,1,10,101,64
L4_W64_H4,1,validation:d8:t0:paligned:tree101:i80015,4,4,11,aligned,1,8,validation,-0.049633026123046875,0,0,10,101,64
L4_W64_H4,0,validation:d8:t0:paligned:tree211:i80000,4,4,11,aligned,0,8,validation,0.08345794677734375,0,1,10,211,64
L4_W64_H4,0,validation:d8:t0:paligned:tree211:i80001,4,4,11,aligned,1,8,validation,-0.10728263854980469,0,0,10,211,64
L4_W64_H4,1,validation:d8:t0:paligned:tree211:i80002,4,4,11,aligned,0,8,validation,0.12129592895507812,0,1,10,211,64
L4_W64_H4,1,validation:d8:t0:paligned:tree211:i80003,4,4,11,aligned,1,8,validation,-0.14240264892578125,0,0,10,211,64
L4_W64_H4,0,validation:d8:t0:paligned:tree211:i80004,4,4,11,aligned,0,8,validation,0.0880889892578125,0,1,10,211,64
L4_W64_H4,0,validation:d8:t0:paligned:tree211:i80005,4,4,11,aligned,1,8,validation,-0.14751625061035156,0,0,10,211,64
L4_W64_H4,1,validation:d8:t0:paligned:tree211:i80006,4,4,11,aligned,0,8,validation,0.11972808837890625,0,1,10,211,64
L4_W64_H4,1,validation:d8:t0:paligned:tree211:i80007,4,4,11,aligned,1,8,validation,-0.1188812255859375,0,0,10,211,64
L4_W64_H4,0,validation:d8:t0:paligned:tree211:i80008,4,4,11,aligned,0,8,validation,-0.00516510009765625,0,0,10,211,64
L4_W64_H4,0,validation:d8:t0:paligned:tree211:i80009,4,4,11,aligned,1,8,validation,-0.09958267211914062,0,0,10,211,64
L4_W64_H4,1,validation:d8:t0:paligned:tree211:i80010,4,4,11,aligned,0,8,validation,0.14982986450195312,0,1,10,211,64
L4_W64_H4,1,validation:d8:t0:paligned:tree211:i80011,4,4,11,aligned,1,8,validation,-0.05487060546875,0,0,10,211,64
L4_W64_H4,0,validation:d8:t0:paligned:tree211:i80012,4,4,11,aligned,0,8,validation,0.08284759521484375,0,1,10,211,64
L4_W64_H4,0,validation:d8:t0:paligned:tree211:i80013,4,4,11,aligned,1,8,validation,-0.11503982543945312,0,0,10,211,64
L4_W64_H4,1,validation:d8:t0:paligned:tree211:i80014,4,4,11,aligned,0,8,validation,0.052509307861328125,0,1,10,211,64
L4_W64_H4,1,validation:d8:t0:paligned:tree211:i80015,4,4,11,aligned,1,8,validation,-0.038509368896484375,0,0,10,211,64
L4_W64_H4,0,validation:d8:t0:paligned:tree307:i80000,4,4,11,aligned,0,8,validation,0.0809783935546875,0,1,10,307,64
L4_W64_H4,0,validation:d8:t0:paligned:tree307:i80001,4,4,11,aligned,1,8,validation,-0.12977027893066406,0,0,10,307,64
L4_W64_H4,1,validation:d8:t0:paligned:tree307:i80002,4,4,11,aligned,0,8,validation,0.1581249237060547,0,1,10,307,64
L4_W64_H4,1,validation:d8:t0:paligned:tree307:i80003,4,4,11,aligned,1,8,validation,-0.13175582885742188,0,0,10,307,64
L4_W64_H4,0,validation:d8:t0:paligned:tree307:i80004,4,4,11,aligned,0,8,validation,0.03063201904296875,0,1,10,307,64
L4_W64_H4,0,validation:d8:t0:paligned:tree307:i80005,4,4,11,aligned,1,8,validation,-0.033172607421875,0,0,10,307,64
L4_W64_H4,1,validation:d8:t0:paligned:tree307:i80006,4,4,11,aligned,0,8,validation,0.118865966796875,0,1,10,307,64
L4_W64_H4,1,validation:d8:t0:paligned:tree307:i80007,4,4,11,aligned,1,8,validation,-0.027162551879882812,0,0,10,307,64
L4_W64_H4,0,validation:d8:t0:paligned:tree307:i80008,4,4,11,aligned,0,8,validation,0.11167144775390625,0,1,10,307,64
L4_W64_H4,0,validation:d8:t0:paligned:tree307:i80009,4,4,11,aligned,1,8,validation,-0.148529052734375,0,0,10,307,64
L4_W64_H4,1,validation:d8:t0:paligned:tree307:i80010,4,4,11,aligned,0,8,validation,0.05361747741699219,0,1,10,307,64
L4_W64_H4,1,validation:d8:t0:paligned:tree307:i80011,4,4,11,aligned,1,8,validation,-0.06966781616210938,0,0,10,307,64
L4_W64_H4,0,validation:d8:t0:paligned:tree307:i80012,4,4,11,aligned,0,8,validation,0.06718635559082031,0,1,10,307,64
L4_W64_H4,0,validation:d8:t0:paligned:tree307:i80013,4,4,11,aligned,1,8,validation,-0.03463935852050781,0,0,10,307,64
L4_W64_H4,1,validation:d8:t0:paligned:tree307:i80014,4,4,11,aligned,0,8,validation,-0.06664466857910156,0,0,10,307,64
L4_W64_H4,1,validation:d8:t0:paligned:tree307:i80015,4,4,11,aligned,1,8,validation,-0.1363544464111328,0,0,10,307,64
L4_W64_H4,0,validation:d8:t0:prandomized:tree211:i80005,4,4,11,randomized,1,8,validation,-0.14751815795898438,0,0,10,211,64
L4_W64_H4,1,validation:d8:t0:prandomized:tree211:i80015,4,4,11,randomized,1,8,validation,-0.038509368896484375,0,0,10,211,64
L4_W64_H4,0,validation:d8:t0:prandomized:tree307:i80004,4,4,11,randomized,0,8,validation,0.03063201904296875,0,1,10,307,64
L4_W64_H4,0,validation:d8:t1:paligned:tree101:i80000,4,4,11,aligned,0,8,validation,0.12837791442871094,1,1,10,101,64
L4_W64_H4,0,validation:d8:t1:paligned:tree101:i80001,4,4,11,aligned,1,8,validation,-0.029706954956054688,1,0,10,101,64
L4_W64_H4,1,validation:d8:t1:paligned:tree101:i80002,4,4,11,aligned,0,8,validation,0.14873695373535156,1,1,10,101,64
L4_W64_H4,1,validation:d8:t1:paligned:tree101:i80003,4,4,11,aligned,1,8,validation,-0.07977867126464844,1,0,10,101,64
L4_W64_H4,0,validation:d8:t1:paligned:tree101:i80004,4,4,11,aligned,0,8,validation,0.14927101135253906,1,1,10,101,64
L4_W64_H4,0,validation:d8:t1:paligned:tree101:i80005,4,4,11,aligned,1,8,validation,-0.10241508483886719,1,0,10,101,64
L4_W64_H4,1,validation:d8:t1:paligned:tree101:i80006,4,4,11,aligned,0,8,validation,0.01538848876953125,1,1,10,101,64
L4_W64_H4,1,validation:d8:t1:paligned:tree101:i80007,4,4,11,aligned,1,8,validation,-0.049571990966796875,1,0,10,101,64
L4_W64_H4,0,validation:d8:t1:paligned:tree101:i80008,4,4,11,aligned,0,8,validation,0.083251953125,1,1,10,101,64
L4_W64_H4,0,validation:d8:t1:paligned:tree101:i80009,4,4,11,aligned,1,8,validation,-0.10136032104492188,1,0,10,101,64
L4_W64_H4,1,validation:d8:t1:paligned:tree101:i80010,4,4,11,aligned,0,8,validation,0.07133293151855469,1,1,10,101,64
L4_W64_H4,1,validation:d8:t1:paligned:tree101:i80011,4,4,11,aligned,1,8,validation,-0.042022705078125,1,0,10,101,64
L4_W64_H4,0,validation:d8:t1:paligned:tree101:i80012,4,4,11,aligned,0,8,validation,0.1643199920654297,1,1,10,101,64
L4_W64_H4,0,validation:d8:t1:paligned:tree101:i80013,4,4,11,aligned,1,8,validation,-0.17969512939453125,1,0,10,101,64
L4_W64_H4,1,validation:d8:t1:paligned:tree101:i80014,4,4,11,aligned,0,8,validation,0.01935577392578125,1,1,10,101,64
L4_W64_H4,1,validation:d8:t1:paligned:tree101:i80015,4,4,11,aligned,1,8,validation,-0.047870635986328125,1,0,10,101,64
L4_W64_H4,0,validation:d8:t1:paligned:tree211:i80000,4,4,11,aligned,0,8,validation,0.08475685119628906,1,1,10,211,64
L4_W64_H4,0,validation:d8:t1:paligned:tree211:i80001,4,4,11,aligned,1,8,validation,-0.10608100891113281,1,0,10,211,64
L4_W64_H4,1,validation:d8:t1:paligned:tree211:i80002,4,4,11,aligned,0,8,validation,0.12091827392578125,1,1,10,211,64
L4_W64_H4,1,validation:d8:t1:paligned:tree211:i80003,4,4,11,aligned,1,8,validation,-0.1407184600830078,1,0,10,211,64
L4_W64_H4,0,validation:d8:t1:paligned:tree211:i80004,4,4,11,aligned,0,8,validation,0.08361434936523438,1,1,10,211,64
L4_W64_H4,0,validation:d8:t1:paligned:tree211:i80005,4,4,11,aligned,1,8,validation,-0.1512622833251953,1,0,10,211,64
L4_W64_H4,1,validation:d8:t1:paligned:tree211:i80006,4,4,11,aligned,0,8,validation,0.11885261535644531,1,1,10,211,64
L4_W64_H4,1,validation:d8:t1:paligned:tree211:i80007,4,4,11,aligned,1,8,validation,-0.11470794677734375,1,0,10,211,64
L4_W64_H4,0,validation:d8:t1:paligned:tree211:i80008,4,4,11,aligned,0,8,validation,-0.004039764404296875,1,0,10,211,64
L4_W64_H4,0,validation:d8:t1:paligned:tree211:i80009,4,4,11,aligned,1,8,validation,-0.096221923828125,1,0,10,211,64
L4_W64_H4,1,validation:d8:t1:paligned:tree211:i80010,4,4,11,aligned,0,8,validation,0.14876747131347656,1,1,10,211,64
L4_W64_H4,1,validation:d8:t1:paligned:tree211:i80011,4,4,11,aligned,1,8,validation,-0.047794342041015625,1,0,10,211,64
L4_W64_H4,0,validation:d8:t1:paligned:tree211:i80012,4,4,11,aligned,0,8,validation,0.08435440063476562,1,1,10,211,64
L4_W64_H4,0,validation:d8:t1:paligned:tree211:i80013,4,4,11,aligned,1,8,validation,-0.11234474182128906,1,0,10,211,64
L4_W64_H4,1,validation:d8:t1:paligned:tree211:i80014,4,4,11,aligned,0,8,validation,0.05099678039550781,1,1,10,211,64
L4_W64_H4,1,validation:d8:t1:paligned:tree211:i80015,4,4,11,aligned,1,8,validation,-0.033023834228515625,1,0,10,211,64
L4_W64_H4,0,validation:d8:t1:paligned:tree307:i80000,4,4,11,aligned,0,8,validation,0.07915878295898438,1,1,10,307,64
L4_W64_H4,0,validation:d8:t1:paligned:tree307:i80001,4,4,11,aligned,1,8,validation,-0.12836265563964844,1,0,10,307,64
L4_W64_H4,1,validation:d8:t1:paligned:tree307:i80002,4,4,11,aligned,0,8,validation,0.15784645080566406,1,1,10,307,64
L4_W64_H4,1,validation:d8:t1:paligned:tree307:i80003,4,4,11,aligned,1,8,validation,-0.13243675231933594,1,0,10,307,64
L4_W64_H4,0,validation:d8:t1:paligned:tree307:i80004,4,4,11,aligned,0,8,validation,0.030124664306640625,1,1,10,307,64
L4_W64_H4,0,validation:d8:t1:paligned:tree307:i80005,4,4,11,aligned,1,8,validation,-0.03172492980957031,1,0,10,307,64
L4_W64_H4,1,validation:d8:t1:paligned:tree307:i80006,4,4,11,aligned,0,8,validation,0.11775779724121094,1,1,10,307,64
L4_W64_H4,1,validation:d8:t1:paligned:tree307:i80007,4,4,11,aligned,1,8,validation,-0.025936126708984375,1,0,10,307,64
L4_W64_H4,0,validation:d8:t1:paligned:tree307:i80008,4,4,11,aligned,0,8,validation,0.10639190673828125,1,1,10,307,64
L4_W64_H4,0,validation:d8:t1:paligned:tree307:i80009,4,4,11,aligned,1,8,validation,-0.149566650390625,1,0,10,307,64
L4_W64_H4,1,validation:d8:t1:paligned:tree307:i80010,4,4,11,aligned,0,8,validation,0.057453155517578125,1,1,10,307,64
L4_W64_H4,1,validation:d8:t1:paligned:tree307:i80011,4,4,11,aligned,1,8,validation,-0.0639495849609375,1,0,10,307,64
L4_W64_H4,0,validation:d8:t1:paligned:tree307:i80012,4,4,11,aligned,0,8,validation,0.06675529479980469,1,1,10,307,64
L4_W64_H4,0,validation:d8:t1:paligned:tree307:i80013,4,4,11,aligned,1,8,validation,-0.03654289245605469,1,0,10,307,64
L4_W64_H4,1,validation:d8:t1:paligned:tree307:i80014,4,4,11,aligned,0,8,validation,-0.06240272521972656,1,0,10,307,64
L4_W64_H4,1,validation:d8:t1:paligned:tree307:i80015,4,4,11,aligned,1,8,validation,-0.13313674926757812,1,0,10,307,64
L4_W64_H4,0,validation:d8:t1:prandomized:tree211:i80005,4,4,11,randomized,1,8,validation,-0.1512622833251953,1,0,10,211,64
L4_W64_H4,1,validation:d8:t1:prandomized:tree211:i80015,4,4,11,randomized,1,8,validation,-0.033023834228515625,1,0,10,211,64
L4_W64_H4,0,validation:d8:t1:prandomized:tree307:i80004,4,4,11,randomized,0,8,validation,0.030124664306640625,1,1,10,307,64
L4_W64_H4,0,validation:d8:t2:paligned:tree101:i80000,4,4,11,aligned,0,8,validation,0.1286907196044922,2,1,10,101,64
L4_W64_H4,0,validation:d8:t2:paligned:tree101:i80001,4,4,11,aligned,1,8,validation,-0.03345489501953125,2,0,10,101,64
L4_W64_H4,1,validation:d8:t2:paligned:tree101:i80002,4,4,11,aligned,0,8,validation,0.15416717529296875,2,1,10,101,64
L4_W64_H4,1,validation:d8:t2:paligned:tree101:i80003,4,4,11,aligned,1,8,validation,-0.08920097351074219,2,0,10,101,64
L4_W64_H4,0,validation:d8:t2:paligned:tree101:i80004,4,4,11,aligned,0,8,validation,0.15067291259765625,2,1,10,101,64
L4_W64_H4,0,validation:d8:t2:paligned:tree101:i80005,4,4,11,aligned,1,8,validation,-0.10494613647460938,2,0,10,101,64
L4_W64_H4,1,validation:d8:t2:paligned:tree101:i80006,4,4,11,aligned,0,8,validation,0.013345718383789062,2,1,10,101,64
L4_W64_H4,1,validation:d8:t2:paligned:tree101:i80007,4,4,11,aligned,1,8,validation,-0.0417938232421875,2,0,10,101,64
L4_W64_H4,0,validation:d8:t2:paligned:tree101:i80008,4,4,11,aligned,0,8,validation,0.08497047424316406,2,1,10,101,64
L4_W64_H4,0,validation:d8:t2:paligned:tree101:i80009,4,4,11,aligned,1,8,validation,-0.10886001586914062,2,0,10,101,64
L4_W64_H4,1,validation:d8:t2:paligned:tree101:i80010,4,4,11,aligned,0,8,validation,0.07383155822753906,2,1,10,101,64
L4_W64_H4,1,validation:d8:t2:paligned:tree101:i80011,4,4,11,aligned,1,8,validation,-0.04213523864746094,2,0,10,101,64
L4_W64_H4,0,validation:d8:t2:paligned:tree101:i80012,4,4,11,aligned,0,8,validation,0.16938018798828125,2,1,10,101,64
L4_W64_H4,0,validation:d8:t2:paligned:tree101:i80013,4,4,11,aligned,1,8,validation,-0.184112548828125,2,0,10,101,64
L4_W64_H4,1,validation:d8:t2:paligned:tree101:i80014,4,4,11,aligned,0,8,validation,0.023174285888671875,2,1,10,101,64
L4_W64_H4,1,validation:d8:t2:paligned:tree101:i80015,4,4,11,aligned,1,8,validation,-0.044734954833984375,2,0,10,101,64
L4_W64_H4,0,validation:d8:t2:paligned:tree211:i80000,4,4,11,aligned,0,8,validation,0.08578872680664062,2,1,10,211,64
L4_W64_H4,0,validation:d8:t2:paligned:tree211:i80001,4,4,11,aligned,1,8,validation,-0.11069488525390625,2,0,10,211,64
L4_W64_H4,1,validation:d8:t2:paligned:tree211:i80002,4,4,11,aligned,0,8,validation,0.12276649475097656,2,1,10,211,64
L4_W64_H4,1,validation:d8:t2:paligned:tree211:i80003,4,4,11,aligned,1,8,validation,-0.1443958282470703,2,0,10,211,64
L4_W64_H4,0,validation:d8:t2:paligned:tree211:i80004,4,4,11,aligned,0,8,validation,0.0887298583984375,2,1,10,211,64
L4_W64_H4,0,validation:d8:t2:paligned:tree211:i80005,4,4,11,aligned,1,8,validation,-0.1478595733642578,2,0,10,211,64
L4_W64_H4,1,validation:d8:t2:paligned:tree211:i80006,4,4,11,aligned,0,8,validation,0.11932373046875,2,1,10,211,64
L4_W64_H4,1,validation:d8:t2:paligned:tree211:i80007,4,4,11,aligned,1,8,validation,-0.11782646179199219,2,0,10,211,64
L4_W64_H4,0,validation:d8:t2:paligned:tree211:i80008,4,4,11,aligned,0,8,validation,-0.00287628173828125,2,0,10,211,64
L4_W64_H4,0,validation:d8:t2:paligned:tree211:i80009,4,4,11,aligned,1,8,validation,-0.1021575927734375,2,0,10,211,64
L4_W64_H4,1,validation:d8:t2:paligned:tree211:i80010,4,4,11,aligned,0,8,validation,0.14932823181152344,2,1,10,211,64
L4_W64_H4,1,validation:d8:t2:paligned:tree211:i80011,4,4,11,aligned,1,8,validation,-0.05382728576660156,2,0,10,211,64
L4_W64_H4,0,validation:d8:t2:paligned:tree211:i80012,4,4,11,aligned,0,8,validation,0.08342742919921875,2,1,10,211,64
L4_W64_H4,0,validation:d8:t2:paligned:tree211:i80013,4,4,11,aligned,1,8,validation,-0.11608123779296875,2,0,10,211,64
L4_W64_H4,1,validation:d8:t2:paligned:tree211:i80014,4,4,11,aligned,0,8,validation,0.05295753479003906,2,1,10,211,64
L4_W64_H4,1,validation:d8:t2:paligned:tree211:i80015,4,4,11,aligned,1,8,validation,-0.03526878356933594,2,0,10,211,64
L4_W64_H4,0,validation:d8:t2:paligned:tree307:i80000,4,4,11,aligned,0,8,validation,0.08325767517089844,2,1,10,307,64
L4_W64_H4,0,validation:d8:t2:paligned:tree307:i80001,4,4,11,aligned,1,8,validation,-0.13001632690429688,2,0,10,307,64
L4_W64_H4,1,validation:d8:t2:paligned:tree307:i80002,4,4,11,aligned,0,8,validation,0.16094017028808594,2,1,10,307,64
L4_W64_H4,1,validation:d8:t2:paligned:tree307:i80003,4,4,11,aligned,1,8,validation,-0.1300983428955078,2,0,10,307,64
L4_W64_H4,0,validation:d8:t2:paligned:tree307:i80004,4,4,11,aligned,0,8,validation,0.0344696044921875,2,1,10,307,64
L4_W64_H4,0,validation:d8:t2:paligned:tree307:i80005,4,4,11,aligned,1,8,validation,-0.035205841064453125,2,0,10,307,64
L4_W64_H4,1,validation:d8:t2:paligned:tree307:i80006,4,4,11,aligned,0,8,validation,0.11839103698730469,2,1,10,307,64
L4_W64_H4,1,validation:d8:t2:paligned:tree307:i80007,4,4,11,aligned,1,8,validation,-0.027820587158203125,2,0,10,307,64
L4_W64_H4,0,validation:d8:t2:paligned:tree307:i80008,4,4,11,aligned,0,8,validation,0.11103630065917969,2,1,10,307,64
L4_W64_H4,0,validation:d8:t2:paligned:tree307:i80009,4,4,11,aligned,1,8,validation,-0.1498260498046875,2,0,10,307,64
L4_W64_H4,1,validation:d8:t2:paligned:tree307:i80010,4,4,11,aligned,0,8,validation,0.046276092529296875,2,1,10,307,64
L4_W64_H4,1,validation:d8:t2:paligned:tree307:i80011,4,4,11,aligned,1,8,validation,-0.07979393005371094,2,0,10,307,64
L4_W64_H4,0,validation:d8:t2:paligned:tree307:i80012,4,4,11,aligned,0,8,validation,0.0692901611328125,2,1,10,307,64
L4_W64_H4,0,validation:d8:t2:paligned:tree307:i80013,4,4,11,aligned,1,8,validation,-0.03794097900390625,2,0,10,307,64
L4_W64_H4,1,validation:d8:t2:paligned:tree307:i80014,4,4,11,aligned,0,8,validation,-0.058315277099609375,2,0,10,307,64
L4_W64_H4,1,validation:d8:t2:paligned:tree307:i80015,4,4,11,aligned,1,8,validation,-0.1378631591796875,2,0,10,307,64
L4_W64_H4,0,validation:d8:t2:prandomized:tree101:i80005,4,4,11,randomized,1,8,validation,-0.10494613647460938,2,0,10,101,64
L4_W64_H4,1,validation:d8:t2:prandomized:tree101:i80011,4,4,11,randomized,1,8,validation,-0.04213523864746094,2,0,10,101,64
L4_W64_H4,1,validation:d8:t2:prandomized:tree211:i80011,4,4,11,randomized,1,8,validation,-0.05382728576660156,2,0,10,211,64
L4_W64_H4,0,validation:d8:t2:prandomized:tree307:i80001,4,4,11,randomized,1,8,validation,-0.13001632690429688,2,0,10,307,64
L4_W64_H4,0,validation:d8:t2:prandomized:tree307:i80005,4,4,11,randomized,1,8,validation,-0.035205841064453125,2,0,10,307,64
L4_W64_H4,0,validation:d8:t2:prandomized:tree307:i80012,4,4,11,randomized,0,8,validation,0.0692901611328125,2,1,10,307,64
L4_W64_H4,0,validation:d8:t3:paligned:tree101:i80000,4,4,11,aligned,0,8,validation,0.12682723999023438,3,1,10,101,64
L4_W64_H4,0,validation:d8:t3:paligned:tree101:i80001,4,4,11,aligned,1,8,validation,-0.031240463256835938,3,0,10,101,64
L4_W64_H4,1,validation:d8:t3:paligned:tree101:i80002,4,4,11,aligned,0,8,validation,0.1502666473388672,3,1,10,101,64
L4_W64_H4,1,validation:d8:t3:paligned:tree101:i80003,4,4,11,aligned,1,8,validation,-0.0815582275390625,3,0,10,101,64
L4_W64_H4,0,validation:d8:t3:paligned:tree101:i80004,4,4,11,aligned,0,8,validation,0.15029144287109375,3,1,10,101,64
L4_W64_H4,0,validation:d8:t3:paligned:tree101:i80005,4,4,11,aligned,1,8,validation,-0.10093307495117188,3,0,10,101,64
L4_W64_H4,1,validation:d8:t3:paligned:tree101:i80006,4,4,11,aligned,0,8,validation,0.012426376342773438,3,1,10,101,64
L4_W64_H4,1,validation:d8:t3:paligned:tree101:i80007,4,4,11,aligned,1,8,validation,-0.0455780029296875,3,0,10,101,64
L4_W64_H4,0,validation:d8:t3:paligned:tree101:i80008,4,4,11,aligned,0,8,validation,0.084381103515625,3,1,10,101,64
L4_W64_H4,0,validation:d8:t3:paligned:tree101:i80009,4,4,11,aligned,1,8,validation,-0.10682296752929688,3,0,10,101,64
L4_W64_H4,1,validation:d8:t3:paligned:tree101:i80010,4,4,11,aligned,0,8,validation,0.07171630859375,3,1,10,101,64
L4_W64_H4,1,validation:d8:t3:paligned:tree101:i80011,4,4,11,aligned,1,8,validation,-0.04244041442871094,3,0,10,101,64
L4_W64_H4,0,validation:d8:t3:paligned:tree101:i80012,4,4,11,aligned,0,8,validation,0.16467857360839844,3,1,10,101,64
L4_W64_H4,0,validation:d8:t3:paligned:tree101:i80013,4,4,11,aligned,1,8,validation,-0.18129920959472656,3,0,10,101,64
L4_W64_H4,1,validation:d8:t3:paligned:tree101:i80014,4,4,11,aligned,0,8,validation,0.020353317260742188,3,1,10,101,64
L4_W64_H4,1,validation:d8:t3:paligned:tree101:i80015,4,4,11,aligned,1,8,validation,-0.04811286926269531,3,0,10,101,64
L4_W64_H4,0,validation:d8:t3:paligned:tree211:i80000,4,4,11,aligned,0,8,validation,0.08469200134277344,3,1,10,211,64
L4_W64_H4,0,validation:d8:t3:paligned:tree211:i80001,4,4,11,aligned,1,8,validation,-0.105194091796875,3,0,10,211,64
L4_W64_H4,1,validation:d8:t3:paligned:tree211:i80002,4,4,11,aligned,0,8,validation,0.12125396728515625,3,1,10,211,64
L4_W64_H4,1,validation:d8:t3:paligned:tree211:i80003,4,4,11,aligned,1,8,validation,-0.14054107666015625,3,0,10,211,64
L4_W64_H4,0,validation:d8:t3:paligned:tree211:i80004,4,4,11,aligned,0,8,validation,0.0837860107421875,3,1,10,211,64
L4_W64_H4,0,validation:d8:t3:paligned:tree211:i80005,4,4,11,aligned,1,8,validation,-0.14900588989257812,3,0,10,211,64
L4_W64_H4,1,validation:d8:t3:paligned:tree211:i80006,4,4,11,aligned,0,8,validation,0.118865966796875,3,1,10,211,64
L4_W64_H4,1,validation:d8:t3:paligned:tree211:i80007,4,4,11,aligned,1,8,validation,-0.11661911010742188,3,0,10,211,64
L4_W64_H4,0,validation:d8:t3:paligned:tree211:i80008,4,4,11,aligned,0,8,validation,-0.005756378173828125,3,0,10,211,64
L4_W64_H4,0,validation:d8:t3:paligned:tree211:i80009,4,4,11,aligned,1,8,validation,-0.09619712829589844,3,0,10,211,64
L4_W64_H4,1,validation:d8:t3:paligned:tree211:i80010,4,4,11,aligned,0,8,validation,0.1487884521484375,3,1,10,211,64
L4_W64_H4,1,validation:d8:t3:paligned:tree211:i80011,4,4,11,aligned,1,8,validation,-0.050960540771484375,3,0,10,211,64
L4_W64_H4,0,validation:d8:t3:paligned:tree211:i80012,4,4,11,aligned,0,8,validation,0.085296630859375,3,1,10,211,64
L4_W64_H4,0,validation:d8:t3:paligned:tree211:i80013,4,4,11,aligned,1,8,validation,-0.11344528198242188,3,0,10,211,64
L4_W64_H4,1,validation:d8:t3:paligned:tree211:i80014,4,4,11,aligned,0,8,validation,0.0513916015625,3,1,10,211,64
L4_W64_H4,1,validation:d8:t3:paligned:tree211:i80015,4,4,11,aligned,1,8,validation,-0.03247642517089844,3,0,10,211,64
L4_W64_H4,0,validation:d8:t3:paligned:tree307:i80000,4,4,11,aligned,0,8,validation,0.07891082763671875,3,1,10,307,64
L4_W64_H4,0,validation:d8:t3:paligned:tree307:i80001,4,4,11,aligned,1,8,validation,-0.1290435791015625,3,0,10,307,64
L4_W64_H4,1,validation:d8:t3:paligned:tree307:i80002,4,4,11,aligned,0,8,validation,0.15673446655273438,3,1,10,307,64
L4_W64_H4,1,validation:d8:t3:paligned:tree307:i80003,4,4,11,aligned,1,8,validation,-0.12284469604492188,3,0,10,307,64
L4_W64_H4,0,validation:d8:t3:paligned:tree307:i80004,4,4,11,aligned,0,8,validation,0.031284332275390625,3,1,10,307,64
L4_W64_H4,0,validation:d8:t3:paligned:tree307:i80005,4,4,11,aligned,1,8,validation,-0.032421112060546875,3,0,10,307,64
L4_W64_H4,1,validation:d8:t3:paligned:tree307:i80006,4,4,11,aligned,0,8,validation,0.11622810363769531,3,1,10,307,64
L4_W64_H4,1,validation:d8:t3:paligned:tree307:i80007,4,4,11,aligned,1,8,validation,-0.02631378173828125,3,0,10,307,64
L4_W64_H4,0,validation:d8:t3:paligned:tree307:i80008,4,4,11,aligned,0,8,validation,0.10598373413085938,3,1,10,307,64
L4_W64_H4,0,validation:d8:t3:paligned:tree307:i80009,4,4,11,aligned,1,8,validation,-0.1496868133544922,3,0,10,307,64
L4_W64_H4,1,validation:d8:t3:paligned:tree307:i80010,4,4,11,aligned,0,8,validation,0.04966163635253906,3,1,10,307,64
L4_W64_H4,1,validation:d8:t3:paligned:tree307:i80011,4,4,11,aligned,1,8,validation,-0.067047119140625,3,0,10,307,64
L4_W64_H4,0,validation:d8:t3:paligned:tree307:i80012,4,4,11,aligned,0,8,validation,0.06886482238769531,3,1,10,307,64
L4_W64_H4,0,validation:d8:t3:paligned:tree307:i80013,4,4,11,aligned,1,8,validation,-0.03536224365234375,3,0,10,307,64
L4_W64_H4,1,validation:d8:t3:paligned:tree307:i80014,4,4,11,aligned,0,8,validation,-0.05970001220703125,3,0,10,307,64
L4_W64_H4,1,validation:d8:t3:paligned:tree307:i80015,4,4,11,aligned,1,8,validation,-0.13639068603515625,3,0,10,307,64
L4_W64_H4,0,validation:d8:t3:prandomized:tree101:i80005,4,4,11,randomized,1,8,validation,-0.10093307495117188,3,0,10,101,64
L4_W64_H4,1,validation:d8:t3:prandomized:tree101:i80011,4,4,11,randomized,1,8,validation,-0.04244041442871094,3,0,10,101,64
L4_W64_H4,1,validation:d8:t3:prandomized:tree211:i80011,4,4,11,randomized,1,8,validation,-0.050960540771484375,3,0,10,211,64
L4_W64_H4,0,validation:d8:t3:prandomized:tree307:i80001,4,4,11,randomized,1,8,validation,-0.1290435791015625,3,0,10,307,64
L4_W64_H4,0,validation:d8:t3:prandomized:tree307:i80005,4,4,11,randomized,1,8,validation,-0.032421112060546875,3,0,10,307,64
L4_W64_H4,0,validation:d8:t3:prandomized:tree307:i80012,4,4,11,randomized,0,8,validation,0.06886482238769531,3,1,10,307,64
L4_W64_H4,0,test:d8:t0:paligned:tree101:i80000,4,4,11,aligned,0,8,test,0.12852859497070312,0,1,10,101,64
L4_W64_H4,0,test:d8:t0:paligned:tree101:i80001,4,4,11,aligned,1,8,test,-0.047557830810546875,0,0,10,101,64
L4_W64_H4,1,test:d8:t0:paligned:tree101:i80002,4,4,11,aligned,0,8,test,0.09100532531738281,0,1,10,101,64
L4_W64_H4,1,test:d8:t0:paligned:tree101:i80003,4,4,11,aligned,1,8,test,-0.03130912780761719,0,0,10,101,64
L4_W64_H4,0,test:d8:t0:paligned:tree101:i80004,4,4,11,aligned,0,8,test,0.14089393615722656,0,1,10,101,64
L4_W64_H4,0,test:d8:t0:paligned:tree101:i80005,4,4,11,aligned,1,8,test,-0.030731201171875,0,0,10,101,64
L4_W64_H4,1,test:d8:t0:paligned:tree101:i80006,4,4,11,aligned,0,8,test,0.07390022277832031,0,1,10,101,64
L4_W64_H4,1,test:d8:t0:paligned:tree101:i80007,4,4,11,aligned,1,8,test,-0.12306594848632812,0,0,10,101,64
L4_W64_H4,0,test:d8:t0:paligned:tree101:i80008,4,4,11,aligned,0,8,test,0.06930732727050781,0,1,10,101,64
L4_W64_H4,0,test:d8:t0:paligned:tree101:i80009,4,4,11,aligned,1,8,test,-0.029170989990234375,0,0,10,101,64
L4_W64_H4,1,test:d8:t0:paligned:tree101:i80010,4,4,11,aligned,0,8,test,0.027212142944335938,0,1,10,101,64
L4_W64_H4,1,test:d8:t0:paligned:tree101:i80011,4,4,11,aligned,1,8,test,-0.15230751037597656,0,0,10,101,64
L4_W64_H4,0,test:d8:t0:paligned:tree101:i80012,4,4,11,aligned,0,8,test,0.05515098571777344,0,1,10,101,64
L4_W64_H4,0,test:d8:t0:paligned:tree101:i80013,4,4,11,aligned,1,8,test,-0.04186820983886719,0,0,10,101,64
L4_W64_H4,1,test:d8:t0:paligned:tree101:i80014,4,4,11,aligned,0,8,test,-0.011028289794921875,0,0,10,101,64
L4_W64_H4,1,test:d8:t0:paligned:tree101:i80015,4,4,11,aligned,1,8,test,-0.07022666931152344,0,0,10,101,64
L4_W64_H4,0,test:d8:t0:paligned:tree211:i80000,4,4,11,aligned,0,8,test,0.08086967468261719,0,1,10,211,64
L4_W64_H4,0,test:d8:t0:paligned:tree211:i80001,4,4,11,aligned,1,8,test,-0.07349777221679688,0,0,10,211,64
L4_W64_H4,1,test:d8:t0:paligned:tree211:i80002,4,4,11,aligned,0,8,test,0.09755325317382812,0,1,10,211,64
L4_W64_H4,1,test:d8:t0:paligned:tree211:i80003,4,4,11,aligned,1,8,test,-0.1472492218017578,0,0,10,211,64
L4_W64_H4,0,test:d8:t0:paligned:tree211:i80004,4,4,11,aligned,0,8,test,0.07403564453125,0,1,10,211,64
L4_W64_H4,0,test:d8:t0:paligned:tree211:i80005,4,4,11,aligned,1,8,test,0.0116424560546875,0,1,10,211,64
L4_W64_H4,1,test:d8:t0:paligned:tree211:i80006,4,4,11,aligned,0,8,test,0.09451484680175781,0,1,10,211,64
L4_W64_H4,1,test:d8:t0:paligned:tree211:i80007,4,4,11,aligned,1,8,test,-0.07132720947265625,0,0,10,211,64
L4_W64_H4,0,test:d8:t0:paligned:tree211:i80008,4,4,11,aligned,0,8,test,0.08014678955078125,0,1,10,211,64
L4_W64_H4,0,test:d8:t0:paligned:tree211:i80009,4,4,11,aligned,1,8,test,-0.10066413879394531,0,0,10,211,64
L4_W64_H4,1,test:d8:t0:paligned:tree211:i80010,4,4,11,aligned,0,8,test,0.08980941772460938,0,1,10,211,64
L4_W64_H4,1,test:d8:t0:paligned:tree211:i80011,4,4,11,aligned,1,8,test,-0.1637744903564453,0,0,10,211,64
L4_W64_H4,0,test:d8:t0:paligned:tree211:i80012,4,4,11,aligned,0,8,test,-0.0072269439697265625,0,0,10,211,64
L4_W64_H4,0,test:d8:t0:paligned:tree211:i80013,4,4,11,aligned,1,8,test,-0.12627601623535156,0,0,10,211,64
L4_W64_H4,1,test:d8:t0:paligned:tree211:i80014,4,4,11,aligned,0,8,test,0.07582855224609375,0,1,10,211,64
L4_W64_H4,1,test:d8:t0:paligned:tree211:i80015,4,4,11,aligned,1,8,test,-0.04840087890625,0,0,10,211,64
L4_W64_H4,0,test:d8:t0:paligned:tree307:i80000,4,4,11,aligned,0,8,test,0.030521392822265625,0,1,10,307,64
L4_W64_H4,0,test:d8:t0:paligned:tree307:i80001,4,4,11,aligned,1,8,test,-0.0459442138671875,0,0,10,307,64
L4_W64_H4,1,test:d8:t0:paligned:tree307:i80002,4,4,11,aligned,0,8,test,0.08411979675292969,0,1,10,307,64
L4_W64_H4,1,test:d8:t0:paligned:tree307:i80003,4,4,11,aligned,1,8,test,-0.014169692993164062,0,0,10,307,64
L4_W64_H4,0,test:d8:t0:paligned:tree307:i80004,4,4,11,aligned,0,8,test,0.17606163024902344,0,1,10,307,64
L4_W64_H4,0,test:d8:t0:paligned:tree307:i80005,4,4,11,aligned,1,8,test,-0.018964767456054688,0,0,10,307,64
L4_W64_H4,1,test:d8:t0:paligned:tree307:i80006,4,4,11,aligned,0,8,test,0.016084671020507812,0,1,10,307,64
L4_W64_H4,1,test:d8:t0:paligned:tree307:i80007,4,4,11,aligned,1,8,test,-0.08130455017089844,0,0,10,307,64
L4_W64_H4,0,test:d8:t0:paligned:tree307:i80008,4,4,11,aligned,0,8,test,0.023067474365234375,0,1,10,307,64
L4_W64_H4,0,test:d8:t0:paligned:tree307:i80009,4,4,11,aligned,1,8,test,-0.14053726196289062,0,0,10,307,64
L4_W64_H4,1,test:d8:t0:paligned:tree307:i80010,4,4,11,aligned,0,8,test,0.06576156616210938,0,1,10,307,64
L4_W64_H4,1,test:d8:t0:paligned:tree307:i80011,4,4,11,aligned,1,8,test,-0.04961585998535156,0,0,10,307,64
L4_W64_H4,0,test:d8:t0:paligned:tree307:i80012,4,4,11,aligned,0,8,test,0.10179328918457031,0,1,10,307,64
L4_W64_H4,0,test:d8:t0:paligned:tree307:i80013,4,4,11,aligned,1,8,test,-0.0788421630859375,0,0,10,307,64
L4_W64_H4,1,test:d8:t0:paligned:tree307:i80014,4,4,11,aligned,0,8,test,0.1523876190185547,0,1,10,307,64
L4_W64_H4,1,test:d8:t0:paligned:tree307:i80015,4,4,11,aligned,1,8,test,-0.06652259826660156,0,0,10,307,64
L4_W64_H4,0,test:d8:t0:prandomized:tree211:i80005,4,4,11,randomized,1,8,test,0.0116424560546875,0,1,10,211,64
L4_W64_H4,1,test:d8:t0:prandomized:tree211:i80015,4,4,11,randomized,1,8,test,-0.04840087890625,0,0,10,211,64
L4_W64_H4,0,test:d8:t0:prandomized:tree307:i80004,4,4,11,randomized,0,8,test,0.17606163024902344,0,1,10,307,64
L4_W64_H4,0,test:d8:t1:paligned:tree101:i80000,4,4,11,aligned,0,8,test,0.12683868408203125,1,1,10,101,64
L4_W64_H4,0,test:d8:t1:paligned:tree101:i80001,4,4,11,aligned,1,8,test,-0.04762840270996094,1,0,10,101,64
L4_W64_H4,1,test:d8:t1:paligned:tree101:i80002,4,4,11,aligned,0,8,test,0.08941841125488281,1,1,10,101,64
L4_W64_H4,1,test:d8:t1:paligned:tree101:i80003,4,4,11,aligned,1,8,test,-0.030914306640625,1,0,10,101,64
L4_W64_H4,0,test:d8:t1:paligned:tree101:i80004,4,4,11,aligned,0,8,test,0.1401958465576172,1,1,10,101,64
L4_W64_H4,0,test:d8:t1:paligned:tree101:i80005,4,4,11,aligned,1,8,test,-0.03394317626953125,1,0,10,101,64
L4_W64_H4,1,test:d8:t1:paligned:tree101:i80006,4,4,11,aligned,0,8,test,0.073516845703125,1,1,10,101,64
L4_W64_H4,1,test:d8:t1:paligned:tree101:i80007,4,4,11,aligned,1,8,test,-0.12396621704101562,1,0,10,101,64
L4_W64_H4,0,test:d8:t1:paligned:tree101:i80008,4,4,11,aligned,0,8,test,0.06991386413574219,1,1,10,101,64
L4_W64_H4,0,test:d8:t1:paligned:tree101:i80009,4,4,11,aligned,1,8,test,-0.03135871887207031,1,0,10,101,64
L4_W64_H4,1,test:d8:t1:paligned:tree101:i80010,4,4,11,aligned,0,8,test,0.026388168334960938,1,1,10,101,64
L4_W64_H4,1,test:d8:t1:paligned:tree101:i80011,4,4,11,aligned,1,8,test,-0.15106773376464844,1,0,10,101,64
L4_W64_H4,0,test:d8:t1:paligned:tree101:i80012,4,4,11,aligned,0,8,test,0.05329132080078125,1,1,10,101,64
L4_W64_H4,0,test:d8:t1:paligned:tree101:i80013,4,4,11,aligned,1,8,test,-0.03846549987792969,1,0,10,101,64
L4_W64_H4,1,test:d8:t1:paligned:tree101:i80014,4,4,11,aligned,0,8,test,-0.015165328979492188,1,0,10,101,64
L4_W64_H4,1,test:d8:t1:paligned:tree101:i80015,4,4,11,aligned,1,8,test,-0.06690597534179688,1,0,10,101,64
L4_W64_H4,0,test:d8:t1:paligned:tree211:i80000,4,4,11,aligned,0,8,test,0.07635688781738281,1,1,10,211,64
L4_W64_H4,0,test:d8:t1:paligned:tree211:i80001,4,4,11,aligned,1,8,test,-0.07395362854003906,1,0,10,211,64
L4_W64_H4,1,test:d8:t1:paligned:tree211:i80002,4,4,11,aligned,0,8,test,0.09508514404296875,1,1,10,211,64
L4_W64_H4,1,test:d8:t1:paligned:tree211:i80003,4,4,11,aligned,1,8,test,-0.14549636840820312,1,0,10,211,64
L4_W64_H4,0,test:d8:t1:paligned:tree211:i80004,4,4,11,aligned,0,8,test,0.07174491882324219,1,1,10,211,64
L4_W64_H4,0,test:d8:t1:paligned:tree211:i80005,4,4,11,aligned,1,8,test,0.0063114166259765625,1,1,10,211,64
L4_W64_H4,1,test:d8:t1:paligned:tree211:i80006,4,4,11,aligned,0,8,test,0.09180259704589844,1,1,10,211,64
L4_W64_H4,1,test:d8:t1:paligned:tree211:i80007,4,4,11,aligned,1,8,test,-0.06643867492675781,1,0,10,211,64
L4_W64_H4,0,test:d8:t1:paligned:tree211:i80008,4,4,11,aligned,0,8,test,0.08179092407226562,1,1,10,211,64
L4_W64_H4,0,test:d8:t1:paligned:tree211:i80009,4,4,11,aligned,1,8,test,-0.09678840637207031,1,0,10,211,64
L4_W64_H4,1,test:d8:t1:paligned:tree211:i80010,4,4,11,aligned,0,8,test,0.09602546691894531,1,1,10,211,64
L4_W64_H4,1,test:d8:t1:paligned:tree211:i80011,4,4,11,aligned,1,8,test,-0.16464614868164062,1,0,10,211,64
L4_W64_H4,0,test:d8:t1:paligned:tree211:i80012,4,4,11,aligned,0,8,test,-0.013113021850585938,1,0,10,211,64
L4_W64_H4,0,test:d8:t1:paligned:tree211:i80013,4,4,11,aligned,1,8,test,-0.12394332885742188,1,0,10,211,64
L4_W64_H4,1,test:d8:t1:paligned:tree211:i80014,4,4,11,aligned,0,8,test,0.07561492919921875,1,1,10,211,64
L4_W64_H4,1,test:d8:t1:paligned:tree211:i80015,4,4,11,aligned,1,8,test,-0.048686981201171875,1,0,10,211,64
L4_W64_H4,0,test:d8:t1:paligned:tree307:i80000,4,4,11,aligned,0,8,test,0.030254364013671875,1,1,10,307,64
L4_W64_H4,0,test:d8:t1:paligned:tree307:i80001,4,4,11,aligned,1,8,test,-0.0418548583984375,1,0,10,307,64
L4_W64_H4,1,test:d8:t1:paligned:tree307:i80002,4,4,11,aligned,0,8,test,0.080535888671875,1,1,10,307,64
L4_W64_H4,1,test:d8:t1:paligned:tree307:i80003,4,4,11,aligned,1,8,test,-0.0108184814453125,1,0,10,307,64
L4_W64_H4,0,test:d8:t1:paligned:tree307:i80004,4,4,11,aligned,0,8,test,0.17206764221191406,1,1,10,307,64
L4_W64_H4,0,test:d8:t1:paligned:tree307:i80005,4,4,11,aligned,1,8,test,-0.016305923461914062,1,0,10,307,64
L4_W64_H4,1,test:d8:t1:paligned:tree307:i80006,4,4,11,aligned,0,8,test,0.014774322509765625,1,1,10,307,64
L4_W64_H4,1,test:d8:t1:paligned:tree307:i80007,4,4,11,aligned,1,8,test,-0.07712745666503906,1,0,10,307,64
L4_W64_H4,0,test:d8:t1:paligned:tree307:i80008,4,4,11,aligned,0,8,test,0.019788742065429688,1,1,10,307,64
L4_W64_H4,0,test:d8:t1:paligned:tree307:i80009,4,4,11,aligned,1,8,test,-0.13897132873535156,1,0,10,307,64
L4_W64_H4,1,test:d8:t1:paligned:tree307:i80010,4,4,11,aligned,0,8,test,0.06267356872558594,1,1,10,307,64
L4_W64_H4,1,test:d8:t1:paligned:tree307:i80011,4,4,11,aligned,1,8,test,-0.050815582275390625,1,0,10,307,64
L4_W64_H4,0,test:d8:t1:paligned:tree307:i80012,4,4,11,aligned,0,8,test,0.10137176513671875,1,1,10,307,64
L4_W64_H4,0,test:d8:t1:paligned:tree307:i80013,4,4,11,aligned,1,8,test,-0.075286865234375,1,0,10,307,64
L4_W64_H4,1,test:d8:t1:paligned:tree307:i80014,4,4,11,aligned,0,8,test,0.14959716796875,1,1,10,307,64
L4_W64_H4,1,test:d8:t1:paligned:tree307:i80015,4,4,11,aligned,1,8,test,-0.06508255004882812,1,0,10,307,64
L4_W64_H4,0,test:d8:t1:prandomized:tree211:i80005,4,4,11,randomized,1,8,test,0.0063114166259765625,1,1,10,211,64
L4_W64_H4,1,test:d8:t1:prandomized:tree211:i80015,4,4,11,randomized,1,8,test,-0.048686981201171875,1,0,10,211,64
L4_W64_H4,0,test:d8:t1:prandomized:tree307:i80004,4,4,11,randomized,0,8,test,0.17206764221191406,1,1,10,307,64
L4_W64_H4,0,test:d8:t2:paligned:tree101:i80000,4,4,11,aligned,0,8,test,0.1295146942138672,2,1,10,101,64
L4_W64_H4,0,test:d8:t2:paligned:tree101:i80001,4,4,11,aligned,1,8,test,-0.05196189880371094,2,0,10,101,64
L4_W64_H4,1,test:d8:t2:paligned:tree101:i80002,4,4,11,aligned,0,8,test,0.09319305419921875,2,1,10,101,64
L4_W64_H4,1,test:d8:t2:paligned:tree101:i80003,4,4,11,aligned,1,8,test,-0.03341484069824219,2,0,10,101,64
L4_W64_H4,0,test:d8:t2:paligned:tree101:i80004,4,4,11,aligned,0,8,test,0.14281654357910156,2,1,10,101,64
L4_W64_H4,0,test:d8:t2:paligned:tree101:i80005,4,4,11,aligned,1,8,test,-0.03397369384765625,2,0,10,101,64
L4_W64_H4,1,test:d8:t2:paligned:tree101:i80006,4,4,11,aligned,0,8,test,0.0762786865234375,2,1,10,101,64
L4_W64_H4,1,test:d8:t2:paligned:tree101:i80007,4,4,11,aligned,1,8,test,-0.12235069274902344,2,0,10,101,64
L4_W64_H4,0,test:d8:t2:paligned:tree101:i80008,4,4,11,aligned,0,8,test,0.06920814514160156,2,1,10,101,64
L4_W64_H4,0,test:d8:t2:paligned:tree101:i80009,4,4,11,aligned,1,8,test,-0.0303802490234375,2,0,10,101,64
L4_W64_H4,1,test:d8:t2:paligned:tree101:i80010,4,4,11,aligned,0,8,test,0.022747039794921875,2,1,10,101,64
L4_W64_H4,1,test:d8:t2:paligned:tree101:i80011,4,4,11,aligned,1,8,test,-0.1538543701171875,2,0,10,101,64
L4_W64_H4,0,test:d8:t2:paligned:tree101:i80012,4,4,11,aligned,0,8,test,0.057353973388671875,2,1,10,101,64
L4_W64_H4,0,test:d8:t2:paligned:tree101:i80013,4,4,11,aligned,1,8,test,-0.040981292724609375,2,0,10,101,64
L4_W64_H4,1,test:d8:t2:paligned:tree101:i80014,4,4,11,aligned,0,8,test,-0.0099334716796875,2,0,10,101,64
L4_W64_H4,1,test:d8:t2:paligned:tree101:i80015,4,4,11,aligned,1,8,test,-0.06938552856445312,2,0,10,101,64
L4_W64_H4,0,test:d8:t2:paligned:tree211:i80000,4,4,11,aligned,0,8,test,0.07931900024414062,2,1,10,211,64
L4_W64_H4,0,test:d8:t2:paligned:tree211:i80001,4,4,11,aligned,1,8,test,-0.07935714721679688,2,0,10,211,64
L4_W64_H4,1,test:d8:t2:paligned:tree211:i80002,4,4,11,aligned,0,8,test,0.097412109375,2,1,10,211,64
L4_W64_H4,1,test:d8:t2:paligned:tree211:i80003,4,4,11,aligned,1,8,test,-0.1475238800048828,2,0,10,211,64
L4_W64_H4,0,test:d8:t2:paligned:tree211:i80004,4,4,11,aligned,0,8,test,0.07528305053710938,2,1,10,211,64
L4_W64_H4,0,test:d8:t2:paligned:tree211:i80005,4,4,11,aligned,1,8,test,0.005611419677734375,2,1,10,211,64
L4_W64_H4,1,test:d8:t2:paligned:tree211:i80006,4,4,11,aligned,0,8,test,0.09447479248046875,2,1,10,211,64
L4_W64_H4,1,test:d8:t2:paligned:tree211:i80007,4,4,11,aligned,1,8,test,-0.07573699951171875,2,0,10,211,64
L4_W64_H4,0,test:d8:t2:paligned:tree211:i80008,4,4,11,aligned,0,8,test,0.08000564575195312,2,1,10,211,64
L4_W64_H4,0,test:d8:t2:paligned:tree211:i80009,4,4,11,aligned,1,8,test,-0.10492324829101562,2,0,10,211,64
L4_W64_H4,1,test:d8:t2:paligned:tree211:i80010,4,4,11,aligned,0,8,test,0.09574127197265625,2,1,10,211,64
L4_W64_H4,1,test:d8:t2:paligned:tree211:i80011,4,4,11,aligned,1,8,test,-0.16789817810058594,2,0,10,211,64
L4_W64_H4,0,test:d8:t2:paligned:tree211:i80012,4,4,11,aligned,0,8,test,-0.010814666748046875,2,0,10,211,64
L4_W64_H4,0,test:d8:t2:paligned:tree211:i80013,4,4,11,aligned,1,8,test,-0.12736129760742188,2,0,10,211,64
L4_W64_H4,1,test:d8:t2:paligned:tree211:i80014,4,4,11,aligned,0,8,test,0.07814979553222656,2,1,10,211,64
L4_W64_H4,1,test:d8:t2:paligned:tree211:i80015,4,4,11,aligned,1,8,test,-0.05109977722167969,2,0,10,211,64
L4_W64_H4,0,test:d8:t2:paligned:tree307:i80000,4,4,11,aligned,0,8,test,0.028665542602539062,2,1,10,307,64
L4_W64_H4,0,test:d8:t2:paligned:tree307:i80001,4,4,11,aligned,1,8,test,-0.046295166015625,2,0,10,307,64
L4_W64_H4,1,test:d8:t2:paligned:tree307:i80002,4,4,11,aligned,0,8,test,0.08458709716796875,2,1,10,307,64
L4_W64_H4,1,test:d8:t2:paligned:tree307:i80003,4,4,11,aligned,1,8,test,-0.01433563232421875,2,0,10,307,64
L4_W64_H4,0,test:d8:t2:paligned:tree307:i80004,4,4,11,aligned,0,8,test,0.1782073974609375,2,1,10,307,64
L4_W64_H4,0,test:d8:t2:paligned:tree307:i80005,4,4,11,aligned,1,8,test,-0.022127151489257812,2,0,10,307,64
L4_W64_H4,1,test:d8:t2:paligned:tree307:i80006,4,4,11,aligned,0,8,test,0.0145721435546875,2,1,10,307,64
L4_W64_H4,1,test:d8:t2:paligned:tree307:i80007,4,4,11,aligned,1,8,test,-0.08024787902832031,2,0,10,307,64
L4_W64_H4,0,test:d8:t2:paligned:tree307:i80008,4,4,11,aligned,0,8,test,0.021694183349609375,2,1,10,307,64
L4_W64_H4,0,test:d8:t2:paligned:tree307:i80009,4,4,11,aligned,1,8,test,-0.1425342559814453,2,0,10,307,64
L4_W64_H4,1,test:d8:t2:paligned:tree307:i80010,4,4,11,aligned,0,8,test,0.06574058532714844,2,1,10,307,64
L4_W64_H4,1,test:d8:t2:paligned:tree307:i80011,4,4,11,aligned,1,8,test,-0.05065155029296875,2,0,10,307,64
L4_W64_H4,0,test:d8:t2:paligned:tree307:i80012,4,4,11,aligned,0,8,test,0.1028289794921875,2,1,10,307,64
L4_W64_H4,0,test:d8:t2:paligned:tree307:i80013,4,4,11,aligned,1,8,test,-0.079681396484375,2,0,10,307,64
L4_W64_H4,1,test:d8:t2:paligned:tree307:i80014,4,4,11,aligned,0,8,test,0.1548595428466797,2,1,10,307,64
L4_W64_H4,1,test:d8:t2:paligned:tree307:i80015,4,4,11,aligned,1,8,test,-0.06918716430664062,2,0,10,307,64
L4_W64_H4,0,test:d8:t2:prandomized:tree101:i80005,4,4,11,randomized,1,8,test,-0.03397369384765625,2,0,10,101,64
L4_W64_H4,1,test:d8:t2:prandomized:tree101:i80011,4,4,11,randomized,1,8,test,-0.1538543701171875,2,0,10,101,64
L4_W64_H4,1,test:d8:t2:prandomized:tree211:i80011,4,4,11,randomized,1,8,test,-0.16789817810058594,2,0,10,211,64
L4_W64_H4,0,test:d8:t2:prandomized:tree307:i80001,4,4,11,randomized,1,8,test,-0.046295166015625,2,0,10,307,64
L4_W64_H4,0,test:d8:t2:prandomized:tree307:i80005,4,4,11,randomized,1,8,test,-0.022127151489257812,2,0,10,307,64
L4_W64_H4,0,test:d8:t2:prandomized:tree307:i80012,4,4,11,randomized,0,8,test,0.1028289794921875,2,1,10,307,64
L4_W64_H4,0,test:d8:t3:paligned:tree101:i80000,4,4,11,aligned,0,8,test,0.1253528594970703,3,1,10,101,64
L4_W64_H4,0,test:d8:t3:paligned:tree101:i80001,4,4,11,aligned,1,8,test,-0.04973793029785156,3,0,10,101,64
L4_W64_H4,1,test:d8:t3:paligned:tree101:i80002,4,4,11,aligned,0,8,test,0.09090995788574219,3,1,10,101,64
L4_W64_H4,1,test:d8:t3:paligned:tree101:i80003,4,4,11,aligned,1,8,test,-0.032634735107421875,3,0,10,101,64
L4_W64_H4,0,test:d8:t3:paligned:tree101:i80004,4,4,11,aligned,0,8,test,0.14281654357910156,3,1,10,101,64
L4_W64_H4,0,test:d8:t3:paligned:tree101:i80005,4,4,11,aligned,1,8,test,-0.03087615966796875,3,0,10,101,64
L4_W64_H4,1,test:d8:t3:paligned:tree101:i80006,4,4,11,aligned,0,8,test,0.07272720336914062,3,1,10,101,64
L4_W64_H4,1,test:d8:t3:paligned:tree101:i80007,4,4,11,aligned,1,8,test,-0.122589111328125,3,0,10,101,64
L4_W64_H4,0,test:d8:t3:paligned:tree101:i80008,4,4,11,aligned,0,8,test,0.0686798095703125,3,1,10,101,64
L4_W64_H4,0,test:d8:t3:paligned:tree101:i80009,4,4,11,aligned,1,8,test,-0.027317047119140625,3,0,10,101,64
L4_W64_H4,1,test:d8:t3:paligned:tree101:i80010,4,4,11,aligned,0,8,test,0.02616119384765625,3,1,10,101,64
L4_W64_H4,1,test:d8:t3:paligned:tree101:i80011,4,4,11,aligned,1,8,test,-0.15200424194335938,3,0,10,101,64
L4_W64_H4,0,test:d8:t3:paligned:tree101:i80012,4,4,11,aligned,0,8,test,0.05345726013183594,3,1,10,101,64
L4_W64_H4,0,test:d8:t3:paligned:tree101:i80013,4,4,11,aligned,1,8,test,-0.037845611572265625,3,0,10,101,64
L4_W64_H4,1,test:d8:t3:paligned:tree101:i80014,4,4,11,aligned,0,8,test,-0.01535797119140625,3,0,10,101,64
L4_W64_H4,1,test:d8:t3:paligned:tree101:i80015,4,4,11,aligned,1,8,test,-0.06596565246582031,3,0,10,101,64
L4_W64_H4,0,test:d8:t3:paligned:tree211:i80000,4,4,11,aligned,0,8,test,0.07423210144042969,3,1,10,211,64
L4_W64_H4,0,test:d8:t3:paligned:tree211:i80001,4,4,11,aligned,1,8,test,-0.07558822631835938,3,0,10,211,64
L4_W64_H4,1,test:d8:t3:paligned:tree211:i80002,4,4,11,aligned,0,8,test,0.09167098999023438,3,1,10,211,64
L4_W64_H4,1,test:d8:t3:paligned:tree211:i80003,4,4,11,aligned,1,8,test,-0.14551162719726562,3,0,10,211,64
L4_W64_H4,0,test:d8:t3:paligned:tree211:i80004,4,4,11,aligned,0,8,test,0.07388114929199219,3,1,10,211,64
L4_W64_H4,0,test:d8:t3:paligned:tree211:i80005,4,4,11,aligned,1,8,test,0.0046977996826171875,3,1,10,211,64
L4_W64_H4,1,test:d8:t3:paligned:tree211:i80006,4,4,11,aligned,0,8,test,0.090850830078125,3,1,10,211,64
L4_W64_H4,1,test:d8:t3:paligned:tree211:i80007,4,4,11,aligned,1,8,test,-0.06921195983886719,3,0,10,211,64
L4_W64_H4,0,test:d8:t3:paligned:tree211:i80008,4,4,11,aligned,0,8,test,0.07903861999511719,3,1,10,211,64
L4_W64_H4,0,test:d8:t3:paligned:tree211:i80009,4,4,11,aligned,1,8,test,-0.09750747680664062,3,0,10,211,64
L4_W64_H4,1,test:d8:t3:paligned:tree211:i80010,4,4,11,aligned,0,8,test,0.08899879455566406,3,1,10,211,64
L4_W64_H4,1,test:d8:t3:paligned:tree211:i80011,4,4,11,aligned,1,8,test,-0.1647319793701172,3,0,10,211,64
L4_W64_H4,0,test:d8:t3:paligned:tree211:i80012,4,4,11,aligned,0,8,test,-0.01546478271484375,3,0,10,211,64
L4_W64_H4,0,test:d8:t3:paligned:tree211:i80013,4,4,11,aligned,1,8,test,-0.12488746643066406,3,0,10,211,64
L4_W64_H4,1,test:d8:t3:paligned:tree211:i80014,4,4,11,aligned,0,8,test,0.07584190368652344,3,1,10,211,64
L4_W64_H4,1,test:d8:t3:paligned:tree211:i80015,4,4,11,aligned,1,8,test,-0.05191802978515625,3,0,10,211,64
L4_W64_H4,0,test:d8:t3:paligned:tree307:i80000,4,4,11,aligned,0,8,test,0.030307769775390625,3,1,10,307,64
L4_W64_H4,0,test:d8:t3:paligned:tree307:i80001,4,4,11,aligned,1,8,test,-0.041393280029296875,3,0,10,307,64
L4_W64_H4,1,test:d8:t3:paligned:tree307:i80002,4,4,11,aligned,0,8,test,0.08248329162597656,3,1,10,307,64
L4_W64_H4,1,test:d8:t3:paligned:tree307:i80003,4,4,11,aligned,1,8,test,-0.009815216064453125,3,0,10,307,64
L4_W64_H4,0,test:d8:t3:paligned:tree307:i80004,4,4,11,aligned,0,8,test,0.17079544067382812,3,1,10,307,64
L4_W64_H4,0,test:d8:t3:paligned:tree307:i80005,4,4,11,aligned,1,8,test,-0.019941329956054688,3,0,10,307,64
L4_W64_H4,1,test:d8:t3:paligned:tree307:i80006,4,4,11,aligned,0,8,test,0.013996124267578125,3,1,10,307,64
L4_W64_H4,1,test:d8:t3:paligned:tree307:i80007,4,4,11,aligned,1,8,test,-0.07937812805175781,3,0,10,307,64
L4_W64_H4,0,test:d8:t3:paligned:tree307:i80008,4,4,11,aligned,0,8,test,0.017416000366210938,3,1,10,307,64
L4_W64_H4,0,test:d8:t3:paligned:tree307:i80009,4,4,11,aligned,1,8,test,-0.14000701904296875,3,0,10,307,64
L4_W64_H4,1,test:d8:t3:paligned:tree307:i80010,4,4,11,aligned,0,8,test,0.060283660888671875,3,1,10,307,64
L4_W64_H4,1,test:d8:t3:paligned:tree307:i80011,4,4,11,aligned,1,8,test,-0.04751396179199219,3,0,10,307,64
L4_W64_H4,0,test:d8:t3:paligned:tree307:i80012,4,4,11,aligned,0,8,test,0.10208511352539062,3,1,10,307,64
L4_W64_H4,0,test:d8:t3:paligned:tree307:i80013,4,4,11,aligned,1,8,test,-0.07550048828125,3,0,10,307,64
L4_W64_H4,1,test:d8:t3:paligned:tree307:i80014,4,4,11,aligned,0,8,test,0.15305519104003906,3,1,10,307,64
L4_W64_H4,1,test:d8:t3:paligned:tree307:i80015,4,4,11,aligned,1,8,test,-0.0655670166015625,3,0,10,307,64
L4_W64_H4,0,test:d8:t3:prandomized:tree101:i80005,4,4,11,randomized,1,8,test,-0.03087615966796875,3,0,10,101,64
L4_W64_H4,1,test:d8:t3:prandomized:tree101:i80011,4,4,11,randomized,1,8,test,-0.15200424194335938,3,0,10,101,64
L4_W64_H4,1,test:d8:t3:prandomized:tree211:i80011,4,4,11,randomized,1,8,test,-0.1647319793701172,3,0,10,211,64
L4_W64_H4,0,test:d8:t3:prandomized:tree307:i80001,4,4,11,randomized,1,8,test,-0.041393280029296875,3,0,10,307,64
L4_W64_H4,0,test:d8:t3:prandomized:tree307:i80005,4,4,11,randomized,1,8,test,-0.019941329956054688,3,0,10,307,64
L4_W64_H4,0,test:d8:t3:prandomized:tree307:i80012,4,4,11,randomized,0,8,test,0.10208511352539062,3,1,10,307,64
L4_W64_H4,1,validation:d8:t0:prandomized:tree101:i80002,4,4,11,randomized,0,8,validation,0.15982437133789062,0,1,10,101,64
L4_W64_H4,1,validation:d8:t0:prandomized:tree101:i80006,4,4,11,randomized,0,8,validation,0.025142669677734375,0,1,10,101,64
L4_W64_H4,0,validation:d8:t0:prandomized:tree101:i80009,4,4,11,randomized,1,8,validation,-0.113983154296875,0,0,10,101,64
L4_W64_H4,0,validation:d8:t0:prandomized:tree101:i80012,4,4,11,randomized,0,8,validation,0.1775798797607422,0,1,10,101,64
L4_W64_H4,1,validation:d8:t0:prandomized:tree211:i80011,4,4,11,randomized,1,8,validation,-0.06111717224121094,0,0,10,211,64
L4_W64_H4,0,validation:d8:t0:prandomized:tree307:i80013,4,4,11,randomized,1,8,validation,-0.042652130126953125,0,0,10,307,64
L4_W64_H4,1,validation:d8:t0:prandomized:tree307:i80015,4,4,11,randomized,1,8,validation,-0.14461517333984375,0,0,10,307,64
L4_W64_H4,1,validation:d8:t1:prandomized:tree101:i80002,4,4,11,randomized,0,8,validation,0.1566009521484375,1,1,10,101,64
L4_W64_H4,1,validation:d8:t1:prandomized:tree101:i80006,4,4,11,randomized,0,8,validation,0.023679733276367188,1,1,10,101,64
L4_W64_H4,0,validation:d8:t1:prandomized:tree101:i80009,4,4,11,randomized,1,8,validation,-0.10947227478027344,1,0,10,101,64
L4_W64_H4,0,validation:d8:t1:prandomized:tree101:i80012,4,4,11,randomized,0,8,validation,0.17209434509277344,1,1,10,101,64
L4_W64_H4,1,validation:d8:t1:prandomized:tree211:i80011,4,4,11,randomized,1,8,validation,-0.055522918701171875,1,0,10,211,64
L4_W64_H4,0,validation:d8:t1:prandomized:tree307:i80013,4,4,11,randomized,1,8,validation,-0.043865203857421875,1,0,10,307,64
L4_W64_H4,1,validation:d8:t1:prandomized:tree307:i80015,4,4,11,randomized,1,8,validation,-0.14239501953125,1,0,10,307,64
L4_W64_H4,0,validation:d8:t2:prandomized:tree101:i80000,4,4,11,randomized,0,8,validation,0.13612937927246094,2,1,10,101,64
L4_W64_H4,1,validation:d8:t2:prandomized:tree101:i80003,4,4,11,randomized,1,8,validation,-0.09712791442871094,2,0,10,101,64
L4_W64_H4,0,validation:d8:t2:prandomized:tree211:i80012,4,4,11,randomized,0,8,validation,0.09506034851074219,2,1,10,211,64
L4_W64_H4,0,validation:d8:t2:prandomized:tree307:i80004,4,4,11,randomized,0,8,validation,0.04047393798828125,2,1,10,307,64
L4_W64_H4,1,validation:d8:t2:prandomized:tree307:i80006,4,4,11,randomized,0,8,validation,0.12675857543945312,2,1,10,307,64
L4_W64_H4,0,validation:d8:t3:prandomized:tree101:i80000,4,4,11,randomized,0,8,validation,0.1343975067138672,3,1,10,101,64
L4_W64_H4,1,validation:d8:t3:prandomized:tree101:i80003,4,4,11,randomized,1,8,validation,-0.0882720947265625,3,0,10,101,64
L4_W64_H4,0,validation:d8:t3:prandomized:tree211:i80012,4,4,11,randomized,0,8,validation,0.09155654907226562,3,1,10,211,64
L4_W64_H4,0,validation:d8:t3:prandomized:tree307:i80004,4,4,11,randomized,0,8,validation,0.03808021545410156,3,1,10,307,64
L4_W64_H4,1,validation:d8:t3:prandomized:tree307:i80006,4,4,11,randomized,0,8,validation,0.12446784973144531,3,1,10,307,64
L4_W64_H4,1,test:d8:t0:prandomized:tree101:i80002,4,4,11,randomized,0,8,test,0.09953689575195312,0,1,10,101,64
L4_W64_H4,1,test:d8:t0:prandomized:tree101:i80006,4,4,11,randomized,0,8,test,0.082305908203125,0,1,10,101,64
L4_W64_H4,0,test:d8:t0:prandomized:tree101:i80009,4,4,11,randomized,1,8,test,-0.03880500793457031,0,0,10,101,64
L4_W64_H4,0,test:d8:t0:prandomized:tree101:i80012,4,4,11,randomized,0,8,test,0.062030792236328125,0,1,10,101,64
L4_W64_H4,1,test:d8:t0:prandomized:tree211:i80011,4,4,11,randomized,1,8,test,-0.17221832275390625,0,0,10,211,64
L4_W64_H4,0,test:d8:t0:prandomized:tree307:i80013,4,4,11,randomized,1,8,test,-0.089019775390625,0,0,10,307,64
L4_W64_H4,1,test:d8:t0:prandomized:tree307:i80015,4,4,11,randomized,1,8,test,-0.07296371459960938,0,0,10,307,64
L4_W64_H4,1,test:d8:t1:prandomized:tree101:i80002,4,4,11,randomized,0,8,test,0.09769058227539062,1,1,10,101,64
L4_W64_H4,1,test:d8:t1:prandomized:tree101:i80006,4,4,11,randomized,0,8,test,0.08213043212890625,1,1,10,101,64
L4_W64_H4,0,test:d8:t1:prandomized:tree101:i80009,4,4,11,randomized,1,8,test,-0.03762054443359375,1,0,10,101,64
L4_W64_H4,0,test:d8:t1:prandomized:tree101:i80012,4,4,11,randomized,0,8,test,0.0612640380859375,1,1,10,101,64
L4_W64_H4,1,test:d8:t1:prandomized:tree211:i80011,4,4,11,randomized,1,8,test,-0.17211151123046875,1,0,10,211,64
L4_W64_H4,0,test:d8:t1:prandomized:tree307:i80013,4,4,11,randomized,1,8,test,-0.08502006530761719,1,0,10,307,64
L4_W64_H4,1,test:d8:t1:prandomized:tree307:i80015,4,4,11,randomized,1,8,test,-0.07181167602539062,1,0,10,307,64
L4_W64_H4,0,test:d8:t2:prandomized:tree101:i80000,4,4,11,randomized,0,8,test,0.1367816925048828,2,1,10,101,64
L4_W64_H4,1,test:d8:t2:prandomized:tree101:i80003,4,4,11,randomized,1,8,test,-0.04071807861328125,2,0,10,101,64
L4_W64_H4,0,test:d8:t2:prandomized:tree211:i80012,4,4,11,randomized,0,8,test,-0.0033817291259765625,2,0,10,211,64
L4_W64_H4,0,test:d8:t2:prandomized:tree307:i80004,4,4,11,randomized,0,8,test,0.1860179901123047,2,1,10,307,64
L4_W64_H4,1,test:d8:t2:prandomized:tree307:i80006,4,4,11,randomized,0,8,test,0.019826889038085938,2,1,10,307,64
L4_W64_H4,0,test:d8:t3:prandomized:tree101:i80000,4,4,11,randomized,0,8,test,0.13287925720214844,3,1,10,101,64
L4_W64_H4,1,test:d8:t3:prandomized:tree101:i80003,4,4,11,randomized,1,8,test,-0.03983879089355469,3,0,10,101,64
L4_W64_H4,0,test:d8:t3:prandomized:tree211:i80012,4,4,11,randomized,0,8,test,-0.008148193359375,3,0,10,211,64
L4_W64_H4,0,test:d8:t3:prandomized:tree307:i80004,4,4,11,randomized,0,8,test,0.17906570434570312,3,1,10,307,64
L4_W64_H4,1,test:d8:t3:prandomized:tree307:i80006,4,4,11,randomized,0,8,test,0.020786285400390625,3,1,10,307,64
L4_W64_H4,0,validation:d8:t0:prandomized:tree101:i80005,4,4,11,randomized,1,8,validation,-0.11158561706542969,0,0,10,101,64
L4_W64_H4,1,validation:d8:t0:prandomized:tree101:i80015,4,4,11,randomized,1,8,validation,-0.06207466125488281,0,0,10,101,64
L4_W64_H4,0,validation:d8:t0:prandomized:tree211:i80001,4,4,11,randomized,1,8,validation,-0.11674308776855469,0,0,10,211,64
L4_W64_H4,1,validation:d8:t0:prandomized:tree211:i80003,4,4,11,randomized,1,8,validation,-0.15435409545898438,0,0,10,211,64
L4_W64_H4,1,validation:d8:t0:prandomized:tree211:i80006,4,4,11,randomized,0,8,validation,0.13097000122070312,0,1,10,211,64
L4_W64_H4,0,validation:d8:t0:prandomized:tree211:i80008,4,4,11,randomized,0,8,validation,0.0054302215576171875,0,1,10,211,64
L4_W64_H4,0,validation:d8:t0:prandomized:tree211:i80009,4,4,11,randomized,1,8,validation,-0.11069488525390625,0,0,10,211,64
L4_W64_H4,0,validation:d8:t0:prandomized:tree211:i80012,4,4,11,randomized,0,8,validation,0.09910774230957031,0,1,10,211,64
L4_W64_H4,0,validation:d8:t0:prandomized:tree307:i80001,4,4,11,randomized,1,8,validation,-0.13924407958984375,0,0,10,307,64
L4_W64_H4,1,validation:d8:t0:prandomized:tree307:i80014,4,4,11,randomized,0,8,validation,-0.057521820068359375,0,0,10,307,64
L4_W64_H4,0,validation:d8:t1:prandomized:tree101:i80005,4,4,11,randomized,1,8,validation,-0.11105728149414062,1,0,10,101,64
L4_W64_H4,1,validation:d8:t1:prandomized:tree101:i80015,4,4,11,randomized,1,8,validation,-0.04764366149902344,1,0,10,101,64
L4_W64_H4,0,validation:d8:t1:prandomized:tree211:i80001,4,4,11,randomized,1,8,validation,-0.11539268493652344,1,0,10,211,64
L4_W64_H4,1,validation:d8:t1:prandomized:tree211:i80003,4,4,11,randomized,1,8,validation,-0.15114974975585938,1,0,10,211,64
L4_W64_H4,1,validation:d8:t1:prandomized:tree211:i80006,4,4,11,randomized,0,8,validation,0.13075828552246094,1,1,10,211,64
L4_W64_H4,0,validation:d8:t1:prandomized:tree211:i80008,4,4,11,randomized,0,8,validation,0.0038280487060546875,1,1,10,211,64
L4_W64_H4,0,validation:d8:t1:prandomized:tree211:i80009,4,4,11,randomized,1,8,validation,-0.10665512084960938,1,0,10,211,64
L4_W64_H4,0,validation:d8:t1:prandomized:tree211:i80012,4,4,11,randomized,0,8,validation,0.09444808959960938,1,1,10,211,64
L4_W64_H4,0,validation:d8:t1:prandomized:tree307:i80001,4,4,11,randomized,1,8,validation,-0.13993453979492188,1,0,10,307,64
L4_W64_H4,1,validation:d8:t1:prandomized:tree307:i80014,4,4,11,randomized,0,8,validation,-0.0541229248046875,1,0,10,307,64
L4_W64_H4,0,validation:d8:t2:prandomized:tree101:i80004,4,4,11,randomized,0,8,validation,0.1563091278076172,2,1,10,101,64
L4_W64_H4,1,validation:d8:t2:prandomized:tree211:i80014,4,4,11,randomized,0,8,validation,0.06462860107421875,2,1,10,211,64
L4_W64_H4,1,validation:d8:t2:prandomized:tree307:i80003,4,4,11,randomized,1,8,validation,-0.13521957397460938,2,0,10,307,64
L4_W64_H4,1,validation:d8:t2:prandomized:tree307:i80010,4,4,11,randomized,0,8,validation,0.05956459045410156,2,1,10,307,64
L4_W64_H4,0,validation:d8:t2:prandomized:tree307:i80013,4,4,11,randomized,1,8,validation,-0.04827117919921875,2,0,10,307,64
L4_W64_H4,1,validation:d8:t2:prandomized:tree307:i80014,4,4,11,randomized,0,8,validation,-0.04832649230957031,2,0,10,307,64
L4_W64_H4,0,validation:d8:t3:prandomized:tree101:i80004,4,4,11,randomized,0,8,validation,0.15668487548828125,3,1,10,101,64
L4_W64_H4,1,validation:d8:t3:prandomized:tree211:i80014,4,4,11,randomized,0,8,validation,0.061771392822265625,3,1,10,211,64
L4_W64_H4,1,validation:d8:t3:prandomized:tree307:i80003,4,4,11,randomized,1,8,validation,-0.1367015838623047,3,0,10,307,64
L4_W64_H4,1,validation:d8:t3:prandomized:tree307:i80010,4,4,11,randomized,0,8,validation,0.061962127685546875,3,1,10,307,64
L4_W64_H4,0,validation:d8:t3:prandomized:tree307:i80013,4,4,11,randomized,1,8,validation,-0.045742034912109375,3,0,10,307,64
L4_W64_H4,1,validation:d8:t3:prandomized:tree307:i80014,4,4,11,randomized,0,8,validation,-0.053348541259765625,3,0,10,307,64
L4_W64_H4,0,test:d8:t0:prandomized:tree101:i80005,4,4,11,randomized,1,8,test,-0.0445556640625,0,0,10,101,64
L4_W64_H4,1,test:d8:t0:prandomized:tree101:i80015,4,4,11,randomized,1,8,test,-0.08036231994628906,0,0,10,101,64
L4_W64_H4,0,test:d8:t0:prandomized:tree211:i80001,4,4,11,randomized,1,8,test,-0.08570480346679688,0,0,10,211,64
L4_W64_H4,1,test:d8:t0:prandomized:tree211:i80003,4,4,11,randomized,1,8,test,-0.15340042114257812,0,0,10,211,64
L4_W64_H4,1,test:d8:t0:prandomized:tree211:i80006,4,4,11,randomized,0,8,test,0.10356903076171875,0,1,10,211,64
L4_W64_H4,0,test:d8:t0:prandomized:tree211:i80008,4,4,11,randomized,0,8,test,0.09095954895019531,0,1,10,211,64
L4_W64_H4,0,test:d8:t0:prandomized:tree211:i80009,4,4,11,randomized,1,8,test,-0.10996055603027344,0,0,10,211,64
L4_W64_H4,0,test:d8:t0:prandomized:tree211:i80012,4,4,11,randomized,0,8,test,0.00339508056640625,0,1,10,211,64
L4_W64_H4,0,test:d8:t0:prandomized:tree307:i80001,4,4,11,randomized,1,8,test,-0.05368614196777344,0,0,10,307,64
L4_W64_H4,1,test:d8:t0:prandomized:tree307:i80014,4,4,11,randomized,0,8,test,0.15966224670410156,0,1,10,307,64
L4_W64_H4,0,test:d8:t1:prandomized:tree101:i80005,4,4,11,randomized,1,8,test,-0.04802894592285156,1,0,10,101,64
L4_W64_H4,1,test:d8:t1:prandomized:tree101:i80015,4,4,11,randomized,1,8,test,-0.07699966430664062,1,0,10,101,64
L4_W64_H4,0,test:d8:t1:prandomized:tree211:i80001,4,4,11,randomized,1,8,test,-0.08425521850585938,1,0,10,211,64
L4_W64_H4,1,test:d8:t1:prandomized:tree211:i80003,4,4,11,randomized,1,8,test,-0.15376663208007812,1,0,10,211,64
L4_W64_H4,1,test:d8:t1:prandomized:tree211:i80006,4,4,11,randomized,0,8,test,0.10219192504882812,1,1,10,211,64
L4_W64_H4,0,test:d8:t1:prandomized:tree211:i80008,4,4,11,randomized,0,8,test,0.09174537658691406,1,1,10,211,64
L4_W64_H4,0,test:d8:t1:prandomized:tree211:i80009,4,4,11,randomized,1,8,test,-0.10502433776855469,1,0,10,211,64
L4_W64_H4,0,test:d8:t1:prandomized:tree211:i80012,4,4,11,randomized,0,8,test,-0.0029296875,1,0,10,211,64
L4_W64_H4,0,test:d8:t1:prandomized:tree307:i80001,4,4,11,randomized,1,8,test,-0.0504150390625,1,0,10,307,64
L4_W64_H4,1,test:d8:t1:prandomized:tree307:i80014,4,4,11,randomized,0,8,test,0.15889739990234375,1,1,10,307,64
L4_W64_H4,0,test:d8:t2:prandomized:tree101:i80004,4,4,11,randomized,0,8,test,0.1536407470703125,2,1,10,101,64
L4_W64_H4,1,test:d8:t2:prandomized:tree211:i80014,4,4,11,randomized,0,8,test,0.08552932739257812,2,1,10,211,64
L4_W64_H4,1,test:d8:t2:prandomized:tree307:i80003,4,4,11,randomized,1,8,test,-0.023365020751953125,2,0,10,307,64
L4_W64_H4,1,test:d8:t2:prandomized:tree307:i80010,4,4,11,randomized,0,8,test,0.07495689392089844,2,1,10,307,64
L4_W64_H4,0,test:d8:t2:prandomized:tree307:i80013,4,4,11,randomized,1,8,test,-0.09411811828613281,2,0,10,307,64
L4_W64_H4,1,test:d8:t2:prandomized:tree307:i80014,4,4,11,randomized,0,8,test,0.16240501403808594,2,1,10,307,64
L4_W64_H4,0,test:d8:t3:prandomized:tree101:i80004,4,4,11,randomized,0,8,test,0.1526947021484375,3,1,10,101,64
L4_W64_H4,1,test:d8:t3:prandomized:tree211:i80014,4,4,11,randomized,0,8,test,0.08477210998535156,3,1,10,211,64
L4_W64_H4,1,test:d8:t3:prandomized:tree307:i80003,4,4,11,randomized,1,8,test,-0.018430709838867188,3,0,10,307,64
L4_W64_H4,1,test:d8:t3:prandomized:tree307:i80010,4,4,11,randomized,0,8,test,0.06829452514648438,3,1,10,307,64
L4_W64_H4,0,test:d8:t3:prandomized:tree307:i80013,4,4,11,randomized,1,8,test,-0.08768463134765625,3,0,10,307,64
L4_W64_H4,1,test:d8:t3:prandomized:tree307:i80014,4,4,11,randomized,0,8,test,0.1594524383544922,3,1,10,307,64
L4_W64_H4,0,validation:d8:t0:prandomized:tree101:i80004,4,4,11,randomized,0,8,validation,0.15352821350097656,0,1,10,101,64
L4_W64_H4,1,validation:d8:t0:prandomized:tree101:i80007,4,4,11,randomized,1,8,validation,-0.046237945556640625,0,0,10,101,64
L4_W64_H4,1,validation:d8:t0:prandomized:tree101:i80014,4,4,11,randomized,0,8,validation,0.023885726928710938,0,1,10,101,64
L4_W64_H4,1,validation:d8:t0:prandomized:tree307:i80003,4,4,11,randomized,1,8,validation,-0.13593482971191406,0,0,10,307,64
L4_W64_H4,0,validation:d8:t0:prandomized:tree307:i80005,4,4,11,randomized,1,8,validation,-0.03875732421875,0,0,10,307,64
L4_W64_H4,1,validation:d8:t0:prandomized:tree307:i80007,4,4,11,randomized,1,8,validation,-0.03263282775878906,0,0,10,307,64
L4_W64_H4,0,validation:d8:t0:prandomized:tree307:i80009,4,4,11,randomized,1,8,validation,-0.15221405029296875,0,0,10,307,64
L4_W64_H4,0,validation:d8:t1:prandomized:tree101:i80004,4,4,11,randomized,0,8,validation,0.15375900268554688,1,1,10,101,64
L4_W64_H4,1,validation:d8:t1:prandomized:tree101:i80007,4,4,11,randomized,1,8,validation,-0.043605804443359375,1,0,10,101,64
L4_W64_H4,1,validation:d8:t1:prandomized:tree101:i80014,4,4,11,randomized,0,8,validation,0.023212432861328125,1,1,10,101,64
L4_W64_H4,1,validation:d8:t1:prandomized:tree307:i80003,4,4,11,randomized,1,8,validation,-0.13437652587890625,1,0,10,307,64
L4_W64_H4,0,validation:d8:t1:prandomized:tree307:i80005,4,4,11,randomized,1,8,validation,-0.03771400451660156,1,0,10,307,64
L4_W64_H4,1,validation:d8:t1:prandomized:tree307:i80007,4,4,11,randomized,1,8,validation,-0.03233909606933594,1,0,10,307,64
L4_W64_H4,0,validation:d8:t1:prandomized:tree307:i80009,4,4,11,randomized,1,8,validation,-0.15238571166992188,1,0,10,307,64
L4_W64_H4,1,validation:d8:t2:prandomized:tree101:i80007,4,4,11,randomized,1,8,validation,-0.04525566101074219,2,0,10,101,64
L4_W64_H4,0,validation:d8:t2:prandomized:tree101:i80009,4,4,11,randomized,1,8,validation,-0.11897850036621094,2,0,10,101,64
L4_W64_H4,0,validation:d8:t2:prandomized:tree307:i80000,4,4,11,randomized,0,8,validation,0.08942985534667969,2,1,10,307,64
L4_W64_H4,0,validation:d8:t2:prandomized:tree307:i80008,4,4,11,randomized,0,8,validation,0.11670112609863281,2,1,10,307,64
L4_W64_H4,0,validation:d8:t2:prandomized:tree307:i80009,4,4,11,randomized,1,8,validation,-0.15201568603515625,2,0,10,307,64
L4_W64_H4,1,validation:d8:t2:prandomized:tree307:i80011,4,4,11,randomized,1,8,validation,-0.08059120178222656,2,0,10,307,64
L4_W64_H4,1,validation:d8:t3:prandomized:tree101:i80007,4,4,11,randomized,1,8,validation,-0.043117523193359375,3,0,10,101,64
L4_W64_H4,0,validation:d8:t3:prandomized:tree101:i80009,4,4,11,randomized,1,8,validation,-0.11151885986328125,3,0,10,101,64
L4_W64_H4,0,validation:d8:t3:prandomized:tree307:i80000,4,4,11,randomized,0,8,validation,0.08748245239257812,3,1,10,307,64
L4_W64_H4,0,validation:d8:t3:prandomized:tree307:i80008,4,4,11,randomized,0,8,validation,0.11187171936035156,3,1,10,307,64
L4_W64_H4,0,validation:d8:t3:prandomized:tree307:i80009,4,4,11,randomized,1,8,validation,-0.1525096893310547,3,0,10,307,64
L4_W64_H4,1,validation:d8:t3:prandomized:tree307:i80011,4,4,11,randomized,1,8,validation,-0.07083702087402344,3,0,10,307,64
L4_W64_H4,0,test:d8:t0:prandomized:tree101:i80004,4,4,11,randomized,0,8,test,0.1497955322265625,0,1,10,101,64
L4_W64_H4,1,test:d8:t0:prandomized:tree101:i80007,4,4,11,randomized,1,8,test,-0.12689590454101562,0,0,10,101,64
L4_W64_H4,1,test:d8:t0:prandomized:tree101:i80014,4,4,11,randomized,0,8,test,-0.013818740844726562,0,0,10,101,64
L4_W64_H4,1,test:d8:t0:prandomized:tree307:i80003,4,4,11,randomized,1,8,test,-0.020137786865234375,0,0,10,307,64
L4_W64_H4,0,test:d8:t0:prandomized:tree307:i80005,4,4,11,randomized,1,8,test,-0.02466583251953125,0,0,10,307,64
L4_W64_H4,1,test:d8:t0:prandomized:tree307:i80007,4,4,11,randomized,1,8,test,-0.08658790588378906,0,0,10,307,64
L4_W64_H4,0,test:d8:t0:prandomized:tree307:i80009,4,4,11,randomized,1,8,test,-0.14987945556640625,0,0,10,307,64
L4_W64_H4,0,test:d8:t1:prandomized:tree101:i80004,4,4,11,randomized,0,8,test,0.14818954467773438,1,1,10,101,64
L4_W64_H4,1,test:d8:t1:prandomized:tree101:i80007,4,4,11,randomized,1,8,test,-0.12187767028808594,1,0,10,101,64
L4_W64_H4,1,test:d8:t1:prandomized:tree101:i80014,4,4,11,randomized,0,8,test,-0.014719009399414062,1,0,10,101,64
L4_W64_H4,1,test:d8:t1:prandomized:tree307:i80003,4,4,11,randomized,1,8,test,-0.018934249877929688,1,0,10,307,64
L4_W64_H4,0,test:d8:t1:prandomized:tree307:i80005,4,4,11,randomized,1,8,test,-0.021007537841796875,1,0,10,307,64
L4_W64_H4,1,test:d8:t1:prandomized:tree307:i80007,4,4,11,randomized,1,8,test,-0.087799072265625,1,0,10,307,64
L4_W64_H4,0,test:d8:t1:prandomized:tree307:i80009,4,4,11,randomized,1,8,test,-0.14882850646972656,1,0,10,307,64
L4_W64_H4,1,test:d8:t2:prandomized:tree101:i80007,4,4,11,randomized,1,8,test,-0.1266002655029297,2,0,10,101,64
L4_W64_H4,0,test:d8:t2:prandomized:tree101:i80009,4,4,11,randomized,1,8,test,-0.0356292724609375,2,0,10,101,64
L4_W64_H4,0,test:d8:t2:prandomized:tree307:i80000,4,4,11,randomized,0,8,test,0.03920173645019531,2,1,10,307,64
L4_W64_H4,0,test:d8:t2:prandomized:tree307:i80008,4,4,11,randomized,0,8,test,0.027858734130859375,2,1,10,307,64
L4_W64_H4,0,test:d8:t2:prandomized:tree307:i80009,4,4,11,randomized,1,8,test,-0.1508007049560547,2,0,10,307,64
L4_W64_H4,1,test:d8:t2:prandomized:tree307:i80011,4,4,11,randomized,1,8,test,-0.05486869812011719,2,0,10,307,64
L4_W64_H4,1,test:d8:t3:prandomized:tree101:i80007,4,4,11,randomized,1,8,test,-0.1241302490234375,3,0,10,101,64
L4_W64_H4,0,test:d8:t3:prandomized:tree101:i80009,4,4,11,randomized,1,8,test,-0.034687042236328125,3,0,10,101,64
L4_W64_H4,0,test:d8:t3:prandomized:tree307:i80000,4,4,11,randomized,0,8,test,0.035694122314453125,3,1,10,307,64
L4_W64_H4,0,test:d8:t3:prandomized:tree307:i80008,4,4,11,randomized,0,8,test,0.023107528686523438,3,1,10,307,64
L4_W64_H4,0,test:d8:t3:prandomized:tree307:i80009,4,4,11,randomized,1,8,test,-0.14837646484375,3,0,10,307,64
L4_W64_H4,1,test:d8:t3:prandomized:tree307:i80011,4,4,11,randomized,1,8,test,-0.05272483825683594,3,0,10,307,64
L4_W64_H4,0,validation:d8:t0:prandomized:tree101:i80000,4,4,11,randomized,0,8,validation,0.12963294982910156,0,1,10,101,64
L4_W64_H4,1,validation:d8:t0:prandomized:tree101:i80003,4,4,11,randomized,1,8,validation,-0.08354949951171875,0,0,10,101,64
L4_W64_H4,0,validation:d8:t0:prandomized:tree101:i80013,4,4,11,randomized,1,8,validation,-0.1920146942138672,0,0,10,101,64
L4_W64_H4,1,validation:d8:t0:prandomized:tree307:i80006,4,4,11,randomized,0,8,validation,0.12053680419921875,0,1,10,307,64
L4_W64_H4,1,validation:d8:t0:prandomized:tree307:i80011,4,4,11,randomized,1,8,validation,-0.06855010986328125,0,0,10,307,64
L4_W64_H4,0,validation:d8:t1:prandomized:tree101:i80000,4,4,11,randomized,0,8,validation,0.1274394989013672,1,1,10,101,64
L4_W64_H4,1,validation:d8:t1:prandomized:tree101:i80003,4,4,11,randomized,1,8,validation,-0.0808868408203125,1,0,10,101,64
L4_W64_H4,0,validation:d8:t1:prandomized:tree101:i80013,4,4,11,randomized,1,8,validation,-0.18706321716308594,1,0,10,101,64
L4_W64_H4,1,validation:d8:t1:prandomized:tree307:i80006,4,4,11,randomized,0,8,validation,0.11893653869628906,1,1,10,307,64
L4_W64_H4,1,validation:d8:t1:prandomized:tree307:i80011,4,4,11,randomized,1,8,validation,-0.07612037658691406,1,0,10,307,64
L4_W64_H4,0,validation:d8:t2:prandomized:tree101:i80001,4,4,11,randomized,1,8,validation,-0.034423828125,2,0,10,101,64
L4_W64_H4,1,validation:d8:t2:prandomized:tree101:i80002,4,4,11,randomized,0,8,validation,0.15119171142578125,2,1,10,101,64
L4_W64_H4,0,validation:d8:t2:prandomized:tree101:i80008,4,4,11,randomized,0,8,validation,0.08885765075683594,2,1,10,101,64
L4_W64_H4,0,validation:d8:t2:prandomized:tree101:i80013,4,4,11,randomized,1,8,validation,-0.18984603881835938,2,0,10,101,64
L4_W64_H4,1,validation:d8:t2:prandomized:tree101:i80014,4,4,11,randomized,0,8,validation,0.018636703491210938,2,1,10,101,64
L4_W64_H4,0,validation:d8:t3:prandomized:tree101:i80001,4,4,11,randomized,1,8,validation,-0.03296661376953125,3,0,10,101,64
L4_W64_H4,1,validation:d8:t3:prandomized:tree101:i80002,4,4,11,randomized,0,8,validation,0.1516399383544922,3,1,10,101,64
L4_W64_H4,0,validation:d8:t3:prandomized:tree101:i80008,4,4,11,randomized,0,8,validation,0.08892822265625,3,1,10,101,64
L4_W64_H4,0,validation:d8:t3:prandomized:tree101:i80013,4,4,11,randomized,1,8,validation,-0.1881580352783203,3,0,10,101,64
L4_W64_H4,1,validation:d8:t3:prandomized:tree101:i80014,4,4,11,randomized,0,8,validation,0.019083023071289062,3,1,10,101,64
L4_W64_H4,0,test:d8:t0:prandomized:tree101:i80000,4,4,11,randomized,0,8,test,0.12996673583984375,0,1,10,101,64
L4_W64_H4,1,test:d8:t0:prandomized:tree101:i80003,4,4,11,randomized,1,8,test,-0.026845932006835938,0,0,10,101,64
L4_W64_H4,0,test:d8:t0:prandomized:tree101:i80013,4,4,11,randomized,1,8,test,-0.03959083557128906,0,0,10,101,64
L4_W64_H4,1,test:d8:t0:prandomized:tree307:i80006,4,4,11,randomized,0,8,test,0.0017852783203125,0,1,10,307,64
L4_W64_H4,1,test:d8:t0:prandomized:tree307:i80011,4,4,11,randomized,1,8,test,-0.050189971923828125,0,0,10,307,64
L4_W64_H4,0,test:d8:t1:prandomized:tree101:i80000,4,4,11,randomized,0,8,test,0.12738800048828125,1,1,10,101,64
L4_W64_H4,1,test:d8:t1:prandomized:tree101:i80003,4,4,11,randomized,1,8,test,-0.026647567749023438,1,0,10,101,64
L4_W64_H4,0,test:d8:t1:prandomized:tree101:i80013,4,4,11,randomized,1,8,test,-0.037952423095703125,1,0,10,101,64
L4_W64_H4,1,test:d8:t1:prandomized:tree307:i80006,4,4,11,randomized,0,8,test,0.0018939971923828125,1,1,10,307,64
L4_W64_H4,1,test:d8:t1:prandomized:tree307:i80011,4,4,11,randomized,1,8,test,-0.04878425598144531,1,0,10,307,64
L4_W64_H4,0,test:d8:t2:prandomized:tree101:i80001,4,4,11,randomized,1,8,test,-0.0535125732421875,2,0,10,101,64
L4_W64_H4,1,test:d8:t2:prandomized:tree101:i80002,4,4,11,randomized,0,8,test,0.09188652038574219,2,1,10,101,64
L4_W64_H4,0,test:d8:t2:prandomized:tree101:i80008,4,4,11,randomized,0,8,test,0.0684051513671875,2,1,10,101,64
L4_W64_H4,0,test:d8:t2:prandomized:tree101:i80013,4,4,11,randomized,1,8,test,-0.03863525390625,2,0,10,101,64
L4_W64_H4,1,test:d8:t2:prandomized:tree101:i80014,4,4,11,randomized,0,8,test,-0.021337509155273438,2,0,10,101,64
L4_W64_H4,0,test:d8:t3:prandomized:tree101:i80001,4,4,11,randomized,1,8,test,-0.05169105529785156,3,0,10,101,64
L4_W64_H4,1,test:d8:t3:prandomized:tree101:i80002,4,4,11,randomized,0,8,test,0.08888053894042969,3,1,10,101,64
L4_W64_H4,0,test:d8:t3:prandomized:tree101:i80008,4,4,11,randomized,0,8,test,0.06871414184570312,3,1,10,101,64
L4_W64_H4,0,test:d8:t3:prandomized:tree101:i80013,4,4,11,randomized,1,8,test,-0.03638458251953125,3,0,10,101,64
L4_W64_H4,1,test:d8:t3:prandomized:tree101:i80014,4,4,11,randomized,0,8,test,-0.019899368286132812,3,0,10,101,64
L4_W64_H4,1,validation:d8:t0:prandomized:tree101:i80010,4,4,11,randomized,0,8,validation,0.06711959838867188,0,1,10,101,64
L4_W64_H4,1,validation:d8:t0:prandomized:tree211:i80014,4,4,11,randomized,0,8,validation,0.05249214172363281,0,1,10,211,64
L4_W64_H4,1,validation:d8:t0:prandomized:tree307:i80010,4,4,11,randomized,0,8,validation,0.05486106872558594,0,1,10,307,64
L4_W64_H4,1,validation:d8:t1:prandomized:tree101:i80010,4,4,11,randomized,0,8,validation,0.06650161743164062,1,1,10,101,64
L4_W64_H4,1,validation:d8:t1:prandomized:tree211:i80014,4,4,11,randomized,0,8,validation,0.04886817932128906,1,1,10,211,64
L4_W64_H4,1,validation:d8:t1:prandomized:tree307:i80010,4,4,11,randomized,0,8,validation,0.0583343505859375,1,1,10,307,64
L4_W64_H4,1,validation:d8:t2:prandomized:tree101:i80006,4,4,11,randomized,0,8,validation,0.014467239379882812,2,1,10,101,64
L4_W64_H4,0,validation:d8:t2:prandomized:tree211:i80000,4,4,11,randomized,0,8,validation,0.08609199523925781,2,1,10,211,64
L4_W64_H4,0,validation:d8:t2:prandomized:tree211:i80001,4,4,11,randomized,1,8,validation,-0.10713768005371094,2,0,10,211,64
L4_W64_H4,1,validation:d8:t2:prandomized:tree211:i80003,4,4,11,randomized,1,8,validation,-0.14478492736816406,2,0,10,211,64
L4_W64_H4,1,validation:d8:t2:prandomized:tree211:i80007,4,4,11,randomized,1,8,validation,-0.11930465698242188,2,0,10,211,64
L4_W64_H4,1,validation:d8:t2:prandomized:tree211:i80010,4,4,11,randomized,0,8,validation,0.14231109619140625,2,1,10,211,64
L4_W64_H4,1,validation:d8:t2:prandomized:tree211:i80015,4,4,11,randomized,1,8,validation,-0.03381538391113281,2,0,10,211,64
L4_W64_H4,1,validation:d8:t2:prandomized:tree307:i80007,4,4,11,randomized,1,8,validation,-0.024362564086914062,2,0,10,307,64
L4_W64_H4,1,validation:d8:t2:prandomized:tree307:i80015,4,4,11,randomized,1,8,validation,-0.1363353729248047,2,0,10,307,64
L4_W64_H4,1,validation:d8:t3:prandomized:tree101:i80006,4,4,11,randomized,0,8,validation,0.012144088745117188,3,1,10,101,64
L4_W64_H4,0,validation:d8:t3:prandomized:tree211:i80000,4,4,11,randomized,0,8,validation,0.0823516845703125,3,1,10,211,64
L4_W64_H4,0,validation:d8:t3:prandomized:tree211:i80001,4,4,11,randomized,1,8,validation,-0.10654258728027344,3,0,10,211,64
L4_W64_H4,1,validation:d8:t3:prandomized:tree211:i80003,4,4,11,randomized,1,8,validation,-0.1436138153076172,3,0,10,211,64
L4_W64_H4,1,validation:d8:t3:prandomized:tree211:i80007,4,4,11,randomized,1,8,validation,-0.11700248718261719,3,0,10,211,64
L4_W64_H4,1,validation:d8:t3:prandomized:tree211:i80010,4,4,11,randomized,0,8,validation,0.14286041259765625,3,1,10,211,64
L4_W64_H4,1,validation:d8:t3:prandomized:tree211:i80015,4,4,11,randomized,1,8,validation,-0.03221702575683594,3,0,10,211,64
L4_W64_H4,1,validation:d8:t3:prandomized:tree307:i80007,4,4,11,randomized,1,8,validation,-0.024738311767578125,3,0,10,307,64
L4_W64_H4,1,validation:d8:t3:prandomized:tree307:i80015,4,4,11,randomized,1,8,validation,-0.13624191284179688,3,0,10,307,64
L4_W64_H4,1,test:d8:t0:prandomized:tree101:i80010,4,4,11,randomized,0,8,test,0.022809982299804688,0,1,10,101,64
L4_W64_H4,1,test:d8:t0:prandomized:tree211:i80014,4,4,11,randomized,0,8,test,0.07250213623046875,0,1,10,211,64
L4_W64_H4,1,test:d8:t0:prandomized:tree307:i80010,4,4,11,randomized,0,8,test,0.06203651428222656,0,1,10,307,64
L4_W64_H4,1,test:d8:t1:prandomized:tree101:i80010,4,4,11,randomized,0,8,test,0.020124435424804688,1,1,10,101,64
L4_W64_H4,1,test:d8:t1:prandomized:tree211:i80014,4,4,11,randomized,0,8,test,0.07248115539550781,1,1,10,211,64
L4_W64_H4,1,test:d8:t1:prandomized:tree307:i80010,4,4,11,randomized,0,8,test,0.0603790283203125,1,1,10,307,64
L4_W64_H4,1,test:d8:t2:prandomized:tree101:i80006,4,4,11,randomized,0,8,test,0.06946945190429688,2,1,10,101,64
L4_W64_H4,0,test:d8:t2:prandomized:tree211:i80000,4,4,11,randomized,0,8,test,0.07273101806640625,2,1,10,211,64
L4_W64_H4,0,test:d8:t2:prandomized:tree211:i80001,4,4,11,randomized,1,8,test,-0.07571983337402344,2,0,10,211,64
L4_W64_H4,1,test:d8:t2:prandomized:tree211:i80003,4,4,11,randomized,1,8,test,-0.13904762268066406,2,0,10,211,64
L4_W64_H4,1,test:d8:t2:prandomized:tree211:i80007,4,4,11,randomized,1,8,test,-0.07321929931640625,2,0,10,211,64
L4_W64_H4,1,test:d8:t2:prandomized:tree211:i80010,4,4,11,randomized,0,8,test,0.087432861328125,2,1,10,211,64
L4_W64_H4,1,test:d8:t2:prandomized:tree211:i80015,4,4,11,randomized,1,8,test,-0.052280426025390625,2,0,10,211,64
L4_W64_H4,1,test:d8:t2:prandomized:tree307:i80007,4,4,11,randomized,1,8,test,-0.08373260498046875,2,0,10,307,64
L4_W64_H4,1,test:d8:t2:prandomized:tree307:i80015,4,4,11,randomized,1,8,test,-0.06165885925292969,2,0,10,307,64
L4_W64_H4,1,test:d8:t3:prandomized:tree101:i80006,4,4,11,randomized,0,8,test,0.0661468505859375,3,1,10,101,64
L4_W64_H4,0,test:d8:t3:prandomized:tree211:i80000,4,4,11,randomized,0,8,test,0.07162857055664062,3,1,10,211,64
L4_W64_H4,0,test:d8:t3:prandomized:tree211:i80001,4,4,11,randomized,1,8,test,-0.07468223571777344,3,0,10,211,64
L4_W64_H4,1,test:d8:t3:prandomized:tree211:i80003,4,4,11,randomized,1,8,test,-0.13854408264160156,3,0,10,211,64
L4_W64_H4,1,test:d8:t3:prandomized:tree211:i80007,4,4,11,randomized,1,8,test,-0.07057380676269531,3,0,10,211,64
L4_W64_H4,1,test:d8:t3:prandomized:tree211:i80010,4,4,11,randomized,0,8,test,0.08562088012695312,3,1,10,211,64
L4_W64_H4,1,test:d8:t3:prandomized:tree211:i80015,4,4,11,randomized,1,8,test,-0.050205230712890625,3,0,10,211,64
L4_W64_H4,1,test:d8:t3:prandomized:tree307:i80007,4,4,11,randomized,1,8,test,-0.08452033996582031,3,0,10,307,64
L4_W64_H4,1,test:d8:t3:prandomized:tree307:i80015,4,4,11,randomized,1,8,test,-0.060367584228515625,3,0,10,307,64
L4_W64_H4,0,validation:d8:t0:prandomized:tree101:i80001,4,4,11,randomized,1,8,validation,-0.0317840576171875,0,0,10,101,64
L4_W64_H4,1,validation:d8:t0:prandomized:tree211:i80007,4,4,11,randomized,1,8,validation,-0.11568260192871094,0,0,10,211,64
L4_W64_H4,0,validation:d8:t0:prandomized:tree211:i80013,4,4,11,randomized,1,8,validation,-0.106353759765625,0,0,10,211,64
L4_W64_H4,0,validation:d8:t1:prandomized:tree101:i80001,4,4,11,randomized,1,8,validation,-0.031459808349609375,1,0,10,101,64
L4_W64_H4,1,validation:d8:t1:prandomized:tree211:i80007,4,4,11,randomized,1,8,validation,-0.11578559875488281,1,0,10,211,64
L4_W64_H4,0,validation:d8:t1:prandomized:tree211:i80013,4,4,11,randomized,1,8,validation,-0.10811424255371094,1,0,10,211,64
L4_W64_H4,1,validation:d8:t2:prandomized:tree211:i80006,4,4,11,randomized,0,8,validation,0.11952400207519531,2,1,10,211,64
L4_W64_H4,0,validation:d8:t2:prandomized:tree211:i80013,4,4,11,randomized,1,8,validation,-0.10719680786132812,2,0,10,211,64
L4_W64_H4,1,validation:d8:t2:prandomized:tree307:i80002,4,4,11,randomized,0,8,validation,0.1630115509033203,2,1,10,307,64
L4_W64_H4,1,validation:d8:t3:prandomized:tree211:i80006,4,4,11,randomized,0,8,validation,0.12059402465820312,3,1,10,211,64
L4_W64_H4,0,validation:d8:t3:prandomized:tree211:i80013,4,4,11,randomized,1,8,validation,-0.10526084899902344,3,0,10,211,64
L4_W64_H4,1,validation:d8:t3:prandomized:tree307:i80002,4,4,11,randomized,0,8,validation,0.16078567504882812,3,1,10,307,64
L4_W64_H4,0,test:d8:t0:prandomized:tree101:i80001,4,4,11,randomized,1,8,test,-0.046787261962890625,0,0,10,101,64
L4_W64_H4,1,test:d8:t0:prandomized:tree211:i80007,4,4,11,randomized,1,8,test,-0.06844329833984375,0,0,10,211,64
L4_W64_H4,0,test:d8:t0:prandomized:tree211:i80013,4,4,11,randomized,1,8,test,-0.12253761291503906,0,0,10,211,64
L4_W64_H4,0,test:d8:t1:prandomized:tree101:i80001,4,4,11,randomized,1,8,test,-0.04590797424316406,1,0,10,101,64
L4_W64_H4,1,test:d8:t1:prandomized:tree211:i80007,4,4,11,randomized,1,8,test,-0.06959915161132812,1,0,10,211,64
L4_W64_H4,0,test:d8:t1:prandomized:tree211:i80013,4,4,11,randomized,1,8,test,-0.11949539184570312,1,0,10,211,64
L4_W64_H4,1,test:d8:t2:prandomized:tree211:i80006,4,4,11,randomized,0,8,test,0.09350204467773438,2,1,10,211,64
L4_W64_H4,0,test:d8:t2:prandomized:tree211:i80013,4,4,11,randomized,1,8,test,-0.12459945678710938,2,0,10,211,64
L4_W64_H4,1,test:d8:t2:prandomized:tree307:i80002,4,4,11,randomized,0,8,test,0.08013534545898438,2,1,10,307,64
L4_W64_H4,1,test:d8:t3:prandomized:tree211:i80006,4,4,11,randomized,0,8,test,0.09335136413574219,3,1,10,211,64
L4_W64_H4,0,test:d8:t3:prandomized:tree211:i80013,4,4,11,randomized,1,8,test,-0.12010002136230469,3,0,10,211,64
L4_W64_H4,1,test:d8:t3:prandomized:tree307:i80002,4,4,11,randomized,0,8,test,0.07933807373046875,3,1,10,307,64
L4_W64_H4,0,validation:d8:t0:prandomized:tree101:i80008,4,4,11,randomized,0,8,validation,0.07687950134277344,0,1,10,101,64
L4_W64_H4,1,validation:d8:t0:prandomized:tree101:i80011,4,4,11,randomized,1,8,validation,-0.0326080322265625,0,0,10,101,64
L4_W64_H4,1,validation:d8:t0:prandomized:tree211:i80002,4,4,11,randomized,0,8,validation,0.1161346435546875,0,1,10,211,64
L4_W64_H4,0,validation:d8:t0:prandomized:tree307:i80000,4,4,11,randomized,0,8,validation,0.07929229736328125,0,1,10,307,64
L4_W64_H4,1,validation:d8:t0:prandomized:tree307:i80002,4,4,11,randomized,0,8,validation,0.1606273651123047,0,1,10,307,64
L4_W64_H4,0,validation:d8:t1:prandomized:tree101:i80008,4,4,11,randomized,0,8,validation,0.07565498352050781,1,1,10,101,64
L4_W64_H4,1,validation:d8:t1:prandomized:tree101:i80011,4,4,11,randomized,1,8,validation,-0.02997589111328125,1,0,10,101,64
L4_W64_H4,1,validation:d8:t1:prandomized:tree211:i80002,4,4,11,randomized,0,8,validation,0.11635971069335938,1,1,10,211,64
L4_W64_H4,0,validation:d8:t1:prandomized:tree307:i80000,4,4,11,randomized,0,8,validation,0.07785987854003906,1,1,10,307,64
L4_W64_H4,1,validation:d8:t1:prandomized:tree307:i80002,4,4,11,randomized,0,8,validation,0.15735816955566406,1,1,10,307,64
L4_W64_H4,1,validation:d8:t2:prandomized:tree101:i80010,4,4,11,randomized,0,8,validation,0.06327629089355469,2,1,10,101,64
L4_W64_H4,0,validation:d8:t2:prandomized:tree101:i80012,4,4,11,randomized,0,8,validation,0.16645431518554688,2,1,10,101,64
L4_W64_H4,1,validation:d8:t2:prandomized:tree101:i80015,4,4,11,randomized,1,8,validation,-0.035003662109375,2,0,10,101,64
L4_W64_H4,1,validation:d8:t2:prandomized:tree211:i80002,4,4,11,randomized,0,8,validation,0.11663055419921875,2,1,10,211,64
L4_W64_H4,0,validation:d8:t2:prandomized:tree211:i80004,4,4,11,randomized,0,8,validation,0.07952499389648438,2,1,10,211,64
L4_W64_H4,0,validation:d8:t2:prandomized:tree211:i80008,4,4,11,randomized,0,8,validation,-0.01439666748046875,2,0,10,211,64
L4_W64_H4,0,validation:d8:t2:prandomized:tree211:i80009,4,4,11,randomized,1,8,validation,-0.1025848388671875,2,0,10,211,64
L4_W64_H4,1,validation:d8:t3:prandomized:tree101:i80010,4,4,11,randomized,0,8,validation,0.06476974487304688,3,1,10,101,64
L4_W64_H4,0,validation:d8:t3:prandomized:tree101:i80012,4,4,11,randomized,0,8,validation,0.16374969482421875,3,1,10,101,64
L4_W64_H4,1,validation:d8:t3:prandomized:tree101:i80015,4,4,11,randomized,1,8,validation,-0.03906440734863281,3,0,10,101,64
L4_W64_H4,1,validation:d8:t3:prandomized:tree211:i80002,4,4,11,randomized,0,8,validation,0.11660575866699219,3,1,10,211,64
L4_W64_H4,0,validation:d8:t3:prandomized:tree211:i80004,4,4,11,randomized,0,8,validation,0.0763092041015625,3,1,10,211,64
L4_W64_H4,0,validation:d8:t3:prandomized:tree211:i80008,4,4,11,randomized,0,8,validation,-0.016729354858398438,3,0,10,211,64
L4_W64_H4,0,validation:d8:t3:prandomized:tree211:i80009,4,4,11,randomized,1,8,validation,-0.09687614440917969,3,0,10,211,64
L4_W64_H4,0,test:d8:t0:prandomized:tree101:i80008,4,4,11,randomized,0,8,test,0.058902740478515625,0,1,10,101,64
L4_W64_H4,1,test:d8:t0:prandomized:tree101:i80011,4,4,11,randomized,1,8,test,-0.14388275146484375,0,0,10,101,64
L4_W64_H4,1,test:d8:t0:prandomized:tree211:i80002,4,4,11,randomized,0,8,test,0.0926666259765625,0,1,10,211,64
L4_W64_H4,0,test:d8:t0:prandomized:tree307:i80000,4,4,11,randomized,0,8,test,0.019594192504882812,0,1,10,307,64
L4_W64_H4,1,test:d8:t0:prandomized:tree307:i80002,4,4,11,randomized,0,8,test,0.0731964111328125,0,1,10,307,64
L4_W64_H4,0,test:d8:t1:prandomized:tree101:i80008,4,4,11,randomized,0,8,test,0.06064605712890625,1,1,10,101,64
L4_W64_H4,1,test:d8:t1:prandomized:tree101:i80011,4,4,11,randomized,1,8,test,-0.14251327514648438,1,0,10,101,64
L4_W64_H4,1,test:d8:t1:prandomized:tree211:i80002,4,4,11,randomized,0,8,test,0.09163665771484375,1,1,10,211,64
L4_W64_H4,0,test:d8:t1:prandomized:tree307:i80000,4,4,11,randomized,0,8,test,0.020631790161132812,1,1,10,307,64
L4_W64_H4,1,test:d8:t1:prandomized:tree307:i80002,4,4,11,randomized,0,8,test,0.07567787170410156,1,1,10,307,64
L4_W64_H4,1,test:d8:t2:prandomized:tree101:i80010,4,4,11,randomized,0,8,test,0.01568603515625,2,1,10,101,64
L4_W64_H4,0,test:d8:t2:prandomized:tree101:i80012,4,4,11,randomized,0,8,test,0.04983329772949219,2,1,10,101,64
L4_W64_H4,1,test:d8:t2:prandomized:tree101:i80015,4,4,11,randomized,1,8,test,-0.05854606628417969,2,0,10,101,64
L4_W64_H4,1,test:d8:t2:prandomized:tree211:i80002,4,4,11,randomized,0,8,test,0.09218215942382812,2,1,10,211,64
L4_W64_H4,0,test:d8:t2:prandomized:tree211:i80004,4,4,11,randomized,0,8,test,0.06521034240722656,2,1,10,211,64
L4_W64_H4,0,test:d8:t2:prandomized:tree211:i80008,4,4,11,randomized,0,8,test,0.07317352294921875,2,1,10,211,64
L4_W64_H4,0,test:d8:t2:prandomized:tree211:i80009,4,4,11,randomized,1,8,test,-0.09536933898925781,2,0,10,211,64
L4_W64_H4,1,test:d8:t3:prandomized:tree101:i80010,4,4,11,randomized,0,8,test,0.012624740600585938,3,1,10,101,64
L4_W64_H4,0,test:d8:t3:prandomized:tree101:i80012,4,4,11,randomized,0,8,test,0.0466156005859375,3,1,10,101,64
L4_W64_H4,1,test:d8:t3:prandomized:tree101:i80015,4,4,11,randomized,1,8,test,-0.054473876953125,3,0,10,101,64
L4_W64_H4,1,test:d8:t3:prandomized:tree211:i80002,4,4,11,randomized,0,8,test,0.090057373046875,3,1,10,211,64
L4_W64_H4,0,test:d8:t3:prandomized:tree211:i80004,4,4,11,randomized,0,8,test,0.06637763977050781,3,1,10,211,64
L4_W64_H4,0,test:d8:t3:prandomized:tree211:i80008,4,4,11,randomized,0,8,test,0.07472038269042969,3,1,10,211,64
L4_W64_H4,0,test:d8:t3:prandomized:tree211:i80009,4,4,11,randomized,1,8,test,-0.09177207946777344,3,0,10,211,64
L4_W64_H4,0,validation:d8:t0:prandomized:tree211:i80000,4,4,11,randomized,0,8,validation,0.07364273071289062,0,1,10,211,64
L4_W64_H4,0,validation:d8:t0:prandomized:tree211:i80004,4,4,11,randomized,0,8,validation,0.06733894348144531,0,1,10,211,64
L4_W64_H4,1,validation:d8:t0:prandomized:tree211:i80010,4,4,11,randomized,0,8,validation,0.1306133270263672,0,1,10,211,64
L4_W64_H4,0,validation:d8:t0:prandomized:tree307:i80008,4,4,11,randomized,0,8,validation,0.09778785705566406,0,1,10,307,64
L4_W64_H4,0,validation:d8:t0:prandomized:tree307:i80012,4,4,11,randomized,0,8,validation,0.05390167236328125,0,1,10,307,64
L4_W64_H4,0,validation:d8:t1:prandomized:tree211:i80000,4,4,11,randomized,0,8,validation,0.07266044616699219,1,1,10,211,64
L4_W64_H4,0,validation:d8:t1:prandomized:tree211:i80004,4,4,11,randomized,0,8,validation,0.06584739685058594,1,1,10,211,64
L4_W64_H4,1,validation:d8:t1:prandomized:tree211:i80010,4,4,11,randomized,0,8,validation,0.12551307678222656,1,1,10,211,64
L4_W64_H4,0,validation:d8:t1:prandomized:tree307:i80008,4,4,11,randomized,0,8,validation,0.09519767761230469,1,1,10,307,64
L4_W64_H4,0,validation:d8:t1:prandomized:tree307:i80012,4,4,11,randomized,0,8,validation,0.050811767578125,1,1,10,307,64
L4_W64_H4,0,validation:d8:t2:prandomized:tree211:i80005,4,4,11,randomized,1,8,validation,-0.13242340087890625,2,0,10,211,64
L4_W64_H4,0,validation:d8:t3:prandomized:tree211:i80005,4,4,11,randomized,1,8,validation,-0.13097190856933594,3,0,10,211,64
L4_W64_H4,0,test:d8:t0:prandomized:tree211:i80000,4,4,11,randomized,0,8,test,0.06642532348632812,0,1,10,211,64
L4_W64_H4,0,test:d8:t0:prandomized:tree211:i80004,4,4,11,randomized,0,8,test,0.058197021484375,0,1,10,211,64
L4_W64_H4,1,test:d8:t0:prandomized:tree211:i80010,4,4,11,randomized,0,8,test,0.07604408264160156,0,1,10,211,64
L4_W64_H4,0,test:d8:t0:prandomized:tree307:i80008,4,4,11,randomized,0,8,test,0.0052700042724609375,0,1,10,307,64
L4_W64_H4,0,test:d8:t0:prandomized:tree307:i80012,4,4,11,randomized,0,8,test,0.08638763427734375,0,1,10,307,64
L4_W64_H4,0,test:d8:t1:prandomized:tree211:i80000,4,4,11,randomized,0,8,test,0.058872222900390625,1,1,10,211,64
L4_W64_H4,0,test:d8:t1:prandomized:tree211:i80004,4,4,11,randomized,0,8,test,0.05639839172363281,1,1,10,211,64
L4_W64_H4,1,test:d8:t1:prandomized:tree211:i80010,4,4,11,randomized,0,8,test,0.07532310485839844,1,1,10,211,64
L4_W64_H4,0,test:d8:t1:prandomized:tree307:i80008,4,4,11,randomized,0,8,test,0.0033473968505859375,1,1,10,307,64
L4_W64_H4,0,test:d8:t1:prandomized:tree307:i80012,4,4,11,randomized,0,8,test,0.08505439758300781,1,1,10,307,64
L4_W64_H4,0,test:d8:t2:prandomized:tree211:i80005,4,4,11,randomized,1,8,test,0.027645111083984375,2,1,10,211,64
L4_W64_H4,0,test:d8:t3:prandomized:tree211:i80005,4,4,11,randomized,1,8,test,0.024394989013671875,3,1,10,211,64
L4_W64_H4,0,validation:d12:t0:paligned:tree101:i120000,4,4,11,aligned,0,12,validation,0.12175178527832031,0,1,14,101,64
L4_W64_H4,0,validation:d12:t0:paligned:tree101:i120001,4,4,11,aligned,1,12,validation,-0.1552886962890625,0,0,14,101,64
L4_W64_H4,1,validation:d12:t0:paligned:tree101:i120002,4,4,11,aligned,0,12,validation,0.1596698760986328,0,1,14,101,64
L4_W64_H4,1,validation:d12:t0:paligned:tree101:i120003,4,4,11,aligned,1,12,validation,-0.17226791381835938,0,0,14,101,64
L4_W64_H4,0,validation:d12:t0:paligned:tree101:i120004,4,4,11,aligned,0,12,validation,0.13536834716796875,0,1,14,101,64
L4_W64_H4,0,validation:d12:t0:paligned:tree101:i120005,4,4,11,aligned,1,12,validation,-0.1156768798828125,0,0,14,101,64
L4_W64_H4,1,validation:d12:t0:paligned:tree101:i120006,4,4,11,aligned,0,12,validation,0.04300880432128906,0,1,14,101,64
L4_W64_H4,1,validation:d12:t0:paligned:tree101:i120007,4,4,11,aligned,1,12,validation,-0.06255149841308594,0,0,14,101,64
L4_W64_H4,0,validation:d12:t0:paligned:tree101:i120008,4,4,11,aligned,0,12,validation,0.05735015869140625,0,1,14,101,64
L4_W64_H4,0,validation:d12:t0:paligned:tree101:i120009,4,4,11,aligned,1,12,validation,-0.008983612060546875,0,0,14,101,64
L4_W64_H4,1,validation:d12:t0:paligned:tree101:i120010,4,4,11,aligned,0,12,validation,0.13002395629882812,0,1,14,101,64
L4_W64_H4,1,validation:d12:t0:paligned:tree101:i120011,4,4,11,aligned,1,12,validation,-0.03792381286621094,0,0,14,101,64
L4_W64_H4,0,validation:d12:t0:paligned:tree101:i120012,4,4,11,aligned,0,12,validation,0.08562088012695312,0,1,14,101,64
L4_W64_H4,0,validation:d12:t0:paligned:tree101:i120013,4,4,11,aligned,1,12,validation,-0.07243919372558594,0,0,14,101,64
L4_W64_H4,1,validation:d12:t0:paligned:tree101:i120014,4,4,11,aligned,0,12,validation,0.08208084106445312,0,1,14,101,64
L4_W64_H4,1,validation:d12:t0:paligned:tree101:i120015,4,4,11,aligned,1,12,validation,0.03236961364746094,0,1,14,101,64
L4_W64_H4,0,validation:d12:t0:paligned:tree211:i120000,4,4,11,aligned,0,12,validation,0.015232086181640625,0,1,14,211,64
L4_W64_H4,0,validation:d12:t0:paligned:tree211:i120001,4,4,11,aligned,1,12,validation,-0.07647323608398438,0,0,14,211,64
L4_W64_H4,1,validation:d12:t0:paligned:tree211:i120002,4,4,11,aligned,0,12,validation,0.10581779479980469,0,1,14,211,64
L4_W64_H4,1,validation:d12:t0:paligned:tree211:i120003,4,4,11,aligned,1,12,validation,-0.09074211120605469,0,0,14,211,64
L4_W64_H4,0,validation:d12:t0:paligned:tree211:i120004,4,4,11,aligned,0,12,validation,0.10111045837402344,0,1,14,211,64
L4_W64_H4,0,validation:d12:t0:paligned:tree211:i120005,4,4,11,aligned,1,12,validation,-0.06233787536621094,0,0,14,211,64
L4_W64_H4,1,validation:d12:t0:paligned:tree211:i120006,4,4,11,aligned,0,12,validation,0.10033798217773438,0,1,14,211,64
L4_W64_H4,1,validation:d12:t0:paligned:tree211:i120007,4,4,11,aligned,1,12,validation,-0.06388282775878906,0,0,14,211,64
L4_W64_H4,0,validation:d12:t0:paligned:tree211:i120008,4,4,11,aligned,0,12,validation,0.05517578125,0,1,14,211,64
L4_W64_H4,0,validation:d12:t0:paligned:tree211:i120009,4,4,11,aligned,1,12,validation,-0.07349777221679688,0,0,14,211,64
L4_W64_H4,1,validation:d12:t0:paligned:tree211:i120010,4,4,11,aligned,0,12,validation,0.08094596862792969,0,1,14,211,64
L4_W64_H4,1,validation:d12:t0:paligned:tree211:i120011,4,4,11,aligned,1,12,validation,-0.07597541809082031,0,0,14,211,64
L4_W64_H4,0,validation:d12:t0:paligned:tree211:i120012,4,4,11,aligned,0,12,validation,0.0436859130859375,0,1,14,211,64
L4_W64_H4,0,validation:d12:t0:paligned:tree211:i120013,4,4,11,aligned,1,12,validation,-0.04222679138183594,0,0,14,211,64
L4_W64_H4,1,validation:d12:t0:paligned:tree211:i120014,4,4,11,aligned,0,12,validation,0.06338119506835938,0,1,14,211,64
L4_W64_H4,1,validation:d12:t0:paligned:tree211:i120015,4,4,11,aligned,1,12,validation,-0.08429145812988281,0,0,14,211,64
L4_W64_H4,0,validation:d12:t0:paligned:tree307:i120000,4,4,11,aligned,0,12,validation,0.06219673156738281,0,1,14,307,64
L4_W64_H4,0,validation:d12:t0:paligned:tree307:i120001,4,4,11,aligned,1,12,validation,-0.09736251831054688,0,0,14,307,64
L4_W64_H4,1,validation:d12:t0:paligned:tree307:i120002,4,4,11,aligned,0,12,validation,0.1494598388671875,0,1,14,307,64
L4_W64_H4,1,validation:d12:t0:paligned:tree307:i120003,4,4,11,aligned,1,12,validation,-0.05971336364746094,0,0,14,307,64
L4_W64_H4,0,validation:d12:t0:paligned:tree307:i120004,4,4,11,aligned,0,12,validation,0.032016754150390625,0,1,14,307,64
L4_W64_H4,0,validation:d12:t0:paligned:tree307:i120005,4,4,11,aligned,1,12,validation,-0.02727508544921875,0,0,14,307,64
L4_W64_H4,1,validation:d12:t0:paligned:tree307:i120006,4,4,11,aligned,0,12,validation,0.0398406982421875,0,1,14,307,64
L4_W64_H4,1,validation:d12:t0:paligned:tree307:i120007,4,4,11,aligned,1,12,validation,-0.13039398193359375,0,0,14,307,64
L4_W64_H4,0,validation:d12:t0:paligned:tree307:i120008,4,4,11,aligned,0,12,validation,0.07414436340332031,0,1,14,307,64
L4_W64_H4,0,validation:d12:t0:paligned:tree307:i120009,4,4,11,aligned,1,12,validation,-0.09836959838867188,0,0,14,307,64
L4_W64_H4,1,validation:d12:t0:paligned:tree307:i120010,4,4,11,aligned,0,12,validation,0.10061264038085938,0,1,14,307,64
L4_W64_H4,1,validation:d12:t0:paligned:tree307:i120011,4,4,11,aligned,1,12,validation,-0.08344841003417969,0,0,14,307,64
L4_W64_H4,0,validation:d12:t0:paligned:tree307:i120012,4,4,11,aligned,0,12,validation,0.04291343688964844,0,1,14,307,64
L4_W64_H4,0,validation:d12:t0:paligned:tree307:i120013,4,4,11,aligned,1,12,validation,-0.06242942810058594,0,0,14,307,64
L4_W64_H4,1,validation:d12:t0:paligned:tree307:i120014,4,4,11,aligned,0,12,validation,0.043292999267578125,0,1,14,307,64
L4_W64_H4,1,validation:d12:t0:paligned:tree307:i120015,4,4,11,aligned,1,12,validation,-0.04415321350097656,0,0,14,307,64
L4_W64_H4,0,validation:d12:t0:prandomized:tree101:i120005,4,4,11,randomized,1,12,validation,-0.1156768798828125,0,0,14,101,64
L4_W64_H4,1,validation:d12:t0:prandomized:tree101:i120015,4,4,11,randomized,1,12,validation,0.03236961364746094,0,1,14,101,64
L4_W64_H4,1,validation:d12:t0:prandomized:tree211:i120003,4,4,11,randomized,1,12,validation,-0.09074211120605469,0,0,14,211,64
L4_W64_H4,0,validation:d12:t0:prandomized:tree211:i120005,4,4,11,randomized,1,12,validation,-0.06233787536621094,0,0,14,211,64
L4_W64_H4,0,validation:d12:t0:prandomized:tree211:i120008,4,4,11,randomized,0,12,validation,0.055171966552734375,0,1,14,211,64
L4_W64_H4,0,validation:d12:t0:prandomized:tree211:i120013,4,4,11,randomized,1,12,validation,-0.04222869873046875,0,0,14,211,64
L4_W64_H4,1,validation:d12:t0:prandomized:tree307:i120014,4,4,11,randomized,0,12,validation,0.04329109191894531,0,1,14,307,64
L4_W64_H4,0,validation:d12:t1:paligned:tree101:i120000,4,4,11,aligned,0,12,validation,0.11637496948242188,1,1,14,101,64
L4_W64_H4,0,validation:d12:t1:paligned:tree101:i120001,4,4,11,aligned,1,12,validation,-0.14968299865722656,1,0,14,101,64
L4_W64_H4,1,validation:d12:t1:paligned:tree101:i120002,4,4,11,aligned,0,12,validation,0.15723228454589844,1,1,14,101,64
L4_W64_H4,1,validation:d12:t1:paligned:tree101:i120003,4,4,11,aligned,1,12,validation,-0.16512489318847656,1,0,14,101,64
L4_W64_H4,0,validation:d12:t1:paligned:tree101:i120004,4,4,11,aligned,0,12,validation,0.13228416442871094,1,1,14,101,64
L4_W64_H4,0,validation:d12:t1:paligned:tree101:i120005,4,4,11,aligned,1,12,validation,-0.11018943786621094,1,0,14,101,64
L4_W64_H4,1,validation:d12:t1:paligned:tree101:i120006,4,4,11,aligned,0,12,validation,0.0419464111328125,1,1,14,101,64
L4_W64_H4,1,validation:d12:t1:paligned:tree101:i120007,4,4,11,aligned,1,12,validation,-0.062442779541015625,1,0,14,101,64
L4_W64_H4,0,validation:d12:t1:paligned:tree101:i120008,4,4,11,aligned,0,12,validation,0.05322456359863281,1,1,14,101,64
L4_W64_H4,0,validation:d12:t1:paligned:tree101:i120009,4,4,11,aligned,1,12,validation,-0.00811767578125,1,0,14,101,64
L4_W64_H4,1,validation:d12:t1:paligned:tree101:i120010,4,4,11,aligned,0,12,validation,0.1299762725830078,1,1,14,101,64
L4_W64_H4,1,validation:d12:t1:paligned:tree101:i120011,4,4,11,aligned,1,12,validation,-0.03341865539550781,1,0,14,101,64
L4_W64_H4,0,validation:d12:t1:paligned:tree101:i120012,4,4,11,aligned,0,12,validation,0.08491897583007812,1,1,14,101,64
L4_W64_H4,0,validation:d12:t1:paligned:tree101:i120013,4,4,11,aligned,1,12,validation,-0.06910133361816406,1,0,14,101,64
L4_W64_H4,1,validation:d12:t1:paligned:tree101:i120014,4,4,11,aligned,0,12,validation,0.08070945739746094,1,1,14,101,64
L4_W64_H4,1,validation:d12:t1:paligned:tree101:i120015,4,4,11,aligned,1,12,validation,0.035907745361328125,1,1,14,101,64
L4_W64_H4,0,validation:d12:t1:paligned:tree211:i120000,4,4,11,aligned,0,12,validation,0.0101470947265625,1,1,14,211,64
L4_W64_H4,0,validation:d12:t1:paligned:tree211:i120001,4,4,11,aligned,1,12,validation,-0.08030319213867188,1,0,14,211,64
L4_W64_H4,1,validation:d12:t1:paligned:tree211:i120002,4,4,11,aligned,0,12,validation,0.10215187072753906,1,1,14,211,64
L4_W64_H4,1,validation:d12:t1:paligned:tree211:i120003,4,4,11,aligned,1,12,validation,-0.09036445617675781,1,0,14,211,64
L4_W64_H4,0,validation:d12:t1:paligned:tree211:i120004,4,4,11,aligned,0,12,validation,0.09894561767578125,1,1,14,211,64
L4_W64_H4,0,validation:d12:t1:paligned:tree211:i120005,4,4,11,aligned,1,12,validation,-0.05854034423828125,1,0,14,211,64
L4_W64_H4,1,validation:d12:t1:paligned:tree211:i120006,4,4,11,aligned,0,12,validation,0.10033988952636719,1,1,14,211,64
L4_W64_H4,1,validation:d12:t1:paligned:tree211:i120007,4,4,11,aligned,1,12,validation,-0.05935478210449219,1,0,14,211,64
L4_W64_H4,0,validation:d12:t1:paligned:tree211:i120008,4,4,11,aligned,0,12,validation,0.05533027648925781,1,1,14,211,64
L4_W64_H4,0,validation:d12:t1:paligned:tree211:i120009,4,4,11,aligned,1,12,validation,-0.07452201843261719,1,0,14,211,64
L4_W64_H4,1,validation:d12:t1:paligned:tree211:i120010,4,4,11,aligned,0,12,validation,0.07926368713378906,1,1,14,211,64
L4_W64_H4,1,validation:d12:t1:paligned:tree211:i120011,4,4,11,aligned,1,12,validation,-0.07056999206542969,1,0,14,211,64
L4_W64_H4,0,validation:d12:t1:paligned:tree211:i120012,4,4,11,aligned,0,12,validation,0.04320716857910156,1,1,14,211,64
L4_W64_H4,0,validation:d12:t1:paligned:tree211:i120013,4,4,11,aligned,1,12,validation,-0.04021453857421875,1,0,14,211,64
L4_W64_H4,1,validation:d12:t1:paligned:tree211:i120014,4,4,11,aligned,0,12,validation,0.05976104736328125,1,1,14,211,64
L4_W64_H4,1,validation:d12:t1:paligned:tree211:i120015,4,4,11,aligned,1,12,validation,-0.08345985412597656,1,0,14,211,64
L4_W64_H4,0,validation:d12:t1:paligned:tree307:i120000,4,4,11,aligned,0,12,validation,0.05662727355957031,1,1,14,307,64
L4_W64_H4,0,validation:d12:t1:paligned:tree307:i120001,4,4,11,aligned,1,12,validation,-0.09699821472167969,1,0,14,307,64
L4_W64_H4,1,validation:d12:t1:paligned:tree307:i120002,4,4,11,aligned,0,12,validation,0.14544296264648438,1,1,14,307,64
L4_W64_H4,1,validation:d12:t1:paligned:tree307:i120003,4,4,11,aligned,1,12,validation,-0.05339813232421875,1,0,14,307,64
L4_W64_H4,0,validation:d12:t1:paligned:tree307:i120004,4,4,11,aligned,0,12,validation,0.03348541259765625,1,1,14,307,64
L4_W64_H4,0,validation:d12:t1:paligned:tree307:i120005,4,4,11,aligned,1,12,validation,-0.025081634521484375,1,0,14,307,64
L4_W64_H4,1,validation:d12:t1:paligned:tree307:i120006,4,4,11,aligned,0,12,validation,0.03972625732421875,1,1,14,307,64
L4_W64_H4,1,validation:d12:t1:paligned:tree307:i120007,4,4,11,aligned,1,12,validation,-0.13063430786132812,1,0,14,307,64
L4_W64_H4,0,validation:d12:t1:paligned:tree307:i120008,4,4,11,aligned,0,12,validation,0.07153511047363281,1,1,14,307,64
L4_W64_H4,0,validation:d12:t1:paligned:tree307:i120009,4,4,11,aligned,1,12,validation,-0.09249496459960938,1,0,14,307,64
L4_W64_H4,1,validation:d12:t1:paligned:tree307:i120010,4,4,11,aligned,0,12,validation,0.09910964965820312,1,1,14,307,64
L4_W64_H4,1,validation:d12:t1:paligned:tree307:i120011,4,4,11,aligned,1,12,validation,-0.08043289184570312,1,0,14,307,64
L4_W64_H4,0,validation:d12:t1:paligned:tree307:i120012,4,4,11,aligned,0,12,validation,0.042881011962890625,1,1,14,307,64
L4_W64_H4,0,validation:d12:t1:paligned:tree307:i120013,4,4,11,aligned,1,12,validation,-0.05917930603027344,1,0,14,307,64
L4_W64_H4,1,validation:d12:t1:paligned:tree307:i120014,4,4,11,aligned,0,12,validation,0.04369926452636719,1,1,14,307,64
L4_W64_H4,1,validation:d12:t1:paligned:tree307:i120015,4,4,11,aligned,1,12,validation,-0.04162025451660156,1,0,14,307,64
L4_W64_H4,0,validation:d12:t1:prandomized:tree101:i120005,4,4,11,randomized,1,12,validation,-0.11018943786621094,1,0,14,101,64
L4_W64_H4,1,validation:d12:t1:prandomized:tree101:i120015,4,4,11,randomized,1,12,validation,0.035907745361328125,1,1,14,101,64
L4_W64_H4,1,validation:d12:t1:prandomized:tree211:i120003,4,4,11,randomized,1,12,validation,-0.09036445617675781,1,0,14,211,64
L4_W64_H4,0,validation:d12:t1:prandomized:tree211:i120005,4,4,11,randomized,1,12,validation,-0.05854034423828125,1,0,14,211,64
L4_W64_H4,0,validation:d12:t1:prandomized:tree211:i120008,4,4,11,randomized,0,12,validation,0.05533027648925781,1,1,14,211,64
L4_W64_H4,0,validation:d12:t1:prandomized:tree211:i120013,4,4,11,randomized,1,12,validation,-0.04021453857421875,1,0,14,211,64
L4_W64_H4,1,validation:d12:t1:prandomized:tree307:i120014,4,4,11,randomized,0,12,validation,0.04369926452636719,1,1,14,307,64
L4_W64_H4,0,validation:d12:t2:paligned:tree101:i120000,4,4,11,aligned,0,12,validation,0.12357330322265625,2,1,14,101,64
L4_W64_H4,0,validation:d12:t2:paligned:tree101:i120001,4,4,11,aligned,1,12,validation,-0.15666961669921875,2,0,14,101,64
L4_W64_H4,1,validation:d12:t2:paligned:tree101:i120002,4,4,11,aligned,0,12,validation,0.16392898559570312,2,1,14,101,64
L4_W64_H4,1,validation:d12:t2:paligned:tree101:i120003,4,4,11,aligned,1,12,validation,-0.16841888427734375,2,0,14,101,64
L4_W64_H4,0,validation:d12:t2:paligned:tree101:i120004,4,4,11,aligned,0,12,validation,0.1373443603515625,2,1,14,101,64
L4_W64_H4,0,validation:d12:t2:paligned:tree101:i120005,4,4,11,aligned,1,12,validation,-0.11216545104980469,2,0,14,101,64
L4_W64_H4,1,validation:d12:t2:paligned:tree101:i120006,4,4,11,aligned,0,12,validation,0.04301261901855469,2,1,14,101,64
L4_W64_H4,1,validation:d12:t2:paligned:tree101:i120007,4,4,11,aligned,1,12,validation,-0.06299781799316406,2,0,14,101,64
L4_W64_H4,0,validation:d12:t2:paligned:tree101:i120008,4,4,11,aligned,0,12,validation,0.05883216857910156,2,1,14,101,64
L4_W64_H4,0,validation:d12:t2:paligned:tree101:i120009,4,4,11,aligned,1,12,validation,-0.010816574096679688,2,0,14,101,64
L4_W64_H4,1,validation:d12:t2:paligned:tree101:i120010,4,4,11,aligned,0,12,validation,0.13354110717773438,2,1,14,101,64
L4_W64_H4,1,validation:d12:t2:paligned:tree101:i120011,4,4,11,aligned,1,12,validation,-0.03720664978027344,2,0,14,101,64
L4_W64_H4,0,validation:d12:t2:paligned:tree101:i120012,4,4,11,aligned,0,12,validation,0.0865631103515625,2,1,14,101,64
L4_W64_H4,0,validation:d12:t2:paligned:tree101:i120013,4,4,11,aligned,1,12,validation,-0.06979560852050781,2,0,14,101,64
L4_W64_H4,1,validation:d12:t2:paligned:tree101:i120014,4,4,11,aligned,0,12,validation,0.0827178955078125,2,1,14,101,64
L4_W64_H4,1,validation:d12:t2:paligned:tree101:i120015,4,4,11,aligned,1,12,validation,0.03286933898925781,2,1,14,101,64
L4_W64_H4,0,validation:d12:t2:paligned:tree211:i120000,4,4,11,aligned,0,12,validation,0.017513275146484375,2,1,14,211,64
L4_W64_H4,0,validation:d12:t2:paligned:tree211:i120001,4,4,11,aligned,1,12,validation,-0.079315185546875,2,0,14,211,64
L4_W64_H4,1,validation:d12:t2:paligned:tree211:i120002,4,4,11,aligned,0,12,validation,0.10831832885742188,2,1,14,211,64
L4_W64_H4,1,validation:d12:t2:paligned:tree211:i120003,4,4,11,aligned,1,12,validation,-0.09168052673339844,2,0,14,211,64
L4_W64_H4,0,validation:d12:t2:paligned:tree211:i120004,4,4,11,aligned,0,12,validation,0.101531982421875,2,1,14,211,64
L4_W64_H4,0,validation:d12:t2:paligned:tree211:i120005,4,4,11,aligned,1,12,validation,-0.062366485595703125,2,0,14,211,64
L4_W64_H4,1,validation:d12:t2:paligned:tree211:i120006,4,4,11,aligned,0,12,validation,0.10053634643554688,2,1,14,211,64
L4_W64_H4,1,validation:d12:t2:paligned:tree211:i120007,4,4,11,aligned,1,12,validation,-0.06638717651367188,2,0,14,211,64
L4_W64_H4,0,validation:d12:t2:paligned:tree211:i120008,4,4,11,aligned,0,12,validation,0.058841705322265625,2,1,14,211,64
L4_W64_H4,0,validation:d12:t2:paligned:tree211:i120009,4,4,11,aligned,1,12,validation,-0.07737541198730469,2,0,14,211,64
L4_W64_H4,1,validation:d12:t2:paligned:tree211:i120010,4,4,11,aligned,0,12,validation,0.08130836486816406,2,1,14,211,64
L4_W64_H4,1,validation:d12:t2:paligned:tree211:i120011,4,4,11,aligned,1,12,validation,-0.07459068298339844,2,0,14,211,64
L4_W64_H4,0,validation:d12:t2:paligned:tree211:i120012,4,4,11,aligned,0,12,validation,0.04670143127441406,2,1,14,211,64
L4_W64_H4,0,validation:d12:t2:paligned:tree211:i120013,4,4,11,aligned,1,12,validation,-0.041416168212890625,2,0,14,211,64
L4_W64_H4,1,validation:d12:t2:paligned:tree211:i120014,4,4,11,aligned,0,12,validation,0.06109619140625,2,1,14,211,64
L4_W64_H4,1,validation:d12:t2:paligned:tree211:i120015,4,4,11,aligned,1,12,validation,-0.088287353515625,2,0,14,211,64
L4_W64_H4,0,validation:d12:t2:paligned:tree307:i120000,4,4,11,aligned,0,12,validation,0.06159782409667969,2,1,14,307,64
L4_W64_H4,0,validation:d12:t2:paligned:tree307:i120001,4,4,11,aligned,1,12,validation,-0.09708404541015625,2,0,14,307,64
L4_W64_H4,1,validation:d12:t2:paligned:tree307:i120002,4,4,11,aligned,0,12,validation,0.14969444274902344,2,1,14,307,64
L4_W64_H4,1,validation:d12:t2:paligned:tree307:i120003,4,4,11,aligned,1,12,validation,-0.05958366394042969,2,0,14,307,64
L4_W64_H4,0,validation:d12:t2:paligned:tree307:i120004,4,4,11,aligned,0,12,validation,0.03516387939453125,2,1,14,307,64
L4_W64_H4,0,validation:d12:t2:paligned:tree307:i120005,4,4,11,aligned,1,12,validation,-0.027475357055664062,2,0,14,307,64
L4_W64_H4,1,validation:d12:t2:paligned:tree307:i120006,4,4,11,aligned,0,12,validation,0.037418365478515625,2,1,14,307,64
L4_W64_H4,1,validation:d12:t2:paligned:tree307:i120007,4,4,11,aligned,1,12,validation,-0.1282787322998047,2,0,14,307,64
L4_W64_H4,0,validation:d12:t2:paligned:tree307:i120008,4,4,11,aligned,0,12,validation,0.07455253601074219,2,1,14,307,64
L4_W64_H4,0,validation:d12:t2:paligned:tree307:i120009,4,4,11,aligned,1,12,validation,-0.09775924682617188,2,0,14,307,64
L4_W64_H4,1,validation:d12:t2:paligned:tree307:i120010,4,4,11,aligned,0,12,validation,0.10191726684570312,2,1,14,307,64
L4_W64_H4,1,validation:d12:t2:paligned:tree307:i120011,4,4,11,aligned,1,12,validation,-0.08669471740722656,2,0,14,307,64
L4_W64_H4,0,validation:d12:t2:paligned:tree307:i120012,4,4,11,aligned,0,12,validation,0.04260826110839844,2,1,14,307,64
L4_W64_H4,0,validation:d12:t2:paligned:tree307:i120013,4,4,11,aligned,1,12,validation,-0.05974769592285156,2,0,14,307,64
L4_W64_H4,1,validation:d12:t2:paligned:tree307:i120014,4,4,11,aligned,0,12,validation,0.04611015319824219,2,1,14,307,64
L4_W64_H4,1,validation:d12:t2:paligned:tree307:i120015,4,4,11,aligned,1,12,validation,-0.04494285583496094,2,0,14,307,64
L4_W64_H4,0,validation:d12:t2:prandomized:tree101:i120004,4,4,11,randomized,0,12,validation,0.1373443603515625,2,1,14,101,64
L4_W64_H4,0,validation:d12:t2:prandomized:tree101:i120005,4,4,11,randomized,1,12,validation,-0.11216545104980469,2,0,14,101,64
L4_W64_H4,1,validation:d12:t2:prandomized:tree211:i120006,4,4,11,randomized,0,12,validation,0.10053634643554688,2,1,14,211,64
L4_W64_H4,0,validation:d12:t3:paligned:tree101:i120000,4,4,11,aligned,0,12,validation,0.11822319030761719,3,1,14,101,64
L4_W64_H4,0,validation:d12:t3:paligned:tree101:i120001,4,4,11,aligned,1,12,validation,-0.15195846557617188,3,0,14,101,64
L4_W64_H4,1,validation:d12:t3:paligned:tree101:i120002,4,4,11,aligned,0,12,validation,0.1577625274658203,3,1,14,101,64
L4_W64_H4,1,validation:d12:t3:paligned:tree101:i120003,4,4,11,aligned,1,12,validation,-0.16419029235839844,3,0,14,101,64
L4_W64_H4,0,validation:d12:t3:paligned:tree101:i120004,4,4,11,aligned,0,12,validation,0.13322067260742188,3,1,14,101,64
L4_W64_H4,0,validation:d12:t3:paligned:tree101:i120005,4,4,11,aligned,1,12,validation,-0.1114959716796875,3,0,14,101,64
L4_W64_H4,1,validation:d12:t3:paligned:tree101:i120006,4,4,11,aligned,0,12,validation,0.039348602294921875,3,1,14,101,64
L4_W64_H4,1,validation:d12:t3:paligned:tree101:i120007,4,4,11,aligned,1,12,validation,-0.06091880798339844,3,0,14,101,64
L4_W64_H4,0,validation:d12:t3:paligned:tree101:i120008,4,4,11,aligned,0,12,validation,0.05415534973144531,3,1,14,101,64
L4_W64_H4,0,validation:d12:t3:paligned:tree101:i120009,4,4,11,aligned,1,12,validation,-0.009611129760742188,3,0,14,101,64
L4_W64_H4,1,validation:d12:t3:paligned:tree101:i120010,4,4,11,aligned,0,12,validation,0.1322784423828125,3,1,14,101,64
L4_W64_H4,1,validation:d12:t3:paligned:tree101:i120011,4,4,11,aligned,1,12,validation,-0.033756256103515625,3,0,14,101,64
L4_W64_H4,0,validation:d12:t3:paligned:tree101:i120012,4,4,11,aligned,0,12,validation,0.08555793762207031,3,1,14,101,64
L4_W64_H4,0,validation:d12:t3:paligned:tree101:i120013,4,4,11,aligned,1,12,validation,-0.06855392456054688,3,0,14,101,64
L4_W64_H4,1,validation:d12:t3:paligned:tree101:i120014,4,4,11,aligned,0,12,validation,0.08123016357421875,3,1,14,101,64
L4_W64_H4,1,validation:d12:t3:paligned:tree101:i120015,4,4,11,aligned,1,12,validation,0.03627777099609375,3,1,14,101,64
L4_W64_H4,0,validation:d12:t3:paligned:tree211:i120000,4,4,11,aligned,0,12,validation,0.01036834716796875,3,1,14,211,64
L4_W64_H4,0,validation:d12:t3:paligned:tree211:i120001,4,4,11,aligned,1,12,validation,-0.07752418518066406,3,0,14,211,64
L4_W64_H4,1,validation:d12:t3:paligned:tree211:i120002,4,4,11,aligned,0,12,validation,0.1014404296875,3,1,14,211,64
L4_W64_H4,1,validation:d12:t3:paligned:tree211:i120003,4,4,11,aligned,1,12,validation,-0.08953666687011719,3,0,14,211,64
L4_W64_H4,0,validation:d12:t3:paligned:tree211:i120004,4,4,11,aligned,0,12,validation,0.09952926635742188,3,1,14,211,64
L4_W64_H4,0,validation:d12:t3:paligned:tree211:i120005,4,4,11,aligned,1,12,validation,-0.05902099609375,3,0,14,211,64
L4_W64_H4,1,validation:d12:t3:paligned:tree211:i120006,4,4,11,aligned,0,12,validation,0.1001434326171875,3,1,14,211,64
L4_W64_H4,1,validation:d12:t3:paligned:tree211:i120007,4,4,11,aligned,1,12,validation,-0.06258392333984375,3,0,14,211,64
L4_W64_H4,0,validation:d12:t3:paligned:tree211:i120008,4,4,11,aligned,0,12,validation,0.05755043029785156,3,1,14,211,64
L4_W64_H4,0,validation:d12:t3:paligned:tree211:i120009,4,4,11,aligned,1,12,validation,-0.07203292846679688,3,0,14,211,64
L4_W64_H4,1,validation:d12:t3:paligned:tree211:i120010,4,4,11,aligned,0,12,validation,0.07594871520996094,3,1,14,211,64
L4_W64_H4,1,validation:d12:t3:paligned:tree211:i120011,4,4,11,aligned,1,12,validation,-0.07433319091796875,3,0,14,211,64
L4_W64_H4,0,validation:d12:t3:paligned:tree211:i120012,4,4,11,aligned,0,12,validation,0.041015625,3,1,14,211,64
L4_W64_H4,0,validation:d12:t3:paligned:tree211:i120013,4,4,11,aligned,1,12,validation,-0.04187965393066406,3,0,14,211,64
L4_W64_H4,1,validation:d12:t3:paligned:tree211:i120014,4,4,11,aligned,0,12,validation,0.061435699462890625,3,1,14,211,64
L4_W64_H4,1,validation:d12:t3:paligned:tree211:i120015,4,4,11,aligned,1,12,validation,-0.08348655700683594,3,0,14,211,64
L4_W64_H4,0,validation:d12:t3:paligned:tree307:i120000,4,4,11,aligned,0,12,validation,0.057891845703125,3,1,14,307,64
L4_W64_H4,0,validation:d12:t3:paligned:tree307:i120001,4,4,11,aligned,1,12,validation,-0.09619331359863281,3,0,14,307,64
L4_W64_H4,1,validation:d12:t3:paligned:tree307:i120002,4,4,11,aligned,0,12,validation,0.14648056030273438,3,1,14,307,64
L4_W64_H4,1,validation:d12:t3:paligned:tree307:i120003,4,4,11,aligned,1,12,validation,-0.05582237243652344,3,0,14,307,64
L4_W64_H4,0,validation:d12:t3:paligned:tree307:i120004,4,4,11,aligned,0,12,validation,0.03464317321777344,3,1,14,307,64
L4_W64_H4,0,validation:d12:t3:paligned:tree307:i120005,4,4,11,aligned,1,12,validation,-0.026193618774414062,3,0,14,307,64
L4_W64_H4,1,validation:d12:t3:paligned:tree307:i120006,4,4,11,aligned,0,12,validation,0.03282928466796875,3,1,14,307,64
L4_W64_H4,1,validation:d12:t3:paligned:tree307:i120007,4,4,11,aligned,1,12,validation,-0.1287517547607422,3,0,14,307,64
L4_W64_H4,0,validation:d12:t3:paligned:tree307:i120008,4,4,11,aligned,0,12,validation,0.07015037536621094,3,1,14,307,64
L4_W64_H4,0,validation:d12:t3:paligned:tree307:i120009,4,4,11,aligned,1,12,validation,-0.09224891662597656,3,0,14,307,64
L4_W64_H4,1,validation:d12:t3:paligned:tree307:i120010,4,4,11,aligned,0,12,validation,0.10084152221679688,3,1,14,307,64
L4_W64_H4,1,validation:d12:t3:paligned:tree307:i120011,4,4,11,aligned,1,12,validation,-0.08184814453125,3,0,14,307,64
L4_W64_H4,0,validation:d12:t3:paligned:tree307:i120012,4,4,11,aligned,0,12,validation,0.04200935363769531,3,1,14,307,64
L4_W64_H4,0,validation:d12:t3:paligned:tree307:i120013,4,4,11,aligned,1,12,validation,-0.06046867370605469,3,0,14,307,64
L4_W64_H4,1,validation:d12:t3:paligned:tree307:i120014,4,4,11,aligned,0,12,validation,0.04358863830566406,3,1,14,307,64
L4_W64_H4,1,validation:d12:t3:paligned:tree307:i120015,4,4,11,aligned,1,12,validation,-0.0396270751953125,3,0,14,307,64
L4_W64_H4,0,validation:d12:t3:prandomized:tree101:i120004,4,4,11,randomized,0,12,validation,0.13322067260742188,3,1,14,101,64
L4_W64_H4,0,validation:d12:t3:prandomized:tree101:i120005,4,4,11,randomized,1,12,validation,-0.1114959716796875,3,0,14,101,64
L4_W64_H4,1,validation:d12:t3:prandomized:tree211:i120006,4,4,11,randomized,0,12,validation,0.1001434326171875,3,1,14,211,64
L4_W64_H4,0,test:d12:t0:paligned:tree101:i120000,4,4,11,aligned,0,12,test,0.07845687866210938,0,1,14,101,64
L4_W64_H4,0,test:d12:t0:paligned:tree101:i120001,4,4,11,aligned,1,12,test,-0.11468887329101562,0,0,14,101,64
L4_W64_H4,1,test:d12:t0:paligned:tree101:i120002,4,4,11,aligned,0,12,test,0.07300376892089844,0,1,14,101,64
L4_W64_H4,1,test:d12:t0:paligned:tree101:i120003,4,4,11,aligned,1,12,test,-0.026086807250976562,0,0,14,101,64
L4_W64_H4,0,test:d12:t0:paligned:tree101:i120004,4,4,11,aligned,0,12,test,0.13108444213867188,0,1,14,101,64
L4_W64_H4,0,test:d12:t0:paligned:tree101:i120005,4,4,11,aligned,1,12,test,-0.00630950927734375,0,0,14,101,64
L4_W64_H4,1,test:d12:t0:paligned:tree101:i120006,4,4,11,aligned,0,12,test,0.06386184692382812,0,1,14,101,64
L4_W64_H4,1,test:d12:t0:paligned:tree101:i120007,4,4,11,aligned,1,12,test,-0.09480667114257812,0,0,14,101,64
L4_W64_H4,0,test:d12:t0:paligned:tree101:i120008,4,4,11,aligned,0,12,test,0.021574020385742188,0,1,14,101,64
L4_W64_H4,0,test:d12:t0:paligned:tree101:i120009,4,4,11,aligned,1,12,test,-0.009958267211914062,0,0,14,101,64
L4_W64_H4,1,test:d12:t0:paligned:tree101:i120010,4,4,11,aligned,0,12,test,0.09465789794921875,0,1,14,101,64
L4_W64_H4,1,test:d12:t0:paligned:tree101:i120011,4,4,11,aligned,1,12,test,-0.05046844482421875,0,0,14,101,64
L4_W64_H4,0,test:d12:t0:paligned:tree101:i120012,4,4,11,aligned,0,12,test,0.08312416076660156,0,1,14,101,64
L4_W64_H4,0,test:d12:t0:paligned:tree101:i120013,4,4,11,aligned,1,12,test,-0.06178474426269531,0,0,14,101,64
L4_W64_H4,1,test:d12:t0:paligned:tree101:i120014,4,4,11,aligned,0,12,test,0.03561973571777344,0,1,14,101,64
L4_W64_H4,1,test:d12:t0:paligned:tree101:i120015,4,4,11,aligned,1,12,test,-0.036815643310546875,0,0,14,101,64
L4_W64_H4,0,test:d12:t0:paligned:tree211:i120000,4,4,11,aligned,0,12,test,0.009204864501953125,0,1,14,211,64
L4_W64_H4,0,test:d12:t0:paligned:tree211:i120001,4,4,11,aligned,1,12,test,-0.11823844909667969,0,0,14,211,64
L4_W64_H4,1,test:d12:t0:paligned:tree211:i120002,4,4,11,aligned,0,12,test,0.010282516479492188,0,1,14,211,64
L4_W64_H4,1,test:d12:t0:paligned:tree211:i120003,4,4,11,aligned,1,12,test,-0.08416938781738281,0,0,14,211,64
L4_W64_H4,0,test:d12:t0:paligned:tree211:i120004,4,4,11,aligned,0,12,test,0.17721939086914062,0,1,14,211,64
L4_W64_H4,0,test:d12:t0:paligned:tree211:i120005,4,4,11,aligned,1,12,test,-0.04077720642089844,0,0,14,211,64
L4_W64_H4,1,test:d12:t0:paligned:tree211:i120006,4,4,11,aligned,0,12,test,0.12391853332519531,0,1,14,211,64
L4_W64_H4,1,test:d12:t0:paligned:tree211:i120007,4,4,11,aligned,1,12,test,-0.035213470458984375,0,0,14,211,64
L4_W64_H4,0,test:d12:t0:paligned:tree211:i120008,4,4,11,aligned,0,12,test,0.0578765869140625,0,1,14,211,64
L4_W64_H4,0,test:d12:t0:paligned:tree211:i120009,4,4,11,aligned,1,12,test,0.015926361083984375,0,1,14,211,64
L4_W64_H4,1,test:d12:t0:paligned:tree211:i120010,4,4,11,aligned,0,12,test,-0.013563156127929688,0,0,14,211,64
L4_W64_H4,1,test:d12:t0:paligned:tree211:i120011,4,4,11,aligned,1,12,test,-0.061443328857421875,0,0,14,211,64
L4_W64_H4,0,test:d12:t0:paligned:tree211:i120012,4,4,11,aligned,0,12,test,0.1553668975830078,0,1,14,211,64
L4_W64_H4,0,test:d12:t0:paligned:tree211:i120013,4,4,11,aligned,1,12,test,-0.06031036376953125,0,0,14,211,64
L4_W64_H4,1,test:d12:t0:paligned:tree211:i120014,4,4,11,aligned,0,12,test,0.001369476318359375,0,1,14,211,64
L4_W64_H4,1,test:d12:t0:paligned:tree211:i120015,4,4,11,aligned,1,12,test,-0.123687744140625,0,0,14,211,64
L4_W64_H4,0,test:d12:t0:paligned:tree307:i120000,4,4,11,aligned,0,12,test,0.0372772216796875,0,1,14,307,64
L4_W64_H4,0,test:d12:t0:paligned:tree307:i120001,4,4,11,aligned,1,12,test,-0.17908477783203125,0,0,14,307,64
L4_W64_H4,1,test:d12:t0:paligned:tree307:i120002,4,4,11,aligned,0,12,test,0.07030868530273438,0,1,14,307,64
L4_W64_H4,1,test:d12:t0:paligned:tree307:i120003,4,4,11,aligned,1,12,test,-0.047374725341796875,0,0,14,307,64
L4_W64_H4,0,test:d12:t0:paligned:tree307:i120004,4,4,11,aligned,0,12,test,-0.00653076171875,0,0,14,307,64
L4_W64_H4,0,test:d12:t0:paligned:tree307:i120005,4,4,11,aligned,1,12,test,-0.07512092590332031,0,0,14,307,64
L4_W64_H4,1,test:d12:t0:paligned:tree307:i120006,4,4,11,aligned,0,12,test,0.05449104309082031,0,1,14,307,64
L4_W64_H4,1,test:d12:t0:paligned:tree307:i120007,4,4,11,aligned,1,12,test,-0.08475875854492188,0,0,14,307,64
L4_W64_H4,0,test:d12:t0:paligned:tree307:i120008,4,4,11,aligned,0,12,test,-0.0054683685302734375,0,0,14,307,64
L4_W64_H4,0,test:d12:t0:paligned:tree307:i120009,4,4,11,aligned,1,12,test,-0.0813446044921875,0,0,14,307,64
L4_W64_H4,1,test:d12:t0:paligned:tree307:i120010,4,4,11,aligned,0,12,test,0.18120956420898438,0,1,14,307,64
L4_W64_H4,1,test:d12:t0:paligned:tree307:i120011,4,4,11,aligned,1,12,test,-0.11649703979492188,0,0,14,307,64
L4_W64_H4,0,test:d12:t0:paligned:tree307:i120012,4,4,11,aligned,0,12,test,0.13863372802734375,0,1,14,307,64
L4_W64_H4,0,test:d12:t0:paligned:tree307:i120013,4,4,11,aligned,1,12,test,-0.095367431640625,0,0,14,307,64
L4_W64_H4,1,test:d12:t0:paligned:tree307:i120014,4,4,11,aligned,0,12,test,0.05646324157714844,0,1,14,307,64
L4_W64_H4,1,test:d12:t0:paligned:tree307:i120015,4,4,11,aligned,1,12,test,-0.15411949157714844,0,0,14,307,64
L4_W64_H4,0,test:d12:t0:prandomized:tree101:i120005,4,4,11,randomized,1,12,test,-0.00630950927734375,0,0,14,101,64
L4_W64_H4,1,test:d12:t0:prandomized:tree101:i120015,4,4,11,randomized,1,12,test,-0.036815643310546875,0,0,14,101,64
L4_W64_H4,1,test:d12:t0:prandomized:tree211:i120003,4,4,11,randomized,1,12,test,-0.08416938781738281,0,0,14,211,64
L4_W64_H4,0,test:d12:t0:prandomized:tree211:i120005,4,4,11,randomized,1,12,test,-0.040775299072265625,0,0,14,211,64
L4_W64_H4,0,test:d12:t0:prandomized:tree211:i120008,4,4,11,randomized,0,12,test,0.05787849426269531,0,1,14,211,64
L4_W64_H4,0,test:d12:t0:prandomized:tree211:i120013,4,4,11,randomized,1,12,test,-0.06031036376953125,0,0,14,211,64
L4_W64_H4,1,test:d12:t0:prandomized:tree307:i120014,4,4,11,randomized,0,12,test,0.05646514892578125,0,1,14,307,64
L4_W64_H4,0,test:d12:t1:paligned:tree101:i120000,4,4,11,aligned,0,12,test,0.07580947875976562,1,1,14,101,64
L4_W64_H4,0,test:d12:t1:paligned:tree101:i120001,4,4,11,aligned,1,12,test,-0.11185646057128906,1,0,14,101,64
L4_W64_H4,1,test:d12:t1:paligned:tree101:i120002,4,4,11,aligned,0,12,test,0.07200813293457031,1,1,14,101,64
L4_W64_H4,1,test:d12:t1:paligned:tree101:i120003,4,4,11,aligned,1,12,test,-0.022344589233398438,1,0,14,101,64
L4_W64_H4,0,test:d12:t1:paligned:tree101:i120004,4,4,11,aligned,0,12,test,0.1275043487548828,1,1,14,101,64
L4_W64_H4,0,test:d12:t1:paligned:tree101:i120005,4,4,11,aligned,1,12,test,-0.004558563232421875,1,0,14,101,64
L4_W64_H4,1,test:d12:t1:paligned:tree101:i120006,4,4,11,aligned,0,12,test,0.0588531494140625,1,1,14,101,64
L4_W64_H4,1,test:d12:t1:paligned:tree101:i120007,4,4,11,aligned,1,12,test,-0.09267616271972656,1,0,14,101,64
L4_W64_H4,0,test:d12:t1:paligned:tree101:i120008,4,4,11,aligned,0,12,test,0.019956588745117188,1,1,14,101,64
L4_W64_H4,0,test:d12:t1:paligned:tree101:i120009,4,4,11,aligned,1,12,test,-0.0069599151611328125,1,0,14,101,64
L4_W64_H4,1,test:d12:t1:paligned:tree101:i120010,4,4,11,aligned,0,12,test,0.0906524658203125,1,1,14,101,64
L4_W64_H4,1,test:d12:t1:paligned:tree101:i120011,4,4,11,aligned,1,12,test,-0.04345130920410156,1,0,14,101,64
L4_W64_H4,0,test:d12:t1:paligned:tree101:i120012,4,4,11,aligned,0,12,test,0.07856369018554688,1,1,14,101,64
L4_W64_H4,0,test:d12:t1:paligned:tree101:i120013,4,4,11,aligned,1,12,test,-0.06036376953125,1,0,14,101,64
L4_W64_H4,1,test:d12:t1:paligned:tree101:i120014,4,4,11,aligned,0,12,test,0.031038284301757812,1,1,14,101,64
L4_W64_H4,1,test:d12:t1:paligned:tree101:i120015,4,4,11,aligned,1,12,test,-0.03178215026855469,1,0,14,101,64
L4_W64_H4,0,test:d12:t1:paligned:tree211:i120000,4,4,11,aligned,0,12,test,0.00315093994140625,1,1,14,211,64
L4_W64_H4,0,test:d12:t1:paligned:tree211:i120001,4,4,11,aligned,1,12,test,-0.11647796630859375,1,0,14,211,64
L4_W64_H4,1,test:d12:t1:paligned:tree211:i120002,4,4,11,aligned,0,12,test,0.007862091064453125,1,1,14,211,64
L4_W64_H4,1,test:d12:t1:paligned:tree211:i120003,4,4,11,aligned,1,12,test,-0.08528900146484375,1,0,14,211,64
L4_W64_H4,0,test:d12:t1:paligned:tree211:i120004,4,4,11,aligned,0,12,test,0.17530059814453125,1,1,14,211,64
L4_W64_H4,0,test:d12:t1:paligned:tree211:i120005,4,4,11,aligned,1,12,test,-0.03431510925292969,1,0,14,211,64
L4_W64_H4,1,test:d12:t1:paligned:tree211:i120006,4,4,11,aligned,0,12,test,0.119659423828125,1,1,14,211,64
L4_W64_H4,1,test:d12:t1:paligned:tree211:i120007,4,4,11,aligned,1,12,test,-0.036701202392578125,1,0,14,211,64
L4_W64_H4,0,test:d12:t1:paligned:tree211:i120008,4,4,11,aligned,0,12,test,0.0523223876953125,1,1,14,211,64
L4_W64_H4,0,test:d12:t1:paligned:tree211:i120009,4,4,11,aligned,1,12,test,0.021358489990234375,1,1,14,211,64
L4_W64_H4,1,test:d12:t1:paligned:tree211:i120010,4,4,11,aligned,0,12,test,-0.015338897705078125,1,0,14,211,64
L4_W64_H4,1,test:d12:t1:paligned:tree211:i120011,4,4,11,aligned,1,12,test,-0.06016349792480469,1,0,14,211,64
L4_W64_H4,0,test:d12:t1:paligned:tree211:i120012,4,4,11,aligned,0,12,test,0.1544780731201172,1,1,14,211,64
L4_W64_H4,0,test:d12:t1:paligned:tree211:i120013,4,4,11,aligned,1,12,test,-0.05132293701171875,1,0,14,211,64
L4_W64_H4,1,test:d12:t1:paligned:tree211:i120014,4,4,11,aligned,0,12,test,-0.001605987548828125,1,0,14,211,64
L4_W64_H4,1,test:d12:t1:paligned:tree211:i120015,4,4,11,aligned,1,12,test,-0.12080955505371094,1,0,14,211,64
L4_W64_H4,0,test:d12:t1:paligned:tree307:i120000,4,4,11,aligned,0,12,test,0.033977508544921875,1,1,14,307,64
L4_W64_H4,0,test:d12:t1:paligned:tree307:i120001,4,4,11,aligned,1,12,test,-0.17856597900390625,1,0,14,307,64
L4_W64_H4,1,test:d12:t1:paligned:tree307:i120002,4,4,11,aligned,0,12,test,0.06718826293945312,1,1,14,307,64
L4_W64_H4,1,test:d12:t1:paligned:tree307:i120003,4,4,11,aligned,1,12,test,-0.043224334716796875,1,0,14,307,64
L4_W64_H4,0,test:d12:t1:paligned:tree307:i120004,4,4,11,aligned,0,12,test,-0.0069179534912109375,1,0,14,307,64
L4_W64_H4,0,test:d12:t1:paligned:tree307:i120005,4,4,11,aligned,1,12,test,-0.07050323486328125,1,0,14,307,64
L4_W64_H4,1,test:d12:t1:paligned:tree307:i120006,4,4,11,aligned,0,12,test,0.049884796142578125,1,1,14,307,64
L4_W64_H4,1,test:d12:t1:paligned:tree307:i120007,4,4,11,aligned,1,12,test,-0.08201026916503906,1,0,14,307,64
L4_W64_H4,0,test:d12:t1:paligned:tree307:i120008,4,4,11,aligned,0,12,test,-0.008121490478515625,1,0,14,307,64
L4_W64_H4,0,test:d12:t1:paligned:tree307:i120009,4,4,11,aligned,1,12,test,-0.08063888549804688,1,0,14,307,64
L4_W64_H4,1,test:d12:t1:paligned:tree307:i120010,4,4,11,aligned,0,12,test,0.17947959899902344,1,1,14,307,64
L4_W64_H4,1,test:d12:t1:paligned:tree307:i120011,4,4,11,aligned,1,12,test,-0.11490631103515625,1,0,14,307,64
L4_W64_H4,0,test:d12:t1:paligned:tree307:i120012,4,4,11,aligned,0,12,test,0.13986778259277344,1,1,14,307,64
L4_W64_H4,0,test:d12:t1:paligned:tree307:i120013,4,4,11,aligned,1,12,test,-0.0938262939453125,1,0,14,307,64
L4_W64_H4,1,test:d12:t1:paligned:tree307:i120014,4,4,11,aligned,0,12,test,0.05492591857910156,1,1,14,307,64
L4_W64_H4,1,test:d12:t1:paligned:tree307:i120015,4,4,11,aligned,1,12,test,-0.1530914306640625,1,0,14,307,64
L4_W64_H4,0,test:d12:t1:prandomized:tree101:i120005,4,4,11,randomized,1,12,test,-0.004558563232421875,1,0,14,101,64
L4_W64_H4,1,test:d12:t1:prandomized:tree101:i120015,4,4,11,randomized,1,12,test,-0.03178215026855469,1,0,14,101,64
L4_W64_H4,1,test:d12:t1:prandomized:tree211:i120003,4,4,11,randomized,1,12,test,-0.08528900146484375,1,0,14,211,64
L4_W64_H4,0,test:d12:t1:prandomized:tree211:i120005,4,4,11,randomized,1,12,test,-0.03431510925292969,1,0,14,211,64
L4_W64_H4,0,test:d12:t1:prandomized:tree211:i120008,4,4,11,randomized,0,12,test,0.05232429504394531,1,1,14,211,64
L4_W64_H4,0,test:d12:t1:prandomized:tree211:i120013,4,4,11,randomized,1,12,test,-0.05132102966308594,1,0,14,211,64
L4_W64_H4,1,test:d12:t1:prandomized:tree307:i120014,4,4,11,randomized,0,12,test,0.05492591857910156,1,1,14,307,64
L4_W64_H4,0,test:d12:t2:paligned:tree101:i120000,4,4,11,aligned,0,12,test,0.07706069946289062,2,1,14,101,64
L4_W64_H4,0,test:d12:t2:paligned:tree101:i120001,4,4,11,aligned,1,12,test,-0.112701416015625,2,0,14,101,64
L4_W64_H4,1,test:d12:t2:paligned:tree101:i120002,4,4,11,aligned,0,12,test,0.07637405395507812,2,1,14,101,64
L4_W64_H4,1,test:d12:t2:paligned:tree101:i120003,4,4,11,aligned,1,12,test,-0.02616119384765625,2,0,14,101,64
L4_W64_H4,0,test:d12:t2:paligned:tree101:i120004,4,4,11,aligned,0,12,test,0.13145065307617188,2,1,14,101,64
L4_W64_H4,0,test:d12:t2:paligned:tree101:i120005,4,4,11,aligned,1,12,test,-0.005474090576171875,2,0,14,101,64
L4_W64_H4,1,test:d12:t2:paligned:tree101:i120006,4,4,11,aligned,0,12,test,0.06073570251464844,2,1,14,101,64
L4_W64_H4,1,test:d12:t2:paligned:tree101:i120007,4,4,11,aligned,1,12,test,-0.09544754028320312,2,0,14,101,64
L4_W64_H4,0,test:d12:t2:paligned:tree101:i120008,4,4,11,aligned,0,12,test,0.026567459106445312,2,1,14,101,64
L4_W64_H4,0,test:d12:t2:paligned:tree101:i120009,4,4,11,aligned,1,12,test,-0.012506484985351562,2,0,14,101,64
L4_W64_H4,1,test:d12:t2:paligned:tree101:i120010,4,4,11,aligned,0,12,test,0.09521484375,2,1,14,101,64
L4_W64_H4,1,test:d12:t2:paligned:tree101:i120011,4,4,11,aligned,1,12,test,-0.050037384033203125,2,0,14,101,64
L4_W64_H4,0,test:d12:t2:paligned:tree101:i120012,4,4,11,aligned,0,12,test,0.08258056640625,2,1,14,101,64
L4_W64_H4,0,test:d12:t2:paligned:tree101:i120013,4,4,11,aligned,1,12,test,-0.06017303466796875,2,0,14,101,64
L4_W64_H4,1,test:d12:t2:paligned:tree101:i120014,4,4,11,aligned,0,12,test,0.03378486633300781,2,1,14,101,64
L4_W64_H4,1,test:d12:t2:paligned:tree101:i120015,4,4,11,aligned,1,12,test,-0.03483390808105469,2,0,14,101,64
L4_W64_H4,0,test:d12:t2:paligned:tree211:i120000,4,4,11,aligned,0,12,test,0.012338638305664062,2,1,14,211,64
L4_W64_H4,0,test:d12:t2:paligned:tree211:i120001,4,4,11,aligned,1,12,test,-0.11826896667480469,2,0,14,211,64
L4_W64_H4,1,test:d12:t2:paligned:tree211:i120002,4,4,11,aligned,0,12,test,0.010080337524414062,2,1,14,211,64
L4_W64_H4,1,test:d12:t2:paligned:tree211:i120003,4,4,11,aligned,1,12,test,-0.08601188659667969,2,0,14,211,64
L4_W64_H4,0,test:d12:t2:paligned:tree211:i120004,4,4,11,aligned,0,12,test,0.17641258239746094,2,1,14,211,64
L4_W64_H4,0,test:d12:t2:paligned:tree211:i120005,4,4,11,aligned,1,12,test,-0.039051055908203125,2,0,14,211,64
L4_W64_H4,1,test:d12:t2:paligned:tree211:i120006,4,4,11,aligned,0,12,test,0.12200355529785156,2,1,14,211,64
L4_W64_H4,1,test:d12:t2:paligned:tree211:i120007,4,4,11,aligned,1,12,test,-0.03365898132324219,2,0,14,211,64
L4_W64_H4,0,test:d12:t2:paligned:tree211:i120008,4,4,11,aligned,0,12,test,0.05823707580566406,2,1,14,211,64
L4_W64_H4,0,test:d12:t2:paligned:tree211:i120009,4,4,11,aligned,1,12,test,0.011587142944335938,2,1,14,211,64
L4_W64_H4,1,test:d12:t2:paligned:tree211:i120010,4,4,11,aligned,0,12,test,-0.015476226806640625,2,0,14,211,64
L4_W64_H4,1,test:d12:t2:paligned:tree211:i120011,4,4,11,aligned,1,12,test,-0.06197166442871094,2,0,14,211,64
L4_W64_H4,0,test:d12:t2:paligned:tree211:i120012,4,4,11,aligned,0,12,test,0.1569690704345703,2,1,14,211,64
L4_W64_H4,0,test:d12:t2:paligned:tree211:i120013,4,4,11,aligned,1,12,test,-0.0589447021484375,2,0,14,211,64
L4_W64_H4,1,test:d12:t2:paligned:tree211:i120014,4,4,11,aligned,0,12,test,0.0019817352294921875,2,1,14,211,64
L4_W64_H4,1,test:d12:t2:paligned:tree211:i120015,4,4,11,aligned,1,12,test,-0.12320327758789062,2,0,14,211,64
L4_W64_H4,0,test:d12:t2:paligned:tree307:i120000,4,4,11,aligned,0,12,test,0.043109893798828125,2,1,14,307,64
L4_W64_H4,0,test:d12:t2:paligned:tree307:i120001,4,4,11,aligned,1,12,test,-0.18025588989257812,2,0,14,307,64
L4_W64_H4,1,test:d12:t2:paligned:tree307:i120002,4,4,11,aligned,0,12,test,0.06585884094238281,2,1,14,307,64
L4_W64_H4,1,test:d12:t2:paligned:tree307:i120003,4,4,11,aligned,1,12,test,-0.04842376708984375,2,0,14,307,64
L4_W64_H4,0,test:d12:t2:paligned:tree307:i120004,4,4,11,aligned,0,12,test,-0.006809234619140625,2,0,14,307,64
L4_W64_H4,0,test:d12:t2:paligned:tree307:i120005,4,4,11,aligned,1,12,test,-0.07158660888671875,2,0,14,307,64
L4_W64_H4,1,test:d12:t2:paligned:tree307:i120006,4,4,11,aligned,0,12,test,0.05520439147949219,2,1,14,307,64
L4_W64_H4,1,test:d12:t2:paligned:tree307:i120007,4,4,11,aligned,1,12,test,-0.07988166809082031,2,0,14,307,64
L4_W64_H4,0,test:d12:t2:paligned:tree307:i120008,4,4,11,aligned,0,12,test,-0.002231597900390625,2,0,14,307,64
L4_W64_H4,0,test:d12:t2:paligned:tree307:i120009,4,4,11,aligned,1,12,test,-0.08205795288085938,2,0,14,307,64
L4_W64_H4,1,test:d12:t2:paligned:tree307:i120010,4,4,11,aligned,0,12,test,0.1827373504638672,2,1,14,307,64
L4_W64_H4,1,test:d12:t2:paligned:tree307:i120011,4,4,11,aligned,1,12,test,-0.1167449951171875,2,0,14,307,64
L4_W64_H4,0,test:d12:t2:paligned:tree307:i120012,4,4,11,aligned,0,12,test,0.14263534545898438,2,1,14,307,64
L4_W64_H4,0,test:d12:t2:paligned:tree307:i120013,4,4,11,aligned,1,12,test,-0.09498786926269531,2,0,14,307,64
L4_W64_H4,1,test:d12:t2:paligned:tree307:i120014,4,4,11,aligned,0,12,test,0.0591583251953125,2,1,14,307,64
L4_W64_H4,1,test:d12:t2:paligned:tree307:i120015,4,4,11,aligned,1,12,test,-0.1557941436767578,2,0,14,307,64
L4_W64_H4,0,test:d12:t2:prandomized:tree101:i120004,4,4,11,randomized,0,12,test,0.13145065307617188,2,1,14,101,64
L4_W64_H4,0,test:d12:t2:prandomized:tree101:i120005,4,4,11,randomized,1,12,test,-0.005474090576171875,2,0,14,101,64
L4_W64_H4,1,test:d12:t2:prandomized:tree211:i120006,4,4,11,randomized,0,12,test,0.12200355529785156,2,1,14,211,64
L4_W64_H4,0,test:d12:t3:paligned:tree101:i120000,4,4,11,aligned,0,12,test,0.07372856140136719,3,1,14,101,64
L4_W64_H4,0,test:d12:t3:paligned:tree101:i120001,4,4,11,aligned,1,12,test,-0.110870361328125,3,0,14,101,64
L4_W64_H4,1,test:d12:t3:paligned:tree101:i120002,4,4,11,aligned,0,12,test,0.07558441162109375,3,1,14,101,64
L4_W64_H4,1,test:d12:t3:paligned:tree101:i120003,4,4,11,aligned,1,12,test,-0.022045135498046875,3,0,14,101,64
L4_W64_H4,0,test:d12:t3:paligned:tree101:i120004,4,4,11,aligned,0,12,test,0.12809371948242188,3,1,14,101,64
L4_W64_H4,0,test:d12:t3:paligned:tree101:i120005,4,4,11,aligned,1,12,test,-0.00461578369140625,3,0,14,101,64
L4_W64_H4,1,test:d12:t3:paligned:tree101:i120006,4,4,11,aligned,0,12,test,0.060985565185546875,3,1,14,101,64
L4_W64_H4,1,test:d12:t3:paligned:tree101:i120007,4,4,11,aligned,1,12,test,-0.09355926513671875,3,0,14,101,64
L4_W64_H4,0,test:d12:t3:paligned:tree101:i120008,4,4,11,aligned,0,12,test,0.012613296508789062,3,1,14,101,64
L4_W64_H4,0,test:d12:t3:paligned:tree101:i120009,4,4,11,aligned,1,12,test,-0.0101470947265625,3,0,14,101,64
L4_W64_H4,1,test:d12:t3:paligned:tree101:i120010,4,4,11,aligned,0,12,test,0.09213066101074219,3,1,14,101,64
L4_W64_H4,1,test:d12:t3:paligned:tree101:i120011,4,4,11,aligned,1,12,test,-0.04369926452636719,3,0,14,101,64
L4_W64_H4,0,test:d12:t3:paligned:tree101:i120012,4,4,11,aligned,0,12,test,0.07913589477539062,3,1,14,101,64
L4_W64_H4,0,test:d12:t3:paligned:tree101:i120013,4,4,11,aligned,1,12,test,-0.058475494384765625,3,0,14,101,64
L4_W64_H4,1,test:d12:t3:paligned:tree101:i120014,4,4,11,aligned,0,12,test,0.0281219482421875,3,1,14,101,64
L4_W64_H4,1,test:d12:t3:paligned:tree101:i120015,4,4,11,aligned,1,12,test,-0.03284263610839844,3,0,14,101,64
L4_W64_H4,0,test:d12:t3:paligned:tree211:i120000,4,4,11,aligned,0,12,test,0.0053462982177734375,3,1,14,211,64
L4_W64_H4,0,test:d12:t3:paligned:tree211:i120001,4,4,11,aligned,1,12,test,-0.1161041259765625,3,0,14,211,64
L4_W64_H4,1,test:d12:t3:paligned:tree211:i120002,4,4,11,aligned,0,12,test,0.0041713714599609375,3,1,14,211,64
L4_W64_H4,1,test:d12:t3:paligned:tree211:i120003,4,4,11,aligned,1,12,test,-0.08573532104492188,3,0,14,211,64
L4_W64_H4,0,test:d12:t3:paligned:tree211:i120004,4,4,11,aligned,0,12,test,0.1748065948486328,3,1,14,211,64
L4_W64_H4,0,test:d12:t3:paligned:tree211:i120005,4,4,11,aligned,1,12,test,-0.03433990478515625,3,0,14,211,64
L4_W64_H4,1,test:d12:t3:paligned:tree211:i120006,4,4,11,aligned,0,12,test,0.11784172058105469,3,1,14,211,64
L4_W64_H4,1,test:d12:t3:paligned:tree211:i120007,4,4,11,aligned,1,12,test,-0.03545379638671875,3,0,14,211,64
L4_W64_H4,0,test:d12:t3:paligned:tree211:i120008,4,4,11,aligned,0,12,test,0.05455780029296875,3,1,14,211,64
L4_W64_H4,0,test:d12:t3:paligned:tree211:i120009,4,4,11,aligned,1,12,test,0.022039413452148438,3,1,14,211,64
L4_W64_H4,1,test:d12:t3:paligned:tree211:i120010,4,4,11,aligned,0,12,test,-0.021188735961914062,3,0,14,211,64
L4_W64_H4,1,test:d12:t3:paligned:tree211:i120011,4,4,11,aligned,1,12,test,-0.05945587158203125,3,0,14,211,64
L4_W64_H4,0,test:d12:t3:paligned:tree211:i120012,4,4,11,aligned,0,12,test,0.15529441833496094,3,1,14,211,64
L4_W64_H4,0,test:d12:t3:paligned:tree211:i120013,4,4,11,aligned,1,12,test,-0.05540275573730469,3,0,14,211,64
L4_W64_H4,1,test:d12:t3:paligned:tree211:i120014,4,4,11,aligned,0,12,test,0.0009326934814453125,3,1,14,211,64
L4_W64_H4,1,test:d12:t3:paligned:tree211:i120015,4,4,11,aligned,1,12,test,-0.12024688720703125,3,0,14,211,64
L4_W64_H4,0,test:d12:t3:paligned:tree307:i120000,4,4,11,aligned,0,12,test,0.03524017333984375,3,1,14,307,64
L4_W64_H4,0,test:d12:t3:paligned:tree307:i120001,4,4,11,aligned,1,12,test,-0.1769256591796875,3,0,14,307,64
L4_W64_H4,1,test:d12:t3:paligned:tree307:i120002,4,4,11,aligned,0,12,test,0.06691932678222656,3,1,14,307,64
L4_W64_H4,1,test:d12:t3:paligned:tree307:i120003,4,4,11,aligned,1,12,test,-0.043857574462890625,3,0,14,307,64
L4_W64_H4,0,test:d12:t3:paligned:tree307:i120004,4,4,11,aligned,0,12,test,-0.0076084136962890625,3,0,14,307,64
L4_W64_H4,0,test:d12:t3:paligned:tree307:i120005,4,4,11,aligned,1,12,test,-0.06851577758789062,3,0,14,307,64
L4_W64_H4,1,test:d12:t3:paligned:tree307:i120006,4,4,11,aligned,0,12,test,0.0474853515625,3,1,14,307,64
L4_W64_H4,1,test:d12:t3:paligned:tree307:i120007,4,4,11,aligned,1,12,test,-0.07948493957519531,3,0,14,307,64
L4_W64_H4,0,test:d12:t3:paligned:tree307:i120008,4,4,11,aligned,0,12,test,-0.00614166259765625,3,0,14,307,64
L4_W64_H4,0,test:d12:t3:paligned:tree307:i120009,4,4,11,aligned,1,12,test,-0.07944488525390625,3,0,14,307,64
L4_W64_H4,1,test:d12:t3:paligned:tree307:i120010,4,4,11,aligned,0,12,test,0.1808300018310547,3,1,14,307,64
L4_W64_H4,1,test:d12:t3:paligned:tree307:i120011,4,4,11,aligned,1,12,test,-0.11486244201660156,3,0,14,307,64
L4_W64_H4,0,test:d12:t3:paligned:tree307:i120012,4,4,11,aligned,0,12,test,0.13698768615722656,3,1,14,307,64
L4_W64_H4,0,test:d12:t3:paligned:tree307:i120013,4,4,11,aligned,1,12,test,-0.09310150146484375,3,0,14,307,64
L4_W64_H4,1,test:d12:t3:paligned:tree307:i120014,4,4,11,aligned,0,12,test,0.05419731140136719,3,1,14,307,64
L4_W64_H4,1,test:d12:t3:paligned:tree307:i120015,4,4,11,aligned,1,12,test,-0.1536407470703125,3,0,14,307,64
L4_W64_H4,0,test:d12:t3:prandomized:tree101:i120004,4,4,11,randomized,0,12,test,0.12809371948242188,3,1,14,101,64
L4_W64_H4,0,test:d12:t3:prandomized:tree101:i120005,4,4,11,randomized,1,12,test,-0.0046176910400390625,3,0,14,101,64
L4_W64_H4,1,test:d12:t3:prandomized:tree211:i120006,4,4,11,randomized,0,12,test,0.11783981323242188,3,1,14,211,64
L4_W64_H4,1,validation:d12:t0:prandomized:tree101:i120003,4,4,11,randomized,1,12,validation,-0.17108154296875,0,0,14,101,64
L4_W64_H4,0,validation:d12:t0:prandomized:tree211:i120004,4,4,11,randomized,0,12,validation,0.10027313232421875,0,1,14,211,64
L4_W64_H4,0,validation:d12:t0:prandomized:tree307:i120000,4,4,11,randomized,0,12,validation,0.06170845031738281,0,1,14,307,64
L4_W64_H4,1,validation:d12:t0:prandomized:tree307:i120010,4,4,11,randomized,0,12,validation,0.10053825378417969,0,1,14,307,64
L4_W64_H4,1,validation:d12:t1:prandomized:tree101:i120003,4,4,11,randomized,1,12,validation,-0.16474151611328125,1,0,14,101,64
L4_W64_H4,0,validation:d12:t1:prandomized:tree211:i120004,4,4,11,randomized,0,12,validation,0.09836959838867188,1,1,14,211,64
L4_W64_H4,0,validation:d12:t1:prandomized:tree307:i120000,4,4,11,randomized,0,12,validation,0.05772972106933594,1,1,14,307,64
L4_W64_H4,1,validation:d12:t1:prandomized:tree307:i120010,4,4,11,randomized,0,12,validation,0.09811782836914062,1,1,14,307,64
L4_W64_H4,1,validation:d12:t2:prandomized:tree101:i120006,4,4,11,randomized,0,12,validation,0.042934417724609375,2,1,14,101,64
L4_W64_H4,0,validation:d12:t2:prandomized:tree101:i120013,4,4,11,randomized,1,12,validation,-0.06796073913574219,2,0,14,101,64
L4_W64_H4,1,validation:d12:t2:prandomized:tree101:i120015,4,4,11,randomized,1,12,validation,0.03314781188964844,2,1,14,101,64
L4_W64_H4,0,validation:d12:t2:prandomized:tree211:i120005,4,4,11,randomized,1,12,validation,-0.06329345703125,2,0,14,211,64
L4_W64_H4,1,validation:d12:t2:prandomized:tree211:i120007,4,4,11,randomized,1,12,validation,-0.06397056579589844,2,0,14,211,64
L4_W64_H4,0,validation:d12:t2:prandomized:tree307:i120000,4,4,11,randomized,0,12,validation,0.06250381469726562,2,1,14,307,64
L4_W64_H4,1,validation:d12:t3:prandomized:tree101:i120006,4,4,11,randomized,0,12,validation,0.041217803955078125,3,1,14,101,64
L4_W64_H4,0,validation:d12:t3:prandomized:tree101:i120013,4,4,11,randomized,1,12,validation,-0.06424140930175781,3,0,14,101,64
L4_W64_H4,1,validation:d12:t3:prandomized:tree101:i120015,4,4,11,randomized,1,12,validation,0.034748077392578125,3,1,14,101,64
L4_W64_H4,0,validation:d12:t3:prandomized:tree211:i120005,4,4,11,randomized,1,12,validation,-0.06037139892578125,3,0,14,211,64
L4_W64_H4,1,validation:d12:t3:prandomized:tree211:i120007,4,4,11,randomized,1,12,validation,-0.06210136413574219,3,0,14,211,64
L4_W64_H4,0,validation:d12:t3:prandomized:tree307:i120000,4,4,11,randomized,0,12,validation,0.059299468994140625,3,1,14,307,64
L4_W64_H4,1,test:d12:t0:prandomized:tree101:i120003,4,4,11,randomized,1,12,test,-0.024932861328125,0,0,14,101,64
L4_W64_H4,0,test:d12:t0:prandomized:tree211:i120004,4,4,11,randomized,0,12,test,0.17733383178710938,0,1,14,211,64
L4_W64_H4,0,test:d12:t0:prandomized:tree307:i120000,4,4,11,randomized,0,12,test,0.038410186767578125,0,1,14,307,64
L4_W64_H4,1,test:d12:t0:prandomized:tree307:i120010,4,4,11,randomized,0,12,test,0.1809539794921875,0,1,14,307,64
L4_W64_H4,1,test:d12:t1:prandomized:tree101:i120003,4,4,11,randomized,1,12,test,-0.021299362182617188,1,0,14,101,64
L4_W64_H4,0,test:d12:t1:prandomized:tree211:i120004,4,4,11,randomized,0,12,test,0.17605209350585938,1,1,14,211,64
L4_W64_H4,0,test:d12:t1:prandomized:tree307:i120000,4,4,11,randomized,0,12,test,0.033962249755859375,1,1,14,307,64
L4_W64_H4,1,test:d12:t1:prandomized:tree307:i120010,4,4,11,randomized,0,12,test,0.1794281005859375,1,1,14,307,64
L4_W64_H4,1,test:d12:t2:prandomized:tree101:i120006,4,4,11,randomized,0,12,test,0.06047821044921875,2,1,14,101,64
L4_W64_H4,0,test:d12:t2:prandomized:tree101:i120013,4,4,11,randomized,1,12,test,-0.05901145935058594,2,0,14,101,64
L4_W64_H4,1,test:d12:t2:prandomized:tree101:i120015,4,4,11,randomized,1,12,test,-0.03336334228515625,2,0,14,101,64
L4_W64_H4,0,test:d12:t2:prandomized:tree211:i120005,4,4,11,randomized,1,12,test,-0.037334442138671875,2,0,14,211,64
L4_W64_H4,1,test:d12:t2:prandomized:tree211:i120007,4,4,11,randomized,1,12,test,-0.029272079467773438,2,0,14,211,64
L4_W64_H4,0,test:d12:t2:prandomized:tree307:i120000,4,4,11,randomized,0,12,test,0.042572021484375,2,1,14,307,64
L4_W64_H4,1,test:d12:t3:prandomized:tree101:i120006,4,4,11,randomized,0,12,test,0.05971527099609375,3,1,14,101,64
L4_W64_H4,0,test:d12:t3:prandomized:tree101:i120013,4,4,11,randomized,1,12,test,-0.0579071044921875,3,0,14,101,64
L4_W64_H4,1,test:d12:t3:prandomized:tree101:i120015,4,4,11,randomized,1,12,test,-0.03275871276855469,3,0,14,101,64
L4_W64_H4,0,test:d12:t3:prandomized:tree211:i120005,4,4,11,randomized,1,12,test,-0.03395843505859375,3,0,14,211,64
L4_W64_H4,1,test:d12:t3:prandomized:tree211:i120007,4,4,11,randomized,1,12,test,-0.03324127197265625,3,0,14,211,64
L4_W64_H4,0,test:d12:t3:prandomized:tree307:i120000,4,4,11,randomized,0,12,test,0.035152435302734375,3,1,14,307,64
L4_W64_H4,0,validation:d12:t0:prandomized:tree101:i120000,4,4,11,randomized,0,12,validation,0.118988037109375,0,1,14,101,64
L4_W64_H4,0,validation:d12:t0:prandomized:tree101:i120001,4,4,11,randomized,1,12,validation,-0.1517009735107422,0,0,14,101,64
L4_W64_H4,0,validation:d12:t0:prandomized:tree101:i120008,4,4,11,randomized,0,12,validation,0.055385589599609375,0,1,14,101,64
L4_W64_H4,0,validation:d12:t0:prandomized:tree307:i120005,4,4,11,randomized,1,12,validation,-0.022367477416992188,0,0,14,307,64
L4_W64_H4,1,validation:d12:t0:prandomized:tree307:i120007,4,4,11,randomized,1,12,validation,-0.12782859802246094,0,0,14,307,64
L4_W64_H4,1,validation:d12:t0:prandomized:tree307:i120011,4,4,11,randomized,1,12,validation,-0.08019447326660156,0,0,14,307,64
L4_W64_H4,0,validation:d12:t1:prandomized:tree101:i120000,4,4,11,randomized,0,12,validation,0.11267662048339844,1,1,14,101,64
L4_W64_H4,0,validation:d12:t1:prandomized:tree101:i120001,4,4,11,randomized,1,12,validation,-0.14490699768066406,1,0,14,101,64
L4_W64_H4,0,validation:d12:t1:prandomized:tree101:i120008,4,4,11,randomized,0,12,validation,0.051822662353515625,1,1,14,101,64
L4_W64_H4,0,validation:d12:t1:prandomized:tree307:i120005,4,4,11,randomized,1,12,validation,-0.021968841552734375,1,0,14,307,64
L4_W64_H4,1,validation:d12:t1:prandomized:tree307:i120007,4,4,11,randomized,1,12,validation,-0.12767601013183594,1,0,14,307,64
L4_W64_H4,1,validation:d12:t1:prandomized:tree307:i120011,4,4,11,randomized,1,12,validation,-0.07549667358398438,1,0,14,307,64
L4_W64_H4,1,validation:d12:t2:prandomized:tree101:i120010,4,4,11,randomized,0,12,validation,0.12851715087890625,2,1,14,101,64
L4_W64_H4,1,validation:d12:t2:prandomized:tree307:i120010,4,4,11,randomized,0,12,validation,0.10024642944335938,2,1,14,307,64
L4_W64_H4,0,validation:d12:t2:prandomized:tree307:i120013,4,4,11,randomized,1,12,validation,-0.05968475341796875,2,0,14,307,64
L4_W64_H4,1,validation:d12:t3:prandomized:tree101:i120010,4,4,11,randomized,0,12,validation,0.1269054412841797,3,1,14,101,64
L4_W64_H4,1,validation:d12:t3:prandomized:tree307:i120010,4,4,11,randomized,0,12,validation,0.09769248962402344,3,1,14,307,64
L4_W64_H4,0,validation:d12:t3:prandomized:tree307:i120013,4,4,11,randomized,1,12,validation,-0.05858612060546875,3,0,14,307,64
L4_W64_H4,0,test:d12:t0:prandomized:tree101:i120000,4,4,11,randomized,0,12,test,0.07429885864257812,0,1,14,101,64
L4_W64_H4,0,test:d12:t0:prandomized:tree101:i120001,4,4,11,randomized,1,12,test,-0.10745811462402344,0,0,14,101,64
L4_W64_H4,0,test:d12:t0:prandomized:tree101:i120008,4,4,11,randomized,0,12,test,0.021600723266601562,0,1,14,101,64
L4_W64_H4,0,test:d12:t0:prandomized:tree307:i120005,4,4,11,randomized,1,12,test,-0.06994438171386719,0,0,14,307,64
L4_W64_H4,1,test:d12:t0:prandomized:tree307:i120007,4,4,11,randomized,1,12,test,-0.08134269714355469,0,0,14,307,64
L4_W64_H4,1,test:d12:t0:prandomized:tree307:i120011,4,4,11,randomized,1,12,test,-0.11133384704589844,0,0,14,307,64
L4_W64_H4,0,test:d12:t1:prandomized:tree101:i120000,4,4,11,randomized,0,12,test,0.07514381408691406,1,1,14,101,64
L4_W64_H4,0,test:d12:t1:prandomized:tree101:i120001,4,4,11,randomized,1,12,test,-0.10607719421386719,1,0,14,101,64
L4_W64_H4,0,test:d12:t1:prandomized:tree101:i120008,4,4,11,randomized,0,12,test,0.019128799438476562,1,1,14,101,64
L4_W64_H4,0,test:d12:t1:prandomized:tree307:i120005,4,4,11,randomized,1,12,test,-0.06907463073730469,1,0,14,307,64
L4_W64_H4,1,test:d12:t1:prandomized:tree307:i120007,4,4,11,randomized,1,12,test,-0.07767486572265625,1,0,14,307,64
L4_W64_H4,1,test:d12:t1:prandomized:tree307:i120011,4,4,11,randomized,1,12,test,-0.10979461669921875,1,0,14,307,64
L4_W64_H4,1,test:d12:t2:prandomized:tree101:i120010,4,4,11,randomized,0,12,test,0.09083366394042969,2,1,14,101,64
L4_W64_H4,1,test:d12:t2:prandomized:tree307:i120010,4,4,11,randomized,0,12,test,0.1789569854736328,2,1,14,307,64
L4_W64_H4,0,test:d12:t2:prandomized:tree307:i120013,4,4,11,randomized,1,12,test,-0.090179443359375,2,0,14,307,64
L4_W64_H4,1,test:d12:t3:prandomized:tree101:i120010,4,4,11,randomized,0,12,test,0.08789443969726562,3,1,14,101,64
L4_W64_H4,1,test:d12:t3:prandomized:tree307:i120010,4,4,11,randomized,0,12,test,0.1758861541748047,3,1,14,307,64
L4_W64_H4,0,test:d12:t3:prandomized:tree307:i120013,4,4,11,randomized,1,12,test,-0.08878707885742188,3,0,14,307,64
L4_W64_H4,0,validation:d12:t0:prandomized:tree101:i120009,4,4,11,randomized,1,12,validation,0.0027370452880859375,0,1,14,101,64
L4_W64_H4,0,validation:d12:t0:prandomized:tree101:i120012,4,4,11,randomized,0,12,validation,0.07582283020019531,0,1,14,101,64
L4_W64_H4,0,validation:d12:t1:prandomized:tree101:i120009,4,4,11,randomized,1,12,validation,0.0015392303466796875,1,1,14,101,64
L4_W64_H4,0,validation:d12:t1:prandomized:tree101:i120012,4,4,11,randomized,0,12,validation,0.07505989074707031,1,1,14,101,64
L4_W64_H4,0,validation:d12:t2:prandomized:tree101:i120000,4,4,11,randomized,0,12,validation,0.11277389526367188,2,1,14,101,64
L4_W64_H4,1,validation:d12:t2:prandomized:tree101:i120011,4,4,11,randomized,1,12,validation,-0.024929046630859375,2,0,14,101,64
L4_W64_H4,1,validation:d12:t2:prandomized:tree211:i120003,4,4,11,randomized,1,12,validation,-0.0858306884765625,2,0,14,211,64
L4_W64_H4,0,validation:d12:t2:prandomized:tree211:i120008,4,4,11,randomized,0,12,validation,0.04911613464355469,2,1,14,211,64
L4_W64_H4,0,validation:d12:t2:prandomized:tree307:i120001,4,4,11,randomized,1,12,validation,-0.09130859375,2,0,14,307,64
L4_W64_H4,0,validation:d12:t2:prandomized:tree307:i120005,4,4,11,randomized,1,12,validation,-0.0191802978515625,2,0,14,307,64
L4_W64_H4,1,validation:d12:t2:prandomized:tree307:i120007,4,4,11,randomized,1,12,validation,-0.12201690673828125,2,0,14,307,64
L4_W64_H4,0,validation:d12:t2:prandomized:tree307:i120009,4,4,11,randomized,1,12,validation,-0.08568000793457031,2,0,14,307,64
L4_W64_H4,1,validation:d12:t2:prandomized:tree307:i120011,4,4,11,randomized,1,12,validation,-0.0747528076171875,2,0,14,307,64
L4_W64_H4,1,validation:d12:t2:prandomized:tree307:i120014,4,4,11,randomized,0,12,validation,0.03778266906738281,2,1,14,307,64
L4_W64_H4,0,validation:d12:t3:prandomized:tree101:i120000,4,4,11,randomized,0,12,validation,0.10947036743164062,3,1,14,101,64
L4_W64_H4,1,validation:d12:t3:prandomized:tree101:i120011,4,4,11,randomized,1,12,validation,-0.024723052978515625,3,0,14,101,64
L4_W64_H4,1,validation:d12:t3:prandomized:tree211:i120003,4,4,11,randomized,1,12,validation,-0.08496856689453125,3,0,14,211,64
L4_W64_H4,0,validation:d12:t3:prandomized:tree211:i120008,4,4,11,randomized,0,12,validation,0.047908782958984375,3,1,14,211,64
L4_W64_H4,0,validation:d12:t3:prandomized:tree307:i120001,4,4,11,randomized,1,12,validation,-0.0908203125,3,0,14,307,64
L4_W64_H4,0,validation:d12:t3:prandomized:tree307:i120005,4,4,11,randomized,1,12,validation,-0.018955230712890625,3,0,14,307,64
L4_W64_H4,1,validation:d12:t3:prandomized:tree307:i120007,4,4,11,randomized,1,12,validation,-0.12063217163085938,3,0,14,307,64
L4_W64_H4,0,validation:d12:t3:prandomized:tree307:i120009,4,4,11,randomized,1,12,validation,-0.08512496948242188,3,0,14,307,64
L4_W64_H4,1,validation:d12:t3:prandomized:tree307:i120011,4,4,11,randomized,1,12,validation,-0.07288169860839844,3,0,14,307,64
L4_W64_H4,1,validation:d12:t3:prandomized:tree307:i120014,4,4,11,randomized,0,12,validation,0.03437042236328125,3,1,14,307,64
L4_W64_H4,0,test:d12:t0:prandomized:tree101:i120009,4,4,11,randomized,1,12,test,-0.0013885498046875,0,0,14,101,64
L4_W64_H4,0,test:d12:t0:prandomized:tree101:i120012,4,4,11,randomized,0,12,test,0.07590484619140625,0,1,14,101,64
L4_W64_H4,0,test:d12:t1:prandomized:tree101:i120009,4,4,11,randomized,1,12,test,-0.0014476776123046875,1,0,14,101,64
L4_W64_H4,0,test:d12:t1:prandomized:tree101:i120012,4,4,11,randomized,0,12,test,0.07283973693847656,1,1,14,101,64
L4_W64_H4,0,test:d12:t2:prandomized:tree101:i120000,4,4,11,randomized,0,12,test,0.068939208984375,2,1,14,101,64
L4_W64_H4,1,test:d12:t2:prandomized:tree101:i120011,4,4,11,randomized,1,12,test,-0.04247856140136719,2,0,14,101,64
L4_W64_H4,1,test:d12:t2:prandomized:tree211:i120003,4,4,11,randomized,1,12,test,-0.07695770263671875,2,0,14,211,64
L4_W64_H4,0,test:d12:t2:prandomized:tree211:i120008,4,4,11,randomized,0,12,test,0.04869842529296875,2,1,14,211,64
L4_W64_H4,0,test:d12:t2:prandomized:tree307:i120001,4,4,11,randomized,1,12,test,-0.17151832580566406,2,0,14,307,64
L4_W64_H4,0,test:d12:t2:prandomized:tree307:i120005,4,4,11,randomized,1,12,test,-0.06324577331542969,2,0,14,307,64
L4_W64_H4,1,test:d12:t2:prandomized:tree307:i120007,4,4,11,randomized,1,12,test,-0.07312774658203125,2,0,14,307,64
L4_W64_H4,0,test:d12:t2:prandomized:tree307:i120009,4,4,11,randomized,1,12,test,-0.07300758361816406,2,0,14,307,64
L4_W64_H4,1,test:d12:t2:prandomized:tree307:i120011,4,4,11,randomized,1,12,test,-0.10608291625976562,2,0,14,307,64
L4_W64_H4,1,test:d12:t2:prandomized:tree307:i120014,4,4,11,randomized,0,12,test,0.05193138122558594,2,1,14,307,64
L4_W64_H4,0,test:d12:t3:prandomized:tree101:i120000,4,4,11,randomized,0,12,test,0.06882286071777344,3,1,14,101,64
L4_W64_H4,1,test:d12:t3:prandomized:tree101:i120011,4,4,11,randomized,1,12,test,-0.03682518005371094,3,0,14,101,64
L4_W64_H4,1,test:d12:t3:prandomized:tree211:i120003,4,4,11,randomized,1,12,test,-0.0752105712890625,3,0,14,211,64
L4_W64_H4,0,test:d12:t3:prandomized:tree211:i120008,4,4,11,randomized,0,12,test,0.04751396179199219,3,1,14,211,64
L4_W64_H4,0,test:d12:t3:prandomized:tree307:i120001,4,4,11,randomized,1,12,test,-0.1688251495361328,3,0,14,307,64
L4_W64_H4,0,test:d12:t3:prandomized:tree307:i120005,4,4,11,randomized,1,12,test,-0.0601043701171875,3,0,14,307,64
L4_W64_H4,1,test:d12:t3:prandomized:tree307:i120007,4,4,11,randomized,1,12,test,-0.07039070129394531,3,0,14,307,64
L4_W64_H4,0,test:d12:t3:prandomized:tree307:i120009,4,4,11,randomized,1,12,test,-0.07175254821777344,3,0,14,307,64
L4_W64_H4,1,test:d12:t3:prandomized:tree307:i120011,4,4,11,randomized,1,12,test,-0.10552024841308594,3,0,14,307,64
L4_W64_H4,1,test:d12:t3:prandomized:tree307:i120014,4,4,11,randomized,0,12,test,0.04799652099609375,3,1,14,307,64
L4_W64_H4,1,validation:d12:t0:prandomized:tree101:i120002,4,4,11,randomized,0,12,validation,0.14054107666015625,0,1,14,101,64
L4_W64_H4,0,validation:d12:t0:prandomized:tree211:i120001,4,4,11,randomized,1,12,validation,-0.06569480895996094,0,0,14,211,64
L4_W64_H4,0,validation:d12:t0:prandomized:tree307:i120001,4,4,11,randomized,1,12,validation,-0.08355903625488281,0,0,14,307,64
L4_W64_H4,1,validation:d12:t1:prandomized:tree101:i120002,4,4,11,randomized,0,12,validation,0.14270401000976562,1,1,14,101,64
L4_W64_H4,0,validation:d12:t1:prandomized:tree211:i120001,4,4,11,randomized,1,12,validation,-0.06431007385253906,1,0,14,211,64
L4_W64_H4,0,validation:d12:t1:prandomized:tree307:i120001,4,4,11,randomized,1,12,validation,-0.0837249755859375,1,0,14,307,64
L4_W64_H4,1,validation:d12:t2:prandomized:tree101:i120003,4,4,11,randomized,1,12,validation,-0.14541053771972656,2,0,14,101,64
L4_W64_H4,1,validation:d12:t2:prandomized:tree211:i120002,4,4,11,randomized,0,12,validation,0.08975028991699219,2,1,14,211,64
L4_W64_H4,0,validation:d12:t2:prandomized:tree211:i120013,4,4,11,randomized,1,12,validation,-0.029836654663085938,2,0,14,211,64
L4_W64_H4,1,validation:d12:t2:prandomized:tree211:i120014,4,4,11,randomized,0,12,validation,0.04377174377441406,2,1,14,211,64
L4_W64_H4,0,validation:d12:t2:prandomized:tree307:i120012,4,4,11,randomized,0,12,validation,0.027730941772460938,2,1,14,307,64
L4_W64_H4,1,validation:d12:t3:prandomized:tree101:i120003,4,4,11,randomized,1,12,validation,-0.14296913146972656,3,0,14,101,64
L4_W64_H4,1,validation:d12:t3:prandomized:tree211:i120002,4,4,11,randomized,0,12,validation,0.08609199523925781,3,1,14,211,64
L4_W64_H4,0,validation:d12:t3:prandomized:tree211:i120013,4,4,11,randomized,1,12,validation,-0.029176712036132812,3,0,14,211,64
L4_W64_H4,1,validation:d12:t3:prandomized:tree211:i120014,4,4,11,randomized,0,12,validation,0.04162025451660156,3,1,14,211,64
L4_W64_H4,0,validation:d12:t3:prandomized:tree307:i120012,4,4,11,randomized,0,12,validation,0.026491165161132812,3,1,14,307,64
L4_W64_H4,1,test:d12:t0:prandomized:tree101:i120002,4,4,11,randomized,0,12,test,0.055339813232421875,0,1,14,101,64
L4_W64_H4,0,test:d12:t0:prandomized:tree211:i120001,4,4,11,randomized,1,12,test,-0.09987068176269531,0,0,14,211,64
L4_W64_H4,0,test:d12:t0:prandomized:tree307:i120001,4,4,11,randomized,1,12,test,-0.16332244873046875,0,0,14,307,64
L4_W64_H4,1,test:d12:t1:prandomized:tree101:i120002,4,4,11,randomized,0,12,test,0.05295562744140625,1,1,14,101,64
L4_W64_H4,0,test:d12:t1:prandomized:tree211:i120001,4,4,11,randomized,1,12,test,-0.10003662109375,1,0,14,211,64
L4_W64_H4,0,test:d12:t1:prandomized:tree307:i120001,4,4,11,randomized,1,12,test,-0.1620616912841797,1,0,14,307,64
L4_W64_H4,1,test:d12:t2:prandomized:tree101:i120003,4,4,11,randomized,1,12,test,-0.010152816772460938,2,0,14,101,64
L4_W64_H4,1,test:d12:t2:prandomized:tree211:i120002,4,4,11,randomized,0,12,test,-0.009588241577148438,2,0,14,211,64
L4_W64_H4,0,test:d12:t2:prandomized:tree211:i120013,4,4,11,randomized,1,12,test,-0.04052162170410156,2,0,14,211,64
L4_W64_H4,1,test:d12:t2:prandomized:tree211:i120014,4,4,11,randomized,0,12,test,-0.01329803466796875,2,0,14,211,64
L4_W64_H4,0,test:d12:t2:prandomized:tree307:i120012,4,4,11,randomized,0,12,test,0.12050056457519531,2,1,14,307,64
L4_W64_H4,1,test:d12:t3:prandomized:tree101:i120003,4,4,11,randomized,1,12,test,-0.006862640380859375,3,0,14,101,64
L4_W64_H4,1,test:d12:t3:prandomized:tree211:i120002,4,4,11,randomized,0,12,test,-0.011754989624023438,3,0,14,211,64
L4_W64_H4,0,test:d12:t3:prandomized:tree211:i120013,4,4,11,randomized,1,12,test,-0.04051017761230469,3,0,14,211,64
L4_W64_H4,1,test:d12:t3:prandomized:tree211:i120014,4,4,11,randomized,0,12,test,-0.013731002807617188,3,0,14,211,64
L4_W64_H4,0,test:d12:t3:prandomized:tree307:i120012,4,4,11,randomized,0,12,test,0.11966133117675781,3,1,14,307,64
L4_W64_H4,1,validation:d12:t0:prandomized:tree211:i120006,4,4,11,randomized,0,12,validation,0.07308387756347656,0,1,14,211,64
L4_W64_H4,1,validation:d12:t0:prandomized:tree211:i120011,4,4,11,randomized,1,12,validation,-0.04254722595214844,0,0,14,211,64
L4_W64_H4,1,validation:d12:t0:prandomized:tree307:i120002,4,4,11,randomized,0,12,validation,0.11517715454101562,0,1,14,307,64
L4_W64_H4,0,validation:d12:t0:prandomized:tree307:i120004,4,4,11,randomized,0,12,validation,0.010534286499023438,0,1,14,307,64
L4_W64_H4,1,validation:d12:t1:prandomized:tree211:i120006,4,4,11,randomized,0,12,validation,0.0724029541015625,1,1,14,211,64
L4_W64_H4,1,validation:d12:t1:prandomized:tree211:i120011,4,4,11,randomized,1,12,validation,-0.04187583923339844,1,0,14,211,64
L4_W64_H4,1,validation:d12:t1:prandomized:tree307:i120002,4,4,11,randomized,0,12,validation,0.11467170715332031,1,1,14,307,64
L4_W64_H4,0,validation:d12:t1:prandomized:tree307:i120004,4,4,11,randomized,0,12,validation,0.011281967163085938,1,1,14,307,64
L4_W64_H4,1,validation:d12:t2:prandomized:tree211:i120010,4,4,11,randomized,0,12,validation,0.047428131103515625,2,1,14,211,64
L4_W64_H4,1,validation:d12:t2:prandomized:tree211:i120011,4,4,11,randomized,1,12,validation,-0.04546546936035156,2,0,14,211,64
L4_W64_H4,0,validation:d12:t2:prandomized:tree307:i120008,4,4,11,randomized,0,12,validation,0.04179573059082031,2,1,14,307,64
L4_W64_H4,1,validation:d12:t3:prandomized:tree211:i120010,4,4,11,randomized,0,12,validation,0.049587249755859375,3,1,14,211,64
L4_W64_H4,1,validation:d12:t3:prandomized:tree211:i120011,4,4,11,randomized,1,12,validation,-0.04312705993652344,3,0,14,211,64
L4_W64_H4,0,validation:d12:t3:prandomized:tree307:i120008,4,4,11,randomized,0,12,validation,0.04244804382324219,3,1,14,307,64
L4_W64_H4,1,test:d12:t0:prandomized:tree211:i120006,4,4,11,randomized,0,12,test,0.09359359741210938,0,1,14,211,64
L4_W64_H4,1,test:d12:t0:prandomized:tree211:i120011,4,4,11,randomized,1,12,test,-0.03058624267578125,0,0,14,211,64
L4_W64_H4,1,test:d12:t0:prandomized:tree307:i120002,4,4,11,randomized,0,12,test,0.04026603698730469,0,1,14,307,64
L4_W64_H4,0,test:d12:t0:prandomized:tree307:i120004,4,4,11,randomized,0,12,test,-0.033542633056640625,0,0,14,307,64
L4_W64_H4,1,test:d12:t1:prandomized:tree211:i120006,4,4,11,randomized,0,12,test,0.09162139892578125,1,1,14,211,64
L4_W64_H4,1,test:d12:t1:prandomized:tree211:i120011,4,4,11,randomized,1,12,test,-0.028789520263671875,1,0,14,211,64
L4_W64_H4,1,test:d12:t1:prandomized:tree307:i120002,4,4,11,randomized,0,12,test,0.04048728942871094,1,1,14,307,64
L4_W64_H4,0,test:d12:t1:prandomized:tree307:i120004,4,4,11,randomized,0,12,test,-0.033740997314453125,1,0,14,307,64
L4_W64_H4,1,test:d12:t2:prandomized:tree211:i120010,4,4,11,randomized,0,12,test,-0.04680061340332031,2,0,14,211,64
L4_W64_H4,1,test:d12:t2:prandomized:tree211:i120011,4,4,11,randomized,1,12,test,-0.029926300048828125,2,0,14,211,64
L4_W64_H4,0,test:d12:t2:prandomized:tree307:i120008,4,4,11,randomized,0,12,test,-0.030111312866210938,2,0,14,307,64
L4_W64_H4,1,test:d12:t3:prandomized:tree211:i120010,4,4,11,randomized,0,12,test,-0.046077728271484375,3,0,14,211,64
L4_W64_H4,1,test:d12:t3:prandomized:tree211:i120011,4,4,11,randomized,1,12,test,-0.028165817260742188,3,0,14,211,64
L4_W64_H4,0,test:d12:t3:prandomized:tree307:i120008,4,4,11,randomized,0,12,test,-0.028589248657226562,3,0,14,307,64
L4_W64_H4,1,validation:d12:t0:prandomized:tree101:i120006,4,4,11,randomized,0,12,validation,0.0075206756591796875,0,1,14,101,64
L4_W64_H4,1,validation:d12:t0:prandomized:tree101:i120011,4,4,11,randomized,1,12,validation,0.010013580322265625,0,1,14,101,64
L4_W64_H4,1,validation:d12:t0:prandomized:tree101:i120014,4,4,11,randomized,0,12,validation,0.03944587707519531,0,1,14,101,64
L4_W64_H4,0,validation:d12:t0:prandomized:tree211:i120000,4,4,11,randomized,0,12,validation,-0.027191162109375,0,0,14,211,64
L4_W64_H4,1,validation:d12:t0:prandomized:tree211:i120007,4,4,11,randomized,1,12,validation,-0.01793670654296875,0,0,14,211,64
L4_W64_H4,1,validation:d12:t0:prandomized:tree211:i120010,4,4,11,randomized,0,12,validation,0.03569221496582031,0,1,14,211,64
L4_W64_H4,0,validation:d12:t0:prandomized:tree211:i120012,4,4,11,randomized,0,12,validation,-0.0006885528564453125,0,0,14,211,64
L4_W64_H4,1,validation:d12:t0:prandomized:tree211:i120015,4,4,11,randomized,1,12,validation,-0.04758644104003906,0,0,14,211,64
L4_W64_H4,1,validation:d12:t0:prandomized:tree307:i120003,4,4,11,randomized,1,12,validation,-0.0168609619140625,0,0,14,307,64
L4_W64_H4,1,validation:d12:t0:prandomized:tree307:i120006,4,4,11,randomized,0,12,validation,-0.0003261566162109375,0,0,14,307,64
L4_W64_H4,1,validation:d12:t1:prandomized:tree101:i120006,4,4,11,randomized,0,12,validation,0.011144638061523438,1,1,14,101,64
L4_W64_H4,1,validation:d12:t1:prandomized:tree101:i120011,4,4,11,randomized,1,12,validation,0.0038127899169921875,1,1,14,101,64
L4_W64_H4,1,validation:d12:t1:prandomized:tree101:i120014,4,4,11,randomized,0,12,validation,0.040210723876953125,1,1,14,101,64
L4_W64_H4,0,validation:d12:t1:prandomized:tree211:i120000,4,4,11,randomized,0,12,validation,-0.024997711181640625,1,0,14,211,64
L4_W64_H4,1,validation:d12:t1:prandomized:tree211:i120007,4,4,11,randomized,1,12,validation,-0.01541900634765625,1,0,14,211,64
L4_W64_H4,1,validation:d12:t1:prandomized:tree211:i120010,4,4,11,randomized,0,12,validation,0.033649444580078125,1,1,14,211,64
L4_W64_H4,0,validation:d12:t1:prandomized:tree211:i120012,4,4,11,randomized,0,12,validation,0.00208282470703125,1,1,14,211,64
L4_W64_H4,1,validation:d12:t1:prandomized:tree211:i120015,4,4,11,randomized,1,12,validation,-0.05078315734863281,1,0,14,211,64
L4_W64_H4,1,validation:d12:t1:prandomized:tree307:i120003,4,4,11,randomized,1,12,validation,-0.019002914428710938,1,0,14,307,64
L4_W64_H4,1,validation:d12:t1:prandomized:tree307:i120006,4,4,11,randomized,0,12,validation,-0.0035343170166015625,1,0,14,307,64
L4_W64_H4,0,validation:d12:t2:prandomized:tree101:i120008,4,4,11,randomized,0,12,validation,0.018835067749023438,2,1,14,101,64
L4_W64_H4,0,validation:d12:t2:prandomized:tree211:i120000,4,4,11,randomized,0,12,validation,-0.02703857421875,2,0,14,211,64
L4_W64_H4,0,validation:d12:t2:prandomized:tree211:i120004,4,4,11,randomized,0,12,validation,0.06697845458984375,2,1,14,211,64
L4_W64_H4,0,validation:d12:t2:prandomized:tree211:i120012,4,4,11,randomized,0,12,validation,-0.0002841949462890625,2,0,14,211,64
L4_W64_H4,0,validation:d12:t3:prandomized:tree101:i120008,4,4,11,randomized,0,12,validation,0.018239974975585938,3,1,14,101,64
L4_W64_H4,0,validation:d12:t3:prandomized:tree211:i120000,4,4,11,randomized,0,12,validation,-0.023406982421875,3,0,14,211,64
L4_W64_H4,0,validation:d12:t3:prandomized:tree211:i120004,4,4,11,randomized,0,12,validation,0.0666046142578125,3,1,14,211,64
L4_W64_H4,0,validation:d12:t3:prandomized:tree211:i120012,4,4,11,randomized,0,12,validation,-0.000102996826171875,3,0,14,211,64
L4_W64_H4,1,test:d12:t0:prandomized:tree101:i120006,4,4,11,randomized,0,12,test,0.01818084716796875,0,1,14,101,64
L4_W64_H4,1,test:d12:t0:prandomized:tree101:i120011,4,4,11,randomized,1,12,test,-0.006023406982421875,0,0,14,101,64
L4_W64_H4,1,test:d12:t0:prandomized:tree101:i120014,4,4,11,randomized,0,12,test,-0.012607574462890625,0,0,14,101,64
L4_W64_H4,0,test:d12:t0:prandomized:tree211:i120000,4,4,11,randomized,0,12,test,-0.0349884033203125,0,0,14,211,64
L4_W64_H4,1,test:d12:t0:prandomized:tree211:i120007,4,4,11,randomized,1,12,test,-0.00289154052734375,0,0,14,211,64
L4_W64_H4,1,test:d12:t0:prandomized:tree211:i120010,4,4,11,randomized,0,12,test,-0.051616668701171875,0,0,14,211,64
L4_W64_H4,0,test:d12:t0:prandomized:tree211:i120012,4,4,11,randomized,0,12,test,0.11345291137695312,0,1,14,211,64
L4_W64_H4,1,test:d12:t0:prandomized:tree211:i120015,4,4,11,randomized,1,12,test,-0.08395004272460938,0,0,14,211,64
L4_W64_H4,1,test:d12:t0:prandomized:tree307:i120003,4,4,11,randomized,1,12,test,-0.00115203857421875,0,0,14,307,64
L4_W64_H4,1,test:d12:t0:prandomized:tree307:i120006,4,4,11,randomized,0,12,test,0.011953353881835938,0,1,14,307,64
L4_W64_H4,1,test:d12:t1:prandomized:tree101:i120006,4,4,11,randomized,0,12,test,0.017820358276367188,1,1,14,101,64
L4_W64_H4,1,test:d12:t1:prandomized:tree101:i120011,4,4,11,randomized,1,12,test,-0.0052127838134765625,1,0,14,101,64
L4_W64_H4,1,test:d12:t1:prandomized:tree101:i120014,4,4,11,randomized,0,12,test,-0.017240524291992188,1,0,14,101,64
L4_W64_H4,0,test:d12:t1:prandomized:tree211:i120000,4,4,11,randomized,0,12,test,-0.031124114990234375,1,0,14,211,64
L4_W64_H4,1,test:d12:t1:prandomized:tree211:i120007,4,4,11,randomized,1,12,test,-0.000885009765625,1,0,14,211,64
L4_W64_H4,1,test:d12:t1:prandomized:tree211:i120010,4,4,11,randomized,0,12,test,-0.05927848815917969,1,0,14,211,64
L4_W64_H4,0,test:d12:t1:prandomized:tree211:i120012,4,4,11,randomized,0,12,test,0.11527824401855469,1,1,14,211,64
L4_W64_H4,1,test:d12:t1:prandomized:tree211:i120015,4,4,11,randomized,1,12,test,-0.08316993713378906,1,0,14,211,64
L4_W64_H4,1,test:d12:t1:prandomized:tree307:i120003,4,4,11,randomized,1,12,test,0.0001239776611328125,1,1,14,307,64
L4_W64_H4,1,test:d12:t1:prandomized:tree307:i120006,4,4,11,randomized,0,12,test,0.013492584228515625,1,1,14,307,64
L4_W64_H4,0,test:d12:t2:prandomized:tree101:i120008,4,4,11,randomized,0,12,test,-0.022853851318359375,2,0,14,101,64
L4_W64_H4,0,test:d12:t2:prandomized:tree211:i120000,4,4,11,randomized,0,12,test,-0.0328521728515625,2,0,14,211,64
L4_W64_H4,0,test:d12:t2:prandomized:tree211:i120004,4,4,11,randomized,0,12,test,0.13678550720214844,2,1,14,211,64
L4_W64_H4,0,test:d12:t2:prandomized:tree211:i120012,4,4,11,randomized,0,12,test,0.11485099792480469,2,1,14,211,64
L4_W64_H4,0,test:d12:t3:prandomized:tree101:i120008,4,4,11,randomized,0,12,test,-0.014982223510742188,3,0,14,101,64
L4_W64_H4,0,test:d12:t3:prandomized:tree211:i120000,4,4,11,randomized,0,12,test,-0.0304107666015625,3,0,14,211,64
L4_W64_H4,0,test:d12:t3:prandomized:tree211:i120004,4,4,11,randomized,0,12,test,0.1368408203125,3,1,14,211,64
L4_W64_H4,0,test:d12:t3:prandomized:tree211:i120012,4,4,11,randomized,0,12,test,0.11529350280761719,3,1,14,211,64
L4_W64_H4,1,validation:d12:t0:prandomized:tree101:i120007,4,4,11,randomized,1,12,validation,-0.015634536743164062,0,0,14,101,64
L4_W64_H4,1,validation:d12:t0:prandomized:tree101:i120010,4,4,11,randomized,0,12,validation,0.08552169799804688,0,1,14,101,64
L4_W64_H4,1,validation:d12:t0:prandomized:tree211:i120002,4,4,11,randomized,0,12,validation,0.05401039123535156,0,1,14,211,64
L4_W64_H4,0,validation:d12:t0:prandomized:tree211:i120009,4,4,11,randomized,1,12,validation,-0.026592254638671875,0,0,14,211,64
L4_W64_H4,0,validation:d12:t0:prandomized:tree307:i120008,4,4,11,randomized,0,12,validation,0.019731521606445312,0,1,14,307,64
L4_W64_H4,0,validation:d12:t0:prandomized:tree307:i120012,4,4,11,randomized,0,12,validation,-0.0068035125732421875,0,0,14,307,64
L4_W64_H4,0,validation:d12:t0:prandomized:tree307:i120013,4,4,11,randomized,1,12,validation,-0.014028549194335938,0,0,14,307,64
L4_W64_H4,1,validation:d12:t1:prandomized:tree101:i120007,4,4,11,randomized,1,12,validation,-0.015901565551757812,1,0,14,101,64
L4_W64_H4,1,validation:d12:t1:prandomized:tree101:i120010,4,4,11,randomized,0,12,validation,0.08727455139160156,1,1,14,101,64
L4_W64_H4,1,validation:d12:t1:prandomized:tree211:i120002,4,4,11,randomized,0,12,validation,0.054340362548828125,1,1,14,211,64
L4_W64_H4,0,validation:d12:t1:prandomized:tree211:i120009,4,4,11,randomized,1,12,validation,-0.028814315795898438,1,0,14,211,64
L4_W64_H4,0,validation:d12:t1:prandomized:tree307:i120008,4,4,11,randomized,0,12,validation,0.020782470703125,1,1,14,307,64
L4_W64_H4,0,validation:d12:t1:prandomized:tree307:i120012,4,4,11,randomized,0,12,validation,-0.0046825408935546875,1,0,14,307,64
L4_W64_H4,0,validation:d12:t1:prandomized:tree307:i120013,4,4,11,randomized,1,12,validation,-0.01351165771484375,1,0,14,307,64
L4_W64_H4,1,validation:d12:t2:prandomized:tree101:i120014,4,4,11,randomized,0,12,validation,0.031810760498046875,2,1,14,101,64
L4_W64_H4,0,validation:d12:t2:prandomized:tree211:i120009,4,4,11,randomized,1,12,validation,-0.024229049682617188,2,0,14,211,64
L4_W64_H4,1,validation:d12:t2:prandomized:tree211:i120015,4,4,11,randomized,1,12,validation,-0.041500091552734375,2,0,14,211,64
L4_W64_H4,1,validation:d12:t2:prandomized:tree307:i120002,4,4,11,randomized,0,12,validation,0.09847259521484375,2,1,14,307,64
L4_W64_H4,1,validation:d12:t2:prandomized:tree307:i120003,4,4,11,randomized,1,12,validation,-0.008115768432617188,2,0,14,307,64
L4_W64_H4,1,validation:d12:t2:prandomized:tree307:i120006,4,4,11,randomized,0,12,validation,-0.02182769775390625,2,0,14,307,64
L4_W64_H4,1,validation:d12:t2:prandomized:tree307:i120015,4,4,11,randomized,1,12,validation,0.008213043212890625,2,1,14,307,64
L4_W64_H4,1,validation:d12:t3:prandomized:tree101:i120014,4,4,11,randomized,0,12,validation,0.030935287475585938,3,1,14,101,64
L4_W64_H4,0,validation:d12:t3:prandomized:tree211:i120009,4,4,11,randomized,1,12,validation,-0.0244903564453125,3,0,14,211,64
L4_W64_H4,1,validation:d12:t3:prandomized:tree211:i120015,4,4,11,randomized,1,12,validation,-0.04072761535644531,3,0,14,211,64
L4_W64_H4,1,validation:d12:t3:prandomized:tree307:i120002,4,4,11,randomized,0,12,validation,0.0951690673828125,3,1,14,307,64
L4_W64_H4,1,validation:d12:t3:prandomized:tree307:i120003,4,4,11,randomized,1,12,validation,-0.00922393798828125,3,0,14,307,64
L4_W64_H4,1,validation:d12:t3:prandomized:tree307:i120006,4,4,11,randomized,0,12,validation,-0.016088485717773438,3,0,14,307,64
L4_W64_H4,1,validation:d12:t3:prandomized:tree307:i120015,4,4,11,randomized,1,12,validation,0.01161956787109375,3,1,14,307,64
L4_W64_H4,1,test:d12:t0:prandomized:tree101:i120007,4,4,11,randomized,1,12,test,-0.04738807678222656,0,0,14,101,64
L4_W64_H4,1,test:d12:t0:prandomized:tree101:i120010,4,4,11,randomized,0,12,test,0.04244232177734375,0,1,14,101,64
L4_W64_H4,1,test:d12:t0:prandomized:tree211:i120002,4,4,11,randomized,0,12,test,-0.03881645202636719,0,0,14,211,64
L4_W64_H4,0,test:d12:t0:prandomized:tree211:i120009,4,4,11,randomized,1,12,test,0.06840705871582031,0,1,14,211,64
L4_W64_H4,0,test:d12:t0:prandomized:tree307:i120008,4,4,11,randomized,0,12,test,-0.05385017395019531,0,0,14,307,64
L4_W64_H4,0,test:d12:t0:prandomized:tree307:i120012,4,4,11,randomized,0,12,test,0.08387184143066406,0,1,14,307,64
L4_W64_H4,0,test:d12:t0:prandomized:tree307:i120013,4,4,11,randomized,1,12,test,-0.04950523376464844,0,0,14,307,64
L4_W64_H4,1,test:d12:t1:prandomized:tree101:i120007,4,4,11,randomized,1,12,test,-0.0495758056640625,1,0,14,101,64
L4_W64_H4,1,test:d12:t1:prandomized:tree101:i120010,4,4,11,randomized,0,12,test,0.040435791015625,1,1,14,101,64
L4_W64_H4,1,test:d12:t1:prandomized:tree211:i120002,4,4,11,randomized,0,12,test,-0.041423797607421875,1,0,14,211,64
L4_W64_H4,0,test:d12:t1:prandomized:tree211:i120009,4,4,11,randomized,1,12,test,0.06892776489257812,1,1,14,211,64
L4_W64_H4,0,test:d12:t1:prandomized:tree307:i120008,4,4,11,randomized,0,12,test,-0.05216407775878906,1,0,14,307,64
L4_W64_H4,0,test:d12:t1:prandomized:tree307:i120012,4,4,11,randomized,0,12,test,0.0832366943359375,1,1,14,307,64
L4_W64_H4,0,test:d12:t1:prandomized:tree307:i120013,4,4,11,randomized,1,12,test,-0.04908943176269531,1,0,14,307,64
L4_W64_H4,1,test:d12:t2:prandomized:tree101:i120014,4,4,11,randomized,0,12,test,-0.020547866821289062,2,0,14,101,64
L4_W64_H4,0,test:d12:t2:prandomized:tree211:i120009,4,4,11,randomized,1,12,test,0.06632232666015625,2,1,14,211,64
L4_W64_H4,1,test:d12:t2:prandomized:tree211:i120015,4,4,11,randomized,1,12,test,-0.07353782653808594,2,0,14,211,64
L4_W64_H4,1,test:d12:t2:prandomized:tree307:i120002,4,4,11,randomized,0,12,test,0.021862030029296875,2,1,14,307,64
L4_W64_H4,1,test:d12:t2:prandomized:tree307:i120003,4,4,11,randomized,1,12,test,0.007495880126953125,2,1,14,307,64
L4_W64_H4,1,test:d12:t2:prandomized:tree307:i120006,4,4,11,randomized,0,12,test,0.0019741058349609375,2,1,14,307,64
L4_W64_H4,1,test:d12:t2:prandomized:tree307:i120015,4,4,11,randomized,1,12,test,-0.10678291320800781,2,0,14,307,64
L4_W64_H4,1,test:d12:t3:prandomized:tree101:i120014,4,4,11,randomized,0,12,test,-0.018491744995117188,3,0,14,101,64
L4_W64_H4,0,test:d12:t3:prandomized:tree211:i120009,4,4,11,randomized,1,12,test,0.05888938903808594,3,1,14,211,64
L4_W64_H4,1,test:d12:t3:prandomized:tree211:i120015,4,4,11,randomized,1,12,test,-0.07346343994140625,3,0,14,211,64
L4_W64_H4,1,test:d12:t3:prandomized:tree307:i120002,4,4,11,randomized,0,12,test,0.0187225341796875,3,1,14,307,64
L4_W64_H4,1,test:d12:t3:prandomized:tree307:i120003,4,4,11,randomized,1,12,test,0.007917404174804688,3,1,14,307,64
L4_W64_H4,1,test:d12:t3:prandomized:tree307:i120006,4,4,11,randomized,0,12,test,0.003376007080078125,3,1,14,307,64
L4_W64_H4,1,test:d12:t3:prandomized:tree307:i120015,4,4,11,randomized,1,12,test,-0.10694503784179688,3,0,14,307,64
L4_W64_H4,0,validation:d12:t0:prandomized:tree101:i120004,4,4,11,randomized,0,12,validation,0.08210563659667969,0,1,14,101,64
L4_W64_H4,0,validation:d12:t0:prandomized:tree101:i120013,4,4,11,randomized,1,12,validation,-0.018095016479492188,0,0,14,101,64
L4_W64_H4,1,validation:d12:t0:prandomized:tree211:i120014,4,4,11,randomized,0,12,validation,0.0061626434326171875,0,1,14,211,64
L4_W64_H4,0,validation:d12:t0:prandomized:tree307:i120009,4,4,11,randomized,1,12,validation,-0.04532623291015625,0,0,14,307,64
L4_W64_H4,1,validation:d12:t0:prandomized:tree307:i120015,4,4,11,randomized,1,12,validation,0.0116119384765625,0,1,14,307,64
L4_W64_H4,0,validation:d12:t1:prandomized:tree101:i120004,4,4,11,randomized,0,12,validation,0.08038330078125,1,1,14,101,64
L4_W64_H4,0,validation:d12:t1:prandomized:tree101:i120013,4,4,11,randomized,1,12,validation,-0.016408920288085938,1,0,14,101,64
L4_W64_H4,1,validation:d12:t1:prandomized:tree211:i120014,4,4,11,randomized,0,12,validation,0.0074634552001953125,1,1,14,211,64
L4_W64_H4,0,validation:d12:t1:prandomized:tree307:i120009,4,4,11,randomized,1,12,validation,-0.04294013977050781,1,0,14,307,64
L4_W64_H4,1,validation:d12:t1:prandomized:tree307:i120015,4,4,11,randomized,1,12,validation,0.007905960083007812,1,1,14,307,64
L4_W64_H4,0,validation:d12:t2:prandomized:tree101:i120001,4,4,11,randomized,1,12,validation,-0.1046600341796875,2,0,14,101,64
L4_W64_H4,1,validation:d12:t2:prandomized:tree101:i120002,4,4,11,randomized,0,12,validation,0.1081390380859375,2,1,14,101,64
L4_W64_H4,1,validation:d12:t2:prandomized:tree101:i120007,4,4,11,randomized,1,12,validation,-0.015001296997070312,2,0,14,101,64
L4_W64_H4,0,validation:d12:t2:prandomized:tree101:i120009,4,4,11,randomized,1,12,validation,0.04110145568847656,2,1,14,101,64
L4_W64_H4,0,validation:d12:t2:prandomized:tree101:i120012,4,4,11,randomized,0,12,validation,0.03357505798339844,2,1,14,101,64
L4_W64_H4,0,validation:d12:t2:prandomized:tree211:i120001,4,4,11,randomized,1,12,validation,-0.027517318725585938,2,0,14,211,64
L4_W64_H4,0,validation:d12:t2:prandomized:tree307:i120004,4,4,11,randomized,0,12,validation,-0.015499114990234375,2,0,14,307,64
L4_W64_H4,0,validation:d12:t3:prandomized:tree101:i120001,4,4,11,randomized,1,12,validation,-0.09918785095214844,3,0,14,101,64
L4_W64_H4,1,validation:d12:t3:prandomized:tree101:i120002,4,4,11,randomized,0,12,validation,0.10735702514648438,3,1,14,101,64
L4_W64_H4,1,validation:d12:t3:prandomized:tree101:i120007,4,4,11,randomized,1,12,validation,-0.01371002197265625,3,0,14,101,64
L4_W64_H4,0,validation:d12:t3:prandomized:tree101:i120009,4,4,11,randomized,1,12,validation,0.040241241455078125,3,1,14,101,64
L4_W64_H4,0,validation:d12:t3:prandomized:tree101:i120012,4,4,11,randomized,0,12,validation,0.032779693603515625,3,1,14,101,64
L4_W64_H4,0,validation:d12:t3:prandomized:tree211:i120001,4,4,11,randomized,1,12,validation,-0.028717041015625,3,0,14,211,64
L4_W64_H4,0,validation:d12:t3:prandomized:tree307:i120004,4,4,11,randomized,0,12,validation,-0.017431259155273438,3,0,14,307,64
L4_W64_H4,0,test:d12:t0:prandomized:tree101:i120004,4,4,11,randomized,0,12,test,0.07868576049804688,0,1,14,101,64
L4_W64_H4,0,test:d12:t0:prandomized:tree101:i120013,4,4,11,randomized,1,12,test,-0.005664825439453125,0,0,14,101,64
L4_W64_H4,1,test:d12:t0:prandomized:tree211:i120014,4,4,11,randomized,0,12,test,-0.05349540710449219,0,0,14,211,64
L4_W64_H4,0,test:d12:t0:prandomized:tree307:i120009,4,4,11,randomized,1,12,test,-0.028469085693359375,0,0,14,307,64
L4_W64_H4,1,test:d12:t0:prandomized:tree307:i120015,4,4,11,randomized,1,12,test,-0.10485649108886719,0,0,14,307,64
L4_W64_H4,0,test:d12:t1:prandomized:tree101:i120004,4,4,11,randomized,0,12,test,0.077667236328125,1,1,14,101,64
L4_W64_H4,0,test:d12:t1:prandomized:tree101:i120013,4,4,11,randomized,1,12,test,-0.004459381103515625,1,0,14,101,64
L4_W64_H4,1,test:d12:t1:prandomized:tree211:i120014,4,4,11,randomized,0,12,test,-0.048725128173828125,1,0,14,211,64
L4_W64_H4,0,test:d12:t1:prandomized:tree307:i120009,4,4,11,randomized,1,12,test,-0.02874755859375,1,0,14,307,64
L4_W64_H4,1,test:d12:t1:prandomized:tree307:i120015,4,4,11,randomized,1,12,test,-0.10432243347167969,1,0,14,307,64
L4_W64_H4,0,test:d12:t2:prandomized:tree101:i120001,4,4,11,randomized,1,12,test,-0.059780120849609375,2,0,14,101,64
L4_W64_H4,1,test:d12:t2:prandomized:tree101:i120002,4,4,11,randomized,0,12,test,0.023664474487304688,2,1,14,101,64
L4_W64_H4,1,test:d12:t2:prandomized:tree101:i120007,4,4,11,randomized,1,12,test,-0.04672050476074219,2,0,14,101,64
L4_W64_H4,0,test:d12:t2:prandomized:tree101:i120009,4,4,11,randomized,1,12,test,0.0449676513671875,2,1,14,101,64
L4_W64_H4,0,test:d12:t2:prandomized:tree101:i120012,4,4,11,randomized,0,12,test,0.031162261962890625,2,1,14,101,64
L4_W64_H4,0,test:d12:t2:prandomized:tree211:i120001,4,4,11,randomized,1,12,test,-0.06952667236328125,2,0,14,211,64
L4_W64_H4,0,test:d12:t2:prandomized:tree307:i120004,4,4,11,randomized,0,12,test,-0.052051544189453125,2,0,14,307,64
L4_W64_H4,0,test:d12:t3:prandomized:tree101:i120001,4,4,11,randomized,1,12,test,-0.06215095520019531,3,0,14,101,64
L4_W64_H4,1,test:d12:t3:prandomized:tree101:i120002,4,4,11,randomized,0,12,test,0.02193450927734375,3,1,14,101,64
L4_W64_H4,1,test:d12:t3:prandomized:tree101:i120007,4,4,11,randomized,1,12,test,-0.048313140869140625,3,0,14,101,64
L4_W64_H4,0,test:d12:t3:prandomized:tree101:i120009,4,4,11,randomized,1,12,test,0.040630340576171875,3,1,14,101,64
L4_W64_H4,0,test:d12:t3:prandomized:tree101:i120012,4,4,11,randomized,0,12,test,0.029935836791992188,3,1,14,101,64
L4_W64_H4,0,test:d12:t3:prandomized:tree211:i120001,4,4,11,randomized,1,12,test,-0.06922340393066406,3,0,14,211,64
L4_W64_H4,0,test:d12:t3:prandomized:tree307:i120004,4,4,11,randomized,0,12,test,-0.052398681640625,3,0,14,307,64
L4_W64_H4,0,validation:d16:t0:paligned:tree101:i160000,4,4,11,aligned,0,16,validation,0.03223609924316406,0,1,18,101,64
L4_W64_H4,0,validation:d16:t0:paligned:tree101:i160001,4,4,11,aligned,1,16,validation,-0.01715850830078125,0,0,18,101,64
L4_W64_H4,1,validation:d16:t0:paligned:tree101:i160002,4,4,11,aligned,0,16,validation,-0.015960693359375,0,0,18,101,64
L4_W64_H4,1,validation:d16:t0:paligned:tree101:i160003,4,4,11,aligned,1,16,validation,-0.034046173095703125,0,0,18,101,64
L4_W64_H4,0,validation:d16:t0:paligned:tree101:i160004,4,4,11,aligned,0,16,validation,-0.018163681030273438,0,0,18,101,64
L4_W64_H4,0,validation:d16:t0:paligned:tree101:i160005,4,4,11,aligned,1,16,validation,-0.030019760131835938,0,0,18,101,64
L4_W64_H4,1,validation:d16:t0:paligned:tree101:i160006,4,4,11,aligned,0,16,validation,0.0053272247314453125,0,1,18,101,64
L4_W64_H4,1,validation:d16:t0:paligned:tree101:i160007,4,4,11,aligned,1,16,validation,0.036212921142578125,0,1,18,101,64
L4_W64_H4,0,validation:d16:t0:paligned:tree101:i160008,4,4,11,aligned,0,16,validation,0.13932418823242188,0,1,18,101,64
L4_W64_H4,0,validation:d16:t0:paligned:tree101:i160009,4,4,11,aligned,1,16,validation,0.019262313842773438,0,1,18,101,64
L4_W64_H4,1,validation:d16:t0:paligned:tree101:i160010,4,4,11,aligned,0,16,validation,-0.0053081512451171875,0,0,18,101,64
L4_W64_H4,1,validation:d16:t0:paligned:tree101:i160011,4,4,11,aligned,1,16,validation,0.04744148254394531,0,1,18,101,64
L4_W64_H4,0,validation:d16:t0:paligned:tree101:i160012,4,4,11,aligned,0,16,validation,0.08148384094238281,0,1,18,101,64
L4_W64_H4,0,validation:d16:t0:paligned:tree101:i160013,4,4,11,aligned,1,16,validation,-0.051601409912109375,0,0,18,101,64
L4_W64_H4,1,validation:d16:t0:paligned:tree101:i160014,4,4,11,aligned,0,16,validation,-0.004791259765625,0,0,18,101,64
L4_W64_H4,1,validation:d16:t0:paligned:tree101:i160015,4,4,11,aligned,1,16,validation,0.01259613037109375,0,1,18,101,64
L4_W64_H4,0,validation:d16:t0:paligned:tree211:i160000,4,4,11,aligned,0,16,validation,-0.012851715087890625,0,0,18,211,64
L4_W64_H4,0,validation:d16:t0:paligned:tree211:i160001,4,4,11,aligned,1,16,validation,0.019344329833984375,0,1,18,211,64
L4_W64_H4,1,validation:d16:t0:paligned:tree211:i160002,4,4,11,aligned,0,16,validation,0.034587860107421875,0,1,18,211,64
L4_W64_H4,1,validation:d16:t0:paligned:tree211:i160003,4,4,11,aligned,1,16,validation,0.0032291412353515625,0,1,18,211,64
L4_W64_H4,0,validation:d16:t0:paligned:tree211:i160004,4,4,11,aligned,0,16,validation,0.0059413909912109375,0,1,18,211,64
L4_W64_H4,0,validation:d16:t0:paligned:tree211:i160005,4,4,11,aligned,1,16,validation,-0.05805015563964844,0,0,18,211,64
L4_W64_H4,1,validation:d16:t0:paligned:tree211:i160006,4,4,11,aligned,0,16,validation,0.05544471740722656,0,1,18,211,64
L4_W64_H4,1,validation:d16:t0:paligned:tree211:i160007,4,4,11,aligned,1,16,validation,-0.0069789886474609375,0,0,18,211,64
L4_W64_H4,0,validation:d16:t0:paligned:tree211:i160008,4,4,11,aligned,0,16,validation,-0.03545379638671875,0,0,18,211,64
L4_W64_H4,0,validation:d16:t0:paligned:tree211:i160009,4,4,11,aligned,1,16,validation,0.030828475952148438,0,1,18,211,64
L4_W64_H4,1,validation:d16:t0:paligned:tree211:i160010,4,4,11,aligned,0,16,validation,0.03679656982421875,0,1,18,211,64
L4_W64_H4,1,validation:d16:t0:paligned:tree211:i160011,4,4,11,aligned,1,16,validation,-0.03621673583984375,0,0,18,211,64
L4_W64_H4,0,validation:d16:t0:paligned:tree211:i160012,4,4,11,aligned,0,16,validation,-0.008579254150390625,0,0,18,211,64
L4_W64_H4,0,validation:d16:t0:paligned:tree211:i160013,4,4,11,aligned,1,16,validation,0.053936004638671875,0,1,18,211,64
L4_W64_H4,1,validation:d16:t0:paligned:tree211:i160014,4,4,11,aligned,0,16,validation,0.015665054321289062,0,1,18,211,64
L4_W64_H4,1,validation:d16:t0:paligned:tree211:i160015,4,4,11,aligned,1,16,validation,0.05165863037109375,0,1,18,211,64
L4_W64_H4,0,validation:d16:t0:paligned:tree307:i160000,4,4,11,aligned,0,16,validation,0.018384933471679688,0,1,18,307,64
L4_W64_H4,0,validation:d16:t0:paligned:tree307:i160001,4,4,11,aligned,1,16,validation,0.03166389465332031,0,1,18,307,64
L4_W64_H4,1,validation:d16:t0:paligned:tree307:i160002,4,4,11,aligned,0,16,validation,-0.0015659332275390625,0,0,18,307,64
L4_W64_H4,1,validation:d16:t0:paligned:tree307:i160003,4,4,11,aligned,1,16,validation,-0.0031261444091796875,0,0,18,307,64
L4_W64_H4,0,validation:d16:t0:paligned:tree307:i160004,4,4,11,aligned,0,16,validation,0.053539276123046875,0,1,18,307,64
L4_W64_H4,0,validation:d16:t0:paligned:tree307:i160005,4,4,11,aligned,1,16,validation,0.01717376708984375,0,1,18,307,64
L4_W64_H4,1,validation:d16:t0:paligned:tree307:i160006,4,4,11,aligned,0,16,validation,0.0629119873046875,0,1,18,307,64
L4_W64_H4,1,validation:d16:t0:paligned:tree307:i160007,4,4,11,aligned,1,16,validation,-0.0806427001953125,0,0,18,307,64
L4_W64_H4,0,validation:d16:t0:paligned:tree307:i160008,4,4,11,aligned,0,16,validation,-0.04854583740234375,0,0,18,307,64
L4_W64_H4,0,validation:d16:t0:paligned:tree307:i160009,4,4,11,aligned,1,16,validation,-0.05043792724609375,0,0,18,307,64
L4_W64_H4,1,validation:d16:t0:paligned:tree307:i160010,4,4,11,aligned,0,16,validation,-0.04798316955566406,0,0,18,307,64
L4_W64_H4,1,validation:d16:t0:paligned:tree307:i160011,4,4,11,aligned,1,16,validation,-0.0356597900390625,0,0,18,307,64
L4_W64_H4,0,validation:d16:t0:paligned:tree307:i160012,4,4,11,aligned,0,16,validation,0.093658447265625,0,1,18,307,64
L4_W64_H4,0,validation:d16:t0:paligned:tree307:i160013,4,4,11,aligned,1,16,validation,-0.03378486633300781,0,0,18,307,64
L4_W64_H4,1,validation:d16:t0:paligned:tree307:i160014,4,4,11,aligned,0,16,validation,0.06813621520996094,0,1,18,307,64
L4_W64_H4,1,validation:d16:t0:paligned:tree307:i160015,4,4,11,aligned,1,16,validation,-0.062175750732421875,0,0,18,307,64
L4_W64_H4,1,validation:d16:t0:prandomized:tree101:i160003,4,4,11,randomized,1,16,validation,-0.034046173095703125,0,0,18,101,64
L4_W64_H4,0,validation:d16:t0:prandomized:tree101:i160009,4,4,11,randomized,1,16,validation,0.019262313842773438,0,1,18,101,64
L4_W64_H4,0,validation:d16:t0:prandomized:tree211:i160001,4,4,11,randomized,1,16,validation,0.019344329833984375,0,1,18,211,64
L4_W64_H4,0,validation:d16:t0:prandomized:tree211:i160008,4,4,11,randomized,0,16,validation,-0.03545379638671875,0,0,18,211,64
L4_W64_H4,1,validation:d16:t0:prandomized:tree211:i160014,4,4,11,randomized,0,16,validation,0.015665054321289062,0,1,18,211,64
L4_W64_H4,0,validation:d16:t0:prandomized:tree307:i160004,4,4,11,randomized,0,16,validation,0.053539276123046875,0,1,18,307,64
L4_W64_H4,0,validation:d16:t0:prandomized:tree307:i160005,4,4,11,randomized,1,16,validation,0.01717376708984375,0,1,18,307,64
L4_W64_H4,0,validation:d16:t1:paligned:tree101:i160000,4,4,11,aligned,0,16,validation,0.03302001953125,1,1,18,101,64
L4_W64_H4,0,validation:d16:t1:paligned:tree101:i160001,4,4,11,aligned,1,16,validation,-0.015460968017578125,1,0,18,101,64
L4_W64_H4,1,validation:d16:t1:paligned:tree101:i160002,4,4,11,aligned,0,16,validation,-0.016326904296875,1,0,18,101,64
L4_W64_H4,1,validation:d16:t1:paligned:tree101:i160003,4,4,11,aligned,1,16,validation,-0.03256416320800781,1,0,18,101,64
L4_W64_H4,0,validation:d16:t1:paligned:tree101:i160004,4,4,11,aligned,0,16,validation,-0.021343231201171875,1,0,18,101,64
L4_W64_H4,0,validation:d16:t1:paligned:tree101:i160005,4,4,11,aligned,1,16,validation,-0.029815673828125,1,0,18,101,64
L4_W64_H4,1,validation:d16:t1:paligned:tree101:i160006,4,4,11,aligned,0,16,validation,0.00467681884765625,1,1,18,101,64
L4_W64_H4,1,validation:d16:t1:paligned:tree101:i160007,4,4,11,aligned,1,16,validation,0.036800384521484375,1,1,18,101,64
L4_W64_H4,0,validation:d16:t1:paligned:tree101:i160008,4,4,11,aligned,0,16,validation,0.140472412109375,1,1,18,101,64
L4_W64_H4,0,validation:d16:t1:paligned:tree101:i160009,4,4,11,aligned,1,16,validation,0.01934051513671875,1,1,18,101,64
L4_W64_H4,1,validation:d16:t1:paligned:tree101:i160010,4,4,11,aligned,0,16,validation,-0.000347137451171875,1,0,18,101,64
L4_W64_H4,1,validation:d16:t1:paligned:tree101:i160011,4,4,11,aligned,1,16,validation,0.04858970642089844,1,1,18,101,64
L4_W64_H4,0,validation:d16:t1:paligned:tree101:i160012,4,4,11,aligned,0,16,validation,0.0794830322265625,1,1,18,101,64
L4_W64_H4,0,validation:d16:t1:paligned:tree101:i160013,4,4,11,aligned,1,16,validation,-0.050807952880859375,1,0,18,101,64
L4_W64_H4,1,validation:d16:t1:paligned:tree101:i160014,4,4,11,aligned,0,16,validation,-0.00180816650390625,1,0,18,101,64
L4_W64_H4,1,validation:d16:t1:paligned:tree101:i160015,4,4,11,aligned,1,16,validation,0.012073516845703125,1,1,18,101,64
L4_W64_H4,0,validation:d16:t1:paligned:tree211:i160000,4,4,11,aligned,0,16,validation,-0.013578414916992188,1,0,18,211,64
L4_W64_H4,0,validation:d16:t1:paligned:tree211:i160001,4,4,11,aligned,1,16,validation,0.022222518920898438,1,1,18,211,64
L4_W64_H4,1,validation:d16:t1:paligned:tree211:i160002,4,4,11,aligned,0,16,validation,0.03526496887207031,1,1,18,211,64
L4_W64_H4,1,validation:d16:t1:paligned:tree211:i160003,4,4,11,aligned,1,16,validation,-0.002323150634765625,1,0,18,211,64
L4_W64_H4,0,validation:d16:t1:paligned:tree211:i160004,4,4,11,aligned,0,16,validation,0.0040740966796875,1,1,18,211,64
L4_W64_H4,0,validation:d16:t1:paligned:tree211:i160005,4,4,11,aligned,1,16,validation,-0.056804656982421875,1,0,18,211,64
L4_W64_H4,1,validation:d16:t1:paligned:tree211:i160006,4,4,11,aligned,0,16,validation,0.055019378662109375,1,1,18,211,64
L4_W64_H4,1,validation:d16:t1:paligned:tree211:i160007,4,4,11,aligned,1,16,validation,-0.00685882568359375,1,0,18,211,64
L4_W64_H4,0,validation:d16:t1:paligned:tree211:i160008,4,4,11,aligned,0,16,validation,-0.03938865661621094,1,0,18,211,64
L4_W64_H4,0,validation:d16:t1:paligned:tree211:i160009,4,4,11,aligned,1,16,validation,0.032764434814453125,1,1,18,211,64
L4_W64_H4,1,validation:d16:t1:paligned:tree211:i160010,4,4,11,aligned,0,16,validation,0.03600502014160156,1,1,18,211,64
L4_W64_H4,1,validation:d16:t1:paligned:tree211:i160011,4,4,11,aligned,1,16,validation,-0.03532600402832031,1,0,18,211,64
L4_W64_H4,0,validation:d16:t1:paligned:tree211:i160012,4,4,11,aligned,0,16,validation,-0.008550643920898438,1,0,18,211,64
L4_W64_H4,0,validation:d16:t1:paligned:tree211:i160013,4,4,11,aligned,1,16,validation,0.05579566955566406,1,1,18,211,64
L4_W64_H4,1,validation:d16:t1:paligned:tree211:i160014,4,4,11,aligned,0,16,validation,0.01566314697265625,1,1,18,211,64
L4_W64_H4,1,validation:d16:t1:paligned:tree211:i160015,4,4,11,aligned,1,16,validation,0.05246162414550781,1,1,18,211,64
L4_W64_H4,0,validation:d16:t1:paligned:tree307:i160000,4,4,11,aligned,0,16,validation,0.0184478759765625,1,1,18,307,64
L4_W64_H4,0,validation:d16:t1:paligned:tree307:i160001,4,4,11,aligned,1,16,validation,0.02911376953125,1,1,18,307,64
L4_W64_H4,1,validation:d16:t1:paligned:tree307:i160002,4,4,11,aligned,0,16,validation,-0.004344940185546875,1,0,18,307,64
L4_W64_H4,1,validation:d16:t1:paligned:tree307:i160003,4,4,11,aligned,1,16,validation,-0.003265380859375,1,0,18,307,64
L4_W64_H4,0,validation:d16:t1:paligned:tree307:i160004,4,4,11,aligned,0,16,validation,0.05411338806152344,1,1,18,307,64
L4_W64_H4,0,validation:d16:t1:paligned:tree307:i160005,4,4,11,aligned,1,16,validation,0.020658493041992188,1,1,18,307,64
L4_W64_H4,1,validation:d16:t1:paligned:tree307:i160006,4,4,11,aligned,0,16,validation,0.06095123291015625,1,1,18,307,64
L4_W64_H4,1,validation:d16:t1:paligned:tree307:i160007,4,4,11,aligned,1,16,validation,-0.08204460144042969,1,0,18,307,64
L4_W64_H4,0,validation:d16:t1:paligned:tree307:i160008,4,4,11,aligned,0,16,validation,-0.04782295227050781,1,0,18,307,64
L4_W64_H4,0,validation:d16:t1:paligned:tree307:i160009,4,4,11,aligned,1,16,validation,-0.04886054992675781,1,0,18,307,64
L4_W64_H4,1,validation:d16:t1:paligned:tree307:i160010,4,4,11,aligned,0,16,validation,-0.04703712463378906,1,0,18,307,64
L4_W64_H4,1,validation:d16:t1:paligned:tree307:i160011,4,4,11,aligned,1,16,validation,-0.03459930419921875,1,0,18,307,64
L4_W64_H4,0,validation:d16:t1:paligned:tree307:i160012,4,4,11,aligned,0,16,validation,0.09310722351074219,1,1,18,307,64
L4_W64_H4,0,validation:d16:t1:paligned:tree307:i160013,4,4,11,aligned,1,16,validation,-0.03397941589355469,1,0,18,307,64
L4_W64_H4,1,validation:d16:t1:paligned:tree307:i160014,4,4,11,aligned,0,16,validation,0.06769371032714844,1,1,18,307,64
L4_W64_H4,1,validation:d16:t1:paligned:tree307:i160015,4,4,11,aligned,1,16,validation,-0.05980873107910156,1,0,18,307,64
L4_W64_H4,1,validation:d16:t1:prandomized:tree101:i160003,4,4,11,randomized,1,16,validation,-0.03256416320800781,1,0,18,101,64
L4_W64_H4,0,validation:d16:t1:prandomized:tree101:i160009,4,4,11,randomized,1,16,validation,0.019342422485351562,1,1,18,101,64
L4_W64_H4,0,validation:d16:t1:prandomized:tree211:i160001,4,4,11,randomized,1,16,validation,0.022222518920898438,1,1,18,211,64
L4_W64_H4,0,validation:d16:t1:prandomized:tree211:i160008,4,4,11,randomized,0,16,validation,-0.03938865661621094,1,0,18,211,64
L4_W64_H4,1,validation:d16:t1:prandomized:tree211:i160014,4,4,11,randomized,0,16,validation,0.015659332275390625,1,1,18,211,64
L4_W64_H4,0,validation:d16:t1:prandomized:tree307:i160004,4,4,11,randomized,0,16,validation,0.05411338806152344,1,1,18,307,64
L4_W64_H4,0,validation:d16:t1:prandomized:tree307:i160005,4,4,11,randomized,1,16,validation,0.020658493041992188,1,1,18,307,64
L4_W64_H4,0,validation:d16:t2:paligned:tree101:i160000,4,4,11,aligned,0,16,validation,0.03320503234863281,2,1,18,101,64
L4_W64_H4,0,validation:d16:t2:paligned:tree101:i160001,4,4,11,aligned,1,16,validation,-0.017194747924804688,2,0,18,101,64
L4_W64_H4,1,validation:d16:t2:paligned:tree101:i160002,4,4,11,aligned,0,16,validation,-0.015293121337890625,2,0,18,101,64
L4_W64_H4,1,validation:d16:t2:paligned:tree101:i160003,4,4,11,aligned,1,16,validation,-0.03366279602050781,2,0,18,101,64
L4_W64_H4,0,validation:d16:t2:paligned:tree101:i160004,4,4,11,aligned,0,16,validation,-0.019075393676757812,2,0,18,101,64
L4_W64_H4,0,validation:d16:t2:paligned:tree101:i160005,4,4,11,aligned,1,16,validation,-0.03172111511230469,2,0,18,101,64
L4_W64_H4,1,validation:d16:t2:paligned:tree101:i160006,4,4,11,aligned,0,16,validation,0.005123138427734375,2,1,18,101,64
L4_W64_H4,1,validation:d16:t2:paligned:tree101:i160007,4,4,11,aligned,1,16,validation,0.03638648986816406,2,1,18,101,64
L4_W64_H4,0,validation:d16:t2:paligned:tree101:i160008,4,4,11,aligned,0,16,validation,0.13809585571289062,2,1,18,101,64
L4_W64_H4,0,validation:d16:t2:paligned:tree101:i160009,4,4,11,aligned,1,16,validation,0.019483566284179688,2,1,18,101,64
L4_W64_H4,1,validation:d16:t2:paligned:tree101:i160010,4,4,11,aligned,0,16,validation,-0.0036468505859375,2,0,18,101,64
L4_W64_H4,1,validation:d16:t2:paligned:tree101:i160011,4,4,11,aligned,1,16,validation,0.0500335693359375,2,1,18,101,64
L4_W64_H4,0,validation:d16:t2:paligned:tree101:i160012,4,4,11,aligned,0,16,validation,0.08169746398925781,2,1,18,101,64
L4_W64_H4,0,validation:d16:t2:paligned:tree101:i160013,4,4,11,aligned,1,16,validation,-0.05199623107910156,2,0,18,101,64
L4_W64_H4,1,validation:d16:t2:paligned:tree101:i160014,4,4,11,aligned,0,16,validation,-0.0039577484130859375,2,0,18,101,64
L4_W64_H4,1,validation:d16:t2:paligned:tree101:i160015,4,4,11,aligned,1,16,validation,0.0155029296875,2,1,18,101,64
L4_W64_H4,0,validation:d16:t2:paligned:tree211:i160000,4,4,11,aligned,0,16,validation,-0.01367950439453125,2,0,18,211,64
L4_W64_H4,0,validation:d16:t2:paligned:tree211:i160001,4,4,11,aligned,1,16,validation,0.022317886352539062,2,1,18,211,64
L4_W64_H4,1,validation:d16:t2:paligned:tree211:i160002,4,4,11,aligned,0,16,validation,0.035434722900390625,2,1,18,211,64
L4_W64_H4,1,validation:d16:t2:paligned:tree211:i160003,4,4,11,aligned,1,16,validation,0.001434326171875,2,1,18,211,64
L4_W64_H4,0,validation:d16:t2:paligned:tree211:i160004,4,4,11,aligned,0,16,validation,0.00595855712890625,2,1,18,211,64
L4_W64_H4,0,validation:d16:t2:paligned:tree211:i160005,4,4,11,aligned,1,16,validation,-0.0587921142578125,2,0,18,211,64
L4_W64_H4,1,validation:d16:t2:paligned:tree211:i160006,4,4,11,aligned,0,16,validation,0.05609893798828125,2,1,18,211,64
L4_W64_H4,1,validation:d16:t2:paligned:tree211:i160007,4,4,11,aligned,1,16,validation,-0.0082855224609375,2,0,18,211,64
L4_W64_H4,0,validation:d16:t2:paligned:tree211:i160008,4,4,11,aligned,0,16,validation,-0.0361175537109375,2,0,18,211,64
L4_W64_H4,0,validation:d16:t2:paligned:tree211:i160009,4,4,11,aligned,1,16,validation,0.030595779418945312,2,1,18,211,64
L4_W64_H4,1,validation:d16:t2:paligned:tree211:i160010,4,4,11,aligned,0,16,validation,0.036724090576171875,2,1,18,211,64
L4_W64_H4,1,validation:d16:t2:paligned:tree211:i160011,4,4,11,aligned,1,16,validation,-0.03589630126953125,2,0,18,211,64
L4_W64_H4,0,validation:d16:t2:paligned:tree211:i160012,4,4,11,aligned,0,16,validation,-0.008182525634765625,2,0,18,211,64
L4_W64_H4,0,validation:d16:t2:paligned:tree211:i160013,4,4,11,aligned,1,16,validation,0.054874420166015625,2,1,18,211,64
L4_W64_H4,1,validation:d16:t2:paligned:tree211:i160014,4,4,11,aligned,0,16,validation,0.016355514526367188,2,1,18,211,64
L4_W64_H4,1,validation:d16:t2:paligned:tree211:i160015,4,4,11,aligned,1,16,validation,0.05032539367675781,2,1,18,211,64
L4_W64_H4,0,validation:d16:t2:paligned:tree307:i160000,4,4,11,aligned,0,16,validation,0.019306182861328125,2,1,18,307,64
L4_W64_H4,0,validation:d16:t2:paligned:tree307:i160001,4,4,11,aligned,1,16,validation,0.029890060424804688,2,1,18,307,64
L4_W64_H4,1,validation:d16:t2:paligned:tree307:i160002,4,4,11,aligned,0,16,validation,-0.0021533966064453125,2,0,18,307,64
L4_W64_H4,1,validation:d16:t2:paligned:tree307:i160003,4,4,11,aligned,1,16,validation,-0.0034008026123046875,2,0,18,307,64
L4_W64_H4,0,validation:d16:t2:paligned:tree307:i160004,4,4,11,aligned,0,16,validation,0.053302764892578125,2,1,18,307,64
L4_W64_H4,0,validation:d16:t2:paligned:tree307:i160005,4,4,11,aligned,1,16,validation,0.0178680419921875,2,1,18,307,64
L4_W64_H4,1,validation:d16:t2:paligned:tree307:i160006,4,4,11,aligned,0,16,validation,0.06322097778320312,2,1,18,307,64
L4_W64_H4,1,validation:d16:t2:paligned:tree307:i160007,4,4,11,aligned,1,16,validation,-0.08453941345214844,2,0,18,307,64
L4_W64_H4,0,validation:d16:t2:paligned:tree307:i160008,4,4,11,aligned,0,16,validation,-0.04800224304199219,2,0,18,307,64
L4_W64_H4,0,validation:d16:t2:paligned:tree307:i160009,4,4,11,aligned,1,16,validation,-0.04949378967285156,2,0,18,307,64
L4_W64_H4,1,validation:d16:t2:paligned:tree307:i160010,4,4,11,aligned,0,16,validation,-0.04253387451171875,2,0,18,307,64
L4_W64_H4,1,validation:d16:t2:paligned:tree307:i160011,4,4,11,aligned,1,16,validation,-0.036937713623046875,2,0,18,307,64
L4_W64_H4,0,validation:d16:t2:paligned:tree307:i160012,4,4,11,aligned,0,16,validation,0.09639930725097656,2,1,18,307,64
L4_W64_H4,0,validation:d16:t2:paligned:tree307:i160013,4,4,11,aligned,1,16,validation,-0.032695770263671875,2,0,18,307,64
L4_W64_H4,1,validation:d16:t2:paligned:tree307:i160014,4,4,11,aligned,0,16,validation,0.07104682922363281,2,1,18,307,64
L4_W64_H4,1,validation:d16:t2:paligned:tree307:i160015,4,4,11,aligned,1,16,validation,-0.06320381164550781,2,0,18,307,64
L4_W64_H4,0,validation:d16:t2:prandomized:tree101:i160008,4,4,11,randomized,0,16,validation,0.13809585571289062,2,1,18,101,64
L4_W64_H4,1,validation:d16:t2:prandomized:tree211:i160002,4,4,11,randomized,0,16,validation,0.03543281555175781,2,1,18,211,64
L4_W64_H4,0,validation:d16:t2:prandomized:tree211:i160004,4,4,11,randomized,0,16,validation,0.00595855712890625,2,1,18,211,64
L4_W64_H4,0,validation:d16:t2:prandomized:tree307:i160000,4,4,11,randomized,0,16,validation,0.019306182861328125,2,1,18,307,64
L4_W64_H4,0,validation:d16:t2:prandomized:tree307:i160005,4,4,11,randomized,1,16,validation,0.0178680419921875,2,1,18,307,64
L4_W64_H4,1,validation:d16:t2:prandomized:tree307:i160015,4,4,11,randomized,1,16,validation,-0.06320381164550781,2,0,18,307,64
L4_W64_H4,0,validation:d16:t3:paligned:tree101:i160000,4,4,11,aligned,0,16,validation,0.03375053405761719,3,1,18,101,64
L4_W64_H4,0,validation:d16:t3:paligned:tree101:i160001,4,4,11,aligned,1,16,validation,-0.015981674194335938,3,0,18,101,64
L4_W64_H4,1,validation:d16:t3:paligned:tree101:i160002,4,4,11,aligned,0,16,validation,-0.015089035034179688,3,0,18,101,64
L4_W64_H4,1,validation:d16:t3:paligned:tree101:i160003,4,4,11,aligned,1,16,validation,-0.032196044921875,3,0,18,101,64
L4_W64_H4,0,validation:d16:t3:paligned:tree101:i160004,4,4,11,aligned,0,16,validation,-0.021270751953125,3,0,18,101,64
L4_W64_H4,0,validation:d16:t3:paligned:tree101:i160005,4,4,11,aligned,1,16,validation,-0.029951095581054688,3,0,18,101,64
L4_W64_H4,1,validation:d16:t3:paligned:tree101:i160006,4,4,11,aligned,0,16,validation,0.0049266815185546875,3,1,18,101,64
L4_W64_H4,1,validation:d16:t3:paligned:tree101:i160007,4,4,11,aligned,1,16,validation,0.03708076477050781,3,1,18,101,64
L4_W64_H4,0,validation:d16:t3:paligned:tree101:i160008,4,4,11,aligned,0,16,validation,0.1394977569580078,3,1,18,101,64
L4_W64_H4,0,validation:d16:t3:paligned:tree101:i160009,4,4,11,aligned,1,16,validation,0.021013259887695312,3,1,18,101,64
L4_W64_H4,1,validation:d16:t3:paligned:tree101:i160010,4,4,11,aligned,0,16,validation,0.00014495849609375,3,1,18,101,64
L4_W64_H4,1,validation:d16:t3:paligned:tree101:i160011,4,4,11,aligned,1,16,validation,0.04768562316894531,3,1,18,101,64
L4_W64_H4,0,validation:d16:t3:paligned:tree101:i160012,4,4,11,aligned,0,16,validation,0.080657958984375,3,1,18,101,64
L4_W64_H4,0,validation:d16:t3:paligned:tree101:i160013,4,4,11,aligned,1,16,validation,-0.05155372619628906,3,0,18,101,64
L4_W64_H4,1,validation:d16:t3:paligned:tree101:i160014,4,4,11,aligned,0,16,validation,-0.0045223236083984375,3,0,18,101,64
L4_W64_H4,1,validation:d16:t3:paligned:tree101:i160015,4,4,11,aligned,1,16,validation,0.018817901611328125,3,1,18,101,64
L4_W64_H4,0,validation:d16:t3:paligned:tree211:i160000,4,4,11,aligned,0,16,validation,-0.013326644897460938,3,0,18,211,64
L4_W64_H4,0,validation:d16:t3:paligned:tree211:i160001,4,4,11,aligned,1,16,validation,0.019697189331054688,3,1,18,211,64
L4_W64_H4,1,validation:d16:t3:paligned:tree211:i160002,4,4,11,aligned,0,16,validation,0.03402900695800781,3,1,18,211,64
L4_W64_H4,1,validation:d16:t3:paligned:tree211:i160003,4,4,11,aligned,1,16,validation,-0.0032806396484375,3,0,18,211,64
L4_W64_H4,0,validation:d16:t3:paligned:tree211:i160004,4,4,11,aligned,0,16,validation,0.00540924072265625,3,1,18,211,64
L4_W64_H4,0,validation:d16:t3:paligned:tree211:i160005,4,4,11,aligned,1,16,validation,-0.05689239501953125,3,0,18,211,64
L4_W64_H4,1,validation:d16:t3:paligned:tree211:i160006,4,4,11,aligned,0,16,validation,0.05502510070800781,3,1,18,211,64
L4_W64_H4,1,validation:d16:t3:paligned:tree211:i160007,4,4,11,aligned,1,16,validation,-0.0070953369140625,3,0,18,211,64
L4_W64_H4,0,validation:d16:t3:paligned:tree211:i160008,4,4,11,aligned,0,16,validation,-0.03928947448730469,3,0,18,211,64
L4_W64_H4,0,validation:d16:t3:paligned:tree211:i160009,4,4,11,aligned,1,16,validation,0.03178596496582031,3,1,18,211,64
L4_W64_H4,1,validation:d16:t3:paligned:tree211:i160010,4,4,11,aligned,0,16,validation,0.03537750244140625,3,1,18,211,64
L4_W64_H4,1,validation:d16:t3:paligned:tree211:i160011,4,4,11,aligned,1,16,validation,-0.03604698181152344,3,0,18,211,64
L4_W64_H4,0,validation:d16:t3:paligned:tree211:i160012,4,4,11,aligned,0,16,validation,-0.0084228515625,3,0,18,211,64
L4_W64_H4,0,validation:d16:t3:paligned:tree211:i160013,4,4,11,aligned,1,16,validation,0.05464363098144531,3,1,18,211,64
L4_W64_H4,1,validation:d16:t3:paligned:tree211:i160014,4,4,11,aligned,0,16,validation,0.01438140869140625,3,1,18,211,64
L4_W64_H4,1,validation:d16:t3:paligned:tree211:i160015,4,4,11,aligned,1,16,validation,0.05223655700683594,3,1,18,211,64
L4_W64_H4,0,validation:d16:t3:paligned:tree307:i160000,4,4,11,aligned,0,16,validation,0.017396926879882812,3,1,18,307,64
L4_W64_H4,0,validation:d16:t3:paligned:tree307:i160001,4,4,11,aligned,1,16,validation,0.029209136962890625,3,1,18,307,64
L4_W64_H4,1,validation:d16:t3:paligned:tree307:i160002,4,4,11,aligned,0,16,validation,-0.0047397613525390625,3,0,18,307,64
L4_W64_H4,1,validation:d16:t3:paligned:tree307:i160003,4,4,11,aligned,1,16,validation,-0.00360870361328125,3,0,18,307,64
L4_W64_H4,0,validation:d16:t3:paligned:tree307:i160004,4,4,11,aligned,0,16,validation,0.0552825927734375,3,1,18,307,64
L4_W64_H4,0,validation:d16:t3:paligned:tree307:i160005,4,4,11,aligned,1,16,validation,0.02111053466796875,3,1,18,307,64
L4_W64_H4,1,validation:d16:t3:paligned:tree307:i160006,4,4,11,aligned,0,16,validation,0.061725616455078125,3,1,18,307,64
L4_W64_H4,1,validation:d16:t3:paligned:tree307:i160007,4,4,11,aligned,1,16,validation,-0.08452224731445312,3,0,18,307,64
L4_W64_H4,0,validation:d16:t3:paligned:tree307:i160008,4,4,11,aligned,0,16,validation,-0.04793739318847656,3,0,18,307,64
L4_W64_H4,0,validation:d16:t3:paligned:tree307:i160009,4,4,11,aligned,1,16,validation,-0.049652099609375,3,0,18,307,64
L4_W64_H4,1,validation:d16:t3:paligned:tree307:i160010,4,4,11,aligned,0,16,validation,-0.04363059997558594,3,0,18,307,64
L4_W64_H4,1,validation:d16:t3:paligned:tree307:i160011,4,4,11,aligned,1,16,validation,-0.03509521484375,3,0,18,307,64
L4_W64_H4,0,validation:d16:t3:paligned:tree307:i160012,4,4,11,aligned,0,16,validation,0.09352302551269531,3,1,18,307,64
L4_W64_H4,0,validation:d16:t3:paligned:tree307:i160013,4,4,11,aligned,1,16,validation,-0.033000946044921875,3,0,18,307,64
L4_W64_H4,1,validation:d16:t3:paligned:tree307:i160014,4,4,11,aligned,0,16,validation,0.06937217712402344,3,1,18,307,64
L4_W64_H4,1,validation:d16:t3:paligned:tree307:i160015,4,4,11,aligned,1,16,validation,-0.06178092956542969,3,0,18,307,64
L4_W64_H4,0,validation:d16:t3:prandomized:tree101:i160008,4,4,11,randomized,0,16,validation,0.139495849609375,3,1,18,101,64
L4_W64_H4,1,validation:d16:t3:prandomized:tree211:i160002,4,4,11,randomized,0,16,validation,0.03402900695800781,3,1,18,211,64
L4_W64_H4,0,validation:d16:t3:prandomized:tree211:i160004,4,4,11,randomized,0,16,validation,0.005413055419921875,3,1,18,211,64
L4_W64_H4,0,validation:d16:t3:prandomized:tree307:i160000,4,4,11,randomized,0,16,validation,0.017396926879882812,3,1,18,307,64
L4_W64_H4,0,validation:d16:t3:prandomized:tree307:i160005,4,4,11,randomized,1,16,validation,0.02111053466796875,3,1,18,307,64
L4_W64_H4,1,validation:d16:t3:prandomized:tree307:i160015,4,4,11,randomized,1,16,validation,-0.06178092956542969,3,0,18,307,64
L4_W64_H4,0,test:d16:t0:paligned:tree101:i160000,4,4,11,aligned,0,16,test,-0.05215263366699219,0,0,18,101,64
L4_W64_H4,0,test:d16:t0:paligned:tree101:i160001,4,4,11,aligned,1,16,test,-0.08511543273925781,0,0,18,101,64
L4_W64_H4,1,test:d16:t0:paligned:tree101:i160002,4,4,11,aligned,0,16,test,-0.07048988342285156,0,0,18,101,64
L4_W64_H4,1,test:d16:t0:paligned:tree101:i160003,4,4,11,aligned,1,16,test,0.015047073364257812,0,1,18,101,64
L4_W64_H4,0,test:d16:t0:paligned:tree101:i160004,4,4,11,aligned,0,16,test,-0.05827140808105469,0,0,18,101,64
L4_W64_H4,0,test:d16:t0:paligned:tree101:i160005,4,4,11,aligned,1,16,test,0.030576705932617188,0,1,18,101,64
L4_W64_H4,1,test:d16:t0:paligned:tree101:i160006,4,4,11,aligned,0,16,test,-0.06578445434570312,0,0,18,101,64
L4_W64_H4,1,test:d16:t0:paligned:tree101:i160007,4,4,11,aligned,1,16,test,0.011623382568359375,0,1,18,101,64
L4_W64_H4,0,test:d16:t0:paligned:tree101:i160008,4,4,11,aligned,0,16,test,-0.05878257751464844,0,0,18,101,64
L4_W64_H4,0,test:d16:t0:paligned:tree101:i160009,4,4,11,aligned,1,16,test,0.07813072204589844,0,1,18,101,64
L4_W64_H4,1,test:d16:t0:paligned:tree101:i160010,4,4,11,aligned,0,16,test,-0.049640655517578125,0,0,18,101,64
L4_W64_H4,1,test:d16:t0:paligned:tree101:i160011,4,4,11,aligned,1,16,test,0.0074329376220703125,0,1,18,101,64
L4_W64_H4,0,test:d16:t0:paligned:tree101:i160012,4,4,11,aligned,0,16,test,-0.04500389099121094,0,0,18,101,64
L4_W64_H4,0,test:d16:t0:paligned:tree101:i160013,4,4,11,aligned,1,16,test,0.08110809326171875,0,1,18,101,64
L4_W64_H4,1,test:d16:t0:paligned:tree101:i160014,4,4,11,aligned,0,16,test,-0.06267929077148438,0,0,18,101,64
L4_W64_H4,1,test:d16:t0:paligned:tree101:i160015,4,4,11,aligned,1,16,test,0.01247406005859375,0,1,18,101,64
L4_W64_H4,0,test:d16:t0:paligned:tree211:i160000,4,4,11,aligned,0,16,test,-0.06399917602539062,0,0,18,211,64
L4_W64_H4,0,test:d16:t0:paligned:tree211:i160001,4,4,11,aligned,1,16,test,0.018445968627929688,0,1,18,211,64
L4_W64_H4,1,test:d16:t0:paligned:tree211:i160002,4,4,11,aligned,0,16,test,-0.05029869079589844,0,0,18,211,64
L4_W64_H4,1,test:d16:t0:paligned:tree211:i160003,4,4,11,aligned,1,16,test,0.0489959716796875,0,1,18,211,64
L4_W64_H4,0,test:d16:t0:paligned:tree211:i160004,4,4,11,aligned,0,16,test,-0.0225677490234375,0,0,18,211,64
L4_W64_H4,0,test:d16:t0:paligned:tree211:i160005,4,4,11,aligned,1,16,test,-0.021820068359375,0,0,18,211,64
L4_W64_H4,1,test:d16:t0:paligned:tree211:i160006,4,4,11,aligned,0,16,test,-0.020875930786132812,0,0,18,211,64
L4_W64_H4,1,test:d16:t0:paligned:tree211:i160007,4,4,11,aligned,1,16,test,0.014293670654296875,0,1,18,211,64
L4_W64_H4,0,test:d16:t0:paligned:tree211:i160008,4,4,11,aligned,0,16,test,0.000942230224609375,0,1,18,211,64
L4_W64_H4,0,test:d16:t0:paligned:tree211:i160009,4,4,11,aligned,1,16,test,-0.026401519775390625,0,0,18,211,64
L4_W64_H4,1,test:d16:t0:paligned:tree211:i160010,4,4,11,aligned,0,16,test,-0.000102996826171875,0,0,18,211,64
L4_W64_H4,1,test:d16:t0:paligned:tree211:i160011,4,4,11,aligned,1,16,test,-0.010549545288085938,0,0,18,211,64
L4_W64_H4,0,test:d16:t0:paligned:tree211:i160012,4,4,11,aligned,0,16,test,-0.05857086181640625,0,0,18,211,64
L4_W64_H4,0,test:d16:t0:paligned:tree211:i160013,4,4,11,aligned,1,16,test,-0.032840728759765625,0,0,18,211,64
L4_W64_H4,1,test:d16:t0:paligned:tree211:i160014,4,4,11,aligned,0,16,test,0.05571556091308594,0,1,18,211,64
L4_W64_H4,1,test:d16:t0:paligned:tree211:i160015,4,4,11,aligned,1,16,test,0.034755706787109375,0,1,18,211,64
L4_W64_H4,0,test:d16:t0:paligned:tree307:i160000,4,4,11,aligned,0,16,test,0.08145713806152344,0,1,18,307,64
L4_W64_H4,0,test:d16:t0:paligned:tree307:i160001,4,4,11,aligned,1,16,test,0.11173439025878906,0,1,18,307,64
L4_W64_H4,1,test:d16:t0:paligned:tree307:i160002,4,4,11,aligned,0,16,test,-0.013685226440429688,0,0,18,307,64
L4_W64_H4,1,test:d16:t0:paligned:tree307:i160003,4,4,11,aligned,1,16,test,0.07935714721679688,0,1,18,307,64
L4_W64_H4,0,test:d16:t0:paligned:tree307:i160004,4,4,11,aligned,0,16,test,-0.06746482849121094,0,0,18,307,64
L4_W64_H4,0,test:d16:t0:paligned:tree307:i160005,4,4,11,aligned,1,16,test,0.05246925354003906,0,1,18,307,64
L4_W64_H4,1,test:d16:t0:paligned:tree307:i160006,4,4,11,aligned,0,16,test,0.007785797119140625,0,1,18,307,64
L4_W64_H4,1,test:d16:t0:paligned:tree307:i160007,4,4,11,aligned,1,16,test,0.04779815673828125,0,1,18,307,64
L4_W64_H4,0,test:d16:t0:paligned:tree307:i160008,4,4,11,aligned,0,16,test,0.03773689270019531,0,1,18,307,64
L4_W64_H4,0,test:d16:t0:paligned:tree307:i160009,4,4,11,aligned,1,16,test,0.08053207397460938,0,1,18,307,64
L4_W64_H4,1,test:d16:t0:paligned:tree307:i160010,4,4,11,aligned,0,16,test,0.06097412109375,0,1,18,307,64
L4_W64_H4,1,test:d16:t0:paligned:tree307:i160011,4,4,11,aligned,1,16,test,0.048351287841796875,0,1,18,307,64
L4_W64_H4,0,test:d16:t0:paligned:tree307:i160012,4,4,11,aligned,0,16,test,-0.03933143615722656,0,0,18,307,64
L4_W64_H4,0,test:d16:t0:paligned:tree307:i160013,4,4,11,aligned,1,16,test,0.049785614013671875,0,1,18,307,64
L4_W64_H4,1,test:d16:t0:paligned:tree307:i160014,4,4,11,aligned,0,16,test,-0.0060062408447265625,0,0,18,307,64
L4_W64_H4,1,test:d16:t0:paligned:tree307:i160015,4,4,11,aligned,1,16,test,-0.0110321044921875,0,0,18,307,64
L4_W64_H4,1,test:d16:t0:prandomized:tree101:i160003,4,4,11,randomized,1,16,test,0.015047073364257812,0,1,18,101,64
L4_W64_H4,0,test:d16:t0:prandomized:tree101:i160009,4,4,11,randomized,1,16,test,0.07813072204589844,0,1,18,101,64
L4_W64_H4,0,test:d16:t0:prandomized:tree211:i160001,4,4,11,randomized,1,16,test,0.018445968627929688,0,1,18,211,64
L4_W64_H4,0,test:d16:t0:prandomized:tree211:i160008,4,4,11,randomized,0,16,test,0.000942230224609375,0,1,18,211,64
L4_W64_H4,1,test:d16:t0:prandomized:tree211:i160014,4,4,11,randomized,0,16,test,0.05571556091308594,0,1,18,211,64
L4_W64_H4,0,test:d16:t0:prandomized:tree307:i160004,4,4,11,randomized,0,16,test,-0.06746482849121094,0,0,18,307,64
L4_W64_H4,0,test:d16:t0:prandomized:tree307:i160005,4,4,11,randomized,1,16,test,0.05246925354003906,0,1,18,307,64
L4_W64_H4,0,test:d16:t1:paligned:tree101:i160000,4,4,11,aligned,0,16,test,-0.0514068603515625,1,0,18,101,64
L4_W64_H4,0,test:d16:t1:paligned:tree101:i160001,4,4,11,aligned,1,16,test,-0.082366943359375,1,0,18,101,64
L4_W64_H4,1,test:d16:t1:paligned:tree101:i160002,4,4,11,aligned,0,16,test,-0.07076454162597656,1,0,18,101,64
L4_W64_H4,1,test:d16:t1:paligned:tree101:i160003,4,4,11,aligned,1,16,test,0.017450332641601562,1,1,18,101,64
L4_W64_H4,0,test:d16:t1:paligned:tree101:i160004,4,4,11,aligned,0,16,test,-0.05832481384277344,1,0,18,101,64
L4_W64_H4,0,test:d16:t1:paligned:tree101:i160005,4,4,11,aligned,1,16,test,0.031444549560546875,1,1,18,101,64
L4_W64_H4,1,test:d16:t1:paligned:tree101:i160006,4,4,11,aligned,0,16,test,-0.06204795837402344,1,0,18,101,64
L4_W64_H4,1,test:d16:t1:paligned:tree101:i160007,4,4,11,aligned,1,16,test,0.011976242065429688,1,1,18,101,64
L4_W64_H4,0,test:d16:t1:paligned:tree101:i160008,4,4,11,aligned,0,16,test,-0.05854988098144531,1,0,18,101,64
L4_W64_H4,0,test:d16:t1:paligned:tree101:i160009,4,4,11,aligned,1,16,test,0.077362060546875,1,1,18,101,64
L4_W64_H4,1,test:d16:t1:paligned:tree101:i160010,4,4,11,aligned,0,16,test,-0.05093193054199219,1,0,18,101,64
L4_W64_H4,1,test:d16:t1:paligned:tree101:i160011,4,4,11,aligned,1,16,test,0.00807952880859375,1,1,18,101,64
L4_W64_H4,0,test:d16:t1:paligned:tree101:i160012,4,4,11,aligned,0,16,test,-0.04792594909667969,1,0,18,101,64
L4_W64_H4,0,test:d16:t1:paligned:tree101:i160013,4,4,11,aligned,1,16,test,0.07763290405273438,1,1,18,101,64
L4_W64_H4,1,test:d16:t1:paligned:tree101:i160014,4,4,11,aligned,0,16,test,-0.06275749206542969,1,0,18,101,64
L4_W64_H4,1,test:d16:t1:paligned:tree101:i160015,4,4,11,aligned,1,16,test,0.014678955078125,1,1,18,101,64
L4_W64_H4,0,test:d16:t1:paligned:tree211:i160000,4,4,11,aligned,0,16,test,-0.06471633911132812,1,0,18,211,64
L4_W64_H4,0,test:d16:t1:paligned:tree211:i160001,4,4,11,aligned,1,16,test,0.018419265747070312,1,1,18,211,64
L4_W64_H4,1,test:d16:t1:paligned:tree211:i160002,4,4,11,aligned,0,16,test,-0.05169486999511719,1,0,18,211,64
L4_W64_H4,1,test:d16:t1:paligned:tree211:i160003,4,4,11,aligned,1,16,test,0.05061912536621094,1,1,18,211,64
L4_W64_H4,0,test:d16:t1:paligned:tree211:i160004,4,4,11,aligned,0,16,test,-0.022974014282226562,1,0,18,211,64
L4_W64_H4,0,test:d16:t1:paligned:tree211:i160005,4,4,11,aligned,1,16,test,-0.02126312255859375,1,0,18,211,64
L4_W64_H4,1,test:d16:t1:paligned:tree211:i160006,4,4,11,aligned,0,16,test,-0.024927139282226562,1,0,18,211,64
L4_W64_H4,1,test:d16:t1:paligned:tree211:i160007,4,4,11,aligned,1,16,test,0.013082504272460938,1,1,18,211,64
L4_W64_H4,0,test:d16:t1:paligned:tree211:i160008,4,4,11,aligned,0,16,test,-0.000469207763671875,1,0,18,211,64
L4_W64_H4,0,test:d16:t1:paligned:tree211:i160009,4,4,11,aligned,1,16,test,-0.024423599243164062,1,0,18,211,64
L4_W64_H4,1,test:d16:t1:paligned:tree211:i160010,4,4,11,aligned,0,16,test,-0.003231048583984375,1,0,18,211,64
L4_W64_H4,1,test:d16:t1:paligned:tree211:i160011,4,4,11,aligned,1,16,test,-0.008520126342773438,1,0,18,211,64
L4_W64_H4,0,test:d16:t1:paligned:tree211:i160012,4,4,11,aligned,0,16,test,-0.05681037902832031,1,0,18,211,64
L4_W64_H4,0,test:d16:t1:paligned:tree211:i160013,4,4,11,aligned,1,16,test,-0.03285980224609375,1,0,18,211,64
L4_W64_H4,1,test:d16:t1:paligned:tree211:i160014,4,4,11,aligned,0,16,test,0.05292701721191406,1,1,18,211,64
L4_W64_H4,1,test:d16:t1:paligned:tree211:i160015,4,4,11,aligned,1,16,test,0.03795051574707031,1,1,18,211,64
L4_W64_H4,0,test:d16:t1:paligned:tree307:i160000,4,4,11,aligned,0,16,test,0.08084678649902344,1,1,18,307,64
L4_W64_H4,0,test:d16:t1:paligned:tree307:i160001,4,4,11,aligned,1,16,test,0.11286354064941406,1,1,18,307,64
L4_W64_H4,1,test:d16:t1:paligned:tree307:i160002,4,4,11,aligned,0,16,test,-0.016378402709960938,1,0,18,307,64
L4_W64_H4,1,test:d16:t1:paligned:tree307:i160003,4,4,11,aligned,1,16,test,0.08390426635742188,1,1,18,307,64
L4_W64_H4,0,test:d16:t1:paligned:tree307:i160004,4,4,11,aligned,0,16,test,-0.06826972961425781,1,0,18,307,64
L4_W64_H4,0,test:d16:t1:paligned:tree307:i160005,4,4,11,aligned,1,16,test,0.054851531982421875,1,1,18,307,64
L4_W64_H4,1,test:d16:t1:paligned:tree307:i160006,4,4,11,aligned,0,16,test,0.008319854736328125,1,1,18,307,64
L4_W64_H4,1,test:d16:t1:paligned:tree307:i160007,4,4,11,aligned,1,16,test,0.048076629638671875,1,1,18,307,64
L4_W64_H4,0,test:d16:t1:paligned:tree307:i160008,4,4,11,aligned,0,16,test,0.035400390625,1,1,18,307,64
L4_W64_H4,0,test:d16:t1:paligned:tree307:i160009,4,4,11,aligned,1,16,test,0.07938003540039062,1,1,18,307,64
L4_W64_H4,1,test:d16:t1:paligned:tree307:i160010,4,4,11,aligned,0,16,test,0.061672210693359375,1,1,18,307,64
L4_W64_H4,1,test:d16:t1:paligned:tree307:i160011,4,4,11,aligned,1,16,test,0.05364036560058594,1,1,18,307,64
L4_W64_H4,0,test:d16:t1:paligned:tree307:i160012,4,4,11,aligned,0,16,test,-0.0413970947265625,1,0,18,307,64
L4_W64_H4,0,test:d16:t1:paligned:tree307:i160013,4,4,11,aligned,1,16,test,0.05245018005371094,1,1,18,307,64
L4_W64_H4,1,test:d16:t1:paligned:tree307:i160014,4,4,11,aligned,0,16,test,-0.005115509033203125,1,0,18,307,64
L4_W64_H4,1,test:d16:t1:paligned:tree307:i160015,4,4,11,aligned,1,16,test,-0.008977890014648438,1,0,18,307,64
L4_W64_H4,1,test:d16:t1:prandomized:tree101:i160003,4,4,11,randomized,1,16,test,0.01744842529296875,1,1,18,101,64
L4_W64_H4,0,test:d16:t1:prandomized:tree101:i160009,4,4,11,randomized,1,16,test,0.077362060546875,1,1,18,101,64
L4_W64_H4,0,test:d16:t1:prandomized:tree211:i160001,4,4,11,randomized,1,16,test,0.018419265747070312,1,1,18,211,64
L4_W64_H4,0,test:d16:t1:prandomized:tree211:i160008,4,4,11,randomized,0,16,test,-0.000469207763671875,1,0,18,211,64
L4_W64_H4,1,test:d16:t1:prandomized:tree211:i160014,4,4,11,randomized,0,16,test,0.05292701721191406,1,1,18,211,64
L4_W64_H4,0,test:d16:t1:prandomized:tree307:i160004,4,4,11,randomized,0,16,test,-0.06826972961425781,1,0,18,307,64
L4_W64_H4,0,test:d16:t1:prandomized:tree307:i160005,4,4,11,randomized,1,16,test,0.054851531982421875,1,1,18,307,64
L4_W64_H4,0,test:d16:t2:paligned:tree101:i160000,4,4,11,aligned,0,16,test,-0.05067253112792969,2,0,18,101,64
L4_W64_H4,0,test:d16:t2:paligned:tree101:i160001,4,4,11,aligned,1,16,test,-0.0849456787109375,2,0,18,101,64
L4_W64_H4,1,test:d16:t2:paligned:tree101:i160002,4,4,11,aligned,0,16,test,-0.068023681640625,2,0,18,101,64
L4_W64_H4,1,test:d16:t2:paligned:tree101:i160003,4,4,11,aligned,1,16,test,0.015916824340820312,2,1,18,101,64
L4_W64_H4,0,test:d16:t2:paligned:tree101:i160004,4,4,11,aligned,0,16,test,-0.05641365051269531,2,0,18,101,64
L4_W64_H4,0,test:d16:t2:paligned:tree101:i160005,4,4,11,aligned,1,16,test,0.02968597412109375,2,1,18,101,64
L4_W64_H4,1,test:d16:t2:paligned:tree101:i160006,4,4,11,aligned,0,16,test,-0.06519317626953125,2,0,18,101,64
L4_W64_H4,1,test:d16:t2:paligned:tree101:i160007,4,4,11,aligned,1,16,test,0.010814666748046875,2,1,18,101,64
L4_W64_H4,0,test:d16:t2:paligned:tree101:i160008,4,4,11,aligned,0,16,test,-0.05803680419921875,2,0,18,101,64
L4_W64_H4,0,test:d16:t2:paligned:tree101:i160009,4,4,11,aligned,1,16,test,0.07807350158691406,2,1,18,101,64
L4_W64_H4,1,test:d16:t2:paligned:tree101:i160010,4,4,11,aligned,0,16,test,-0.04901123046875,2,0,18,101,64
L4_W64_H4,1,test:d16:t2:paligned:tree101:i160011,4,4,11,aligned,1,16,test,0.005313873291015625,2,1,18,101,64
L4_W64_H4,0,test:d16:t2:paligned:tree101:i160012,4,4,11,aligned,0,16,test,-0.04648590087890625,2,0,18,101,64
L4_W64_H4,0,test:d16:t2:paligned:tree101:i160013,4,4,11,aligned,1,16,test,0.07990646362304688,2,1,18,101,64
L4_W64_H4,1,test:d16:t2:paligned:tree101:i160014,4,4,11,aligned,0,16,test,-0.05977630615234375,2,0,18,101,64
L4_W64_H4,1,test:d16:t2:paligned:tree101:i160015,4,4,11,aligned,1,16,test,0.013576507568359375,2,1,18,101,64
L4_W64_H4,0,test:d16:t2:paligned:tree211:i160000,4,4,11,aligned,0,16,test,-0.06622505187988281,2,0,18,211,64
L4_W64_H4,0,test:d16:t2:paligned:tree211:i160001,4,4,11,aligned,1,16,test,0.017301559448242188,2,1,18,211,64
L4_W64_H4,1,test:d16:t2:paligned:tree211:i160002,4,4,11,aligned,0,16,test,-0.04683113098144531,2,0,18,211,64
L4_W64_H4,1,test:d16:t2:paligned:tree211:i160003,4,4,11,aligned,1,16,test,0.04834175109863281,2,1,18,211,64
L4_W64_H4,0,test:d16:t2:paligned:tree211:i160004,4,4,11,aligned,0,16,test,-0.018800735473632812,2,0,18,211,64
L4_W64_H4,0,test:d16:t2:paligned:tree211:i160005,4,4,11,aligned,1,16,test,-0.02099609375,2,0,18,211,64
L4_W64_H4,1,test:d16:t2:paligned:tree211:i160006,4,4,11,aligned,0,16,test,-0.021200180053710938,2,0,18,211,64
L4_W64_H4,1,test:d16:t2:paligned:tree211:i160007,4,4,11,aligned,1,16,test,0.016134262084960938,2,1,18,211,64
L4_W64_H4,0,test:d16:t2:paligned:tree211:i160008,4,4,11,aligned,0,16,test,0.0007953643798828125,2,1,18,211,64
L4_W64_H4,0,test:d16:t2:paligned:tree211:i160009,4,4,11,aligned,1,16,test,-0.026102066040039062,2,0,18,211,64
L4_W64_H4,1,test:d16:t2:paligned:tree211:i160010,4,4,11,aligned,0,16,test,0.001007080078125,2,1,18,211,64
L4_W64_H4,1,test:d16:t2:paligned:tree211:i160011,4,4,11,aligned,1,16,test,-0.0096435546875,2,0,18,211,64
L4_W64_H4,0,test:d16:t2:paligned:tree211:i160012,4,4,11,aligned,0,16,test,-0.05399513244628906,2,0,18,211,64
L4_W64_H4,0,test:d16:t2:paligned:tree211:i160013,4,4,11,aligned,1,16,test,-0.03356361389160156,2,0,18,211,64
L4_W64_H4,1,test:d16:t2:paligned:tree211:i160014,4,4,11,aligned,0,16,test,0.057178497314453125,2,1,18,211,64
L4_W64_H4,1,test:d16:t2:paligned:tree211:i160015,4,4,11,aligned,1,16,test,0.0366058349609375,2,1,18,211,64
L4_W64_H4,0,test:d16:t2:paligned:tree307:i160000,4,4,11,aligned,0,16,test,0.08289909362792969,2,1,18,307,64
L4_W64_H4,0,test:d16:t2:paligned:tree307:i160001,4,4,11,aligned,1,16,test,0.10837173461914062,2,1,18,307,64
L4_W64_H4,1,test:d16:t2:paligned:tree307:i160002,4,4,11,aligned,0,16,test,-0.01479339599609375,2,0,18,307,64
L4_W64_H4,1,test:d16:t2:paligned:tree307:i160003,4,4,11,aligned,1,16,test,0.0782623291015625,2,1,18,307,64
L4_W64_H4,0,test:d16:t2:paligned:tree307:i160004,4,4,11,aligned,0,16,test,-0.06794548034667969,2,0,18,307,64
L4_W64_H4,0,test:d16:t2:paligned:tree307:i160005,4,4,11,aligned,1,16,test,0.05280876159667969,2,1,18,307,64
L4_W64_H4,1,test:d16:t2:paligned:tree307:i160006,4,4,11,aligned,0,16,test,0.009153366088867188,2,1,18,307,64
L4_W64_H4,1,test:d16:t2:paligned:tree307:i160007,4,4,11,aligned,1,16,test,0.04722404479980469,2,1,18,307,64
L4_W64_H4,0,test:d16:t2:paligned:tree307:i160008,4,4,11,aligned,0,16,test,0.03814888000488281,2,1,18,307,64
L4_W64_H4,0,test:d16:t2:paligned:tree307:i160009,4,4,11,aligned,1,16,test,0.07775306701660156,2,1,18,307,64
L4_W64_H4,1,test:d16:t2:paligned:tree307:i160010,4,4,11,aligned,0,16,test,0.061611175537109375,2,1,18,307,64
L4_W64_H4,1,test:d16:t2:paligned:tree307:i160011,4,4,11,aligned,1,16,test,0.05055427551269531,2,1,18,307,64
L4_W64_H4,0,test:d16:t2:paligned:tree307:i160012,4,4,11,aligned,0,16,test,-0.03902435302734375,2,0,18,307,64
L4_W64_H4,0,test:d16:t2:paligned:tree307:i160013,4,4,11,aligned,1,16,test,0.04930877685546875,2,1,18,307,64
L4_W64_H4,1,test:d16:t2:paligned:tree307:i160014,4,4,11,aligned,0,16,test,-0.0060634613037109375,2,0,18,307,64
L4_W64_H4,1,test:d16:t2:paligned:tree307:i160015,4,4,11,aligned,1,16,test,-0.010669708251953125,2,0,18,307,64
L4_W64_H4,0,test:d16:t2:prandomized:tree101:i160008,4,4,11,randomized,0,16,test,-0.05803680419921875,2,0,18,101,64
L4_W64_H4,1,test:d16:t2:prandomized:tree211:i160002,4,4,11,randomized,0,16,test,-0.04683113098144531,2,0,18,211,64
L4_W64_H4,0,test:d16:t2:prandomized:tree211:i160004,4,4,11,randomized,0,16,test,-0.018800735473632812,2,0,18,211,64
L4_W64_H4,0,test:d16:t2:prandomized:tree307:i160000,4,4,11,randomized,0,16,test,0.08289909362792969,2,1,18,307,64
L4_W64_H4,0,test:d16:t2:prandomized:tree307:i160005,4,4,11,randomized,1,16,test,0.05280876159667969,2,1,18,307,64
L4_W64_H4,1,test:d16:t2:prandomized:tree307:i160015,4,4,11,randomized,1,16,test,-0.010669708251953125,2,0,18,307,64
L4_W64_H4,0,test:d16:t3:paligned:tree101:i160000,4,4,11,aligned,0,16,test,-0.05077362060546875,3,0,18,101,64
L4_W64_H4,0,test:d16:t3:paligned:tree101:i160001,4,4,11,aligned,1,16,test,-0.08281135559082031,3,0,18,101,64
L4_W64_H4,1,test:d16:t3:paligned:tree101:i160002,4,4,11,aligned,0,16,test,-0.07131767272949219,3,0,18,101,64
L4_W64_H4,1,test:d16:t3:paligned:tree101:i160003,4,4,11,aligned,1,16,test,0.018907546997070312,3,1,18,101,64
L4_W64_H4,0,test:d16:t3:paligned:tree101:i160004,4,4,11,aligned,0,16,test,-0.058109283447265625,3,0,18,101,64
L4_W64_H4,0,test:d16:t3:paligned:tree101:i160005,4,4,11,aligned,1,16,test,0.030925750732421875,3,1,18,101,64
L4_W64_H4,1,test:d16:t3:paligned:tree101:i160006,4,4,11,aligned,0,16,test,-0.06408882141113281,3,0,18,101,64
L4_W64_H4,1,test:d16:t3:paligned:tree101:i160007,4,4,11,aligned,1,16,test,0.011156082153320312,3,1,18,101,64
L4_W64_H4,0,test:d16:t3:paligned:tree101:i160008,4,4,11,aligned,0,16,test,-0.057300567626953125,3,0,18,101,64
L4_W64_H4,0,test:d16:t3:paligned:tree101:i160009,4,4,11,aligned,1,16,test,0.07703781127929688,3,1,18,101,64
L4_W64_H4,1,test:d16:t3:paligned:tree101:i160010,4,4,11,aligned,0,16,test,-0.050678253173828125,3,0,18,101,64
L4_W64_H4,1,test:d16:t3:paligned:tree101:i160011,4,4,11,aligned,1,16,test,0.00768280029296875,3,1,18,101,64
L4_W64_H4,0,test:d16:t3:paligned:tree101:i160012,4,4,11,aligned,0,16,test,-0.04875755310058594,3,0,18,101,64
L4_W64_H4,0,test:d16:t3:paligned:tree101:i160013,4,4,11,aligned,1,16,test,0.07963943481445312,3,1,18,101,64
L4_W64_H4,1,test:d16:t3:paligned:tree101:i160014,4,4,11,aligned,0,16,test,-0.052814483642578125,3,0,18,101,64
L4_W64_H4,1,test:d16:t3:paligned:tree101:i160015,4,4,11,aligned,1,16,test,0.014078140258789062,3,1,18,101,64
L4_W64_H4,0,test:d16:t3:paligned:tree211:i160000,4,4,11,aligned,0,16,test,-0.06548309326171875,3,0,18,211,64
L4_W64_H4,0,test:d16:t3:paligned:tree211:i160001,4,4,11,aligned,1,16,test,0.0195465087890625,3,1,18,211,64
L4_W64_H4,1,test:d16:t3:paligned:tree211:i160002,4,4,11,aligned,0,16,test,-0.04960441589355469,3,0,18,211,64
L4_W64_H4,1,test:d16:t3:paligned:tree211:i160003,4,4,11,aligned,1,16,test,0.05055046081542969,3,1,18,211,64
L4_W64_H4,0,test:d16:t3:paligned:tree211:i160004,4,4,11,aligned,0,16,test,-0.021780014038085938,3,0,18,211,64
L4_W64_H4,0,test:d16:t3:paligned:tree211:i160005,4,4,11,aligned,1,16,test,-0.022462844848632812,3,0,18,211,64
L4_W64_H4,1,test:d16:t3:paligned:tree211:i160006,4,4,11,aligned,0,16,test,-0.025119781494140625,3,0,18,211,64
L4_W64_H4,1,test:d16:t3:paligned:tree211:i160007,4,4,11,aligned,1,16,test,0.0156097412109375,3,1,18,211,64
L4_W64_H4,0,test:d16:t3:paligned:tree211:i160008,4,4,11,aligned,0,16,test,0.00012969970703125,3,1,18,211,64
L4_W64_H4,0,test:d16:t3:paligned:tree211:i160009,4,4,11,aligned,1,16,test,-0.024145126342773438,3,0,18,211,64
L4_W64_H4,1,test:d16:t3:paligned:tree211:i160010,4,4,11,aligned,0,16,test,-0.0061016082763671875,3,0,18,211,64
L4_W64_H4,1,test:d16:t3:paligned:tree211:i160011,4,4,11,aligned,1,16,test,-0.008321762084960938,3,0,18,211,64
L4_W64_H4,0,test:d16:t3:paligned:tree211:i160012,4,4,11,aligned,0,16,test,-0.056369781494140625,3,0,18,211,64
L4_W64_H4,0,test:d16:t3:paligned:tree211:i160013,4,4,11,aligned,1,16,test,-0.03191375732421875,3,0,18,211,64
L4_W64_H4,1,test:d16:t3:paligned:tree211:i160014,4,4,11,aligned,0,16,test,0.05701255798339844,3,1,18,211,64
L4_W64_H4,1,test:d16:t3:paligned:tree211:i160015,4,4,11,aligned,1,16,test,0.0377197265625,3,1,18,211,64
L4_W64_H4,0,test:d16:t3:paligned:tree307:i160000,4,4,11,aligned,0,16,test,0.08310317993164062,3,1,18,307,64
L4_W64_H4,0,test:d16:t3:paligned:tree307:i160001,4,4,11,aligned,1,16,test,0.11050224304199219,3,1,18,307,64
L4_W64_H4,1,test:d16:t3:paligned:tree307:i160002,4,4,11,aligned,0,16,test,-0.016817092895507812,3,0,18,307,64
L4_W64_H4,1,test:d16:t3:paligned:tree307:i160003,4,4,11,aligned,1,16,test,0.08318519592285156,3,1,18,307,64
L4_W64_H4,0,test:d16:t3:paligned:tree307:i160004,4,4,11,aligned,0,16,test,-0.06524276733398438,3,0,18,307,64
L4_W64_H4,0,test:d16:t3:paligned:tree307:i160005,4,4,11,aligned,1,16,test,0.053195953369140625,3,1,18,307,64
L4_W64_H4,1,test:d16:t3:paligned:tree307:i160006,4,4,11,aligned,0,16,test,0.0065479278564453125,3,1,18,307,64
L4_W64_H4,1,test:d16:t3:paligned:tree307:i160007,4,4,11,aligned,1,16,test,0.04856300354003906,3,1,18,307,64
L4_W64_H4,0,test:d16:t3:paligned:tree307:i160008,4,4,11,aligned,0,16,test,0.03662300109863281,3,1,18,307,64
L4_W64_H4,0,test:d16:t3:paligned:tree307:i160009,4,4,11,aligned,1,16,test,0.07806205749511719,3,1,18,307,64
L4_W64_H4,1,test:d16:t3:paligned:tree307:i160010,4,4,11,aligned,0,16,test,0.062007904052734375,3,1,18,307,64
L4_W64_H4,1,test:d16:t3:paligned:tree307:i160011,4,4,11,aligned,1,16,test,0.053623199462890625,3,1,18,307,64
L4_W64_H4,0,test:d16:t3:paligned:tree307:i160012,4,4,11,aligned,0,16,test,-0.04010581970214844,3,0,18,307,64
L4_W64_H4,0,test:d16:t3:paligned:tree307:i160013,4,4,11,aligned,1,16,test,0.049991607666015625,3,1,18,307,64
L4_W64_H4,1,test:d16:t3:paligned:tree307:i160014,4,4,11,aligned,0,16,test,-0.0053844451904296875,3,0,18,307,64
L4_W64_H4,1,test:d16:t3:paligned:tree307:i160015,4,4,11,aligned,1,16,test,-0.00836944580078125,3,0,18,307,64
L4_W64_H4,0,test:d16:t3:prandomized:tree101:i160008,4,4,11,randomized,0,16,test,-0.057300567626953125,3,0,18,101,64
L4_W64_H4,1,test:d16:t3:prandomized:tree211:i160002,4,4,11,randomized,0,16,test,-0.04960441589355469,3,0,18,211,64
L4_W64_H4,0,test:d16:t3:prandomized:tree211:i160004,4,4,11,randomized,0,16,test,-0.021780014038085938,3,0,18,211,64
L4_W64_H4,0,test:d16:t3:prandomized:tree307:i160000,4,4,11,randomized,0,16,test,0.08310317993164062,3,1,18,307,64
L4_W64_H4,0,test:d16:t3:prandomized:tree307:i160005,4,4,11,randomized,1,16,test,0.053195953369140625,3,1,18,307,64
L4_W64_H4,1,test:d16:t3:prandomized:tree307:i160015,4,4,11,randomized,1,16,test,-0.008371353149414062,3,0,18,307,64
L4_W64_H4,0,validation:d16:t0:prandomized:tree101:i160004,4,4,11,randomized,0,16,validation,-0.017047882080078125,0,0,18,101,64
L4_W64_H4,0,validation:d16:t0:prandomized:tree101:i160005,4,4,11,randomized,1,16,validation,-0.029588699340820312,0,0,18,101,64
L4_W64_H4,1,validation:d16:t0:prandomized:tree211:i160002,4,4,11,randomized,0,16,validation,0.03647613525390625,0,1,18,211,64
L4_W64_H4,1,validation:d16:t0:prandomized:tree307:i160011,4,4,11,randomized,1,16,validation,-0.03740692138671875,0,0,18,307,64
L4_W64_H4,0,validation:d16:t0:prandomized:tree307:i160013,4,4,11,randomized,1,16,validation,-0.03568840026855469,0,0,18,307,64
L4_W64_H4,0,validation:d16:t1:prandomized:tree101:i160004,4,4,11,randomized,0,16,validation,-0.019805908203125,1,0,18,101,64
L4_W64_H4,0,validation:d16:t1:prandomized:tree101:i160005,4,4,11,randomized,1,16,validation,-0.029216766357421875,1,0,18,101,64
L4_W64_H4,1,validation:d16:t1:prandomized:tree211:i160002,4,4,11,randomized,0,16,validation,0.035739898681640625,1,1,18,211,64
L4_W64_H4,1,validation:d16:t1:prandomized:tree307:i160011,4,4,11,randomized,1,16,validation,-0.03598594665527344,1,0,18,307,64
L4_W64_H4,0,validation:d16:t1:prandomized:tree307:i160013,4,4,11,randomized,1,16,validation,-0.03581428527832031,1,0,18,307,64
L4_W64_H4,0,validation:d16:t2:prandomized:tree101:i160001,4,4,11,randomized,1,16,validation,-0.00994873046875,2,0,18,101,64
L4_W64_H4,1,validation:d16:t2:prandomized:tree101:i160007,4,4,11,randomized,1,16,validation,0.0368194580078125,2,1,18,101,64
L4_W64_H4,1,validation:d16:t2:prandomized:tree211:i160006,4,4,11,randomized,0,16,validation,0.056163787841796875,2,1,18,211,64
L4_W64_H4,1,validation:d16:t2:prandomized:tree307:i160002,4,4,11,randomized,0,16,validation,0.001117706298828125,2,1,18,307,64
L4_W64_H4,0,validation:d16:t3:prandomized:tree101:i160001,4,4,11,randomized,1,16,validation,-0.008054733276367188,3,0,18,101,64
L4_W64_H4,1,validation:d16:t3:prandomized:tree101:i160007,4,4,11,randomized,1,16,validation,0.03690910339355469,3,1,18,101,64
L4_W64_H4,1,validation:d16:t3:prandomized:tree211:i160006,4,4,11,randomized,0,16,validation,0.054996490478515625,3,1,18,211,64
L4_W64_H4,1,validation:d16:t3:prandomized:tree307:i160002,4,4,11,randomized,0,16,validation,-0.0027751922607421875,3,0,18,307,64
L4_W64_H4,0,test:d16:t0:prandomized:tree101:i160004,4,4,11,randomized,0,16,test,-0.05475807189941406,0,0,18,101,64
L4_W64_H4,0,test:d16:t0:prandomized:tree101:i160005,4,4,11,randomized,1,16,test,0.027997970581054688,0,1,18,101,64
L4_W64_H4,1,test:d16:t0:prandomized:tree211:i160002,4,4,11,randomized,0,16,test,-0.0492401123046875,0,0,18,211,64
L4_W64_H4,1,test:d16:t0:prandomized:tree307:i160011,4,4,11,randomized,1,16,test,0.048618316650390625,0,1,18,307,64
L4_W64_H4,0,test:d16:t0:prandomized:tree307:i160013,4,4,11,randomized,1,16,test,0.052387237548828125,0,1,18,307,64
L4_W64_H4,0,test:d16:t1:prandomized:tree101:i160004,4,4,11,randomized,0,16,test,-0.05405235290527344,1,0,18,101,64
L4_W64_H4,0,test:d16:t1:prandomized:tree101:i160005,4,4,11,randomized,1,16,test,0.029371261596679688,1,1,18,101,64
L4_W64_H4,1,test:d16:t1:prandomized:tree211:i160002,4,4,11,randomized,0,16,test,-0.05001258850097656,1,0,18,211,64
L4_W64_H4,1,test:d16:t1:prandomized:tree307:i160011,4,4,11,randomized,1,16,test,0.05332374572753906,1,1,18,307,64
L4_W64_H4,0,test:d16:t1:prandomized:tree307:i160013,4,4,11,randomized,1,16,test,0.054821014404296875,1,1,18,307,64
L4_W64_H4,0,test:d16:t2:prandomized:tree101:i160001,4,4,11,randomized,1,16,test,-0.08770370483398438,2,0,18,101,64
L4_W64_H4,1,test:d16:t2:prandomized:tree101:i160007,4,4,11,randomized,1,16,test,0.011743545532226562,2,1,18,101,64
L4_W64_H4,1,test:d16:t2:prandomized:tree211:i160006,4,4,11,randomized,0,16,test,-0.02066802978515625,2,0,18,211,64
L4_W64_H4,1,test:d16:t2:prandomized:tree307:i160002,4,4,11,randomized,0,16,test,-0.0138397216796875,2,0,18,307,64
L4_W64_H4,0,test:d16:t3:prandomized:tree101:i160001,4,4,11,randomized,1,16,test,-0.08494186401367188,3,0,18,101,64
L4_W64_H4,1,test:d16:t3:prandomized:tree101:i160007,4,4,11,randomized,1,16,test,0.011301040649414062,3,1,18,101,64
L4_W64_H4,1,test:d16:t3:prandomized:tree211:i160006,4,4,11,randomized,0,16,test,-0.02362060546875,3,0,18,211,64
L4_W64_H4,1,test:d16:t3:prandomized:tree307:i160002,4,4,11,randomized,0,16,test,-0.01563262939453125,3,0,18,307,64
L4_W64_H4,0,validation:d16:t0:prandomized:tree101:i160008,4,4,11,randomized,0,16,validation,0.14191818237304688,0,1,18,101,64
L4_W64_H4,1,validation:d16:t0:prandomized:tree101:i160011,4,4,11,randomized,1,16,validation,0.04147148132324219,0,1,18,101,64
L4_W64_H4,0,validation:d16:t0:prandomized:tree101:i160012,4,4,11,randomized,0,16,validation,0.07958602905273438,0,1,18,101,64
L4_W64_H4,0,validation:d16:t0:prandomized:tree211:i160004,4,4,11,randomized,0,16,validation,0.0086669921875,0,1,18,211,64
L4_W64_H4,0,validation:d16:t0:prandomized:tree211:i160013,4,4,11,randomized,1,16,validation,0.05121803283691406,0,1,18,211,64
L4_W64_H4,1,validation:d16:t0:prandomized:tree307:i160006,4,4,11,randomized,0,16,validation,0.06641197204589844,0,1,18,307,64
L4_W64_H4,0,validation:d16:t0:prandomized:tree307:i160012,4,4,11,randomized,0,16,validation,0.09476089477539062,0,1,18,307,64
L4_W64_H4,0,validation:d16:t1:prandomized:tree101:i160008,4,4,11,randomized,0,16,validation,0.14084625244140625,1,1,18,101,64
L4_W64_H4,1,validation:d16:t1:prandomized:tree101:i160011,4,4,11,randomized,1,16,validation,0.042022705078125,1,1,18,101,64
L4_W64_H4,0,validation:d16:t1:prandomized:tree101:i160012,4,4,11,randomized,0,16,validation,0.07798957824707031,1,1,18,101,64
L4_W64_H4,0,validation:d16:t1:prandomized:tree211:i160004,4,4,11,randomized,0,16,validation,0.007320404052734375,1,1,18,211,64
L4_W64_H4,0,validation:d16:t1:prandomized:tree211:i160013,4,4,11,randomized,1,16,validation,0.05230140686035156,1,1,18,211,64
L4_W64_H4,1,validation:d16:t1:prandomized:tree307:i160006,4,4,11,randomized,0,16,validation,0.06576156616210938,1,1,18,307,64
L4_W64_H4,0,validation:d16:t1:prandomized:tree307:i160012,4,4,11,randomized,0,16,validation,0.09548187255859375,1,1,18,307,64
L4_W64_H4,1,validation:d16:t2:prandomized:tree101:i160011,4,4,11,randomized,1,16,validation,0.04356193542480469,2,1,18,101,64
L4_W64_H4,0,validation:d16:t2:prandomized:tree101:i160012,4,4,11,randomized,0,16,validation,0.08091545104980469,2,1,18,101,64
L4_W64_H4,1,validation:d16:t2:prandomized:tree101:i160014,4,4,11,randomized,0,16,validation,-0.0031414031982421875,2,0,18,101,64
L4_W64_H4,1,validation:d16:t2:prandomized:tree307:i160010,4,4,11,randomized,0,16,validation,-0.04026222229003906,2,0,18,307,64
L4_W64_H4,1,validation:d16:t2:prandomized:tree307:i160011,4,4,11,randomized,1,16,validation,-0.04245567321777344,2,0,18,307,64
L4_W64_H4,0,validation:d16:t2:prandomized:tree307:i160013,4,4,11,randomized,1,16,validation,-0.03839683532714844,2,0,18,307,64
L4_W64_H4,1,validation:d16:t3:prandomized:tree101:i160011,4,4,11,randomized,1,16,validation,0.04307365417480469,3,1,18,101,64
L4_W64_H4,0,validation:d16:t3:prandomized:tree101:i160012,4,4,11,randomized,0,16,validation,0.07753372192382812,3,1,18,101,64
L4_W64_H4,1,validation:d16:t3:prandomized:tree101:i160014,4,4,11,randomized,0,16,validation,-0.0046863555908203125,3,0,18,101,64
L4_W64_H4,1,validation:d16:t3:prandomized:tree307:i160010,4,4,11,randomized,0,16,validation,-0.04197502136230469,3,0,18,307,64
L4_W64_H4,1,validation:d16:t3:prandomized:tree307:i160011,4,4,11,randomized,1,16,validation,-0.039703369140625,3,0,18,307,64
L4_W64_H4,0,validation:d16:t3:prandomized:tree307:i160013,4,4,11,randomized,1,16,validation,-0.03898811340332031,3,0,18,307,64
L4_W64_H4,0,test:d16:t0:prandomized:tree101:i160008,4,4,11,randomized,0,16,test,-0.052814483642578125,0,0,18,101,64
L4_W64_H4,1,test:d16:t0:prandomized:tree101:i160011,4,4,11,randomized,1,16,test,0.0049877166748046875,0,1,18,101,64
L4_W64_H4,0,test:d16:t0:prandomized:tree101:i160012,4,4,11,randomized,0,16,test,-0.04164695739746094,0,0,18,101,64
L4_W64_H4,0,test:d16:t0:prandomized:tree211:i160004,4,4,11,randomized,0,16,test,-0.016448974609375,0,0,18,211,64
L4_W64_H4,0,test:d16:t0:prandomized:tree211:i160013,4,4,11,randomized,1,16,test,-0.03766632080078125,0,0,18,211,64
L4_W64_H4,1,test:d16:t0:prandomized:tree307:i160006,4,4,11,randomized,0,16,test,0.008432388305664062,0,1,18,307,64
L4_W64_H4,0,test:d16:t0:prandomized:tree307:i160012,4,4,11,randomized,0,16,test,-0.038867950439453125,0,0,18,307,64
L4_W64_H4,0,test:d16:t1:prandomized:tree101:i160008,4,4,11,randomized,0,16,test,-0.057201385498046875,1,0,18,101,64
L4_W64_H4,1,test:d16:t1:prandomized:tree101:i160011,4,4,11,randomized,1,16,test,0.0043621063232421875,1,1,18,101,64
L4_W64_H4,0,test:d16:t1:prandomized:tree101:i160012,4,4,11,randomized,0,16,test,-0.04479026794433594,1,0,18,101,64
L4_W64_H4,0,test:d16:t1:prandomized:tree211:i160004,4,4,11,randomized,0,16,test,-0.021129608154296875,1,0,18,211,64
L4_W64_H4,0,test:d16:t1:prandomized:tree211:i160013,4,4,11,randomized,1,16,test,-0.03735160827636719,1,0,18,211,64
L4_W64_H4,1,test:d16:t1:prandomized:tree307:i160006,4,4,11,randomized,0,16,test,0.0067844390869140625,1,1,18,307,64
L4_W64_H4,0,test:d16:t1:prandomized:tree307:i160012,4,4,11,randomized,0,16,test,-0.04007530212402344,1,0,18,307,64
L4_W64_H4,1,test:d16:t2:prandomized:tree101:i160011,4,4,11,randomized,1,16,test,0.0025310516357421875,2,1,18,101,64
L4_W64_H4,0,test:d16:t2:prandomized:tree101:i160012,4,4,11,randomized,0,16,test,-0.04167938232421875,2,0,18,101,64
L4_W64_H4,1,test:d16:t2:prandomized:tree101:i160014,4,4,11,randomized,0,16,test,-0.056034088134765625,2,0,18,101,64
L4_W64_H4,1,test:d16:t2:prandomized:tree307:i160010,4,4,11,randomized,0,16,test,0.06548881530761719,2,1,18,307,64
L4_W64_H4,1,test:d16:t2:prandomized:tree307:i160011,4,4,11,randomized,1,16,test,0.044879913330078125,2,1,18,307,64
L4_W64_H4,0,test:d16:t2:prandomized:tree307:i160013,4,4,11,randomized,1,16,test,0.05184364318847656,2,1,18,307,64
L4_W64_H4,1,test:d16:t3:prandomized:tree101:i160011,4,4,11,randomized,1,16,test,0.0054874420166015625,3,1,18,101,64
L4_W64_H4,0,test:d16:t3:prandomized:tree101:i160012,4,4,11,randomized,0,16,test,-0.04547882080078125,3,0,18,101,64
L4_W64_H4,1,test:d16:t3:prandomized:tree101:i160014,4,4,11,randomized,0,16,test,-0.05547142028808594,3,0,18,101,64
L4_W64_H4,1,test:d16:t3:prandomized:tree307:i160010,4,4,11,randomized,0,16,test,0.0658111572265625,3,1,18,307,64
L4_W64_H4,1,test:d16:t3:prandomized:tree307:i160011,4,4,11,randomized,1,16,test,0.04665946960449219,3,1,18,307,64
L4_W64_H4,0,test:d16:t3:prandomized:tree307:i160013,4,4,11,randomized,1,16,test,0.05272865295410156,3,1,18,307,64
L4_W64_H4,1,validation:d16:t0:prandomized:tree211:i160003,4,4,11,randomized,1,16,validation,-0.015102386474609375,0,0,18,211,64
L4_W64_H4,1,validation:d16:t0:prandomized:tree211:i160011,4,4,11,randomized,1,16,validation,-0.04143524169921875,0,0,18,211,64
L4_W64_H4,1,validation:d16:t1:prandomized:tree211:i160003,4,4,11,randomized,1,16,validation,-0.016857147216796875,1,0,18,211,64
L4_W64_H4,1,validation:d16:t1:prandomized:tree211:i160011,4,4,11,randomized,1,16,validation,-0.04197120666503906,1,0,18,211,64
L4_W64_H4,1,validation:d16:t2:prandomized:tree101:i160003,4,4,11,randomized,1,16,validation,-0.0364837646484375,2,0,18,101,64
L4_W64_H4,0,validation:d16:t2:prandomized:tree211:i160001,4,4,11,randomized,1,16,validation,0.009342193603515625,2,1,18,211,64
L4_W64_H4,0,validation:d16:t2:prandomized:tree211:i160008,4,4,11,randomized,0,16,validation,-0.029230117797851562,2,0,18,211,64
L4_W64_H4,0,validation:d16:t2:prandomized:tree211:i160012,4,4,11,randomized,0,16,validation,-0.004608154296875,2,0,18,211,64
L4_W64_H4,1,validation:d16:t2:prandomized:tree211:i160015,4,4,11,randomized,1,16,validation,0.04095268249511719,2,1,18,211,64
L4_W64_H4,0,validation:d16:t2:prandomized:tree307:i160012,4,4,11,randomized,0,16,validation,0.10250663757324219,2,1,18,307,64
L4_W64_H4,1,validation:d16:t3:prandomized:tree101:i160003,4,4,11,randomized,1,16,validation,-0.03586006164550781,3,0,18,101,64
L4_W64_H4,0,validation:d16:t3:prandomized:tree211:i160001,4,4,11,randomized,1,16,validation,0.007856369018554688,3,1,18,211,64
L4_W64_H4,0,validation:d16:t3:prandomized:tree211:i160008,4,4,11,randomized,0,16,validation,-0.03187751770019531,3,0,18,211,64
L4_W64_H4,0,validation:d16:t3:prandomized:tree211:i160012,4,4,11,randomized,0,16,validation,-0.0047740936279296875,3,0,18,211,64
L4_W64_H4,1,validation:d16:t3:prandomized:tree211:i160015,4,4,11,randomized,1,16,validation,0.04162788391113281,3,1,18,211,64
L4_W64_H4,0,validation:d16:t3:prandomized:tree307:i160012,4,4,11,randomized,0,16,validation,0.1013031005859375,3,1,18,307,64
L4_W64_H4,1,test:d16:t0:prandomized:tree211:i160003,4,4,11,randomized,1,16,test,0.04338264465332031,0,1,18,211,64
L4_W64_H4,1,test:d16:t0:prandomized:tree211:i160011,4,4,11,randomized,1,16,test,-0.011411666870117188,0,0,18,211,64
L4_W64_H4,1,test:d16:t1:prandomized:tree211:i160003,4,4,11,randomized,1,16,test,0.043243408203125,1,1,18,211,64
L4_W64_H4,1,test:d16:t1:prandomized:tree211:i160011,4,4,11,randomized,1,16,test,-0.010578155517578125,1,0,18,211,64
L4_W64_H4,1,test:d16:t2:prandomized:tree101:i160003,4,4,11,randomized,1,16,test,0.0067615509033203125,2,1,18,101,64
L4_W64_H4,0,test:d16:t2:prandomized:tree211:i160001,4,4,11,randomized,1,16,test,0.012998580932617188,2,1,18,211,64
L4_W64_H4,0,test:d16:t2:prandomized:tree211:i160008,4,4,11,randomized,0,16,test,0.010694503784179688,2,1,18,211,64
L4_W64_H4,0,test:d16:t2:prandomized:tree211:i160012,4,4,11,randomized,0,16,test,-0.04582405090332031,2,0,18,211,64
L4_W64_H4,1,test:d16:t2:prandomized:tree211:i160015,4,4,11,randomized,1,16,test,0.03268241882324219,2,1,18,211,64
L4_W64_H4,0,test:d16:t2:prandomized:tree307:i160012,4,4,11,randomized,0,16,test,-0.033893585205078125,2,0,18,307,64
L4_W64_H4,1,test:d16:t3:prandomized:tree101:i160003,4,4,11,randomized,1,16,test,0.00865936279296875,3,1,18,101,64
L4_W64_H4,0,test:d16:t3:prandomized:tree211:i160001,4,4,11,randomized,1,16,test,0.01345062255859375,3,1,18,211,64
L4_W64_H4,0,test:d16:t3:prandomized:tree211:i160008,4,4,11,randomized,0,16,test,0.009893417358398438,3,1,18,211,64
L4_W64_H4,0,test:d16:t3:prandomized:tree211:i160012,4,4,11,randomized,0,16,test,-0.04842185974121094,3,0,18,211,64
L4_W64_H4,1,test:d16:t3:prandomized:tree211:i160015,4,4,11,randomized,1,16,test,0.03351593017578125,3,1,18,211,64
L4_W64_H4,0,test:d16:t3:prandomized:tree307:i160012,4,4,11,randomized,0,16,test,-0.036224365234375,3,0,18,307,64
L4_W64_H4,1,validation:d16:t0:prandomized:tree101:i160002,4,4,11,randomized,0,16,validation,0.0005016326904296875,0,1,18,101,64
L4_W64_H4,1,validation:d16:t0:prandomized:tree101:i160007,4,4,11,randomized,1,16,validation,0.018484115600585938,0,1,18,101,64
L4_W64_H4,0,validation:d16:t0:prandomized:tree211:i160005,4,4,11,randomized,1,16,validation,-0.07049369812011719,0,0,18,211,64
L4_W64_H4,1,validation:d16:t0:prandomized:tree307:i160002,4,4,11,randomized,0,16,validation,0.013622283935546875,0,1,18,307,64
L4_W64_H4,0,validation:d16:t0:prandomized:tree307:i160008,4,4,11,randomized,0,16,validation,-0.033359527587890625,0,0,18,307,64
L4_W64_H4,1,validation:d16:t0:prandomized:tree307:i160010,4,4,11,randomized,0,16,validation,-0.03345680236816406,0,0,18,307,64
L4_W64_H4,1,validation:d16:t0:prandomized:tree307:i160014,4,4,11,randomized,0,16,validation,0.07927513122558594,0,1,18,307,64
L4_W64_H4,1,validation:d16:t0:prandomized:tree307:i160015,4,4,11,randomized,1,16,validation,-0.07596969604492188,0,0,18,307,64
L4_W64_H4,1,validation:d16:t1:prandomized:tree101:i160002,4,4,11,randomized,0,16,validation,0.0009746551513671875,1,1,18,101,64
L4_W64_H4,1,validation:d16:t1:prandomized:tree101:i160007,4,4,11,randomized,1,16,validation,0.021432876586914062,1,1,18,101,64
L4_W64_H4,0,validation:d16:t1:prandomized:tree211:i160005,4,4,11,randomized,1,16,validation,-0.06963539123535156,1,0,18,211,64
L4_W64_H4,1,validation:d16:t1:prandomized:tree307:i160002,4,4,11,randomized,0,16,validation,0.01031494140625,1,1,18,307,64
L4_W64_H4,0,validation:d16:t1:prandomized:tree307:i160008,4,4,11,randomized,0,16,validation,-0.03431892395019531,1,0,18,307,64
L4_W64_H4,1,validation:d16:t1:prandomized:tree307:i160010,4,4,11,randomized,0,16,validation,-0.03185844421386719,1,0,18,307,64
L4_W64_H4,1,validation:d16:t1:prandomized:tree307:i160014,4,4,11,randomized,0,16,validation,0.07901763916015625,1,1,18,307,64
L4_W64_H4,1,validation:d16:t1:prandomized:tree307:i160015,4,4,11,randomized,1,16,validation,-0.07552528381347656,1,0,18,307,64
L4_W64_H4,0,validation:d16:t2:prandomized:tree101:i160004,4,4,11,randomized,0,16,validation,-0.00222015380859375,2,0,18,101,64
L4_W64_H4,0,validation:d16:t2:prandomized:tree211:i160005,4,4,11,randomized,1,16,validation,-0.07056045532226562,2,0,18,211,64
L4_W64_H4,1,validation:d16:t2:prandomized:tree211:i160007,4,4,11,randomized,1,16,validation,-0.021783828735351562,2,0,18,211,64
L4_W64_H4,0,validation:d16:t2:prandomized:tree307:i160001,4,4,11,randomized,1,16,validation,0.010828018188476562,2,1,18,307,64
L4_W64_H4,0,validation:d16:t2:prandomized:tree307:i160004,4,4,11,randomized,0,16,validation,0.07238197326660156,2,1,18,307,64
L4_W64_H4,0,validation:d16:t2:prandomized:tree307:i160008,4,4,11,randomized,0,16,validation,-0.03363990783691406,2,0,18,307,64
L4_W64_H4,0,validation:d16:t3:prandomized:tree101:i160004,4,4,11,randomized,0,16,validation,-0.0038623809814453125,3,0,18,101,64
L4_W64_H4,0,validation:d16:t3:prandomized:tree211:i160005,4,4,11,randomized,1,16,validation,-0.07018470764160156,3,0,18,211,64
L4_W64_H4,1,validation:d16:t3:prandomized:tree211:i160007,4,4,11,randomized,1,16,validation,-0.021043777465820312,3,0,18,211,64
L4_W64_H4,0,validation:d16:t3:prandomized:tree307:i160001,4,4,11,randomized,1,16,validation,0.013814926147460938,3,1,18,307,64
L4_W64_H4,0,validation:d16:t3:prandomized:tree307:i160004,4,4,11,randomized,0,16,validation,0.07164573669433594,3,1,18,307,64
L4_W64_H4,0,validation:d16:t3:prandomized:tree307:i160008,4,4,11,randomized,0,16,validation,-0.03272247314453125,3,0,18,307,64
L4_W64_H4,1,test:d16:t0:prandomized:tree101:i160002,4,4,11,randomized,0,16,test,-0.052524566650390625,0,0,18,101,64
L4_W64_H4,1,test:d16:t0:prandomized:tree101:i160007,4,4,11,randomized,1,16,test,-0.004367828369140625,0,0,18,101,64
L4_W64_H4,0,test:d16:t0:prandomized:tree211:i160005,4,4,11,randomized,1,16,test,-0.03299713134765625,0,0,18,211,64
L4_W64_H4,1,test:d16:t0:prandomized:tree307:i160002,4,4,11,randomized,0,16,test,-0.003391265869140625,0,0,18,307,64
L4_W64_H4,0,test:d16:t0:prandomized:tree307:i160008,4,4,11,randomized,0,16,test,0.05579185485839844,0,1,18,307,64
L4_W64_H4,1,test:d16:t0:prandomized:tree307:i160010,4,4,11,randomized,0,16,test,0.07667732238769531,0,1,18,307,64
L4_W64_H4,1,test:d16:t0:prandomized:tree307:i160014,4,4,11,randomized,0,16,test,0.008798599243164062,0,1,18,307,64
L4_W64_H4,1,test:d16:t0:prandomized:tree307:i160015,4,4,11,randomized,1,16,test,-0.020116806030273438,0,0,18,307,64
L4_W64_H4,1,test:d16:t1:prandomized:tree101:i160002,4,4,11,randomized,0,16,test,-0.052074432373046875,1,0,18,101,64
L4_W64_H4,1,test:d16:t1:prandomized:tree101:i160007,4,4,11,randomized,1,16,test,-0.0031909942626953125,1,0,18,101,64
L4_W64_H4,0,test:d16:t1:prandomized:tree211:i160005,4,4,11,randomized,1,16,test,-0.03170585632324219,1,0,18,211,64
L4_W64_H4,1,test:d16:t1:prandomized:tree307:i160002,4,4,11,randomized,0,16,test,-0.005039215087890625,1,0,18,307,64
L4_W64_H4,0,test:d16:t1:prandomized:tree307:i160008,4,4,11,randomized,0,16,test,0.053157806396484375,1,1,18,307,64
L4_W64_H4,1,test:d16:t1:prandomized:tree307:i160010,4,4,11,randomized,0,16,test,0.07666206359863281,1,1,18,307,64
L4_W64_H4,1,test:d16:t1:prandomized:tree307:i160014,4,4,11,randomized,0,16,test,0.010406494140625,1,1,18,307,64
L4_W64_H4,1,test:d16:t1:prandomized:tree307:i160015,4,4,11,randomized,1,16,test,-0.015249252319335938,1,0,18,307,64
L4_W64_H4,0,test:d16:t2:prandomized:tree101:i160004,4,4,11,randomized,0,16,test,-0.03636741638183594,2,0,18,101,64
L4_W64_H4,0,test:d16:t2:prandomized:tree211:i160005,4,4,11,randomized,1,16,test,-0.03330230712890625,2,0,18,211,64
L4_W64_H4,1,test:d16:t2:prandomized:tree211:i160007,4,4,11,randomized,1,16,test,-0.00714874267578125,2,0,18,211,64
L4_W64_H4,0,test:d16:t2:prandomized:tree307:i160001,4,4,11,randomized,1,16,test,0.09006690979003906,2,1,18,307,64
L4_W64_H4,0,test:d16:t2:prandomized:tree307:i160004,4,4,11,randomized,0,16,test,-0.044322967529296875,2,0,18,307,64
L4_W64_H4,0,test:d16:t2:prandomized:tree307:i160008,4,4,11,randomized,0,16,test,0.0545196533203125,2,1,18,307,64
L4_W64_H4,0,test:d16:t3:prandomized:tree101:i160004,4,4,11,randomized,0,16,test,-0.033184051513671875,3,0,18,101,64
L4_W64_H4,0,test:d16:t3:prandomized:tree211:i160005,4,4,11,randomized,1,16,test,-0.03172492980957031,3,0,18,211,64
L4_W64_H4,1,test:d16:t3:prandomized:tree211:i160007,4,4,11,randomized,1,16,test,-0.001010894775390625,3,0,18,211,64
L4_W64_H4,0,test:d16:t3:prandomized:tree307:i160001,4,4,11,randomized,1,16,test,0.09478759765625,3,1,18,307,64
L4_W64_H4,0,test:d16:t3:prandomized:tree307:i160004,4,4,11,randomized,0,16,test,-0.04807853698730469,3,0,18,307,64
L4_W64_H4,0,test:d16:t3:prandomized:tree307:i160008,4,4,11,randomized,0,16,test,0.053783416748046875,3,1,18,307,64
L4_W64_H4,0,validation:d16:t0:prandomized:tree101:i160001,4,4,11,randomized,1,16,validation,-0.02970123291015625,0,0,18,101,64
L4_W64_H4,0,validation:d16:t0:prandomized:tree101:i160013,4,4,11,randomized,1,16,validation,-0.07453536987304688,0,0,18,101,64
L4_W64_H4,1,validation:d16:t0:prandomized:tree101:i160015,4,4,11,randomized,1,16,validation,-0.011096954345703125,0,0,18,101,64
L4_W64_H4,0,validation:d16:t0:prandomized:tree211:i160009,4,4,11,randomized,1,16,validation,0.0094451904296875,0,1,18,211,64
L4_W64_H4,1,validation:d16:t0:prandomized:tree211:i160015,4,4,11,randomized,1,16,validation,0.025270462036132812,0,1,18,211,64
L4_W64_H4,0,validation:d16:t0:prandomized:tree307:i160000,4,4,11,randomized,0,16,validation,0.030466079711914062,0,1,18,307,64
L4_W64_H4,1,validation:d16:t0:prandomized:tree307:i160003,4,4,11,randomized,1,16,validation,-0.02484893798828125,0,0,18,307,64
L4_W64_H4,0,validation:d16:t0:prandomized:tree307:i160009,4,4,11,randomized,1,16,validation,-0.07240486145019531,0,0,18,307,64
L4_W64_H4,0,validation:d16:t1:prandomized:tree101:i160001,4,4,11,randomized,1,16,validation,-0.028020858764648438,1,0,18,101,64
L4_W64_H4,0,validation:d16:t1:prandomized:tree101:i160013,4,4,11,randomized,1,16,validation,-0.07469558715820312,1,0,18,101,64
L4_W64_H4,1,validation:d16:t1:prandomized:tree101:i160015,4,4,11,randomized,1,16,validation,-0.012712478637695312,1,0,18,101,64
L4_W64_H4,0,validation:d16:t1:prandomized:tree211:i160009,4,4,11,randomized,1,16,validation,0.010576248168945312,1,1,18,211,64
L4_W64_H4,1,validation:d16:t1:prandomized:tree211:i160015,4,4,11,randomized,1,16,validation,0.02611541748046875,1,1,18,211,64
L4_W64_H4,0,validation:d16:t1:prandomized:tree307:i160000,4,4,11,randomized,0,16,validation,0.0296783447265625,1,1,18,307,64
L4_W64_H4,1,validation:d16:t1:prandomized:tree307:i160003,4,4,11,randomized,1,16,validation,-0.026811599731445312,1,0,18,307,64
L4_W64_H4,0,validation:d16:t1:prandomized:tree307:i160009,4,4,11,randomized,1,16,validation,-0.07256507873535156,1,0,18,307,64
L4_W64_H4,0,validation:d16:t2:prandomized:tree211:i160009,4,4,11,randomized,1,16,validation,0.0088653564453125,2,1,18,211,64
L4_W64_H4,1,validation:d16:t2:prandomized:tree211:i160010,4,4,11,randomized,0,16,validation,0.05884742736816406,2,1,18,211,64
L4_W64_H4,1,validation:d16:t2:prandomized:tree211:i160011,4,4,11,randomized,1,16,validation,-0.05796051025390625,2,0,18,211,64
L4_W64_H4,0,validation:d16:t2:prandomized:tree211:i160013,4,4,11,randomized,1,16,validation,0.030450820922851562,2,1,18,211,64
L4_W64_H4,0,validation:d16:t2:prandomized:tree307:i160009,4,4,11,randomized,1,16,validation,-0.07271385192871094,2,0,18,307,64
L4_W64_H4,1,validation:d16:t2:prandomized:tree307:i160014,4,4,11,randomized,0,16,validation,0.09312057495117188,2,1,18,307,64
L4_W64_H4,0,validation:d16:t3:prandomized:tree211:i160009,4,4,11,randomized,1,16,validation,0.009998321533203125,3,1,18,211,64
L4_W64_H4,1,validation:d16:t3:prandomized:tree211:i160010,4,4,11,randomized,0,16,validation,0.057186126708984375,3,1,18,211,64
L4_W64_H4,1,validation:d16:t3:prandomized:tree211:i160011,4,4,11,randomized,1,16,validation,-0.0576629638671875,3,0,18,211,64
L4_W64_H4,0,validation:d16:t3:prandomized:tree211:i160013,4,4,11,randomized,1,16,validation,0.03227996826171875,3,1,18,211,64
L4_W64_H4,0,validation:d16:t3:prandomized:tree307:i160009,4,4,11,randomized,1,16,validation,-0.07143592834472656,3,0,18,307,64
L4_W64_H4,1,validation:d16:t3:prandomized:tree307:i160014,4,4,11,randomized,0,16,validation,0.090789794921875,3,1,18,307,64
L4_W64_H4,0,test:d16:t0:prandomized:tree101:i160001,4,4,11,randomized,1,16,test,-0.10818862915039062,0,0,18,101,64
L4_W64_H4,0,test:d16:t0:prandomized:tree101:i160013,4,4,11,randomized,1,16,test,0.0511627197265625,0,1,18,101,64
L4_W64_H4,1,test:d16:t0:prandomized:tree101:i160015,4,4,11,randomized,1,16,test,-0.010961532592773438,0,0,18,101,64
L4_W64_H4,0,test:d16:t0:prandomized:tree211:i160009,4,4,11,randomized,1,16,test,-0.051422119140625,0,0,18,211,64
L4_W64_H4,1,test:d16:t0:prandomized:tree211:i160015,4,4,11,randomized,1,16,test,0.017858505249023438,0,1,18,211,64
L4_W64_H4,0,test:d16:t0:prandomized:tree307:i160000,4,4,11,randomized,0,16,test,0.10545158386230469,0,1,18,307,64
L4_W64_H4,1,test:d16:t0:prandomized:tree307:i160003,4,4,11,randomized,1,16,test,0.05410957336425781,0,1,18,307,64
L4_W64_H4,0,test:d16:t0:prandomized:tree307:i160009,4,4,11,randomized,1,16,test,0.051128387451171875,0,1,18,307,64
L4_W64_H4,0,test:d16:t1:prandomized:tree101:i160001,4,4,11,randomized,1,16,test,-0.1053924560546875,1,0,18,101,64
L4_W64_H4,0,test:d16:t1:prandomized:tree101:i160013,4,4,11,randomized,1,16,test,0.05027008056640625,1,1,18,101,64
L4_W64_H4,1,test:d16:t1:prandomized:tree101:i160015,4,4,11,randomized,1,16,test,-0.011035919189453125,1,0,18,101,64
L4_W64_H4,0,test:d16:t1:prandomized:tree211:i160009,4,4,11,randomized,1,16,test,-0.050457000732421875,1,0,18,211,64
L4_W64_H4,1,test:d16:t1:prandomized:tree211:i160015,4,4,11,randomized,1,16,test,0.018732070922851562,1,1,18,211,64
L4_W64_H4,0,test:d16:t1:prandomized:tree307:i160000,4,4,11,randomized,0,16,test,0.10530853271484375,1,1,18,307,64
L4_W64_H4,1,test:d16:t1:prandomized:tree307:i160003,4,4,11,randomized,1,16,test,0.05454063415527344,1,1,18,307,64
L4_W64_H4,0,test:d16:t1:prandomized:tree307:i160009,4,4,11,randomized,1,16,test,0.047733306884765625,1,1,18,307,64
L4_W64_H4,0,test:d16:t2:prandomized:tree211:i160009,4,4,11,randomized,1,16,test,-0.050994873046875,2,0,18,211,64
L4_W64_H4,1,test:d16:t2:prandomized:tree211:i160010,4,4,11,randomized,0,16,test,0.021497726440429688,2,1,18,211,64
L4_W64_H4,1,test:d16:t2:prandomized:tree211:i160011,4,4,11,randomized,1,16,test,-0.03141212463378906,2,0,18,211,64
L4_W64_H4,0,test:d16:t2:prandomized:tree211:i160013,4,4,11,randomized,1,16,test,-0.06121253967285156,2,0,18,211,64
L4_W64_H4,0,test:d16:t2:prandomized:tree307:i160009,4,4,11,randomized,1,16,test,0.05064201354980469,2,1,18,307,64
L4_W64_H4,1,test:d16:t2:prandomized:tree307:i160014,4,4,11,randomized,0,16,test,0.01895904541015625,2,1,18,307,64
L4_W64_H4,0,test:d16:t3:prandomized:tree211:i160009,4,4,11,randomized,1,16,test,-0.05011558532714844,3,0,18,211,64
L4_W64_H4,1,test:d16:t3:prandomized:tree211:i160010,4,4,11,randomized,0,16,test,0.016752243041992188,3,1,18,211,64
L4_W64_H4,1,test:d16:t3:prandomized:tree211:i160011,4,4,11,randomized,1,16,test,-0.030309677124023438,3,0,18,211,64
L4_W64_H4,0,test:d16:t3:prandomized:tree211:i160013,4,4,11,randomized,1,16,test,-0.06008338928222656,3,0,18,211,64
L4_W64_H4,0,test:d16:t3:prandomized:tree307:i160009,4,4,11,randomized,1,16,test,0.046909332275390625,3,1,18,307,64
L4_W64_H4,1,test:d16:t3:prandomized:tree307:i160014,4,4,11,randomized,0,16,test,0.021547317504882812,3,1,18,307,64
L4_W64_H4,0,validation:d16:t0:prandomized:tree101:i160000,4,4,11,randomized,0,16,validation,0.062152862548828125,0,1,18,101,64
L4_W64_H4,1,validation:d16:t0:prandomized:tree101:i160010,4,4,11,randomized,0,16,validation,0.030950546264648438,0,1,18,101,64
L4_W64_H4,1,validation:d16:t0:prandomized:tree101:i160014,4,4,11,randomized,0,16,validation,0.029642105102539062,0,1,18,101,64
L4_W64_H4,0,validation:d16:t0:prandomized:tree307:i160001,4,4,11,randomized,1,16,validation,-0.011079788208007812,0,0,18,307,64
L4_W64_H4,0,validation:d16:t1:prandomized:tree101:i160000,4,4,11,randomized,0,16,validation,0.062191009521484375,1,1,18,101,64
L4_W64_H4,1,validation:d16:t1:prandomized:tree101:i160010,4,4,11,randomized,0,16,validation,0.034069061279296875,1,1,18,101,64
L4_W64_H4,1,validation:d16:t1:prandomized:tree101:i160014,4,4,11,randomized,0,16,validation,0.02957916259765625,1,1,18,101,64
L4_W64_H4,0,validation:d16:t1:prandomized:tree307:i160001,4,4,11,randomized,1,16,validation,-0.007770538330078125,1,0,18,307,64
L4_W64_H4,1,validation:d16:t2:prandomized:tree101:i160006,4,4,11,randomized,0,16,validation,0.03713035583496094,2,1,18,101,64
L4_W64_H4,0,validation:d16:t2:prandomized:tree101:i160009,4,4,11,randomized,1,16,validation,-0.0077667236328125,2,0,18,101,64
L4_W64_H4,1,validation:d16:t2:prandomized:tree101:i160010,4,4,11,randomized,0,16,validation,0.0289459228515625,2,1,18,101,64
L4_W64_H4,1,validation:d16:t2:prandomized:tree101:i160015,4,4,11,randomized,1,16,validation,-0.013868331909179688,2,0,18,101,64
L4_W64_H4,1,validation:d16:t2:prandomized:tree307:i160006,4,4,11,randomized,0,16,validation,0.09139823913574219,2,1,18,307,64
L4_W64_H4,1,validation:d16:t3:prandomized:tree101:i160006,4,4,11,randomized,0,16,validation,0.0379638671875,3,1,18,101,64
L4_W64_H4,0,validation:d16:t3:prandomized:tree101:i160009,4,4,11,randomized,1,16,validation,-0.009462356567382812,3,0,18,101,64
L4_W64_H4,1,validation:d16:t3:prandomized:tree101:i160010,4,4,11,randomized,0,16,validation,0.03365325927734375,3,1,18,101,64
L4_W64_H4,1,validation:d16:t3:prandomized:tree101:i160015,4,4,11,randomized,1,16,validation,-0.01348876953125,3,0,18,101,64
L4_W64_H4,1,validation:d16:t3:prandomized:tree307:i160006,4,4,11,randomized,0,16,validation,0.09097862243652344,3,1,18,307,64
L4_W64_H4,0,test:d16:t0:prandomized:tree101:i160000,4,4,11,randomized,0,16,test,-0.022748947143554688,0,0,18,101,64
L4_W64_H4,1,test:d16:t0:prandomized:tree101:i160010,4,4,11,randomized,0,16,test,-0.015394210815429688,0,0,18,101,64
L4_W64_H4,1,test:d16:t0:prandomized:tree101:i160014,4,4,11,randomized,0,16,test,-0.026922225952148438,0,0,18,101,64
L4_W64_H4,0,test:d16:t0:prandomized:tree307:i160001,4,4,11,randomized,1,16,test,0.07584762573242188,0,1,18,307,64
L4_W64_H4,0,test:d16:t1:prandomized:tree101:i160000,4,4,11,randomized,0,16,test,-0.022151947021484375,1,0,18,101,64
L4_W64_H4,1,test:d16:t1:prandomized:tree101:i160010,4,4,11,randomized,0,16,test,-0.01586151123046875,1,0,18,101,64
L4_W64_H4,1,test:d16:t1:prandomized:tree101:i160014,4,4,11,randomized,0,16,test,-0.0257415771484375,1,0,18,101,64
L4_W64_H4,0,test:d16:t1:prandomized:tree307:i160001,4,4,11,randomized,1,16,test,0.07775497436523438,1,1,18,307,64
L4_W64_H4,1,test:d16:t2:prandomized:tree101:i160006,4,4,11,randomized,0,16,test,-0.02886199951171875,2,0,18,101,64
L4_W64_H4,0,test:d16:t2:prandomized:tree101:i160009,4,4,11,randomized,1,16,test,0.042400360107421875,2,1,18,101,64
L4_W64_H4,1,test:d16:t2:prandomized:tree101:i160010,4,4,11,randomized,0,16,test,-0.015048980712890625,2,0,18,101,64
L4_W64_H4,1,test:d16:t2:prandomized:tree101:i160015,4,4,11,randomized,1,16,test,-0.021554946899414062,2,0,18,101,64
L4_W64_H4,1,test:d16:t2:prandomized:tree307:i160006,4,4,11,randomized,0,16,test,0.033031463623046875,2,1,18,307,64
L4_W64_H4,1,test:d16:t3:prandomized:tree101:i160006,4,4,11,randomized,0,16,test,-0.02448272705078125,3,0,18,101,64
L4_W64_H4,0,test:d16:t3:prandomized:tree101:i160009,4,4,11,randomized,1,16,test,0.039287567138671875,3,1,18,101,64
L4_W64_H4,1,test:d16:t3:prandomized:tree101:i160010,4,4,11,randomized,0,16,test,-0.015712738037109375,3,0,18,101,64
L4_W64_H4,1,test:d16:t3:prandomized:tree101:i160015,4,4,11,randomized,1,16,test,-0.019762039184570312,3,0,18,101,64
L4_W64_H4,1,test:d16:t3:prandomized:tree307:i160006,4,4,11,randomized,0,16,test,0.03266716003417969,3,1,18,307,64
L4_W64_H4,1,validation:d16:t0:prandomized:tree211:i160010,4,4,11,randomized,0,16,validation,0.06697845458984375,0,1,18,211,64
L4_W64_H4,1,validation:d16:t0:prandomized:tree307:i160007,4,4,11,randomized,1,16,validation,-0.11598587036132812,0,0,18,307,64
L4_W64_H4,1,validation:d16:t1:prandomized:tree211:i160010,4,4,11,randomized,0,16,validation,0.0672149658203125,1,1,18,211,64
L4_W64_H4,1,validation:d16:t1:prandomized:tree307:i160007,4,4,11,randomized,1,16,validation,-0.1126861572265625,1,0,18,307,64
L4_W64_H4,0,validation:d16:t2:prandomized:tree101:i160013,4,4,11,randomized,1,16,validation,-0.08466911315917969,2,0,18,101,64
L4_W64_H4,1,validation:d16:t2:prandomized:tree307:i160003,4,4,11,randomized,1,16,validation,-0.03647041320800781,2,0,18,307,64
L4_W64_H4,1,validation:d16:t2:prandomized:tree307:i160007,4,4,11,randomized,1,16,validation,-0.11515426635742188,2,0,18,307,64
L4_W64_H4,0,validation:d16:t3:prandomized:tree101:i160013,4,4,11,randomized,1,16,validation,-0.08517837524414062,3,0,18,101,64
L4_W64_H4,1,validation:d16:t3:prandomized:tree307:i160003,4,4,11,randomized,1,16,validation,-0.037197113037109375,3,0,18,307,64
L4_W64_H4,1,validation:d16:t3:prandomized:tree307:i160007,4,4,11,randomized,1,16,validation,-0.11474227905273438,3,0,18,307,64
L4_W64_H4,1,test:d16:t0:prandomized:tree211:i160010,4,4,11,randomized,0,16,test,0.028589248657226562,0,1,18,211,64
L4_W64_H4,1,test:d16:t0:prandomized:tree307:i160007,4,4,11,randomized,1,16,test,0.01755523681640625,0,1,18,307,64
L4_W64_H4,1,test:d16:t1:prandomized:tree211:i160010,4,4,11,randomized,0,16,test,0.026336669921875,1,1,18,211,64
L4_W64_H4,1,test:d16:t1:prandomized:tree307:i160007,4,4,11,randomized,1,16,test,0.018726348876953125,1,1,18,307,64
L4_W64_H4,0,test:d16:t2:prandomized:tree101:i160013,4,4,11,randomized,1,16,test,0.04380226135253906,2,1,18,101,64
L4_W64_H4,1,test:d16:t2:prandomized:tree307:i160003,4,4,11,randomized,1,16,test,0.049365997314453125,2,1,18,307,64
L4_W64_H4,1,test:d16:t2:prandomized:tree307:i160007,4,4,11,randomized,1,16,test,0.017368316650390625,2,1,18,307,64
L4_W64_H4,0,test:d16:t3:prandomized:tree101:i160013,4,4,11,randomized,1,16,test,0.03856658935546875,3,1,18,101,64
L4_W64_H4,1,test:d16:t3:prandomized:tree307:i160003,4,4,11,randomized,1,16,test,0.0456390380859375,3,1,18,307,64
L4_W64_H4,1,test:d16:t3:prandomized:tree307:i160007,4,4,11,randomized,1,16,test,0.017503738403320312,3,1,18,307,64
L4_W64_H4,1,validation:d16:t0:prandomized:tree101:i160006,4,4,11,randomized,0,16,validation,0.030889511108398438,0,1,18,101,64
L4_W64_H4,0,validation:d16:t0:prandomized:tree211:i160000,4,4,11,randomized,0,16,validation,0.009746551513671875,0,1,18,211,64
L4_W64_H4,1,validation:d16:t0:prandomized:tree211:i160006,4,4,11,randomized,0,16,validation,0.07648658752441406,0,1,18,211,64
L4_W64_H4,1,validation:d16:t0:prandomized:tree211:i160007,4,4,11,randomized,1,16,validation,-0.027774810791015625,0,0,18,211,64
L4_W64_H4,0,validation:d16:t0:prandomized:tree211:i160012,4,4,11,randomized,0,16,validation,0.012655258178710938,0,1,18,211,64
L4_W64_H4,1,validation:d16:t1:prandomized:tree101:i160006,4,4,11,randomized,0,16,validation,0.029779434204101562,1,1,18,101,64
L4_W64_H4,0,validation:d16:t1:prandomized:tree211:i160000,4,4,11,randomized,0,16,validation,0.010227203369140625,1,1,18,211,64
L4_W64_H4,1,validation:d16:t1:prandomized:tree211:i160006,4,4,11,randomized,0,16,validation,0.0762481689453125,1,1,18,211,64
L4_W64_H4,1,validation:d16:t1:prandomized:tree211:i160007,4,4,11,randomized,1,16,validation,-0.02744293212890625,1,0,18,211,64
L4_W64_H4,0,validation:d16:t1:prandomized:tree211:i160012,4,4,11,randomized,0,16,validation,0.012960433959960938,1,1,18,211,64
L4_W64_H4,0,validation:d16:t2:prandomized:tree101:i160000,4,4,11,randomized,0,16,validation,0.0537872314453125,2,1,18,101,64
L4_W64_H4,1,validation:d16:t2:prandomized:tree101:i160002,4,4,11,randomized,0,16,validation,0.008054733276367188,2,1,18,101,64
L4_W64_H4,0,validation:d16:t2:prandomized:tree101:i160005,4,4,11,randomized,1,16,validation,-0.053974151611328125,2,0,18,101,64
L4_W64_H4,0,validation:d16:t2:prandomized:tree211:i160000,4,4,11,randomized,0,16,validation,0.009380340576171875,2,1,18,211,64
L4_W64_H4,1,validation:d16:t2:prandomized:tree211:i160003,4,4,11,randomized,1,16,validation,-0.026239395141601562,2,0,18,211,64
L4_W64_H4,1,validation:d16:t2:prandomized:tree211:i160014,4,4,11,randomized,0,16,validation,0.036327362060546875,2,1,18,211,64
L4_W64_H4,0,validation:d16:t3:prandomized:tree101:i160000,4,4,11,randomized,0,16,validation,0.05457496643066406,3,1,18,101,64
L4_W64_H4,1,validation:d16:t3:prandomized:tree101:i160002,4,4,11,randomized,0,16,validation,0.008026123046875,3,1,18,101,64
L4_W64_H4,0,validation:d16:t3:prandomized:tree101:i160005,4,4,11,randomized,1,16,validation,-0.05349922180175781,3,0,18,101,64
L4_W64_H4,0,validation:d16:t3:prandomized:tree211:i160000,4,4,11,randomized,0,16,validation,0.009290695190429688,3,1,18,211,64
L4_W64_H4,1,validation:d16:t3:prandomized:tree211:i160003,4,4,11,randomized,1,16,validation,-0.031757354736328125,3,0,18,211,64
L4_W64_H4,1,validation:d16:t3:prandomized:tree211:i160014,4,4,11,randomized,0,16,validation,0.036922454833984375,3,1,18,211,64
L4_W64_H4,1,test:d16:t0:prandomized:tree101:i160006,4,4,11,randomized,0,16,test,-0.03666877746582031,0,0,18,101,64
L4_W64_H4,0,test:d16:t0:prandomized:tree211:i160000,4,4,11,randomized,0,16,test,-0.03684806823730469,0,0,18,211,64
L4_W64_H4,1,test:d16:t0:prandomized:tree211:i160006,4,4,11,randomized,0,16,test,-0.0015277862548828125,0,0,18,211,64
L4_W64_H4,1,test:d16:t0:prandomized:tree211:i160007,4,4,11,randomized,1,16,test,-0.01091766357421875,0,0,18,211,64
L4_W64_H4,0,test:d16:t0:prandomized:tree211:i160012,4,4,11,randomized,0,16,test,-0.0348052978515625,0,0,18,211,64
L4_W64_H4,1,test:d16:t1:prandomized:tree101:i160006,4,4,11,randomized,0,16,test,-0.034999847412109375,1,0,18,101,64
L4_W64_H4,0,test:d16:t1:prandomized:tree211:i160000,4,4,11,randomized,0,16,test,-0.04341888427734375,1,0,18,211,64
L4_W64_H4,1,test:d16:t1:prandomized:tree211:i160006,4,4,11,randomized,0,16,test,-0.001811981201171875,1,0,18,211,64
L4_W64_H4,1,test:d16:t1:prandomized:tree211:i160007,4,4,11,randomized,1,16,test,-0.0060825347900390625,1,0,18,211,64
L4_W64_H4,0,test:d16:t1:prandomized:tree211:i160012,4,4,11,randomized,0,16,test,-0.03433418273925781,1,0,18,211,64
L4_W64_H4,0,test:d16:t2:prandomized:tree101:i160000,4,4,11,randomized,0,16,test,-0.03483772277832031,2,0,18,101,64
L4_W64_H4,1,test:d16:t2:prandomized:tree101:i160002,4,4,11,randomized,0,16,test,-0.045581817626953125,2,0,18,101,64
L4_W64_H4,0,test:d16:t2:prandomized:tree101:i160005,4,4,11,randomized,1,16,test,0.0056400299072265625,2,1,18,101,64
L4_W64_H4,0,test:d16:t2:prandomized:tree211:i160000,4,4,11,randomized,0,16,test,-0.04230499267578125,2,0,18,211,64
L4_W64_H4,1,test:d16:t2:prandomized:tree211:i160003,4,4,11,randomized,1,16,test,0.026256561279296875,2,1,18,211,64
L4_W64_H4,1,test:d16:t2:prandomized:tree211:i160014,4,4,11,randomized,0,16,test,0.080718994140625,2,1,18,211,64
L4_W64_H4,0,test:d16:t3:prandomized:tree101:i160000,4,4,11,randomized,0,16,test,-0.034626007080078125,3,0,18,101,64
L4_W64_H4,1,test:d16:t3:prandomized:tree101:i160002,4,4,11,randomized,0,16,test,-0.044765472412109375,3,0,18,101,64
L4_W64_H4,0,test:d16:t3:prandomized:tree101:i160005,4,4,11,randomized,1,16,test,0.0065174102783203125,3,1,18,101,64
L4_W64_H4,0,test:d16:t3:prandomized:tree211:i160000,4,4,11,randomized,0,16,test,-0.04297637939453125,3,0,18,211,64
L4_W64_H4,1,test:d16:t3:prandomized:tree211:i160003,4,4,11,randomized,1,16,test,0.025789260864257812,3,1,18,211,64
L4_W64_H4,1,test:d16:t3:prandomized:tree211:i160014,4,4,11,randomized,0,16,test,0.08092498779296875,3,1,18,211,64
