architecture,candidate_chain_first,example_id,heads,layers,model_seed,position_mode,positive,required_path,split,target_margin,template_id,top1_correct,total_depth,tree_seed,width
L2_W64_H4,0,validation:d1:t0:paligned:tree101:i10000,4,2,23,aligned,0,1,validation,0.11753082275390625,0,1,3,101,64
L2_W64_H4,0,validation:d1:t0:paligned:tree101:i10001,4,2,23,aligned,1,1,validation,0.03191184997558594,0,1,3,101,64
L2_W64_H4,1,validation:d1:t0:paligned:tree101:i10002,4,2,23,aligned,0,1,validation,0.08566474914550781,0,1,3,101,64
L2_W64_H4,1,validation:d1:t0:paligned:tree101:i10003,4,2,23,aligned,1,1,validation,0.08833122253417969,0,1,3,101,64
L2_W64_H4,0,validation:d1:t0:paligned:tree101:i10004,4,2,23,aligned,0,1,validation,-0.17418670654296875,0,0,3,101,64
L2_W64_H4,0,validation:d1:t0:paligned:tree101:i10005,4,2,23,aligned,1,1,validation,0.04816436767578125,0,1,3,101,64
L2_W64_H4,1,validation:d1:t0:paligned:tree101:i10006,4,2,23,aligned,0,1,validation,-0.1444263458251953,0,0,3,101,64
L2_W64_H4,1,validation:d1:t0:paligned:tree101:i10007,4,2,23,aligned,1,1,validation,0.06524848937988281,0,1,3,101,64
L2_W64_H4,0,validation:d1:t0:paligned:tree101:i10008,4,2,23,aligned,0,1,validation,0.037082672119140625,0,1,3,101,64
L2_W64_H4,0,validation:d1:t0:paligned:tree101:i10009,4,2,23,aligned,1,1,validation,-0.15389060974121094,0,0,3,101,64
L2_W64_H4,1,validation:d1:t0:paligned:tree101:i10010,4,2,23,aligned,0,1,validation,-0.2646045684814453,0,0,3,101,64
L2_W64_H4,1,validation:d1:t0:paligned:tree101:i10011,4,2,23,aligned,1,1,validation,-0.1021881103515625,0,0,3,101,64
L2_W64_H4,0,validation:d1:t0:paligned:tree101:i10012,4,2,23,aligned,0,1,validation,-0.06035614013671875,0,0,3,101,64
L2_W64_H4,0,validation:d1:t0:paligned:tree101:i10013,4,2,23,aligned,1,1,validation,-0.019247055053710938,0,0,3,101,64
L2_W64_H4,1,validation:d1:t0:paligned:tree101:i10014,4,2,23,aligned,0,1,validation,-0.23030471801757812,0,0,3,101,64
L2_W64_H4,1,validation:d1:t0:paligned:tree101:i10015,4,2,23,aligned,1,1,validation,0.15549659729003906,0,1,3,101,64
L2_W64_H4,0,validation:d1:t0:paligned:tree211:i10000,4,2,23,aligned,0,1,validation,-0.12521934509277344,0,0,3,211,64
L2_W64_H4,0,validation:d1:t0:paligned:tree211:i10001,4,2,23,aligned,1,1,validation,0.06443214416503906,0,1,3,211,64
L2_W64_H4,1,validation:d1:t0:paligned:tree211:i10002,4,2,23,aligned,0,1,validation,0.10880470275878906,0,1,3,211,64
L2_W64_H4,1,validation:d1:t0:paligned:tree211:i10003,4,2,23,aligned,1,1,validation,0.07144737243652344,0,1,3,211,64
L2_W64_H4,0,validation:d1:t0:paligned:tree211:i10004,4,2,23,aligned,0,1,validation,-0.11325836181640625,0,0,3,211,64
L2_W64_H4,0,validation:d1:t0:paligned:tree211:i10005,4,2,23,aligned,1,1,validation,0.0357818603515625,0,1,3,211,64
L2_W64_H4,1,validation:d1:t0:paligned:tree211:i10006,4,2,23,aligned,0,1,validation,-0.09252738952636719,0,0,3,211,64
L2_W64_H4,1,validation:d1:t0:paligned:tree211:i10007,4,2,23,aligned,1,1,validation,0.017681121826171875,0,1,3,211,64
L2_W64_H4,0,validation:d1:t0:paligned:tree211:i10008,4,2,23,aligned,0,1,validation,-0.007114410400390625,0,0,3,211,64
L2_W64_H4,0,validation:d1:t0:paligned:tree211:i10009,4,2,23,aligned,1,1,validation,0.05049324035644531,0,1,3,211,64
L2_W64_H4,1,validation:d1:t0:paligned:tree211:i10010,4,2,23,aligned,0,1,validation,0.2270946502685547,0,1,3,211,64
L2_W64_H4,1,validation:d1:t0:paligned:tree211:i10011,4,2,23,aligned,1,1,validation,-0.007841110229492188,0,0,3,211,64
L2_W64_H4,0,validation:d1:t0:paligned:tree211:i10012,4,2,23,aligned,0,1,validation,-0.1400585174560547,0,0,3,211,64
L2_W64_H4,0,validation:d1:t0:paligned:tree211:i10013,4,2,23,aligned,1,1,validation,0.03446197509765625,0,1,3,211,64
L2_W64_H4,1,validation:d1:t0:paligned:tree211:i10014,4,2,23,aligned,0,1,validation,0.052402496337890625,0,1,3,211,64
L2_W64_H4,1,validation:d1:t0:paligned:tree211:i10015,4,2,23,aligned,1,1,validation,0.10806655883789062,0,1,3,211,64
L2_W64_H4,0,validation:d1:t0:paligned:tree307:i10000,4,2,23,aligned,0,1,validation,-0.05499076843261719,0,0,3,307,64
L2_W64_H4,0,validation:d1:t0:paligned:tree307:i10001,4,2,23,aligned,1,1,validation,0.048175811767578125,0,1,3,307,64
L2_W64_H4,1,validation:d1:t0:paligned:tree307:i10002,4,2,23,aligned,0,1,validation,0.09430694580078125,0,1,3,307,64
L2_W64_H4,1,validation:d1:t0:paligned:tree307:i10003,4,2,23,aligned,1,1,validation,0.10939216613769531,0,1,3,307,64
L2_W64_H4,0,validation:d1:t0:paligned:tree307:i10004,4,2,23,aligned,0,1,validation,0.059825897216796875,0,1,3,307,64
L2_W64_H4,0,validation:d1:t0:paligned:tree307:i10005,4,2,23,aligned,1,1,validation,0.03489112854003906,0,1,3,307,64
L2_W64_H4,1,validation:d1:t0:paligned:tree307:i10006,4,2,23,aligned,0,1,validation,0.04744911193847656,0,1,3,307,64
L2_W64_H4,1,validation:d1:t0:paligned:tree307:i10007,4,2,23,aligned,1,1,validation,0.05591392517089844,0,1,3,307,64
L2_W64_H4,0,validation:d1:t0:paligned:tree307:i10008,4,2,23,aligned,0,1,validation,-0.1553783416748047,0,0,3,307,64
L2_W64_H4,0,validation:d1:t0:paligned:tree307:i10009,4,2,23,aligned,1,1,validation,-0.07542228698730469,0,0,3,307,64
L2_W64_H4,1,validation:d1:t0:paligned:tree307:i10010,4,2,23,aligned,0,1,validation,0.04204750061035156,0,1,3,307,64
L2_W64_H4,1,validation:d1:t0:paligned:tree307:i10011,4,2,23,aligned,1,1,validation,-0.03372383117675781,0,0,3,307,64
L2_W64_H4,0,validation:d1:t0:paligned:tree307:i10012,4,2,23,aligned,0,1,validation,-0.04962730407714844,0,0,3,307,64
L2_W64_H4,0,validation:d1:t0:paligned:tree307:i10013,4,2,23,aligned,1,1,validation,-0.034183502197265625,0,0,3,307,64
L2_W64_H4,1,validation:d1:t0:paligned:tree307:i10014,4,2,23,aligned,0,1,validation,0.05058479309082031,0,1,3,307,64
L2_W64_H4,1,validation:d1:t0:paligned:tree307:i10015,4,2,23,aligned,1,1,validation,-0.09554862976074219,0,0,3,307,64
L2_W64_H4,0,validation:d1:t0:prandomized:tree101:i10000,4,2,23,randomized,0,1,validation,0.11753082275390625,0,1,3,101,64
L2_W64_H4,1,validation:d1:t0:prandomized:tree101:i10003,4,2,23,randomized,1,1,validation,0.08833122253417969,0,1,3,101,64
L2_W64_H4,1,validation:d1:t0:prandomized:tree101:i10006,4,2,23,randomized,0,1,validation,-0.1444263458251953,0,0,3,101,64
L2_W64_H4,1,validation:d1:t0:prandomized:tree101:i10014,4,2,23,randomized,0,1,validation,-0.23030471801757812,0,0,3,101,64
L2_W64_H4,1,validation:d1:t0:prandomized:tree101:i10015,4,2,23,randomized,1,1,validation,0.15549659729003906,0,1,3,101,64
L2_W64_H4,1,validation:d1:t0:prandomized:tree211:i10002,4,2,23,randomized,0,1,validation,0.10880470275878906,0,1,3,211,64
L2_W64_H4,1,validation:d1:t0:prandomized:tree211:i10003,4,2,23,randomized,1,1,validation,0.07144737243652344,0,1,3,211,64
L2_W64_H4,1,validation:d1:t0:prandomized:tree211:i10014,4,2,23,randomized,0,1,validation,0.052402496337890625,0,1,3,211,64
L2_W64_H4,1,validation:d1:t0:prandomized:tree307:i10007,4,2,23,randomized,1,1,validation,0.05591392517089844,0,1,3,307,64
L2_W64_H4,1,validation:d1:t0:prandomized:tree307:i10011,4,2,23,randomized,1,1,validation,-0.03372383117675781,0,0,3,307,64
L2_W64_H4,0,validation:d1:t1:paligned:tree101:i10000,4,2,23,aligned,0,1,validation,0.05711555480957031,1,1,3,101,64
L2_W64_H4,0,validation:d1:t1:paligned:tree101:i10001,4,2,23,aligned,1,1,validation,0.06917953491210938,1,1,3,101,64
L2_W64_H4,1,validation:d1:t1:paligned:tree101:i10002,4,2,23,aligned,0,1,validation,0.03439903259277344,1,1,3,101,64
L2_W64_H4,1,validation:d1:t1:paligned:tree101:i10003,4,2,23,aligned,1,1,validation,0.1298351287841797,1,1,3,101,64
L2_W64_H4,0,validation:d1:t1:paligned:tree101:i10004,4,2,23,aligned,0,1,validation,-0.19918251037597656,1,0,3,101,64
L2_W64_H4,0,validation:d1:t1:paligned:tree101:i10005,4,2,23,aligned,1,1,validation,0.08380699157714844,1,1,3,101,64
L2_W64_H4,1,validation:d1:t1:paligned:tree101:i10006,4,2,23,aligned,0,1,validation,-0.1774005889892578,1,0,3,101,64
L2_W64_H4,1,validation:d1:t1:paligned:tree101:i10007,4,2,23,aligned,1,1,validation,0.10355758666992188,1,1,3,101,64
L2_W64_H4,0,validation:d1:t1:paligned:tree101:i10008,4,2,23,aligned,0,1,validation,0.0016040802001953125,1,1,3,101,64
L2_W64_H4,0,validation:d1:t1:paligned:tree101:i10009,4,2,23,aligned,1,1,validation,-0.12732505798339844,1,0,3,101,64
L2_W64_H4,1,validation:d1:t1:paligned:tree101:i10010,4,2,23,aligned,0,1,validation,-0.3002510070800781,1,0,3,101,64
L2_W64_H4,1,validation:d1:t1:paligned:tree101:i10011,4,2,23,aligned,1,1,validation,-0.04131889343261719,1,0,3,101,64
L2_W64_H4,0,validation:d1:t1:paligned:tree101:i10012,4,2,23,aligned,0,1,validation,-0.08526039123535156,1,0,3,101,64
L2_W64_H4,0,validation:d1:t1:paligned:tree101:i10013,4,2,23,aligned,1,1,validation,0.013170242309570312,1,1,3,101,64
L2_W64_H4,1,validation:d1:t1:paligned:tree101:i10014,4,2,23,aligned,0,1,validation,-0.2459850311279297,1,0,3,101,64
L2_W64_H4,1,validation:d1:t1:paligned:tree101:i10015,4,2,23,aligned,1,1,validation,0.2084369659423828,1,1,3,101,64
L2_W64_H4,0,validation:d1:t1:paligned:tree211:i10000,4,2,23,aligned,0,1,validation,-0.15761756896972656,1,0,3,211,64
L2_W64_H4,0,validation:d1:t1:paligned:tree211:i10001,4,2,23,aligned,1,1,validation,0.10822296142578125,1,1,3,211,64
L2_W64_H4,1,validation:d1:t1:paligned:tree211:i10002,4,2,23,aligned,0,1,validation,0.058879852294921875,1,1,3,211,64
L2_W64_H4,1,validation:d1:t1:paligned:tree211:i10003,4,2,23,aligned,1,1,validation,0.10029220581054688,1,1,3,211,64
L2_W64_H4,0,validation:d1:t1:paligned:tree211:i10004,4,2,23,aligned,0,1,validation,-0.15206336975097656,1,0,3,211,64
L2_W64_H4,0,validation:d1:t1:paligned:tree211:i10005,4,2,23,aligned,1,1,validation,0.08119964599609375,1,1,3,211,64
L2_W64_H4,1,validation:d1:t1:paligned:tree211:i10006,4,2,23,aligned,0,1,validation,-0.1312732696533203,1,0,3,211,64
L2_W64_H4,1,validation:d1:t1:paligned:tree211:i10007,4,2,23,aligned,1,1,validation,0.0627593994140625,1,1,3,211,64
L2_W64_H4,0,validation:d1:t1:paligned:tree211:i10008,4,2,23,aligned,0,1,validation,-0.02845001220703125,1,0,3,211,64
L2_W64_H4,0,validation:d1:t1:paligned:tree211:i10009,4,2,23,aligned,1,1,validation,0.08977508544921875,1,1,3,211,64
L2_W64_H4,1,validation:d1:t1:paligned:tree211:i10010,4,2,23,aligned,0,1,validation,0.20200157165527344,1,1,3,211,64
L2_W64_H4,1,validation:d1:t1:paligned:tree211:i10011,4,2,23,aligned,1,1,validation,0.03362083435058594,1,1,3,211,64
L2_W64_H4,0,validation:d1:t1:paligned:tree211:i10012,4,2,23,aligned,0,1,validation,-0.17911338806152344,1,0,3,211,64
L2_W64_H4,0,validation:d1:t1:paligned:tree211:i10013,4,2,23,aligned,1,1,validation,0.06738471984863281,1,1,3,211,64
L2_W64_H4,1,validation:d1:t1:paligned:tree211:i10014,4,2,23,aligned,0,1,validation,0.002132415771484375,1,1,3,211,64
L2_W64_H4,1,validation:d1:t1:paligned:tree211:i10015,4,2,23,aligned,1,1,validation,0.16118621826171875,1,1,3,211,64
L2_W64_H4,0,validation:d1:t1:paligned:tree307:i10000,4,2,23,aligned,0,1,validation,-0.07946205139160156,1,0,3,307,64
L2_W64_H4,0,validation:d1:t1:paligned:tree307:i10001,4,2,23,aligned,1,1,validation,0.08122825622558594,1,1,3,307,64
L2_W64_H4,1,validation:d1:t1:paligned:tree307:i10002,4,2,23,aligned,0,1,validation,0.06322097778320312,1,1,3,307,64
L2_W64_H4,1,validation:d1:t1:paligned:tree307:i10003,4,2,23,aligned,1,1,validation,0.15360641479492188,1,1,3,307,64
L2_W64_H4,0,validation:d1:t1:paligned:tree307:i10004,4,2,23,aligned,0,1,validation,0.017274856567382812,1,1,3,307,64
L2_W64_H4,0,validation:d1:t1:paligned:tree307:i10005,4,2,23,aligned,1,1,validation,0.08837318420410156,1,1,3,307,64
L2_W64_H4,1,validation:d1:t1:paligned:tree307:i10006,4,2,23,aligned,0,1,validation,-0.0068531036376953125,1,0,3,307,64
L2_W64_H4,1,validation:d1:t1:paligned:tree307:i10007,4,2,23,aligned,1,1,validation,0.09065628051757812,1,1,3,307,64
L2_W64_H4,0,validation:d1:t1:paligned:tree307:i10008,4,2,23,aligned,0,1,validation,-0.18320655822753906,1,0,3,307,64
L2_W64_H4,0,validation:d1:t1:paligned:tree307:i10009,4,2,23,aligned,1,1,validation,-0.014553070068359375,1,0,3,307,64
L2_W64_H4,1,validation:d1:t1:paligned:tree307:i10010,4,2,23,aligned,0,1,validation,-0.00030517578125,1,0,3,307,64
L2_W64_H4,1,validation:d1:t1:paligned:tree307:i10011,4,2,23,aligned,1,1,validation,0.0011272430419921875,1,1,3,307,64
L2_W64_H4,0,validation:d1:t1:paligned:tree307:i10012,4,2,23,aligned,0,1,validation,-0.07468605041503906,1,0,3,307,64
L2_W64_H4,0,validation:d1:t1:paligned:tree307:i10013,4,2,23,aligned,1,1,validation,0.03500175476074219,1,1,3,307,64
L2_W64_H4,1,validation:d1:t1:paligned:tree307:i10014,4,2,23,aligned,0,1,validation,0.01943206787109375,1,1,3,307,64
L2_W64_H4,1,validation:d1:t1:paligned:tree307:i10015,4,2,23,aligned,1,1,validation,-0.03882789611816406,1,0,3,307,64
L2_W64_H4,0,validation:d1:t1:prandomized:tree101:i10000,4,2,23,randomized,0,1,validation,0.05711555480957031,1,1,3,101,64
L2_W64_H4,1,validation:d1:t1:prandomized:tree101:i10003,4,2,23,randomized,1,1,validation,0.1298351287841797,1,1,3,101,64
L2_W64_H4,1,validation:d1:t1:prandomized:tree101:i10006,4,2,23,randomized,0,1,validation,-0.1774005889892578,1,0,3,101,64
L2_W64_H4,1,validation:d1:t1:prandomized:tree101:i10014,4,2,23,randomized,0,1,validation,-0.2459850311279297,1,0,3,101,64
L2_W64_H4,1,validation:d1:t1:prandomized:tree101:i10015,4,2,23,randomized,1,1,validation,0.2084369659423828,1,1,3,101,64
L2_W64_H4,1,validation:d1:t1:prandomized:tree211:i10002,4,2,23,randomized,0,1,validation,0.058879852294921875,1,1,3,211,64
L2_W64_H4,1,validation:d1:t1:prandomized:tree211:i10003,4,2,23,randomized,1,1,validation,0.10029220581054688,1,1,3,211,64
L2_W64_H4,1,validation:d1:t1:prandomized:tree211:i10014,4,2,23,randomized,0,1,validation,0.002132415771484375,1,1,3,211,64
L2_W64_H4,1,validation:d1:t1:prandomized:tree307:i10007,4,2,23,randomized,1,1,validation,0.09065628051757812,1,1,3,307,64
L2_W64_H4,1,validation:d1:t1:prandomized:tree307:i10011,4,2,23,randomized,1,1,validation,0.0011272430419921875,1,1,3,307,64
L2_W64_H4,0,validation:d1:t2:paligned:tree101:i10000,4,2,23,aligned,0,1,validation,0.09505462646484375,2,1,3,101,64
L2_W64_H4,0,validation:d1:t2:paligned:tree101:i10001,4,2,23,aligned,1,1,validation,0.03552818298339844,2,1,3,101,64
L2_W64_H4,1,validation:d1:t2:paligned:tree101:i10002,4,2,23,aligned,0,1,validation,0.06643295288085938,2,1,3,101,64
L2_W64_H4,1,validation:d1:t2:paligned:tree101:i10003,4,2,23,aligned,1,1,validation,0.08662033081054688,2,1,3,101,64
L2_W64_H4,0,validation:d1:t2:paligned:tree101:i10004,4,2,23,aligned,0,1,validation,-0.17028236389160156,2,0,3,101,64
L2_W64_H4,0,validation:d1:t2:paligned:tree101:i10005,4,2,23,aligned,1,1,validation,0.05264091491699219,2,1,3,101,64
L2_W64_H4,1,validation:d1:t2:paligned:tree101:i10006,4,2,23,aligned,0,1,validation,-0.1407032012939453,2,0,3,101,64
L2_W64_H4,1,validation:d1:t2:paligned:tree101:i10007,4,2,23,aligned,1,1,validation,0.07082366943359375,2,1,3,101,64
L2_W64_H4,0,validation:d1:t2:paligned:tree101:i10008,4,2,23,aligned,0,1,validation,0.033634185791015625,2,1,3,101,64
L2_W64_H4,0,validation:d1:t2:paligned:tree101:i10009,4,2,23,aligned,1,1,validation,-0.1330738067626953,2,0,3,101,64
L2_W64_H4,1,validation:d1:t2:paligned:tree101:i10010,4,2,23,aligned,0,1,validation,-0.27093505859375,2,0,3,101,64
L2_W64_H4,1,validation:d1:t2:paligned:tree101:i10011,4,2,23,aligned,1,1,validation,-0.07458686828613281,2,0,3,101,64
L2_W64_H4,0,validation:d1:t2:paligned:tree101:i10012,4,2,23,aligned,0,1,validation,-0.06546592712402344,2,0,3,101,64
L2_W64_H4,0,validation:d1:t2:paligned:tree101:i10013,4,2,23,aligned,1,1,validation,-0.0159759521484375,2,0,3,101,64
L2_W64_H4,1,validation:d1:t2:paligned:tree101:i10014,4,2,23,aligned,0,1,validation,-0.22741127014160156,2,0,3,101,64
L2_W64_H4,1,validation:d1:t2:paligned:tree101:i10015,4,2,23,aligned,1,1,validation,0.16434860229492188,2,1,3,101,64
L2_W64_H4,0,validation:d1:t2:paligned:tree211:i10000,4,2,23,aligned,0,1,validation,-0.120025634765625,2,0,3,211,64
L2_W64_H4,0,validation:d1:t2:paligned:tree211:i10001,4,2,23,aligned,1,1,validation,0.07122230529785156,2,1,3,211,64
L2_W64_H4,1,validation:d1:t2:paligned:tree211:i10002,4,2,23,aligned,0,1,validation,0.09792900085449219,2,1,3,211,64
L2_W64_H4,1,validation:d1:t2:paligned:tree211:i10003,4,2,23,aligned,1,1,validation,0.07393455505371094,2,1,3,211,64
L2_W64_H4,0,validation:d1:t2:paligned:tree211:i10004,4,2,23,aligned,0,1,validation,-0.11498451232910156,2,0,3,211,64
L2_W64_H4,0,validation:d1:t2:paligned:tree211:i10005,4,2,23,aligned,1,1,validation,0.042812347412109375,2,1,3,211,64
L2_W64_H4,1,validation:d1:t2:paligned:tree211:i10006,4,2,23,aligned,0,1,validation,-0.09140777587890625,2,0,3,211,64
L2_W64_H4,1,validation:d1:t2:paligned:tree211:i10007,4,2,23,aligned,1,1,validation,0.028165817260742188,2,1,3,211,64
L2_W64_H4,0,validation:d1:t2:paligned:tree211:i10008,4,2,23,aligned,0,1,validation,-0.000858306884765625,2,0,3,211,64
L2_W64_H4,0,validation:d1:t2:paligned:tree211:i10009,4,2,23,aligned,1,1,validation,0.047832489013671875,2,1,3,211,64
L2_W64_H4,1,validation:d1:t2:paligned:tree211:i10010,4,2,23,aligned,0,1,validation,0.20812225341796875,2,1,3,211,64
L2_W64_H4,1,validation:d1:t2:paligned:tree211:i10011,4,2,23,aligned,1,1,validation,0.0019817352294921875,2,1,3,211,64
L2_W64_H4,0,validation:d1:t2:paligned:tree211:i10012,4,2,23,aligned,0,1,validation,-0.14363479614257812,2,0,3,211,64
L2_W64_H4,0,validation:d1:t2:paligned:tree211:i10013,4,2,23,aligned,1,1,validation,0.040256500244140625,2,1,3,211,64
L2_W64_H4,1,validation:d1:t2:paligned:tree211:i10014,4,2,23,aligned,0,1,validation,0.03280448913574219,2,1,3,211,64
L2_W64_H4,1,validation:d1:t2:paligned:tree211:i10015,4,2,23,aligned,1,1,validation,0.10521316528320312,2,1,3,211,64
L2_W64_H4,0,validation:d1:t2:paligned:tree307:i10000,4,2,23,aligned,0,1,validation,-0.053985595703125,2,0,3,307,64
L2_W64_H4,0,validation:d1:t2:paligned:tree307:i10001,4,2,23,aligned,1,1,validation,0.049041748046875,2,1,3,307,64
L2_W64_H4,1,validation:d1:t2:paligned:tree307:i10002,4,2,23,aligned,0,1,validation,0.08587455749511719,2,1,3,307,64
L2_W64_H4,1,validation:d1:t2:paligned:tree307:i10003,4,2,23,aligned,1,1,validation,0.11334419250488281,2,1,3,307,64
L2_W64_H4,0,validation:d1:t2:paligned:tree307:i10004,4,2,23,aligned,0,1,validation,0.05852317810058594,2,1,3,307,64
L2_W64_H4,0,validation:d1:t2:paligned:tree307:i10005,4,2,23,aligned,1,1,validation,0.04683685302734375,2,1,3,307,64
L2_W64_H4,1,validation:d1:t2:paligned:tree307:i10006,4,2,23,aligned,0,1,validation,0.029666900634765625,2,1,3,307,64
L2_W64_H4,1,validation:d1:t2:paligned:tree307:i10007,4,2,23,aligned,1,1,validation,0.05685997009277344,2,1,3,307,64
L2_W64_H4,0,validation:d1:t2:paligned:tree307:i10008,4,2,23,aligned,0,1,validation,-0.15383529663085938,2,0,3,307,64
L2_W64_H4,0,validation:d1:t2:paligned:tree307:i10009,4,2,23,aligned,1,1,validation,-0.053863525390625,2,0,3,307,64
L2_W64_H4,1,validation:d1:t2:paligned:tree307:i10010,4,2,23,aligned,0,1,validation,0.038848876953125,2,1,3,307,64
L2_W64_H4,1,validation:d1:t2:paligned:tree307:i10011,4,2,23,aligned,1,1,validation,-0.03478050231933594,2,0,3,307,64
L2_W64_H4,0,validation:d1:t2:paligned:tree307:i10012,4,2,23,aligned,0,1,validation,-0.05470848083496094,2,0,3,307,64
L2_W64_H4,0,validation:d1:t2:paligned:tree307:i10013,4,2,23,aligned,1,1,validation,-0.022045135498046875,2,0,3,307,64
L2_W64_H4,1,validation:d1:t2:paligned:tree307:i10014,4,2,23,aligned,0,1,validation,0.05442619323730469,2,1,3,307,64
L2_W64_H4,1,validation:d1:t2:paligned:tree307:i10015,4,2,23,aligned,1,1,validation,-0.07571029663085938,2,0,3,307,64
L2_W64_H4,0,validation:d1:t2:prandomized:tree211:i10000,4,2,23,randomized,0,1,validation,-0.120025634765625,2,0,3,211,64
L2_W64_H4,1,validation:d1:t2:prandomized:tree307:i10010,4,2,23,randomized,0,1,validation,0.038848876953125,2,1,3,307,64
L2_W64_H4,0,validation:d1:t3:paligned:tree101:i10000,4,2,23,aligned,0,1,validation,0.08729362487792969,3,1,3,101,64
L2_W64_H4,0,validation:d1:t3:paligned:tree101:i10001,4,2,23,aligned,1,1,validation,0.04742622375488281,3,1,3,101,64
L2_W64_H4,1,validation:d1:t3:paligned:tree101:i10002,4,2,23,aligned,0,1,validation,0.05957221984863281,3,1,3,101,64
L2_W64_H4,1,validation:d1:t3:paligned:tree101:i10003,4,2,23,aligned,1,1,validation,0.11747550964355469,3,1,3,101,64
L2_W64_H4,0,validation:d1:t3:paligned:tree101:i10004,4,2,23,aligned,0,1,validation,-0.18607711791992188,3,0,3,101,64
L2_W64_H4,0,validation:d1:t3:paligned:tree101:i10005,4,2,23,aligned,1,1,validation,0.061580657958984375,3,1,3,101,64
L2_W64_H4,1,validation:d1:t3:paligned:tree101:i10006,4,2,23,aligned,0,1,validation,-0.16947364807128906,3,0,3,101,64
L2_W64_H4,1,validation:d1:t3:paligned:tree101:i10007,4,2,23,aligned,1,1,validation,0.08175468444824219,3,1,3,101,64
L2_W64_H4,0,validation:d1:t3:paligned:tree101:i10008,4,2,23,aligned,0,1,validation,0.019792556762695312,3,1,3,101,64
L2_W64_H4,0,validation:d1:t3:paligned:tree101:i10009,4,2,23,aligned,1,1,validation,-0.13996315002441406,3,0,3,101,64
L2_W64_H4,1,validation:d1:t3:paligned:tree101:i10010,4,2,23,aligned,0,1,validation,-0.2886962890625,3,0,3,101,64
L2_W64_H4,1,validation:d1:t3:paligned:tree101:i10011,4,2,23,aligned,1,1,validation,-0.06739044189453125,3,0,3,101,64
L2_W64_H4,0,validation:d1:t3:paligned:tree101:i10012,4,2,23,aligned,0,1,validation,-0.06824874877929688,3,0,3,101,64
L2_W64_H4,0,validation:d1:t3:paligned:tree101:i10013,4,2,23,aligned,1,1,validation,-0.0034961700439453125,3,0,3,101,64
L2_W64_H4,1,validation:d1:t3:paligned:tree101:i10014,4,2,23,aligned,0,1,validation,-0.22607040405273438,3,0,3,101,64
L2_W64_H4,1,validation:d1:t3:paligned:tree101:i10015,4,2,23,aligned,1,1,validation,0.19041824340820312,3,1,3,101,64
L2_W64_H4,0,validation:d1:t3:paligned:tree211:i10000,4,2,23,aligned,0,1,validation,-0.1404571533203125,3,0,3,211,64
L2_W64_H4,0,validation:d1:t3:paligned:tree211:i10001,4,2,23,aligned,1,1,validation,0.09090042114257812,3,1,3,211,64
L2_W64_H4,1,validation:d1:t3:paligned:tree211:i10002,4,2,23,aligned,0,1,validation,0.09285926818847656,3,1,3,211,64
L2_W64_H4,1,validation:d1:t3:paligned:tree211:i10003,4,2,23,aligned,1,1,validation,0.082427978515625,3,1,3,211,64
L2_W64_H4,0,validation:d1:t3:paligned:tree211:i10004,4,2,23,aligned,0,1,validation,-0.13383102416992188,3,0,3,211,64
L2_W64_H4,0,validation:d1:t3:paligned:tree211:i10005,4,2,23,aligned,1,1,validation,0.06028175354003906,3,1,3,211,64
L2_W64_H4,1,validation:d1:t3:paligned:tree211:i10006,4,2,23,aligned,0,1,validation,-0.11643218994140625,3,0,3,211,64
L2_W64_H4,1,validation:d1:t3:paligned:tree211:i10007,4,2,23,aligned,1,1,validation,0.04179191589355469,3,1,3,211,64
L2_W64_H4,0,validation:d1:t3:paligned:tree211:i10008,4,2,23,aligned,0,1,validation,-0.009027481079101562,3,0,3,211,64
L2_W64_H4,0,validation:d1:t3:paligned:tree211:i10009,4,2,23,aligned,1,1,validation,0.07400894165039062,3,1,3,211,64
L2_W64_H4,1,validation:d1:t3:paligned:tree211:i10010,4,2,23,aligned,0,1,validation,0.2066516876220703,3,1,3,211,64
L2_W64_H4,1,validation:d1:t3:paligned:tree211:i10011,4,2,23,aligned,1,1,validation,0.017955780029296875,3,1,3,211,64
L2_W64_H4,0,validation:d1:t3:paligned:tree211:i10012,4,2,23,aligned,0,1,validation,-0.1578235626220703,3,0,3,211,64
L2_W64_H4,0,validation:d1:t3:paligned:tree211:i10013,4,2,23,aligned,1,1,validation,0.045581817626953125,3,1,3,211,64
L2_W64_H4,1,validation:d1:t3:paligned:tree211:i10014,4,2,23,aligned,0,1,validation,0.022794723510742188,3,1,3,211,64
L2_W64_H4,1,validation:d1:t3:paligned:tree211:i10015,4,2,23,aligned,1,1,validation,0.14610862731933594,3,1,3,211,64
L2_W64_H4,0,validation:d1:t3:paligned:tree307:i10000,4,2,23,aligned,0,1,validation,-0.06275749206542969,3,0,3,307,64
L2_W64_H4,0,validation:d1:t3:paligned:tree307:i10001,4,2,23,aligned,1,1,validation,0.060939788818359375,3,1,3,307,64
L2_W64_H4,1,validation:d1:t3:paligned:tree307:i10002,4,2,23,aligned,0,1,validation,0.08030891418457031,3,1,3,307,64
L2_W64_H4,1,validation:d1:t3:paligned:tree307:i10003,4,2,23,aligned,1,1,validation,0.13341331481933594,3,1,3,307,64
L2_W64_H4,0,validation:d1:t3:paligned:tree307:i10004,4,2,23,aligned,0,1,validation,0.038173675537109375,3,1,3,307,64
L2_W64_H4,0,validation:d1:t3:paligned:tree307:i10005,4,2,23,aligned,1,1,validation,0.06913948059082031,3,1,3,307,64
L2_W64_H4,1,validation:d1:t3:paligned:tree307:i10006,4,2,23,aligned,0,1,validation,0.023881912231445312,3,1,3,307,64
L2_W64_H4,1,validation:d1:t3:paligned:tree307:i10007,4,2,23,aligned,1,1,validation,0.07447052001953125,3,1,3,307,64
L2_W64_H4,0,validation:d1:t3:paligned:tree307:i10008,4,2,23,aligned,0,1,validation,-0.1743927001953125,3,0,3,307,64
L2_W64_H4,0,validation:d1:t3:paligned:tree307:i10009,4,2,23,aligned,1,1,validation,-0.037517547607421875,3,0,3,307,64
L2_W64_H4,1,validation:d1:t3:paligned:tree307:i10010,4,2,23,aligned,0,1,validation,0.0260467529296875,3,1,3,307,64
L2_W64_H4,1,validation:d1:t3:paligned:tree307:i10011,4,2,23,aligned,1,1,validation,-0.017377853393554688,3,0,3,307,64
L2_W64_H4,0,validation:d1:t3:paligned:tree307:i10012,4,2,23,aligned,0,1,validation,-0.05829048156738281,3,0,3,307,64
L2_W64_H4,0,validation:d1:t3:paligned:tree307:i10013,4,2,23,aligned,1,1,validation,0.009510040283203125,3,1,3,307,64
L2_W64_H4,1,validation:d1:t3:paligned:tree307:i10014,4,2,23,aligned,0,1,validation,0.03606414794921875,3,1,3,307,64
L2_W64_H4,1,validation:d1:t3:paligned:tree307:i10015,4,2,23,aligned,1,1,validation,-0.06128501892089844,3,0,3,307,64
L2_W64_H4,0,validation:d1:t3:prandomized:tree211:i10000,4,2,23,randomized,0,1,validation,-0.1404571533203125,3,0,3,211,64
L2_W64_H4,1,validation:d1:t3:prandomized:tree307:i10010,4,2,23,randomized,0,1,validation,0.0260467529296875,3,1,3,307,64
L2_W64_H4,0,test:d1:t0:paligned:tree101:i10000,4,2,23,aligned,0,1,test,0.06855964660644531,0,1,3,101,64
L2_W64_H4,0,test:d1:t0:paligned:tree101:i10001,4,2,23,aligned,1,1,test,0.023204803466796875,0,1,3,101,64
L2_W64_H4,1,test:d1:t0:paligned:tree101:i10002,4,2,23,aligned,0,1,test,0.015655517578125,0,1,3,101,64
L2_W64_H4,1,test:d1:t0:paligned:tree101:i10003,4,2,23,aligned,1,1,test,0.011987686157226562,0,1,3,101,64
L2_W64_H4,0,test:d1:t0:paligned:tree101:i10004,4,2,23,aligned,0,1,test,0.027219772338867188,0,1,3,101,64
L2_W64_H4,0,test:d1:t0:paligned:tree101:i10005,4,2,23,aligned,1,1,test,-0.05260658264160156,0,0,3,101,64
L2_W64_H4,1,test:d1:t0:paligned:tree101:i10006,4,2,23,aligned,0,1,test,0.07179641723632812,0,1,3,101,64
L2_W64_H4,1,test:d1:t0:paligned:tree101:i10007,4,2,23,aligned,1,1,test,0.04354095458984375,0,1,3,101,64
L2_W64_H4,0,test:d1:t0:paligned:tree101:i10008,4,2,23,aligned,0,1,test,-0.145721435546875,0,0,3,101,64
L2_W64_H4,0,test:d1:t0:paligned:tree101:i10009,4,2,23,aligned,1,1,test,0.11755561828613281,0,1,3,101,64
L2_W64_H4,1,test:d1:t0:paligned:tree101:i10010,4,2,23,aligned,0,1,test,0.115081787109375,0,1,3,101,64
L2_W64_H4,1,test:d1:t0:paligned:tree101:i10011,4,2,23,aligned,1,1,test,-0.03764915466308594,0,0,3,101,64
L2_W64_H4,0,test:d1:t0:paligned:tree101:i10012,4,2,23,aligned,0,1,test,-0.10571098327636719,0,0,3,101,64
L2_W64_H4,0,test:d1:t0:paligned:tree101:i10013,4,2,23,aligned,1,1,test,-0.14972686767578125,0,0,3,101,64
L2_W64_H4,1,test:d1:t0:paligned:tree101:i10014,4,2,23,aligned,0,1,test,-0.1820392608642578,0,0,3,101,64
L2_W64_H4,1,test:d1:t0:paligned:tree101:i10015,4,2,23,aligned,1,1,test,-0.06284141540527344,0,0,3,101,64
L2_W64_H4,0,test:d1:t0:paligned:tree211:i10000,4,2,23,aligned,0,1,test,-0.04911231994628906,0,0,3,211,64
L2_W64_H4,0,test:d1:t0:paligned:tree211:i10001,4,2,23,aligned,1,1,test,0.08633804321289062,0,1,3,211,64
L2_W64_H4,1,test:d1:t0:paligned:tree211:i10002,4,2,23,aligned,0,1,test,0.1519641876220703,0,1,3,211,64
L2_W64_H4,1,test:d1:t0:paligned:tree211:i10003,4,2,23,aligned,1,1,test,-0.09367179870605469,0,0,3,211,64
L2_W64_H4,0,test:d1:t0:paligned:tree211:i10004,4,2,23,aligned,0,1,test,0.015733718872070312,0,1,3,211,64
L2_W64_H4,0,test:d1:t0:paligned:tree211:i10005,4,2,23,aligned,1,1,test,0.012613296508789062,0,1,3,211,64
L2_W64_H4,1,test:d1:t0:paligned:tree211:i10006,4,2,23,aligned,0,1,test,-0.015132904052734375,0,0,3,211,64
L2_W64_H4,1,test:d1:t0:paligned:tree211:i10007,4,2,23,aligned,1,1,test,-0.04324913024902344,0,0,3,211,64
L2_W64_H4,0,test:d1:t0:paligned:tree211:i10008,4,2,23,aligned,0,1,test,-0.0524444580078125,0,0,3,211,64
L2_W64_H4,0,test:d1:t0:paligned:tree211:i10009,4,2,23,aligned,1,1,test,0.03485870361328125,0,1,3,211,64
L2_W64_H4,1,test:d1:t0:paligned:tree211:i10010,4,2,23,aligned,0,1,test,-0.04617881774902344,0,0,3,211,64
L2_W64_H4,1,test:d1:t0:paligned:tree211:i10011,4,2,23,aligned,1,1,test,0.031101226806640625,0,1,3,211,64
L2_W64_H4,0,test:d1:t0:paligned:tree211:i10012,4,2,23,aligned,0,1,test,-0.17953872680664062,0,0,3,211,64
L2_W64_H4,0,test:d1:t0:paligned:tree211:i10013,4,2,23,aligned,1,1,test,-0.06012725830078125,0,0,3,211,64
L2_W64_H4,1,test:d1:t0:paligned:tree211:i10014,4,2,23,aligned,0,1,test,-0.092681884765625,0,0,3,211,64
L2_W64_H4,1,test:d1:t0:paligned:tree211:i10015,4,2,23,aligned,1,1,test,0.12058830261230469,0,1,3,211,64
L2_W64_H4,0,test:d1:t0:paligned:tree307:i10000,4,2,23,aligned,0,1,test,-0.16286468505859375,0,0,3,307,64
L2_W64_H4,0,test:d1:t0:paligned:tree307:i10001,4,2,23,aligned,1,1,test,0.18910789489746094,0,1,3,307,64
L2_W64_H4,1,test:d1:t0:paligned:tree307:i10002,4,2,23,aligned,0,1,test,0.14798736572265625,0,1,3,307,64
L2_W64_H4,1,test:d1:t0:paligned:tree307:i10003,4,2,23,aligned,1,1,test,-0.03326225280761719,0,0,3,307,64
L2_W64_H4,0,test:d1:t0:paligned:tree307:i10004,4,2,23,aligned,0,1,test,0.028593063354492188,0,1,3,307,64
L2_W64_H4,0,test:d1:t0:paligned:tree307:i10005,4,2,23,aligned,1,1,test,0.08557510375976562,0,1,3,307,64
L2_W64_H4,1,test:d1:t0:paligned:tree307:i10006,4,2,23,aligned,0,1,test,0.03493690490722656,0,1,3,307,64
L2_W64_H4,1,test:d1:t0:paligned:tree307:i10007,4,2,23,aligned,1,1,test,-0.10400772094726562,0,0,3,307,64
L2_W64_H4,0,test:d1:t0:paligned:tree307:i10008,4,2,23,aligned,0,1,test,-0.15752029418945312,0,0,3,307,64
L2_W64_H4,0,test:d1:t0:paligned:tree307:i10009,4,2,23,aligned,1,1,test,0.05828666687011719,0,1,3,307,64
L2_W64_H4,1,test:d1:t0:paligned:tree307:i10010,4,2,23,aligned,0,1,test,-0.1374645233154297,0,0,3,307,64
L2_W64_H4,1,test:d1:t0:paligned:tree307:i10011,4,2,23,aligned,1,1,test,0.12836837768554688,0,1,3,307,64
L2_W64_H4,0,test:d1:t0:paligned:tree307:i10012,4,2,23,aligned,0,1,test,-0.09660720825195312,0,0,3,307,64
L2_W64_H4,0,test:d1:t0:paligned:tree307:i10013,4,2,23,aligned,1,1,test,0.09416389465332031,0,1,3,307,64
L2_W64_H4,1,test:d1:t0:paligned:tree307:i10014,4,2,23,aligned,0,1,test,-0.0017566680908203125,0,0,3,307,64
L2_W64_H4,1,test:d1:t0:paligned:tree307:i10015,4,2,23,aligned,1,1,test,-0.09206199645996094,0,0,3,307,64
L2_W64_H4,0,test:d1:t0:prandomized:tree101:i10000,4,2,23,randomized,0,1,test,0.06855964660644531,0,1,3,101,64
L2_W64_H4,1,test:d1:t0:prandomized:tree101:i10003,4,2,23,randomized,1,1,test,0.011987686157226562,0,1,3,101,64
L2_W64_H4,1,test:d1:t0:prandomized:tree101:i10006,4,2,23,randomized,0,1,test,0.07179641723632812,0,1,3,101,64
L2_W64_H4,1,test:d1:t0:prandomized:tree101:i10014,4,2,23,randomized,0,1,test,-0.1820392608642578,0,0,3,101,64
L2_W64_H4,1,test:d1:t0:prandomized:tree101:i10015,4,2,23,randomized,1,1,test,-0.06284141540527344,0,0,3,101,64
L2_W64_H4,1,test:d1:t0:prandomized:tree211:i10002,4,2,23,randomized,0,1,test,0.15196800231933594,0,1,3,211,64
L2_W64_H4,1,test:d1:t0:prandomized:tree211:i10003,4,2,23,randomized,1,1,test,-0.09367179870605469,0,0,3,211,64
L2_W64_H4,1,test:d1:t0:prandomized:tree211:i10014,4,2,23,randomized,0,1,test,-0.092681884765625,0,0,3,211,64
L2_W64_H4,1,test:d1:t0:prandomized:tree307:i10007,4,2,23,randomized,1,1,test,-0.10400772094726562,0,0,3,307,64
L2_W64_H4,1,test:d1:t0:prandomized:tree307:i10011,4,2,23,randomized,1,1,test,0.12836837768554688,0,1,3,307,64
L2_W64_H4,0,test:d1:t1:paligned:tree101:i10000,4,2,23,aligned,0,1,test,0.023817062377929688,1,1,3,101,64
L2_W64_H4,0,test:d1:t1:paligned:tree101:i10001,4,2,23,aligned,1,1,test,0.07180213928222656,1,1,3,101,64
L2_W64_H4,1,test:d1:t1:paligned:tree101:i10002,4,2,23,aligned,0,1,test,-0.044269561767578125,1,0,3,101,64
L2_W64_H4,1,test:d1:t1:paligned:tree101:i10003,4,2,23,aligned,1,1,test,0.07035255432128906,1,1,3,101,64
L2_W64_H4,0,test:d1:t1:paligned:tree101:i10004,4,2,23,aligned,0,1,test,-0.008686065673828125,1,0,3,101,64
L2_W64_H4,0,test:d1:t1:paligned:tree101:i10005,4,2,23,aligned,1,1,test,0.0046024322509765625,1,1,3,101,64
L2_W64_H4,1,test:d1:t1:paligned:tree101:i10006,4,2,23,aligned,0,1,test,0.019870758056640625,1,1,3,101,64
L2_W64_H4,1,test:d1:t1:paligned:tree101:i10007,4,2,23,aligned,1,1,test,0.05777931213378906,1,1,3,101,64
L2_W64_H4,0,test:d1:t1:paligned:tree101:i10008,4,2,23,aligned,0,1,test,-0.17715835571289062,1,0,3,101,64
L2_W64_H4,0,test:d1:t1:paligned:tree101:i10009,4,2,23,aligned,1,1,test,0.1428546905517578,1,1,3,101,64
L2_W64_H4,1,test:d1:t1:paligned:tree101:i10010,4,2,23,aligned,0,1,test,0.03485107421875,1,1,3,101,64
L2_W64_H4,1,test:d1:t1:paligned:tree101:i10011,4,2,23,aligned,1,1,test,-0.012880325317382812,1,0,3,101,64
L2_W64_H4,0,test:d1:t1:paligned:tree101:i10012,4,2,23,aligned,0,1,test,-0.13795089721679688,1,0,3,101,64
L2_W64_H4,0,test:d1:t1:paligned:tree101:i10013,4,2,23,aligned,1,1,test,-0.10443687438964844,1,0,3,101,64
L2_W64_H4,1,test:d1:t1:paligned:tree101:i10014,4,2,23,aligned,0,1,test,-0.22155189514160156,1,0,3,101,64
L2_W64_H4,1,test:d1:t1:paligned:tree101:i10015,4,2,23,aligned,1,1,test,-0.0002841949462890625,1,0,3,101,64
L2_W64_H4,0,test:d1:t1:paligned:tree211:i10000,4,2,23,aligned,0,1,test,-0.11567878723144531,1,0,3,211,64
L2_W64_H4,0,test:d1:t1:paligned:tree211:i10001,4,2,23,aligned,1,1,test,0.1345081329345703,1,1,3,211,64
L2_W64_H4,1,test:d1:t1:paligned:tree211:i10002,4,2,23,aligned,0,1,test,0.094329833984375,1,1,3,211,64
L2_W64_H4,1,test:d1:t1:paligned:tree211:i10003,4,2,23,aligned,1,1,test,-0.05332374572753906,1,0,3,211,64
L2_W64_H4,0,test:d1:t1:paligned:tree211:i10004,4,2,23,aligned,0,1,test,-0.0259246826171875,1,0,3,211,64
L2_W64_H4,0,test:d1:t1:paligned:tree211:i10005,4,2,23,aligned,1,1,test,0.0645599365234375,1,1,3,211,64
L2_W64_H4,1,test:d1:t1:paligned:tree211:i10006,4,2,23,aligned,0,1,test,-0.05023193359375,1,0,3,211,64
L2_W64_H4,1,test:d1:t1:paligned:tree211:i10007,4,2,23,aligned,1,1,test,0.004154205322265625,1,1,3,211,64
L2_W64_H4,0,test:d1:t1:paligned:tree211:i10008,4,2,23,aligned,0,1,test,-0.07109451293945312,1,0,3,211,64
L2_W64_H4,0,test:d1:t1:paligned:tree211:i10009,4,2,23,aligned,1,1,test,0.07373046875,1,1,3,211,64
L2_W64_H4,1,test:d1:t1:paligned:tree211:i10010,4,2,23,aligned,0,1,test,-0.10124778747558594,1,0,3,211,64
L2_W64_H4,1,test:d1:t1:paligned:tree211:i10011,4,2,23,aligned,1,1,test,0.07319259643554688,1,1,3,211,64
L2_W64_H4,0,test:d1:t1:paligned:tree211:i10012,4,2,23,aligned,0,1,test,-0.2197704315185547,1,0,3,211,64
L2_W64_H4,0,test:d1:t1:paligned:tree211:i10013,4,2,23,aligned,1,1,test,-0.0017547607421875,1,0,3,211,64
L2_W64_H4,1,test:d1:t1:paligned:tree211:i10014,4,2,23,aligned,0,1,test,-0.135162353515625,1,0,3,211,64
L2_W64_H4,1,test:d1:t1:paligned:tree211:i10015,4,2,23,aligned,1,1,test,0.1600818634033203,1,1,3,211,64
L2_W64_H4,0,test:d1:t1:paligned:tree307:i10000,4,2,23,aligned,0,1,test,-0.2031230926513672,1,0,3,307,64
L2_W64_H4,0,test:d1:t1:paligned:tree307:i10001,4,2,23,aligned,1,1,test,0.21347808837890625,1,1,3,307,64
L2_W64_H4,1,test:d1:t1:paligned:tree307:i10002,4,2,23,aligned,0,1,test,0.11731910705566406,1,1,3,307,64
L2_W64_H4,1,test:d1:t1:paligned:tree307:i10003,4,2,23,aligned,1,1,test,0.024503707885742188,1,1,3,307,64
L2_W64_H4,0,test:d1:t1:paligned:tree307:i10004,4,2,23,aligned,0,1,test,-0.0029449462890625,1,0,3,307,64
L2_W64_H4,0,test:d1:t1:paligned:tree307:i10005,4,2,23,aligned,1,1,test,0.12948036193847656,1,1,3,307,64
L2_W64_H4,1,test:d1:t1:paligned:tree307:i10006,4,2,23,aligned,0,1,test,-0.03537940979003906,1,0,3,307,64
L2_W64_H4,1,test:d1:t1:paligned:tree307:i10007,4,2,23,aligned,1,1,test,-0.06715011596679688,1,0,3,307,64
L2_W64_H4,0,test:d1:t1:paligned:tree307:i10008,4,2,23,aligned,0,1,test,-0.1922779083251953,1,0,3,307,64
L2_W64_H4,0,test:d1:t1:paligned:tree307:i10009,4,2,23,aligned,1,1,test,0.11118507385253906,1,1,3,307,64
L2_W64_H4,1,test:d1:t1:paligned:tree307:i10010,4,2,23,aligned,0,1,test,-0.18360519409179688,1,0,3,307,64
L2_W64_H4,1,test:d1:t1:paligned:tree307:i10011,4,2,23,aligned,1,1,test,0.17173194885253906,1,1,3,307,64
L2_W64_H4,0,test:d1:t1:paligned:tree307:i10012,4,2,23,aligned,0,1,test,-0.12368202209472656,1,0,3,307,64
L2_W64_H4,0,test:d1:t1:paligned:tree307:i10013,4,2,23,aligned,1,1,test,0.15918731689453125,1,1,3,307,64
L2_W64_H4,1,test:d1:t1:paligned:tree307:i10014,4,2,23,aligned,0,1,test,-0.0271148681640625,1,0,3,307,64
L2_W64_H4,1,test:d1:t1:paligned:tree307:i10015,4,2,23,aligned,1,1,test,-0.04808998107910156,1,0,3,307,64
L2_W64_H4,0,test:d1:t1:prandomized:tree101:i10000,4,2,23,randomized,0,1,test,0.023817062377929688,1,1,3,101,64
L2_W64_H4,1,test:d1:t1:prandomized:tree101:i10003,4,2,23,randomized,1,1,test,0.07035255432128906,1,1,3,101,64
L2_W64_H4,1,test:d1:t1:prandomized:tree101:i10006,4,2,23,randomized,0,1,test,0.019870758056640625,1,1,3,101,64
L2_W64_H4,1,test:d1:t1:prandomized:tree101:i10014,4,2,23,randomized,0,1,test,-0.22155189514160156,1,0,3,101,64
L2_W64_H4,1,test:d1:t1:prandomized:tree101:i10015,4,2,23,randomized,1,1,test,-0.0002841949462890625,1,0,3,101,64
L2_W64_H4,1,test:d1:t1:prandomized:tree211:i10002,4,2,23,randomized,0,1,test,0.094329833984375,1,1,3,211,64
L2_W64_H4,1,test:d1:t1:prandomized:tree211:i10003,4,2,23,randomized,1,1,test,-0.05332374572753906,1,0,3,211,64
L2_W64_H4,1,test:d1:t1:prandomized:tree211:i10014,4,2,23,randomized,0,1,test,-0.135162353515625,1,0,3,211,64
L2_W64_H4,1,test:d1:t1:prandomized:tree307:i10007,4,2,23,randomized,1,1,test,-0.06715011596679688,1,0,3,307,64
L2_W64_H4,1,test:d1:t1:prandomized:tree307:i10011,4,2,23,randomized,1,1,test,0.17173194885253906,1,1,3,307,64
L2_W64_H4,0,test:d1:t2:paligned:tree101:i10000,4,2,23,aligned,0,1,test,0.05912017822265625,2,1,3,101,64
L2_W64_H4,0,test:d1:t2:paligned:tree101:i10001,4,2,23,aligned,1,1,test,0.030963897705078125,2,1,3,101,64
L2_W64_H4,1,test:d1:t2:paligned:tree101:i10002,4,2,23,aligned,0,1,test,-3.24249267578125e-05,2,0,3,101,64
L2_W64_H4,1,test:d1:t2:paligned:tree101:i10003,4,2,23,aligned,1,1,test,0.0219573974609375,2,1,3,101,64
L2_W64_H4,0,test:d1:t2:paligned:tree101:i10004,4,2,23,aligned,0,1,test,0.030138015747070312,2,1,3,101,64
L2_W64_H4,0,test:d1:t2:paligned:tree101:i10005,4,2,23,aligned,1,1,test,-0.034023284912109375,2,0,3,101,64
L2_W64_H4,1,test:d1:t2:paligned:tree101:i10006,4,2,23,aligned,0,1,test,0.048984527587890625,2,1,3,101,64
L2_W64_H4,1,test:d1:t2:paligned:tree101:i10007,4,2,23,aligned,1,1,test,0.041538238525390625,2,1,3,101,64
L2_W64_H4,0,test:d1:t2:paligned:tree101:i10008,4,2,23,aligned,0,1,test,-0.13895606994628906,2,0,3,101,64
L2_W64_H4,0,test:d1:t2:paligned:tree101:i10009,4,2,23,aligned,1,1,test,0.11290740966796875,2,1,3,101,64
L2_W64_H4,1,test:d1:t2:paligned:tree101:i10010,4,2,23,aligned,0,1,test,0.06334114074707031,2,1,3,101,64
L2_W64_H4,1,test:d1:t2:paligned:tree101:i10011,4,2,23,aligned,1,1,test,-0.03854942321777344,2,0,3,101,64
L2_W64_H4,0,test:d1:t2:paligned:tree101:i10012,4,2,23,aligned,0,1,test,-0.11088180541992188,2,0,3,101,64
L2_W64_H4,0,test:d1:t2:paligned:tree101:i10013,4,2,23,aligned,1,1,test,-0.13395309448242188,2,0,3,101,64
L2_W64_H4,1,test:d1:t2:paligned:tree101:i10014,4,2,23,aligned,0,1,test,-0.18259048461914062,2,0,3,101,64
L2_W64_H4,1,test:d1:t2:paligned:tree101:i10015,4,2,23,aligned,1,1,test,-0.04071044921875,2,0,3,101,64
L2_W64_H4,0,test:d1:t2:paligned:tree211:i10000,4,2,23,aligned,0,1,test,-0.08302116394042969,2,0,3,211,64
L2_W64_H4,0,test:d1:t2:paligned:tree211:i10001,4,2,23,aligned,1,1,test,0.08298110961914062,2,1,3,211,64
L2_W64_H4,1,test:d1:t2:paligned:tree211:i10002,4,2,23,aligned,0,1,test,0.14410781860351562,2,1,3,211,64
L2_W64_H4,1,test:d1:t2:paligned:tree211:i10003,4,2,23,aligned,1,1,test,-0.08658599853515625,2,0,3,211,64
L2_W64_H4,0,test:d1:t2:paligned:tree211:i10004,4,2,23,aligned,0,1,test,0.0032901763916015625,2,1,3,211,64
L2_W64_H4,0,test:d1:t2:paligned:tree211:i10005,4,2,23,aligned,1,1,test,0.014757156372070312,2,1,3,211,64
L2_W64_H4,1,test:d1:t2:paligned:tree211:i10006,4,2,23,aligned,0,1,test,-0.023622512817382812,2,0,3,211,64
L2_W64_H4,1,test:d1:t2:paligned:tree211:i10007,4,2,23,aligned,1,1,test,-0.020788192749023438,2,0,3,211,64
L2_W64_H4,0,test:d1:t2:paligned:tree211:i10008,4,2,23,aligned,0,1,test,-0.04782295227050781,2,0,3,211,64
L2_W64_H4,0,test:d1:t2:paligned:tree211:i10009,4,2,23,aligned,1,1,test,0.042026519775390625,2,1,3,211,64
L2_W64_H4,1,test:d1:t2:paligned:tree211:i10010,4,2,23,aligned,0,1,test,-0.05465507507324219,2,0,3,211,64
L2_W64_H4,1,test:d1:t2:paligned:tree211:i10011,4,2,23,aligned,1,1,test,0.03156852722167969,2,1,3,211,64
L2_W64_H4,0,test:d1:t2:paligned:tree211:i10012,4,2,23,aligned,0,1,test,-0.1758899688720703,2,0,3,211,64
L2_W64_H4,0,test:d1:t2:paligned:tree211:i10013,4,2,23,aligned,1,1,test,-0.037353515625,2,0,3,211,64
L2_W64_H4,1,test:d1:t2:paligned:tree211:i10014,4,2,23,aligned,0,1,test,-0.10400199890136719,2,0,3,211,64
L2_W64_H4,1,test:d1:t2:paligned:tree211:i10015,4,2,23,aligned,1,1,test,0.12032699584960938,2,1,3,211,64
L2_W64_H4,0,test:d1:t2:paligned:tree307:i10000,4,2,23,aligned,0,1,test,-0.16722488403320312,2,0,3,307,64
L2_W64_H4,0,test:d1:t2:paligned:tree307:i10001,4,2,23,aligned,1,1,test,0.1798858642578125,2,1,3,307,64
L2_W64_H4,1,test:d1:t2:paligned:tree307:i10002,4,2,23,aligned,0,1,test,0.1399555206298828,2,1,3,307,64
L2_W64_H4,1,test:d1:t2:paligned:tree307:i10003,4,2,23,aligned,1,1,test,-0.0205078125,2,0,3,307,64
L2_W64_H4,0,test:d1:t2:paligned:tree307:i10004,4,2,23,aligned,0,1,test,0.022487640380859375,2,1,3,307,64
L2_W64_H4,0,test:d1:t2:paligned:tree307:i10005,4,2,23,aligned,1,1,test,0.09233474731445312,2,1,3,307,64
L2_W64_H4,1,test:d1:t2:paligned:tree307:i10006,4,2,23,aligned,0,1,test,-0.00042724609375,2,0,3,307,64
L2_W64_H4,1,test:d1:t2:paligned:tree307:i10007,4,2,23,aligned,1,1,test,-0.10374069213867188,2,0,3,307,64
L2_W64_H4,0,test:d1:t2:paligned:tree307:i10008,4,2,23,aligned,0,1,test,-0.14568328857421875,2,0,3,307,64
L2_W64_H4,0,test:d1:t2:paligned:tree307:i10009,4,2,23,aligned,1,1,test,0.06456947326660156,2,1,3,307,64
L2_W64_H4,1,test:d1:t2:paligned:tree307:i10010,4,2,23,aligned,0,1,test,-0.1455516815185547,2,0,3,307,64
L2_W64_H4,1,test:d1:t2:paligned:tree307:i10011,4,2,23,aligned,1,1,test,0.13357925415039062,2,1,3,307,64
L2_W64_H4,0,test:d1:t2:paligned:tree307:i10012,4,2,23,aligned,0,1,test,-0.09984207153320312,2,0,3,307,64
L2_W64_H4,0,test:d1:t2:paligned:tree307:i10013,4,2,23,aligned,1,1,test,0.11158370971679688,2,1,3,307,64
L2_W64_H4,1,test:d1:t2:paligned:tree307:i10014,4,2,23,aligned,0,1,test,-0.012430191040039062,2,0,3,307,64
L2_W64_H4,1,test:d1:t2:paligned:tree307:i10015,4,2,23,aligned,1,1,test,-0.07901382446289062,2,0,3,307,64
L2_W64_H4,0,test:d1:t2:prandomized:tree211:i10000,4,2,23,randomized,0,1,test,-0.08302116394042969,2,0,3,211,64
L2_W64_H4,1,test:d1:t2:prandomized:tree307:i10010,4,2,23,randomized,0,1,test,-0.1455516815185547,2,0,3,307,64
L2_W64_H4,0,test:d1:t3:paligned:tree101:i10000,4,2,23,aligned,0,1,test,0.050472259521484375,3,1,3,101,64
L2_W64_H4,0,test:d1:t3:paligned:tree101:i10001,4,2,23,aligned,1,1,test,0.052639007568359375,3,1,3,101,64
L2_W64_H4,1,test:d1:t3:paligned:tree101:i10002,4,2,23,aligned,0,1,test,-0.022840499877929688,3,0,3,101,64
L2_W64_H4,1,test:d1:t3:paligned:tree101:i10003,4,2,23,aligned,1,1,test,0.050731658935546875,3,1,3,101,64
L2_W64_H4,0,test:d1:t3:paligned:tree101:i10004,4,2,23,aligned,0,1,test,0.0036830902099609375,3,1,3,101,64
L2_W64_H4,0,test:d1:t3:paligned:tree101:i10005,4,2,23,aligned,1,1,test,-0.027509689331054688,3,0,3,101,64
L2_W64_H4,1,test:d1:t3:paligned:tree101:i10006,4,2,23,aligned,0,1,test,0.04572105407714844,3,1,3,101,64
L2_W64_H4,1,test:d1:t3:paligned:tree101:i10007,4,2,23,aligned,1,1,test,0.05050468444824219,3,1,3,101,64
L2_W64_H4,0,test:d1:t3:paligned:tree101:i10008,4,2,23,aligned,0,1,test,-0.16059112548828125,3,0,3,101,64
L2_W64_H4,0,test:d1:t3:paligned:tree101:i10009,4,2,23,aligned,1,1,test,0.1336040496826172,3,1,3,101,64
L2_W64_H4,1,test:d1:t3:paligned:tree101:i10010,4,2,23,aligned,0,1,test,0.06864547729492188,3,1,3,101,64
L2_W64_H4,1,test:d1:t3:paligned:tree101:i10011,4,2,23,aligned,1,1,test,-0.025865554809570312,3,0,3,101,64
L2_W64_H4,0,test:d1:t3:paligned:tree101:i10012,4,2,23,aligned,0,1,test,-0.12211990356445312,3,0,3,101,64
L2_W64_H4,0,test:d1:t3:paligned:tree101:i10013,4,2,23,aligned,1,1,test,-0.1297130584716797,3,0,3,101,64
L2_W64_H4,1,test:d1:t3:paligned:tree101:i10014,4,2,23,aligned,0,1,test,-0.2069988250732422,3,0,3,101,64
L2_W64_H4,1,test:d1:t3:paligned:tree101:i10015,4,2,23,aligned,1,1,test,-0.029081344604492188,3,0,3,101,64
L2_W64_H4,0,test:d1:t3:paligned:tree211:i10000,4,2,23,aligned,0,1,test,-0.09631538391113281,3,0,3,211,64
L2_W64_H4,0,test:d1:t3:paligned:tree211:i10001,4,2,23,aligned,1,1,test,0.11259841918945312,3,1,3,211,64
L2_W64_H4,1,test:d1:t3:paligned:tree211:i10002,4,2,23,aligned,0,1,test,0.1153717041015625,3,1,3,211,64
L2_W64_H4,1,test:d1:t3:paligned:tree211:i10003,4,2,23,aligned,1,1,test,-0.07146263122558594,3,0,3,211,64
L2_W64_H4,0,test:d1:t3:paligned:tree211:i10004,4,2,23,aligned,0,1,test,-0.006320953369140625,3,0,3,211,64
L2_W64_H4,0,test:d1:t3:paligned:tree211:i10005,4,2,23,aligned,1,1,test,0.04698371887207031,3,1,3,211,64
L2_W64_H4,1,test:d1:t3:paligned:tree211:i10006,4,2,23,aligned,0,1,test,-0.03439140319824219,3,0,3,211,64
L2_W64_H4,1,test:d1:t3:paligned:tree211:i10007,4,2,23,aligned,1,1,test,-0.015779495239257812,3,0,3,211,64
L2_W64_H4,0,test:d1:t3:paligned:tree211:i10008,4,2,23,aligned,0,1,test,-0.05978965759277344,3,0,3,211,64
L2_W64_H4,0,test:d1:t3:paligned:tree211:i10009,4,2,23,aligned,1,1,test,0.05037689208984375,3,1,3,211,64
L2_W64_H4,1,test:d1:t3:paligned:tree211:i10010,4,2,23,aligned,0,1,test,-0.07973670959472656,3,0,3,211,64
L2_W64_H4,1,test:d1:t3:paligned:tree211:i10011,4,2,23,aligned,1,1,test,0.05688667297363281,3,1,3,211,64
L2_W64_H4,0,test:d1:t3:paligned:tree211:i10012,4,2,23,aligned,0,1,test,-0.21117401123046875,3,0,3,211,64
L2_W64_H4,0,test:d1:t3:paligned:tree211:i10013,4,2,23,aligned,1,1,test,-0.027460098266601562,3,0,3,211,64
L2_W64_H4,1,test:d1:t3:paligned:tree211:i10014,4,2,23,aligned,0,1,test,-0.12201118469238281,3,0,3,211,64
L2_W64_H4,1,test:d1:t3:paligned:tree211:i10015,4,2,23,aligned,1,1,test,0.14390945434570312,3,1,3,211,64
L2_W64_H4,0,test:d1:t3:paligned:tree307:i10000,4,2,23,aligned,0,1,test,-0.18195152282714844,3,0,3,307,64
L2_W64_H4,0,test:d1:t3:paligned:tree307:i10001,4,2,23,aligned,1,1,test,0.19572067260742188,3,1,3,307,64
L2_W64_H4,1,test:d1:t3:paligned:tree307:i10002,4,2,23,aligned,0,1,test,0.13556480407714844,3,1,3,307,64
L2_W64_H4,1,test:d1:t3:paligned:tree307:i10003,4,2,23,aligned,1,1,test,0.0030956268310546875,3,1,3,307,64
L2_W64_H4,0,test:d1:t3:paligned:tree307:i10004,4,2,23,aligned,0,1,test,0.0196533203125,3,1,3,307,64
L2_W64_H4,0,test:d1:t3:paligned:tree307:i10005,4,2,23,aligned,1,1,test,0.10925102233886719,3,1,3,307,64
L2_W64_H4,1,test:d1:t3:paligned:tree307:i10006,4,2,23,aligned,0,1,test,-0.0010738372802734375,3,0,3,307,64
L2_W64_H4,1,test:d1:t3:paligned:tree307:i10007,4,2,23,aligned,1,1,test,-0.08700180053710938,3,0,3,307,64
L2_W64_H4,0,test:d1:t3:paligned:tree307:i10008,4,2,23,aligned,0,1,test,-0.182708740234375,3,0,3,307,64
L2_W64_H4,0,test:d1:t3:paligned:tree307:i10009,4,2,23,aligned,1,1,test,0.09384536743164062,3,1,3,307,64
L2_W64_H4,1,test:d1:t3:paligned:tree307:i10010,4,2,23,aligned,0,1,test,-0.16639137268066406,3,0,3,307,64
L2_W64_H4,1,test:d1:t3:paligned:tree307:i10011,4,2,23,aligned,1,1,test,0.14896774291992188,3,1,3,307,64
L2_W64_H4,0,test:d1:t3:paligned:tree307:i10012,4,2,23,aligned,0,1,test,-0.11178016662597656,3,0,3,307,64
L2_W64_H4,0,test:d1:t3:paligned:tree307:i10013,4,2,23,aligned,1,1,test,0.1331024169921875,3,1,3,307,64
L2_W64_H4,1,test:d1:t3:paligned:tree307:i10014,4,2,23,aligned,0,1,test,-0.012939453125,3,0,3,307,64
L2_W64_H4,1,test:d1:t3:paligned:tree307:i10015,4,2,23,aligned,1,1,test,-0.0657196044921875,3,0,3,307,64
L2_W64_H4,0,test:d1:t3:prandomized:tree211:i10000,4,2,23,randomized,0,1,test,-0.09631538391113281,3,0,3,211,64
L2_W64_H4,1,test:d1:t3:prandomized:tree307:i10010,4,2,23,randomized,0,1,test,-0.16639137268066406,3,0,3,307,64
L2_W64_H4,0,validation:d1:t0:prandomized:tree101:i10004,4,2,23,randomized,0,1,validation,-0.1559276580810547,0,0,3,101,64
L2_W64_H4,0,validation:d1:t0:prandomized:tree211:i10005,4,2,23,randomized,1,1,validation,0.07636833190917969,0,1,3,211,64
L2_W64_H4,0,validation:d1:t0:prandomized:tree307:i10001,4,2,23,randomized,1,1,validation,0.0349578857421875,0,1,3,307,64
L2_W64_H4,0,validation:d1:t1:prandomized:tree101:i10004,4,2,23,randomized,0,1,validation,-0.16516685485839844,1,0,3,101,64
L2_W64_H4,0,validation:d1:t1:prandomized:tree211:i10005,4,2,23,randomized,1,1,validation,0.0919036865234375,1,1,3,211,64
L2_W64_H4,0,validation:d1:t1:prandomized:tree307:i10001,4,2,23,randomized,1,1,validation,0.0469512939453125,1,1,3,307,64
L2_W64_H4,0,validation:d1:t2:prandomized:tree101:i10004,4,2,23,randomized,0,1,validation,-0.15185928344726562,2,0,3,101,64
L2_W64_H4,0,validation:d1:t2:prandomized:tree101:i10008,4,2,23,randomized,0,1,validation,-0.013408660888671875,2,0,3,101,64
L2_W64_H4,0,validation:d1:t2:prandomized:tree101:i10009,4,2,23,randomized,1,1,validation,-0.05410003662109375,2,0,3,101,64
L2_W64_H4,1,validation:d1:t2:prandomized:tree101:i10010,4,2,23,randomized,0,1,validation,-0.224334716796875,2,0,3,101,64
L2_W64_H4,1,validation:d1:t2:prandomized:tree101:i10014,4,2,23,randomized,0,1,validation,-0.14137840270996094,2,0,3,101,64
L2_W64_H4,1,validation:d1:t2:prandomized:tree211:i10002,4,2,23,randomized,0,1,validation,0.0246734619140625,2,1,3,211,64
L2_W64_H4,0,validation:d1:t2:prandomized:tree211:i10004,4,2,23,randomized,0,1,validation,-0.10573387145996094,2,0,3,211,64
L2_W64_H4,0,validation:d1:t2:prandomized:tree211:i10009,4,2,23,randomized,1,1,validation,0.05017852783203125,2,1,3,211,64
L2_W64_H4,0,validation:d1:t2:prandomized:tree307:i10005,4,2,23,randomized,1,1,validation,0.07669830322265625,2,1,3,307,64
L2_W64_H4,1,validation:d1:t2:prandomized:tree307:i10015,4,2,23,randomized,1,1,validation,0.0017032623291015625,2,1,3,307,64
L2_W64_H4,0,validation:d1:t3:prandomized:tree101:i10004,4,2,23,randomized,0,1,validation,-0.16597747802734375,3,0,3,101,64
L2_W64_H4,0,validation:d1:t3:prandomized:tree101:i10008,4,2,23,randomized,0,1,validation,-0.017269134521484375,3,0,3,101,64
L2_W64_H4,0,validation:d1:t3:prandomized:tree101:i10009,4,2,23,randomized,1,1,validation,-0.05122947692871094,3,0,3,101,64
L2_W64_H4,1,validation:d1:t3:prandomized:tree101:i10010,4,2,23,randomized,0,1,validation,-0.23081588745117188,3,0,3,101,64
L2_W64_H4,1,validation:d1:t3:prandomized:tree101:i10014,4,2,23,randomized,0,1,validation,-0.14776229858398438,3,0,3,101,64
L2_W64_H4,1,validation:d1:t3:prandomized:tree211:i10002,4,2,23,randomized,0,1,validation,0.01851654052734375,3,1,3,211,64
L2_W64_H4,0,validation:d1:t3:prandomized:tree211:i10004,4,2,23,randomized,0,1,validation,-0.12205696105957031,3,0,3,211,64
L2_W64_H4,0,validation:d1:t3:prandomized:tree211:i10009,4,2,23,randomized,1,1,validation,0.06874847412109375,3,1,3,211,64
L2_W64_H4,0,validation:d1:t3:prandomized:tree307:i10005,4,2,23,randomized,1,1,validation,0.09179496765136719,3,1,3,307,64
L2_W64_H4,1,validation:d1:t3:prandomized:tree307:i10015,4,2,23,randomized,1,1,validation,0.0131988525390625,3,1,3,307,64
L2_W64_H4,0,test:d1:t0:prandomized:tree101:i10004,4,2,23,randomized,0,1,test,-0.04557037353515625,0,0,3,101,64
L2_W64_H4,0,test:d1:t0:prandomized:tree211:i10005,4,2,23,randomized,1,1,test,0.035243988037109375,0,1,3,211,64
L2_W64_H4,0,test:d1:t0:prandomized:tree307:i10001,4,2,23,randomized,1,1,test,0.16924285888671875,0,1,3,307,64
L2_W64_H4,0,test:d1:t1:prandomized:tree101:i10004,4,2,23,randomized,0,1,test,-0.0460357666015625,1,0,3,101,64
L2_W64_H4,0,test:d1:t1:prandomized:tree211:i10005,4,2,23,randomized,1,1,test,0.051746368408203125,1,1,3,211,64
L2_W64_H4,0,test:d1:t1:prandomized:tree307:i10001,4,2,23,randomized,1,1,test,0.18141746520996094,1,1,3,307,64
L2_W64_H4,0,test:d1:t2:prandomized:tree101:i10004,4,2,23,randomized,0,1,test,-0.03406715393066406,2,0,3,101,64
L2_W64_H4,0,test:d1:t2:prandomized:tree101:i10008,4,2,23,randomized,0,1,test,-0.1525707244873047,2,0,3,101,64
L2_W64_H4,0,test:d1:t2:prandomized:tree101:i10009,4,2,23,randomized,1,1,test,0.123016357421875,2,1,3,101,64
L2_W64_H4,1,test:d1:t2:prandomized:tree101:i10010,4,2,23,randomized,0,1,test,-0.017139434814453125,2,0,3,101,64
L2_W64_H4,1,test:d1:t2:prandomized:tree101:i10014,4,2,23,randomized,0,1,test,-0.18821334838867188,2,0,3,101,64
L2_W64_H4,1,test:d1:t2:prandomized:tree211:i10002,4,2,23,randomized,0,1,test,0.07119178771972656,2,1,3,211,64
L2_W64_H4,0,test:d1:t2:prandomized:tree211:i10004,4,2,23,randomized,0,1,test,-0.0205230712890625,2,0,3,211,64
L2_W64_H4,0,test:d1:t2:prandomized:tree211:i10009,4,2,23,randomized,1,1,test,0.08569526672363281,2,1,3,211,64
L2_W64_H4,0,test:d1:t2:prandomized:tree307:i10005,4,2,23,randomized,1,1,test,0.1150054931640625,2,1,3,307,64
L2_W64_H4,1,test:d1:t2:prandomized:tree307:i10015,4,2,23,randomized,1,1,test,0.0016498565673828125,2,1,3,307,64
L2_W64_H4,0,test:d1:t3:prandomized:tree101:i10004,4,2,23,randomized,0,1,test,-0.04560661315917969,3,0,3,101,64
L2_W64_H4,0,test:d1:t3:prandomized:tree101:i10008,4,2,23,randomized,0,1,test,-0.17150115966796875,3,0,3,101,64
L2_W64_H4,0,test:d1:t3:prandomized:tree101:i10009,4,2,23,randomized,1,1,test,0.1412639617919922,3,1,3,101,64
L2_W64_H4,1,test:d1:t3:prandomized:tree101:i10010,4,2,23,randomized,0,1,test,-0.025800704956054688,3,0,3,101,64
L2_W64_H4,1,test:d1:t3:prandomized:tree101:i10014,4,2,23,randomized,0,1,test,-0.2113819122314453,3,0,3,101,64
L2_W64_H4,1,test:d1:t3:prandomized:tree211:i10002,4,2,23,randomized,0,1,test,0.04981803894042969,3,1,3,211,64
L2_W64_H4,0,test:d1:t3:prandomized:tree211:i10004,4,2,23,randomized,0,1,test,-0.03754997253417969,3,0,3,211,64
L2_W64_H4,0,test:d1:t3:prandomized:tree211:i10009,4,2,23,randomized,1,1,test,0.09816551208496094,3,1,3,211,64
L2_W64_H4,0,test:d1:t3:prandomized:tree307:i10005,4,2,23,randomized,1,1,test,0.1293621063232422,3,1,3,307,64
L2_W64_H4,1,test:d1:t3:prandomized:tree307:i10015,4,2,23,randomized,1,1,test,0.01425933837890625,3,1,3,307,64
L2_W64_H4,0,validation:d1:t0:prandomized:tree101:i10001,4,2,23,randomized,1,1,validation,0.055965423583984375,0,1,3,101,64
L2_W64_H4,0,validation:d1:t0:prandomized:tree101:i10008,4,2,23,randomized,0,1,validation,0.011007308959960938,0,1,3,101,64
L2_W64_H4,1,validation:d1:t0:prandomized:tree101:i10011,4,2,23,randomized,1,1,validation,-0.047008514404296875,0,0,3,101,64
L2_W64_H4,0,validation:d1:t0:prandomized:tree211:i10009,4,2,23,randomized,1,1,validation,0.027248382568359375,0,1,3,211,64
L2_W64_H4,0,validation:d1:t0:prandomized:tree307:i10008,4,2,23,randomized,0,1,validation,-0.11726760864257812,0,0,3,307,64
L2_W64_H4,0,validation:d1:t0:prandomized:tree307:i10012,4,2,23,randomized,0,1,validation,-0.05007362365722656,0,0,3,307,64
L2_W64_H4,0,validation:d1:t0:prandomized:tree307:i10013,4,2,23,randomized,1,1,validation,-0.026979446411132812,0,0,3,307,64
L2_W64_H4,0,validation:d1:t1:prandomized:tree101:i10001,4,2,23,randomized,1,1,validation,0.06359672546386719,1,1,3,101,64
L2_W64_H4,0,validation:d1:t1:prandomized:tree101:i10008,4,2,23,randomized,0,1,validation,-0.000946044921875,1,0,3,101,64
L2_W64_H4,1,validation:d1:t1:prandomized:tree101:i10011,4,2,23,randomized,1,1,validation,-0.03782844543457031,1,0,3,101,64
L2_W64_H4,0,validation:d1:t1:prandomized:tree211:i10009,4,2,23,randomized,1,1,validation,0.04844474792480469,1,1,3,211,64
L2_W64_H4,0,validation:d1:t1:prandomized:tree307:i10008,4,2,23,randomized,0,1,validation,-0.13237571716308594,1,0,3,307,64
L2_W64_H4,0,validation:d1:t1:prandomized:tree307:i10012,4,2,23,randomized,0,1,validation,-0.05436134338378906,1,0,3,307,64
L2_W64_H4,0,validation:d1:t1:prandomized:tree307:i10013,4,2,23,randomized,1,1,validation,-0.012144088745117188,1,0,3,307,64
L2_W64_H4,1,validation:d1:t2:prandomized:tree101:i10011,4,2,23,randomized,1,1,validation,-0.04952430725097656,2,0,3,101,64
L2_W64_H4,1,validation:d1:t2:prandomized:tree211:i10010,4,2,23,randomized,0,1,validation,0.04483604431152344,2,1,3,211,64
L2_W64_H4,1,validation:d1:t2:prandomized:tree307:i10002,4,2,23,randomized,0,1,validation,0.06815910339355469,2,1,3,307,64
L2_W64_H4,0,validation:d1:t2:prandomized:tree307:i10004,4,2,23,randomized,0,1,validation,0.014707565307617188,2,1,3,307,64
L2_W64_H4,1,validation:d1:t2:prandomized:tree307:i10006,4,2,23,randomized,0,1,validation,-0.0070648193359375,2,0,3,307,64
L2_W64_H4,0,validation:d1:t2:prandomized:tree307:i10009,4,2,23,randomized,1,1,validation,0.012786865234375,2,1,3,307,64
L2_W64_H4,0,validation:d1:t2:prandomized:tree307:i10013,4,2,23,randomized,1,1,validation,-0.028482437133789062,2,0,3,307,64
L2_W64_H4,1,validation:d1:t2:prandomized:tree307:i10014,4,2,23,randomized,0,1,validation,0.020532608032226562,2,1,3,307,64
L2_W64_H4,1,validation:d1:t3:prandomized:tree101:i10011,4,2,23,randomized,1,1,validation,-0.03903388977050781,3,0,3,101,64
L2_W64_H4,1,validation:d1:t3:prandomized:tree211:i10010,4,2,23,randomized,0,1,validation,0.04782676696777344,3,1,3,211,64
L2_W64_H4,1,validation:d1:t3:prandomized:tree307:i10002,4,2,23,randomized,0,1,validation,0.05318260192871094,3,1,3,307,64
L2_W64_H4,0,validation:d1:t3:prandomized:tree307:i10004,4,2,23,randomized,0,1,validation,0.001453399658203125,3,1,3,307,64
L2_W64_H4,1,validation:d1:t3:prandomized:tree307:i10006,4,2,23,randomized,0,1,validation,-0.018610000610351562,3,0,3,307,64
L2_W64_H4,0,validation:d1:t3:prandomized:tree307:i10009,4,2,23,randomized,1,1,validation,0.022390365600585938,3,1,3,307,64
L2_W64_H4,0,validation:d1:t3:prandomized:tree307:i10013,4,2,23,randomized,1,1,validation,-0.01385498046875,3,0,3,307,64
L2_W64_H4,1,validation:d1:t3:prandomized:tree307:i10014,4,2,23,randomized,0,1,validation,0.0014190673828125,3,1,3,307,64
L2_W64_H4,0,test:d1:t0:prandomized:tree101:i10001,4,2,23,randomized,1,1,test,0.038959503173828125,0,1,3,101,64
L2_W64_H4,0,test:d1:t0:prandomized:tree101:i10008,4,2,23,randomized,0,1,test,-0.13361358642578125,0,0,3,101,64
L2_W64_H4,1,test:d1:t0:prandomized:tree101:i10011,4,2,23,randomized,1,1,test,-0.03768730163574219,0,0,3,101,64
L2_W64_H4,0,test:d1:t0:prandomized:tree211:i10009,4,2,23,randomized,1,1,test,0.06375694274902344,0,1,3,211,64
L2_W64_H4,0,test:d1:t0:prandomized:tree307:i10008,4,2,23,randomized,0,1,test,-0.1369037628173828,0,0,3,307,64
L2_W64_H4,0,test:d1:t0:prandomized:tree307:i10012,4,2,23,randomized,0,1,test,-0.10647201538085938,0,0,3,307,64
L2_W64_H4,0,test:d1:t0:prandomized:tree307:i10013,4,2,23,randomized,1,1,test,0.14087295532226562,0,1,3,307,64
L2_W64_H4,0,test:d1:t1:prandomized:tree101:i10001,4,2,23,randomized,1,1,test,0.04962730407714844,1,1,3,101,64
L2_W64_H4,0,test:d1:t1:prandomized:tree101:i10008,4,2,23,randomized,0,1,test,-0.1512908935546875,1,0,3,101,64
L2_W64_H4,1,test:d1:t1:prandomized:tree101:i10011,4,2,23,randomized,1,1,test,-0.027217864990234375,1,0,3,101,64
L2_W64_H4,0,test:d1:t1:prandomized:tree211:i10009,4,2,23,randomized,1,1,test,0.0752716064453125,1,1,3,211,64
L2_W64_H4,0,test:d1:t1:prandomized:tree307:i10008,4,2,23,randomized,0,1,test,-0.16126441955566406,1,0,3,307,64
L2_W64_H4,0,test:d1:t1:prandomized:tree307:i10012,4,2,23,randomized,0,1,test,-0.11704826354980469,1,0,3,307,64
L2_W64_H4,0,test:d1:t1:prandomized:tree307:i10013,4,2,23,randomized,1,1,test,0.14878082275390625,1,1,3,307,64
L2_W64_H4,1,test:d1:t2:prandomized:tree101:i10011,4,2,23,randomized,1,1,test,-0.03841209411621094,2,0,3,101,64
L2_W64_H4,1,test:d1:t2:prandomized:tree211:i10010,4,2,23,randomized,0,1,test,-0.047145843505859375,2,0,3,211,64
L2_W64_H4,1,test:d1:t2:prandomized:tree307:i10002,4,2,23,randomized,0,1,test,0.0933837890625,2,1,3,307,64
L2_W64_H4,0,test:d1:t2:prandomized:tree307:i10004,4,2,23,randomized,0,1,test,-0.01317596435546875,2,0,3,307,64
L2_W64_H4,1,test:d1:t2:prandomized:tree307:i10006,4,2,23,randomized,0,1,test,-0.025300979614257812,2,0,3,307,64
L2_W64_H4,0,test:d1:t2:prandomized:tree307:i10009,4,2,23,randomized,1,1,test,0.0661163330078125,2,1,3,307,64
L2_W64_H4,0,test:d1:t2:prandomized:tree307:i10013,4,2,23,randomized,1,1,test,0.13833236694335938,2,1,3,307,64
L2_W64_H4,1,test:d1:t2:prandomized:tree307:i10014,4,2,23,randomized,0,1,test,-0.04929924011230469,2,0,3,307,64
L2_W64_H4,1,test:d1:t3:prandomized:tree101:i10011,4,2,23,randomized,1,1,test,-0.025957107543945312,3,0,3,101,64
L2_W64_H4,1,test:d1:t3:prandomized:tree211:i10010,4,2,23,randomized,0,1,test,-0.06548500061035156,3,0,3,211,64
L2_W64_H4,1,test:d1:t3:prandomized:tree307:i10002,4,2,23,randomized,0,1,test,0.08637237548828125,3,1,3,307,64
L2_W64_H4,0,test:d1:t3:prandomized:tree307:i10004,4,2,23,randomized,0,1,test,-0.02462005615234375,3,0,3,307,64
L2_W64_H4,1,test:d1:t3:prandomized:tree307:i10006,4,2,23,randomized,0,1,test,-0.03838348388671875,3,0,3,307,64
L2_W64_H4,0,test:d1:t3:prandomized:tree307:i10009,4,2,23,randomized,1,1,test,0.08770561218261719,3,1,3,307,64
L2_W64_H4,0,test:d1:t3:prandomized:tree307:i10013,4,2,23,randomized,1,1,test,0.15372085571289062,3,1,3,307,64
L2_W64_H4,1,test:d1:t3:prandomized:tree307:i10014,4,2,23,randomized,0,1,test,-0.05843353271484375,3,0,3,307,64
L2_W64_H4,0,validation:d1:t0:prandomized:tree101:i10009,4,2,23,randomized,1,1,validation,-0.10939598083496094,0,0,3,101,64
L2_W64_H4,0,validation:d1:t0:prandomized:tree307:i10005,4,2,23,randomized,1,1,validation,0.050243377685546875,0,1,3,307,64
L2_W64_H4,1,validation:d1:t0:prandomized:tree307:i10015,4,2,23,randomized,1,1,validation,-0.023647308349609375,0,0,3,307,64
L2_W64_H4,0,validation:d1:t1:prandomized:tree101:i10009,4,2,23,randomized,1,1,validation,-0.1333026885986328,1,0,3,101,64
L2_W64_H4,0,validation:d1:t1:prandomized:tree307:i10005,4,2,23,randomized,1,1,validation,0.061450958251953125,1,1,3,307,64
L2_W64_H4,1,validation:d1:t1:prandomized:tree307:i10015,4,2,23,randomized,1,1,validation,-0.02161407470703125,1,0,3,307,64
L2_W64_H4,0,validation:d1:t2:prandomized:tree101:i10013,4,2,23,randomized,1,1,validation,0.033969879150390625,2,1,3,101,64
L2_W64_H4,1,validation:d1:t2:prandomized:tree211:i10007,4,2,23,randomized,1,1,validation,0.09865188598632812,2,1,3,211,64
L2_W64_H4,0,validation:d1:t3:prandomized:tree101:i10013,4,2,23,randomized,1,1,validation,0.0417022705078125,3,1,3,101,64
L2_W64_H4,1,validation:d1:t3:prandomized:tree211:i10007,4,2,23,randomized,1,1,validation,0.10920906066894531,3,1,3,211,64
L2_W64_H4,0,test:d1:t0:prandomized:tree101:i10009,4,2,23,randomized,1,1,test,0.08751678466796875,0,1,3,101,64
L2_W64_H4,0,test:d1:t0:prandomized:tree307:i10005,4,2,23,randomized,1,1,test,0.0803985595703125,0,1,3,307,64
L2_W64_H4,1,test:d1:t0:prandomized:tree307:i10015,4,2,23,randomized,1,1,test,-0.029399871826171875,0,0,3,307,64
L2_W64_H4,0,test:d1:t1:prandomized:tree101:i10009,4,2,23,randomized,1,1,test,0.09650611877441406,1,1,3,101,64
L2_W64_H4,0,test:d1:t1:prandomized:tree307:i10005,4,2,23,randomized,1,1,test,0.09605979919433594,1,1,3,307,64
L2_W64_H4,1,test:d1:t1:prandomized:tree307:i10015,4,2,23,randomized,1,1,test,-0.027322769165039062,1,0,3,307,64
L2_W64_H4,0,test:d1:t2:prandomized:tree101:i10013,4,2,23,randomized,1,1,test,-0.08427810668945312,2,0,3,101,64
L2_W64_H4,1,test:d1:t2:prandomized:tree211:i10007,4,2,23,randomized,1,1,test,0.03973960876464844,2,1,3,211,64
L2_W64_H4,0,test:d1:t3:prandomized:tree101:i10013,4,2,23,randomized,1,1,test,-0.0808563232421875,3,0,3,101,64
L2_W64_H4,1,test:d1:t3:prandomized:tree211:i10007,4,2,23,randomized,1,1,test,0.045696258544921875,3,1,3,211,64
L2_W64_H4,0,validation:d1:t0:prandomized:tree101:i10012,4,2,23,randomized,0,1,validation,-0.0390167236328125,0,0,3,101,64
L2_W64_H4,0,validation:d1:t0:prandomized:tree211:i10008,4,2,23,randomized,0,1,validation,0.0171966552734375,0,1,3,211,64
L2_W64_H4,0,validation:d1:t0:prandomized:tree307:i10000,4,2,23,randomized,0,1,validation,-0.021198272705078125,0,0,3,307,64
L2_W64_H4,0,validation:d1:t0:prandomized:tree307:i10009,4,2,23,randomized,1,1,validation,0.001018524169921875,0,1,3,307,64
L2_W64_H4,1,validation:d1:t0:prandomized:tree307:i10010,4,2,23,randomized,0,1,validation,0.0308074951171875,0,1,3,307,64
L2_W64_H4,0,validation:d1:t1:prandomized:tree101:i10012,4,2,23,randomized,0,1,validation,-0.04443931579589844,1,0,3,101,64
L2_W64_H4,0,validation:d1:t1:prandomized:tree211:i10008,4,2,23,randomized,0,1,validation,0.00849151611328125,1,1,3,211,64
L2_W64_H4,0,validation:d1:t1:prandomized:tree307:i10000,4,2,23,randomized,0,1,validation,-0.024038314819335938,1,0,3,307,64
L2_W64_H4,0,validation:d1:t1:prandomized:tree307:i10009,4,2,23,randomized,1,1,validation,0.0050373077392578125,1,1,3,307,64
L2_W64_H4,1,validation:d1:t1:prandomized:tree307:i10010,4,2,23,randomized,0,1,validation,0.024127960205078125,1,1,3,307,64
L2_W64_H4,0,validation:d1:t2:prandomized:tree101:i10001,4,2,23,randomized,1,1,validation,0.04760932922363281,2,1,3,101,64
L2_W64_H4,0,validation:d1:t2:prandomized:tree101:i10005,4,2,23,randomized,1,1,validation,0.0514984130859375,2,1,3,101,64
L2_W64_H4,0,validation:d1:t2:prandomized:tree211:i10012,4,2,23,randomized,0,1,validation,-0.10407066345214844,2,0,3,211,64
L2_W64_H4,0,validation:d1:t2:prandomized:tree211:i10013,4,2,23,randomized,1,1,validation,0.0372772216796875,2,1,3,211,64
L2_W64_H4,0,validation:d1:t3:prandomized:tree101:i10001,4,2,23,randomized,1,1,validation,0.055419921875,3,1,3,101,64
L2_W64_H4,0,validation:d1:t3:prandomized:tree101:i10005,4,2,23,randomized,1,1,validation,0.05779838562011719,3,1,3,101,64
L2_W64_H4,0,validation:d1:t3:prandomized:tree211:i10012,4,2,23,randomized,0,1,validation,-0.11693572998046875,3,0,3,211,64
L2_W64_H4,0,validation:d1:t3:prandomized:tree211:i10013,4,2,23,randomized,1,1,validation,0.04643058776855469,3,1,3,211,64
L2_W64_H4,0,test:d1:t0:prandomized:tree101:i10012,4,2,23,randomized,0,1,test,-0.09482383728027344,0,0,3,101,64
L2_W64_H4,0,test:d1:t0:prandomized:tree211:i10008,4,2,23,randomized,0,1,test,-0.04340171813964844,0,0,3,211,64
L2_W64_H4,0,test:d1:t0:prandomized:tree307:i10000,4,2,23,randomized,0,1,test,-0.09611320495605469,0,0,3,307,64
L2_W64_H4,0,test:d1:t0:prandomized:tree307:i10009,4,2,23,randomized,1,1,test,0.038776397705078125,0,1,3,307,64
L2_W64_H4,1,test:d1:t0:prandomized:tree307:i10010,4,2,23,randomized,0,1,test,-0.11051559448242188,0,0,3,307,64
L2_W64_H4,0,test:d1:t1:prandomized:tree101:i10012,4,2,23,randomized,0,1,test,-0.10443687438964844,1,0,3,101,64
L2_W64_H4,0,test:d1:t1:prandomized:tree211:i10008,4,2,23,randomized,0,1,test,-0.048980712890625,1,0,3,211,64
L2_W64_H4,0,test:d1:t1:prandomized:tree307:i10000,4,2,23,randomized,0,1,test,-0.10855484008789062,1,0,3,307,64
L2_W64_H4,0,test:d1:t1:prandomized:tree307:i10009,4,2,23,randomized,1,1,test,0.05171775817871094,1,1,3,307,64
L2_W64_H4,1,test:d1:t1:prandomized:tree307:i10010,4,2,23,randomized,0,1,test,-0.12052536010742188,1,0,3,307,64
L2_W64_H4,0,test:d1:t2:prandomized:tree101:i10001,4,2,23,randomized,1,1,test,0.0031909942626953125,2,1,3,101,64
L2_W64_H4,0,test:d1:t2:prandomized:tree101:i10005,4,2,23,randomized,1,1,test,-0.026643753051757812,2,0,3,101,64
L2_W64_H4,0,test:d1:t2:prandomized:tree211:i10012,4,2,23,randomized,0,1,test,-0.1423168182373047,2,0,3,211,64
L2_W64_H4,0,test:d1:t2:prandomized:tree211:i10013,4,2,23,randomized,1,1,test,-0.03169059753417969,2,0,3,211,64
L2_W64_H4,0,test:d1:t3:prandomized:tree101:i10001,4,2,23,randomized,1,1,test,0.012537002563476562,3,1,3,101,64
L2_W64_H4,0,test:d1:t3:prandomized:tree101:i10005,4,2,23,randomized,1,1,test,-0.020687103271484375,3,0,3,101,64
L2_W64_H4,0,test:d1:t3:prandomized:tree211:i10012,4,2,23,randomized,0,1,test,-0.15676498413085938,3,0,3,211,64
L2_W64_H4,0,test:d1:t3:prandomized:tree211:i10013,4,2,23,randomized,1,1,test,-0.02436065673828125,3,0,3,211,64
L2_W64_H4,1,validation:d1:t0:prandomized:tree211:i10006,4,2,23,randomized,0,1,validation,-0.08294296264648438,0,0,3,211,64
L2_W64_H4,1,validation:d1:t0:prandomized:tree211:i10011,4,2,23,randomized,1,1,validation,0.05932044982910156,0,1,3,211,64
L2_W64_H4,0,validation:d1:t0:prandomized:tree307:i10004,4,2,23,randomized,0,1,validation,0.008800506591796875,0,1,3,307,64
L2_W64_H4,1,validation:d1:t1:prandomized:tree211:i10006,4,2,23,randomized,0,1,validation,-0.0814666748046875,1,0,3,211,64
L2_W64_H4,1,validation:d1:t1:prandomized:tree211:i10011,4,2,23,randomized,1,1,validation,0.059368133544921875,1,1,3,211,64
L2_W64_H4,0,validation:d1:t1:prandomized:tree307:i10004,4,2,23,randomized,0,1,validation,0.008237838745117188,1,1,3,307,64
L2_W64_H4,1,validation:d1:t2:prandomized:tree101:i10007,4,2,23,randomized,1,1,validation,0.027975082397460938,2,1,3,101,64
L2_W64_H4,0,validation:d1:t2:prandomized:tree211:i10001,4,2,23,randomized,1,1,validation,0.06542396545410156,2,1,3,211,64
L2_W64_H4,0,validation:d1:t2:prandomized:tree211:i10005,4,2,23,randomized,1,1,validation,0.051067352294921875,2,1,3,211,64
L2_W64_H4,1,validation:d1:t2:prandomized:tree211:i10011,4,2,23,randomized,1,1,validation,0.05602455139160156,2,1,3,211,64
L2_W64_H4,0,validation:d1:t2:prandomized:tree307:i10001,4,2,23,randomized,1,1,validation,0.0057392120361328125,2,1,3,307,64
L2_W64_H4,0,validation:d1:t2:prandomized:tree307:i10008,4,2,23,randomized,0,1,validation,-0.12143516540527344,2,0,3,307,64
L2_W64_H4,1,validation:d1:t3:prandomized:tree101:i10007,4,2,23,randomized,1,1,validation,0.034637451171875,3,1,3,101,64
L2_W64_H4,0,validation:d1:t3:prandomized:tree211:i10001,4,2,23,randomized,1,1,validation,0.06807899475097656,3,1,3,211,64
L2_W64_H4,0,validation:d1:t3:prandomized:tree211:i10005,4,2,23,randomized,1,1,validation,0.05434417724609375,3,1,3,211,64
L2_W64_H4,1,validation:d1:t3:prandomized:tree211:i10011,4,2,23,randomized,1,1,validation,0.059234619140625,3,1,3,211,64
L2_W64_H4,0,validation:d1:t3:prandomized:tree307:i10001,4,2,23,randomized,1,1,validation,0.013071060180664062,3,1,3,307,64
L2_W64_H4,0,validation:d1:t3:prandomized:tree307:i10008,4,2,23,randomized,0,1,validation,-0.1255054473876953,3,0,3,307,64
L2_W64_H4,1,test:d1:t0:prandomized:tree211:i10006,4,2,23,randomized,0,1,test,-0.06672096252441406,0,0,3,211,64
L2_W64_H4,1,test:d1:t0:prandomized:tree211:i10011,4,2,23,randomized,1,1,test,0.02848052978515625,0,1,3,211,64
L2_W64_H4,0,test:d1:t0:prandomized:tree307:i10004,4,2,23,randomized,0,1,test,-0.014612197875976562,0,0,3,307,64
L2_W64_H4,1,test:d1:t1:prandomized:tree211:i10006,4,2,23,randomized,0,1,test,-0.06970405578613281,1,0,3,211,64
L2_W64_H4,1,test:d1:t1:prandomized:tree211:i10011,4,2,23,randomized,1,1,test,0.03312110900878906,1,1,3,211,64
L2_W64_H4,0,test:d1:t1:prandomized:tree307:i10004,4,2,23,randomized,0,1,test,-0.014741897583007812,1,0,3,307,64
L2_W64_H4,1,test:d1:t2:prandomized:tree101:i10007,4,2,23,randomized,1,1,test,0.016733169555664062,2,1,3,101,64
L2_W64_H4,0,test:d1:t2:prandomized:tree211:i10001,4,2,23,randomized,1,1,test,0.08939361572265625,2,1,3,211,64
L2_W64_H4,0,test:d1:t2:prandomized:tree211:i10005,4,2,23,randomized,1,1,test,0.016592025756835938,2,1,3,211,64
L2_W64_H4,1,test:d1:t2:prandomized:tree211:i10011,4,2,23,randomized,1,1,test,0.028003692626953125,2,1,3,211,64
L2_W64_H4,0,test:d1:t2:prandomized:tree307:i10001,4,2,23,randomized,1,1,test,0.1478710174560547,2,1,3,307,64
L2_W64_H4,0,test:d1:t2:prandomized:tree307:i10008,4,2,23,randomized,0,1,test,-0.1424694061279297,2,0,3,307,64
L2_W64_H4,1,test:d1:t3:prandomized:tree101:i10007,4,2,23,randomized,1,1,test,0.0168914794921875,3,1,3,101,64
L2_W64_H4,0,test:d1:t3:prandomized:tree211:i10001,4,2,23,randomized,1,1,test,0.09349441528320312,3,1,3,211,64
L2_W64_H4,0,test:d1:t3:prandomized:tree211:i10005,4,2,23,randomized,1,1,test,0.0241241455078125,3,1,3,211,64
L2_W64_H4,1,test:d1:t3:prandomized:tree211:i10011,4,2,23,randomized,1,1,test,0.03318214416503906,3,1,3,211,64
L2_W64_H4,0,test:d1:t3:prandomized:tree307:i10001,4,2,23,randomized,1,1,test,0.15594482421875,3,1,3,307,64
L2_W64_H4,0,test:d1:t3:prandomized:tree307:i10008,4,2,23,randomized,0,1,test,-0.1486988067626953,3,0,3,307,64
L2_W64_H4,1,validation:d1:t0:prandomized:tree101:i10002,4,2,23,randomized,0,1,validation,-0.019937515258789062,0,0,3,101,64
L2_W64_H4,1,validation:d1:t0:prandomized:tree211:i10007,4,2,23,randomized,1,1,validation,0.10840606689453125,0,1,3,211,64
L2_W64_H4,0,validation:d1:t0:prandomized:tree211:i10012,4,2,23,randomized,0,1,validation,-0.13076400756835938,0,0,3,211,64
L2_W64_H4,0,validation:d1:t0:prandomized:tree211:i10013,4,2,23,randomized,1,1,validation,0.048526763916015625,0,1,3,211,64
L2_W64_H4,1,validation:d1:t0:prandomized:tree307:i10003,4,2,23,randomized,1,1,validation,0.09600830078125,0,1,3,307,64
L2_W64_H4,1,validation:d1:t0:prandomized:tree307:i10014,4,2,23,randomized,0,1,validation,0.041599273681640625,0,1,3,307,64
L2_W64_H4,1,validation:d1:t1:prandomized:tree101:i10002,4,2,23,randomized,0,1,validation,-0.01458740234375,1,0,3,101,64
L2_W64_H4,1,validation:d1:t1:prandomized:tree211:i10007,4,2,23,randomized,1,1,validation,0.10273933410644531,1,1,3,211,64
L2_W64_H4,0,validation:d1:t1:prandomized:tree211:i10012,4,2,23,randomized,0,1,validation,-0.12475776672363281,1,0,3,211,64
L2_W64_H4,0,validation:d1:t1:prandomized:tree211:i10013,4,2,23,randomized,1,1,validation,0.04668235778808594,1,1,3,211,64
L2_W64_H4,1,validation:d1:t1:prandomized:tree307:i10003,4,2,23,randomized,1,1,validation,0.08678817749023438,1,1,3,307,64
L2_W64_H4,1,validation:d1:t1:prandomized:tree307:i10014,4,2,23,randomized,0,1,validation,0.04783821105957031,1,1,3,307,64
L2_W64_H4,1,validation:d1:t2:prandomized:tree211:i10003,4,2,23,randomized,1,1,validation,0.03709220886230469,2,1,3,211,64
L2_W64_H4,1,validation:d1:t2:prandomized:tree211:i10014,4,2,23,randomized,0,1,validation,0.001956939697265625,2,1,3,211,64
L2_W64_H4,0,validation:d1:t2:prandomized:tree307:i10000,4,2,23,randomized,0,1,validation,-0.034580230712890625,2,0,3,307,64
L2_W64_H4,1,validation:d1:t2:prandomized:tree307:i10003,4,2,23,randomized,1,1,validation,0.09509849548339844,2,1,3,307,64
L2_W64_H4,1,validation:d1:t3:prandomized:tree211:i10003,4,2,23,randomized,1,1,validation,0.03481483459472656,3,1,3,211,64
L2_W64_H4,1,validation:d1:t3:prandomized:tree211:i10014,4,2,23,randomized,0,1,validation,0.010585784912109375,3,1,3,211,64
L2_W64_H4,0,validation:d1:t3:prandomized:tree307:i10000,4,2,23,randomized,0,1,validation,-0.032176971435546875,3,0,3,307,64
L2_W64_H4,1,validation:d1:t3:prandomized:tree307:i10003,4,2,23,randomized,1,1,validation,0.08660888671875,3,1,3,307,64
L2_W64_H4,1,test:d1:t0:prandomized:tree101:i10002,4,2,23,randomized,0,1,test,-0.048091888427734375,0,0,3,101,64
L2_W64_H4,1,test:d1:t0:prandomized:tree211:i10007,4,2,23,randomized,1,1,test,0.06006431579589844,0,1,3,211,64
L2_W64_H4,0,test:d1:t0:prandomized:tree211:i10012,4,2,23,randomized,0,1,test,-0.16498947143554688,0,0,3,211,64
L2_W64_H4,0,test:d1:t0:prandomized:tree211:i10013,4,2,23,randomized,1,1,test,-0.02915191650390625,0,0,3,211,64
L2_W64_H4,1,test:d1:t0:prandomized:tree307:i10003,4,2,23,randomized,1,1,test,0.014806747436523438,0,1,3,307,64
L2_W64_H4,1,test:d1:t0:prandomized:tree307:i10014,4,2,23,randomized,0,1,test,-0.04254341125488281,0,0,3,307,64
L2_W64_H4,1,test:d1:t1:prandomized:tree101:i10002,4,2,23,randomized,0,1,test,-0.042388916015625,1,0,3,101,64
L2_W64_H4,1,test:d1:t1:prandomized:tree211:i10007,4,2,23,randomized,1,1,test,0.05855369567871094,1,1,3,211,64
L2_W64_H4,0,test:d1:t1:prandomized:tree211:i10012,4,2,23,randomized,0,1,test,-0.160308837890625,1,0,3,211,64
L2_W64_H4,0,test:d1:t1:prandomized:tree211:i10013,4,2,23,randomized,1,1,test,-0.031129837036132812,1,0,3,211,64
L2_W64_H4,1,test:d1:t1:prandomized:tree307:i10003,4,2,23,randomized,1,1,test,0.010210037231445312,1,1,3,307,64
L2_W64_H4,1,test:d1:t1:prandomized:tree307:i10014,4,2,23,randomized,0,1,test,-0.0321502685546875,1,0,3,307,64
L2_W64_H4,1,test:d1:t2:prandomized:tree211:i10003,4,2,23,randomized,1,1,test,-0.05693817138671875,2,0,3,211,64
L2_W64_H4,1,test:d1:t2:prandomized:tree211:i10014,4,2,23,randomized,0,1,test,-0.04149436950683594,2,0,3,211,64
L2_W64_H4,0,test:d1:t2:prandomized:tree307:i10000,4,2,23,randomized,0,1,test,-0.11895370483398438,2,0,3,307,64
L2_W64_H4,1,test:d1:t2:prandomized:tree307:i10003,4,2,23,randomized,1,1,test,0.013303756713867188,2,1,3,307,64
L2_W64_H4,1,test:d1:t3:prandomized:tree211:i10003,4,2,23,randomized,1,1,test,-0.06242179870605469,3,0,3,211,64
L2_W64_H4,1,test:d1:t3:prandomized:tree211:i10014,4,2,23,randomized,0,1,test,-0.03887367248535156,3,0,3,211,64
L2_W64_H4,0,test:d1:t3:prandomized:tree307:i10000,4,2,23,randomized,0,1,test,-0.1110076904296875,3,0,3,307,64
L2_W64_H4,1,test:d1:t3:prandomized:tree307:i10003,4,2,23,randomized,1,1,test,0.011247634887695312,3,1,3,307,64
L2_W64_H4,1,validation:d1:t0:prandomized:tree101:i10007,4,2,23,randomized,1,1,validation,0.0338897705078125,0,1,3,101,64
L2_W64_H4,1,validation:d1:t0:prandomized:tree101:i10010,4,2,23,randomized,0,1,validation,-0.21152496337890625,0,0,3,101,64
L2_W64_H4,0,validation:d1:t0:prandomized:tree101:i10013,4,2,23,randomized,1,1,validation,0.06725120544433594,0,1,3,101,64
L2_W64_H4,0,validation:d1:t0:prandomized:tree211:i10000,4,2,23,randomized,0,1,validation,-0.08573532104492188,0,0,3,211,64
L2_W64_H4,0,validation:d1:t0:prandomized:tree211:i10001,4,2,23,randomized,1,1,validation,0.07528877258300781,0,1,3,211,64
L2_W64_H4,0,validation:d1:t0:prandomized:tree211:i10004,4,2,23,randomized,0,1,validation,-0.09913063049316406,0,0,3,211,64
L2_W64_H4,1,validation:d1:t0:prandomized:tree211:i10015,4,2,23,randomized,1,1,validation,0.11806869506835938,0,1,3,211,64
L2_W64_H4,1,validation:d1:t0:prandomized:tree307:i10002,4,2,23,randomized,0,1,validation,0.08886909484863281,0,1,3,307,64
L2_W64_H4,1,validation:d1:t1:prandomized:tree101:i10007,4,2,23,randomized,1,1,validation,0.025669097900390625,1,1,3,101,64
L2_W64_H4,1,validation:d1:t1:prandomized:tree101:i10010,4,2,23,randomized,0,1,validation,-0.1919078826904297,1,0,3,101,64
L2_W64_H4,0,validation:d1:t1:prandomized:tree101:i10013,4,2,23,randomized,1,1,validation,0.05658531188964844,1,1,3,101,64
L2_W64_H4,0,validation:d1:t1:prandomized:tree211:i10000,4,2,23,randomized,0,1,validation,-0.0730743408203125,1,0,3,211,64
L2_W64_H4,0,validation:d1:t1:prandomized:tree211:i10001,4,2,23,randomized,1,1,validation,0.06069183349609375,1,1,3,211,64
L2_W64_H4,0,validation:d1:t1:prandomized:tree211:i10004,4,2,23,randomized,0,1,validation,-0.08224296569824219,1,0,3,211,64
L2_W64_H4,1,validation:d1:t1:prandomized:tree211:i10015,4,2,23,randomized,1,1,validation,0.11001396179199219,1,1,3,211,64
L2_W64_H4,1,validation:d1:t1:prandomized:tree307:i10002,4,2,23,randomized,0,1,validation,0.09702682495117188,1,1,3,307,64
L2_W64_H4,1,validation:d1:t2:prandomized:tree101:i10003,4,2,23,randomized,1,1,validation,0.079315185546875,2,1,3,101,64
L2_W64_H4,1,validation:d1:t2:prandomized:tree101:i10006,4,2,23,randomized,0,1,validation,-0.135162353515625,2,0,3,101,64
L2_W64_H4,0,validation:d1:t2:prandomized:tree101:i10012,4,2,23,randomized,0,1,validation,-0.04826545715332031,2,0,3,101,64
L2_W64_H4,0,validation:d1:t2:prandomized:tree211:i10008,4,2,23,randomized,0,1,validation,-0.011020660400390625,2,0,3,211,64
L2_W64_H4,1,validation:d1:t2:prandomized:tree211:i10015,4,2,23,randomized,1,1,validation,0.11694717407226562,2,1,3,211,64
L2_W64_H4,1,validation:d1:t2:prandomized:tree307:i10007,4,2,23,randomized,1,1,validation,0.03793144226074219,2,1,3,307,64
L2_W64_H4,0,validation:d1:t2:prandomized:tree307:i10012,4,2,23,randomized,0,1,validation,-0.041900634765625,2,0,3,307,64
L2_W64_H4,1,validation:d1:t3:prandomized:tree101:i10003,4,2,23,randomized,1,1,validation,0.06766700744628906,3,1,3,101,64
L2_W64_H4,1,validation:d1:t3:prandomized:tree101:i10006,4,2,23,randomized,0,1,validation,-0.12039756774902344,3,0,3,101,64
L2_W64_H4,0,validation:d1:t3:prandomized:tree101:i10012,4,2,23,randomized,0,1,validation,-0.039989471435546875,3,0,3,101,64
L2_W64_H4,0,validation:d1:t3:prandomized:tree211:i10008,4,2,23,randomized,0,1,validation,0.0008106231689453125,3,1,3,211,64
L2_W64_H4,1,validation:d1:t3:prandomized:tree211:i10015,4,2,23,randomized,1,1,validation,0.11021232604980469,3,1,3,211,64
L2_W64_H4,1,validation:d1:t3:prandomized:tree307:i10007,4,2,23,randomized,1,1,validation,0.02994537353515625,3,1,3,307,64
L2_W64_H4,0,validation:d1:t3:prandomized:tree307:i10012,4,2,23,randomized,0,1,validation,-0.034519195556640625,3,0,3,307,64
L2_W64_H4,0,validation:d2:t0:paligned:tree101:i20000,4,2,23,aligned,0,2,validation,0.14602088928222656,0,1,4,101,64
L2_W64_H4,0,validation:d2:t0:paligned:tree101:i20001,4,2,23,aligned,1,2,validation,-0.017589569091796875,0,0,4,101,64
L2_W64_H4,1,validation:d2:t0:paligned:tree101:i20002,4,2,23,aligned,0,2,validation,0.06640434265136719,0,1,4,101,64
L2_W64_H4,1,validation:d2:t0:paligned:tree101:i20003,4,2,23,aligned,1,2,validation,0.031225204467773438,0,1,4,101,64
L2_W64_H4,0,validation:d2:t0:paligned:tree101:i20004,4,2,23,aligned,0,2,validation,-0.11983680725097656,0,0,4,101,64
L2_W64_H4,0,validation:d2:t0:paligned:tree101:i20005,4,2,23,aligned,1,2,validation,0.04049110412597656,0,1,4,101,64
L2_W64_H4,1,validation:d2:t0:paligned:tree101:i20006,4,2,23,aligned,0,2,validation,-0.15211868286132812,0,0,4,101,64
L2_W64_H4,1,validation:d2:t0:paligned:tree101:i20007,4,2,23,aligned,1,2,validation,-0.15819740295410156,0,0,4,101,64
L2_W64_H4,0,validation:d2:t0:paligned:tree101:i20008,4,2,23,aligned,0,2,validation,0.08382034301757812,0,1,4,101,64
L2_W64_H4,0,validation:d2:t0:paligned:tree101:i20009,4,2,23,aligned,1,2,validation,0.0949859619140625,0,1,4,101,64
L2_W64_H4,1,validation:d2:t0:paligned:tree101:i20010,4,2,23,aligned,0,2,validation,-0.025190353393554688,0,0,4,101,64
L2_W64_H4,1,validation:d2:t0:paligned:tree101:i20011,4,2,23,aligned,1,2,validation,0.10843849182128906,0,1,4,101,64
L2_W64_H4,0,validation:d2:t0:paligned:tree101:i20012,4,2,23,aligned,0,2,validation,-0.022686004638671875,0,0,4,101,64
L2_W64_H4,0,validation:d2:t0:paligned:tree101:i20013,4,2,23,aligned,1,2,validation,-0.013036727905273438,0,0,4,101,64
L2_W64_H4,1,validation:d2:t0:paligned:tree101:i20014,4,2,23,aligned,0,2,validation,-0.10195350646972656,0,0,4,101,64
L2_W64_H4,1,validation:d2:t0:paligned:tree101:i20015,4,2,23,aligned,1,2,validation,-0.16115188598632812,0,0,4,101,64
L2_W64_H4,0,validation:d2:t0:paligned:tree211:i20000,4,2,23,aligned,0,2,validation,-0.07867622375488281,0,0,4,211,64
L2_W64_H4,0,validation:d2:t0:paligned:tree211:i20001,4,2,23,aligned,1,2,validation,0.07002449035644531,0,1,4,211,64
L2_W64_H4,1,validation:d2:t0:paligned:tree211:i20002,4,2,23,aligned,0,2,validation,0.09915542602539062,0,1,4,211,64
L2_W64_H4,1,validation:d2:t0:paligned:tree211:i20003,4,2,23,aligned,1,2,validation,-0.12504005432128906,0,0,4,211,64
L2_W64_H4,0,validation:d2:t0:paligned:tree211:i20004,4,2,23,aligned,0,2,validation,0.1334209442138672,0,1,4,211,64
L2_W64_H4,0,validation:d2:t0:paligned:tree211:i20005,4,2,23,aligned,1,2,validation,-0.08013916015625,0,0,4,211,64
L2_W64_H4,1,validation:d2:t0:paligned:tree211:i20006,4,2,23,aligned,0,2,validation,-0.07166862487792969,0,0,4,211,64
L2_W64_H4,1,validation:d2:t0:paligned:tree211:i20007,4,2,23,aligned,1,2,validation,0.024852752685546875,0,1,4,211,64
L2_W64_H4,0,validation:d2:t0:paligned:tree211:i20008,4,2,23,aligned,0,2,validation,-0.012838363647460938,0,0,4,211,64
L2_W64_H4,0,validation:d2:t0:paligned:tree211:i20009,4,2,23,aligned,1,2,validation,-0.0652923583984375,0,0,4,211,64
L2_W64_H4,1,validation:d2:t0:paligned:tree211:i20010,4,2,23,aligned,0,2,validation,-0.1885662078857422,0,0,4,211,64
L2_W64_H4,1,validation:d2:t0:paligned:tree211:i20011,4,2,23,aligned,1,2,validation,-0.007904052734375,0,0,4,211,64
L2_W64_H4,0,validation:d2:t0:paligned:tree211:i20012,4,2,23,aligned,0,2,validation,-0.07684135437011719,0,0,4,211,64
L2_W64_H4,0,validation:d2:t0:paligned:tree211:i20013,4,2,23,aligned,1,2,validation,-0.08990287780761719,0,0,4,211,64
L2_W64_H4,1,validation:d2:t0:paligned:tree211:i20014,4,2,23,aligned,0,2,validation,0.13319969177246094,0,1,4,211,64
L2_W64_H4,1,validation:d2:t0:paligned:tree211:i20015,4,2,23,aligned,1,2,validation,-0.12415695190429688,0,0,4,211,64
L2_W64_H4,0,validation:d2:t0:paligned:tree307:i20000,4,2,23,aligned,0,2,validation,0.11377525329589844,0,1,4,307,64
L2_W64_H4,0,validation:d2:t0:paligned:tree307:i20001,4,2,23,aligned,1,2,validation,-0.07869529724121094,0,0,4,307,64
L2_W64_H4,1,validation:d2:t0:paligned:tree307:i20002,4,2,23,aligned,0,2,validation,0.0926513671875,0,1,4,307,64
L2_W64_H4,1,validation:d2:t0:paligned:tree307:i20003,4,2,23,aligned,1,2,validation,-0.05925750732421875,0,0,4,307,64
L2_W64_H4,0,validation:d2:t0:paligned:tree307:i20004,4,2,23,aligned,0,2,validation,0.014232635498046875,0,1,4,307,64
L2_W64_H4,0,validation:d2:t0:paligned:tree307:i20005,4,2,23,aligned,1,2,validation,0.06046867370605469,0,1,4,307,64
L2_W64_H4,1,validation:d2:t0:paligned:tree307:i20006,4,2,23,aligned,0,2,validation,-0.031091690063476562,0,0,4,307,64
L2_W64_H4,1,validation:d2:t0:paligned:tree307:i20007,4,2,23,aligned,1,2,validation,0.11390304565429688,0,1,4,307,64
L2_W64_H4,0,validation:d2:t0:paligned:tree307:i20008,4,2,23,aligned,0,2,validation,0.052837371826171875,0,1,4,307,64
L2_W64_H4,0,validation:d2:t0:paligned:tree307:i20009,4,2,23,aligned,1,2,validation,0.0060901641845703125,0,1,4,307,64
L2_W64_H4,1,validation:d2:t0:paligned:tree307:i20010,4,2,23,aligned,0,2,validation,0.002635955810546875,0,1,4,307,64
L2_W64_H4,1,validation:d2:t0:paligned:tree307:i20011,4,2,23,aligned,1,2,validation,-0.07036399841308594,0,0,4,307,64
L2_W64_H4,0,validation:d2:t0:paligned:tree307:i20012,4,2,23,aligned,0,2,validation,-0.12810325622558594,0,0,4,307,64
L2_W64_H4,0,validation:d2:t0:paligned:tree307:i20013,4,2,23,aligned,1,2,validation,0.015729904174804688,0,1,4,307,64
L2_W64_H4,1,validation:d2:t0:paligned:tree307:i20014,4,2,23,aligned,0,2,validation,0.06926155090332031,0,1,4,307,64
L2_W64_H4,1,validation:d2:t0:paligned:tree307:i20015,4,2,23,aligned,1,2,validation,0.06376838684082031,0,1,4,307,64
L2_W64_H4,0,validation:d2:t0:prandomized:tree101:i20013,4,2,23,randomized,1,2,validation,-0.013036727905273438,0,0,4,101,64
L2_W64_H4,0,validation:d2:t0:prandomized:tree307:i20005,4,2,23,randomized,1,2,validation,0.06046867370605469,0,1,4,307,64
L2_W64_H4,1,validation:d2:t0:prandomized:tree307:i20014,4,2,23,randomized,0,2,validation,0.06926155090332031,0,1,4,307,64
L2_W64_H4,0,validation:d2:t1:paligned:tree101:i20000,4,2,23,aligned,0,2,validation,0.12220001220703125,1,1,4,101,64
L2_W64_H4,0,validation:d2:t1:paligned:tree101:i20001,4,2,23,aligned,1,2,validation,0.020879745483398438,1,1,4,101,64
L2_W64_H4,1,validation:d2:t1:paligned:tree101:i20002,4,2,23,aligned,0,2,validation,0.027345657348632812,1,1,4,101,64
L2_W64_H4,1,validation:d2:t1:paligned:tree101:i20003,4,2,23,aligned,1,2,validation,0.07298660278320312,1,1,4,101,64
L2_W64_H4,0,validation:d2:t1:paligned:tree101:i20004,4,2,23,aligned,0,2,validation,-0.17598342895507812,1,0,4,101,64
L2_W64_H4,0,validation:d2:t1:paligned:tree101:i20005,4,2,23,aligned,1,2,validation,0.05804634094238281,1,1,4,101,64
L2_W64_H4,1,validation:d2:t1:paligned:tree101:i20006,4,2,23,aligned,0,2,validation,-0.18072128295898438,1,0,4,101,64
L2_W64_H4,1,validation:d2:t1:paligned:tree101:i20007,4,2,23,aligned,1,2,validation,-0.11380767822265625,1,0,4,101,64
L2_W64_H4,0,validation:d2:t1:paligned:tree101:i20008,4,2,23,aligned,0,2,validation,0.055301666259765625,1,1,4,101,64
L2_W64_H4,0,validation:d2:t1:paligned:tree101:i20009,4,2,23,aligned,1,2,validation,0.09884834289550781,1,1,4,101,64
L2_W64_H4,1,validation:d2:t1:paligned:tree101:i20010,4,2,23,aligned,0,2,validation,-0.061168670654296875,1,0,4,101,64
L2_W64_H4,1,validation:d2:t1:paligned:tree101:i20011,4,2,23,aligned,1,2,validation,0.13483428955078125,1,1,4,101,64
L2_W64_H4,0,validation:d2:t1:paligned:tree101:i20012,4,2,23,aligned,0,2,validation,-0.05556488037109375,1,0,4,101,64
L2_W64_H4,0,validation:d2:t1:paligned:tree101:i20013,4,2,23,aligned,1,2,validation,0.01926422119140625,1,1,4,101,64
L2_W64_H4,1,validation:d2:t1:paligned:tree101:i20014,4,2,23,aligned,0,2,validation,-0.13016700744628906,1,0,4,101,64
L2_W64_H4,1,validation:d2:t1:paligned:tree101:i20015,4,2,23,aligned,1,2,validation,-0.12208366394042969,1,0,4,101,64
L2_W64_H4,0,validation:d2:t1:paligned:tree211:i20000,4,2,23,aligned,0,2,validation,-0.10025978088378906,1,0,4,211,64
L2_W64_H4,0,validation:d2:t1:paligned:tree211:i20001,4,2,23,aligned,1,2,validation,0.09529495239257812,1,1,4,211,64
L2_W64_H4,1,validation:d2:t1:paligned:tree211:i20002,4,2,23,aligned,0,2,validation,0.074249267578125,1,1,4,211,64
L2_W64_H4,1,validation:d2:t1:paligned:tree211:i20003,4,2,23,aligned,1,2,validation,-0.10780715942382812,1,0,4,211,64
L2_W64_H4,0,validation:d2:t1:paligned:tree211:i20004,4,2,23,aligned,0,2,validation,0.11459159851074219,1,1,4,211,64
L2_W64_H4,0,validation:d2:t1:paligned:tree211:i20005,4,2,23,aligned,1,2,validation,-0.041828155517578125,1,0,4,211,64
L2_W64_H4,1,validation:d2:t1:paligned:tree211:i20006,4,2,23,aligned,0,2,validation,-0.09836769104003906,1,0,4,211,64
L2_W64_H4,1,validation:d2:t1:paligned:tree211:i20007,4,2,23,aligned,1,2,validation,0.07059097290039062,1,1,4,211,64
L2_W64_H4,0,validation:d2:t1:paligned:tree211:i20008,4,2,23,aligned,0,2,validation,-0.047336578369140625,1,0,4,211,64
L2_W64_H4,0,validation:d2:t1:paligned:tree211:i20009,4,2,23,aligned,1,2,validation,-0.0030727386474609375,1,0,4,211,64
L2_W64_H4,1,validation:d2:t1:paligned:tree211:i20010,4,2,23,aligned,0,2,validation,-0.2176227569580078,1,0,4,211,64
L2_W64_H4,1,validation:d2:t1:paligned:tree211:i20011,4,2,23,aligned,1,2,validation,0.02117156982421875,1,1,4,211,64
L2_W64_H4,0,validation:d2:t1:paligned:tree211:i20012,4,2,23,aligned,0,2,validation,-0.10622406005859375,1,0,4,211,64
L2_W64_H4,0,validation:d2:t1:paligned:tree211:i20013,4,2,23,aligned,1,2,validation,-0.05885887145996094,1,0,4,211,64
L2_W64_H4,1,validation:d2:t1:paligned:tree211:i20014,4,2,23,aligned,0,2,validation,0.13841629028320312,1,1,4,211,64
L2_W64_H4,1,validation:d2:t1:paligned:tree211:i20015,4,2,23,aligned,1,2,validation,-0.08739662170410156,1,0,4,211,64
L2_W64_H4,0,validation:d2:t1:paligned:tree307:i20000,4,2,23,aligned,0,2,validation,0.0904693603515625,1,1,4,307,64
L2_W64_H4,0,validation:d2:t1:paligned:tree307:i20001,4,2,23,aligned,1,2,validation,-0.05137062072753906,1,0,4,307,64
L2_W64_H4,1,validation:d2:t1:paligned:tree307:i20002,4,2,23,aligned,0,2,validation,0.07911491394042969,1,1,4,307,64
L2_W64_H4,1,validation:d2:t1:paligned:tree307:i20003,4,2,23,aligned,1,2,validation,-0.007928848266601562,1,0,4,307,64
L2_W64_H4,0,validation:d2:t1:paligned:tree307:i20004,4,2,23,aligned,0,2,validation,-0.03522491455078125,1,0,4,307,64
L2_W64_H4,0,validation:d2:t1:paligned:tree307:i20005,4,2,23,aligned,1,2,validation,0.0923004150390625,1,1,4,307,64
L2_W64_H4,1,validation:d2:t1:paligned:tree307:i20006,4,2,23,aligned,0,2,validation,-0.07569694519042969,1,0,4,307,64
L2_W64_H4,1,validation:d2:t1:paligned:tree307:i20007,4,2,23,aligned,1,2,validation,0.15703773498535156,1,1,4,307,64
L2_W64_H4,0,validation:d2:t1:paligned:tree307:i20008,4,2,23,aligned,0,2,validation,0.024312973022460938,1,1,4,307,64
L2_W64_H4,0,validation:d2:t1:paligned:tree307:i20009,4,2,23,aligned,1,2,validation,0.04279899597167969,1,1,4,307,64
L2_W64_H4,1,validation:d2:t1:paligned:tree307:i20010,4,2,23,aligned,0,2,validation,-0.025594711303710938,1,0,4,307,64
L2_W64_H4,1,validation:d2:t1:paligned:tree307:i20011,4,2,23,aligned,1,2,validation,-0.04011726379394531,1,0,4,307,64
L2_W64_H4,0,validation:d2:t1:paligned:tree307:i20012,4,2,23,aligned,0,2,validation,-0.1567401885986328,1,0,4,307,64
L2_W64_H4,0,validation:d2:t1:paligned:tree307:i20013,4,2,23,aligned,1,2,validation,0.04824638366699219,1,1,4,307,64
L2_W64_H4,1,validation:d2:t1:paligned:tree307:i20014,4,2,23,aligned,0,2,validation,0.05337333679199219,1,1,4,307,64
L2_W64_H4,1,validation:d2:t1:paligned:tree307:i20015,4,2,23,aligned,1,2,validation,0.09873008728027344,1,1,4,307,64
L2_W64_H4,0,validation:d2:t1:prandomized:tree101:i20013,4,2,23,randomized,1,2,validation,0.01926422119140625,1,1,4,101,64
L2_W64_H4,0,validation:d2:t1:prandomized:tree307:i20005,4,2,23,randomized,1,2,validation,0.0923004150390625,1,1,4,307,64
L2_W64_H4,1,validation:d2:t1:prandomized:tree307:i20014,4,2,23,randomized,0,2,validation,0.05337333679199219,1,1,4,307,64
L2_W64_H4,0,validation:d2:t2:paligned:tree101:i20000,4,2,23,aligned,0,2,validation,0.1317119598388672,2,1,4,101,64
L2_W64_H4,0,validation:d2:t2:paligned:tree101:i20001,4,2,23,aligned,1,2,validation,-0.0124359130859375,2,0,4,101,64
L2_W64_H4,1,validation:d2:t2:paligned:tree101:i20002,4,2,23,aligned,0,2,validation,0.0469970703125,2,1,4,101,64
L2_W64_H4,1,validation:d2:t2:paligned:tree101:i20003,4,2,23,aligned,1,2,validation,0.04065704345703125,2,1,4,101,64
L2_W64_H4,0,validation:d2:t2:paligned:tree101:i20004,4,2,23,aligned,0,2,validation,-0.12993621826171875,2,0,4,101,64
L2_W64_H4,0,validation:d2:t2:paligned:tree101:i20005,4,2,23,aligned,1,2,validation,0.035778045654296875,2,1,4,101,64
L2_W64_H4,1,validation:d2:t2:paligned:tree101:i20006,4,2,23,aligned,0,2,validation,-0.14998245239257812,2,0,4,101,64
L2_W64_H4,1,validation:d2:t2:paligned:tree101:i20007,4,2,23,aligned,1,2,validation,-0.14211082458496094,2,0,4,101,64
L2_W64_H4,0,validation:d2:t2:paligned:tree101:i20008,4,2,23,aligned,0,2,validation,0.07447433471679688,2,1,4,101,64
L2_W64_H4,0,validation:d2:t2:paligned:tree101:i20009,4,2,23,aligned,1,2,validation,0.09609413146972656,2,1,4,101,64
L2_W64_H4,1,validation:d2:t2:paligned:tree101:i20010,4,2,23,aligned,0,2,validation,-0.03411865234375,2,0,4,101,64
L2_W64_H4,1,validation:d2:t2:paligned:tree101:i20011,4,2,23,aligned,1,2,validation,0.11136817932128906,2,1,4,101,64
L2_W64_H4,0,validation:d2:t2:paligned:tree101:i20012,4,2,23,aligned,0,2,validation,-0.017520904541015625,2,0,4,101,64
L2_W64_H4,0,validation:d2:t2:paligned:tree101:i20013,4,2,23,aligned,1,2,validation,-0.0028095245361328125,2,0,4,101,64
L2_W64_H4,1,validation:d2:t2:paligned:tree101:i20014,4,2,23,aligned,0,2,validation,-0.12110137939453125,2,0,4,101,64
L2_W64_H4,1,validation:d2:t2:paligned:tree101:i20015,4,2,23,aligned,1,2,validation,-0.141387939453125,2,0,4,101,64
L2_W64_H4,0,validation:d2:t2:paligned:tree211:i20000,4,2,23,aligned,0,2,validation,-0.08080673217773438,2,0,4,211,64
L2_W64_H4,0,validation:d2:t2:paligned:tree211:i20001,4,2,23,aligned,1,2,validation,0.07143402099609375,2,1,4,211,64
L2_W64_H4,1,validation:d2:t2:paligned:tree211:i20002,4,2,23,aligned,0,2,validation,0.09705734252929688,2,1,4,211,64
L2_W64_H4,1,validation:d2:t2:paligned:tree211:i20003,4,2,23,aligned,1,2,validation,-0.12334632873535156,2,0,4,211,64
L2_W64_H4,0,validation:d2:t2:paligned:tree211:i20004,4,2,23,aligned,0,2,validation,0.12842178344726562,2,1,4,211,64
L2_W64_H4,0,validation:d2:t2:paligned:tree211:i20005,4,2,23,aligned,1,2,validation,-0.07232093811035156,2,0,4,211,64
L2_W64_H4,1,validation:d2:t2:paligned:tree211:i20006,4,2,23,aligned,0,2,validation,-0.07622146606445312,2,0,4,211,64
L2_W64_H4,1,validation:d2:t2:paligned:tree211:i20007,4,2,23,aligned,1,2,validation,0.03015899658203125,2,1,4,211,64
L2_W64_H4,0,validation:d2:t2:paligned:tree211:i20008,4,2,23,aligned,0,2,validation,-0.018613815307617188,2,0,4,211,64
L2_W64_H4,0,validation:d2:t2:paligned:tree211:i20009,4,2,23,aligned,1,2,validation,-0.019500732421875,2,0,4,211,64
L2_W64_H4,1,validation:d2:t2:paligned:tree211:i20010,4,2,23,aligned,0,2,validation,-0.18816757202148438,2,0,4,211,64
L2_W64_H4,1,validation:d2:t2:paligned:tree211:i20011,4,2,23,aligned,1,2,validation,0.012483596801757812,2,1,4,211,64
L2_W64_H4,0,validation:d2:t2:paligned:tree211:i20012,4,2,23,aligned,0,2,validation,-0.07275009155273438,2,0,4,211,64
L2_W64_H4,0,validation:d2:t2:paligned:tree211:i20013,4,2,23,aligned,1,2,validation,-0.08380508422851562,2,0,4,211,64
L2_W64_H4,1,validation:d2:t2:paligned:tree211:i20014,4,2,23,aligned,0,2,validation,0.1285724639892578,2,1,4,211,64
L2_W64_H4,1,validation:d2:t2:paligned:tree211:i20015,4,2,23,aligned,1,2,validation,-0.11277008056640625,2,0,4,211,64
L2_W64_H4,0,validation:d2:t2:paligned:tree307:i20000,4,2,23,aligned,0,2,validation,0.10037994384765625,2,1,4,307,64
L2_W64_H4,0,validation:d2:t2:paligned:tree307:i20001,4,2,23,aligned,1,2,validation,-0.07455253601074219,2,0,4,307,64
L2_W64_H4,1,validation:d2:t2:paligned:tree307:i20002,4,2,23,aligned,0,2,validation,0.09253311157226562,2,1,4,307,64
L2_W64_H4,1,validation:d2:t2:paligned:tree307:i20003,4,2,23,aligned,1,2,validation,-0.048252105712890625,2,0,4,307,64
L2_W64_H4,0,validation:d2:t2:paligned:tree307:i20004,4,2,23,aligned,0,2,validation,-0.0035381317138671875,2,0,4,307,64
L2_W64_H4,0,validation:d2:t2:paligned:tree307:i20005,4,2,23,aligned,1,2,validation,0.057552337646484375,2,1,4,307,64
L2_W64_H4,1,validation:d2:t2:paligned:tree307:i20006,4,2,23,aligned,0,2,validation,-0.042301177978515625,2,0,4,307,64
L2_W64_H4,1,validation:d2:t2:paligned:tree307:i20007,4,2,23,aligned,1,2,validation,0.12356758117675781,2,1,4,307,64
L2_W64_H4,0,validation:d2:t2:paligned:tree307:i20008,4,2,23,aligned,0,2,validation,0.043914794921875,2,1,4,307,64
L2_W64_H4,0,validation:d2:t2:paligned:tree307:i20009,4,2,23,aligned,1,2,validation,0.01293182373046875,2,1,4,307,64
L2_W64_H4,1,validation:d2:t2:paligned:tree307:i20010,4,2,23,aligned,0,2,validation,-0.007289886474609375,2,0,4,307,64
L2_W64_H4,1,validation:d2:t2:paligned:tree307:i20011,4,2,23,aligned,1,2,validation,-0.07051658630371094,2,0,4,307,64
L2_W64_H4,0,validation:d2:t2:paligned:tree307:i20012,4,2,23,aligned,0,2,validation,-0.1330547332763672,2,0,4,307,64
L2_W64_H4,0,validation:d2:t2:paligned:tree307:i20013,4,2,23,aligned,1,2,validation,0.017730712890625,2,1,4,307,64
L2_W64_H4,1,validation:d2:t2:paligned:tree307:i20014,4,2,23,aligned,0,2,validation,0.079864501953125,2,1,4,307,64
L2_W64_H4,1,validation:d2:t2:paligned:tree307:i20015,4,2,23,aligned,1,2,validation,0.06450462341308594,2,1,4,307,64
L2_W64_H4,0,validation:d2:t2:prandomized:tree101:i20004,4,2,23,randomized,0,2,validation,-0.12993621826171875,2,0,4,101,64
L2_W64_H4,0,validation:d2:t2:prandomized:tree211:i20009,4,2,23,randomized,1,2,validation,-0.019500732421875,2,0,4,211,64
L2_W64_H4,1,validation:d2:t2:prandomized:tree307:i20002,4,2,23,randomized,0,2,validation,0.09253311157226562,2,1,4,307,64
L2_W64_H4,1,validation:d2:t2:prandomized:tree307:i20003,4,2,23,randomized,1,2,validation,-0.048252105712890625,2,0,4,307,64
L2_W64_H4,1,validation:d2:t2:prandomized:tree307:i20011,4,2,23,randomized,1,2,validation,-0.07051658630371094,2,0,4,307,64
L2_W64_H4,1,validation:d2:t2:prandomized:tree307:i20015,4,2,23,randomized,1,2,validation,0.06450462341308594,2,1,4,307,64
L2_W64_H4,0,validation:d2:t3:paligned:tree101:i20000,4,2,23,aligned,0,2,validation,0.13967132568359375,3,1,4,101,64
L2_W64_H4,0,validation:d2:t3:paligned:tree101:i20001,4,2,23,aligned,1,2,validation,0.0039310455322265625,3,1,4,101,64
L2_W64_H4,1,validation:d2:t3:paligned:tree101:i20002,4,2,23,aligned,0,2,validation,0.048419952392578125,3,1,4,101,64
L2_W64_H4,1,validation:d2:t3:paligned:tree101:i20003,4,2,23,aligned,1,2,validation,0.05491447448730469,3,1,4,101,64
L2_W64_H4,0,validation:d2:t3:paligned:tree101:i20004,4,2,23,aligned,0,2,validation,-0.16385650634765625,3,0,4,101,64
L2_W64_H4,0,validation:d2:t3:paligned:tree101:i20005,4,2,23,aligned,1,2,validation,0.04337882995605469,3,1,4,101,64
L2_W64_H4,1,validation:d2:t3:paligned:tree101:i20006,4,2,23,aligned,0,2,validation,-0.1660175323486328,3,0,4,101,64
L2_W64_H4,1,validation:d2:t3:paligned:tree101:i20007,4,2,23,aligned,1,2,validation,-0.1390666961669922,3,0,4,101,64
L2_W64_H4,0,validation:d2:t3:paligned:tree101:i20008,4,2,23,aligned,0,2,validation,0.08232498168945312,3,1,4,101,64
L2_W64_H4,0,validation:d2:t3:paligned:tree101:i20009,4,2,23,aligned,1,2,validation,0.08235740661621094,3,1,4,101,64
L2_W64_H4,1,validation:d2:t3:paligned:tree101:i20010,4,2,23,aligned,0,2,validation,-0.03951835632324219,3,0,4,101,64
L2_W64_H4,1,validation:d2:t3:paligned:tree101:i20011,4,2,23,aligned,1,2,validation,0.11829757690429688,3,1,4,101,64
L2_W64_H4,0,validation:d2:t3:paligned:tree101:i20012,4,2,23,aligned,0,2,validation,-0.02867889404296875,3,0,4,101,64
L2_W64_H4,0,validation:d2:t3:paligned:tree101:i20013,4,2,23,aligned,1,2,validation,-0.000316619873046875,3,0,4,101,64
L2_W64_H4,1,validation:d2:t3:paligned:tree101:i20014,4,2,23,aligned,0,2,validation,-0.11683082580566406,3,0,4,101,64
L2_W64_H4,1,validation:d2:t3:paligned:tree101:i20015,4,2,23,aligned,1,2,validation,-0.1459331512451172,3,0,4,101,64
L2_W64_H4,0,validation:d2:t3:paligned:tree211:i20000,4,2,23,aligned,0,2,validation,-0.08717918395996094,3,0,4,211,64
L2_W64_H4,0,validation:d2:t3:paligned:tree211:i20001,4,2,23,aligned,1,2,validation,0.07508087158203125,3,1,4,211,64
L2_W64_H4,1,validation:d2:t3:paligned:tree211:i20002,4,2,23,aligned,0,2,validation,0.08889389038085938,3,1,4,211,64
L2_W64_H4,1,validation:d2:t3:paligned:tree211:i20003,4,2,23,aligned,1,2,validation,-0.11934661865234375,3,0,4,211,64
L2_W64_H4,0,validation:d2:t3:paligned:tree211:i20004,4,2,23,aligned,0,2,validation,0.12735557556152344,3,1,4,211,64
L2_W64_H4,0,validation:d2:t3:paligned:tree211:i20005,4,2,23,aligned,1,2,validation,-0.06514549255371094,3,0,4,211,64
L2_W64_H4,1,validation:d2:t3:paligned:tree211:i20006,4,2,23,aligned,0,2,validation,-0.08636474609375,3,0,4,211,64
L2_W64_H4,1,validation:d2:t3:paligned:tree211:i20007,4,2,23,aligned,1,2,validation,0.04594230651855469,3,1,4,211,64
L2_W64_H4,0,validation:d2:t3:paligned:tree211:i20008,4,2,23,aligned,0,2,validation,-0.031133651733398438,3,0,4,211,64
L2_W64_H4,0,validation:d2:t3:paligned:tree211:i20009,4,2,23,aligned,1,2,validation,-0.03717803955078125,3,0,4,211,64
L2_W64_H4,1,validation:d2:t3:paligned:tree211:i20010,4,2,23,aligned,0,2,validation,-0.21047592163085938,3,0,4,211,64
L2_W64_H4,1,validation:d2:t3:paligned:tree211:i20011,4,2,23,aligned,1,2,validation,0.0040264129638671875,3,1,4,211,64
L2_W64_H4,0,validation:d2:t3:paligned:tree211:i20012,4,2,23,aligned,0,2,validation,-0.0887908935546875,3,0,4,211,64
L2_W64_H4,0,validation:d2:t3:paligned:tree211:i20013,4,2,23,aligned,1,2,validation,-0.07415199279785156,3,0,4,211,64
L2_W64_H4,1,validation:d2:t3:paligned:tree211:i20014,4,2,23,aligned,0,2,validation,0.1464672088623047,3,1,4,211,64
L2_W64_H4,1,validation:d2:t3:paligned:tree211:i20015,4,2,23,aligned,1,2,validation,-0.10550498962402344,3,0,4,211,64
L2_W64_H4,0,validation:d2:t3:paligned:tree307:i20000,4,2,23,aligned,0,2,validation,0.10683441162109375,3,1,4,307,64
L2_W64_H4,0,validation:d2:t3:paligned:tree307:i20001,4,2,23,aligned,1,2,validation,-0.07639312744140625,3,0,4,307,64
L2_W64_H4,1,validation:d2:t3:paligned:tree307:i20002,4,2,23,aligned,0,2,validation,0.08955574035644531,3,1,4,307,64
L2_W64_H4,1,validation:d2:t3:paligned:tree307:i20003,4,2,23,aligned,1,2,validation,-0.025814056396484375,3,0,4,307,64
L2_W64_H4,0,validation:d2:t3:paligned:tree307:i20004,4,2,23,aligned,0,2,validation,-0.015216827392578125,3,0,4,307,64
L2_W64_H4,0,validation:d2:t3:paligned:tree307:i20005,4,2,23,aligned,1,2,validation,0.07170295715332031,3,1,4,307,64
L2_W64_H4,1,validation:d2:t3:paligned:tree307:i20006,4,2,23,aligned,0,2,validation,-0.05684661865234375,3,0,4,307,64
L2_W64_H4,1,validation:d2:t3:paligned:tree307:i20007,4,2,23,aligned,1,2,validation,0.1386127471923828,3,1,4,307,64
L2_W64_H4,0,validation:d2:t3:paligned:tree307:i20008,4,2,23,aligned,0,2,validation,0.04500579833984375,3,1,4,307,64
L2_W64_H4,0,validation:d2:t3:paligned:tree307:i20009,4,2,23,aligned,1,2,validation,0.024114608764648438,3,1,4,307,64
L2_W64_H4,1,validation:d2:t3:paligned:tree307:i20010,4,2,23,aligned,0,2,validation,-0.00705718994140625,3,0,4,307,64
L2_W64_H4,1,validation:d2:t3:paligned:tree307:i20011,4,2,23,aligned,1,2,validation,-0.06227302551269531,3,0,4,307,64
L2_W64_H4,0,validation:d2:t3:paligned:tree307:i20012,4,2,23,aligned,0,2,validation,-0.1379566192626953,3,0,4,307,64
L2_W64_H4,0,validation:d2:t3:paligned:tree307:i20013,4,2,23,aligned,1,2,validation,0.026063919067382812,3,1,4,307,64
L2_W64_H4,1,validation:d2:t3:paligned:tree307:i20014,4,2,23,aligned,0,2,validation,0.07407951354980469,3,1,4,307,64
L2_W64_H4,1,validation:d2:t3:paligned:tree307:i20015,4,2,23,aligned,1,2,validation,0.07527351379394531,3,1,4,307,64
L2_W64_H4,0,validation:d2:t3:prandomized:tree101:i20004,4,2,23,randomized,0,2,validation,-0.16385650634765625,3,0,4,101,64
L2_W64_H4,0,validation:d2:t3:prandomized:tree211:i20009,4,2,23,randomized,1,2,validation,-0.03717803955078125,3,0,4,211,64
L2_W64_H4,1,validation:d2:t3:prandomized:tree307:i20002,4,2,23,randomized,0,2,validation,0.08955574035644531,3,1,4,307,64
L2_W64_H4,1,validation:d2:t3:prandomized:tree307:i20003,4,2,23,randomized,1,2,validation,-0.025814056396484375,3,0,4,307,64
L2_W64_H4,1,validation:d2:t3:prandomized:tree307:i20011,4,2,23,randomized,1,2,validation,-0.06227302551269531,3,0,4,307,64
L2_W64_H4,1,validation:d2:t3:prandomized:tree307:i20015,4,2,23,randomized,1,2,validation,0.07527351379394531,3,1,4,307,64
L2_W64_H4,1,test:d1:t0:prandomized:tree101:i10007,4,2,23,randomized,1,1,test,0.01428985595703125,0,1,3,101,64
L2_W64_H4,1,test:d1:t0:prandomized:tree101:i10010,4,2,23,randomized,0,1,test,0.0060443878173828125,0,1,3,101,64
L2_W64_H4,0,test:d1:t0:prandomized:tree101:i10013,4,2,23,randomized,1,1,test,-0.08402824401855469,0,0,3,101,64
L2_W64_H4,0,test:d1:t0:prandomized:tree211:i10000,4,2,23,randomized,0,1,test,-0.08664321899414062,0,0,3,211,64
L2_W64_H4,0,test:d1:t0:prandomized:tree211:i10001,4,2,23,randomized,1,1,test,0.09722137451171875,0,1,3,211,64
L2_W64_H4,0,test:d1:t0:prandomized:tree211:i10004,4,2,23,randomized,0,1,test,-0.014530181884765625,0,0,3,211,64
L2_W64_H4,1,test:d1:t0:prandomized:tree211:i10015,4,2,23,randomized,1,1,test,0.11353874206542969,0,1,3,211,64
L2_W64_H4,1,test:d1:t0:prandomized:tree307:i10002,4,2,23,randomized,0,1,test,0.12282752990722656,0,1,3,307,64
L2_W64_H4,1,test:d1:t1:prandomized:tree101:i10007,4,2,23,randomized,1,1,test,0.0077762603759765625,1,1,3,101,64
L2_W64_H4,1,test:d1:t1:prandomized:tree101:i10010,4,2,23,randomized,0,1,test,0.01387786865234375,1,1,3,101,64
L2_W64_H4,0,test:d1:t1:prandomized:tree101:i10013,4,2,23,randomized,1,1,test,-0.0948944091796875,1,0,3,101,64
L2_W64_H4,0,test:d1:t1:prandomized:tree211:i10000,4,2,23,randomized,0,1,test,-0.07732391357421875,1,0,3,211,64
L2_W64_H4,0,test:d1:t1:prandomized:tree211:i10001,4,2,23,randomized,1,1,test,0.08587646484375,1,1,3,211,64
L2_W64_H4,0,test:d1:t1:prandomized:tree211:i10004,4,2,23,randomized,0,1,test,-0.0022373199462890625,1,0,3,211,64
L2_W64_H4,1,test:d1:t1:prandomized:tree211:i10015,4,2,23,randomized,1,1,test,0.10047531127929688,1,1,3,211,64
L2_W64_H4,1,test:d1:t1:prandomized:tree307:i10002,4,2,23,randomized,0,1,test,0.13033294677734375,1,1,3,307,64
L2_W64_H4,1,test:d1:t2:prandomized:tree101:i10003,4,2,23,randomized,1,1,test,0.08300590515136719,2,1,3,101,64
L2_W64_H4,1,test:d1:t2:prandomized:tree101:i10006,4,2,23,randomized,0,1,test,0.0014972686767578125,2,1,3,101,64
L2_W64_H4,0,test:d1:t2:prandomized:tree101:i10012,4,2,23,randomized,0,1,test,-0.11887168884277344,2,0,3,101,64
L2_W64_H4,0,test:d1:t2:prandomized:tree211:i10008,4,2,23,randomized,0,1,test,-0.054225921630859375,2,0,3,211,64
L2_W64_H4,1,test:d1:t2:prandomized:tree211:i10015,4,2,23,randomized,1,1,test,0.11154747009277344,2,1,3,211,64
L2_W64_H4,1,test:d1:t2:prandomized:tree307:i10007,4,2,23,randomized,1,1,test,-0.0555419921875,2,0,3,307,64
L2_W64_H4,0,test:d1:t2:prandomized:tree307:i10012,4,2,23,randomized,0,1,test,-0.11853981018066406,2,0,3,307,64
L2_W64_H4,1,test:d1:t3:prandomized:tree101:i10003,4,2,23,randomized,1,1,test,0.07764625549316406,3,1,3,101,64
L2_W64_H4,1,test:d1:t3:prandomized:tree101:i10006,4,2,23,randomized,0,1,test,0.008012771606445312,3,1,3,101,64
L2_W64_H4,0,test:d1:t3:prandomized:tree101:i10012,4,2,23,randomized,0,1,test,-0.11642265319824219,3,0,3,101,64
L2_W64_H4,0,test:d1:t3:prandomized:tree211:i10008,4,2,23,randomized,0,1,test,-0.04879570007324219,3,0,3,211,64
L2_W64_H4,1,test:d1:t3:prandomized:tree211:i10015,4,2,23,randomized,1,1,test,0.10044288635253906,3,1,3,211,64
L2_W64_H4,1,test:d1:t3:prandomized:tree307:i10007,4,2,23,randomized,1,1,test,-0.06711959838867188,3,0,3,307,64
L2_W64_H4,0,test:d1:t3:prandomized:tree307:i10012,4,2,23,randomized,0,1,test,-0.11641120910644531,3,0,3,307,64
L2_W64_H4,0,test:d2:t0:paligned:tree101:i20000,4,2,23,aligned,0,2,test,-0.06433677673339844,0,0,4,101,64
L2_W64_H4,0,test:d2:t0:paligned:tree101:i20001,4,2,23,aligned,1,2,test,-0.003986358642578125,0,0,4,101,64
L2_W64_H4,1,test:d2:t0:paligned:tree101:i20002,4,2,23,aligned,0,2,test,-0.07190895080566406,0,0,4,101,64
L2_W64_H4,1,test:d2:t0:paligned:tree101:i20003,4,2,23,aligned,1,2,test,0.07426261901855469,0,1,4,101,64
L2_W64_H4,0,test:d2:t0:paligned:tree101:i20004,4,2,23,aligned,0,2,test,-0.11382865905761719,0,0,4,101,64
L2_W64_H4,0,test:d2:t0:paligned:tree101:i20005,4,2,23,aligned,1,2,test,0.015880584716796875,0,1,4,101,64
L2_W64_H4,1,test:d2:t0:paligned:tree101:i20006,4,2,23,aligned,0,2,test,0.04684257507324219,0,1,4,101,64
L2_W64_H4,1,test:d2:t0:paligned:tree101:i20007,4,2,23,aligned,1,2,test,0.08094978332519531,0,1,4,101,64
L2_W64_H4,0,test:d2:t0:paligned:tree101:i20008,4,2,23,aligned,0,2,test,-0.052211761474609375,0,0,4,101,64
L2_W64_H4,0,test:d2:t0:paligned:tree101:i20009,4,2,23,aligned,1,2,test,-0.11564064025878906,0,0,4,101,64
L2_W64_H4,1,test:d2:t0:paligned:tree101:i20010,4,2,23,aligned,0,2,test,-0.0387725830078125,0,0,4,101,64
L2_W64_H4,1,test:d2:t0:paligned:tree101:i20011,4,2,23,aligned,1,2,test,-0.11207199096679688,0,0,4,101,64
L2_W64_H4,0,test:d2:t0:paligned:tree101:i20012,4,2,23,aligned,0,2,test,0.08095932006835938,0,1,4,101,64
L2_W64_H4,0,test:d2:t0:paligned:tree101:i20013,4,2,23,aligned,1,2,test,0.07819366455078125,0,1,4,101,64
L2_W64_H4,1,test:d2:t0:paligned:tree101:i20014,4,2,23,aligned,0,2,test,-0.12231063842773438,0,0,4,101,64
L2_W64_H4,1,test:d2:t0:paligned:tree101:i20015,4,2,23,aligned,1,2,test,0.058788299560546875,0,1,4,101,64
L2_W64_H4,0,test:d2:t0:paligned:tree211:i20000,4,2,23,aligned,0,2,test,0.019544601440429688,0,1,4,211,64
L2_W64_H4,0,test:d2:t0:paligned:tree211:i20001,4,2,23,aligned,1,2,test,-0.09399223327636719,0,0,4,211,64
L2_W64_H4,1,test:d2:t0:paligned:tree211:i20002,4,2,23,aligned,0,2,test,0.10126304626464844,0,1,4,211,64
L2_W64_H4,1,test:d2:t0:paligned:tree211:i20003,4,2,23,aligned,1,2,test,-0.027036666870117188,0,0,4,211,64
L2_W64_H4,0,test:d2:t0:paligned:tree211:i20004,4,2,23,aligned,0,2,test,0.07971763610839844,0,1,4,211,64
L2_W64_H4,0,test:d2:t0:paligned:tree211:i20005,4,2,23,aligned,1,2,test,0.08076286315917969,0,1,4,211,64
L2_W64_H4,1,test:d2:t0:paligned:tree211:i20006,4,2,23,aligned,0,2,test,0.010274887084960938,0,1,4,211,64
L2_W64_H4,1,test:d2:t0:paligned:tree211:i20007,4,2,23,aligned,1,2,test,0.00261688232421875,0,1,4,211,64
L2_W64_H4,0,test:d2:t0:paligned:tree211:i20008,4,2,23,aligned,0,2,test,-0.04631233215332031,0,0,4,211,64
L2_W64_H4,0,test:d2:t0:paligned:tree211:i20009,4,2,23,aligned,1,2,test,0.023868560791015625,0,1,4,211,64
L2_W64_H4,1,test:d2:t0:paligned:tree211:i20010,4,2,23,aligned,0,2,test,0.016260147094726562,0,1,4,211,64
L2_W64_H4,1,test:d2:t0:paligned:tree211:i20011,4,2,23,aligned,1,2,test,-0.00957489013671875,0,0,4,211,64
L2_W64_H4,0,test:d2:t0:paligned:tree211:i20012,4,2,23,aligned,0,2,test,0.029977798461914062,0,1,4,211,64
L2_W64_H4,0,test:d2:t0:paligned:tree211:i20013,4,2,23,aligned,1,2,test,0.056034088134765625,0,1,4,211,64
L2_W64_H4,1,test:d2:t0:paligned:tree211:i20014,4,2,23,aligned,0,2,test,-0.08536720275878906,0,0,4,211,64
L2_W64_H4,1,test:d2:t0:paligned:tree211:i20015,4,2,23,aligned,1,2,test,-0.035099029541015625,0,0,4,211,64
L2_W64_H4,0,test:d2:t0:paligned:tree307:i20000,4,2,23,aligned,0,2,test,0.03910064697265625,0,1,4,307,64
L2_W64_H4,0,test:d2:t0:paligned:tree307:i20001,4,2,23,aligned,1,2,test,0.1277790069580078,0,1,4,307,64
L2_W64_H4,1,test:d2:t0:paligned:tree307:i20002,4,2,23,aligned,0,2,test,0.08246994018554688,0,1,4,307,64
L2_W64_H4,1,test:d2:t0:paligned:tree307:i20003,4,2,23,aligned,1,2,test,-0.029123306274414062,0,0,4,307,64
L2_W64_H4,0,test:d2:t0:paligned:tree307:i20004,4,2,23,aligned,0,2,test,0.15925025939941406,0,1,4,307,64
L2_W64_H4,0,test:d2:t0:paligned:tree307:i20005,4,2,23,aligned,1,2,test,-0.04189872741699219,0,0,4,307,64
L2_W64_H4,1,test:d2:t0:paligned:tree307:i20006,4,2,23,aligned,0,2,test,0.12775802612304688,0,1,4,307,64
L2_W64_H4,1,test:d2:t0:paligned:tree307:i20007,4,2,23,aligned,1,2,test,0.110260009765625,0,1,4,307,64
L2_W64_H4,0,test:d2:t0:paligned:tree307:i20008,4,2,23,aligned,0,2,test,-0.032917022705078125,0,0,4,307,64
L2_W64_H4,0,test:d2:t0:paligned:tree307:i20009,4,2,23,aligned,1,2,test,-0.029697418212890625,0,0,4,307,64
L2_W64_H4,1,test:d2:t0:paligned:tree307:i20010,4,2,23,aligned,0,2,test,-0.03334808349609375,0,0,4,307,64
L2_W64_H4,1,test:d2:t0:paligned:tree307:i20011,4,2,23,aligned,1,2,test,0.09931755065917969,0,1,4,307,64
L2_W64_H4,0,test:d2:t0:paligned:tree307:i20012,4,2,23,aligned,0,2,test,0.02643585205078125,0,1,4,307,64
L2_W64_H4,0,test:d2:t0:paligned:tree307:i20013,4,2,23,aligned,1,2,test,-0.07857894897460938,0,0,4,307,64
L2_W64_H4,1,test:d2:t0:paligned:tree307:i20014,4,2,23,aligned,0,2,test,0.027002334594726562,0,1,4,307,64
L2_W64_H4,1,test:d2:t0:paligned:tree307:i20015,4,2,23,aligned,1,2,test,-0.04351997375488281,0,0,4,307,64
L2_W64_H4,0,test:d2:t0:prandomized:tree101:i20013,4,2,23,randomized,1,2,test,0.07819366455078125,0,1,4,101,64
L2_W64_H4,0,test:d2:t0:prandomized:tree307:i20005,4,2,23,randomized,1,2,test,-0.04189872741699219,0,0,4,307,64
L2_W64_H4,1,test:d2:t0:prandomized:tree307:i20014,4,2,23,randomized,0,2,test,0.027002334594726562,0,1,4,307,64
L2_W64_H4,0,test:d2:t1:paligned:tree101:i20000,4,2,23,aligned,0,2,test,-0.09610176086425781,1,0,4,101,64
L2_W64_H4,0,test:d2:t1:paligned:tree101:i20001,4,2,23,aligned,1,2,test,0.026510238647460938,1,1,4,101,64
L2_W64_H4,1,test:d2:t1:paligned:tree101:i20002,4,2,23,aligned,0,2,test,-0.11951446533203125,1,0,4,101,64
L2_W64_H4,1,test:d2:t1:paligned:tree101:i20003,4,2,23,aligned,1,2,test,0.11815261840820312,1,1,4,101,64
L2_W64_H4,0,test:d2:t1:paligned:tree101:i20004,4,2,23,aligned,0,2,test,-0.16753768920898438,1,0,4,101,64
L2_W64_H4,0,test:d2:t1:paligned:tree101:i20005,4,2,23,aligned,1,2,test,0.04315376281738281,1,1,4,101,64
L2_W64_H4,1,test:d2:t1:paligned:tree101:i20006,4,2,23,aligned,0,2,test,-0.016201019287109375,1,0,4,101,64
L2_W64_H4,1,test:d2:t1:paligned:tree101:i20007,4,2,23,aligned,1,2,test,0.11337661743164062,1,1,4,101,64
L2_W64_H4,0,test:d2:t1:paligned:tree101:i20008,4,2,23,aligned,0,2,test,-0.06664466857910156,1,0,4,101,64
L2_W64_H4,0,test:d2:t1:paligned:tree101:i20009,4,2,23,aligned,1,2,test,-0.11052894592285156,1,0,4,101,64
L2_W64_H4,1,test:d2:t1:paligned:tree101:i20010,4,2,23,aligned,0,2,test,-0.08394622802734375,1,0,4,101,64
L2_W64_H4,1,test:d2:t1:paligned:tree101:i20011,4,2,23,aligned,1,2,test,-0.0710601806640625,1,0,4,101,64
L2_W64_H4,0,test:d2:t1:paligned:tree101:i20012,4,2,23,aligned,0,2,test,0.04696464538574219,1,1,4,101,64
L2_W64_H4,0,test:d2:t1:paligned:tree101:i20013,4,2,23,aligned,1,2,test,0.08894538879394531,1,1,4,101,64
L2_W64_H4,1,test:d2:t1:paligned:tree101:i20014,4,2,23,aligned,0,2,test,-0.1548748016357422,1,0,4,101,64
L2_W64_H4,1,test:d2:t1:paligned:tree101:i20015,4,2,23,aligned,1,2,test,0.09194564819335938,1,1,4,101,64
L2_W64_H4,0,test:d2:t1:paligned:tree211:i20000,4,2,23,aligned,0,2,test,-0.000598907470703125,1,0,4,211,64
L2_W64_H4,0,test:d2:t1:paligned:tree211:i20001,4,2,23,aligned,1,2,test,-0.09067726135253906,1,0,4,211,64
L2_W64_H4,1,test:d2:t1:paligned:tree211:i20002,4,2,23,aligned,0,2,test,0.06226158142089844,1,1,4,211,64
L2_W64_H4,1,test:d2:t1:paligned:tree211:i20003,4,2,23,aligned,1,2,test,-0.019060134887695312,1,0,4,211,64
L2_W64_H4,0,test:d2:t1:paligned:tree211:i20004,4,2,23,aligned,0,2,test,0.05445671081542969,1,1,4,211,64
L2_W64_H4,0,test:d2:t1:paligned:tree211:i20005,4,2,23,aligned,1,2,test,0.11235618591308594,1,1,4,211,64
L2_W64_H4,1,test:d2:t1:paligned:tree211:i20006,4,2,23,aligned,0,2,test,-0.03802490234375,1,0,4,211,64
L2_W64_H4,1,test:d2:t1:paligned:tree211:i20007,4,2,23,aligned,1,2,test,0.02758026123046875,1,1,4,211,64
L2_W64_H4,0,test:d2:t1:paligned:tree211:i20008,4,2,23,aligned,0,2,test,-0.09161949157714844,1,0,4,211,64
L2_W64_H4,0,test:d2:t1:paligned:tree211:i20009,4,2,23,aligned,1,2,test,0.056598663330078125,1,1,4,211,64
L2_W64_H4,1,test:d2:t1:paligned:tree211:i20010,4,2,23,aligned,0,2,test,-0.0174560546875,1,0,4,211,64
L2_W64_H4,1,test:d2:t1:paligned:tree211:i20011,4,2,23,aligned,1,2,test,0.02257537841796875,1,1,4,211,64
L2_W64_H4,0,test:d2:t1:paligned:tree211:i20012,4,2,23,aligned,0,2,test,0.0074138641357421875,1,1,4,211,64
L2_W64_H4,0,test:d2:t1:paligned:tree211:i20013,4,2,23,aligned,1,2,test,0.10363197326660156,1,1,4,211,64
L2_W64_H4,1,test:d2:t1:paligned:tree211:i20014,4,2,23,aligned,0,2,test,-0.11253738403320312,1,0,4,211,64
L2_W64_H4,1,test:d2:t1:paligned:tree211:i20015,4,2,23,aligned,1,2,test,-0.016603469848632812,1,0,4,211,64
L2_W64_H4,0,test:d2:t1:paligned:tree307:i20000,4,2,23,aligned,0,2,test,0.00244903564453125,1,1,4,307,64
L2_W64_H4,0,test:d2:t1:paligned:tree307:i20001,4,2,23,aligned,1,2,test,0.17206382751464844,1,1,4,307,64
L2_W64_H4,1,test:d2:t1:paligned:tree307:i20002,4,2,23,aligned,0,2,test,0.04147148132324219,1,1,4,307,64
L2_W64_H4,1,test:d2:t1:paligned:tree307:i20003,4,2,23,aligned,1,2,test,-0.022144317626953125,1,0,4,307,64
L2_W64_H4,0,test:d2:t1:paligned:tree307:i20004,4,2,23,aligned,0,2,test,0.12338066101074219,1,1,4,307,64
L2_W64_H4,0,test:d2:t1:paligned:tree307:i20005,4,2,23,aligned,1,2,test,0.006885528564453125,1,1,4,307,64
L2_W64_H4,1,test:d2:t1:paligned:tree307:i20006,4,2,23,aligned,0,2,test,0.08498954772949219,1,1,4,307,64
L2_W64_H4,1,test:d2:t1:paligned:tree307:i20007,4,2,23,aligned,1,2,test,0.16236114501953125,1,1,4,307,64
L2_W64_H4,0,test:d2:t1:paligned:tree307:i20008,4,2,23,aligned,0,2,test,-0.05440330505371094,1,0,4,307,64
L2_W64_H4,0,test:d2:t1:paligned:tree307:i20009,4,2,23,aligned,1,2,test,0.010730743408203125,1,1,4,307,64
L2_W64_H4,1,test:d2:t1:paligned:tree307:i20010,4,2,23,aligned,0,2,test,-0.07567977905273438,1,0,4,307,64
L2_W64_H4,1,test:d2:t1:paligned:tree307:i20011,4,2,23,aligned,1,2,test,0.12628555297851562,1,1,4,307,64
L2_W64_H4,0,test:d2:t1:paligned:tree307:i20012,4,2,23,aligned,0,2,test,0.0046787261962890625,1,1,4,307,64
L2_W64_H4,0,test:d2:t1:paligned:tree307:i20013,4,2,23,aligned,1,2,test,-0.06085014343261719,1,0,4,307,64
L2_W64_H4,1,test:d2:t1:paligned:tree307:i20014,4,2,23,aligned,0,2,test,-0.0185546875,1,0,4,307,64
L2_W64_H4,1,test:d2:t1:paligned:tree307:i20015,4,2,23,aligned,1,2,test,0.010633468627929688,1,1,4,307,64
L2_W64_H4,0,test:d2:t1:prandomized:tree101:i20013,4,2,23,randomized,1,2,test,0.08894538879394531,1,1,4,101,64
L2_W64_H4,0,test:d2:t1:prandomized:tree307:i20005,4,2,23,randomized,1,2,test,0.006885528564453125,1,1,4,307,64
L2_W64_H4,1,test:d2:t1:prandomized:tree307:i20014,4,2,23,randomized,0,2,test,-0.0185546875,1,0,4,307,64
L2_W64_H4,0,test:d2:t2:paligned:tree101:i20000,4,2,23,aligned,0,2,test,-0.06327247619628906,2,0,4,101,64
L2_W64_H4,0,test:d2:t2:paligned:tree101:i20001,4,2,23,aligned,1,2,test,0.000514984130859375,2,1,4,101,64
L2_W64_H4,1,test:d2:t2:paligned:tree101:i20002,4,2,23,aligned,0,2,test,-0.0964813232421875,2,0,4,101,64
L2_W64_H4,1,test:d2:t2:paligned:tree101:i20003,4,2,23,aligned,1,2,test,0.07406044006347656,2,1,4,101,64
L2_W64_H4,0,test:d2:t2:paligned:tree101:i20004,4,2,23,aligned,0,2,test,-0.11690139770507812,2,0,4,101,64
L2_W64_H4,0,test:d2:t2:paligned:tree101:i20005,4,2,23,aligned,1,2,test,0.02336883544921875,2,1,4,101,64
L2_W64_H4,1,test:d2:t2:paligned:tree101:i20006,4,2,23,aligned,0,2,test,0.04961395263671875,2,1,4,101,64
L2_W64_H4,1,test:d2:t2:paligned:tree101:i20007,4,2,23,aligned,1,2,test,0.07276725769042969,2,1,4,101,64
L2_W64_H4,0,test:d2:t2:paligned:tree101:i20008,4,2,23,aligned,0,2,test,-0.0547943115234375,2,0,4,101,64
L2_W64_H4,0,test:d2:t2:paligned:tree101:i20009,4,2,23,aligned,1,2,test,-0.11942481994628906,2,0,4,101,64
L2_W64_H4,1,test:d2:t2:paligned:tree101:i20010,4,2,23,aligned,0,2,test,-0.045902252197265625,2,0,4,101,64
L2_W64_H4,1,test:d2:t2:paligned:tree101:i20011,4,2,23,aligned,1,2,test,-0.08189964294433594,2,0,4,101,64
L2_W64_H4,0,test:d2:t2:paligned:tree101:i20012,4,2,23,aligned,0,2,test,0.07454490661621094,2,1,4,101,64
L2_W64_H4,0,test:d2:t2:paligned:tree101:i20013,4,2,23,aligned,1,2,test,0.08934402465820312,2,1,4,101,64
L2_W64_H4,1,test:d2:t2:paligned:tree101:i20014,4,2,23,aligned,0,2,test,-0.12549400329589844,2,0,4,101,64
L2_W64_H4,1,test:d2:t2:paligned:tree101:i20015,4,2,23,aligned,1,2,test,0.06129646301269531,2,1,4,101,64
L2_W64_H4,0,test:d2:t2:paligned:tree211:i20000,4,2,23,aligned,0,2,test,0.020921707153320312,2,1,4,211,64
L2_W64_H4,0,test:d2:t2:paligned:tree211:i20001,4,2,23,aligned,1,2,test,-0.08799934387207031,2,0,4,211,64
L2_W64_H4,1,test:d2:t2:paligned:tree211:i20002,4,2,23,aligned,0,2,test,0.09710121154785156,2,1,4,211,64
L2_W64_H4,1,test:d2:t2:paligned:tree211:i20003,4,2,23,aligned,1,2,test,-0.02655029296875,2,0,4,211,64
L2_W64_H4,0,test:d2:t2:paligned:tree211:i20004,4,2,23,aligned,0,2,test,0.07315635681152344,2,1,4,211,64
L2_W64_H4,0,test:d2:t2:paligned:tree211:i20005,4,2,23,aligned,1,2,test,0.07796478271484375,2,1,4,211,64
L2_W64_H4,1,test:d2:t2:paligned:tree211:i20006,4,2,23,aligned,0,2,test,-0.015018463134765625,2,0,4,211,64
L2_W64_H4,1,test:d2:t2:paligned:tree211:i20007,4,2,23,aligned,1,2,test,0.007823944091796875,2,1,4,211,64
L2_W64_H4,0,test:d2:t2:paligned:tree211:i20008,4,2,23,aligned,0,2,test,-0.060821533203125,2,0,4,211,64
L2_W64_H4,0,test:d2:t2:paligned:tree211:i20009,4,2,23,aligned,1,2,test,0.023895263671875,2,1,4,211,64
L2_W64_H4,1,test:d2:t2:paligned:tree211:i20010,4,2,23,aligned,0,2,test,0.01274871826171875,2,1,4,211,64
L2_W64_H4,1,test:d2:t2:paligned:tree211:i20011,4,2,23,aligned,1,2,test,-0.011199951171875,2,0,4,211,64
L2_W64_H4,0,test:d2:t2:paligned:tree211:i20012,4,2,23,aligned,0,2,test,0.02324676513671875,2,1,4,211,64
L2_W64_H4,0,test:d2:t2:paligned:tree211:i20013,4,2,23,aligned,1,2,test,0.08914566040039062,2,1,4,211,64
L2_W64_H4,1,test:d2:t2:paligned:tree211:i20014,4,2,23,aligned,0,2,test,-0.08143997192382812,2,0,4,211,64
L2_W64_H4,1,test:d2:t2:paligned:tree211:i20015,4,2,23,aligned,1,2,test,-0.03681755065917969,2,0,4,211,64
L2_W64_H4,0,test:d2:t2:paligned:tree307:i20000,4,2,23,aligned,0,2,test,0.029378890991210938,2,1,4,307,64
L2_W64_H4,0,test:d2:t2:paligned:tree307:i20001,4,2,23,aligned,1,2,test,0.1294574737548828,2,1,4,307,64
L2_W64_H4,1,test:d2:t2:paligned:tree307:i20002,4,2,23,aligned,0,2,test,0.06295013427734375,2,1,4,307,64
L2_W64_H4,1,test:d2:t2:paligned:tree307:i20003,4,2,23,aligned,1,2,test,-0.032192230224609375,2,0,4,307,64
L2_W64_H4,0,test:d2:t2:paligned:tree307:i20004,4,2,23,aligned,0,2,test,0.13143539428710938,2,1,4,307,64
L2_W64_H4,0,test:d2:t2:paligned:tree307:i20005,4,2,23,aligned,1,2,test,-0.03093719482421875,2,0,4,307,64
L2_W64_H4,1,test:d2:t2:paligned:tree307:i20006,4,2,23,aligned,0,2,test,0.11316108703613281,2,1,4,307,64
L2_W64_H4,1,test:d2:t2:paligned:tree307:i20007,4,2,23,aligned,1,2,test,0.12247657775878906,2,1,4,307,64
L2_W64_H4,0,test:d2:t2:paligned:tree307:i20008,4,2,23,aligned,0,2,test,-0.031108856201171875,2,0,4,307,64
L2_W64_H4,0,test:d2:t2:paligned:tree307:i20009,4,2,23,aligned,1,2,test,-0.03169822692871094,2,0,4,307,64
L2_W64_H4,1,test:d2:t2:paligned:tree307:i20010,4,2,23,aligned,0,2,test,-0.04309272766113281,2,0,4,307,64
L2_W64_H4,1,test:d2:t2:paligned:tree307:i20011,4,2,23,aligned,1,2,test,0.10227584838867188,2,1,4,307,64
L2_W64_H4,0,test:d2:t2:paligned:tree307:i20012,4,2,23,aligned,0,2,test,0.016645431518554688,2,1,4,307,64
L2_W64_H4,0,test:d2:t2:paligned:tree307:i20013,4,2,23,aligned,1,2,test,-0.070648193359375,2,0,4,307,64
L2_W64_H4,1,test:d2:t2:paligned:tree307:i20014,4,2,23,aligned,0,2,test,0.017126083374023438,2,1,4,307,64
L2_W64_H4,1,test:d2:t2:paligned:tree307:i20015,4,2,23,aligned,1,2,test,-0.030237197875976562,2,0,4,307,64
L2_W64_H4,0,test:d2:t2:prandomized:tree101:i20004,4,2,23,randomized,0,2,test,-0.11690139770507812,2,0,4,101,64
L2_W64_H4,0,test:d2:t2:prandomized:tree211:i20009,4,2,23,randomized,1,2,test,0.023895263671875,2,1,4,211,64
L2_W64_H4,1,test:d2:t2:prandomized:tree307:i20002,4,2,23,randomized,0,2,test,0.06295013427734375,2,1,4,307,64
L2_W64_H4,1,test:d2:t2:prandomized:tree307:i20003,4,2,23,randomized,1,2,test,-0.032192230224609375,2,0,4,307,64
L2_W64_H4,1,test:d2:t2:prandomized:tree307:i20011,4,2,23,randomized,1,2,test,0.10227584838867188,2,1,4,307,64
L2_W64_H4,1,test:d2:t2:prandomized:tree307:i20015,4,2,23,randomized,1,2,test,-0.030237197875976562,2,0,4,307,64
L2_W64_H4,0,test:d2:t3:paligned:tree101:i20000,4,2,23,aligned,0,2,test,-0.08152198791503906,3,0,4,101,64
L2_W64_H4,0,test:d2:t3:paligned:tree101:i20001,4,2,23,aligned,1,2,test,0.009618759155273438,3,1,4,101,64
L2_W64_H4,1,test:d2:t3:paligned:tree101:i20002,4,2,23,aligned,0,2,test,-0.10097122192382812,3,0,4,101,64
L2_W64_H4,1,test:d2:t3:paligned:tree101:i20003,4,2,23,aligned,1,2,test,0.09750175476074219,3,1,4,101,64
L2_W64_H4,0,test:d2:t3:paligned:tree101:i20004,4,2,23,aligned,0,2,test,-0.14819908142089844,3,0,4,101,64
L2_W64_H4,0,test:d2:t3:paligned:tree101:i20005,4,2,23,aligned,1,2,test,0.027723312377929688,3,1,4,101,64
L2_W64_H4,1,test:d2:t3:paligned:tree101:i20006,4,2,23,aligned,0,2,test,0.0059051513671875,3,1,4,101,64
L2_W64_H4,1,test:d2:t3:paligned:tree101:i20007,4,2,23,aligned,1,2,test,0.09767723083496094,3,1,4,101,64
L2_W64_H4,0,test:d2:t3:paligned:tree101:i20008,4,2,23,aligned,0,2,test,-0.05625152587890625,3,0,4,101,64
L2_W64_H4,0,test:d2:t3:paligned:tree101:i20009,4,2,23,aligned,1,2,test,-0.11448097229003906,3,0,4,101,64
L2_W64_H4,1,test:d2:t3:paligned:tree101:i20010,4,2,23,aligned,0,2,test,-0.06338310241699219,3,0,4,101,64
L2_W64_H4,1,test:d2:t3:paligned:tree101:i20011,4,2,23,aligned,1,2,test,-0.09283065795898438,3,0,4,101,64
L2_W64_H4,0,test:d2:t3:paligned:tree101:i20012,4,2,23,aligned,0,2,test,0.0695953369140625,3,1,4,101,64
L2_W64_H4,0,test:d2:t3:paligned:tree101:i20013,4,2,23,aligned,1,2,test,0.08008766174316406,3,1,4,101,64
L2_W64_H4,1,test:d2:t3:paligned:tree101:i20014,4,2,23,aligned,0,2,test,-0.139617919921875,3,0,4,101,64
L2_W64_H4,1,test:d2:t3:paligned:tree101:i20015,4,2,23,aligned,1,2,test,0.07197952270507812,3,1,4,101,64
L2_W64_H4,0,test:d2:t3:paligned:tree211:i20000,4,2,23,aligned,0,2,test,0.016584396362304688,3,1,4,211,64
L2_W64_H4,0,test:d2:t3:paligned:tree211:i20001,4,2,23,aligned,1,2,test,-0.09866714477539062,3,0,4,211,64
L2_W64_H4,1,test:d2:t3:paligned:tree211:i20002,4,2,23,aligned,0,2,test,0.08423614501953125,3,1,4,211,64
L2_W64_H4,1,test:d2:t3:paligned:tree211:i20003,4,2,23,aligned,1,2,test,-0.031114578247070312,3,0,4,211,64
L2_W64_H4,0,test:d2:t3:paligned:tree211:i20004,4,2,23,aligned,0,2,test,0.07282066345214844,3,1,4,211,64
L2_W64_H4,0,test:d2:t3:paligned:tree211:i20005,4,2,23,aligned,1,2,test,0.09604263305664062,3,1,4,211,64
L2_W64_H4,1,test:d2:t3:paligned:tree211:i20006,4,2,23,aligned,0,2,test,-0.008747100830078125,3,0,4,211,64
L2_W64_H4,1,test:d2:t3:paligned:tree211:i20007,4,2,23,aligned,1,2,test,0.011388778686523438,3,1,4,211,64
L2_W64_H4,0,test:d2:t3:paligned:tree211:i20008,4,2,23,aligned,0,2,test,-0.06339263916015625,3,0,4,211,64
L2_W64_H4,0,test:d2:t3:paligned:tree211:i20009,4,2,23,aligned,1,2,test,0.041957855224609375,3,1,4,211,64
L2_W64_H4,1,test:d2:t3:paligned:tree211:i20010,4,2,23,aligned,0,2,test,-0.0009136199951171875,3,0,4,211,64
L2_W64_H4,1,test:d2:t3:paligned:tree211:i20011,4,2,23,aligned,1,2,test,0.0062046051025390625,3,1,4,211,64
L2_W64_H4,0,test:d2:t3:paligned:tree211:i20012,4,2,23,aligned,0,2,test,0.024059295654296875,3,1,4,211,64
L2_W64_H4,0,test:d2:t3:paligned:tree211:i20013,4,2,23,aligned,1,2,test,0.09172439575195312,3,1,4,211,64
L2_W64_H4,1,test:d2:t3:paligned:tree211:i20014,4,2,23,aligned,0,2,test,-0.09688186645507812,3,0,4,211,64
L2_W64_H4,1,test:d2:t3:paligned:tree211:i20015,4,2,23,aligned,1,2,test,-0.03569984436035156,3,0,4,211,64
L2_W64_H4,0,test:d2:t3:paligned:tree307:i20000,4,2,23,aligned,0,2,test,0.018886566162109375,3,1,4,307,64
L2_W64_H4,0,test:d2:t3:paligned:tree307:i20001,4,2,23,aligned,1,2,test,0.1549510955810547,3,1,4,307,64
L2_W64_H4,1,test:d2:t3:paligned:tree307:i20002,4,2,23,aligned,0,2,test,0.06761550903320312,3,1,4,307,64
L2_W64_H4,1,test:d2:t3:paligned:tree307:i20003,4,2,23,aligned,1,2,test,-0.026458740234375,3,0,4,307,64
L2_W64_H4,0,test:d2:t3:paligned:tree307:i20004,4,2,23,aligned,0,2,test,0.13353347778320312,3,1,4,307,64
L2_W64_H4,0,test:d2:t3:paligned:tree307:i20005,4,2,23,aligned,1,2,test,-0.018810272216796875,3,0,4,307,64
L2_W64_H4,1,test:d2:t3:paligned:tree307:i20006,4,2,23,aligned,0,2,test,0.108795166015625,3,1,4,307,64
L2_W64_H4,1,test:d2:t3:paligned:tree307:i20007,4,2,23,aligned,1,2,test,0.13923072814941406,3,1,4,307,64
L2_W64_H4,0,test:d2:t3:paligned:tree307:i20008,4,2,23,aligned,0,2,test,-0.04561614990234375,3,0,4,307,64
L2_W64_H4,0,test:d2:t3:paligned:tree307:i20009,4,2,23,aligned,1,2,test,-0.0067577362060546875,3,0,4,307,64
L2_W64_H4,1,test:d2:t3:paligned:tree307:i20010,4,2,23,aligned,0,2,test,-0.057834625244140625,3,0,4,307,64
L2_W64_H4,1,test:d2:t3:paligned:tree307:i20011,4,2,23,aligned,1,2,test,0.11246109008789062,3,1,4,307,64
L2_W64_H4,0,test:d2:t3:paligned:tree307:i20012,4,2,23,aligned,0,2,test,0.023960113525390625,3,1,4,307,64
L2_W64_H4,0,test:d2:t3:paligned:tree307:i20013,4,2,23,aligned,1,2,test,-0.07485008239746094,3,0,4,307,64
L2_W64_H4,1,test:d2:t3:paligned:tree307:i20014,4,2,23,aligned,0,2,test,0.007091522216796875,3,1,4,307,64
L2_W64_H4,1,test:d2:t3:paligned:tree307:i20015,4,2,23,aligned,1,2,test,-0.022062301635742188,3,0,4,307,64
L2_W64_H4,0,test:d2:t3:prandomized:tree101:i20004,4,2,23,randomized,0,2,test,-0.14819908142089844,3,0,4,101,64
L2_W64_H4,0,test:d2:t3:prandomized:tree211:i20009,4,2,23,randomized,1,2,test,0.041957855224609375,3,1,4,211,64
L2_W64_H4,1,test:d2:t3:prandomized:tree307:i20002,4,2,23,randomized,0,2,test,0.06761550903320312,3,1,4,307,64
L2_W64_H4,1,test:d2:t3:prandomized:tree307:i20003,4,2,23,randomized,1,2,test,-0.026458740234375,3,0,4,307,64
L2_W64_H4,1,test:d2:t3:prandomized:tree307:i20011,4,2,23,randomized,1,2,test,0.11246109008789062,3,1,4,307,64
L2_W64_H4,1,test:d2:t3:prandomized:tree307:i20015,4,2,23,randomized,1,2,test,-0.022062301635742188,3,0,4,307,64
L2_W64_H4,0,validation:d1:t0:prandomized:tree101:i10005,4,2,23,randomized,1,1,validation,0.05820655822753906,0,1,3,101,64
L2_W64_H4,1,validation:d1:t0:prandomized:tree211:i10010,4,2,23,randomized,0,1,validation,0.07879257202148438,0,1,3,211,64
L2_W64_H4,1,validation:d1:t0:prandomized:tree307:i10006,4,2,23,randomized,0,1,validation,-0.021503448486328125,0,0,3,307,64
L2_W64_H4,0,validation:d1:t1:prandomized:tree101:i10005,4,2,23,randomized,1,1,validation,0.04881095886230469,1,1,3,101,64
L2_W64_H4,1,validation:d1:t1:prandomized:tree211:i10010,4,2,23,randomized,0,1,validation,0.07471466064453125,1,1,3,211,64
L2_W64_H4,1,validation:d1:t1:prandomized:tree307:i10006,4,2,23,randomized,0,1,validation,-0.00839996337890625,1,0,3,307,64
L2_W64_H4,0,validation:d1:t2:prandomized:tree101:i10000,4,2,23,randomized,0,1,validation,0.07762336730957031,2,1,3,101,64
L2_W64_H4,1,validation:d1:t2:prandomized:tree101:i10002,4,2,23,randomized,0,1,validation,-0.024749755859375,2,0,3,101,64
L2_W64_H4,1,validation:d1:t2:prandomized:tree101:i10015,4,2,23,randomized,1,1,validation,0.1341686248779297,2,1,3,101,64
L2_W64_H4,1,validation:d1:t2:prandomized:tree211:i10006,4,2,23,randomized,0,1,validation,-0.08130073547363281,2,0,3,211,64
L2_W64_H4,1,validation:d1:t2:prandomized:tree307:i10011,4,2,23,randomized,1,1,validation,-0.012777328491210938,2,0,3,307,64
L2_W64_H4,0,validation:d1:t3:prandomized:tree101:i10000,4,2,23,randomized,0,1,validation,0.08608627319335938,3,1,3,101,64
L2_W64_H4,1,validation:d1:t3:prandomized:tree101:i10002,4,2,23,randomized,0,1,validation,-0.018329620361328125,3,0,3,101,64
L2_W64_H4,1,validation:d1:t3:prandomized:tree101:i10015,4,2,23,randomized,1,1,validation,0.11849021911621094,3,1,3,101,64
L2_W64_H4,1,validation:d1:t3:prandomized:tree211:i10006,4,2,23,randomized,0,1,validation,-0.06434249877929688,3,0,3,211,64
L2_W64_H4,1,validation:d1:t3:prandomized:tree307:i10011,4,2,23,randomized,1,1,validation,-0.019870758056640625,3,0,3,307,64
L2_W64_H4,0,validation:d2:t0:prandomized:tree101:i20000,4,2,23,randomized,0,2,validation,-0.012083053588867188,0,0,4,101,64
L2_W64_H4,0,validation:d2:t0:prandomized:tree101:i20001,4,2,23,randomized,1,2,validation,0.08301353454589844,0,1,4,101,64
L2_W64_H4,0,validation:d2:t0:prandomized:tree101:i20005,4,2,23,randomized,1,2,validation,0.09897994995117188,0,1,4,101,64
L2_W64_H4,1,validation:d2:t0:prandomized:tree101:i20015,4,2,23,randomized,1,2,validation,0.012256622314453125,0,1,4,101,64
L2_W64_H4,0,validation:d2:t0:prandomized:tree211:i20004,4,2,23,randomized,0,2,validation,0.030384063720703125,0,1,4,211,64
L2_W64_H4,1,validation:d2:t0:prandomized:tree307:i20010,4,2,23,randomized,0,2,validation,-0.033519744873046875,0,0,4,307,64
L2_W64_H4,0,validation:d2:t1:prandomized:tree101:i20000,4,2,23,randomized,0,2,validation,-0.011674880981445312,1,0,4,101,64
L2_W64_H4,0,validation:d2:t1:prandomized:tree101:i20001,4,2,23,randomized,1,2,validation,0.08833694458007812,1,1,4,101,64
L2_W64_H4,0,validation:d2:t1:prandomized:tree101:i20005,4,2,23,randomized,1,2,validation,0.10667610168457031,1,1,4,101,64
L2_W64_H4,1,validation:d2:t1:prandomized:tree101:i20015,4,2,23,randomized,1,2,validation,0.015106201171875,1,1,4,101,64
L2_W64_H4,0,validation:d2:t1:prandomized:tree211:i20004,4,2,23,randomized,0,2,validation,0.028619766235351562,1,1,4,211,64
L2_W64_H4,1,validation:d2:t1:prandomized:tree307:i20010,4,2,23,randomized,0,2,validation,-0.03971290588378906,1,0,4,307,64
L2_W64_H4,1,validation:d2:t2:prandomized:tree101:i20006,4,2,23,randomized,0,2,validation,-0.16711997985839844,2,0,4,101,64
L2_W64_H4,0,validation:d2:t2:prandomized:tree101:i20012,4,2,23,randomized,0,2,validation,-0.06978034973144531,2,0,4,101,64
L2_W64_H4,1,validation:d2:t2:prandomized:tree211:i20015,4,2,23,randomized,1,2,validation,-0.01038360595703125,2,0,4,211,64
L2_W64_H4,1,validation:d2:t3:prandomized:tree101:i20006,4,2,23,randomized,0,2,validation,-0.1762866973876953,3,0,4,101,64
L2_W64_H4,0,validation:d2:t3:prandomized:tree101:i20012,4,2,23,randomized,0,2,validation,-0.08072280883789062,3,0,4,101,64
L2_W64_H4,1,validation:d2:t3:prandomized:tree211:i20015,4,2,23,randomized,1,2,validation,-0.0038509368896484375,3,0,4,211,64
L2_W64_H4,0,test:d1:t0:prandomized:tree101:i10005,4,2,23,randomized,1,1,test,-0.0152435302734375,0,0,3,101,64
L2_W64_H4,1,test:d1:t0:prandomized:tree211:i10010,4,2,23,randomized,0,1,test,-0.052165985107421875,0,0,3,211,64
L2_W64_H4,1,test:d1:t0:prandomized:tree307:i10006,4,2,23,randomized,0,1,test,-0.022134780883789062,0,0,3,307,64
L2_W64_H4,0,test:d1:t1:prandomized:tree101:i10005,4,2,23,randomized,1,1,test,-0.021587371826171875,1,0,3,101,64
L2_W64_H4,1,test:d1:t1:prandomized:tree211:i10010,4,2,23,randomized,0,1,test,-0.03781700134277344,1,0,3,211,64
L2_W64_H4,1,test:d1:t1:prandomized:tree307:i10006,4,2,23,randomized,0,1,test,-0.011417388916015625,1,0,3,307,64
L2_W64_H4,0,test:d1:t2:prandomized:tree101:i10000,4,2,23,randomized,0,1,test,0.0557861328125,2,1,3,101,64
L2_W64_H4,1,test:d1:t2:prandomized:tree101:i10002,4,2,23,randomized,0,1,test,-0.04970550537109375,2,0,3,101,64
L2_W64_H4,1,test:d1:t2:prandomized:tree101:i10015,4,2,23,randomized,1,1,test,0.011198043823242188,2,1,3,101,64
L2_W64_H4,1,test:d1:t2:prandomized:tree211:i10006,4,2,23,randomized,0,1,test,-0.08156776428222656,2,0,3,211,64
L2_W64_H4,1,test:d1:t2:prandomized:tree307:i10011,4,2,23,randomized,1,1,test,0.13707923889160156,2,1,3,307,64
L2_W64_H4,0,test:d1:t3:prandomized:tree101:i10000,4,2,23,randomized,0,1,test,0.06682395935058594,3,1,3,101,64
L2_W64_H4,1,test:d1:t3:prandomized:tree101:i10002,4,2,23,randomized,0,1,test,-0.03707695007324219,3,0,3,101,64
L2_W64_H4,1,test:d1:t3:prandomized:tree101:i10015,4,2,23,randomized,1,1,test,0.0011692047119140625,3,1,3,101,64
L2_W64_H4,1,test:d1:t3:prandomized:tree211:i10006,4,2,23,randomized,0,1,test,-0.073760986328125,3,0,3,211,64
L2_W64_H4,1,test:d1:t3:prandomized:tree307:i10011,4,2,23,randomized,1,1,test,0.12158966064453125,3,1,3,307,64
L2_W64_H4,0,test:d2:t0:prandomized:tree101:i20000,4,2,23,randomized,0,2,test,-0.10518646240234375,0,0,4,101,64
L2_W64_H4,0,test:d2:t0:prandomized:tree101:i20001,4,2,23,randomized,1,2,test,0.04281044006347656,0,1,4,101,64
L2_W64_H4,0,test:d2:t0:prandomized:tree101:i20005,4,2,23,randomized,1,2,test,0.053890228271484375,0,1,4,101,64
L2_W64_H4,1,test:d2:t0:prandomized:tree101:i20015,4,2,23,randomized,1,2,test,0.10018157958984375,0,1,4,101,64
L2_W64_H4,0,test:d2:t0:prandomized:tree211:i20004,4,2,23,randomized,0,2,test,-0.0042400360107421875,0,0,4,211,64
L2_W64_H4,1,test:d2:t0:prandomized:tree307:i20010,4,2,23,randomized,0,2,test,-0.12237548828125,0,0,4,307,64
L2_W64_H4,0,test:d2:t1:prandomized:tree101:i20000,4,2,23,randomized,0,2,test,-0.11448478698730469,1,0,4,101,64
L2_W64_H4,0,test:d2:t1:prandomized:tree101:i20001,4,2,23,randomized,1,2,test,0.0533447265625,1,1,4,101,64
L2_W64_H4,0,test:d2:t1:prandomized:tree101:i20005,4,2,23,randomized,1,2,test,0.0590667724609375,1,1,4,101,64
L2_W64_H4,1,test:d2:t1:prandomized:tree101:i20015,4,2,23,randomized,1,2,test,0.10848236083984375,1,1,4,101,64
L2_W64_H4,0,test:d2:t1:prandomized:tree211:i20004,4,2,23,randomized,0,2,test,-0.009952545166015625,1,0,4,211,64
L2_W64_H4,1,test:d2:t1:prandomized:tree307:i20010,4,2,23,randomized,0,2,test,-0.13064193725585938,1,0,4,307,64
L2_W64_H4,1,test:d2:t2:prandomized:tree101:i20006,4,2,23,randomized,0,2,test,0.010786056518554688,2,1,4,101,64
L2_W64_H4,0,test:d2:t2:prandomized:tree101:i20012,4,2,23,randomized,0,2,test,-0.0042266845703125,2,0,4,101,64
L2_W64_H4,1,test:d2:t2:prandomized:tree211:i20015,4,2,23,randomized,1,2,test,0.07933807373046875,2,1,4,211,64
L2_W64_H4,1,test:d2:t3:prandomized:tree101:i20006,4,2,23,randomized,0,2,test,-0.021535873413085938,3,0,4,101,64
L2_W64_H4,0,test:d2:t3:prandomized:tree101:i20012,4,2,23,randomized,0,2,test,-0.018293380737304688,3,0,4,101,64
L2_W64_H4,1,test:d2:t3:prandomized:tree211:i20015,4,2,23,randomized,1,2,test,0.08419609069824219,3,1,4,211,64
L2_W64_H4,1,validation:d2:t0:prandomized:tree211:i20003,4,2,23,randomized,1,2,validation,-0.021032333374023438,0,0,4,211,64
L2_W64_H4,0,validation:d2:t0:prandomized:tree211:i20005,4,2,23,randomized,1,2,validation,0.055850982666015625,0,1,4,211,64
L2_W64_H4,1,validation:d2:t0:prandomized:tree211:i20006,4,2,23,randomized,0,2,validation,-0.08819961547851562,0,0,4,211,64
L2_W64_H4,1,validation:d2:t0:prandomized:tree211:i20014,4,2,23,randomized,0,2,validation,0.03891944885253906,0,1,4,211,64
L2_W64_H4,0,validation:d2:t0:prandomized:tree307:i20000,4,2,23,randomized,0,2,validation,-0.03460502624511719,0,0,4,307,64
L2_W64_H4,1,validation:d2:t0:prandomized:tree307:i20002,4,2,23,randomized,0,2,validation,0.0025424957275390625,0,1,4,307,64
L2_W64_H4,0,validation:d2:t0:prandomized:tree307:i20008,4,2,23,randomized,0,2,validation,-0.05555534362792969,0,0,4,307,64
L2_W64_H4,0,validation:d2:t0:prandomized:tree307:i20012,4,2,23,randomized,0,2,validation,-0.18535423278808594,0,0,4,307,64
L2_W64_H4,1,validation:d2:t1:prandomized:tree211:i20003,4,2,23,randomized,1,2,validation,-0.015655517578125,1,0,4,211,64
L2_W64_H4,0,validation:d2:t1:prandomized:tree211:i20005,4,2,23,randomized,1,2,validation,0.05592918395996094,1,1,4,211,64
L2_W64_H4,1,validation:d2:t1:prandomized:tree211:i20006,4,2,23,randomized,0,2,validation,-0.09716224670410156,1,0,4,211,64
L2_W64_H4,1,validation:d2:t1:prandomized:tree211:i20014,4,2,23,randomized,0,2,validation,0.03772163391113281,1,1,4,211,64
L2_W64_H4,0,validation:d2:t1:prandomized:tree307:i20000,4,2,23,randomized,0,2,validation,-0.03256988525390625,1,0,4,307,64
L2_W64_H4,1,validation:d2:t1:prandomized:tree307:i20002,4,2,23,randomized,0,2,validation,0.0023937225341796875,1,1,4,307,64
L2_W64_H4,0,validation:d2:t1:prandomized:tree307:i20008,4,2,23,randomized,0,2,validation,-0.0604705810546875,1,0,4,307,64
L2_W64_H4,0,validation:d2:t1:prandomized:tree307:i20012,4,2,23,randomized,0,2,validation,-0.19090843200683594,1,0,4,307,64
L2_W64_H4,1,validation:d2:t2:prandomized:tree101:i20003,4,2,23,randomized,1,2,validation,0.07060813903808594,2,1,4,101,64
L2_W64_H4,1,validation:d2:t2:prandomized:tree101:i20014,4,2,23,randomized,0,2,validation,-0.1417064666748047,2,0,4,101,64
L2_W64_H4,1,validation:d2:t2:prandomized:tree211:i20003,4,2,23,randomized,1,2,validation,-0.021320343017578125,2,0,4,211,64
L2_W64_H4,0,validation:d2:t2:prandomized:tree307:i20008,4,2,23,randomized,0,2,validation,-0.055622100830078125,2,0,4,307,64
L2_W64_H4,1,validation:d2:t3:prandomized:tree101:i20003,4,2,23,randomized,1,2,validation,0.08156013488769531,3,1,4,101,64
L2_W64_H4,1,validation:d2:t3:prandomized:tree101:i20014,4,2,23,randomized,0,2,validation,-0.1492462158203125,3,0,4,101,64
L2_W64_H4,1,validation:d2:t3:prandomized:tree211:i20003,4,2,23,randomized,1,2,validation,-0.014959335327148438,3,0,4,211,64
L2_W64_H4,0,validation:d2:t3:prandomized:tree307:i20008,4,2,23,randomized,0,2,validation,-0.06064796447753906,3,0,4,307,64
L2_W64_H4,1,test:d2:t0:prandomized:tree211:i20003,4,2,23,randomized,1,2,test,0.08572769165039062,0,1,4,211,64
L2_W64_H4,0,test:d2:t0:prandomized:tree211:i20005,4,2,23,randomized,1,2,test,0.07636642456054688,0,1,4,211,64
L2_W64_H4,1,test:d2:t0:prandomized:tree211:i20006,4,2,23,randomized,0,2,test,-0.09783554077148438,0,0,4,211,64
L2_W64_H4,1,test:d2:t0:prandomized:tree211:i20014,4,2,23,randomized,0,2,test,-0.1420440673828125,0,0,4,211,64
L2_W64_H4,0,test:d2:t0:prandomized:tree307:i20000,4,2,23,randomized,0,2,test,-0.05040550231933594,0,0,4,307,64
L2_W64_H4,1,test:d2:t0:prandomized:tree307:i20002,4,2,23,randomized,0,2,test,-0.015689849853515625,0,0,4,307,64
L2_W64_H4,0,test:d2:t0:prandomized:tree307:i20008,4,2,23,randomized,0,2,test,-0.0763397216796875,0,0,4,307,64
L2_W64_H4,0,test:d2:t0:prandomized:tree307:i20012,4,2,23,randomized,0,2,test,-0.08815383911132812,0,0,4,307,64
L2_W64_H4,1,test:d2:t1:prandomized:tree211:i20003,4,2,23,randomized,1,2,test,0.08826255798339844,1,1,4,211,64
L2_W64_H4,0,test:d2:t1:prandomized:tree211:i20005,4,2,23,randomized,1,2,test,0.08858489990234375,1,1,4,211,64
L2_W64_H4,1,test:d2:t1:prandomized:tree211:i20006,4,2,23,randomized,0,2,test,-0.10266876220703125,1,0,4,211,64
L2_W64_H4,1,test:d2:t1:prandomized:tree211:i20014,4,2,23,randomized,0,2,test,-0.15697097778320312,1,0,4,211,64
L2_W64_H4,0,test:d2:t1:prandomized:tree307:i20000,4,2,23,randomized,0,2,test,-0.06010627746582031,1,0,4,307,64
L2_W64_H4,1,test:d2:t1:prandomized:tree307:i20002,4,2,23,randomized,0,2,test,-0.022073745727539062,1,0,4,307,64
L2_W64_H4,0,test:d2:t1:prandomized:tree307:i20008,4,2,23,randomized,0,2,test,-0.08794784545898438,1,0,4,307,64
L2_W64_H4,0,test:d2:t1:prandomized:tree307:i20012,4,2,23,randomized,0,2,test,-0.09146881103515625,1,0,4,307,64
L2_W64_H4,1,test:d2:t2:prandomized:tree101:i20003,4,2,23,randomized,1,2,test,0.09484481811523438,2,1,4,101,64
L2_W64_H4,1,test:d2:t2:prandomized:tree101:i20014,4,2,23,randomized,0,2,test,-0.1379547119140625,2,0,4,101,64
L2_W64_H4,1,test:d2:t2:prandomized:tree211:i20003,4,2,23,randomized,1,2,test,0.08301162719726562,2,1,4,211,64
L2_W64_H4,0,test:d2:t2:prandomized:tree307:i20008,4,2,23,randomized,0,2,test,-0.07587051391601562,2,0,4,307,64
L2_W64_H4,1,test:d2:t3:prandomized:tree101:i20003,4,2,23,randomized,1,2,test,0.10664176940917969,3,1,4,101,64
L2_W64_H4,1,test:d2:t3:prandomized:tree101:i20014,4,2,23,randomized,0,2,test,-0.1515979766845703,3,0,4,101,64
L2_W64_H4,1,test:d2:t3:prandomized:tree211:i20003,4,2,23,randomized,1,2,test,0.08864593505859375,3,1,4,211,64
L2_W64_H4,0,test:d2:t3:prandomized:tree307:i20008,4,2,23,randomized,0,2,test,-0.08892059326171875,3,0,4,307,64
L2_W64_H4,0,validation:d2:t0:prandomized:tree101:i20008,4,2,23,randomized,0,2,validation,-0.03454399108886719,0,0,4,101,64
L2_W64_H4,1,validation:d2:t0:prandomized:tree211:i20010,4,2,23,randomized,0,2,validation,-0.14371681213378906,0,0,4,211,64
L2_W64_H4,1,validation:d2:t0:prandomized:tree211:i20011,4,2,23,randomized,1,2,validation,0.07625389099121094,0,1,4,211,64
L2_W64_H4,0,validation:d2:t0:prandomized:tree307:i20013,4,2,23,randomized,1,2,validation,0.0471954345703125,0,1,4,307,64
L2_W64_H4,0,validation:d2:t1:prandomized:tree101:i20008,4,2,23,randomized,0,2,validation,-0.033184051513671875,1,0,4,101,64
L2_W64_H4,1,validation:d2:t1:prandomized:tree211:i20010,4,2,23,randomized,0,2,validation,-0.1575145721435547,1,0,4,211,64
L2_W64_H4,1,validation:d2:t1:prandomized:tree211:i20011,4,2,23,randomized,1,2,validation,0.08009147644042969,1,1,4,211,64
L2_W64_H4,0,validation:d2:t1:prandomized:tree307:i20013,4,2,23,randomized,1,2,validation,0.05512237548828125,1,1,4,307,64
L2_W64_H4,0,validation:d2:t2:prandomized:tree211:i20005,4,2,23,randomized,1,2,validation,0.051181793212890625,2,1,4,211,64
L2_W64_H4,1,validation:d2:t2:prandomized:tree211:i20011,4,2,23,randomized,1,2,validation,0.07480430603027344,2,1,4,211,64
L2_W64_H4,0,validation:d2:t2:prandomized:tree307:i20001,4,2,23,randomized,1,2,validation,-0.03376960754394531,2,0,4,307,64
L2_W64_H4,0,validation:d2:t2:prandomized:tree307:i20004,4,2,23,randomized,0,2,validation,-0.058353424072265625,2,0,4,307,64
L2_W64_H4,0,validation:d2:t3:prandomized:tree211:i20005,4,2,23,randomized,1,2,validation,0.05469512939453125,3,1,4,211,64
L2_W64_H4,1,validation:d2:t3:prandomized:tree211:i20011,4,2,23,randomized,1,2,validation,0.08114433288574219,3,1,4,211,64
L2_W64_H4,0,validation:d2:t3:prandomized:tree307:i20001,4,2,23,randomized,1,2,validation,-0.02686309814453125,3,0,4,307,64
L2_W64_H4,0,validation:d2:t3:prandomized:tree307:i20004,4,2,23,randomized,0,2,validation,-0.06722068786621094,3,0,4,307,64
L2_W64_H4,0,test:d2:t0:prandomized:tree101:i20008,4,2,23,randomized,0,2,test,-0.12465667724609375,0,0,4,101,64
L2_W64_H4,1,test:d2:t0:prandomized:tree211:i20010,4,2,23,randomized,0,2,test,-0.05451202392578125,0,0,4,211,64
L2_W64_H4,1,test:d2:t0:prandomized:tree211:i20011,4,2,23,randomized,1,2,test,0.03955650329589844,0,1,4,211,64
L2_W64_H4,0,test:d2:t0:prandomized:tree307:i20013,4,2,23,randomized,1,2,test,0.03259849548339844,0,1,4,307,64
L2_W64_H4,0,test:d2:t1:prandomized:tree101:i20008,4,2,23,randomized,0,2,test,-0.12714195251464844,1,0,4,101,64
L2_W64_H4,1,test:d2:t1:prandomized:tree211:i20010,4,2,23,randomized,0,2,test,-0.06596755981445312,1,0,4,211,64
L2_W64_H4,1,test:d2:t1:prandomized:tree211:i20011,4,2,23,randomized,1,2,test,0.05059814453125,1,1,4,211,64
L2_W64_H4,0,test:d2:t1:prandomized:tree307:i20013,4,2,23,randomized,1,2,test,0.030920028686523438,1,1,4,307,64
L2_W64_H4,0,test:d2:t2:prandomized:tree211:i20005,4,2,23,randomized,1,2,test,0.07519721984863281,2,1,4,211,64
L2_W64_H4,1,test:d2:t2:prandomized:tree211:i20011,4,2,23,randomized,1,2,test,0.03900718688964844,2,1,4,211,64
L2_W64_H4,0,test:d2:t2:prandomized:tree307:i20001,4,2,23,randomized,1,2,test,0.166656494140625,2,1,4,307,64
L2_W64_H4,0,test:d2:t2:prandomized:tree307:i20004,4,2,23,randomized,0,2,test,0.023929595947265625,2,1,4,307,64
L2_W64_H4,0,test:d2:t3:prandomized:tree211:i20005,4,2,23,randomized,1,2,test,0.08715248107910156,3,1,4,211,64
L2_W64_H4,1,test:d2:t3:prandomized:tree211:i20011,4,2,23,randomized,1,2,test,0.05071067810058594,3,1,4,211,64
L2_W64_H4,0,test:d2:t3:prandomized:tree307:i20001,4,2,23,randomized,1,2,test,0.17978286743164062,3,1,4,307,64
L2_W64_H4,0,test:d2:t3:prandomized:tree307:i20004,4,2,23,randomized,0,2,test,0.017766952514648438,3,1,4,307,64
L2_W64_H4,1,validation:d2:t0:prandomized:tree101:i20010,4,2,23,randomized,0,2,validation,-0.07585525512695312,0,0,4,101,64
L2_W64_H4,1,validation:d2:t0:prandomized:tree101:i20014,4,2,23,randomized,0,2,validation,-0.14538192749023438,0,0,4,101,64
L2_W64_H4,1,validation:d2:t0:prandomized:tree307:i20003,4,2,23,randomized,1,2,validation,0.041263580322265625,0,1,4,307,64
L2_W64_H4,0,validation:d2:t0:prandomized:tree307:i20009,4,2,23,randomized,1,2,validation,0.0697174072265625,0,1,4,307,64
L2_W64_H4,1,validation:d2:t1:prandomized:tree101:i20010,4,2,23,randomized,0,2,validation,-0.07983016967773438,1,0,4,101,64
L2_W64_H4,1,validation:d2:t1:prandomized:tree101:i20014,4,2,23,randomized,0,2,validation,-0.1494579315185547,1,0,4,101,64
L2_W64_H4,1,validation:d2:t1:prandomized:tree307:i20003,4,2,23,randomized,1,2,validation,0.048675537109375,1,1,4,307,64
L2_W64_H4,0,validation:d2:t1:prandomized:tree307:i20009,4,2,23,randomized,1,2,validation,0.07546615600585938,1,1,4,307,64
L2_W64_H4,0,validation:d2:t2:prandomized:tree101:i20001,4,2,23,randomized,1,2,validation,0.07573890686035156,2,1,4,101,64
L2_W64_H4,1,validation:d2:t2:prandomized:tree211:i20006,4,2,23,randomized,0,2,validation,-0.10204887390136719,2,0,4,211,64
L2_W64_H4,0,validation:d2:t2:prandomized:tree211:i20008,4,2,23,randomized,0,2,validation,-0.07605361938476562,2,0,4,211,64
L2_W64_H4,1,validation:d2:t2:prandomized:tree211:i20010,4,2,23,randomized,0,2,validation,-0.14328765869140625,2,0,4,211,64
L2_W64_H4,1,validation:d2:t2:prandomized:tree211:i20014,4,2,23,randomized,0,2,validation,0.05151939392089844,2,1,4,211,64
L2_W64_H4,1,validation:d2:t2:prandomized:tree307:i20007,4,2,23,randomized,1,2,validation,0.17656898498535156,2,1,4,307,64
L2_W64_H4,0,validation:d2:t3:prandomized:tree101:i20001,4,2,23,randomized,1,2,validation,0.08154296875,3,1,4,101,64
L2_W64_H4,1,validation:d2:t3:prandomized:tree211:i20006,4,2,23,randomized,0,2,validation,-0.10153388977050781,3,0,4,211,64
L2_W64_H4,0,validation:d2:t3:prandomized:tree211:i20008,4,2,23,randomized,0,2,validation,-0.08039283752441406,3,0,4,211,64
L2_W64_H4,1,validation:d2:t3:prandomized:tree211:i20010,4,2,23,randomized,0,2,validation,-0.1503734588623047,3,0,4,211,64
L2_W64_H4,1,validation:d2:t3:prandomized:tree211:i20014,4,2,23,randomized,0,2,validation,0.05135345458984375,3,1,4,211,64
L2_W64_H4,1,validation:d2:t3:prandomized:tree307:i20007,4,2,23,randomized,1,2,validation,0.18657875061035156,3,1,4,307,64
L2_W64_H4,1,test:d2:t0:prandomized:tree101:i20010,4,2,23,randomized,0,2,test,-0.10444831848144531,0,0,4,101,64
L2_W64_H4,1,test:d2:t0:prandomized:tree101:i20014,4,2,23,randomized,0,2,test,-0.13614845275878906,0,0,4,101,64
L2_W64_H4,1,test:d2:t0:prandomized:tree307:i20003,4,2,23,randomized,1,2,test,0.05121421813964844,0,1,4,307,64
L2_W64_H4,0,test:d2:t0:prandomized:tree307:i20009,4,2,23,randomized,1,2,test,0.018337249755859375,0,1,4,307,64
L2_W64_H4,1,test:d2:t1:prandomized:tree101:i20010,4,2,23,randomized,0,2,test,-0.10938644409179688,1,0,4,101,64
L2_W64_H4,1,test:d2:t1:prandomized:tree101:i20014,4,2,23,randomized,0,2,test,-0.14170265197753906,1,0,4,101,64
L2_W64_H4,1,test:d2:t1:prandomized:tree307:i20003,4,2,23,randomized,1,2,test,0.05259513854980469,1,1,4,307,64
L2_W64_H4,0,test:d2:t1:prandomized:tree307:i20009,4,2,23,randomized,1,2,test,0.028642654418945312,1,1,4,307,64
L2_W64_H4,0,test:d2:t2:prandomized:tree101:i20001,4,2,23,randomized,1,2,test,0.038951873779296875,2,1,4,101,64
L2_W64_H4,1,test:d2:t2:prandomized:tree211:i20006,4,2,23,randomized,0,2,test,-0.09342002868652344,2,0,4,211,64
L2_W64_H4,0,test:d2:t2:prandomized:tree211:i20008,4,2,23,randomized,0,2,test,-0.10071182250976562,2,0,4,211,64
L2_W64_H4,1,test:d2:t2:prandomized:tree211:i20010,4,2,23,randomized,0,2,test,-0.059070587158203125,2,0,4,211,64
L2_W64_H4,1,test:d2:t2:prandomized:tree211:i20014,4,2,23,randomized,0,2,test,-0.1431598663330078,2,0,4,211,64
L2_W64_H4,1,test:d2:t2:prandomized:tree307:i20007,4,2,23,randomized,1,2,test,0.16701126098632812,2,1,4,307,64
L2_W64_H4,0,test:d2:t3:prandomized:tree101:i20001,4,2,23,randomized,1,2,test,0.04849433898925781,3,1,4,101,64
L2_W64_H4,1,test:d2:t3:prandomized:tree211:i20006,4,2,23,randomized,0,2,test,-0.09690666198730469,3,0,4,211,64
L2_W64_H4,0,test:d2:t3:prandomized:tree211:i20008,4,2,23,randomized,0,2,test,-0.10548782348632812,3,0,4,211,64
L2_W64_H4,1,test:d2:t3:prandomized:tree211:i20010,4,2,23,randomized,0,2,test,-0.06431961059570312,3,0,4,211,64
L2_W64_H4,1,test:d2:t3:prandomized:tree211:i20014,4,2,23,randomized,0,2,test,-0.15228652954101562,3,0,4,211,64
L2_W64_H4,1,test:d2:t3:prandomized:tree307:i20007,4,2,23,randomized,1,2,test,0.1764049530029297,3,1,4,307,64
L2_W64_H4,0,validation:d2:t0:prandomized:tree101:i20009,4,2,23,randomized,1,2,validation,0.13181114196777344,0,1,4,101,64
L2_W64_H4,0,validation:d2:t0:prandomized:tree101:i20012,4,2,23,randomized,0,2,validation,-0.09524917602539062,0,0,4,101,64
L2_W64_H4,0,validation:d2:t0:prandomized:tree211:i20001,4,2,23,randomized,1,2,validation,0.1385822296142578,0,1,4,211,64
L2_W64_H4,1,validation:d2:t0:prandomized:tree211:i20002,4,2,23,randomized,0,2,validation,-0.0063266754150390625,0,0,4,211,64
L2_W64_H4,0,validation:d2:t0:prandomized:tree211:i20012,4,2,23,randomized,0,2,validation,-0.09991455078125,0,0,4,211,64
L2_W64_H4,1,validation:d2:t0:prandomized:tree307:i20007,4,2,23,randomized,1,2,validation,0.18589401245117188,0,1,4,307,64
L2_W64_H4,1,validation:d2:t0:prandomized:tree307:i20011,4,2,23,randomized,1,2,validation,0.02181243896484375,0,1,4,307,64
L2_W64_H4,0,validation:d2:t1:prandomized:tree101:i20009,4,2,23,randomized,1,2,validation,0.1288013458251953,1,1,4,101,64
L2_W64_H4,0,validation:d2:t1:prandomized:tree101:i20012,4,2,23,randomized,0,2,validation,-0.09633255004882812,1,0,4,101,64
L2_W64_H4,0,validation:d2:t1:prandomized:tree211:i20001,4,2,23,randomized,1,2,validation,0.13528823852539062,1,1,4,211,64
L2_W64_H4,1,validation:d2:t1:prandomized:tree211:i20002,4,2,23,randomized,0,2,validation,-0.004528045654296875,1,0,4,211,64
L2_W64_H4,0,validation:d2:t1:prandomized:tree211:i20012,4,2,23,randomized,0,2,validation,-0.09821128845214844,1,0,4,211,64
L2_W64_H4,1,validation:d2:t1:prandomized:tree307:i20007,4,2,23,randomized,1,2,validation,0.18938446044921875,1,1,4,307,64
L2_W64_H4,1,validation:d2:t1:prandomized:tree307:i20011,4,2,23,randomized,1,2,validation,0.021829605102539062,1,1,4,307,64
L2_W64_H4,1,validation:d2:t2:prandomized:tree101:i20007,4,2,23,randomized,1,2,validation,-0.017522811889648438,2,0,4,101,64
L2_W64_H4,0,validation:d2:t2:prandomized:tree101:i20008,4,2,23,randomized,0,2,validation,-0.03424072265625,2,0,4,101,64
L2_W64_H4,1,validation:d2:t2:prandomized:tree101:i20011,4,2,23,randomized,1,2,validation,0.1486186981201172,2,1,4,101,64
L2_W64_H4,0,validation:d2:t2:prandomized:tree101:i20013,4,2,23,randomized,1,2,validation,0.08339309692382812,2,1,4,101,64
L2_W64_H4,1,validation:d2:t2:prandomized:tree101:i20015,4,2,23,randomized,1,2,validation,0.018308639526367188,2,1,4,101,64
L2_W64_H4,0,validation:d2:t2:prandomized:tree211:i20012,4,2,23,randomized,0,2,validation,-0.09903144836425781,2,0,4,211,64
L2_W64_H4,0,validation:d2:t2:prandomized:tree307:i20013,4,2,23,randomized,1,2,validation,0.04325675964355469,2,1,4,307,64
L2_W64_H4,1,validation:d2:t3:prandomized:tree101:i20007,4,2,23,randomized,1,2,validation,-0.0166168212890625,3,0,4,101,64
L2_W64_H4,0,validation:d2:t3:prandomized:tree101:i20008,4,2,23,randomized,0,2,validation,-0.03338813781738281,3,0,4,101,64
L2_W64_H4,1,validation:d2:t3:prandomized:tree101:i20011,4,2,23,randomized,1,2,validation,0.14443016052246094,3,1,4,101,64
L2_W64_H4,0,validation:d2:t3:prandomized:tree101:i20013,4,2,23,randomized,1,2,validation,0.080902099609375,3,1,4,101,64
L2_W64_H4,1,validation:d2:t3:prandomized:tree101:i20015,4,2,23,randomized,1,2,validation,0.01450347900390625,3,1,4,101,64
L2_W64_H4,0,validation:d2:t3:prandomized:tree211:i20012,4,2,23,randomized,0,2,validation,-0.09947013854980469,3,0,4,211,64
L2_W64_H4,0,validation:d2:t3:prandomized:tree307:i20013,4,2,23,randomized,1,2,validation,0.04224395751953125,3,1,4,307,64
L2_W64_H4,0,test:d2:t0:prandomized:tree101:i20009,4,2,23,randomized,1,2,test,-0.016567230224609375,0,0,4,101,64
L2_W64_H4,0,test:d2:t0:prandomized:tree101:i20012,4,2,23,randomized,0,2,test,-0.022024154663085938,0,0,4,101,64
L2_W64_H4,0,test:d2:t0:prandomized:tree211:i20001,4,2,23,randomized,1,2,test,0.014310836791992188,0,1,4,211,64
L2_W64_H4,1,test:d2:t0:prandomized:tree211:i20002,4,2,23,randomized,0,2,test,-0.011930465698242188,0,0,4,211,64
L2_W64_H4,0,test:d2:t0:prandomized:tree211:i20012,4,2,23,randomized,0,2,test,-0.029619216918945312,0,0,4,211,64
L2_W64_H4,1,test:d2:t0:prandomized:tree307:i20007,4,2,23,randomized,1,2,test,0.173583984375,0,1,4,307,64
L2_W64_H4,1,test:d2:t0:prandomized:tree307:i20011,4,2,23,randomized,1,2,test,0.13974952697753906,0,1,4,307,64
L2_W64_H4,0,test:d2:t1:prandomized:tree101:i20009,4,2,23,randomized,1,2,test,-0.021551132202148438,1,0,4,101,64
L2_W64_H4,0,test:d2:t1:prandomized:tree101:i20012,4,2,23,randomized,0,2,test,-0.02318572998046875,1,0,4,101,64
L2_W64_H4,0,test:d2:t1:prandomized:tree211:i20001,4,2,23,randomized,1,2,test,0.011983871459960938,1,1,4,211,64
L2_W64_H4,1,test:d2:t1:prandomized:tree211:i20002,4,2,23,randomized,0,2,test,-0.006717681884765625,1,0,4,211,64
L2_W64_H4,0,test:d2:t1:prandomized:tree211:i20012,4,2,23,randomized,0,2,test,-0.026121139526367188,1,0,4,211,64
L2_W64_H4,1,test:d2:t1:prandomized:tree307:i20007,4,2,23,randomized,1,2,test,0.17366790771484375,1,1,4,307,64
L2_W64_H4,1,test:d2:t1:prandomized:tree307:i20011,4,2,23,randomized,1,2,test,0.13632965087890625,1,1,4,307,64
L2_W64_H4,1,test:d2:t2:prandomized:tree101:i20007,4,2,23,randomized,1,2,test,0.104248046875,2,1,4,101,64
L2_W64_H4,0,test:d2:t2:prandomized:tree101:i20008,4,2,23,randomized,0,2,test,-0.12622451782226562,2,0,4,101,64
L2_W64_H4,1,test:d2:t2:prandomized:tree101:i20011,4,2,23,randomized,1,2,test,0.0157470703125,2,1,4,101,64
L2_W64_H4,0,test:d2:t2:prandomized:tree101:i20013,4,2,23,randomized,1,2,test,0.22243309020996094,2,1,4,101,64
L2_W64_H4,1,test:d2:t2:prandomized:tree101:i20015,4,2,23,randomized,1,2,test,0.09996986389160156,2,1,4,101,64
L2_W64_H4,0,test:d2:t2:prandomized:tree211:i20012,4,2,23,randomized,0,2,test,-0.0280303955078125,2,0,4,211,64
L2_W64_H4,0,test:d2:t2:prandomized:tree307:i20013,4,2,23,randomized,1,2,test,0.026180267333984375,2,1,4,307,64
L2_W64_H4,1,test:d2:t3:prandomized:tree101:i20007,4,2,23,randomized,1,2,test,0.10338592529296875,3,1,4,101,64
L2_W64_H4,0,test:d2:t3:prandomized:tree101:i20008,4,2,23,randomized,0,2,test,-0.12370109558105469,3,0,4,101,64
L2_W64_H4,1,test:d2:t3:prandomized:tree101:i20011,4,2,23,randomized,1,2,test,0.015329360961914062,3,1,4,101,64
L2_W64_H4,0,test:d2:t3:prandomized:tree101:i20013,4,2,23,randomized,1,2,test,0.21945571899414062,3,1,4,101,64
L2_W64_H4,1,test:d2:t3:prandomized:tree101:i20015,4,2,23,randomized,1,2,test,0.10052299499511719,3,1,4,101,64
L2_W64_H4,0,test:d2:t3:prandomized:tree211:i20012,4,2,23,randomized,0,2,test,-0.027681350708007812,3,0,4,211,64
L2_W64_H4,0,test:d2:t3:prandomized:tree307:i20013,4,2,23,randomized,1,2,test,0.0297698974609375,3,1,4,307,64
L2_W64_H4,0,validation:d2:t0:prandomized:tree211:i20000,4,2,23,randomized,0,2,validation,-0.10567283630371094,0,0,4,211,64
L2_W64_H4,0,validation:d2:t0:prandomized:tree211:i20008,4,2,23,randomized,0,2,validation,-0.08791542053222656,0,0,4,211,64
L2_W64_H4,0,validation:d2:t0:prandomized:tree211:i20009,4,2,23,randomized,1,2,validation,0.07245826721191406,0,1,4,211,64
L2_W64_H4,0,validation:d2:t0:prandomized:tree211:i20013,4,2,23,randomized,1,2,validation,0.028192520141601562,0,1,4,211,64
L2_W64_H4,0,validation:d2:t0:prandomized:tree307:i20004,4,2,23,randomized,0,2,validation,-0.06430625915527344,0,0,4,307,64
L2_W64_H4,1,validation:d2:t0:prandomized:tree307:i20006,4,2,23,randomized,0,2,validation,-0.10530662536621094,0,0,4,307,64
L2_W64_H4,1,validation:d2:t0:prandomized:tree307:i20015,4,2,23,randomized,1,2,validation,0.10687446594238281,0,1,4,307,64
L2_W64_H4,0,validation:d2:t1:prandomized:tree211:i20000,4,2,23,randomized,0,2,validation,-0.09423828125,1,0,4,211,64
L2_W64_H4,0,validation:d2:t1:prandomized:tree211:i20008,4,2,23,randomized,0,2,validation,-0.07666206359863281,1,0,4,211,64
L2_W64_H4,0,validation:d2:t1:prandomized:tree211:i20009,4,2,23,randomized,1,2,validation,0.06573104858398438,1,1,4,211,64
L2_W64_H4,0,validation:d2:t1:prandomized:tree211:i20013,4,2,23,randomized,1,2,validation,0.018423080444335938,1,1,4,211,64
L2_W64_H4,0,validation:d2:t1:prandomized:tree307:i20004,4,2,23,randomized,0,2,validation,-0.05535888671875,1,0,4,307,64
L2_W64_H4,1,validation:d2:t1:prandomized:tree307:i20006,4,2,23,randomized,0,2,validation,-0.09801483154296875,1,0,4,307,64
L2_W64_H4,1,validation:d2:t1:prandomized:tree307:i20015,4,2,23,randomized,1,2,validation,0.09528923034667969,1,1,4,307,64
L2_W64_H4,1,validation:d2:t2:prandomized:tree101:i20002,4,2,23,randomized,0,2,validation,-0.029888153076171875,2,0,4,101,64
L2_W64_H4,1,validation:d2:t2:prandomized:tree101:i20010,4,2,23,randomized,0,2,validation,-0.08700370788574219,2,0,4,101,64
L2_W64_H4,1,validation:d2:t2:prandomized:tree211:i20007,4,2,23,randomized,1,2,validation,0.0651092529296875,2,1,4,211,64
L2_W64_H4,0,validation:d2:t2:prandomized:tree211:i20013,4,2,23,randomized,1,2,validation,0.027667999267578125,2,1,4,211,64
L2_W64_H4,0,validation:d2:t2:prandomized:tree307:i20000,4,2,23,randomized,0,2,validation,-0.04339790344238281,2,0,4,307,64
L2_W64_H4,0,validation:d2:t2:prandomized:tree307:i20012,4,2,23,randomized,0,2,validation,-0.18794631958007812,2,0,4,307,64
L2_W64_H4,1,validation:d2:t3:prandomized:tree101:i20002,4,2,23,randomized,0,2,validation,-0.018762588500976562,3,0,4,101,64
L2_W64_H4,1,validation:d2:t3:prandomized:tree101:i20010,4,2,23,randomized,0,2,validation,-0.07712554931640625,3,0,4,101,64
L2_W64_H4,1,validation:d2:t3:prandomized:tree211:i20007,4,2,23,randomized,1,2,validation,0.057773590087890625,3,1,4,211,64
L2_W64_H4,0,validation:d2:t3:prandomized:tree211:i20013,4,2,23,randomized,1,2,validation,0.017854690551757812,3,1,4,211,64
L2_W64_H4,0,validation:d2:t3:prandomized:tree307:i20000,4,2,23,randomized,0,2,validation,-0.034366607666015625,3,0,4,307,64
L2_W64_H4,0,validation:d2:t3:prandomized:tree307:i20012,4,2,23,randomized,0,2,validation,-0.18144607543945312,3,0,4,307,64
L2_W64_H4,0,test:d2:t0:prandomized:tree211:i20000,4,2,23,randomized,0,2,test,-0.03815650939941406,0,0,4,211,64
L2_W64_H4,0,test:d2:t0:prandomized:tree211:i20008,4,2,23,randomized,0,2,test,-0.11603736877441406,0,0,4,211,64
L2_W64_H4,0,test:d2:t0:prandomized:tree211:i20009,4,2,23,randomized,1,2,test,0.08210945129394531,0,1,4,211,64
L2_W64_H4,0,test:d2:t0:prandomized:tree211:i20013,4,2,23,randomized,1,2,test,0.17539024353027344,0,1,4,211,64
L2_W64_H4,0,test:d2:t0:prandomized:tree307:i20004,4,2,23,randomized,0,2,test,0.01209259033203125,0,1,4,307,64
L2_W64_H4,1,test:d2:t0:prandomized:tree307:i20006,4,2,23,randomized,0,2,test,0.04339408874511719,0,1,4,307,64
L2_W64_H4,1,test:d2:t0:prandomized:tree307:i20015,4,2,23,randomized,1,2,test,0.03719520568847656,0,1,4,307,64
L2_W64_H4,0,test:d2:t1:prandomized:tree211:i20000,4,2,23,randomized,0,2,test,-0.028627395629882812,1,0,4,211,64
L2_W64_H4,0,test:d2:t1:prandomized:tree211:i20008,4,2,23,randomized,0,2,test,-0.10687828063964844,1,0,4,211,64
L2_W64_H4,0,test:d2:t1:prandomized:tree211:i20009,4,2,23,randomized,1,2,test,0.07759475708007812,1,1,4,211,64
L2_W64_H4,0,test:d2:t1:prandomized:tree211:i20013,4,2,23,randomized,1,2,test,0.16641616821289062,1,1,4,211,64
L2_W64_H4,0,test:d2:t1:prandomized:tree307:i20004,4,2,23,randomized,0,2,test,0.024608612060546875,1,1,4,307,64
L2_W64_H4,1,test:d2:t1:prandomized:tree307:i20006,4,2,23,randomized,0,2,test,0.051525115966796875,1,1,4,307,64
L2_W64_H4,1,test:d2:t1:prandomized:tree307:i20015,4,2,23,randomized,1,2,test,0.028234481811523438,1,1,4,307,64
L2_W64_H4,1,test:d2:t2:prandomized:tree101:i20002,4,2,23,randomized,0,2,test,-0.16851234436035156,2,0,4,101,64
L2_W64_H4,1,test:d2:t2:prandomized:tree101:i20010,4,2,23,randomized,0,2,test,-0.11504173278808594,2,0,4,101,64
L2_W64_H4,1,test:d2:t2:prandomized:tree211:i20007,4,2,23,randomized,1,2,test,0.09766578674316406,2,1,4,211,64
L2_W64_H4,0,test:d2:t2:prandomized:tree211:i20013,4,2,23,randomized,1,2,test,0.1734294891357422,2,1,4,211,64
L2_W64_H4,0,test:d2:t2:prandomized:tree307:i20000,4,2,23,randomized,0,2,test,-0.06200408935546875,2,0,4,307,64
L2_W64_H4,0,test:d2:t2:prandomized:tree307:i20012,4,2,23,randomized,0,2,test,-0.10552406311035156,2,0,4,307,64
L2_W64_H4,1,test:d2:t3:prandomized:tree101:i20002,4,2,23,randomized,0,2,test,-0.16153526306152344,3,0,4,101,64
L2_W64_H4,1,test:d2:t3:prandomized:tree101:i20010,4,2,23,randomized,0,2,test,-0.10938835144042969,3,0,4,101,64
L2_W64_H4,1,test:d2:t3:prandomized:tree211:i20007,4,2,23,randomized,1,2,test,0.09031295776367188,3,1,4,211,64
L2_W64_H4,0,test:d2:t3:prandomized:tree211:i20013,4,2,23,randomized,1,2,test,0.16485977172851562,3,1,4,211,64
L2_W64_H4,0,test:d2:t3:prandomized:tree307:i20000,4,2,23,randomized,0,2,test,-0.05349540710449219,3,0,4,307,64
L2_W64_H4,0,test:d2:t3:prandomized:tree307:i20012,4,2,23,randomized,0,2,test,-0.09828948974609375,3,0,4,307,64
L2_W64_H4,1,validation:d2:t0:prandomized:tree101:i20002,4,2,23,randomized,0,2,validation,-0.03918266296386719,0,0,4,101,64
L2_W64_H4,1,validation:d2:t0:prandomized:tree101:i20003,4,2,23,randomized,1,2,validation,0.08232307434082031,0,1,4,101,64
L2_W64_H4,0,validation:d2:t0:prandomized:tree101:i20004,4,2,23,randomized,0,2,validation,-0.19464492797851562,0,0,4,101,64
L2_W64_H4,1,validation:d2:t0:prandomized:tree101:i20006,4,2,23,randomized,0,2,validation,-0.17739295959472656,0,0,4,101,64
L2_W64_H4,1,validation:d2:t0:prandomized:tree101:i20007,4,2,23,randomized,1,2,validation,0.008090972900390625,0,1,4,101,64
L2_W64_H4,1,validation:d2:t0:prandomized:tree101:i20011,4,2,23,randomized,1,2,validation,0.164581298828125,0,1,4,101,64
L2_W64_H4,1,validation:d2:t0:prandomized:tree211:i20007,4,2,23,randomized,1,2,validation,0.08069229125976562,0,1,4,211,64
L2_W64_H4,1,validation:d2:t0:prandomized:tree211:i20015,4,2,23,randomized,1,2,validation,0.00208282470703125,0,1,4,211,64
L2_W64_H4,0,validation:d2:t0:prandomized:tree307:i20001,4,2,23,randomized,1,2,validation,-0.0076141357421875,0,0,4,307,64
L2_W64_H4,1,validation:d2:t1:prandomized:tree101:i20002,4,2,23,randomized,0,2,validation,-0.02335357666015625,1,0,4,101,64
L2_W64_H4,1,validation:d2:t1:prandomized:tree101:i20003,4,2,23,randomized,1,2,validation,0.06952476501464844,1,1,4,101,64
L2_W64_H4,0,validation:d2:t1:prandomized:tree101:i20004,4,2,23,randomized,0,2,validation,-0.18624305725097656,1,0,4,101,64
L2_W64_H4,1,validation:d2:t1:prandomized:tree101:i20006,4,2,23,randomized,0,2,validation,-0.16463088989257812,1,0,4,101,64
L2_W64_H4,1,validation:d2:t1:prandomized:tree101:i20007,4,2,23,randomized,1,2,validation,0.00321197509765625,1,1,4,101,64
L2_W64_H4,1,validation:d2:t1:prandomized:tree101:i20011,4,2,23,randomized,1,2,validation,0.14731216430664062,1,1,4,101,64
L2_W64_H4,1,validation:d2:t1:prandomized:tree211:i20007,4,2,23,randomized,1,2,validation,0.06391334533691406,1,1,4,211,64
L2_W64_H4,1,validation:d2:t1:prandomized:tree211:i20015,4,2,23,randomized,1,2,validation,-0.009542465209960938,1,0,4,211,64
L2_W64_H4,0,validation:d2:t1:prandomized:tree307:i20001,4,2,23,randomized,1,2,validation,-0.0159759521484375,1,0,4,307,64
L2_W64_H4,0,validation:d2:t2:prandomized:tree101:i20005,4,2,23,randomized,1,2,validation,0.10431289672851562,2,1,4,101,64
L2_W64_H4,0,validation:d2:t2:prandomized:tree307:i20005,4,2,23,randomized,1,2,validation,0.12174606323242188,2,1,4,307,64
L2_W64_H4,1,validation:d2:t2:prandomized:tree307:i20006,4,2,23,randomized,0,2,validation,-0.11467361450195312,2,0,4,307,64
L2_W64_H4,1,validation:d2:t2:prandomized:tree307:i20010,4,2,23,randomized,0,2,validation,-0.03770637512207031,2,0,4,307,64
L2_W64_H4,0,validation:d2:t3:prandomized:tree101:i20005,4,2,23,randomized,1,2,validation,0.10243415832519531,3,1,4,101,64
L2_W64_H4,0,validation:d2:t3:prandomized:tree307:i20005,4,2,23,randomized,1,2,validation,0.10691642761230469,3,1,4,307,64
L2_W64_H4,1,validation:d2:t3:prandomized:tree307:i20006,4,2,23,randomized,0,2,validation,-0.11245346069335938,3,0,4,307,64
L2_W64_H4,1,validation:d2:t3:prandomized:tree307:i20010,4,2,23,randomized,0,2,validation,-0.022769927978515625,3,0,4,307,64
L2_W64_H4,0,validation:d3:t0:paligned:tree101:i30000,4,2,23,aligned,0,3,validation,-0.0542144775390625,0,0,5,101,64
L2_W64_H4,0,validation:d3:t0:paligned:tree101:i30001,4,2,23,aligned,1,3,validation,0.04757118225097656,0,1,5,101,64
L2_W64_H4,1,validation:d3:t0:paligned:tree101:i30002,4,2,23,aligned,0,3,validation,-0.22549057006835938,0,0,5,101,64
L2_W64_H4,1,validation:d3:t0:paligned:tree101:i30003,4,2,23,aligned,1,3,validation,0.20250892639160156,0,1,5,101,64
L2_W64_H4,0,validation:d3:t0:paligned:tree101:i30004,4,2,23,aligned,0,3,validation,0.048580169677734375,0,1,5,101,64
L2_W64_H4,0,validation:d3:t0:paligned:tree101:i30005,4,2,23,aligned,1,3,validation,0.19860458374023438,0,1,5,101,64
L2_W64_H4,1,validation:d3:t0:paligned:tree101:i30006,4,2,23,aligned,0,3,validation,-0.15325546264648438,0,0,5,101,64
L2_W64_H4,1,validation:d3:t0:paligned:tree101:i30007,4,2,23,aligned,1,3,validation,0.06296157836914062,0,1,5,101,64
L2_W64_H4,0,validation:d3:t0:paligned:tree101:i30008,4,2,23,aligned,0,3,validation,-0.11778640747070312,0,0,5,101,64
L2_W64_H4,0,validation:d3:t0:paligned:tree101:i30009,4,2,23,aligned,1,3,validation,0.027500152587890625,0,1,5,101,64
L2_W64_H4,1,validation:d3:t0:paligned:tree101:i30010,4,2,23,aligned,0,3,validation,0.04577445983886719,0,1,5,101,64
L2_W64_H4,1,validation:d3:t0:paligned:tree101:i30011,4,2,23,aligned,1,3,validation,0.04927253723144531,0,1,5,101,64
L2_W64_H4,0,validation:d3:t0:paligned:tree101:i30012,4,2,23,aligned,0,3,validation,-0.195526123046875,0,0,5,101,64
L2_W64_H4,0,validation:d3:t0:paligned:tree101:i30013,4,2,23,aligned,1,3,validation,0.054050445556640625,0,1,5,101,64
L2_W64_H4,1,validation:d3:t0:paligned:tree101:i30014,4,2,23,aligned,0,3,validation,0.06808662414550781,0,1,5,101,64
L2_W64_H4,1,validation:d3:t0:paligned:tree101:i30015,4,2,23,aligned,1,3,validation,0.13593673706054688,0,1,5,101,64
L2_W64_H4,0,validation:d3:t0:paligned:tree211:i30000,4,2,23,aligned,0,3,validation,-0.06888771057128906,0,0,5,211,64
L2_W64_H4,0,validation:d3:t0:paligned:tree211:i30001,4,2,23,aligned,1,3,validation,-0.009191513061523438,0,0,5,211,64
L2_W64_H4,1,validation:d3:t0:paligned:tree211:i30002,4,2,23,aligned,0,3,validation,-0.2011394500732422,0,0,5,211,64
L2_W64_H4,1,validation:d3:t0:paligned:tree211:i30003,4,2,23,aligned,1,3,validation,0.14018821716308594,0,1,5,211,64
L2_W64_H4,0,validation:d3:t0:paligned:tree211:i30004,4,2,23,aligned,0,3,validation,0.036041259765625,0,1,5,211,64
L2_W64_H4,0,validation:d3:t0:paligned:tree211:i30005,4,2,23,aligned,1,3,validation,0.1104583740234375,0,1,5,211,64
L2_W64_H4,1,validation:d3:t0:paligned:tree211:i30006,4,2,23,aligned,0,3,validation,-0.038745880126953125,0,0,5,211,64
L2_W64_H4,1,validation:d3:t0:paligned:tree211:i30007,4,2,23,aligned,1,3,validation,0.07082366943359375,0,1,5,211,64
L2_W64_H4,0,validation:d3:t0:paligned:tree211:i30008,4,2,23,aligned,0,3,validation,-0.1860942840576172,0,0,5,211,64
L2_W64_H4,0,validation:d3:t0:paligned:tree211:i30009,4,2,23,aligned,1,3,validation,-0.07958412170410156,0,0,5,211,64
L2_W64_H4,1,validation:d3:t0:paligned:tree211:i30010,4,2,23,aligned,0,3,validation,-0.04916572570800781,0,0,5,211,64
L2_W64_H4,1,validation:d3:t0:paligned:tree211:i30011,4,2,23,aligned,1,3,validation,0.07611846923828125,0,1,5,211,64
L2_W64_H4,0,validation:d3:t0:paligned:tree211:i30012,4,2,23,aligned,0,3,validation,0.03195762634277344,0,1,5,211,64
L2_W64_H4,0,validation:d3:t0:paligned:tree211:i30013,4,2,23,aligned,1,3,validation,0.19506263732910156,0,1,5,211,64
L2_W64_H4,1,validation:d3:t0:paligned:tree211:i30014,4,2,23,aligned,0,3,validation,0.0044193267822265625,0,1,5,211,64
L2_W64_H4,1,validation:d3:t0:paligned:tree211:i30015,4,2,23,aligned,1,3,validation,0.16187477111816406,0,1,5,211,64
L2_W64_H4,0,validation:d3:t0:paligned:tree307:i30000,4,2,23,aligned,0,3,validation,-0.09813690185546875,0,0,5,307,64
L2_W64_H4,0,validation:d3:t0:paligned:tree307:i30001,4,2,23,aligned,1,3,validation,0.1417827606201172,0,1,5,307,64
L2_W64_H4,1,validation:d3:t0:paligned:tree307:i30002,4,2,23,aligned,0,3,validation,-0.070831298828125,0,0,5,307,64
L2_W64_H4,1,validation:d3:t0:paligned:tree307:i30003,4,2,23,aligned,1,3,validation,0.030303955078125,0,1,5,307,64
L2_W64_H4,0,validation:d3:t0:paligned:tree307:i30004,4,2,23,aligned,0,3,validation,-0.2136974334716797,0,0,5,307,64
L2_W64_H4,0,validation:d3:t0:paligned:tree307:i30005,4,2,23,aligned,1,3,validation,0.0047588348388671875,0,1,5,307,64
L2_W64_H4,1,validation:d3:t0:paligned:tree307:i30006,4,2,23,aligned,0,3,validation,0.008396148681640625,0,1,5,307,64
L2_W64_H4,1,validation:d3:t0:paligned:tree307:i30007,4,2,23,aligned,1,3,validation,0.0346527099609375,0,1,5,307,64
L2_W64_H4,0,validation:d3:t0:paligned:tree307:i30008,4,2,23,aligned,0,3,validation,0.06131935119628906,0,1,5,307,64
L2_W64_H4,0,validation:d3:t0:paligned:tree307:i30009,4,2,23,aligned,1,3,validation,0.05579566955566406,0,1,5,307,64
L2_W64_H4,1,validation:d3:t0:paligned:tree307:i30010,4,2,23,aligned,0,3,validation,-0.020338058471679688,0,0,5,307,64
L2_W64_H4,1,validation:d3:t0:paligned:tree307:i30011,4,2,23,aligned,1,3,validation,0.24893951416015625,0,1,5,307,64
L2_W64_H4,0,validation:d3:t0:paligned:tree307:i30012,4,2,23,aligned,0,3,validation,-0.16800308227539062,0,0,5,307,64
L2_W64_H4,0,validation:d3:t0:paligned:tree307:i30013,4,2,23,aligned,1,3,validation,0.2766227722167969,0,1,5,307,64
L2_W64_H4,1,validation:d3:t0:paligned:tree307:i30014,4,2,23,aligned,0,3,validation,-0.16176414489746094,0,0,5,307,64
L2_W64_H4,1,validation:d3:t0:paligned:tree307:i30015,4,2,23,aligned,1,3,validation,0.12978744506835938,0,1,5,307,64
L2_W64_H4,1,validation:d3:t0:prandomized:tree101:i30003,4,2,23,randomized,1,3,validation,0.20250892639160156,0,1,5,101,64
L2_W64_H4,1,validation:d3:t0:prandomized:tree101:i30015,4,2,23,randomized,1,3,validation,0.13593673706054688,0,1,5,101,64
L2_W64_H4,1,validation:d3:t0:prandomized:tree211:i30003,4,2,23,randomized,1,3,validation,0.14018821716308594,0,1,5,211,64
L2_W64_H4,0,validation:d3:t0:prandomized:tree307:i30001,4,2,23,randomized,1,3,validation,0.1417827606201172,0,1,5,307,64
L2_W64_H4,0,validation:d3:t0:prandomized:tree307:i30008,4,2,23,randomized,0,3,validation,0.06131935119628906,0,1,5,307,64
L2_W64_H4,0,validation:d3:t1:paligned:tree101:i30000,4,2,23,aligned,0,3,validation,-0.06957435607910156,1,0,5,101,64
L2_W64_H4,0,validation:d3:t1:paligned:tree101:i30001,4,2,23,aligned,1,3,validation,0.07365989685058594,1,1,5,101,64
L2_W64_H4,1,validation:d3:t1:paligned:tree101:i30002,4,2,23,aligned,0,3,validation,-0.25174903869628906,1,0,5,101,64
L2_W64_H4,1,validation:d3:t1:paligned:tree101:i30003,4,2,23,aligned,1,3,validation,0.2232818603515625,1,1,5,101,64
L2_W64_H4,0,validation:d3:t1:paligned:tree101:i30004,4,2,23,aligned,0,3,validation,0.021236419677734375,1,1,5,101,64
L2_W64_H4,0,validation:d3:t1:paligned:tree101:i30005,4,2,23,aligned,1,3,validation,0.22267723083496094,1,1,5,101,64
L2_W64_H4,1,validation:d3:t1:paligned:tree101:i30006,4,2,23,aligned,0,3,validation,-0.1586933135986328,1,0,5,101,64
L2_W64_H4,1,validation:d3:t1:paligned:tree101:i30007,4,2,23,aligned,1,3,validation,0.07913780212402344,1,1,5,101,64
L2_W64_H4,0,validation:d3:t1:paligned:tree101:i30008,4,2,23,aligned,0,3,validation,-0.1442699432373047,1,0,5,101,64
L2_W64_H4,0,validation:d3:t1:paligned:tree101:i30009,4,2,23,aligned,1,3,validation,0.04004478454589844,1,1,5,101,64
L2_W64_H4,1,validation:d3:t1:paligned:tree101:i30010,4,2,23,aligned,0,3,validation,0.018712997436523438,1,1,5,101,64
L2_W64_H4,1,validation:d3:t1:paligned:tree101:i30011,4,2,23,aligned,1,3,validation,0.071380615234375,1,1,5,101,64
L2_W64_H4,0,validation:d3:t1:paligned:tree101:i30012,4,2,23,aligned,0,3,validation,-0.21065902709960938,1,0,5,101,64
L2_W64_H4,0,validation:d3:t1:paligned:tree101:i30013,4,2,23,aligned,1,3,validation,0.08579826354980469,1,1,5,101,64
L2_W64_H4,1,validation:d3:t1:paligned:tree101:i30014,4,2,23,aligned,0,3,validation,0.056972503662109375,1,1,5,101,64
L2_W64_H4,1,validation:d3:t1:paligned:tree101:i30015,4,2,23,aligned,1,3,validation,0.15862274169921875,1,1,5,101,64
L2_W64_H4,0,validation:d3:t1:paligned:tree211:i30000,4,2,23,aligned,0,3,validation,-0.08483123779296875,1,0,5,211,64
L2_W64_H4,0,validation:d3:t1:paligned:tree211:i30001,4,2,23,aligned,1,3,validation,0.015596389770507812,1,1,5,211,64
L2_W64_H4,1,validation:d3:t1:paligned:tree211:i30002,4,2,23,aligned,0,3,validation,-0.22742843627929688,1,0,5,211,64
L2_W64_H4,1,validation:d3:t1:paligned:tree211:i30003,4,2,23,aligned,1,3,validation,0.16220474243164062,1,1,5,211,64
L2_W64_H4,0,validation:d3:t1:paligned:tree211:i30004,4,2,23,aligned,0,3,validation,0.0075168609619140625,1,1,5,211,64
L2_W64_H4,0,validation:d3:t1:paligned:tree211:i30005,4,2,23,aligned,1,3,validation,0.13606643676757812,1,1,5,211,64
L2_W64_H4,1,validation:d3:t1:paligned:tree211:i30006,4,2,23,aligned,0,3,validation,-0.07503700256347656,1,0,5,211,64
L2_W64_H4,1,validation:d3:t1:paligned:tree211:i30007,4,2,23,aligned,1,3,validation,0.09461402893066406,1,1,5,211,64
L2_W64_H4,0,validation:d3:t1:paligned:tree211:i30008,4,2,23,aligned,0,3,validation,-0.18607521057128906,1,0,5,211,64
L2_W64_H4,0,validation:d3:t1:paligned:tree211:i30009,4,2,23,aligned,1,3,validation,-0.06645584106445312,1,0,5,211,64
L2_W64_H4,1,validation:d3:t1:paligned:tree211:i30010,4,2,23,aligned,0,3,validation,-0.07777976989746094,1,0,5,211,64
L2_W64_H4,1,validation:d3:t1:paligned:tree211:i30011,4,2,23,aligned,1,3,validation,0.10999107360839844,1,1,5,211,64
L2_W64_H4,0,validation:d3:t1:paligned:tree211:i30012,4,2,23,aligned,0,3,validation,0.008779525756835938,1,1,5,211,64
L2_W64_H4,0,validation:d3:t1:paligned:tree211:i30013,4,2,23,aligned,1,3,validation,0.2208843231201172,1,1,5,211,64
L2_W64_H4,1,validation:d3:t1:paligned:tree211:i30014,4,2,23,aligned,0,3,validation,0.00858306884765625,1,1,5,211,64
L2_W64_H4,1,validation:d3:t1:paligned:tree211:i30015,4,2,23,aligned,1,3,validation,0.19491958618164062,1,1,5,211,64
L2_W64_H4,0,validation:d3:t1:paligned:tree307:i30000,4,2,23,aligned,0,3,validation,-0.12134552001953125,1,0,5,307,64
L2_W64_H4,0,validation:d3:t1:paligned:tree307:i30001,4,2,23,aligned,1,3,validation,0.16620254516601562,1,1,5,307,64
L2_W64_H4,1,validation:d3:t1:paligned:tree307:i30002,4,2,23,aligned,0,3,validation,-0.10722541809082031,1,0,5,307,64
L2_W64_H4,1,validation:d3:t1:paligned:tree307:i30003,4,2,23,aligned,1,3,validation,0.049350738525390625,1,1,5,307,64
L2_W64_H4,0,validation:d3:t1:paligned:tree307:i30004,4,2,23,aligned,0,3,validation,-0.22314453125,1,0,5,307,64
L2_W64_H4,0,validation:d3:t1:paligned:tree307:i30005,4,2,23,aligned,1,3,validation,0.023027420043945312,1,1,5,307,64
L2_W64_H4,1,validation:d3:t1:paligned:tree307:i30006,4,2,23,aligned,0,3,validation,-0.024547576904296875,1,0,5,307,64
L2_W64_H4,1,validation:d3:t1:paligned:tree307:i30007,4,2,23,aligned,1,3,validation,0.06575393676757812,1,1,5,307,64
L2_W64_H4,0,validation:d3:t1:paligned:tree307:i30008,4,2,23,aligned,0,3,validation,0.04569816589355469,1,1,5,307,64
L2_W64_H4,0,validation:d3:t1:paligned:tree307:i30009,4,2,23,aligned,1,3,validation,0.08509254455566406,1,1,5,307,64
L2_W64_H4,1,validation:d3:t1:paligned:tree307:i30010,4,2,23,aligned,0,3,validation,-0.0466766357421875,1,0,5,307,64
L2_W64_H4,1,validation:d3:t1:paligned:tree307:i30011,4,2,23,aligned,1,3,validation,0.2735881805419922,1,1,5,307,64
L2_W64_H4,0,validation:d3:t1:paligned:tree307:i30012,4,2,23,aligned,0,3,validation,-0.18581390380859375,1,0,5,307,64
L2_W64_H4,0,validation:d3:t1:paligned:tree307:i30013,4,2,23,aligned,1,3,validation,0.2832145690917969,1,1,5,307,64
L2_W64_H4,1,validation:d3:t1:paligned:tree307:i30014,4,2,23,aligned,0,3,validation,-0.16795921325683594,1,0,5,307,64
L2_W64_H4,1,validation:d3:t1:paligned:tree307:i30015,4,2,23,aligned,1,3,validation,0.15438461303710938,1,1,5,307,64
L2_W64_H4,1,validation:d3:t1:prandomized:tree101:i30003,4,2,23,randomized,1,3,validation,0.2232799530029297,1,1,5,101,64
L2_W64_H4,1,validation:d3:t1:prandomized:tree101:i30015,4,2,23,randomized,1,3,validation,0.15862274169921875,1,1,5,101,64
L2_W64_H4,1,validation:d3:t1:prandomized:tree211:i30003,4,2,23,randomized,1,3,validation,0.16220474243164062,1,1,5,211,64
L2_W64_H4,0,validation:d3:t1:prandomized:tree307:i30001,4,2,23,randomized,1,3,validation,0.16620254516601562,1,1,5,307,64
L2_W64_H4,0,validation:d3:t1:prandomized:tree307:i30008,4,2,23,randomized,0,3,validation,0.04569816589355469,1,1,5,307,64
L2_W64_H4,0,validation:d3:t2:paligned:tree101:i30000,4,2,23,aligned,0,3,validation,-0.056182861328125,2,0,5,101,64
L2_W64_H4,0,validation:d3:t2:paligned:tree101:i30001,4,2,23,aligned,1,3,validation,0.045787811279296875,2,1,5,101,64
L2_W64_H4,1,validation:d3:t2:paligned:tree101:i30002,4,2,23,aligned,0,3,validation,-0.2413616180419922,2,0,5,101,64
L2_W64_H4,1,validation:d3:t2:paligned:tree101:i30003,4,2,23,aligned,1,3,validation,0.20016098022460938,2,1,5,101,64
L2_W64_H4,0,validation:d3:t2:paligned:tree101:i30004,4,2,23,aligned,0,3,validation,0.04987907409667969,2,1,5,101,64
L2_W64_H4,0,validation:d3:t2:paligned:tree101:i30005,4,2,23,aligned,1,3,validation,0.19518089294433594,2,1,5,101,64
L2_W64_H4,1,validation:d3:t2:paligned:tree101:i30006,4,2,23,aligned,0,3,validation,-0.1453857421875,2,0,5,101,64
L2_W64_H4,1,validation:d3:t2:paligned:tree101:i30007,4,2,23,aligned,1,3,validation,0.0634613037109375,2,1,5,101,64
L2_W64_H4,0,validation:d3:t2:paligned:tree101:i30008,4,2,23,aligned,0,3,validation,-0.11295318603515625,2,0,5,101,64
L2_W64_H4,0,validation:d3:t2:paligned:tree101:i30009,4,2,23,aligned,1,3,validation,0.03348731994628906,2,1,5,101,64
L2_W64_H4,1,validation:d3:t2:paligned:tree101:i30010,4,2,23,aligned,0,3,validation,0.03864288330078125,2,1,5,101,64
L2_W64_H4,1,validation:d3:t2:paligned:tree101:i30011,4,2,23,aligned,1,3,validation,0.04104042053222656,2,1,5,101,64
L2_W64_H4,0,validation:d3:t2:paligned:tree101:i30012,4,2,23,aligned,0,3,validation,-0.1889495849609375,2,0,5,101,64
L2_W64_H4,0,validation:d3:t2:paligned:tree101:i30013,4,2,23,aligned,1,3,validation,0.05334663391113281,2,1,5,101,64
L2_W64_H4,1,validation:d3:t2:paligned:tree101:i30014,4,2,23,aligned,0,3,validation,0.06678009033203125,2,1,5,101,64
L2_W64_H4,1,validation:d3:t2:paligned:tree101:i30015,4,2,23,aligned,1,3,validation,0.13911819458007812,2,1,5,101,64
L2_W64_H4,0,validation:d3:t2:paligned:tree211:i30000,4,2,23,aligned,0,3,validation,-0.06509780883789062,2,0,5,211,64
L2_W64_H4,0,validation:d3:t2:paligned:tree211:i30001,4,2,23,aligned,1,3,validation,-0.013666152954101562,2,0,5,211,64
L2_W64_H4,1,validation:d3:t2:paligned:tree211:i30002,4,2,23,aligned,0,3,validation,-0.20495223999023438,2,0,5,211,64
L2_W64_H4,1,validation:d3:t2:paligned:tree211:i30003,4,2,23,aligned,1,3,validation,0.14147186279296875,2,1,5,211,64
L2_W64_H4,0,validation:d3:t2:paligned:tree211:i30004,4,2,23,aligned,0,3,validation,0.012441635131835938,2,1,5,211,64
L2_W64_H4,0,validation:d3:t2:paligned:tree211:i30005,4,2,23,aligned,1,3,validation,0.11024093627929688,2,1,5,211,64
L2_W64_H4,1,validation:d3:t2:paligned:tree211:i30006,4,2,23,aligned,0,3,validation,-0.03569984436035156,2,0,5,211,64
L2_W64_H4,1,validation:d3:t2:paligned:tree211:i30007,4,2,23,aligned,1,3,validation,0.06644248962402344,2,1,5,211,64
L2_W64_H4,0,validation:d3:t2:paligned:tree211:i30008,4,2,23,aligned,0,3,validation,-0.17174339294433594,2,0,5,211,64
L2_W64_H4,0,validation:d3:t2:paligned:tree211:i30009,4,2,23,aligned,1,3,validation,-0.0758209228515625,2,0,5,211,64
L2_W64_H4,1,validation:d3:t2:paligned:tree211:i30010,4,2,23,aligned,0,3,validation,-0.04734992980957031,2,0,5,211,64
L2_W64_H4,1,validation:d3:t2:paligned:tree211:i30011,4,2,23,aligned,1,3,validation,0.07968902587890625,2,1,5,211,64
L2_W64_H4,0,validation:d3:t2:paligned:tree211:i30012,4,2,23,aligned,0,3,validation,0.026910781860351562,2,1,5,211,64
L2_W64_H4,0,validation:d3:t2:paligned:tree211:i30013,4,2,23,aligned,1,3,validation,0.19951438903808594,2,1,5,211,64
L2_W64_H4,1,validation:d3:t2:paligned:tree211:i30014,4,2,23,aligned,0,3,validation,-0.005199432373046875,2,0,5,211,64
L2_W64_H4,1,validation:d3:t2:paligned:tree211:i30015,4,2,23,aligned,1,3,validation,0.1620025634765625,2,1,5,211,64
L2_W64_H4,0,validation:d3:t2:paligned:tree307:i30000,4,2,23,aligned,0,3,validation,-0.09606170654296875,2,0,5,307,64
L2_W64_H4,0,validation:d3:t2:paligned:tree307:i30001,4,2,23,aligned,1,3,validation,0.14384841918945312,2,1,5,307,64
L2_W64_H4,1,validation:d3:t2:paligned:tree307:i30002,4,2,23,aligned,0,3,validation,-0.07445907592773438,2,0,5,307,64
L2_W64_H4,1,validation:d3:t2:paligned:tree307:i30003,4,2,23,aligned,1,3,validation,0.0297088623046875,2,1,5,307,64
L2_W64_H4,0,validation:d3:t2:paligned:tree307:i30004,4,2,23,aligned,0,3,validation,-0.20735549926757812,2,0,5,307,64
L2_W64_H4,0,validation:d3:t2:paligned:tree307:i30005,4,2,23,aligned,1,3,validation,0.013254165649414062,2,1,5,307,64
L2_W64_H4,1,validation:d3:t2:paligned:tree307:i30006,4,2,23,aligned,0,3,validation,0.0072307586669921875,2,1,5,307,64
L2_W64_H4,1,validation:d3:t2:paligned:tree307:i30007,4,2,23,aligned,1,3,validation,0.03530120849609375,2,1,5,307,64
L2_W64_H4,0,validation:d3:t2:paligned:tree307:i30008,4,2,23,aligned,0,3,validation,0.05759429931640625,2,1,5,307,64
L2_W64_H4,0,validation:d3:t2:paligned:tree307:i30009,4,2,23,aligned,1,3,validation,0.0497283935546875,2,1,5,307,64
L2_W64_H4,1,validation:d3:t2:paligned:tree307:i30010,4,2,23,aligned,0,3,validation,-0.019708633422851562,2,0,5,307,64
L2_W64_H4,1,validation:d3:t2:paligned:tree307:i30011,4,2,23,aligned,1,3,validation,0.24060630798339844,2,1,5,307,64
L2_W64_H4,0,validation:d3:t2:paligned:tree307:i30012,4,2,23,aligned,0,3,validation,-0.15985488891601562,2,0,5,307,64
L2_W64_H4,0,validation:d3:t2:paligned:tree307:i30013,4,2,23,aligned,1,3,validation,0.26981353759765625,2,1,5,307,64
L2_W64_H4,1,validation:d3:t2:paligned:tree307:i30014,4,2,23,aligned,0,3,validation,-0.15793609619140625,2,0,5,307,64
L2_W64_H4,1,validation:d3:t2:paligned:tree307:i30015,4,2,23,aligned,1,3,validation,0.13912582397460938,2,1,5,307,64
L2_W64_H4,1,validation:d3:t2:prandomized:tree101:i30003,4,2,23,randomized,1,3,validation,0.20016098022460938,2,1,5,101,64
L2_W64_H4,0,validation:d3:t2:prandomized:tree307:i30001,4,2,23,randomized,1,3,validation,0.14384841918945312,2,1,5,307,64
L2_W64_H4,0,validation:d3:t3:paligned:tree101:i30000,4,2,23,aligned,0,3,validation,-0.05632972717285156,3,0,5,101,64
L2_W64_H4,0,validation:d3:t3:paligned:tree101:i30001,4,2,23,aligned,1,3,validation,0.05828094482421875,3,1,5,101,64
L2_W64_H4,1,validation:d3:t3:paligned:tree101:i30002,4,2,23,aligned,0,3,validation,-0.24173355102539062,3,0,5,101,64
L2_W64_H4,1,validation:d3:t3:paligned:tree101:i30003,4,2,23,aligned,1,3,validation,0.20937156677246094,3,1,5,101,64
L2_W64_H4,0,validation:d3:t3:paligned:tree101:i30004,4,2,23,aligned,0,3,validation,0.04639244079589844,3,1,5,101,64
L2_W64_H4,0,validation:d3:t3:paligned:tree101:i30005,4,2,23,aligned,1,3,validation,0.20750045776367188,3,1,5,101,64
L2_W64_H4,1,validation:d3:t3:paligned:tree101:i30006,4,2,23,aligned,0,3,validation,-0.14298057556152344,3,0,5,101,64
L2_W64_H4,1,validation:d3:t3:paligned:tree101:i30007,4,2,23,aligned,1,3,validation,0.07550811767578125,3,1,5,101,64
L2_W64_H4,0,validation:d3:t3:paligned:tree101:i30008,4,2,23,aligned,0,3,validation,-0.13300704956054688,3,0,5,101,64
L2_W64_H4,0,validation:d3:t3:paligned:tree101:i30009,4,2,23,aligned,1,3,validation,0.025983810424804688,3,1,5,101,64
L2_W64_H4,1,validation:d3:t3:paligned:tree101:i30010,4,2,23,aligned,0,3,validation,0.040287017822265625,3,1,5,101,64
L2_W64_H4,1,validation:d3:t3:paligned:tree101:i30011,4,2,23,aligned,1,3,validation,0.05155181884765625,3,1,5,101,64
L2_W64_H4,0,validation:d3:t3:paligned:tree101:i30012,4,2,23,aligned,0,3,validation,-0.20286178588867188,3,0,5,101,64
L2_W64_H4,0,validation:d3:t3:paligned:tree101:i30013,4,2,23,aligned,1,3,validation,0.06592178344726562,3,1,5,101,64
L2_W64_H4,1,validation:d3:t3:paligned:tree101:i30014,4,2,23,aligned,0,3,validation,0.07811927795410156,3,1,5,101,64
L2_W64_H4,1,validation:d3:t3:paligned:tree101:i30015,4,2,23,aligned,1,3,validation,0.14873886108398438,3,1,5,101,64
L2_W64_H4,0,validation:d3:t3:paligned:tree211:i30000,4,2,23,aligned,0,3,validation,-0.06913375854492188,3,0,5,211,64
L2_W64_H4,0,validation:d3:t3:paligned:tree211:i30001,4,2,23,aligned,1,3,validation,0.0002593994140625,3,1,5,211,64
L2_W64_H4,1,validation:d3:t3:paligned:tree211:i30002,4,2,23,aligned,0,3,validation,-0.21223068237304688,3,0,5,211,64
L2_W64_H4,1,validation:d3:t3:paligned:tree211:i30003,4,2,23,aligned,1,3,validation,0.15062904357910156,3,1,5,211,64
L2_W64_H4,0,validation:d3:t3:paligned:tree211:i30004,4,2,23,aligned,0,3,validation,0.028900146484375,3,1,5,211,64
L2_W64_H4,0,validation:d3:t3:paligned:tree211:i30005,4,2,23,aligned,1,3,validation,0.1205902099609375,3,1,5,211,64
L2_W64_H4,1,validation:d3:t3:paligned:tree211:i30006,4,2,23,aligned,0,3,validation,-0.05428886413574219,3,0,5,211,64
L2_W64_H4,1,validation:d3:t3:paligned:tree211:i30007,4,2,23,aligned,1,3,validation,0.07763099670410156,3,1,5,211,64
L2_W64_H4,0,validation:d3:t3:paligned:tree211:i30008,4,2,23,aligned,0,3,validation,-0.1723194122314453,3,0,5,211,64
L2_W64_H4,0,validation:d3:t3:paligned:tree211:i30009,4,2,23,aligned,1,3,validation,-0.090087890625,3,0,5,211,64
L2_W64_H4,1,validation:d3:t3:paligned:tree211:i30010,4,2,23,aligned,0,3,validation,-0.05431365966796875,3,0,5,211,64
L2_W64_H4,1,validation:d3:t3:paligned:tree211:i30011,4,2,23,aligned,1,3,validation,0.07954788208007812,3,1,5,211,64
L2_W64_H4,0,validation:d3:t3:paligned:tree211:i30012,4,2,23,aligned,0,3,validation,0.025844573974609375,3,1,5,211,64
L2_W64_H4,0,validation:d3:t3:paligned:tree211:i30013,4,2,23,aligned,1,3,validation,0.21252822875976562,3,1,5,211,64
L2_W64_H4,1,validation:d3:t3:paligned:tree211:i30014,4,2,23,aligned,0,3,validation,0.02382659912109375,3,1,5,211,64
L2_W64_H4,1,validation:d3:t3:paligned:tree211:i30015,4,2,23,aligned,1,3,validation,0.18550872802734375,3,1,5,211,64
L2_W64_H4,0,validation:d3:t3:paligned:tree307:i30000,4,2,23,aligned,0,3,validation,-0.1049957275390625,3,0,5,307,64
L2_W64_H4,0,validation:d3:t3:paligned:tree307:i30001,4,2,23,aligned,1,3,validation,0.1487712860107422,3,1,5,307,64
L2_W64_H4,1,validation:d3:t3:paligned:tree307:i30002,4,2,23,aligned,0,3,validation,-0.08857917785644531,3,0,5,307,64
L2_W64_H4,1,validation:d3:t3:paligned:tree307:i30003,4,2,23,aligned,1,3,validation,0.02878570556640625,3,1,5,307,64
L2_W64_H4,0,validation:d3:t3:paligned:tree307:i30004,4,2,23,aligned,0,3,validation,-0.21492767333984375,3,0,5,307,64
L2_W64_H4,0,validation:d3:t3:paligned:tree307:i30005,4,2,23,aligned,1,3,validation,0.00803375244140625,3,1,5,307,64
L2_W64_H4,1,validation:d3:t3:paligned:tree307:i30006,4,2,23,aligned,0,3,validation,-0.004634857177734375,3,0,5,307,64
L2_W64_H4,1,validation:d3:t3:paligned:tree307:i30007,4,2,23,aligned,1,3,validation,0.04585456848144531,3,1,5,307,64
L2_W64_H4,0,validation:d3:t3:paligned:tree307:i30008,4,2,23,aligned,0,3,validation,0.06920623779296875,3,1,5,307,64
L2_W64_H4,0,validation:d3:t3:paligned:tree307:i30009,4,2,23,aligned,1,3,validation,0.06214332580566406,3,1,5,307,64
L2_W64_H4,1,validation:d3:t3:paligned:tree307:i30010,4,2,23,aligned,0,3,validation,-0.03447914123535156,3,0,5,307,64
L2_W64_H4,1,validation:d3:t3:paligned:tree307:i30011,4,2,23,aligned,1,3,validation,0.2533702850341797,3,1,5,307,64
L2_W64_H4,0,validation:d3:t3:paligned:tree307:i30012,4,2,23,aligned,0,3,validation,-0.17388916015625,3,0,5,307,64
L2_W64_H4,0,validation:d3:t3:paligned:tree307:i30013,4,2,23,aligned,1,3,validation,0.2862701416015625,3,1,5,307,64
L2_W64_H4,1,validation:d3:t3:paligned:tree307:i30014,4,2,23,aligned,0,3,validation,-0.1541614532470703,3,0,5,307,64
L2_W64_H4,1,validation:d3:t3:paligned:tree307:i30015,4,2,23,aligned,1,3,validation,0.1375751495361328,3,1,5,307,64
L2_W64_H4,1,validation:d3:t3:prandomized:tree101:i30003,4,2,23,randomized,1,3,validation,0.20937156677246094,3,1,5,101,64
L2_W64_H4,0,validation:d3:t3:prandomized:tree307:i30001,4,2,23,randomized,1,3,validation,0.1487712860107422,3,1,5,307,64
L2_W64_H4,1,test:d2:t0:prandomized:tree101:i20002,4,2,23,randomized,0,2,test,-0.18082237243652344,0,0,4,101,64
L2_W64_H4,1,test:d2:t0:prandomized:tree101:i20003,4,2,23,randomized,1,2,test,0.14370346069335938,0,1,4,101,64
L2_W64_H4,0,test:d2:t0:prandomized:tree101:i20004,4,2,23,randomized,0,2,test,-0.15451431274414062,0,0,4,101,64
L2_W64_H4,1,test:d2:t0:prandomized:tree101:i20006,4,2,23,randomized,0,2,test,-0.011510848999023438,0,0,4,101,64
L2_W64_H4,1,test:d2:t0:prandomized:tree101:i20007,4,2,23,randomized,1,2,test,0.1264972686767578,0,1,4,101,64
L2_W64_H4,1,test:d2:t0:prandomized:tree101:i20011,4,2,23,randomized,1,2,test,0.034122467041015625,0,1,4,101,64
L2_W64_H4,1,test:d2:t0:prandomized:tree211:i20007,4,2,23,randomized,1,2,test,0.11017799377441406,0,1,4,211,64
L2_W64_H4,1,test:d2:t0:prandomized:tree211:i20015,4,2,23,randomized,1,2,test,0.10955810546875,0,1,4,211,64
L2_W64_H4,0,test:d2:t0:prandomized:tree307:i20001,4,2,23,randomized,1,2,test,0.20012474060058594,0,1,4,307,64
L2_W64_H4,1,test:d2:t1:prandomized:tree101:i20002,4,2,23,randomized,0,2,test,-0.16774749755859375,1,0,4,101,64
L2_W64_H4,1,test:d2:t1:prandomized:tree101:i20003,4,2,23,randomized,1,2,test,0.14199066162109375,1,1,4,101,64
L2_W64_H4,0,test:d2:t1:prandomized:tree101:i20004,4,2,23,randomized,0,2,test,-0.13531494140625,1,0,4,101,64
L2_W64_H4,1,test:d2:t1:prandomized:tree101:i20006,4,2,23,randomized,0,2,test,-0.013193130493164062,1,0,4,101,64
L2_W64_H4,1,test:d2:t1:prandomized:tree101:i20007,4,2,23,randomized,1,2,test,0.11015892028808594,1,1,4,101,64
L2_W64_H4,1,test:d2:t1:prandomized:tree101:i20011,4,2,23,randomized,1,2,test,0.024209976196289062,1,1,4,101,64
L2_W64_H4,1,test:d2:t1:prandomized:tree211:i20007,4,2,23,randomized,1,2,test,0.09803009033203125,1,1,4,211,64
L2_W64_H4,1,test:d2:t1:prandomized:tree211:i20015,4,2,23,randomized,1,2,test,0.10149955749511719,1,1,4,211,64
L2_W64_H4,0,test:d2:t1:prandomized:tree307:i20001,4,2,23,randomized,1,2,test,0.196197509765625,1,1,4,307,64
L2_W64_H4,0,test:d2:t2:prandomized:tree101:i20005,4,2,23,randomized,1,2,test,0.09396934509277344,2,1,4,101,64
L2_W64_H4,0,test:d2:t2:prandomized:tree307:i20005,4,2,23,randomized,1,2,test,0.04021644592285156,2,1,4,307,64
L2_W64_H4,1,test:d2:t2:prandomized:tree307:i20006,4,2,23,randomized,0,2,test,0.031225204467773438,2,1,4,307,64
L2_W64_H4,1,test:d2:t2:prandomized:tree307:i20010,4,2,23,randomized,0,2,test,-0.1394672393798828,2,0,4,307,64
L2_W64_H4,0,test:d2:t3:prandomized:tree101:i20005,4,2,23,randomized,1,2,test,0.08855438232421875,3,1,4,101,64
L2_W64_H4,0,test:d2:t3:prandomized:tree307:i20005,4,2,23,randomized,1,2,test,0.027034759521484375,3,1,4,307,64
L2_W64_H4,1,test:d2:t3:prandomized:tree307:i20006,4,2,23,randomized,0,2,test,0.043426513671875,3,1,4,307,64
L2_W64_H4,1,test:d2:t3:prandomized:tree307:i20010,4,2,23,randomized,0,2,test,-0.128509521484375,3,0,4,307,64
L2_W64_H4,0,test:d3:t0:paligned:tree101:i30000,4,2,23,aligned,0,3,test,0.06099128723144531,0,1,5,101,64
L2_W64_H4,0,test:d3:t0:paligned:tree101:i30001,4,2,23,aligned,1,3,test,0.09429740905761719,0,1,5,101,64
L2_W64_H4,1,test:d3:t0:paligned:tree101:i30002,4,2,23,aligned,0,3,test,0.023794174194335938,0,1,5,101,64
L2_W64_H4,1,test:d3:t0:paligned:tree101:i30003,4,2,23,aligned,1,3,test,0.011445999145507812,0,1,5,101,64
L2_W64_H4,0,test:d3:t0:paligned:tree101:i30004,4,2,23,aligned,0,3,test,-0.16611099243164062,0,0,5,101,64
L2_W64_H4,0,test:d3:t0:paligned:tree101:i30005,4,2,23,aligned,1,3,test,0.2994804382324219,0,1,5,101,64
L2_W64_H4,1,test:d3:t0:paligned:tree101:i30006,4,2,23,aligned,0,3,test,0.0750579833984375,0,1,5,101,64
L2_W64_H4,1,test:d3:t0:paligned:tree101:i30007,4,2,23,aligned,1,3,test,-0.04977226257324219,0,0,5,101,64
L2_W64_H4,0,test:d3:t0:paligned:tree101:i30008,4,2,23,aligned,0,3,test,-0.16825294494628906,0,0,5,101,64
L2_W64_H4,0,test:d3:t0:paligned:tree101:i30009,4,2,23,aligned,1,3,test,0.15421676635742188,0,1,5,101,64
L2_W64_H4,1,test:d3:t0:paligned:tree101:i30010,4,2,23,aligned,0,3,test,0.07076644897460938,0,1,5,101,64
L2_W64_H4,1,test:d3:t0:paligned:tree101:i30011,4,2,23,aligned,1,3,test,0.12330436706542969,0,1,5,101,64
L2_W64_H4,0,test:d3:t0:paligned:tree101:i30012,4,2,23,aligned,0,3,test,-0.29038238525390625,0,0,5,101,64
L2_W64_H4,0,test:d3:t0:paligned:tree101:i30013,4,2,23,aligned,1,3,test,0.03284263610839844,0,1,5,101,64
L2_W64_H4,1,test:d3:t0:paligned:tree101:i30014,4,2,23,aligned,0,3,test,-0.09256935119628906,0,0,5,101,64
L2_W64_H4,1,test:d3:t0:paligned:tree101:i30015,4,2,23,aligned,1,3,test,0.21892929077148438,0,1,5,101,64
L2_W64_H4,0,test:d3:t0:paligned:tree211:i30000,4,2,23,aligned,0,3,test,0.07077789306640625,0,1,5,211,64
L2_W64_H4,0,test:d3:t0:paligned:tree211:i30001,4,2,23,aligned,1,3,test,0.1625843048095703,0,1,5,211,64
L2_W64_H4,1,test:d3:t0:paligned:tree211:i30002,4,2,23,aligned,0,3,test,-0.20728492736816406,0,0,5,211,64
L2_W64_H4,1,test:d3:t0:paligned:tree211:i30003,4,2,23,aligned,1,3,test,0.2166290283203125,0,1,5,211,64
L2_W64_H4,0,test:d3:t0:paligned:tree211:i30004,4,2,23,aligned,0,3,test,-0.0032367706298828125,0,0,5,211,64
L2_W64_H4,0,test:d3:t0:paligned:tree211:i30005,4,2,23,aligned,1,3,test,0.11094284057617188,0,1,5,211,64
L2_W64_H4,1,test:d3:t0:paligned:tree211:i30006,4,2,23,aligned,0,3,test,-0.10866546630859375,0,0,5,211,64
L2_W64_H4,1,test:d3:t0:paligned:tree211:i30007,4,2,23,aligned,1,3,test,-0.027051925659179688,0,0,5,211,64
L2_W64_H4,0,test:d3:t0:paligned:tree211:i30008,4,2,23,aligned,0,3,test,0.079010009765625,0,1,5,211,64
L2_W64_H4,0,test:d3:t0:paligned:tree211:i30009,4,2,23,aligned,1,3,test,0.06746292114257812,0,1,5,211,64
L2_W64_H4,1,test:d3:t0:paligned:tree211:i30010,4,2,23,aligned,0,3,test,-0.10925102233886719,0,0,5,211,64
L2_W64_H4,1,test:d3:t0:paligned:tree211:i30011,4,2,23,aligned,1,3,test,-0.014108657836914062,0,0,5,211,64
L2_W64_H4,0,test:d3:t0:paligned:tree211:i30012,4,2,23,aligned,0,3,test,-0.052288055419921875,0,0,5,211,64
L2_W64_H4,0,test:d3:t0:paligned:tree211:i30013,4,2,23,aligned,1,3,test,0.29403114318847656,0,1,5,211,64
L2_W64_H4,1,test:d3:t0:paligned:tree211:i30014,4,2,23,aligned,0,3,test,-0.014024734497070312,0,0,5,211,64
L2_W64_H4,1,test:d3:t0:paligned:tree211:i30015,4,2,23,aligned,1,3,test,0.1537342071533203,0,1,5,211,64
L2_W64_H4,0,test:d3:t0:paligned:tree307:i30000,4,2,23,aligned,0,3,test,-0.0822296142578125,0,0,5,307,64
L2_W64_H4,0,test:d3:t0:paligned:tree307:i30001,4,2,23,aligned,1,3,test,0.2283802032470703,0,1,5,307,64
L2_W64_H4,1,test:d3:t0:paligned:tree307:i30002,4,2,23,aligned,0,3,test,-0.1794910430908203,0,0,5,307,64
L2_W64_H4,1,test:d3:t0:paligned:tree307:i30003,4,2,23,aligned,1,3,test,0.18631553649902344,0,1,5,307,64
L2_W64_H4,0,test:d3:t0:paligned:tree307:i30004,4,2,23,aligned,0,3,test,-0.0455322265625,0,0,5,307,64
L2_W64_H4,0,test:d3:t0:paligned:tree307:i30005,4,2,23,aligned,1,3,test,0.128204345703125,0,1,5,307,64
L2_W64_H4,1,test:d3:t0:paligned:tree307:i30006,4,2,23,aligned,0,3,test,-0.023761749267578125,0,0,5,307,64
L2_W64_H4,1,test:d3:t0:paligned:tree307:i30007,4,2,23,aligned,1,3,test,-0.034942626953125,0,0,5,307,64
L2_W64_H4,0,test:d3:t0:paligned:tree307:i30008,4,2,23,aligned,0,3,test,0.04983711242675781,0,1,5,307,64
L2_W64_H4,0,test:d3:t0:paligned:tree307:i30009,4,2,23,aligned,1,3,test,0.0166168212890625,0,1,5,307,64
L2_W64_H4,1,test:d3:t0:paligned:tree307:i30010,4,2,23,aligned,0,3,test,-0.19570159912109375,0,0,5,307,64
L2_W64_H4,1,test:d3:t0:paligned:tree307:i30011,4,2,23,aligned,1,3,test,0.06978988647460938,0,1,5,307,64
L2_W64_H4,0,test:d3:t0:paligned:tree307:i30012,4,2,23,aligned,0,3,test,-0.20622634887695312,0,0,5,307,64
L2_W64_H4,0,test:d3:t0:paligned:tree307:i30013,4,2,23,aligned,1,3,test,0.193389892578125,0,1,5,307,64
L2_W64_H4,1,test:d3:t0:paligned:tree307:i30014,4,2,23,aligned,0,3,test,0.07532501220703125,0,1,5,307,64
L2_W64_H4,1,test:d3:t0:paligned:tree307:i30015,4,2,23,aligned,1,3,test,-0.0265655517578125,0,0,5,307,64
L2_W64_H4,1,test:d3:t0:prandomized:tree101:i30003,4,2,23,randomized,1,3,test,0.011445999145507812,0,1,5,101,64
L2_W64_H4,1,test:d3:t0:prandomized:tree101:i30015,4,2,23,randomized,1,3,test,0.21892929077148438,0,1,5,101,64
L2_W64_H4,1,test:d3:t0:prandomized:tree211:i30003,4,2,23,randomized,1,3,test,0.21663284301757812,0,1,5,211,64
L2_W64_H4,0,test:d3:t0:prandomized:tree307:i30001,4,2,23,randomized,1,3,test,0.2283802032470703,0,1,5,307,64
L2_W64_H4,0,test:d3:t0:prandomized:tree307:i30008,4,2,23,randomized,0,3,test,0.04983711242675781,0,1,5,307,64
L2_W64_H4,0,test:d3:t1:paligned:tree101:i30000,4,2,23,aligned,0,3,test,0.0481109619140625,1,1,5,101,64
L2_W64_H4,0,test:d3:t1:paligned:tree101:i30001,4,2,23,aligned,1,3,test,0.123626708984375,1,1,5,101,64
L2_W64_H4,1,test:d3:t1:paligned:tree101:i30002,4,2,23,aligned,0,3,test,-0.016935348510742188,1,0,5,101,64
L2_W64_H4,1,test:d3:t1:paligned:tree101:i30003,4,2,23,aligned,1,3,test,0.0253448486328125,1,1,5,101,64
L2_W64_H4,0,test:d3:t1:paligned:tree101:i30004,4,2,23,aligned,0,3,test,-0.18022918701171875,1,0,5,101,64
L2_W64_H4,0,test:d3:t1:paligned:tree101:i30005,4,2,23,aligned,1,3,test,0.31809425354003906,1,1,5,101,64
L2_W64_H4,1,test:d3:t1:paligned:tree101:i30006,4,2,23,aligned,0,3,test,0.03470802307128906,1,1,5,101,64
L2_W64_H4,1,test:d3:t1:paligned:tree101:i30007,4,2,23,aligned,1,3,test,-0.020517349243164062,1,0,5,101,64
L2_W64_H4,0,test:d3:t1:paligned:tree101:i30008,4,2,23,aligned,0,3,test,-0.1910400390625,1,0,5,101,64
L2_W64_H4,0,test:d3:t1:paligned:tree101:i30009,4,2,23,aligned,1,3,test,0.15375709533691406,1,1,5,101,64
L2_W64_H4,1,test:d3:t1:paligned:tree101:i30010,4,2,23,aligned,0,3,test,0.040210723876953125,1,1,5,101,64
L2_W64_H4,1,test:d3:t1:paligned:tree101:i30011,4,2,23,aligned,1,3,test,0.1526813507080078,1,1,5,101,64
L2_W64_H4,0,test:d3:t1:paligned:tree101:i30012,4,2,23,aligned,0,3,test,-0.3002033233642578,1,0,5,101,64
L2_W64_H4,0,test:d3:t1:paligned:tree101:i30013,4,2,23,aligned,1,3,test,0.04843330383300781,1,1,5,101,64
L2_W64_H4,1,test:d3:t1:paligned:tree101:i30014,4,2,23,aligned,0,3,test,-0.098358154296875,1,0,5,101,64
L2_W64_H4,1,test:d3:t1:paligned:tree101:i30015,4,2,23,aligned,1,3,test,0.24583053588867188,1,1,5,101,64
L2_W64_H4,0,test:d3:t1:paligned:tree211:i30000,4,2,23,aligned,0,3,test,0.022739410400390625,1,1,5,211,64
L2_W64_H4,0,test:d3:t1:paligned:tree211:i30001,4,2,23,aligned,1,3,test,0.16625022888183594,1,1,5,211,64
L2_W64_H4,1,test:d3:t1:paligned:tree211:i30002,4,2,23,aligned,0,3,test,-0.23686599731445312,1,0,5,211,64
L2_W64_H4,1,test:d3:t1:paligned:tree211:i30003,4,2,23,aligned,1,3,test,0.2494640350341797,1,1,5,211,64
L2_W64_H4,0,test:d3:t1:paligned:tree211:i30004,4,2,23,aligned,0,3,test,-0.024591445922851562,1,0,5,211,64
L2_W64_H4,0,test:d3:t1:paligned:tree211:i30005,4,2,23,aligned,1,3,test,0.14762496948242188,1,1,5,211,64
L2_W64_H4,1,test:d3:t1:paligned:tree211:i30006,4,2,23,aligned,0,3,test,-0.14103126525878906,1,0,5,211,64
L2_W64_H4,1,test:d3:t1:paligned:tree211:i30007,4,2,23,aligned,1,3,test,-0.011859893798828125,1,0,5,211,64
L2_W64_H4,0,test:d3:t1:paligned:tree211:i30008,4,2,23,aligned,0,3,test,0.05044364929199219,1,1,5,211,64
L2_W64_H4,0,test:d3:t1:paligned:tree211:i30009,4,2,23,aligned,1,3,test,0.09123802185058594,1,1,5,211,64
L2_W64_H4,1,test:d3:t1:paligned:tree211:i30010,4,2,23,aligned,0,3,test,-0.12718582153320312,1,0,5,211,64
L2_W64_H4,1,test:d3:t1:paligned:tree211:i30011,4,2,23,aligned,1,3,test,0.00121307373046875,1,1,5,211,64
L2_W64_H4,0,test:d3:t1:paligned:tree211:i30012,4,2,23,aligned,0,3,test,-0.06095314025878906,1,0,5,211,64
L2_W64_H4,0,test:d3:t1:paligned:tree211:i30013,4,2,23,aligned,1,3,test,0.30530357360839844,1,1,5,211,64
L2_W64_H4,1,test:d3:t1:paligned:tree211:i30014,4,2,23,aligned,0,3,test,-0.03302192687988281,1,0,5,211,64
L2_W64_H4,1,test:d3:t1:paligned:tree211:i30015,4,2,23,aligned,1,3,test,0.17934799194335938,1,1,5,211,64
L2_W64_H4,0,test:d3:t1:paligned:tree307:i30000,4,2,23,aligned,0,3,test,-0.10578536987304688,1,0,5,307,64
L2_W64_H4,0,test:d3:t1:paligned:tree307:i30001,4,2,23,aligned,1,3,test,0.26175689697265625,1,1,5,307,64
L2_W64_H4,1,test:d3:t1:paligned:tree307:i30002,4,2,23,aligned,0,3,test,-0.19713592529296875,1,0,5,307,64
L2_W64_H4,1,test:d3:t1:paligned:tree307:i30003,4,2,23,aligned,1,3,test,0.21044349670410156,1,1,5,307,64
L2_W64_H4,0,test:d3:t1:paligned:tree307:i30004,4,2,23,aligned,0,3,test,-0.0629119873046875,1,0,5,307,64
L2_W64_H4,0,test:d3:t1:paligned:tree307:i30005,4,2,23,aligned,1,3,test,0.14892578125,1,1,5,307,64
L2_W64_H4,1,test:d3:t1:paligned:tree307:i30006,4,2,23,aligned,0,3,test,-0.031145095825195312,1,0,5,307,64
L2_W64_H4,1,test:d3:t1:paligned:tree307:i30007,4,2,23,aligned,1,3,test,-0.008478164672851562,1,0,5,307,64
L2_W64_H4,0,test:d3:t1:paligned:tree307:i30008,4,2,23,aligned,0,3,test,0.018732070922851562,1,1,5,307,64
L2_W64_H4,0,test:d3:t1:paligned:tree307:i30009,4,2,23,aligned,1,3,test,0.04007720947265625,1,1,5,307,64
L2_W64_H4,1,test:d3:t1:paligned:tree307:i30010,4,2,23,aligned,0,3,test,-0.21094703674316406,1,0,5,307,64
L2_W64_H4,1,test:d3:t1:paligned:tree307:i30011,4,2,23,aligned,1,3,test,0.10804557800292969,1,1,5,307,64
L2_W64_H4,0,test:d3:t1:paligned:tree307:i30012,4,2,23,aligned,0,3,test,-0.2418956756591797,1,0,5,307,64
L2_W64_H4,0,test:d3:t1:paligned:tree307:i30013,4,2,23,aligned,1,3,test,0.2229175567626953,1,1,5,307,64
L2_W64_H4,1,test:d3:t1:paligned:tree307:i30014,4,2,23,aligned,0,3,test,0.05545806884765625,1,1,5,307,64
L2_W64_H4,1,test:d3:t1:paligned:tree307:i30015,4,2,23,aligned,1,3,test,-0.00043487548828125,1,0,5,307,64
L2_W64_H4,1,test:d3:t1:prandomized:tree101:i30003,4,2,23,randomized,1,3,test,0.0253448486328125,1,1,5,101,64
L2_W64_H4,1,test:d3:t1:prandomized:tree101:i30015,4,2,23,randomized,1,3,test,0.2458324432373047,1,1,5,101,64
L2_W64_H4,1,test:d3:t1:prandomized:tree211:i30003,4,2,23,randomized,1,3,test,0.2494640350341797,1,1,5,211,64
L2_W64_H4,0,test:d3:t1:prandomized:tree307:i30001,4,2,23,randomized,1,3,test,0.26175689697265625,1,1,5,307,64
L2_W64_H4,0,test:d3:t1:prandomized:tree307:i30008,4,2,23,randomized,0,3,test,0.018732070922851562,1,1,5,307,64
L2_W64_H4,0,test:d3:t2:paligned:tree101:i30000,4,2,23,aligned,0,3,test,0.040752410888671875,2,1,5,101,64
L2_W64_H4,0,test:d3:t2:paligned:tree101:i30001,4,2,23,aligned,1,3,test,0.08429718017578125,2,1,5,101,64
L2_W64_H4,1,test:d3:t2:paligned:tree101:i30002,4,2,23,aligned,0,3,test,0.009988784790039062,2,1,5,101,64
L2_W64_H4,1,test:d3:t2:paligned:tree101:i30003,4,2,23,aligned,1,3,test,0.019794464111328125,2,1,5,101,64
L2_W64_H4,0,test:d3:t2:paligned:tree101:i30004,4,2,23,aligned,0,3,test,-0.164398193359375,2,0,5,101,64
L2_W64_H4,0,test:d3:t2:paligned:tree101:i30005,4,2,23,aligned,1,3,test,0.2899036407470703,2,1,5,101,64
L2_W64_H4,1,test:d3:t2:paligned:tree101:i30006,4,2,23,aligned,0,3,test,0.05867767333984375,2,1,5,101,64
L2_W64_H4,1,test:d3:t2:paligned:tree101:i30007,4,2,23,aligned,1,3,test,-0.04310798645019531,2,0,5,101,64
L2_W64_H4,0,test:d3:t2:paligned:tree101:i30008,4,2,23,aligned,0,3,test,-0.15664100646972656,2,0,5,101,64
L2_W64_H4,0,test:d3:t2:paligned:tree101:i30009,4,2,23,aligned,1,3,test,0.1540203094482422,2,1,5,101,64
L2_W64_H4,1,test:d3:t2:paligned:tree101:i30010,4,2,23,aligned,0,3,test,0.06382179260253906,2,1,5,101,64
L2_W64_H4,1,test:d3:t2:paligned:tree101:i30011,4,2,23,aligned,1,3,test,0.1255512237548828,2,1,5,101,64
L2_W64_H4,0,test:d3:t2:paligned:tree101:i30012,4,2,23,aligned,0,3,test,-0.2775249481201172,2,0,5,101,64
L2_W64_H4,0,test:d3:t2:paligned:tree101:i30013,4,2,23,aligned,1,3,test,0.035121917724609375,2,1,5,101,64
L2_W64_H4,1,test:d3:t2:paligned:tree101:i30014,4,2,23,aligned,0,3,test,-0.081817626953125,2,0,5,101,64
L2_W64_H4,1,test:d3:t2:paligned:tree101:i30015,4,2,23,aligned,1,3,test,0.21124267578125,2,1,5,101,64
L2_W64_H4,0,test:d3:t2:paligned:tree211:i30000,4,2,23,aligned,0,3,test,0.03712272644042969,2,1,5,211,64
L2_W64_H4,0,test:d3:t2:paligned:tree211:i30001,4,2,23,aligned,1,3,test,0.14960670471191406,2,1,5,211,64
L2_W64_H4,1,test:d3:t2:paligned:tree211:i30002,4,2,23,aligned,0,3,test,-0.213897705078125,2,0,5,211,64
L2_W64_H4,1,test:d3:t2:paligned:tree211:i30003,4,2,23,aligned,1,3,test,0.21465110778808594,2,1,5,211,64
L2_W64_H4,0,test:d3:t2:paligned:tree211:i30004,4,2,23,aligned,0,3,test,-0.0023746490478515625,2,0,5,211,64
L2_W64_H4,0,test:d3:t2:paligned:tree211:i30005,4,2,23,aligned,1,3,test,0.11521720886230469,2,1,5,211,64
L2_W64_H4,1,test:d3:t2:paligned:tree211:i30006,4,2,23,aligned,0,3,test,-0.11456680297851562,2,0,5,211,64
L2_W64_H4,1,test:d3:t2:paligned:tree211:i30007,4,2,23,aligned,1,3,test,-0.020887374877929688,2,0,5,211,64
L2_W64_H4,0,test:d3:t2:paligned:tree211:i30008,4,2,23,aligned,0,3,test,0.0699310302734375,2,1,5,211,64
L2_W64_H4,0,test:d3:t2:paligned:tree211:i30009,4,2,23,aligned,1,3,test,0.06384468078613281,2,1,5,211,64
L2_W64_H4,1,test:d3:t2:paligned:tree211:i30010,4,2,23,aligned,0,3,test,-0.11768531799316406,2,0,5,211,64
L2_W64_H4,1,test:d3:t2:paligned:tree211:i30011,4,2,23,aligned,1,3,test,-0.020366668701171875,2,0,5,211,64
L2_W64_H4,0,test:d3:t2:paligned:tree211:i30012,4,2,23,aligned,0,3,test,-0.05982398986816406,2,0,5,211,64
L2_W64_H4,0,test:d3:t2:paligned:tree211:i30013,4,2,23,aligned,1,3,test,0.28202247619628906,2,1,5,211,64
L2_W64_H4,1,test:d3:t2:paligned:tree211:i30014,4,2,23,aligned,0,3,test,-0.014593124389648438,2,0,5,211,64
L2_W64_H4,1,test:d3:t2:paligned:tree211:i30015,4,2,23,aligned,1,3,test,0.14264678955078125,2,1,5,211,64
L2_W64_H4,0,test:d3:t2:paligned:tree307:i30000,4,2,23,aligned,0,3,test,-0.07471275329589844,2,0,5,307,64
L2_W64_H4,0,test:d3:t2:paligned:tree307:i30001,4,2,23,aligned,1,3,test,0.2281665802001953,2,1,5,307,64
L2_W64_H4,1,test:d3:t2:paligned:tree307:i30002,4,2,23,aligned,0,3,test,-0.17658615112304688,2,0,5,307,64
L2_W64_H4,1,test:d3:t2:paligned:tree307:i30003,4,2,23,aligned,1,3,test,0.19356727600097656,2,1,5,307,64
L2_W64_H4,0,test:d3:t2:paligned:tree307:i30004,4,2,23,aligned,0,3,test,-0.04144096374511719,2,0,5,307,64
L2_W64_H4,0,test:d3:t2:paligned:tree307:i30005,4,2,23,aligned,1,3,test,0.1293048858642578,2,1,5,307,64
L2_W64_H4,1,test:d3:t2:paligned:tree307:i30006,4,2,23,aligned,0,3,test,-0.018831253051757812,2,0,5,307,64
L2_W64_H4,1,test:d3:t2:paligned:tree307:i30007,4,2,23,aligned,1,3,test,-0.029111862182617188,2,0,5,307,64
L2_W64_H4,0,test:d3:t2:paligned:tree307:i30008,4,2,23,aligned,0,3,test,0.04918479919433594,2,1,5,307,64
L2_W64_H4,0,test:d3:t2:paligned:tree307:i30009,4,2,23,aligned,1,3,test,0.020666122436523438,2,1,5,307,64
L2_W64_H4,1,test:d3:t2:paligned:tree307:i30010,4,2,23,aligned,0,3,test,-0.20022964477539062,2,0,5,307,64
L2_W64_H4,1,test:d3:t2:paligned:tree307:i30011,4,2,23,aligned,1,3,test,0.07480239868164062,2,1,5,307,64
L2_W64_H4,0,test:d3:t2:paligned:tree307:i30012,4,2,23,aligned,0,3,test,-0.20280838012695312,2,0,5,307,64
L2_W64_H4,0,test:d3:t2:paligned:tree307:i30013,4,2,23,aligned,1,3,test,0.18979454040527344,2,1,5,307,64
L2_W64_H4,1,test:d3:t2:paligned:tree307:i30014,4,2,23,aligned,0,3,test,0.07109642028808594,2,1,5,307,64
L2_W64_H4,1,test:d3:t2:paligned:tree307:i30015,4,2,23,aligned,1,3,test,-0.019985198974609375,2,0,5,307,64
L2_W64_H4,1,test:d3:t2:prandomized:tree101:i30003,4,2,23,randomized,1,3,test,0.019794464111328125,2,1,5,101,64
L2_W64_H4,0,test:d3:t2:prandomized:tree307:i30001,4,2,23,randomized,1,3,test,0.2281665802001953,2,1,5,307,64
L2_W64_H4,0,test:d3:t3:paligned:tree101:i30000,4,2,23,aligned,0,3,test,0.06688308715820312,3,1,5,101,64
L2_W64_H4,0,test:d3:t3:paligned:tree101:i30001,4,2,23,aligned,1,3,test,0.10137748718261719,3,1,5,101,64
L2_W64_H4,1,test:d3:t3:paligned:tree101:i30002,4,2,23,aligned,0,3,test,0.009576797485351562,3,1,5,101,64
L2_W64_H4,1,test:d3:t3:paligned:tree101:i30003,4,2,23,aligned,1,3,test,0.010786056518554688,3,1,5,101,64
L2_W64_H4,0,test:d3:t3:paligned:tree101:i30004,4,2,23,aligned,0,3,test,-0.16843605041503906,3,0,5,101,64
L2_W64_H4,0,test:d3:t3:paligned:tree101:i30005,4,2,23,aligned,1,3,test,0.3051948547363281,3,1,5,101,64
L2_W64_H4,1,test:d3:t3:paligned:tree101:i30006,4,2,23,aligned,0,3,test,0.0637054443359375,3,1,5,101,64
L2_W64_H4,1,test:d3:t3:paligned:tree101:i30007,4,2,23,aligned,1,3,test,-0.03866386413574219,3,0,5,101,64
L2_W64_H4,0,test:d3:t3:paligned:tree101:i30008,4,2,23,aligned,0,3,test,-0.1710968017578125,3,0,5,101,64
L2_W64_H4,0,test:d3:t3:paligned:tree101:i30009,4,2,23,aligned,1,3,test,0.1453990936279297,3,1,5,101,64
L2_W64_H4,1,test:d3:t3:paligned:tree101:i30010,4,2,23,aligned,0,3,test,0.06013298034667969,3,1,5,101,64
L2_W64_H4,1,test:d3:t3:paligned:tree101:i30011,4,2,23,aligned,1,3,test,0.13651657104492188,3,1,5,101,64
L2_W64_H4,0,test:d3:t3:paligned:tree101:i30012,4,2,23,aligned,0,3,test,-0.28998756408691406,3,0,5,101,64
L2_W64_H4,0,test:d3:t3:paligned:tree101:i30013,4,2,23,aligned,1,3,test,0.042057037353515625,3,1,5,101,64
L2_W64_H4,1,test:d3:t3:paligned:tree101:i30014,4,2,23,aligned,0,3,test,-0.08474349975585938,3,0,5,101,64
L2_W64_H4,1,test:d3:t3:paligned:tree101:i30015,4,2,23,aligned,1,3,test,0.23354148864746094,3,1,5,101,64
L2_W64_H4,0,test:d3:t3:paligned:tree211:i30000,4,2,23,aligned,0,3,test,0.05231666564941406,3,1,5,211,64
L2_W64_H4,0,test:d3:t3:paligned:tree211:i30001,4,2,23,aligned,1,3,test,0.15359115600585938,3,1,5,211,64
L2_W64_H4,1,test:d3:t3:paligned:tree211:i30002,4,2,23,aligned,0,3,test,-0.22624969482421875,3,0,5,211,64
L2_W64_H4,1,test:d3:t3:paligned:tree211:i30003,4,2,23,aligned,1,3,test,0.2381572723388672,3,1,5,211,64
L2_W64_H4,0,test:d3:t3:paligned:tree211:i30004,4,2,23,aligned,0,3,test,-0.0029773712158203125,3,0,5,211,64
L2_W64_H4,0,test:d3:t3:paligned:tree211:i30005,4,2,23,aligned,1,3,test,0.119903564453125,3,1,5,211,64
L2_W64_H4,1,test:d3:t3:paligned:tree211:i30006,4,2,23,aligned,0,3,test,-0.12177085876464844,3,0,5,211,64
L2_W64_H4,1,test:d3:t3:paligned:tree211:i30007,4,2,23,aligned,1,3,test,-0.02732086181640625,3,0,5,211,64
L2_W64_H4,0,test:d3:t3:paligned:tree211:i30008,4,2,23,aligned,0,3,test,0.08262062072753906,3,1,5,211,64
L2_W64_H4,0,test:d3:t3:paligned:tree211:i30009,4,2,23,aligned,1,3,test,0.0750274658203125,3,1,5,211,64
L2_W64_H4,1,test:d3:t3:paligned:tree211:i30010,4,2,23,aligned,0,3,test,-0.12190628051757812,3,0,5,211,64
L2_W64_H4,1,test:d3:t3:paligned:tree211:i30011,4,2,23,aligned,1,3,test,-0.013858795166015625,3,0,5,211,64
L2_W64_H4,0,test:d3:t3:paligned:tree211:i30012,4,2,23,aligned,0,3,test,-0.053539276123046875,3,0,5,211,64
L2_W64_H4,0,test:d3:t3:paligned:tree211:i30013,4,2,23,aligned,1,3,test,0.2959156036376953,3,1,5,211,64
L2_W64_H4,1,test:d3:t3:paligned:tree211:i30014,4,2,23,aligned,0,3,test,-0.015705108642578125,3,0,5,211,64
L2_W64_H4,1,test:d3:t3:paligned:tree211:i30015,4,2,23,aligned,1,3,test,0.16442489624023438,3,1,5,211,64
L2_W64_H4,0,test:d3:t3:paligned:tree307:i30000,4,2,23,aligned,0,3,test,-0.08421707153320312,3,0,5,307,64
L2_W64_H4,0,test:d3:t3:paligned:tree307:i30001,4,2,23,aligned,1,3,test,0.24878501892089844,3,1,5,307,64
L2_W64_H4,1,test:d3:t3:paligned:tree307:i30002,4,2,23,aligned,0,3,test,-0.1974945068359375,3,0,5,307,64
L2_W64_H4,1,test:d3:t3:paligned:tree307:i30003,4,2,23,aligned,1,3,test,0.1976299285888672,3,1,5,307,64
L2_W64_H4,0,test:d3:t3:paligned:tree307:i30004,4,2,23,aligned,0,3,test,-0.0471343994140625,3,0,5,307,64
L2_W64_H4,0,test:d3:t3:paligned:tree307:i30005,4,2,23,aligned,1,3,test,0.13767433166503906,3,1,5,307,64
L2_W64_H4,1,test:d3:t3:paligned:tree307:i30006,4,2,23,aligned,0,3,test,-0.019899368286132812,3,0,5,307,64
L2_W64_H4,1,test:d3:t3:paligned:tree307:i30007,4,2,23,aligned,1,3,test,-0.0313262939453125,3,0,5,307,64
L2_W64_H4,0,test:d3:t3:paligned:tree307:i30008,4,2,23,aligned,0,3,test,0.038486480712890625,3,1,5,307,64
L2_W64_H4,0,test:d3:t3:paligned:tree307:i30009,4,2,23,aligned,1,3,test,0.01985931396484375,3,1,5,307,64
L2_W64_H4,1,test:d3:t3:paligned:tree307:i30010,4,2,23,aligned,0,3,test,-0.19710159301757812,3,0,5,307,64
L2_W64_H4,1,test:d3:t3:paligned:tree307:i30011,4,2,23,aligned,1,3,test,0.08989143371582031,3,1,5,307,64
L2_W64_H4,0,test:d3:t3:paligned:tree307:i30012,4,2,23,aligned,0,3,test,-0.23326683044433594,3,0,5,307,64
L2_W64_H4,0,test:d3:t3:paligned:tree307:i30013,4,2,23,aligned,1,3,test,0.2047271728515625,3,1,5,307,64
L2_W64_H4,1,test:d3:t3:paligned:tree307:i30014,4,2,23,aligned,0,3,test,0.06905364990234375,3,1,5,307,64
L2_W64_H4,1,test:d3:t3:paligned:tree307:i30015,4,2,23,aligned,1,3,test,-0.020389556884765625,3,0,5,307,64
L2_W64_H4,1,test:d3:t3:prandomized:tree101:i30003,4,2,23,randomized,1,3,test,0.010786056518554688,3,1,5,101,64
L2_W64_H4,0,test:d3:t3:prandomized:tree307:i30001,4,2,23,randomized,1,3,test,0.24878311157226562,3,1,5,307,64
L2_W64_H4,0,validation:d2:t2:prandomized:tree101:i20000,4,2,23,randomized,0,2,validation,-0.05474281311035156,2,0,4,101,64
L2_W64_H4,0,validation:d2:t2:prandomized:tree101:i20009,4,2,23,randomized,1,2,validation,0.1746349334716797,2,1,4,101,64
L2_W64_H4,0,validation:d2:t2:prandomized:tree211:i20000,4,2,23,randomized,0,2,validation,-0.13338661193847656,2,0,4,211,64
L2_W64_H4,0,validation:d2:t2:prandomized:tree211:i20001,4,2,23,randomized,1,2,validation,0.1833038330078125,2,1,4,211,64
L2_W64_H4,1,validation:d2:t2:prandomized:tree211:i20002,4,2,23,randomized,0,2,validation,-0.04023933410644531,2,0,4,211,64
L2_W64_H4,0,validation:d2:t2:prandomized:tree211:i20004,4,2,23,randomized,0,2,validation,0.008378982543945312,2,1,4,211,64
L2_W64_H4,0,validation:d2:t2:prandomized:tree307:i20009,4,2,23,randomized,1,2,validation,0.10978126525878906,2,1,4,307,64
L2_W64_H4,1,validation:d2:t2:prandomized:tree307:i20014,4,2,23,randomized,0,2,validation,-0.09174346923828125,2,0,4,307,64
L2_W64_H4,0,validation:d2:t3:prandomized:tree101:i20000,4,2,23,randomized,0,2,validation,-0.04336738586425781,3,0,4,101,64
L2_W64_H4,0,validation:d2:t3:prandomized:tree101:i20009,4,2,23,randomized,1,2,validation,0.1758747100830078,3,1,4,101,64
L2_W64_H4,0,validation:d2:t3:prandomized:tree211:i20000,4,2,23,randomized,0,2,validation,-0.11602401733398438,3,0,4,211,64
L2_W64_H4,0,validation:d2:t3:prandomized:tree211:i20001,4,2,23,randomized,1,2,validation,0.17594528198242188,3,1,4,211,64
L2_W64_H4,1,validation:d2:t3:prandomized:tree211:i20002,4,2,23,randomized,0,2,validation,-0.040493011474609375,3,0,4,211,64
L2_W64_H4,0,validation:d2:t3:prandomized:tree211:i20004,4,2,23,randomized,0,2,validation,0.01848602294921875,3,1,4,211,64
L2_W64_H4,0,validation:d2:t3:prandomized:tree307:i20009,4,2,23,randomized,1,2,validation,0.09910202026367188,3,1,4,307,64
L2_W64_H4,1,validation:d2:t3:prandomized:tree307:i20014,4,2,23,randomized,0,2,validation,-0.08317756652832031,3,0,4,307,64
L2_W64_H4,0,validation:d3:t0:prandomized:tree101:i30005,4,2,23,randomized,1,3,validation,0.22955703735351562,0,1,5,101,64
L2_W64_H4,1,validation:d3:t0:prandomized:tree101:i30010,4,2,23,randomized,0,3,validation,-0.05261039733886719,0,0,5,101,64
L2_W64_H4,1,validation:d3:t0:prandomized:tree101:i30011,4,2,23,randomized,1,3,validation,0.06427192687988281,0,1,5,101,64
L2_W64_H4,0,validation:d3:t0:prandomized:tree211:i30000,4,2,23,randomized,0,3,validation,-0.11743354797363281,0,0,5,211,64
L2_W64_H4,0,validation:d3:t0:prandomized:tree211:i30008,4,2,23,randomized,0,3,validation,-0.14734458923339844,0,0,5,211,64
L2_W64_H4,1,validation:d3:t0:prandomized:tree211:i30011,4,2,23,randomized,1,3,validation,0.13763809204101562,0,1,5,211,64
L2_W64_H4,1,validation:d3:t0:prandomized:tree211:i30015,4,2,23,randomized,1,3,validation,0.17786598205566406,0,1,5,211,64
L2_W64_H4,0,validation:d3:t1:prandomized:tree101:i30005,4,2,23,randomized,1,3,validation,0.2406635284423828,1,1,5,101,64
L2_W64_H4,1,validation:d3:t1:prandomized:tree101:i30010,4,2,23,randomized,0,3,validation,-0.05679512023925781,1,0,5,101,64
L2_W64_H4,1,validation:d3:t1:prandomized:tree101:i30011,4,2,23,randomized,1,3,validation,0.07363319396972656,1,1,5,101,64
L2_W64_H4,0,validation:d3:t1:prandomized:tree211:i30000,4,2,23,randomized,0,3,validation,-0.12267684936523438,1,0,5,211,64
L2_W64_H4,0,validation:d3:t1:prandomized:tree211:i30008,4,2,23,randomized,0,3,validation,-0.14635467529296875,1,0,5,211,64
L2_W64_H4,1,validation:d3:t1:prandomized:tree211:i30011,4,2,23,randomized,1,3,validation,0.14482498168945312,1,1,5,211,64
L2_W64_H4,1,validation:d3:t1:prandomized:tree211:i30015,4,2,23,randomized,1,3,validation,0.19456100463867188,1,1,5,211,64
L2_W64_H4,1,validation:d3:t2:prandomized:tree101:i30014,4,2,23,randomized,0,3,validation,-0.04887962341308594,2,0,5,101,64
L2_W64_H4,0,validation:d3:t2:prandomized:tree211:i30000,4,2,23,randomized,0,3,validation,-0.11552047729492188,2,0,5,211,64
L2_W64_H4,0,validation:d3:t2:prandomized:tree211:i30004,4,2,23,randomized,0,3,validation,-0.12530136108398438,2,0,5,211,64
L2_W64_H4,1,validation:d3:t2:prandomized:tree307:i30006,4,2,23,randomized,0,3,validation,-0.044887542724609375,2,0,5,307,64
L2_W64_H4,1,validation:d3:t2:prandomized:tree307:i30007,4,2,23,randomized,1,3,validation,0.0965118408203125,2,1,5,307,64
L2_W64_H4,1,validation:d3:t3:prandomized:tree101:i30014,4,2,23,randomized,0,3,validation,-0.05083656311035156,3,0,5,101,64
L2_W64_H4,0,validation:d3:t3:prandomized:tree211:i30000,4,2,23,randomized,0,3,validation,-0.12242889404296875,3,0,5,211,64
L2_W64_H4,0,validation:d3:t3:prandomized:tree211:i30004,4,2,23,randomized,0,3,validation,-0.12317848205566406,3,0,5,211,64
L2_W64_H4,1,validation:d3:t3:prandomized:tree307:i30006,4,2,23,randomized,0,3,validation,-0.05465126037597656,3,0,5,307,64
L2_W64_H4,1,validation:d3:t3:prandomized:tree307:i30007,4,2,23,randomized,1,3,validation,0.10738945007324219,3,1,5,307,64
L2_W64_H4,0,test:d2:t2:prandomized:tree101:i20000,4,2,23,randomized,0,2,test,-0.1351146697998047,2,0,4,101,64
L2_W64_H4,0,test:d2:t2:prandomized:tree101:i20009,4,2,23,randomized,1,2,test,0.02188873291015625,2,1,4,101,64
L2_W64_H4,0,test:d2:t2:prandomized:tree211:i20000,4,2,23,randomized,0,2,test,-0.06200218200683594,2,0,4,211,64
L2_W64_H4,0,test:d2:t2:prandomized:tree211:i20001,4,2,23,randomized,1,2,test,0.05023765563964844,2,1,4,211,64
L2_W64_H4,1,test:d2:t2:prandomized:tree211:i20002,4,2,23,randomized,0,2,test,-0.04526710510253906,2,0,4,211,64
L2_W64_H4,0,test:d2:t2:prandomized:tree211:i20004,4,2,23,randomized,0,2,test,-0.03845405578613281,2,0,4,211,64
L2_W64_H4,0,test:d2:t2:prandomized:tree307:i20009,4,2,23,randomized,1,2,test,0.06442642211914062,2,1,4,307,64
L2_W64_H4,1,test:d2:t2:prandomized:tree307:i20014,4,2,23,randomized,0,2,test,-0.07723426818847656,2,0,4,307,64
L2_W64_H4,0,test:d2:t3:prandomized:tree101:i20000,4,2,23,randomized,0,2,test,-0.12389373779296875,3,0,4,101,64
L2_W64_H4,0,test:d2:t3:prandomized:tree101:i20009,4,2,23,randomized,1,2,test,0.013734817504882812,3,1,4,101,64
L2_W64_H4,0,test:d2:t3:prandomized:tree211:i20000,4,2,23,randomized,0,2,test,-0.051143646240234375,3,0,4,211,64
L2_W64_H4,0,test:d2:t3:prandomized:tree211:i20001,4,2,23,randomized,1,2,test,0.048458099365234375,3,1,4,211,64
L2_W64_H4,1,test:d2:t3:prandomized:tree211:i20002,4,2,23,randomized,0,2,test,-0.03788566589355469,3,0,4,211,64
L2_W64_H4,0,test:d2:t3:prandomized:tree211:i20004,4,2,23,randomized,0,2,test,-0.031124114990234375,3,0,4,211,64
L2_W64_H4,0,test:d2:t3:prandomized:tree307:i20009,4,2,23,randomized,1,2,test,0.05582427978515625,3,1,4,307,64
L2_W64_H4,1,test:d2:t3:prandomized:tree307:i20014,4,2,23,randomized,0,2,test,-0.06971549987792969,3,0,4,307,64
L2_W64_H4,0,test:d3:t0:prandomized:tree101:i30005,4,2,23,randomized,1,3,test,0.3074760437011719,0,1,5,101,64
L2_W64_H4,1,test:d3:t0:prandomized:tree101:i30010,4,2,23,randomized,0,3,test,-0.025091171264648438,0,0,5,101,64
L2_W64_H4,1,test:d3:t0:prandomized:tree101:i30011,4,2,23,randomized,1,3,test,0.16707992553710938,0,1,5,101,64
L2_W64_H4,0,test:d3:t0:prandomized:tree211:i30000,4,2,23,randomized,0,3,test,-0.11581993103027344,0,0,5,211,64
L2_W64_H4,0,test:d3:t0:prandomized:tree211:i30008,4,2,23,randomized,0,3,test,-0.051849365234375,0,0,5,211,64
L2_W64_H4,1,test:d3:t0:prandomized:tree211:i30011,4,2,23,randomized,1,3,test,0.10095405578613281,0,1,5,211,64
L2_W64_H4,1,test:d3:t0:prandomized:tree211:i30015,4,2,23,randomized,1,3,test,0.16684913635253906,0,1,5,211,64
L2_W64_H4,0,test:d3:t1:prandomized:tree101:i30005,4,2,23,randomized,1,3,test,0.31375694274902344,1,1,5,101,64
L2_W64_H4,1,test:d3:t1:prandomized:tree101:i30010,4,2,23,randomized,0,3,test,-0.034633636474609375,1,0,5,101,64
L2_W64_H4,1,test:d3:t1:prandomized:tree101:i30011,4,2,23,randomized,1,3,test,0.179901123046875,1,1,5,101,64
L2_W64_H4,0,test:d3:t1:prandomized:tree211:i30000,4,2,23,randomized,0,3,test,-0.10999488830566406,1,0,5,211,64
L2_W64_H4,0,test:d3:t1:prandomized:tree211:i30008,4,2,23,randomized,0,3,test,-0.04918479919433594,1,0,5,211,64
L2_W64_H4,1,test:d3:t1:prandomized:tree211:i30011,4,2,23,randomized,1,3,test,0.09398651123046875,1,1,5,211,64
L2_W64_H4,1,test:d3:t1:prandomized:tree211:i30015,4,2,23,randomized,1,3,test,0.17680931091308594,1,1,5,211,64
L2_W64_H4,1,test:d3:t2:prandomized:tree101:i30014,4,2,23,randomized,0,3,test,-0.15115928649902344,2,0,5,101,64
L2_W64_H4,0,test:d3:t2:prandomized:tree211:i30000,4,2,23,randomized,0,3,test,-0.11478042602539062,2,0,5,211,64
L2_W64_H4,0,test:d3:t2:prandomized:tree211:i30004,4,2,23,randomized,0,3,test,-0.07744026184082031,2,0,5,211,64
L2_W64_H4,1,test:d3:t2:prandomized:tree307:i30006,4,2,23,randomized,0,3,test,-0.08934402465820312,2,0,5,307,64
L2_W64_H4,1,test:d3:t2:prandomized:tree307:i30007,4,2,23,randomized,1,3,test,0.07825660705566406,2,1,5,307,64
L2_W64_H4,1,test:d3:t3:prandomized:tree101:i30014,4,2,23,randomized,0,3,test,-0.16258811950683594,3,0,5,101,64
L2_W64_H4,0,test:d3:t3:prandomized:tree211:i30000,4,2,23,randomized,0,3,test,-0.11018943786621094,3,0,5,211,64
L2_W64_H4,0,test:d3:t3:prandomized:tree211:i30004,4,2,23,randomized,0,3,test,-0.08138847351074219,3,0,5,211,64
L2_W64_H4,1,test:d3:t3:prandomized:tree307:i30006,4,2,23,randomized,0,3,test,-0.089019775390625,3,0,5,307,64
L2_W64_H4,1,test:d3:t3:prandomized:tree307:i30007,4,2,23,randomized,1,3,test,0.08296394348144531,3,1,5,307,64
L2_W64_H4,0,validation:d3:t0:prandomized:tree101:i30004,4,2,23,randomized,0,3,validation,-0.046901702880859375,0,0,5,101,64
L2_W64_H4,1,validation:d3:t0:prandomized:tree101:i30007,4,2,23,randomized,1,3,validation,0.1272563934326172,0,1,5,101,64
L2_W64_H4,0,validation:d3:t0:prandomized:tree101:i30012,4,2,23,randomized,0,3,validation,-0.234619140625,0,0,5,101,64
L2_W64_H4,1,validation:d3:t0:prandomized:tree211:i30002,4,2,23,randomized,0,3,validation,-0.2539520263671875,0,0,5,211,64
L2_W64_H4,0,validation:d3:t0:prandomized:tree211:i30013,4,2,23,randomized,1,3,validation,0.24047279357910156,0,1,5,211,64
L2_W64_H4,1,validation:d3:t0:prandomized:tree211:i30014,4,2,23,randomized,0,3,validation,-0.144561767578125,0,0,5,211,64
L2_W64_H4,1,validation:d3:t0:prandomized:tree307:i30002,4,2,23,randomized,0,3,validation,-0.16950607299804688,0,0,5,307,64
L2_W64_H4,0,validation:d3:t0:prandomized:tree307:i30005,4,2,23,randomized,1,3,validation,0.1344470977783203,0,1,5,307,64
L2_W64_H4,0,validation:d3:t0:prandomized:tree307:i30009,4,2,23,randomized,1,3,validation,0.12467575073242188,0,1,5,307,64
L2_W64_H4,1,validation:d3:t0:prandomized:tree307:i30015,4,2,23,randomized,1,3,validation,0.19768333435058594,0,1,5,307,64
L2_W64_H4,0,validation:d3:t1:prandomized:tree101:i30004,4,2,23,randomized,0,3,validation,-0.055995941162109375,1,0,5,101,64
L2_W64_H4,1,validation:d3:t1:prandomized:tree101:i30007,4,2,23,randomized,1,3,validation,0.14070892333984375,1,1,5,101,64
L2_W64_H4,0,validation:d3:t1:prandomized:tree101:i30012,4,2,23,randomized,0,3,validation,-0.25494956970214844,1,0,5,101,64
L2_W64_H4,1,validation:d3:t1:prandomized:tree211:i30002,4,2,23,randomized,0,3,validation,-0.2620868682861328,1,0,5,211,64
L2_W64_H4,0,validation:d3:t1:prandomized:tree211:i30013,4,2,23,randomized,1,3,validation,0.25930213928222656,1,1,5,211,64
L2_W64_H4,1,validation:d3:t1:prandomized:tree211:i30014,4,2,23,randomized,0,3,validation,-0.14224624633789062,1,0,5,211,64
L2_W64_H4,1,validation:d3:t1:prandomized:tree307:i30002,4,2,23,randomized,0,3,validation,-0.1856842041015625,1,0,5,307,64
L2_W64_H4,0,validation:d3:t1:prandomized:tree307:i30005,4,2,23,randomized,1,3,validation,0.1366729736328125,1,1,5,307,64
L2_W64_H4,0,validation:d3:t1:prandomized:tree307:i30009,4,2,23,randomized,1,3,validation,0.1330127716064453,1,1,5,307,64
L2_W64_H4,1,validation:d3:t1:prandomized:tree307:i30015,4,2,23,randomized,1,3,validation,0.19939231872558594,1,1,5,307,64
L2_W64_H4,0,validation:d3:t2:prandomized:tree101:i30008,4,2,23,randomized,0,3,validation,-0.1326160430908203,2,0,5,101,64
L2_W64_H4,1,validation:d3:t2:prandomized:tree211:i30003,4,2,23,randomized,1,3,validation,0.22312355041503906,2,1,5,211,64
L2_W64_H4,1,validation:d3:t2:prandomized:tree211:i30006,4,2,23,randomized,0,3,validation,-0.10169792175292969,2,0,5,211,64
L2_W64_H4,0,validation:d3:t2:prandomized:tree211:i30008,4,2,23,randomized,0,3,validation,-0.16176986694335938,2,0,5,211,64
L2_W64_H4,0,validation:d3:t2:prandomized:tree307:i30004,4,2,23,randomized,0,3,validation,-0.22547531127929688,2,0,5,307,64
L2_W64_H4,0,validation:d3:t2:prandomized:tree307:i30012,4,2,23,randomized,0,3,validation,-0.19869232177734375,2,0,5,307,64
L2_W64_H4,0,validation:d3:t3:prandomized:tree101:i30008,4,2,23,randomized,0,3,validation,-0.1514759063720703,3,0,5,101,64
L2_W64_H4,1,validation:d3:t3:prandomized:tree211:i30003,4,2,23,randomized,1,3,validation,0.23442840576171875,3,1,5,211,64
L2_W64_H4,1,validation:d3:t3:prandomized:tree211:i30006,4,2,23,randomized,0,3,validation,-0.11838340759277344,3,0,5,211,64
L2_W64_H4,0,validation:d3:t3:prandomized:tree211:i30008,4,2,23,randomized,0,3,validation,-0.1649169921875,3,0,5,211,64
L2_W64_H4,0,validation:d3:t3:prandomized:tree307:i30004,4,2,23,randomized,0,3,validation,-0.236663818359375,3,0,5,307,64
L2_W64_H4,0,validation:d3:t3:prandomized:tree307:i30012,4,2,23,randomized,0,3,validation,-0.21405029296875,3,0,5,307,64
L2_W64_H4,0,test:d3:t0:prandomized:tree101:i30004,4,2,23,randomized,0,3,test,-0.1699047088623047,0,0,5,101,64
L2_W64_H4,1,test:d3:t0:prandomized:tree101:i30007,4,2,23,randomized,1,3,test,0.08963584899902344,0,1,5,101,64
L2_W64_H4,0,test:d3:t0:prandomized:tree101:i30012,4,2,23,randomized,0,3,test,-0.303955078125,0,0,5,101,64
L2_W64_H4,1,test:d3:t0:prandomized:tree211:i30002,4,2,23,randomized,0,3,test,-0.23759841918945312,0,0,5,211,64
L2_W64_H4,0,test:d3:t0:prandomized:tree211:i30013,4,2,23,randomized,1,3,test,0.30859947204589844,0,1,5,211,64
L2_W64_H4,1,test:d3:t0:prandomized:tree211:i30014,4,2,23,randomized,0,3,test,-0.09764480590820312,0,0,5,211,64
L2_W64_H4,1,test:d3:t0:prandomized:tree307:i30002,4,2,23,randomized,0,3,test,-0.21668434143066406,0,0,5,307,64
L2_W64_H4,0,test:d3:t0:prandomized:tree307:i30005,4,2,23,randomized,1,3,test,0.17750930786132812,0,1,5,307,64
L2_W64_H4,0,test:d3:t0:prandomized:tree307:i30009,4,2,23,randomized,1,3,test,0.10741615295410156,0,1,5,307,64
L2_W64_H4,1,test:d3:t0:prandomized:tree307:i30015,4,2,23,randomized,1,3,test,0.08115005493164062,0,1,5,307,64
L2_W64_H4,0,test:d3:t1:prandomized:tree101:i30004,4,2,23,randomized,0,3,test,-0.18302154541015625,1,0,5,101,64
L2_W64_H4,1,test:d3:t1:prandomized:tree101:i30007,4,2,23,randomized,1,3,test,0.09214019775390625,1,1,5,101,64
L2_W64_H4,0,test:d3:t1:prandomized:tree101:i30012,4,2,23,randomized,0,3,test,-0.31868934631347656,1,0,5,101,64
L2_W64_H4,1,test:d3:t1:prandomized:tree211:i30002,4,2,23,randomized,0,3,test,-0.2557334899902344,1,0,5,211,64
L2_W64_H4,0,test:d3:t1:prandomized:tree211:i30013,4,2,23,randomized,1,3,test,0.32129859924316406,1,1,5,211,64
L2_W64_H4,1,test:d3:t1:prandomized:tree211:i30014,4,2,23,randomized,0,3,test,-0.10347557067871094,1,0,5,211,64
L2_W64_H4,1,test:d3:t1:prandomized:tree307:i30002,4,2,23,randomized,0,3,test,-0.23582839965820312,1,0,5,307,64
L2_W64_H4,0,test:d3:t1:prandomized:tree307:i30005,4,2,23,randomized,1,3,test,0.1922607421875,1,1,5,307,64
L2_W64_H4,0,test:d3:t1:prandomized:tree307:i30009,4,2,23,randomized,1,3,test,0.11843299865722656,1,1,5,307,64
L2_W64_H4,1,test:d3:t1:prandomized:tree307:i30015,4,2,23,randomized,1,3,test,0.09118080139160156,1,1,5,307,64
L2_W64_H4,0,test:d3:t2:prandomized:tree101:i30008,4,2,23,randomized,0,3,test,-0.1819782257080078,2,0,5,101,64
L2_W64_H4,1,test:d3:t2:prandomized:tree211:i30003,4,2,23,randomized,1,3,test,0.24709129333496094,2,1,5,211,64
L2_W64_H4,1,test:d3:t2:prandomized:tree211:i30006,4,2,23,randomized,0,3,test,-0.13440513610839844,2,0,5,211,64
L2_W64_H4,0,test:d3:t2:prandomized:tree211:i30008,4,2,23,randomized,0,3,test,-0.06416702270507812,2,0,5,211,64
L2_W64_H4,0,test:d3:t2:prandomized:tree307:i30004,4,2,23,randomized,0,3,test,-0.11521339416503906,2,0,5,307,64
L2_W64_H4,0,test:d3:t2:prandomized:tree307:i30012,4,2,23,randomized,0,3,test,-0.22858619689941406,2,0,5,307,64
L2_W64_H4,0,test:d3:t3:prandomized:tree101:i30008,4,2,23,randomized,0,3,test,-0.1909770965576172,3,0,5,101,64
L2_W64_H4,1,test:d3:t3:prandomized:tree211:i30003,4,2,23,randomized,1,3,test,0.2642498016357422,3,1,5,211,64
L2_W64_H4,1,test:d3:t3:prandomized:tree211:i30006,4,2,23,randomized,0,3,test,-0.1520709991455078,3,0,5,211,64
L2_W64_H4,0,test:d3:t3:prandomized:tree211:i30008,4,2,23,randomized,0,3,test,-0.07290267944335938,3,0,5,211,64
L2_W64_H4,0,test:d3:t3:prandomized:tree307:i30004,4,2,23,randomized,0,3,test,-0.12673187255859375,3,0,5,307,64
L2_W64_H4,0,test:d3:t3:prandomized:tree307:i30012,4,2,23,randomized,0,3,test,-0.25396156311035156,3,0,5,307,64
L2_W64_H4,0,validation:d3:t0:prandomized:tree101:i30008,4,2,23,randomized,0,3,validation,-0.1444091796875,0,0,5,101,64
L2_W64_H4,0,validation:d3:t0:prandomized:tree211:i30005,4,2,23,randomized,1,3,validation,0.15103530883789062,0,1,5,211,64
L2_W64_H4,1,validation:d3:t0:prandomized:tree307:i30014,4,2,23,randomized,0,3,validation,-0.21303558349609375,0,0,5,307,64
L2_W64_H4,0,validation:d3:t1:prandomized:tree101:i30008,4,2,23,randomized,0,3,validation,-0.1596546173095703,1,0,5,101,64
L2_W64_H4,0,validation:d3:t1:prandomized:tree211:i30005,4,2,23,randomized,1,3,validation,0.16452980041503906,1,1,5,211,64
L2_W64_H4,1,validation:d3:t1:prandomized:tree307:i30014,4,2,23,randomized,0,3,validation,-0.20948219299316406,1,0,5,307,64
L2_W64_H4,1,validation:d3:t2:prandomized:tree101:i30002,4,2,23,randomized,0,3,validation,-0.2201251983642578,2,0,5,101,64
L2_W64_H4,1,validation:d3:t2:prandomized:tree101:i30007,4,2,23,randomized,1,3,validation,0.13962173461914062,2,1,5,101,64
L2_W64_H4,1,validation:d3:t2:prandomized:tree101:i30010,4,2,23,randomized,0,3,validation,-0.07103347778320312,2,0,5,101,64
L2_W64_H4,0,validation:d3:t2:prandomized:tree211:i30001,4,2,23,randomized,1,3,validation,0.08605384826660156,2,1,5,211,64
L2_W64_H4,0,validation:d3:t2:prandomized:tree211:i30009,4,2,23,randomized,1,3,validation,0.07482528686523438,2,1,5,211,64
L2_W64_H4,1,validation:d3:t2:prandomized:tree307:i30010,4,2,23,randomized,0,3,validation,-0.11120033264160156,2,0,5,307,64
L2_W64_H4,1,validation:d3:t3:prandomized:tree101:i30002,4,2,23,randomized,0,3,validation,-0.23685836791992188,3,0,5,101,64
L2_W64_H4,1,validation:d3:t3:prandomized:tree101:i30007,4,2,23,randomized,1,3,validation,0.1530609130859375,3,1,5,101,64
L2_W64_H4,1,validation:d3:t3:prandomized:tree101:i30010,4,2,23,randomized,0,3,validation,-0.07786941528320312,3,0,5,101,64
L2_W64_H4,0,validation:d3:t3:prandomized:tree211:i30001,4,2,23,randomized,1,3,validation,0.09725189208984375,3,1,5,211,64
L2_W64_H4,0,validation:d3:t3:prandomized:tree211:i30009,4,2,23,randomized,1,3,validation,0.07896232604980469,3,1,5,211,64
L2_W64_H4,1,validation:d3:t3:prandomized:tree307:i30010,4,2,23,randomized,0,3,validation,-0.12301445007324219,3,0,5,307,64
L2_W64_H4,0,test:d3:t0:prandomized:tree101:i30008,4,2,23,randomized,0,3,test,-0.18430519104003906,0,0,5,101,64
L2_W64_H4,0,test:d3:t0:prandomized:tree211:i30005,4,2,23,randomized,1,3,test,0.1903839111328125,0,1,5,211,64
L2_W64_H4,1,test:d3:t0:prandomized:tree307:i30014,4,2,23,randomized,0,3,test,-0.05577850341796875,0,0,5,307,64
L2_W64_H4,0,test:d3:t1:prandomized:tree101:i30008,4,2,23,randomized,0,3,test,-0.19710922241210938,1,0,5,101,64
L2_W64_H4,0,test:d3:t1:prandomized:tree211:i30005,4,2,23,randomized,1,3,test,0.20042037963867188,1,1,5,211,64
L2_W64_H4,1,test:d3:t1:prandomized:tree307:i30014,4,2,23,randomized,0,3,test,-0.06049346923828125,1,0,5,307,64
L2_W64_H4,1,test:d3:t2:prandomized:tree101:i30002,4,2,23,randomized,0,3,test,-0.11556625366210938,2,0,5,101,64
L2_W64_H4,1,test:d3:t2:prandomized:tree101:i30007,4,2,23,randomized,1,3,test,0.08985328674316406,2,1,5,101,64
L2_W64_H4,1,test:d3:t2:prandomized:tree101:i30010,4,2,23,randomized,0,3,test,-0.05305290222167969,2,0,5,101,64
L2_W64_H4,0,test:d3:t2:prandomized:tree211:i30001,4,2,23,randomized,1,3,test,0.18088340759277344,2,1,5,211,64
L2_W64_H4,0,test:d3:t2:prandomized:tree211:i30009,4,2,23,randomized,1,3,test,0.16125869750976562,2,1,5,211,64
L2_W64_H4,1,test:d3:t2:prandomized:tree307:i30010,4,2,23,randomized,0,3,test,-0.25679779052734375,2,0,5,307,64
L2_W64_H4,1,test:d3:t3:prandomized:tree101:i30002,4,2,23,randomized,0,3,test,-0.12088775634765625,3,0,5,101,64
L2_W64_H4,1,test:d3:t3:prandomized:tree101:i30007,4,2,23,randomized,1,3,test,0.09645462036132812,3,1,5,101,64
L2_W64_H4,1,test:d3:t3:prandomized:tree101:i30010,4,2,23,randomized,0,3,test,-0.06188774108886719,3,0,5,101,64
L2_W64_H4,0,test:d3:t3:prandomized:tree211:i30001,4,2,23,randomized,1,3,test,0.1943817138671875,3,1,5,211,64
L2_W64_H4,0,test:d3:t3:prandomized:tree211:i30009,4,2,23,randomized,1,3,test,0.1762866973876953,3,1,5,211,64
L2_W64_H4,1,test:d3:t3:prandomized:tree307:i30010,4,2,23,randomized,0,3,test,-0.2671661376953125,3,0,5,307,64
L2_W64_H4,0,validation:d3:t0:prandomized:tree101:i30000,4,2,23,randomized,0,3,validation,-0.13081741333007812,0,0,5,101,64
L2_W64_H4,0,validation:d3:t0:prandomized:tree101:i30013,4,2,23,randomized,1,3,validation,0.10782623291015625,0,1,5,101,64
L2_W64_H4,1,validation:d3:t0:prandomized:tree101:i30014,4,2,23,randomized,0,3,validation,-0.061023712158203125,0,0,5,101,64
L2_W64_H4,0,validation:d3:t0:prandomized:tree307:i30000,4,2,23,randomized,0,3,validation,-0.158538818359375,0,0,5,307,64
L2_W64_H4,0,validation:d3:t1:prandomized:tree101:i30000,4,2,23,randomized,0,3,validation,-0.13251495361328125,1,0,5,101,64
L2_W64_H4,0,validation:d3:t1:prandomized:tree101:i30013,4,2,23,randomized,1,3,validation,0.1186370849609375,1,1,5,101,64
L2_W64_H4,1,validation:d3:t1:prandomized:tree101:i30014,4,2,23,randomized,0,3,validation,-0.06386375427246094,1,0,5,101,64
L2_W64_H4,0,validation:d3:t1:prandomized:tree307:i30000,4,2,23,randomized,0,3,validation,-0.1618633270263672,1,0,5,307,64
L2_W64_H4,1,validation:d3:t2:prandomized:tree101:i30006,4,2,23,randomized,0,3,validation,-0.1840534210205078,2,0,5,101,64
L2_W64_H4,0,validation:d3:t2:prandomized:tree211:i30012,4,2,23,randomized,0,3,validation,-0.06603431701660156,2,0,5,211,64
L2_W64_H4,0,validation:d3:t2:prandomized:tree307:i30000,4,2,23,randomized,0,3,validation,-0.15817832946777344,2,0,5,307,64
L2_W64_H4,1,validation:d3:t3:prandomized:tree101:i30006,4,2,23,randomized,0,3,validation,-0.181304931640625,3,0,5,101,64
L2_W64_H4,0,validation:d3:t3:prandomized:tree211:i30012,4,2,23,randomized,0,3,validation,-0.07080078125,3,0,5,211,64
L2_W64_H4,0,validation:d3:t3:prandomized:tree307:i30000,4,2,23,randomized,0,3,validation,-0.16262435913085938,3,0,5,307,64
L2_W64_H4,0,test:d3:t0:prandomized:tree101:i30000,4,2,23,randomized,0,3,test,-0.13367080688476562,0,0,5,101,64
L2_W64_H4,0,test:d3:t0:prandomized:tree101:i30013,4,2,23,randomized,1,3,test,0.1265869140625,0,1,5,101,64
L2_W64_H4,1,test:d3:t0:prandomized:tree101:i30014,4,2,23,randomized,0,3,test,-0.16196250915527344,0,0,5,101,64
L2_W64_H4,0,test:d3:t0:prandomized:tree307:i30000,4,2,23,randomized,0,3,test,-0.15070343017578125,0,0,5,307,64
L2_W64_H4,0,test:d3:t1:prandomized:tree101:i30000,4,2,23,randomized,0,3,test,-0.12804603576660156,1,0,5,101,64
L2_W64_H4,0,test:d3:t1:prandomized:tree101:i30013,4,2,23,randomized,1,3,test,0.1280193328857422,1,1,5,101,64
L2_W64_H4,1,test:d3:t1:prandomized:tree101:i30014,4,2,23,randomized,0,3,test,-0.167266845703125,1,0,5,101,64
L2_W64_H4,0,test:d3:t1:prandomized:tree307:i30000,4,2,23,randomized,0,3,test,-0.15423202514648438,1,0,5,307,64
L2_W64_H4,1,test:d3:t2:prandomized:tree101:i30006,4,2,23,randomized,0,3,test,-0.05322074890136719,2,0,5,101,64
L2_W64_H4,0,test:d3:t2:prandomized:tree211:i30012,4,2,23,randomized,0,3,test,-0.17063140869140625,2,0,5,211,64
L2_W64_H4,0,test:d3:t2:prandomized:tree307:i30000,4,2,23,randomized,0,3,test,-0.1468505859375,2,0,5,307,64
L2_W64_H4,1,test:d3:t3:prandomized:tree101:i30006,4,2,23,randomized,0,3,test,-0.053897857666015625,3,0,5,101,64
L2_W64_H4,0,test:d3:t3:prandomized:tree211:i30012,4,2,23,randomized,0,3,test,-0.1717662811279297,3,0,5,211,64
L2_W64_H4,0,test:d3:t3:prandomized:tree307:i30000,4,2,23,randomized,0,3,test,-0.15673828125,3,0,5,307,64
L2_W64_H4,1,validation:d3:t0:prandomized:tree101:i30006,4,2,23,randomized,0,3,validation,-0.15073394775390625,0,0,5,101,64
L2_W64_H4,0,validation:d3:t0:prandomized:tree211:i30004,4,2,23,randomized,0,3,validation,-0.11192512512207031,0,0,5,211,64
L2_W64_H4,1,validation:d3:t0:prandomized:tree307:i30007,4,2,23,randomized,1,3,validation,0.10268402099609375,0,1,5,307,64
L2_W64_H4,1,validation:d3:t0:prandomized:tree307:i30010,4,2,23,randomized,0,3,validation,-0.09035873413085938,0,0,5,307,64
L2_W64_H4,0,validation:d3:t0:prandomized:tree307:i30012,4,2,23,randomized,0,3,validation,-0.19367027282714844,0,0,5,307,64
L2_W64_H4,0,validation:d3:t0:prandomized:tree307:i30013,4,2,23,randomized,1,3,validation,0.25121116638183594,0,1,5,307,64
L2_W64_H4,1,validation:d3:t1:prandomized:tree101:i30006,4,2,23,randomized,0,3,validation,-0.14672279357910156,1,0,5,101,64
L2_W64_H4,0,validation:d3:t1:prandomized:tree211:i30004,4,2,23,randomized,0,3,validation,-0.11037635803222656,1,0,5,211,64
L2_W64_H4,1,validation:d3:t1:prandomized:tree307:i30007,4,2,23,randomized,1,3,validation,0.10218620300292969,1,1,5,307,64
L2_W64_H4,1,validation:d3:t1:prandomized:tree307:i30010,4,2,23,randomized,0,3,validation,-0.08506011962890625,1,0,5,307,64
L2_W64_H4,0,validation:d3:t1:prandomized:tree307:i30012,4,2,23,randomized,0,3,validation,-0.18745040893554688,1,0,5,307,64
L2_W64_H4,0,validation:d3:t1:prandomized:tree307:i30013,4,2,23,randomized,1,3,validation,0.2393951416015625,1,1,5,307,64
L2_W64_H4,0,validation:d3:t2:prandomized:tree101:i30000,4,2,23,randomized,0,3,validation,-0.10971641540527344,2,0,5,101,64
L2_W64_H4,0,validation:d3:t2:prandomized:tree101:i30005,4,2,23,randomized,1,3,validation,0.2190399169921875,2,1,5,101,64
L2_W64_H4,0,validation:d3:t2:prandomized:tree101:i30009,4,2,23,randomized,1,3,validation,0.13527679443359375,2,1,5,101,64
L2_W64_H4,0,validation:d3:t2:prandomized:tree101:i30012,4,2,23,randomized,0,3,validation,-0.21413803100585938,2,0,5,101,64
L2_W64_H4,1,validation:d3:t2:prandomized:tree307:i30002,4,2,23,randomized,0,3,validation,-0.15180397033691406,2,0,5,307,64
L2_W64_H4,0,validation:d3:t2:prandomized:tree307:i30008,4,2,23,randomized,0,3,validation,-0.03241729736328125,2,0,5,307,64
L2_W64_H4,0,validation:d3:t2:prandomized:tree307:i30009,4,2,23,randomized,1,3,validation,0.11330986022949219,2,1,5,307,64
L2_W64_H4,1,validation:d3:t2:prandomized:tree307:i30011,4,2,23,randomized,1,3,validation,0.21478652954101562,2,1,5,307,64
L2_W64_H4,0,validation:d3:t3:prandomized:tree101:i30000,4,2,23,randomized,0,3,validation,-0.1065216064453125,3,0,5,101,64
L2_W64_H4,0,validation:d3:t3:prandomized:tree101:i30005,4,2,23,randomized,1,3,validation,0.2220134735107422,3,1,5,101,64
L2_W64_H4,0,validation:d3:t3:prandomized:tree101:i30009,4,2,23,randomized,1,3,validation,0.13065338134765625,3,1,5,101,64
L2_W64_H4,0,validation:d3:t3:prandomized:tree101:i30012,4,2,23,randomized,0,3,validation,-0.21877479553222656,3,0,5,101,64
L2_W64_H4,1,validation:d3:t3:prandomized:tree307:i30002,4,2,23,randomized,0,3,validation,-0.14706993103027344,3,0,5,307,64
L2_W64_H4,0,validation:d3:t3:prandomized:tree307:i30008,4,2,23,randomized,0,3,validation,-0.02976226806640625,3,0,5,307,64
L2_W64_H4,0,validation:d3:t3:prandomized:tree307:i30009,4,2,23,randomized,1,3,validation,0.10665512084960938,3,1,5,307,64
L2_W64_H4,1,validation:d3:t3:prandomized:tree307:i30011,4,2,23,randomized,1,3,validation,0.20392799377441406,3,1,5,307,64
L2_W64_H4,1,test:d3:t0:prandomized:tree101:i30006,4,2,23,randomized,0,3,test,-0.03852081298828125,0,0,5,101,64
L2_W64_H4,0,test:d3:t0:prandomized:tree211:i30004,4,2,23,randomized,0,3,test,-0.08041191101074219,0,0,5,211,64
L2_W64_H4,1,test:d3:t0:prandomized:tree307:i30007,4,2,23,randomized,1,3,test,0.0586090087890625,0,1,5,307,64
L2_W64_H4,1,test:d3:t0:prandomized:tree307:i30010,4,2,23,randomized,0,3,test,-0.22063064575195312,0,0,5,307,64
L2_W64_H4,0,test:d3:t0:prandomized:tree307:i30012,4,2,23,randomized,0,3,test,-0.22432327270507812,0,0,5,307,64
L2_W64_H4,0,test:d3:t0:prandomized:tree307:i30013,4,2,23,randomized,1,3,test,0.1915302276611328,0,1,5,307,64
L2_W64_H4,1,test:d3:t1:prandomized:tree101:i30006,4,2,23,randomized,0,3,test,-0.03479957580566406,1,0,5,101,64
L2_W64_H4,0,test:d3:t1:prandomized:tree211:i30004,4,2,23,randomized,0,3,test,-0.07438087463378906,1,0,5,211,64
L2_W64_H4,1,test:d3:t1:prandomized:tree307:i30007,4,2,23,randomized,1,3,test,0.05461692810058594,1,1,5,307,64
L2_W64_H4,1,test:d3:t1:prandomized:tree307:i30010,4,2,23,randomized,0,3,test,-0.21791839599609375,1,0,5,307,64
L2_W64_H4,0,test:d3:t1:prandomized:tree307:i30012,4,2,23,randomized,0,3,test,-0.22063255310058594,1,0,5,307,64
L2_W64_H4,0,test:d3:t1:prandomized:tree307:i30013,4,2,23,randomized,1,3,test,0.18374061584472656,1,1,5,307,64
L2_W64_H4,0,test:d3:t2:prandomized:tree101:i30000,4,2,23,randomized,0,3,test,-0.11087608337402344,2,0,5,101,64
L2_W64_H4,0,test:d3:t2:prandomized:tree101:i30005,4,2,23,randomized,1,3,test,0.22835159301757812,2,1,5,101,64
L2_W64_H4,0,test:d3:t2:prandomized:tree101:i30009,4,2,23,randomized,1,3,test,0.15886688232421875,2,1,5,101,64
L2_W64_H4,0,test:d3:t2:prandomized:tree101:i30012,4,2,23,randomized,0,3,test,-0.22834205627441406,2,0,5,101,64
L2_W64_H4,1,test:d3:t2:prandomized:tree307:i30002,4,2,23,randomized,0,3,test,-0.21329689025878906,2,0,5,307,64
L2_W64_H4,0,test:d3:t2:prandomized:tree307:i30008,4,2,23,randomized,0,3,test,-0.0021839141845703125,2,0,5,307,64
L2_W64_H4,0,test:d3:t2:prandomized:tree307:i30009,4,2,23,randomized,1,3,test,0.08328056335449219,2,1,5,307,64
L2_W64_H4,1,test:d3:t2:prandomized:tree307:i30011,4,2,23,randomized,1,3,test,0.12066841125488281,2,1,5,307,64
L2_W64_H4,0,test:d3:t3:prandomized:tree101:i30000,4,2,23,randomized,0,3,test,-0.10761833190917969,3,0,5,101,64
L2_W64_H4,0,test:d3:t3:prandomized:tree101:i30005,4,2,23,randomized,1,3,test,0.22883033752441406,3,1,5,101,64
L2_W64_H4,0,test:d3:t3:prandomized:tree101:i30009,4,2,23,randomized,1,3,test,0.15546417236328125,3,1,5,101,64
L2_W64_H4,0,test:d3:t3:prandomized:tree101:i30012,4,2,23,randomized,0,3,test,-0.2225017547607422,3,0,5,101,64
L2_W64_H4,1,test:d3:t3:prandomized:tree307:i30002,4,2,23,randomized,0,3,test,-0.20728111267089844,3,0,5,307,64
L2_W64_H4,0,test:d3:t3:prandomized:tree307:i30008,4,2,23,randomized,0,3,test,-0.0051250457763671875,3,0,5,307,64
L2_W64_H4,0,test:d3:t3:prandomized:tree307:i30009,4,2,23,randomized,1,3,test,0.07983970642089844,3,1,5,307,64
L2_W64_H4,1,test:d3:t3:prandomized:tree307:i30011,4,2,23,randomized,1,3,test,0.11733245849609375,3,1,5,307,64
L2_W64_H4,1,validation:d3:t0:prandomized:tree211:i30006,4,2,23,randomized,0,3,validation,-0.08211517333984375,0,0,5,211,64
L2_W64_H4,0,validation:d3:t0:prandomized:tree211:i30012,4,2,23,randomized,0,3,validation,-0.03426170349121094,0,0,5,211,64
L2_W64_H4,0,validation:d3:t0:prandomized:tree307:i30004,4,2,23,randomized,0,3,validation,-0.1692943572998047,0,0,5,307,64
L2_W64_H4,1,validation:d3:t0:prandomized:tree307:i30006,4,2,23,randomized,0,3,validation,-0.0338287353515625,0,0,5,307,64
L2_W64_H4,1,validation:d3:t0:prandomized:tree307:i30011,4,2,23,randomized,1,3,validation,0.1899871826171875,0,1,5,307,64
L2_W64_H4,1,validation:d3:t1:prandomized:tree211:i30006,4,2,23,randomized,0,3,validation,-0.06612396240234375,1,0,5,211,64
L2_W64_H4,0,validation:d3:t1:prandomized:tree211:i30012,4,2,23,randomized,0,3,validation,-0.021669387817382812,1,0,5,211,64
L2_W64_H4,0,validation:d3:t1:prandomized:tree307:i30004,4,2,23,randomized,0,3,validation,-0.14689064025878906,1,0,5,307,64
L2_W64_H4,1,validation:d3:t1:prandomized:tree307:i30006,4,2,23,randomized,0,3,validation,-0.019544601440429688,1,0,5,307,64
L2_W64_H4,1,validation:d3:t1:prandomized:tree307:i30011,4,2,23,randomized,1,3,validation,0.16149520874023438,1,1,5,307,64
L2_W64_H4,1,validation:d3:t2:prandomized:tree307:i30003,4,2,23,randomized,1,3,validation,0.035671234130859375,2,1,5,307,64
L2_W64_H4,1,validation:d3:t2:prandomized:tree307:i30015,4,2,23,randomized,1,3,validation,0.15175437927246094,2,1,5,307,64
L2_W64_H4,1,validation:d3:t3:prandomized:tree307:i30003,4,2,23,randomized,1,3,validation,0.017671585083007812,3,1,5,307,64
L2_W64_H4,1,validation:d3:t3:prandomized:tree307:i30015,4,2,23,randomized,1,3,validation,0.14324378967285156,3,1,5,307,64
L2_W64_H4,1,test:d3:t0:prandomized:tree211:i30006,4,2,23,randomized,0,3,test,-0.11036491394042969,0,0,5,211,64
L2_W64_H4,0,test:d3:t0:prandomized:tree211:i30012,4,2,23,randomized,0,3,test,-0.1323394775390625,0,0,5,211,64
L2_W64_H4,0,test:d3:t0:prandomized:tree307:i30004,4,2,23,randomized,0,3,test,-0.07395553588867188,0,0,5,307,64
L2_W64_H4,1,test:d3:t0:prandomized:tree307:i30006,4,2,23,randomized,0,3,test,-0.04273796081542969,0,0,5,307,64
L2_W64_H4,1,test:d3:t0:prandomized:tree307:i30011,4,2,23,randomized,1,3,test,0.10499763488769531,0,1,5,307,64
L2_W64_H4,1,test:d3:t1:prandomized:tree211:i30006,4,2,23,randomized,0,3,test,-0.09085845947265625,1,0,5,211,64
L2_W64_H4,0,test:d3:t1:prandomized:tree211:i30012,4,2,23,randomized,0,3,test,-0.121795654296875,1,0,5,211,64
L2_W64_H4,0,test:d3:t1:prandomized:tree307:i30004,4,2,23,randomized,0,3,test,-0.058734893798828125,1,0,5,307,64
L2_W64_H4,1,test:d3:t1:prandomized:tree307:i30006,4,2,23,randomized,0,3,test,-0.025903701782226562,1,0,5,307,64
L2_W64_H4,1,test:d3:t1:prandomized:tree307:i30011,4,2,23,randomized,1,3,test,0.09014701843261719,1,1,5,307,64
L2_W64_H4,1,test:d3:t2:prandomized:tree307:i30003,4,2,23,randomized,1,3,test,0.1836261749267578,2,1,5,307,64
L2_W64_H4,1,test:d3:t2:prandomized:tree307:i30015,4,2,23,randomized,1,3,test,0.05004119873046875,2,1,5,307,64
L2_W64_H4,1,test:d3:t3:prandomized:tree307:i30003,4,2,23,randomized,1,3,test,0.16558456420898438,3,1,5,307,64
L2_W64_H4,1,test:d3:t3:prandomized:tree307:i30015,4,2,23,randomized,1,3,test,0.04382133483886719,3,1,5,307,64
L2_W64_H4,0,validation:d3:t0:prandomized:tree101:i30009,4,2,23,randomized,1,3,validation,0.10792922973632812,0,1,5,101,64
L2_W64_H4,0,validation:d3:t0:prandomized:tree211:i30001,4,2,23,randomized,1,3,validation,0.03607940673828125,0,1,5,211,64
L2_W64_H4,0,validation:d3:t0:prandomized:tree211:i30009,4,2,23,randomized,1,3,validation,0.01908111572265625,0,1,5,211,64
L2_W64_H4,1,validation:d3:t0:prandomized:tree307:i30003,4,2,23,randomized,1,3,validation,0.020902633666992188,0,1,5,307,64
L2_W64_H4,0,validation:d3:t1:prandomized:tree101:i30009,4,2,23,randomized,1,3,validation,0.09146881103515625,1,1,5,101,64
L2_W64_H4,0,validation:d3:t1:prandomized:tree211:i30001,4,2,23,randomized,1,3,validation,0.01683807373046875,1,1,5,211,64
L2_W64_H4,0,validation:d3:t1:prandomized:tree211:i30009,4,2,23,randomized,1,3,validation,-0.0018749237060546875,1,0,5,211,64
L2_W64_H4,1,validation:d3:t1:prandomized:tree307:i30003,4,2,23,randomized,1,3,validation,-0.0064525604248046875,1,0,5,307,64
L2_W64_H4,1,validation:d3:t2:prandomized:tree211:i30010,4,2,23,randomized,0,3,validation,-0.06823539733886719,2,0,5,211,64
L2_W64_H4,1,validation:d3:t2:prandomized:tree211:i30011,4,2,23,randomized,1,3,validation,0.11175155639648438,2,1,5,211,64
L2_W64_H4,0,validation:d3:t2:prandomized:tree211:i30013,4,2,23,randomized,1,3,validation,0.19968414306640625,2,1,5,211,64
L2_W64_H4,0,validation:d3:t2:prandomized:tree307:i30005,4,2,23,randomized,1,3,validation,0.09712600708007812,2,1,5,307,64
L2_W64_H4,0,validation:d3:t2:prandomized:tree307:i30013,4,2,23,randomized,1,3,validation,0.2044658660888672,2,1,5,307,64
L2_W64_H4,1,validation:d3:t2:prandomized:tree307:i30014,4,2,23,randomized,0,3,validation,-0.10520362854003906,2,0,5,307,64
L2_W64_H4,1,validation:d3:t3:prandomized:tree211:i30010,4,2,23,randomized,0,3,validation,-0.0446929931640625,3,0,5,211,64
L2_W64_H4,1,validation:d3:t3:prandomized:tree211:i30011,4,2,23,randomized,1,3,validation,0.09554100036621094,3,1,5,211,64
L2_W64_H4,0,validation:d3:t3:prandomized:tree211:i30013,4,2,23,randomized,1,3,validation,0.1782817840576172,3,1,5,211,64
L2_W64_H4,0,validation:d3:t3:prandomized:tree307:i30005,4,2,23,randomized,1,3,validation,0.08857154846191406,3,1,5,307,64
L2_W64_H4,0,validation:d3:t3:prandomized:tree307:i30013,4,2,23,randomized,1,3,validation,0.16944503784179688,3,1,5,307,64
L2_W64_H4,1,validation:d3:t3:prandomized:tree307:i30014,4,2,23,randomized,0,3,validation,-0.07600593566894531,3,0,5,307,64
L2_W64_H4,0,validation:d4:t0:paligned:tree101:i40000,4,2,23,aligned,0,4,validation,-0.16168212890625,0,0,6,101,64
L2_W64_H4,0,validation:d4:t0:paligned:tree101:i40001,4,2,23,aligned,1,4,validation,0.06088066101074219,0,1,6,101,64
L2_W64_H4,1,validation:d4:t0:paligned:tree101:i40002,4,2,23,aligned,0,4,validation,0.031068801879882812,0,1,6,101,64
L2_W64_H4,1,validation:d4:t0:paligned:tree101:i40003,4,2,23,aligned,1,4,validation,0.0052471160888671875,0,1,6,101,64
L2_W64_H4,0,validation:d4:t0:paligned:tree101:i40004,4,2,23,aligned,0,4,validation,-0.031993865966796875,0,0,6,101,64
L2_W64_H4,0,validation:d4:t0:paligned:tree101:i40005,4,2,23,aligned,1,4,validation,0.1350555419921875,0,1,6,101,64
L2_W64_H4,1,validation:d4:t0:paligned:tree101:i40006,4,2,23,aligned,0,4,validation,-0.2607269287109375,0,0,6,101,64
L2_W64_H4,1,validation:d4:t0:paligned:tree101:i40007,4,2,23,aligned,1,4,validation,0.11064338684082031,0,1,6,101,64
L2_W64_H4,0,validation:d4:t0:paligned:tree101:i40008,4,2,23,aligned,0,4,validation,0.12293243408203125,0,1,6,101,64
L2_W64_H4,0,validation:d4:t0:paligned:tree101:i40009,4,2,23,aligned,1,4,validation,-0.11674118041992188,0,0,6,101,64
L2_W64_H4,1,validation:d4:t0:paligned:tree101:i40010,4,2,23,aligned,0,4,validation,-0.19654273986816406,0,0,6,101,64
L2_W64_H4,1,validation:d4:t0:paligned:tree101:i40011,4,2,23,aligned,1,4,validation,0.008127212524414062,0,1,6,101,64
L2_W64_H4,0,validation:d4:t0:paligned:tree101:i40012,4,2,23,aligned,0,4,validation,-0.2238025665283203,0,0,6,101,64
L2_W64_H4,0,validation:d4:t0:paligned:tree101:i40013,4,2,23,aligned,1,4,validation,0.03970909118652344,0,1,6,101,64
L2_W64_H4,1,validation:d4:t0:paligned:tree101:i40014,4,2,23,aligned,0,4,validation,0.044116973876953125,0,1,6,101,64
L2_W64_H4,1,validation:d4:t0:paligned:tree101:i40015,4,2,23,aligned,1,4,validation,-0.07996749877929688,0,0,6,101,64
L2_W64_H4,0,validation:d4:t0:paligned:tree211:i40000,4,2,23,aligned,0,4,validation,-0.03945732116699219,0,0,6,211,64
L2_W64_H4,0,validation:d4:t0:paligned:tree211:i40001,4,2,23,aligned,1,4,validation,-0.03426170349121094,0,0,6,211,64
L2_W64_H4,1,validation:d4:t0:paligned:tree211:i40002,4,2,23,aligned,0,4,validation,0.09742164611816406,0,1,6,211,64
L2_W64_H4,1,validation:d4:t0:paligned:tree211:i40003,4,2,23,aligned,1,4,validation,0.050769805908203125,0,1,6,211,64
L2_W64_H4,0,validation:d4:t0:paligned:tree211:i40004,4,2,23,aligned,0,4,validation,-0.19491958618164062,0,0,6,211,64
L2_W64_H4,0,validation:d4:t0:paligned:tree211:i40005,4,2,23,aligned,1,4,validation,0.05051422119140625,0,1,6,211,64
L2_W64_H4,1,validation:d4:t0:paligned:tree211:i40006,4,2,23,aligned,0,4,validation,0.06038665771484375,0,1,6,211,64
L2_W64_H4,1,validation:d4:t0:paligned:tree211:i40007,4,2,23,aligned,1,4,validation,-0.0066070556640625,0,0,6,211,64
L2_W64_H4,0,validation:d4:t0:paligned:tree211:i40008,4,2,23,aligned,0,4,validation,-0.1732158660888672,0,0,6,211,64
L2_W64_H4,0,validation:d4:t0:paligned:tree211:i40009,4,2,23,aligned,1,4,validation,0.05332374572753906,0,1,6,211,64
L2_W64_H4,1,validation:d4:t0:paligned:tree211:i40010,4,2,23,aligned,0,4,validation,0.08078384399414062,0,1,6,211,64
L2_W64_H4,1,validation:d4:t0:paligned:tree211:i40011,4,2,23,aligned,1,4,validation,0.08371162414550781,0,1,6,211,64
L2_W64_H4,0,validation:d4:t0:paligned:tree211:i40012,4,2,23,aligned,0,4,validation,-0.08922958374023438,0,0,6,211,64
L2_W64_H4,0,validation:d4:t0:paligned:tree211:i40013,4,2,23,aligned,1,4,validation,0.0938262939453125,0,1,6,211,64
L2_W64_H4,1,validation:d4:t0:paligned:tree211:i40014,4,2,23,aligned,0,4,validation,-0.03428459167480469,0,0,6,211,64
L2_W64_H4,1,validation:d4:t0:paligned:tree211:i40015,4,2,23,aligned,1,4,validation,0.09848594665527344,0,1,6,211,64
L2_W64_H4,0,validation:d4:t0:paligned:tree307:i40000,4,2,23,aligned,0,4,validation,0.10083389282226562,0,1,6,307,64
L2_W64_H4,0,validation:d4:t0:paligned:tree307:i40001,4,2,23,aligned,1,4,validation,0.09155082702636719,0,1,6,307,64
L2_W64_H4,1,validation:d4:t0:paligned:tree307:i40002,4,2,23,aligned,0,4,validation,-0.021966934204101562,0,0,6,307,64
L2_W64_H4,1,validation:d4:t0:paligned:tree307:i40003,4,2,23,aligned,1,4,validation,0.017242431640625,0,1,6,307,64
L2_W64_H4,0,validation:d4:t0:paligned:tree307:i40004,4,2,23,aligned,0,4,validation,-0.03148651123046875,0,0,6,307,64
L2_W64_H4,0,validation:d4:t0:paligned:tree307:i40005,4,2,23,aligned,1,4,validation,0.12453269958496094,0,1,6,307,64
L2_W64_H4,1,validation:d4:t0:paligned:tree307:i40006,4,2,23,aligned,0,4,validation,0.05853462219238281,0,1,6,307,64
L2_W64_H4,1,validation:d4:t0:paligned:tree307:i40007,4,2,23,aligned,1,4,validation,0.13817977905273438,0,1,6,307,64
L2_W64_H4,0,validation:d4:t0:paligned:tree307:i40008,4,2,23,aligned,0,4,validation,-0.043323516845703125,0,0,6,307,64
L2_W64_H4,0,validation:d4:t0:paligned:tree307:i40009,4,2,23,aligned,1,4,validation,-0.04039573669433594,0,0,6,307,64
L2_W64_H4,1,validation:d4:t0:paligned:tree307:i40010,4,2,23,aligned,0,4,validation,-0.0357208251953125,0,0,6,307,64
L2_W64_H4,1,validation:d4:t0:paligned:tree307:i40011,4,2,23,aligned,1,4,validation,0.04283332824707031,0,1,6,307,64
L2_W64_H4,0,validation:d4:t0:paligned:tree307:i40012,4,2,23,aligned,0,4,validation,-0.03022003173828125,0,0,6,307,64
L2_W64_H4,0,validation:d4:t0:paligned:tree307:i40013,4,2,23,aligned,1,4,validation,0.0998077392578125,0,1,6,307,64
L2_W64_H4,1,validation:d4:t0:paligned:tree307:i40014,4,2,23,aligned,0,4,validation,-0.046291351318359375,0,0,6,307,64
L2_W64_H4,1,validation:d4:t0:paligned:tree307:i40015,4,2,23,aligned,1,4,validation,-0.03944969177246094,0,0,6,307,64
L2_W64_H4,1,validation:d4:t0:prandomized:tree101:i40007,4,2,23,randomized,1,4,validation,0.11064338684082031,0,1,6,101,64
L2_W64_H4,0,validation:d4:t0:prandomized:tree101:i40009,4,2,23,randomized,1,4,validation,-0.11674118041992188,0,0,6,101,64
L2_W64_H4,1,validation:d4:t0:prandomized:tree211:i40007,4,2,23,randomized,1,4,validation,-0.0066070556640625,0,0,6,211,64
L2_W64_H4,1,validation:d4:t0:prandomized:tree307:i40002,4,2,23,randomized,0,4,validation,-0.021966934204101562,0,0,6,307,64
L2_W64_H4,0,validation:d4:t1:paligned:tree101:i40000,4,2,23,aligned,0,4,validation,-0.1875896453857422,1,0,6,101,64
L2_W64_H4,0,validation:d4:t1:paligned:tree101:i40001,4,2,23,aligned,1,4,validation,0.08159446716308594,1,1,6,101,64
L2_W64_H4,1,validation:d4:t1:paligned:tree101:i40002,4,2,23,aligned,0,4,validation,0.008646011352539062,1,1,6,101,64
L2_W64_H4,1,validation:d4:t1:paligned:tree101:i40003,4,2,23,aligned,1,4,validation,0.020503997802734375,1,1,6,101,64
L2_W64_H4,0,validation:d4:t1:paligned:tree101:i40004,4,2,23,aligned,0,4,validation,-0.05769920349121094,1,0,6,101,64
L2_W64_H4,0,validation:d4:t1:paligned:tree101:i40005,4,2,23,aligned,1,4,validation,0.14515113830566406,1,1,6,101,64
L2_W64_H4,1,validation:d4:t1:paligned:tree101:i40006,4,2,23,aligned,0,4,validation,-0.245758056640625,1,0,6,101,64
L2_W64_H4,1,validation:d4:t1:paligned:tree101:i40007,4,2,23,aligned,1,4,validation,0.11904144287109375,1,1,6,101,64
L2_W64_H4,0,validation:d4:t1:paligned:tree101:i40008,4,2,23,aligned,0,4,validation,0.08823013305664062,1,1,6,101,64
L2_W64_H4,0,validation:d4:t1:paligned:tree101:i40009,4,2,23,aligned,1,4,validation,-0.08411598205566406,1,0,6,101,64
L2_W64_H4,1,validation:d4:t1:paligned:tree101:i40010,4,2,23,aligned,0,4,validation,-0.2107105255126953,1,0,6,101,64
L2_W64_H4,1,validation:d4:t1:paligned:tree101:i40011,4,2,23,aligned,1,4,validation,0.027683258056640625,1,1,6,101,64
L2_W64_H4,0,validation:d4:t1:paligned:tree101:i40012,4,2,23,aligned,0,4,validation,-0.23728370666503906,1,0,6,101,64
L2_W64_H4,0,validation:d4:t1:paligned:tree101:i40013,4,2,23,aligned,1,4,validation,0.06343841552734375,1,1,6,101,64
L2_W64_H4,1,validation:d4:t1:paligned:tree101:i40014,4,2,23,aligned,0,4,validation,-0.0051250457763671875,1,0,6,101,64
L2_W64_H4,1,validation:d4:t1:paligned:tree101:i40015,4,2,23,aligned,1,4,validation,-0.04145622253417969,1,0,6,101,64
L2_W64_H4,0,validation:d4:t1:paligned:tree211:i40000,4,2,23,aligned,0,4,validation,-0.05348777770996094,1,0,6,211,64
L2_W64_H4,0,validation:d4:t1:paligned:tree211:i40001,4,2,23,aligned,1,4,validation,-0.017843246459960938,1,0,6,211,64
L2_W64_H4,1,validation:d4:t1:paligned:tree211:i40002,4,2,23,aligned,0,4,validation,0.059589385986328125,1,1,6,211,64
L2_W64_H4,1,validation:d4:t1:paligned:tree211:i40003,4,2,23,aligned,1,4,validation,0.07631492614746094,1,1,6,211,64
L2_W64_H4,0,validation:d4:t1:paligned:tree211:i40004,4,2,23,aligned,0,4,validation,-0.20319557189941406,1,0,6,211,64
L2_W64_H4,0,validation:d4:t1:paligned:tree211:i40005,4,2,23,aligned,1,4,validation,0.06245231628417969,1,1,6,211,64
L2_W64_H4,1,validation:d4:t1:paligned:tree211:i40006,4,2,23,aligned,0,4,validation,0.047695159912109375,1,1,6,211,64
L2_W64_H4,1,validation:d4:t1:paligned:tree211:i40007,4,2,23,aligned,1,4,validation,0.03386878967285156,1,1,6,211,64
L2_W64_H4,0,validation:d4:t1:paligned:tree211:i40008,4,2,23,aligned,0,4,validation,-0.1831035614013672,1,0,6,211,64
L2_W64_H4,0,validation:d4:t1:paligned:tree211:i40009,4,2,23,aligned,1,4,validation,0.07757377624511719,1,1,6,211,64
L2_W64_H4,1,validation:d4:t1:paligned:tree211:i40010,4,2,23,aligned,0,4,validation,0.06966209411621094,1,1,6,211,64
L2_W64_H4,1,validation:d4:t1:paligned:tree211:i40011,4,2,23,aligned,1,4,validation,0.10478401184082031,1,1,6,211,64
L2_W64_H4,0,validation:d4:t1:paligned:tree211:i40012,4,2,23,aligned,0,4,validation,-0.11448097229003906,1,0,6,211,64
L2_W64_H4,0,validation:d4:t1:paligned:tree211:i40013,4,2,23,aligned,1,4,validation,0.11458969116210938,1,1,6,211,64
L2_W64_H4,1,validation:d4:t1:paligned:tree211:i40014,4,2,23,aligned,0,4,validation,-0.05060005187988281,1,0,6,211,64
L2_W64_H4,1,validation:d4:t1:paligned:tree211:i40015,4,2,23,aligned,1,4,validation,0.11617088317871094,1,1,6,211,64
L2_W64_H4,0,validation:d4:t1:paligned:tree307:i40000,4,2,23,aligned,0,4,validation,0.08462905883789062,1,1,6,307,64
L2_W64_H4,0,validation:d4:t1:paligned:tree307:i40001,4,2,23,aligned,1,4,validation,0.11076545715332031,1,1,6,307,64
L2_W64_H4,1,validation:d4:t1:paligned:tree307:i40002,4,2,23,aligned,0,4,validation,-0.02945709228515625,1,0,6,307,64
L2_W64_H4,1,validation:d4:t1:paligned:tree307:i40003,4,2,23,aligned,1,4,validation,0.05208587646484375,1,1,6,307,64
L2_W64_H4,0,validation:d4:t1:paligned:tree307:i40004,4,2,23,aligned,0,4,validation,-0.05174064636230469,1,0,6,307,64
L2_W64_H4,0,validation:d4:t1:paligned:tree307:i40005,4,2,23,aligned,1,4,validation,0.12627601623535156,1,1,6,307,64
L2_W64_H4,1,validation:d4:t1:paligned:tree307:i40006,4,2,23,aligned,0,4,validation,0.028329849243164062,1,1,6,307,64
L2_W64_H4,1,validation:d4:t1:paligned:tree307:i40007,4,2,23,aligned,1,4,validation,0.16142845153808594,1,1,6,307,64
L2_W64_H4,0,validation:d4:t1:paligned:tree307:i40008,4,2,23,aligned,0,4,validation,-0.05768013000488281,1,0,6,307,64
L2_W64_H4,0,validation:d4:t1:paligned:tree307:i40009,4,2,23,aligned,1,4,validation,-0.015123367309570312,1,0,6,307,64
L2_W64_H4,1,validation:d4:t1:paligned:tree307:i40010,4,2,23,aligned,0,4,validation,-0.06839179992675781,1,0,6,307,64
L2_W64_H4,1,validation:d4:t1:paligned:tree307:i40011,4,2,23,aligned,1,4,validation,0.0633087158203125,1,1,6,307,64
L2_W64_H4,0,validation:d4:t1:paligned:tree307:i40012,4,2,23,aligned,0,4,validation,-0.05455780029296875,1,0,6,307,64
L2_W64_H4,0,validation:d4:t1:paligned:tree307:i40013,4,2,23,aligned,1,4,validation,0.12022972106933594,1,1,6,307,64
L2_W64_H4,1,validation:d4:t1:paligned:tree307:i40014,4,2,23,aligned,0,4,validation,-0.06329917907714844,1,0,6,307,64
L2_W64_H4,1,validation:d4:t1:paligned:tree307:i40015,4,2,23,aligned,1,4,validation,-0.01424407958984375,1,0,6,307,64
L2_W64_H4,1,validation:d4:t1:prandomized:tree101:i40007,4,2,23,randomized,1,4,validation,0.11904144287109375,1,1,6,101,64
L2_W64_H4,0,validation:d4:t1:prandomized:tree101:i40009,4,2,23,randomized,1,4,validation,-0.08411598205566406,1,0,6,101,64
L2_W64_H4,1,validation:d4:t1:prandomized:tree211:i40007,4,2,23,randomized,1,4,validation,0.03386878967285156,1,1,6,211,64
L2_W64_H4,1,validation:d4:t1:prandomized:tree307:i40002,4,2,23,randomized,0,4,validation,-0.02945709228515625,1,0,6,307,64
L2_W64_H4,0,validation:d4:t2:paligned:tree101:i40000,4,2,23,aligned,0,4,validation,-0.16771888732910156,2,0,6,101,64
L2_W64_H4,0,validation:d4:t2:paligned:tree101:i40001,4,2,23,aligned,1,4,validation,0.06570816040039062,2,1,6,101,64
L2_W64_H4,1,validation:d4:t2:paligned:tree101:i40002,4,2,23,aligned,0,4,validation,0.027873992919921875,2,1,6,101,64
L2_W64_H4,1,validation:d4:t2:paligned:tree101:i40003,4,2,23,aligned,1,4,validation,0.010099411010742188,2,1,6,101,64
L2_W64_H4,0,validation:d4:t2:paligned:tree101:i40004,4,2,23,aligned,0,4,validation,-0.02557373046875,2,0,6,101,64
L2_W64_H4,0,validation:d4:t2:paligned:tree101:i40005,4,2,23,aligned,1,4,validation,0.1412200927734375,2,1,6,101,64
L2_W64_H4,1,validation:d4:t2:paligned:tree101:i40006,4,2,23,aligned,0,4,validation,-0.25677490234375,2,0,6,101,64
L2_W64_H4,1,validation:d4:t2:paligned:tree101:i40007,4,2,23,aligned,1,4,validation,0.11225509643554688,2,1,6,101,64
L2_W64_H4,0,validation:d4:t2:paligned:tree101:i40008,4,2,23,aligned,0,4,validation,0.10459518432617188,2,1,6,101,64
L2_W64_H4,0,validation:d4:t2:paligned:tree101:i40009,4,2,23,aligned,1,4,validation,-0.11255073547363281,2,0,6,101,64
L2_W64_H4,1,validation:d4:t2:paligned:tree101:i40010,4,2,23,aligned,0,4,validation,-0.19697952270507812,2,0,6,101,64
L2_W64_H4,1,validation:d4:t2:paligned:tree101:i40011,4,2,23,aligned,1,4,validation,0.009847640991210938,2,1,6,101,64
L2_W64_H4,0,validation:d4:t2:paligned:tree101:i40012,4,2,23,aligned,0,4,validation,-0.22004318237304688,2,0,6,101,64
L2_W64_H4,0,validation:d4:t2:paligned:tree101:i40013,4,2,23,aligned,1,4,validation,0.05628395080566406,2,1,6,101,64
L2_W64_H4,1,validation:d4:t2:paligned:tree101:i40014,4,2,23,aligned,0,4,validation,0.016155242919921875,2,1,6,101,64
L2_W64_H4,1,validation:d4:t2:paligned:tree101:i40015,4,2,23,aligned,1,4,validation,-0.05873870849609375,2,0,6,101,64
L2_W64_H4,0,validation:d4:t2:paligned:tree211:i40000,4,2,23,aligned,0,4,validation,-0.03504180908203125,2,0,6,211,64
L2_W64_H4,0,validation:d4:t2:paligned:tree211:i40001,4,2,23,aligned,1,4,validation,-0.02373504638671875,2,0,6,211,64
L2_W64_H4,1,validation:d4:t2:paligned:tree211:i40002,4,2,23,aligned,0,4,validation,0.06555366516113281,2,1,6,211,64
L2_W64_H4,1,validation:d4:t2:paligned:tree211:i40003,4,2,23,aligned,1,4,validation,0.06395721435546875,2,1,6,211,64
L2_W64_H4,0,validation:d4:t2:paligned:tree211:i40004,4,2,23,aligned,0,4,validation,-0.2005748748779297,2,0,6,211,64
L2_W64_H4,0,validation:d4:t2:paligned:tree211:i40005,4,2,23,aligned,1,4,validation,0.049224853515625,2,1,6,211,64
L2_W64_H4,1,validation:d4:t2:paligned:tree211:i40006,4,2,23,aligned,0,4,validation,0.06590843200683594,2,1,6,211,64
L2_W64_H4,1,validation:d4:t2:paligned:tree211:i40007,4,2,23,aligned,1,4,validation,0.0050506591796875,2,1,6,211,64
L2_W64_H4,0,validation:d4:t2:paligned:tree211:i40008,4,2,23,aligned,0,4,validation,-0.16730690002441406,2,0,6,211,64
L2_W64_H4,0,validation:d4:t2:paligned:tree211:i40009,4,2,23,aligned,1,4,validation,0.06284141540527344,2,1,6,211,64
L2_W64_H4,1,validation:d4:t2:paligned:tree211:i40010,4,2,23,aligned,0,4,validation,0.09587287902832031,2,1,6,211,64
L2_W64_H4,1,validation:d4:t2:paligned:tree211:i40011,4,2,23,aligned,1,4,validation,0.09621620178222656,2,1,6,211,64
L2_W64_H4,0,validation:d4:t2:paligned:tree211:i40012,4,2,23,aligned,0,4,validation,-0.09452629089355469,2,0,6,211,64
L2_W64_H4,0,validation:d4:t2:paligned:tree211:i40013,4,2,23,aligned,1,4,validation,0.09293556213378906,2,1,6,211,64
L2_W64_H4,1,validation:d4:t2:paligned:tree211:i40014,4,2,23,aligned,0,4,validation,-0.03642082214355469,2,0,6,211,64
L2_W64_H4,1,validation:d4:t2:paligned:tree211:i40015,4,2,23,aligned,1,4,validation,0.10251426696777344,2,1,6,211,64
L2_W64_H4,0,validation:d4:t2:paligned:tree307:i40000,4,2,23,aligned,0,4,validation,0.09282112121582031,2,1,6,307,64
L2_W64_H4,0,validation:d4:t2:paligned:tree307:i40001,4,2,23,aligned,1,4,validation,0.09440422058105469,2,1,6,307,64
L2_W64_H4,1,validation:d4:t2:paligned:tree307:i40002,4,2,23,aligned,0,4,validation,-0.009466171264648438,2,0,6,307,64
L2_W64_H4,1,validation:d4:t2:paligned:tree307:i40003,4,2,23,aligned,1,4,validation,0.020906448364257812,2,1,6,307,64
L2_W64_H4,0,validation:d4:t2:paligned:tree307:i40004,4,2,23,aligned,0,4,validation,-0.03882789611816406,2,0,6,307,64
L2_W64_H4,0,validation:d4:t2:paligned:tree307:i40005,4,2,23,aligned,1,4,validation,0.11264801025390625,2,1,6,307,64
L2_W64_H4,1,validation:d4:t2:paligned:tree307:i40006,4,2,23,aligned,0,4,validation,0.04081535339355469,2,1,6,307,64
L2_W64_H4,1,validation:d4:t2:paligned:tree307:i40007,4,2,23,aligned,1,4,validation,0.1379680633544922,2,1,6,307,64
L2_W64_H4,0,validation:d4:t2:paligned:tree307:i40008,4,2,23,aligned,0,4,validation,-0.045074462890625,2,0,6,307,64
L2_W64_H4,0,validation:d4:t2:paligned:tree307:i40009,4,2,23,aligned,1,4,validation,-0.03276634216308594,2,0,6,307,64
L2_W64_H4,1,validation:d4:t2:paligned:tree307:i40010,4,2,23,aligned,0,4,validation,-0.048503875732421875,2,0,6,307,64
L2_W64_H4,1,validation:d4:t2:paligned:tree307:i40011,4,2,23,aligned,1,4,validation,0.04544639587402344,2,1,6,307,64
L2_W64_H4,0,validation:d4:t2:paligned:tree307:i40012,4,2,23,aligned,0,4,validation,-0.044841766357421875,2,0,6,307,64
L2_W64_H4,0,validation:d4:t2:paligned:tree307:i40013,4,2,23,aligned,1,4,validation,0.10902786254882812,2,1,6,307,64
L2_W64_H4,1,validation:d4:t2:paligned:tree307:i40014,4,2,23,aligned,0,4,validation,-0.048686981201171875,2,0,6,307,64
L2_W64_H4,1,validation:d4:t2:paligned:tree307:i40015,4,2,23,aligned,1,4,validation,-0.034267425537109375,2,0,6,307,64
L2_W64_H4,0,validation:d4:t2:prandomized:tree101:i40004,4,2,23,randomized,0,4,validation,-0.02557373046875,2,0,6,101,64
L2_W64_H4,1,validation:d4:t2:prandomized:tree101:i40010,4,2,23,randomized,0,4,validation,-0.19697952270507812,2,0,6,101,64
L2_W64_H4,1,validation:d4:t2:prandomized:tree101:i40011,4,2,23,randomized,1,4,validation,0.009847640991210938,2,1,6,101,64
L2_W64_H4,1,validation:d4:t2:prandomized:tree211:i40003,4,2,23,randomized,1,4,validation,0.06395721435546875,2,1,6,211,64
L2_W64_H4,0,validation:d4:t2:prandomized:tree211:i40013,4,2,23,randomized,1,4,validation,0.09293556213378906,2,1,6,211,64
L2_W64_H4,0,validation:d4:t2:prandomized:tree307:i40001,4,2,23,randomized,1,4,validation,0.09440422058105469,2,1,6,307,64
L2_W64_H4,0,validation:d4:t2:prandomized:tree307:i40004,4,2,23,randomized,0,4,validation,-0.03882789611816406,2,0,6,307,64
L2_W64_H4,0,validation:d4:t2:prandomized:tree307:i40005,4,2,23,randomized,1,4,validation,0.11264801025390625,2,1,6,307,64
L2_W64_H4,0,validation:d4:t3:paligned:tree101:i40000,4,2,23,aligned,0,4,validation,-0.17052459716796875,3,0,6,101,64
L2_W64_H4,0,validation:d4:t3:paligned:tree101:i40001,4,2,23,aligned,1,4,validation,0.06430816650390625,3,1,6,101,64
L2_W64_H4,1,validation:d4:t3:paligned:tree101:i40002,4,2,23,aligned,0,4,validation,0.029705047607421875,3,1,6,101,64
L2_W64_H4,1,validation:d4:t3:paligned:tree101:i40003,4,2,23,aligned,1,4,validation,0.0056056976318359375,3,1,6,101,64
L2_W64_H4,0,validation:d4:t3:paligned:tree101:i40004,4,2,23,aligned,0,4,validation,-0.04315757751464844,3,0,6,101,64
L2_W64_H4,0,validation:d4:t3:paligned:tree101:i40005,4,2,23,aligned,1,4,validation,0.1348133087158203,3,1,6,101,64
L2_W64_H4,1,validation:d4:t3:paligned:tree101:i40006,4,2,23,aligned,0,4,validation,-0.243133544921875,3,0,6,101,64
L2_W64_H4,1,validation:d4:t3:paligned:tree101:i40007,4,2,23,aligned,1,4,validation,0.10681533813476562,3,1,6,101,64
L2_W64_H4,0,validation:d4:t3:paligned:tree101:i40008,4,2,23,aligned,0,4,validation,0.11104583740234375,3,1,6,101,64
L2_W64_H4,0,validation:d4:t3:paligned:tree101:i40009,4,2,23,aligned,1,4,validation,-0.10696029663085938,3,0,6,101,64
L2_W64_H4,1,validation:d4:t3:paligned:tree101:i40010,4,2,23,aligned,0,4,validation,-0.1952667236328125,3,0,6,101,64
L2_W64_H4,1,validation:d4:t3:paligned:tree101:i40011,4,2,23,aligned,1,4,validation,0.0074176788330078125,3,1,6,101,64
L2_W64_H4,0,validation:d4:t3:paligned:tree101:i40012,4,2,23,aligned,0,4,validation,-0.22569656372070312,3,0,6,101,64
L2_W64_H4,0,validation:d4:t3:paligned:tree101:i40013,4,2,23,aligned,1,4,validation,0.0322418212890625,3,1,6,101,64
L2_W64_H4,1,validation:d4:t3:paligned:tree101:i40014,4,2,23,aligned,0,4,validation,0.01692962646484375,3,1,6,101,64
L2_W64_H4,1,validation:d4:t3:paligned:tree101:i40015,4,2,23,aligned,1,4,validation,-0.05895042419433594,3,0,6,101,64
L2_W64_H4,0,validation:d4:t3:paligned:tree211:i40000,4,2,23,aligned,0,4,validation,-0.03441810607910156,3,0,6,211,64
L2_W64_H4,0,validation:d4:t3:paligned:tree211:i40001,4,2,23,aligned,1,4,validation,-0.03375434875488281,3,0,6,211,64
L2_W64_H4,1,validation:d4:t3:paligned:tree211:i40002,4,2,23,aligned,0,4,validation,0.08412933349609375,3,1,6,211,64
L2_W64_H4,1,validation:d4:t3:paligned:tree211:i40003,4,2,23,aligned,1,4,validation,0.05866050720214844,3,1,6,211,64
L2_W64_H4,0,validation:d4:t3:paligned:tree211:i40004,4,2,23,aligned,0,4,validation,-0.19235610961914062,3,0,6,211,64
L2_W64_H4,0,validation:d4:t3:paligned:tree211:i40005,4,2,23,aligned,1,4,validation,0.05406761169433594,3,1,6,211,64
L2_W64_H4,1,validation:d4:t3:paligned:tree211:i40006,4,2,23,aligned,0,4,validation,0.06424522399902344,3,1,6,211,64
L2_W64_H4,1,validation:d4:t3:paligned:tree211:i40007,4,2,23,aligned,1,4,validation,-0.0031452178955078125,3,0,6,211,64
L2_W64_H4,0,validation:d4:t3:paligned:tree211:i40008,4,2,23,aligned,0,4,validation,-0.16188812255859375,3,0,6,211,64
L2_W64_H4,0,validation:d4:t3:paligned:tree211:i40009,4,2,23,aligned,1,4,validation,0.058013916015625,3,1,6,211,64
L2_W64_H4,1,validation:d4:t3:paligned:tree211:i40010,4,2,23,aligned,0,4,validation,0.09062576293945312,3,1,6,211,64
L2_W64_H4,1,validation:d4:t3:paligned:tree211:i40011,4,2,23,aligned,1,4,validation,0.08518791198730469,3,1,6,211,64
L2_W64_H4,0,validation:d4:t3:paligned:tree211:i40012,4,2,23,aligned,0,4,validation,-0.09306144714355469,3,0,6,211,64
L2_W64_H4,0,validation:d4:t3:paligned:tree211:i40013,4,2,23,aligned,1,4,validation,0.09414100646972656,3,1,6,211,64
L2_W64_H4,1,validation:d4:t3:paligned:tree211:i40014,4,2,23,aligned,0,4,validation,-0.03457069396972656,3,0,6,211,64
L2_W64_H4,1,validation:d4:t3:paligned:tree211:i40015,4,2,23,aligned,1,4,validation,0.10068702697753906,3,1,6,211,64
L2_W64_H4,0,validation:d4:t3:paligned:tree307:i40000,4,2,23,aligned,0,4,validation,0.10110282897949219,3,1,6,307,64
L2_W64_H4,0,validation:d4:t3:paligned:tree307:i40001,4,2,23,aligned,1,4,validation,0.09336471557617188,3,1,6,307,64
L2_W64_H4,1,validation:d4:t3:paligned:tree307:i40002,4,2,23,aligned,0,4,validation,-0.012895584106445312,3,0,6,307,64
L2_W64_H4,1,validation:d4:t3:paligned:tree307:i40003,4,2,23,aligned,1,4,validation,0.029926300048828125,3,1,6,307,64
L2_W64_H4,0,validation:d4:t3:paligned:tree307:i40004,4,2,23,aligned,0,4,validation,-0.034618377685546875,3,0,6,307,64
L2_W64_H4,0,validation:d4:t3:paligned:tree307:i40005,4,2,23,aligned,1,4,validation,0.10844230651855469,3,1,6,307,64
L2_W64_H4,1,validation:d4:t3:paligned:tree307:i40006,4,2,23,aligned,0,4,validation,0.04396247863769531,3,1,6,307,64
L2_W64_H4,1,validation:d4:t3:paligned:tree307:i40007,4,2,23,aligned,1,4,validation,0.14643096923828125,3,1,6,307,64
L2_W64_H4,0,validation:d4:t3:paligned:tree307:i40008,4,2,23,aligned,0,4,validation,-0.042144775390625,3,0,6,307,64
L2_W64_H4,0,validation:d4:t3:paligned:tree307:i40009,4,2,23,aligned,1,4,validation,-0.03388404846191406,3,0,6,307,64
L2_W64_H4,1,validation:d4:t3:paligned:tree307:i40010,4,2,23,aligned,0,4,validation,-0.04522705078125,3,0,6,307,64
L2_W64_H4,1,validation:d4:t3:paligned:tree307:i40011,4,2,23,aligned,1,4,validation,0.0459442138671875,3,1,6,307,64
L2_W64_H4,0,validation:d4:t3:paligned:tree307:i40012,4,2,23,aligned,0,4,validation,-0.03448486328125,3,0,6,307,64
L2_W64_H4,0,validation:d4:t3:paligned:tree307:i40013,4,2,23,aligned,1,4,validation,0.10178375244140625,3,1,6,307,64
L2_W64_H4,1,validation:d4:t3:paligned:tree307:i40014,4,2,23,aligned,0,4,validation,-0.04308509826660156,3,0,6,307,64
L2_W64_H4,1,validation:d4:t3:paligned:tree307:i40015,4,2,23,aligned,1,4,validation,-0.029146194458007812,3,0,6,307,64
L2_W64_H4,0,validation:d4:t3:prandomized:tree101:i40004,4,2,23,randomized,0,4,validation,-0.04315757751464844,3,0,6,101,64
L2_W64_H4,1,validation:d4:t3:prandomized:tree101:i40010,4,2,23,randomized,0,4,validation,-0.1952667236328125,3,0,6,101,64
L2_W64_H4,1,validation:d4:t3:prandomized:tree101:i40011,4,2,23,randomized,1,4,validation,0.0074176788330078125,3,1,6,101,64
L2_W64_H4,1,validation:d4:t3:prandomized:tree211:i40003,4,2,23,randomized,1,4,validation,0.05866050720214844,3,1,6,211,64
L2_W64_H4,0,validation:d4:t3:prandomized:tree211:i40013,4,2,23,randomized,1,4,validation,0.09414100646972656,3,1,6,211,64
L2_W64_H4,0,validation:d4:t3:prandomized:tree307:i40001,4,2,23,randomized,1,4,validation,0.09336471557617188,3,1,6,307,64
L2_W64_H4,0,validation:d4:t3:prandomized:tree307:i40004,4,2,23,randomized,0,4,validation,-0.034618377685546875,3,0,6,307,64
L2_W64_H4,0,validation:d4:t3:prandomized:tree307:i40005,4,2,23,randomized,1,4,validation,0.10844230651855469,3,1,6,307,64
L2_W64_H4,0,test:d3:t0:prandomized:tree101:i30009,4,2,23,randomized,1,3,test,0.11111259460449219,0,1,5,101,64
L2_W64_H4,0,test:d3:t0:prandomized:tree211:i30001,4,2,23,randomized,1,3,test,0.119781494140625,0,1,5,211,64
L2_W64_H4,0,test:d3:t0:prandomized:tree211:i30009,4,2,23,randomized,1,3,test,0.11608505249023438,0,1,5,211,64
L2_W64_H4,1,test:d3:t0:prandomized:tree307:i30003,4,2,23,randomized,1,3,test,0.16828536987304688,0,1,5,307,64
L2_W64_H4,0,test:d3:t1:prandomized:tree101:i30009,4,2,23,randomized,1,3,test,0.08914947509765625,1,1,5,101,64
L2_W64_H4,0,test:d3:t1:prandomized:tree211:i30001,4,2,23,randomized,1,3,test,0.08977508544921875,1,1,5,211,64
L2_W64_H4,0,test:d3:t1:prandomized:tree211:i30009,4,2,23,randomized,1,3,test,0.101318359375,1,1,5,211,64
L2_W64_H4,1,test:d3:t1:prandomized:tree307:i30003,4,2,23,randomized,1,3,test,0.1428813934326172,1,1,5,307,64
L2_W64_H4,1,test:d3:t2:prandomized:tree211:i30010,4,2,23,randomized,0,3,test,-0.09307098388671875,2,0,5,211,64
L2_W64_H4,1,test:d3:t2:prandomized:tree211:i30011,4,2,23,randomized,1,3,test,0.06444931030273438,2,1,5,211,64
L2_W64_H4,0,test:d3:t2:prandomized:tree211:i30013,4,2,23,randomized,1,3,test,0.18754196166992188,2,1,5,211,64
L2_W64_H4,0,test:d3:t2:prandomized:tree307:i30005,4,2,23,randomized,1,3,test,0.13727760314941406,2,1,5,307,64
L2_W64_H4,0,test:d3:t2:prandomized:tree307:i30013,4,2,23,randomized,1,3,test,0.15636444091796875,2,1,5,307,64
L2_W64_H4,1,test:d3:t2:prandomized:tree307:i30014,4,2,23,randomized,0,3,test,-0.010290145874023438,2,0,5,307,64
L2_W64_H4,1,test:d3:t3:prandomized:tree211:i30010,4,2,23,randomized,0,3,test,-0.06631660461425781,3,0,5,211,64
L2_W64_H4,1,test:d3:t3:prandomized:tree211:i30011,4,2,23,randomized,1,3,test,0.05462455749511719,3,1,5,211,64
L2_W64_H4,0,test:d3:t3:prandomized:tree211:i30013,4,2,23,randomized,1,3,test,0.15710067749023438,3,1,5,211,64
L2_W64_H4,0,test:d3:t3:prandomized:tree307:i30005,4,2,23,randomized,1,3,test,0.11297225952148438,3,1,5,307,64
L2_W64_H4,0,test:d3:t3:prandomized:tree307:i30013,4,2,23,randomized,1,3,test,0.12587738037109375,3,1,5,307,64
L2_W64_H4,1,test:d3:t3:prandomized:tree307:i30014,4,2,23,randomized,0,3,test,0.0030670166015625,3,1,5,307,64
L2_W64_H4,0,test:d4:t0:paligned:tree101:i40000,4,2,23,aligned,0,4,test,-0.151092529296875,0,0,6,101,64
L2_W64_H4,0,test:d4:t0:paligned:tree101:i40001,4,2,23,aligned,1,4,test,0.19491958618164062,0,1,6,101,64
L2_W64_H4,1,test:d4:t0:paligned:tree101:i40002,4,2,23,aligned,0,4,test,0.015443801879882812,0,1,6,101,64
L2_W64_H4,1,test:d4:t0:paligned:tree101:i40003,4,2,23,aligned,1,4,test,-0.08984184265136719,0,0,6,101,64
L2_W64_H4,0,test:d4:t0:paligned:tree101:i40004,4,2,23,aligned,0,4,test,-0.15990829467773438,0,0,6,101,64
L2_W64_H4,0,test:d4:t0:paligned:tree101:i40005,4,2,23,aligned,1,4,test,0.12627029418945312,0,1,6,101,64
L2_W64_H4,1,test:d4:t0:paligned:tree101:i40006,4,2,23,aligned,0,4,test,-0.15175437927246094,0,0,6,101,64
L2_W64_H4,1,test:d4:t0:paligned:tree101:i40007,4,2,23,aligned,1,4,test,0.19362640380859375,0,1,6,101,64
L2_W64_H4,0,test:d4:t0:paligned:tree101:i40008,4,2,23,aligned,0,4,test,-0.10189628601074219,0,0,6,101,64
L2_W64_H4,0,test:d4:t0:paligned:tree101:i40009,4,2,23,aligned,1,4,test,0.1129150390625,0,1,6,101,64
L2_W64_H4,1,test:d4:t0:paligned:tree101:i40010,4,2,23,aligned,0,4,test,0.07618904113769531,0,1,6,101,64
L2_W64_H4,1,test:d4:t0:paligned:tree101:i40011,4,2,23,aligned,1,4,test,0.017797470092773438,0,1,6,101,64
L2_W64_H4,0,test:d4:t0:paligned:tree101:i40012,4,2,23,aligned,0,4,test,-0.035694122314453125,0,0,6,101,64
L2_W64_H4,0,test:d4:t0:paligned:tree101:i40013,4,2,23,aligned,1,4,test,0.08362007141113281,0,1,6,101,64
L2_W64_H4,1,test:d4:t0:paligned:tree101:i40014,4,2,23,aligned,0,4,test,-0.078033447265625,0,0,6,101,64
L2_W64_H4,1,test:d4:t0:paligned:tree101:i40015,4,2,23,aligned,1,4,test,-0.03213691711425781,0,0,6,101,64
L2_W64_H4,0,test:d4:t0:paligned:tree211:i40000,4,2,23,aligned,0,4,test,-0.01581573486328125,0,0,6,211,64
L2_W64_H4,0,test:d4:t0:paligned:tree211:i40001,4,2,23,aligned,1,4,test,0.1407756805419922,0,1,6,211,64
L2_W64_H4,1,test:d4:t0:paligned:tree211:i40002,4,2,23,aligned,0,4,test,-0.10400772094726562,0,0,6,211,64
L2_W64_H4,1,test:d4:t0:paligned:tree211:i40003,4,2,23,aligned,1,4,test,0.022396087646484375,0,1,6,211,64
L2_W64_H4,0,test:d4:t0:paligned:tree211:i40004,4,2,23,aligned,0,4,test,0.0113067626953125,0,1,6,211,64
L2_W64_H4,0,test:d4:t0:paligned:tree211:i40005,4,2,23,aligned,1,4,test,-0.08017730712890625,0,0,6,211,64
L2_W64_H4,1,test:d4:t0:paligned:tree211:i40006,4,2,23,aligned,0,4,test,0.10550308227539062,0,1,6,211,64
L2_W64_H4,1,test:d4:t0:paligned:tree211:i40007,4,2,23,aligned,1,4,test,-0.014146804809570312,0,0,6,211,64
L2_W64_H4,0,test:d4:t0:paligned:tree211:i40008,4,2,23,aligned,0,4,test,0.023115158081054688,0,1,6,211,64
L2_W64_H4,0,test:d4:t0:paligned:tree211:i40009,4,2,23,aligned,1,4,test,-0.025476455688476562,0,0,6,211,64
L2_W64_H4,1,test:d4:t0:paligned:tree211:i40010,4,2,23,aligned,0,4,test,-0.0218505859375,0,0,6,211,64
L2_W64_H4,1,test:d4:t0:paligned:tree211:i40011,4,2,23,aligned,1,4,test,0.06326103210449219,0,1,6,211,64
L2_W64_H4,0,test:d4:t0:paligned:tree211:i40012,4,2,23,aligned,0,4,test,0.03724098205566406,0,1,6,211,64
L2_W64_H4,0,test:d4:t0:paligned:tree211:i40013,4,2,23,aligned,1,4,test,0.1282196044921875,0,1,6,211,64
L2_W64_H4,1,test:d4:t0:paligned:tree211:i40014,4,2,23,aligned,0,4,test,0.0041484832763671875,0,1,6,211,64
L2_W64_H4,1,test:d4:t0:paligned:tree211:i40015,4,2,23,aligned,1,4,test,0.19645118713378906,0,1,6,211,64
L2_W64_H4,0,test:d4:t0:paligned:tree307:i40000,4,2,23,aligned,0,4,test,-0.0437469482421875,0,0,6,307,64
L2_W64_H4,0,test:d4:t0:paligned:tree307:i40001,4,2,23,aligned,1,4,test,0.06785202026367188,0,1,6,307,64
L2_W64_H4,1,test:d4:t0:paligned:tree307:i40002,4,2,23,aligned,0,4,test,-0.04232025146484375,0,0,6,307,64
L2_W64_H4,1,test:d4:t0:paligned:tree307:i40003,4,2,23,aligned,1,4,test,0.09537887573242188,0,1,6,307,64
L2_W64_H4,0,test:d4:t0:paligned:tree307:i40004,4,2,23,aligned,0,4,test,0.010913848876953125,0,1,6,307,64
L2_W64_H4,0,test:d4:t0:paligned:tree307:i40005,4,2,23,aligned,1,4,test,-0.0075626373291015625,0,0,6,307,64
L2_W64_H4,1,test:d4:t0:paligned:tree307:i40006,4,2,23,aligned,0,4,test,-0.0988006591796875,0,0,6,307,64
L2_W64_H4,1,test:d4:t0:paligned:tree307:i40007,4,2,23,aligned,1,4,test,0.12652587890625,0,1,6,307,64
L2_W64_H4,0,test:d4:t0:paligned:tree307:i40008,4,2,23,aligned,0,4,test,0.026218414306640625,0,1,6,307,64
L2_W64_H4,0,test:d4:t0:paligned:tree307:i40009,4,2,23,aligned,1,4,test,-0.012380599975585938,0,0,6,307,64
L2_W64_H4,1,test:d4:t0:paligned:tree307:i40010,4,2,23,aligned,0,4,test,0.16582870483398438,0,1,6,307,64
L2_W64_H4,1,test:d4:t0:paligned:tree307:i40011,4,2,23,aligned,1,4,test,0.07735443115234375,0,1,6,307,64
L2_W64_H4,0,test:d4:t0:paligned:tree307:i40012,4,2,23,aligned,0,4,test,-0.09564018249511719,0,0,6,307,64
L2_W64_H4,0,test:d4:t0:paligned:tree307:i40013,4,2,23,aligned,1,4,test,0.05853843688964844,0,1,6,307,64
L2_W64_H4,1,test:d4:t0:paligned:tree307:i40014,4,2,23,aligned,0,4,test,0.015092849731445312,0,1,6,307,64
L2_W64_H4,1,test:d4:t0:paligned:tree307:i40015,4,2,23,aligned,1,4,test,0.0033817291259765625,0,1,6,307,64
L2_W64_H4,1,test:d4:t0:prandomized:tree101:i40007,4,2,23,randomized,1,4,test,0.19362640380859375,0,1,6,101,64
L2_W64_H4,0,test:d4:t0:prandomized:tree101:i40009,4,2,23,randomized,1,4,test,0.1129150390625,0,1,6,101,64
L2_W64_H4,1,test:d4:t0:prandomized:tree211:i40007,4,2,23,randomized,1,4,test,-0.014146804809570312,0,0,6,211,64
L2_W64_H4,1,test:d4:t0:prandomized:tree307:i40002,4,2,23,randomized,0,4,test,-0.04232025146484375,0,0,6,307,64
L2_W64_H4,0,test:d4:t1:paligned:tree101:i40000,4,2,23,aligned,0,4,test,-0.18359756469726562,1,0,6,101,64
L2_W64_H4,0,test:d4:t1:paligned:tree101:i40001,4,2,23,aligned,1,4,test,0.212188720703125,1,1,6,101,64
L2_W64_H4,1,test:d4:t1:paligned:tree101:i40002,4,2,23,aligned,0,4,test,0.009876251220703125,1,1,6,101,64
L2_W64_H4,1,test:d4:t1:paligned:tree101:i40003,4,2,23,aligned,1,4,test,-0.0611724853515625,1,0,6,101,64
L2_W64_H4,0,test:d4:t1:paligned:tree101:i40004,4,2,23,aligned,0,4,test,-0.16913986206054688,1,0,6,101,64
L2_W64_H4,0,test:d4:t1:paligned:tree101:i40005,4,2,23,aligned,1,4,test,0.13544273376464844,1,1,6,101,64
L2_W64_H4,1,test:d4:t1:paligned:tree101:i40006,4,2,23,aligned,0,4,test,-0.1762409210205078,1,0,6,101,64
L2_W64_H4,1,test:d4:t1:paligned:tree101:i40007,4,2,23,aligned,1,4,test,0.21214675903320312,1,1,6,101,64
L2_W64_H4,0,test:d4:t1:paligned:tree101:i40008,4,2,23,aligned,0,4,test,-0.11174774169921875,1,0,6,101,64
L2_W64_H4,0,test:d4:t1:paligned:tree101:i40009,4,2,23,aligned,1,4,test,0.1290607452392578,1,1,6,101,64
L2_W64_H4,1,test:d4:t1:paligned:tree101:i40010,4,2,23,aligned,0,4,test,0.038974761962890625,1,1,6,101,64
L2_W64_H4,1,test:d4:t1:paligned:tree101:i40011,4,2,23,aligned,1,4,test,0.04472160339355469,1,1,6,101,64
L2_W64_H4,0,test:d4:t1:paligned:tree101:i40012,4,2,23,aligned,0,4,test,-0.05804443359375,1,0,6,101,64
L2_W64_H4,0,test:d4:t1:paligned:tree101:i40013,4,2,23,aligned,1,4,test,0.11043739318847656,1,1,6,101,64
L2_W64_H4,1,test:d4:t1:paligned:tree101:i40014,4,2,23,aligned,0,4,test,-0.09171485900878906,1,0,6,101,64
L2_W64_H4,1,test:d4:t1:paligned:tree101:i40015,4,2,23,aligned,1,4,test,-0.00876617431640625,1,0,6,101,64
L2_W64_H4,0,test:d4:t1:paligned:tree211:i40000,4,2,23,aligned,0,4,test,-0.03045654296875,1,0,6,211,64
L2_W64_H4,0,test:d4:t1:paligned:tree211:i40001,4,2,23,aligned,1,4,test,0.14792442321777344,1,1,6,211,64
L2_W64_H4,1,test:d4:t1:paligned:tree211:i40002,4,2,23,aligned,0,4,test,-0.11430931091308594,1,0,6,211,64
L2_W64_H4,1,test:d4:t1:paligned:tree211:i40003,4,2,23,aligned,1,4,test,0.028759002685546875,1,1,6,211,64
L2_W64_H4,0,test:d4:t1:paligned:tree211:i40004,4,2,23,aligned,0,4,test,-0.018888473510742188,1,0,6,211,64
L2_W64_H4,0,test:d4:t1:paligned:tree211:i40005,4,2,23,aligned,1,4,test,-0.04031562805175781,1,0,6,211,64
L2_W64_H4,1,test:d4:t1:paligned:tree211:i40006,4,2,23,aligned,0,4,test,0.07517051696777344,1,1,6,211,64
L2_W64_H4,1,test:d4:t1:paligned:tree211:i40007,4,2,23,aligned,1,4,test,0.01686859130859375,1,1,6,211,64
L2_W64_H4,0,test:d4:t1:paligned:tree211:i40008,4,2,23,aligned,0,4,test,0.008211135864257812,1,1,6,211,64
L2_W64_H4,0,test:d4:t1:paligned:tree211:i40009,4,2,23,aligned,1,4,test,-0.0009517669677734375,1,0,6,211,64
L2_W64_H4,1,test:d4:t1:paligned:tree211:i40010,4,2,23,aligned,0,4,test,-0.04528999328613281,1,0,6,211,64
L2_W64_H4,1,test:d4:t1:paligned:tree211:i40011,4,2,23,aligned,1,4,test,0.07365989685058594,1,1,6,211,64
L2_W64_H4,0,test:d4:t1:paligned:tree211:i40012,4,2,23,aligned,0,4,test,0.013502120971679688,1,1,6,211,64
L2_W64_H4,0,test:d4:t1:paligned:tree211:i40013,4,2,23,aligned,1,4,test,0.130645751953125,1,1,6,211,64
L2_W64_H4,1,test:d4:t1:paligned:tree211:i40014,4,2,23,aligned,0,4,test,-0.012521743774414062,1,0,6,211,64
L2_W64_H4,1,test:d4:t1:paligned:tree211:i40015,4,2,23,aligned,1,4,test,0.20803260803222656,1,1,6,211,64
L2_W64_H4,0,test:d4:t1:paligned:tree307:i40000,4,2,23,aligned,0,4,test,-0.05527687072753906,1,0,6,307,64
L2_W64_H4,0,test:d4:t1:paligned:tree307:i40001,4,2,23,aligned,1,4,test,0.08850860595703125,1,1,6,307,64
L2_W64_H4,1,test:d4:t1:paligned:tree307:i40002,4,2,23,aligned,0,4,test,-0.059650421142578125,1,0,6,307,64
L2_W64_H4,1,test:d4:t1:paligned:tree307:i40003,4,2,23,aligned,1,4,test,0.1286449432373047,1,1,6,307,64
L2_W64_H4,0,test:d4:t1:paligned:tree307:i40004,4,2,23,aligned,0,4,test,-0.024715423583984375,1,0,6,307,64
L2_W64_H4,0,test:d4:t1:paligned:tree307:i40005,4,2,23,aligned,1,4,test,0.026590347290039062,1,1,6,307,64
L2_W64_H4,1,test:d4:t1:paligned:tree307:i40006,4,2,23,aligned,0,4,test,-0.11417388916015625,1,0,6,307,64
L2_W64_H4,1,test:d4:t1:paligned:tree307:i40007,4,2,23,aligned,1,4,test,0.1459827423095703,1,1,6,307,64
L2_W64_H4,0,test:d4:t1:paligned:tree307:i40008,4,2,23,aligned,0,4,test,0.0008697509765625,1,1,6,307,64
L2_W64_H4,0,test:d4:t1:paligned:tree307:i40009,4,2,23,aligned,1,4,test,0.002521514892578125,1,1,6,307,64
L2_W64_H4,1,test:d4:t1:paligned:tree307:i40010,4,2,23,aligned,0,4,test,0.1354694366455078,1,1,6,307,64
L2_W64_H4,1,test:d4:t1:paligned:tree307:i40011,4,2,23,aligned,1,4,test,0.092132568359375,1,1,6,307,64
L2_W64_H4,0,test:d4:t1:paligned:tree307:i40012,4,2,23,aligned,0,4,test,-0.10785102844238281,1,0,6,307,64
L2_W64_H4,0,test:d4:t1:paligned:tree307:i40013,4,2,23,aligned,1,4,test,0.07160758972167969,1,1,6,307,64
L2_W64_H4,1,test:d4:t1:paligned:tree307:i40014,4,2,23,aligned,0,4,test,-0.0082244873046875,1,0,6,307,64
L2_W64_H4,1,test:d4:t1:paligned:tree307:i40015,4,2,23,aligned,1,4,test,0.00420379638671875,1,1,6,307,64
L2_W64_H4,1,test:d4:t1:prandomized:tree101:i40007,4,2,23,randomized,1,4,test,0.21214675903320312,1,1,6,101,64
L2_W64_H4,0,test:d4:t1:prandomized:tree101:i40009,4,2,23,randomized,1,4,test,0.1290607452392578,1,1,6,101,64
L2_W64_H4,1,test:d4:t1:prandomized:tree211:i40007,4,2,23,randomized,1,4,test,0.01686859130859375,1,1,6,211,64
L2_W64_H4,1,test:d4:t1:prandomized:tree307:i40002,4,2,23,randomized,0,4,test,-0.059650421142578125,1,0,6,307,64
L2_W64_H4,0,test:d4:t2:paligned:tree101:i40000,4,2,23,aligned,0,4,test,-0.16096878051757812,2,0,6,101,64
L2_W64_H4,0,test:d4:t2:paligned:tree101:i40001,4,2,23,aligned,1,4,test,0.1941070556640625,2,1,6,101,64
L2_W64_H4,1,test:d4:t2:paligned:tree101:i40002,4,2,23,aligned,0,4,test,0.00635528564453125,2,1,6,101,64
L2_W64_H4,1,test:d4:t2:paligned:tree101:i40003,4,2,23,aligned,1,4,test,-0.07105445861816406,2,0,6,101,64
L2_W64_H4,0,test:d4:t2:paligned:tree101:i40004,4,2,23,aligned,0,4,test,-0.1729888916015625,2,0,6,101,64
L2_W64_H4,0,test:d4:t2:paligned:tree101:i40005,4,2,23,aligned,1,4,test,0.12661361694335938,2,1,6,101,64
L2_W64_H4,1,test:d4:t2:paligned:tree101:i40006,4,2,23,aligned,0,4,test,-0.1538066864013672,2,0,6,101,64
L2_W64_H4,1,test:d4:t2:paligned:tree101:i40007,4,2,23,aligned,1,4,test,0.19347381591796875,2,1,6,101,64
L2_W64_H4,0,test:d4:t2:paligned:tree101:i40008,4,2,23,aligned,0,4,test,-0.10933113098144531,2,0,6,101,64
L2_W64_H4,0,test:d4:t2:paligned:tree101:i40009,4,2,23,aligned,1,4,test,0.12189674377441406,2,1,6,101,64
L2_W64_H4,1,test:d4:t2:paligned:tree101:i40010,4,2,23,aligned,0,4,test,0.05135345458984375,2,1,6,101,64
L2_W64_H4,1,test:d4:t2:paligned:tree101:i40011,4,2,23,aligned,1,4,test,0.024959564208984375,2,1,6,101,64
L2_W64_H4,0,test:d4:t2:paligned:tree101:i40012,4,2,23,aligned,0,4,test,-0.04500579833984375,2,0,6,101,64
L2_W64_H4,0,test:d4:t2:paligned:tree101:i40013,4,2,23,aligned,1,4,test,0.086761474609375,2,1,6,101,64
L2_W64_H4,1,test:d4:t2:paligned:tree101:i40014,4,2,23,aligned,0,4,test,-0.07330131530761719,2,0,6,101,64
L2_W64_H4,1,test:d4:t2:paligned:tree101:i40015,4,2,23,aligned,1,4,test,-0.023473739624023438,2,0,6,101,64
L2_W64_H4,0,test:d4:t2:paligned:tree211:i40000,4,2,23,aligned,0,4,test,-0.021375656127929688,2,0,6,211,64
L2_W64_H4,0,test:d4:t2:paligned:tree211:i40001,4,2,23,aligned,1,4,test,0.14069366455078125,2,1,6,211,64
L2_W64_H4,1,test:d4:t2:paligned:tree211:i40002,4,2,23,aligned,0,4,test,-0.111419677734375,2,0,6,211,64
L2_W64_H4,1,test:d4:t2:paligned:tree211:i40003,4,2,23,aligned,1,4,test,0.023969650268554688,2,1,6,211,64
L2_W64_H4,0,test:d4:t2:paligned:tree211:i40004,4,2,23,aligned,0,4,test,0.015062332153320312,2,1,6,211,64
L2_W64_H4,0,test:d4:t2:paligned:tree211:i40005,4,2,23,aligned,1,4,test,-0.05809593200683594,2,0,6,211,64
L2_W64_H4,1,test:d4:t2:paligned:tree211:i40006,4,2,23,aligned,0,4,test,0.09267807006835938,2,1,6,211,64
L2_W64_H4,1,test:d4:t2:paligned:tree211:i40007,4,2,23,aligned,1,4,test,-0.00118255615234375,2,0,6,211,64
L2_W64_H4,0,test:d4:t2:paligned:tree211:i40008,4,2,23,aligned,0,4,test,0.01638031005859375,2,1,6,211,64
L2_W64_H4,0,test:d4:t2:paligned:tree211:i40009,4,2,23,aligned,1,4,test,-0.020879745483398438,2,0,6,211,64
L2_W64_H4,1,test:d4:t2:paligned:tree211:i40010,4,2,23,aligned,0,4,test,-0.038455963134765625,2,0,6,211,64
L2_W64_H4,1,test:d4:t2:paligned:tree211:i40011,4,2,23,aligned,1,4,test,0.055095672607421875,2,1,6,211,64
L2_W64_H4,0,test:d4:t2:paligned:tree211:i40012,4,2,23,aligned,0,4,test,0.027423858642578125,2,1,6,211,64
L2_W64_H4,0,test:d4:t2:paligned:tree211:i40013,4,2,23,aligned,1,4,test,0.12303924560546875,2,1,6,211,64
L2_W64_H4,1,test:d4:t2:paligned:tree211:i40014,4,2,23,aligned,0,4,test,-0.00478363037109375,2,0,6,211,64
L2_W64_H4,1,test:d4:t2:paligned:tree211:i40015,4,2,23,aligned,1,4,test,0.19937705993652344,2,1,6,211,64
L2_W64_H4,0,test:d4:t2:paligned:tree307:i40000,4,2,23,aligned,0,4,test,-0.030496597290039062,2,0,6,307,64
L2_W64_H4,0,test:d4:t2:paligned:tree307:i40001,4,2,23,aligned,1,4,test,0.07242393493652344,2,1,6,307,64
L2_W64_H4,1,test:d4:t2:paligned:tree307:i40002,4,2,23,aligned,0,4,test,-0.046283721923828125,2,0,6,307,64
L2_W64_H4,1,test:d4:t2:paligned:tree307:i40003,4,2,23,aligned,1,4,test,0.09899330139160156,2,1,6,307,64
L2_W64_H4,0,test:d4:t2:paligned:tree307:i40004,4,2,23,aligned,0,4,test,0.0033245086669921875,2,1,6,307,64
L2_W64_H4,0,test:d4:t2:paligned:tree307:i40005,4,2,23,aligned,1,4,test,0.008459091186523438,2,1,6,307,64
L2_W64_H4,1,test:d4:t2:paligned:tree307:i40006,4,2,23,aligned,0,4,test,-0.10680198669433594,2,0,6,307,64
L2_W64_H4,1,test:d4:t2:paligned:tree307:i40007,4,2,23,aligned,1,4,test,0.1253833770751953,2,1,6,307,64
L2_W64_H4,0,test:d4:t2:paligned:tree307:i40008,4,2,23,aligned,0,4,test,0.021272659301757812,2,1,6,307,64
L2_W64_H4,0,test:d4:t2:paligned:tree307:i40009,4,2,23,aligned,1,4,test,-0.008829116821289062,2,0,6,307,64
L2_W64_H4,1,test:d4:t2:paligned:tree307:i40010,4,2,23,aligned,0,4,test,0.14458274841308594,2,1,6,307,64
L2_W64_H4,1,test:d4:t2:paligned:tree307:i40011,4,2,23,aligned,1,4,test,0.09017181396484375,2,1,6,307,64
L2_W64_H4,0,test:d4:t2:paligned:tree307:i40012,4,2,23,aligned,0,4,test,-0.09572982788085938,2,0,6,307,64
L2_W64_H4,0,test:d4:t2:paligned:tree307:i40013,4,2,23,aligned,1,4,test,0.051601409912109375,2,1,6,307,64
L2_W64_H4,1,test:d4:t2:paligned:tree307:i40014,4,2,23,aligned,0,4,test,0.01251983642578125,2,1,6,307,64
L2_W64_H4,1,test:d4:t2:paligned:tree307:i40015,4,2,23,aligned,1,4,test,-0.009794235229492188,2,0,6,307,64
L2_W64_H4,0,test:d4:t2:prandomized:tree101:i40004,4,2,23,randomized,0,4,test,-0.1729888916015625,2,0,6,101,64
L2_W64_H4,1,test:d4:t2:prandomized:tree101:i40010,4,2,23,randomized,0,4,test,0.05135345458984375,2,1,6,101,64
L2_W64_H4,1,test:d4:t2:prandomized:tree101:i40011,4,2,23,randomized,1,4,test,0.024959564208984375,2,1,6,101,64
L2_W64_H4,1,test:d4:t2:prandomized:tree211:i40003,4,2,23,randomized,1,4,test,0.0239715576171875,2,1,6,211,64
L2_W64_H4,0,test:d4:t2:prandomized:tree211:i40013,4,2,23,randomized,1,4,test,0.12303924560546875,2,1,6,211,64
L2_W64_H4,0,test:d4:t2:prandomized:tree307:i40001,4,2,23,randomized,1,4,test,0.07242393493652344,2,1,6,307,64
L2_W64_H4,0,test:d4:t2:prandomized:tree307:i40004,4,2,23,randomized,0,4,test,0.0033245086669921875,2,1,6,307,64
L2_W64_H4,0,test:d4:t2:prandomized:tree307:i40005,4,2,23,randomized,1,4,test,0.008459091186523438,2,1,6,307,64
L2_W64_H4,0,test:d4:t3:paligned:tree101:i40000,4,2,23,aligned,0,4,test,-0.1622142791748047,3,0,6,101,64
L2_W64_H4,0,test:d4:t3:paligned:tree101:i40001,4,2,23,aligned,1,4,test,0.19347000122070312,3,1,6,101,64
L2_W64_H4,1,test:d4:t3:paligned:tree101:i40002,4,2,23,aligned,0,4,test,0.015470504760742188,3,1,6,101,64
L2_W64_H4,1,test:d4:t3:paligned:tree101:i40003,4,2,23,aligned,1,4,test,-0.0853271484375,3,0,6,101,64
L2_W64_H4,0,test:d4:t3:paligned:tree101:i40004,4,2,23,aligned,0,4,test,-0.16318130493164062,3,0,6,101,64
L2_W64_H4,0,test:d4:t3:paligned:tree101:i40005,4,2,23,aligned,1,4,test,0.12099075317382812,3,1,6,101,64
L2_W64_H4,1,test:d4:t3:paligned:tree101:i40006,4,2,23,aligned,0,4,test,-0.15668296813964844,3,0,6,101,64
L2_W64_H4,1,test:d4:t3:paligned:tree101:i40007,4,2,23,aligned,1,4,test,0.19628143310546875,3,1,6,101,64
L2_W64_H4,0,test:d4:t3:paligned:tree101:i40008,4,2,23,aligned,0,4,test,-0.10248565673828125,3,0,6,101,64
L2_W64_H4,0,test:d4:t3:paligned:tree101:i40009,4,2,23,aligned,1,4,test,0.11480331420898438,3,1,6,101,64
L2_W64_H4,1,test:d4:t3:paligned:tree101:i40010,4,2,23,aligned,0,4,test,0.059474945068359375,3,1,6,101,64
L2_W64_H4,1,test:d4:t3:paligned:tree101:i40011,4,2,23,aligned,1,4,test,0.026523590087890625,3,1,6,101,64
L2_W64_H4,0,test:d4:t3:paligned:tree101:i40012,4,2,23,aligned,0,4,test,-0.0396728515625,3,0,6,101,64
L2_W64_H4,0,test:d4:t3:paligned:tree101:i40013,4,2,23,aligned,1,4,test,0.09139442443847656,3,1,6,101,64
L2_W64_H4,1,test:d4:t3:paligned:tree101:i40014,4,2,23,aligned,0,4,test,-0.07538414001464844,3,0,6,101,64
L2_W64_H4,1,test:d4:t3:paligned:tree101:i40015,4,2,23,aligned,1,4,test,-0.027132034301757812,3,0,6,101,64
L2_W64_H4,0,test:d4:t3:paligned:tree211:i40000,4,2,23,aligned,0,4,test,-0.011835098266601562,3,0,6,211,64
L2_W64_H4,0,test:d4:t3:paligned:tree211:i40001,4,2,23,aligned,1,4,test,0.14057540893554688,3,1,6,211,64
L2_W64_H4,1,test:d4:t3:paligned:tree211:i40002,4,2,23,aligned,0,4,test,-0.10446929931640625,3,0,6,211,64
L2_W64_H4,1,test:d4:t3:paligned:tree211:i40003,4,2,23,aligned,1,4,test,0.015035629272460938,3,1,6,211,64
L2_W64_H4,0,test:d4:t3:paligned:tree211:i40004,4,2,23,aligned,0,4,test,0.013452529907226562,3,1,6,211,64
L2_W64_H4,0,test:d4:t3:paligned:tree211:i40005,4,2,23,aligned,1,4,test,-0.06250762939453125,3,0,6,211,64
L2_W64_H4,1,test:d4:t3:paligned:tree211:i40006,4,2,23,aligned,0,4,test,0.1049652099609375,3,1,6,211,64
L2_W64_H4,1,test:d4:t3:paligned:tree211:i40007,4,2,23,aligned,1,4,test,0.0002765655517578125,3,1,6,211,64
L2_W64_H4,0,test:d4:t3:paligned:tree211:i40008,4,2,23,aligned,0,4,test,0.026874542236328125,3,1,6,211,64
L2_W64_H4,0,test:d4:t3:paligned:tree211:i40009,4,2,23,aligned,1,4,test,-0.023286819458007812,3,0,6,211,64
L2_W64_H4,1,test:d4:t3:paligned:tree211:i40010,4,2,23,aligned,0,4,test,-0.05266761779785156,3,0,6,211,64
L2_W64_H4,1,test:d4:t3:paligned:tree211:i40011,4,2,23,aligned,1,4,test,0.04680633544921875,3,1,6,211,64
L2_W64_H4,0,test:d4:t3:paligned:tree211:i40012,4,2,23,aligned,0,4,test,0.032703399658203125,3,1,6,211,64
L2_W64_H4,0,test:d4:t3:paligned:tree211:i40013,4,2,23,aligned,1,4,test,0.11414146423339844,3,1,6,211,64
L2_W64_H4,1,test:d4:t3:paligned:tree211:i40014,4,2,23,aligned,0,4,test,-0.0026454925537109375,3,0,6,211,64
L2_W64_H4,1,test:d4:t3:paligned:tree211:i40015,4,2,23,aligned,1,4,test,0.1945476531982422,3,1,6,211,64
L2_W64_H4,0,test:d4:t3:paligned:tree307:i40000,4,2,23,aligned,0,4,test,-0.029687881469726562,3,0,6,307,64
L2_W64_H4,0,test:d4:t3:paligned:tree307:i40001,4,2,23,aligned,1,4,test,0.0706329345703125,3,1,6,307,64
L2_W64_H4,1,test:d4:t3:paligned:tree307:i40002,4,2,23,aligned,0,4,test,-0.040771484375,3,0,6,307,64
L2_W64_H4,1,test:d4:t3:paligned:tree307:i40003,4,2,23,aligned,1,4,test,0.10920524597167969,3,1,6,307,64
L2_W64_H4,0,test:d4:t3:paligned:tree307:i40004,4,2,23,aligned,0,4,test,0.0036716461181640625,3,1,6,307,64
L2_W64_H4,0,test:d4:t3:paligned:tree307:i40005,4,2,23,aligned,1,4,test,0.001590728759765625,3,1,6,307,64
L2_W64_H4,1,test:d4:t3:paligned:tree307:i40006,4,2,23,aligned,0,4,test,-0.10290336608886719,3,0,6,307,64
L2_W64_H4,1,test:d4:t3:paligned:tree307:i40007,4,2,23,aligned,1,4,test,0.13059616088867188,3,1,6,307,64
L2_W64_H4,0,test:d4:t3:paligned:tree307:i40008,4,2,23,aligned,0,4,test,0.020627975463867188,3,1,6,307,64
L2_W64_H4,0,test:d4:t3:paligned:tree307:i40009,4,2,23,aligned,1,4,test,-0.0074939727783203125,3,0,6,307,64
L2_W64_H4,1,test:d4:t3:paligned:tree307:i40010,4,2,23,aligned,0,4,test,0.15102386474609375,3,1,6,307,64
L2_W64_H4,1,test:d4:t3:paligned:tree307:i40011,4,2,23,aligned,1,4,test,0.08501052856445312,3,1,6,307,64
L2_W64_H4,0,test:d4:t3:paligned:tree307:i40012,4,2,23,aligned,0,4,test,-0.0969085693359375,3,0,6,307,64
L2_W64_H4,0,test:d4:t3:paligned:tree307:i40013,4,2,23,aligned,1,4,test,0.051692962646484375,3,1,6,307,64
L2_W64_H4,1,test:d4:t3:paligned:tree307:i40014,4,2,23,aligned,0,4,test,0.00989532470703125,3,1,6,307,64
L2_W64_H4,1,test:d4:t3:paligned:tree307:i40015,4,2,23,aligned,1,4,test,-0.004192352294921875,3,0,6,307,64
L2_W64_H4,0,test:d4:t3:prandomized:tree101:i40004,4,2,23,randomized,0,4,test,-0.16318130493164062,3,0,6,101,64
L2_W64_H4,1,test:d4:t3:prandomized:tree101:i40010,4,2,23,randomized,0,4,test,0.059474945068359375,3,1,6,101,64
L2_W64_H4,1,test:d4:t3:prandomized:tree101:i40011,4,2,23,randomized,1,4,test,0.026523590087890625,3,1,6,101,64
L2_W64_H4,1,test:d4:t3:prandomized:tree211:i40003,4,2,23,randomized,1,4,test,0.015035629272460938,3,1,6,211,64
L2_W64_H4,0,test:d4:t3:prandomized:tree211:i40013,4,2,23,randomized,1,4,test,0.11414909362792969,3,1,6,211,64
L2_W64_H4,0,test:d4:t3:prandomized:tree307:i40001,4,2,23,randomized,1,4,test,0.0706329345703125,3,1,6,307,64
L2_W64_H4,0,test:d4:t3:prandomized:tree307:i40004,4,2,23,randomized,0,4,test,0.0036716461181640625,3,1,6,307,64
L2_W64_H4,0,test:d4:t3:prandomized:tree307:i40005,4,2,23,randomized,1,4,test,0.001590728759765625,3,1,6,307,64
L2_W64_H4,0,validation:d3:t0:prandomized:tree101:i30001,4,2,23,randomized,1,3,validation,0.06176185607910156,0,1,5,101,64
L2_W64_H4,1,validation:d3:t0:prandomized:tree101:i30002,4,2,23,randomized,0,3,validation,-0.14741134643554688,0,0,5,101,64
L2_W64_H4,1,validation:d3:t0:prandomized:tree211:i30007,4,2,23,randomized,1,3,validation,0.10956573486328125,0,1,5,211,64
L2_W64_H4,1,validation:d3:t0:prandomized:tree211:i30010,4,2,23,randomized,0,3,validation,-0.061855316162109375,0,0,5,211,64
L2_W64_H4,0,validation:d3:t1:prandomized:tree101:i30001,4,2,23,randomized,1,3,validation,0.03978729248046875,1,1,5,101,64
L2_W64_H4,1,validation:d3:t1:prandomized:tree101:i30002,4,2,23,randomized,0,3,validation,-0.11719894409179688,1,0,5,101,64
L2_W64_H4,1,validation:d3:t1:prandomized:tree211:i30007,4,2,23,randomized,1,3,validation,0.09227943420410156,1,1,5,211,64
L2_W64_H4,1,validation:d3:t1:prandomized:tree211:i30010,4,2,23,randomized,0,3,validation,-0.03975677490234375,1,0,5,211,64
L2_W64_H4,0,validation:d3:t2:prandomized:tree101:i30001,4,2,23,randomized,1,3,validation,0.06178474426269531,2,1,5,101,64
L2_W64_H4,0,validation:d3:t2:prandomized:tree101:i30004,4,2,23,randomized,0,3,validation,0.0056934356689453125,2,1,5,101,64
L2_W64_H4,1,validation:d3:t2:prandomized:tree101:i30011,4,2,23,randomized,1,3,validation,0.042705535888671875,2,1,5,101,64
L2_W64_H4,0,validation:d3:t2:prandomized:tree101:i30013,4,2,23,randomized,1,3,validation,0.05328178405761719,2,1,5,101,64
L2_W64_H4,1,validation:d3:t2:prandomized:tree101:i30015,4,2,23,randomized,1,3,validation,0.17867660522460938,2,1,5,101,64
L2_W64_H4,1,validation:d3:t2:prandomized:tree211:i30002,4,2,23,randomized,0,3,validation,-0.1915435791015625,2,0,5,211,64
L2_W64_H4,0,validation:d3:t2:prandomized:tree211:i30005,4,2,23,randomized,1,3,validation,0.08685493469238281,2,1,5,211,64
L2_W64_H4,1,validation:d3:t2:prandomized:tree211:i30007,4,2,23,randomized,1,3,validation,0.10944175720214844,2,1,5,211,64
L2_W64_H4,1,validation:d3:t2:prandomized:tree211:i30014,4,2,23,randomized,0,3,validation,-0.09732437133789062,2,0,5,211,64
L2_W64_H4,1,validation:d3:t2:prandomized:tree211:i30015,4,2,23,randomized,1,3,validation,0.14660263061523438,2,1,5,211,64
L2_W64_H4,0,validation:d3:t3:prandomized:tree101:i30001,4,2,23,randomized,1,3,validation,0.0398101806640625,3,1,5,101,64
L2_W64_H4,0,validation:d3:t3:prandomized:tree101:i30004,4,2,23,randomized,0,3,validation,0.023448944091796875,3,1,5,101,64
L2_W64_H4,1,validation:d3:t3:prandomized:tree101:i30011,4,2,23,randomized,1,3,validation,0.01804351806640625,3,1,5,101,64
L2_W64_H4,0,validation:d3:t3:prandomized:tree101:i30013,4,2,23,randomized,1,3,validation,0.03265380859375,3,1,5,101,64
L2_W64_H4,1,validation:d3:t3:prandomized:tree101:i30015,4,2,23,randomized,1,3,validation,0.16244125366210938,3,1,5,101,64
L2_W64_H4,1,validation:d3:t3:prandomized:tree211:i30002,4,2,23,randomized,0,3,validation,-0.16884803771972656,3,0,5,211,64
L2_W64_H4,0,validation:d3:t3:prandomized:tree211:i30005,4,2,23,randomized,1,3,validation,0.062351226806640625,3,1,5,211,64
L2_W64_H4,1,validation:d3:t3:prandomized:tree211:i30007,4,2,23,randomized,1,3,validation,0.09235572814941406,3,1,5,211,64
L2_W64_H4,1,validation:d3:t3:prandomized:tree211:i30014,4,2,23,randomized,0,3,validation,-0.09343719482421875,3,0,5,211,64
L2_W64_H4,1,validation:d3:t3:prandomized:tree211:i30015,4,2,23,randomized,1,3,validation,0.11935806274414062,3,1,5,211,64
L2_W64_H4,0,validation:d4:t0:prandomized:tree101:i40005,4,2,23,randomized,1,4,validation,0.15739059448242188,0,1,6,101,64
L2_W64_H4,0,validation:d4:t1:prandomized:tree101:i40005,4,2,23,randomized,1,4,validation,0.15607452392578125,1,1,6,101,64
L2_W64_H4,0,validation:d4:t2:prandomized:tree211:i40001,4,2,23,randomized,1,4,validation,0.03864860534667969,2,1,6,211,64
L2_W64_H4,0,validation:d4:t2:prandomized:tree211:i40005,4,2,23,randomized,1,4,validation,0.10262680053710938,2,1,6,211,64
L2_W64_H4,1,validation:d4:t2:prandomized:tree307:i40002,4,2,23,randomized,0,4,validation,-0.11322784423828125,2,0,6,307,64
L2_W64_H4,0,validation:d4:t3:prandomized:tree211:i40001,4,2,23,randomized,1,4,validation,0.035915374755859375,3,1,6,211,64
L2_W64_H4,0,validation:d4:t3:prandomized:tree211:i40005,4,2,23,randomized,1,4,validation,0.09907913208007812,3,1,6,211,64
L2_W64_H4,1,validation:d4:t3:prandomized:tree307:i40002,4,2,23,randomized,0,4,validation,-0.11047744750976562,3,0,6,307,64
L2_W64_H4,0,test:d3:t0:prandomized:tree101:i30001,4,2,23,randomized,1,3,test,0.08571434020996094,0,1,5,101,64
L2_W64_H4,1,test:d3:t0:prandomized:tree101:i30002,4,2,23,randomized,0,3,test,-0.06543922424316406,0,0,5,101,64
L2_W64_H4,1,test:d3:t0:prandomized:tree211:i30007,4,2,23,randomized,1,3,test,0.06834220886230469,0,1,5,211,64
L2_W64_H4,1,test:d3:t0:prandomized:tree211:i30010,4,2,23,randomized,0,3,test,-0.08553123474121094,0,0,5,211,64
L2_W64_H4,0,test:d3:t1:prandomized:tree101:i30001,4,2,23,randomized,1,3,test,0.058780670166015625,1,1,5,101,64
L2_W64_H4,1,test:d3:t1:prandomized:tree101:i30002,4,2,23,randomized,0,3,test,-0.053783416748046875,1,0,5,101,64
L2_W64_H4,1,test:d3:t1:prandomized:tree211:i30007,4,2,23,randomized,1,3,test,0.054424285888671875,1,1,5,211,64
L2_W64_H4,1,test:d3:t1:prandomized:tree211:i30010,4,2,23,randomized,0,3,test,-0.05900764465332031,1,0,5,211,64
L2_W64_H4,0,test:d3:t2:prandomized:tree101:i30001,4,2,23,randomized,1,3,test,0.08531951904296875,2,1,5,101,64
L2_W64_H4,0,test:d3:t2:prandomized:tree101:i30004,4,2,23,randomized,0,3,test,-0.11402511596679688,2,0,5,101,64
L2_W64_H4,1,test:d3:t2:prandomized:tree101:i30011,4,2,23,randomized,1,3,test,0.1424121856689453,2,1,5,101,64
L2_W64_H4,0,test:d3:t2:prandomized:tree101:i30013,4,2,23,randomized,1,3,test,0.07639694213867188,2,1,5,101,64
L2_W64_H4,1,test:d3:t2:prandomized:tree101:i30015,4,2,23,randomized,1,3,test,0.1935882568359375,2,1,5,101,64
L2_W64_H4,1,test:d3:t2:prandomized:tree211:i30002,4,2,23,randomized,0,3,test,-0.18460464477539062,2,0,5,211,64
L2_W64_H4,0,test:d3:t2:prandomized:tree211:i30005,4,2,23,randomized,1,3,test,0.1373920440673828,2,1,5,211,64
L2_W64_H4,1,test:d3:t2:prandomized:tree211:i30007,4,2,23,randomized,1,3,test,0.06781959533691406,2,1,5,211,64
L2_W64_H4,1,test:d3:t2:prandomized:tree211:i30014,4,2,23,randomized,0,3,test,-0.04601287841796875,2,0,5,211,64
L2_W64_H4,1,test:d3:t2:prandomized:tree211:i30015,4,2,23,randomized,1,3,test,0.1366405487060547,2,1,5,211,64
L2_W64_H4,0,test:d3:t3:prandomized:tree101:i30001,4,2,23,randomized,1,3,test,0.05891990661621094,3,1,5,101,64
L2_W64_H4,0,test:d3:t3:prandomized:tree101:i30004,4,2,23,randomized,0,3,test,-0.08725166320800781,3,0,5,101,64
L2_W64_H4,1,test:d3:t3:prandomized:tree101:i30011,4,2,23,randomized,1,3,test,0.12401962280273438,3,1,5,101,64
L2_W64_H4,0,test:d3:t3:prandomized:tree101:i30013,4,2,23,randomized,1,3,test,0.05925750732421875,3,1,5,101,64
L2_W64_H4,1,test:d3:t3:prandomized:tree101:i30015,4,2,23,randomized,1,3,test,0.167816162109375,3,1,5,101,64
L2_W64_H4,1,test:d3:t3:prandomized:tree211:i30002,4,2,23,randomized,0,3,test,-0.15974998474121094,3,0,5,211,64
L2_W64_H4,0,test:d3:t3:prandomized:tree211:i30005,4,2,23,randomized,1,3,test,0.11817359924316406,3,1,5,211,64
L2_W64_H4,1,test:d3:t3:prandomized:tree211:i30007,4,2,23,randomized,1,3,test,0.053302764892578125,3,1,5,211,64
L2_W64_H4,1,test:d3:t3:prandomized:tree211:i30014,4,2,23,randomized,0,3,test,-0.029878616333007812,3,0,5,211,64
L2_W64_H4,1,test:d3:t3:prandomized:tree211:i30015,4,2,23,randomized,1,3,test,0.10939407348632812,3,1,5,211,64
L2_W64_H4,0,test:d4:t0:prandomized:tree101:i40005,4,2,23,randomized,1,4,test,0.1479358673095703,0,1,6,101,64
L2_W64_H4,0,test:d4:t1:prandomized:tree101:i40005,4,2,23,randomized,1,4,test,0.14526939392089844,1,1,6,101,64
L2_W64_H4,0,test:d4:t2:prandomized:tree211:i40001,4,2,23,randomized,1,4,test,0.1810474395751953,2,1,6,211,64
L2_W64_H4,0,test:d4:t2:prandomized:tree211:i40005,4,2,23,randomized,1,4,test,0.06790733337402344,2,1,6,211,64
L2_W64_H4,1,test:d4:t2:prandomized:tree307:i40002,4,2,23,randomized,0,4,test,-0.0693511962890625,2,0,6,307,64
L2_W64_H4,0,test:d4:t3:prandomized:tree211:i40001,4,2,23,randomized,1,4,test,0.1782665252685547,3,1,6,211,64
L2_W64_H4,0,test:d4:t3:prandomized:tree211:i40005,4,2,23,randomized,1,4,test,0.06259536743164062,3,1,6,211,64
L2_W64_H4,1,test:d4:t3:prandomized:tree307:i40002,4,2,23,randomized,0,4,test,-0.06873130798339844,3,0,6,307,64
L2_W64_H4,1,validation:d4:t0:prandomized:tree101:i40010,4,2,23,randomized,0,4,validation,-0.1579113006591797,0,0,6,101,64
L2_W64_H4,1,validation:d4:t0:prandomized:tree101:i40015,4,2,23,randomized,1,4,validation,0.12390899658203125,0,1,6,101,64
L2_W64_H4,0,validation:d4:t0:prandomized:tree211:i40000,4,2,23,randomized,0,4,validation,-0.09650039672851562,0,0,6,211,64
L2_W64_H4,1,validation:d4:t0:prandomized:tree211:i40011,4,2,23,randomized,1,4,validation,0.13281631469726562,0,1,6,211,64
L2_W64_H4,1,validation:d4:t0:prandomized:tree307:i40003,4,2,23,randomized,1,4,validation,0.12257575988769531,0,1,6,307,64
L2_W64_H4,0,validation:d4:t0:prandomized:tree307:i40008,4,2,23,randomized,0,4,validation,-0.10897445678710938,0,0,6,307,64
L2_W64_H4,1,validation:d4:t0:prandomized:tree307:i40010,4,2,23,randomized,0,4,validation,-0.09089088439941406,0,0,6,307,64
L2_W64_H4,1,validation:d4:t0:prandomized:tree307:i40015,4,2,23,randomized,1,4,validation,0.028985977172851562,0,1,6,307,64
L2_W64_H4,1,validation:d4:t1:prandomized:tree101:i40010,4,2,23,randomized,0,4,validation,-0.16433334350585938,1,0,6,101,64
L2_W64_H4,1,validation:d4:t1:prandomized:tree101:i40015,4,2,23,randomized,1,4,validation,0.11525726318359375,1,1,6,101,64
L2_W64_H4,0,validation:d4:t1:prandomized:tree211:i40000,4,2,23,randomized,0,4,validation,-0.09642791748046875,1,0,6,211,64
L2_W64_H4,1,validation:d4:t1:prandomized:tree211:i40011,4,2,23,randomized,1,4,validation,0.13382911682128906,1,1,6,211,64
L2_W64_H4,1,validation:d4:t1:prandomized:tree307:i40003,4,2,23,randomized,1,4,validation,0.12349510192871094,1,1,6,307,64
L2_W64_H4,0,validation:d4:t1:prandomized:tree307:i40008,4,2,23,randomized,0,4,validation,-0.11124420166015625,1,0,6,307,64
L2_W64_H4,1,validation:d4:t1:prandomized:tree307:i40010,4,2,23,randomized,0,4,validation,-0.09424591064453125,1,0,6,307,64
L2_W64_H4,1,validation:d4:t1:prandomized:tree307:i40015,4,2,23,randomized,1,4,validation,0.032871246337890625,1,1,6,307,64
L2_W64_H4,1,test:d4:t0:prandomized:tree101:i40010,4,2,23,randomized,0,4,test,-0.08120536804199219,0,0,6,101,64
L2_W64_H4,1,test:d4:t0:prandomized:tree101:i40015,4,2,23,randomized,1,4,test,0.06208038330078125,0,1,6,101,64
L2_W64_H4,0,test:d4:t0:prandomized:tree211:i40000,4,2,23,randomized,0,4,test,-0.08547782897949219,0,0,6,211,64
L2_W64_H4,1,test:d4:t0:prandomized:tree211:i40011,4,2,23,randomized,1,4,test,0.07893180847167969,0,1,6,211,64
L2_W64_H4,1,test:d4:t0:prandomized:tree307:i40003,4,2,23,randomized,1,4,test,0.12405776977539062,0,1,6,307,64
L2_W64_H4,0,test:d4:t0:prandomized:tree307:i40008,4,2,23,randomized,0,4,test,-0.047149658203125,0,0,6,307,64
L2_W64_H4,1,test:d4:t0:prandomized:tree307:i40010,4,2,23,randomized,0,4,test,-0.0074787139892578125,0,0,6,307,64
L2_W64_H4,1,test:d4:t0:prandomized:tree307:i40015,4,2,23,randomized,1,4,test,0.07271957397460938,0,1,6,307,64
L2_W64_H4,1,test:d4:t1:prandomized:tree101:i40010,4,2,23,randomized,0,4,test,-0.07835960388183594,1,0,6,101,64
L2_W64_H4,1,test:d4:t1:prandomized:tree101:i40015,4,2,23,randomized,1,4,test,0.062183380126953125,1,1,6,101,64
L2_W64_H4,0,test:d4:t1:prandomized:tree211:i40000,4,2,23,randomized,0,4,test,-0.08349800109863281,1,0,6,211,64
L2_W64_H4,1,test:d4:t1:prandomized:tree211:i40011,4,2,23,randomized,1,4,test,0.08306503295898438,1,1,6,211,64
L2_W64_H4,1,test:d4:t1:prandomized:tree307:i40003,4,2,23,randomized,1,4,test,0.12522315979003906,1,1,6,307,64
L2_W64_H4,0,test:d4:t1:prandomized:tree307:i40008,4,2,23,randomized,0,4,test,-0.05048370361328125,1,0,6,307,64
L2_W64_H4,1,test:d4:t1:prandomized:tree307:i40010,4,2,23,randomized,0,4,test,-0.0022258758544921875,1,0,6,307,64
L2_W64_H4,1,test:d4:t1:prandomized:tree307:i40015,4,2,23,randomized,1,4,test,0.07204627990722656,1,1,6,307,64
L2_W64_H4,0,validation:d4:t0:prandomized:tree101:i40008,4,2,23,randomized,0,4,validation,-0.030820846557617188,0,0,6,101,64
L2_W64_H4,0,validation:d4:t0:prandomized:tree211:i40001,4,2,23,randomized,1,4,validation,0.04017829895019531,0,1,6,211,64
L2_W64_H4,1,validation:d4:t0:prandomized:tree211:i40002,4,2,23,randomized,0,4,validation,-0.00774383544921875,0,0,6,211,64
L2_W64_H4,1,validation:d4:t0:prandomized:tree211:i40015,4,2,23,randomized,1,4,validation,0.19107437133789062,0,1,6,211,64
L2_W64_H4,0,validation:d4:t0:prandomized:tree307:i40004,4,2,23,randomized,0,4,validation,-0.10674476623535156,0,0,6,307,64
L2_W64_H4,0,validation:d4:t1:prandomized:tree101:i40008,4,2,23,randomized,0,4,validation,-0.029493331909179688,1,0,6,101,64
L2_W64_H4,0,validation:d4:t1:prandomized:tree211:i40001,4,2,23,randomized,1,4,validation,0.04437446594238281,1,1,6,211,64
L2_W64_H4,1,validation:d4:t1:prandomized:tree211:i40002,4,2,23,randomized,0,4,validation,-0.0120697021484375,1,0,6,211,64
L2_W64_H4,1,validation:d4:t1:prandomized:tree211:i40015,4,2,23,randomized,1,4,validation,0.19317054748535156,1,1,6,211,64
L2_W64_H4,0,validation:d4:t1:prandomized:tree307:i40004,4,2,23,randomized,0,4,validation,-0.11045074462890625,1,0,6,307,64
L2_W64_H4,1,validation:d4:t2:prandomized:tree101:i40007,4,2,23,randomized,1,4,validation,0.19083786010742188,2,1,6,101,64
L2_W64_H4,0,validation:d4:t2:prandomized:tree101:i40009,4,2,23,randomized,1,4,validation,0.007678985595703125,2,1,6,101,64
L2_W64_H4,1,validation:d4:t2:prandomized:tree211:i40006,4,2,23,randomized,0,4,validation,-0.03165245056152344,2,0,6,211,64
L2_W64_H4,1,validation:d4:t2:prandomized:tree211:i40011,4,2,23,randomized,1,4,validation,0.13043212890625,2,1,6,211,64
L2_W64_H4,0,validation:d4:t2:prandomized:tree211:i40012,4,2,23,randomized,0,4,validation,-0.1347808837890625,2,0,6,211,64
L2_W64_H4,1,validation:d4:t2:prandomized:tree307:i40007,4,2,23,randomized,1,4,validation,0.15128135681152344,2,1,6,307,64
L2_W64_H4,0,validation:d4:t2:prandomized:tree307:i40008,4,2,23,randomized,0,4,validation,-0.10722541809082031,2,0,6,307,64
L2_W64_H4,1,validation:d4:t2:prandomized:tree307:i40010,4,2,23,randomized,0,4,validation,-0.08817672729492188,2,0,6,307,64
L2_W64_H4,0,validation:d4:t2:prandomized:tree307:i40013,4,2,23,randomized,1,4,validation,0.13274574279785156,2,1,6,307,64
L2_W64_H4,1,validation:d4:t3:prandomized:tree101:i40007,4,2,23,randomized,1,4,validation,0.19302749633789062,3,1,6,101,64
L2_W64_H4,0,validation:d4:t3:prandomized:tree101:i40009,4,2,23,randomized,1,4,validation,0.012126922607421875,3,1,6,101,64
L2_W64_H4,1,validation:d4:t3:prandomized:tree211:i40006,4,2,23,randomized,0,4,validation,-0.03296089172363281,3,0,6,211,64
L2_W64_H4,1,validation:d4:t3:prandomized:tree211:i40011,4,2,23,randomized,1,4,validation,0.1352405548095703,3,1,6,211,64
L2_W64_H4,0,validation:d4:t3:prandomized:tree211:i40012,4,2,23,randomized,0,4,validation,-0.14256668090820312,3,0,6,211,64
L2_W64_H4,1,validation:d4:t3:prandomized:tree307:i40007,4,2,23,randomized,1,4,validation,0.16353416442871094,3,1,6,307,64
L2_W64_H4,0,validation:d4:t3:prandomized:tree307:i40008,4,2,23,randomized,0,4,validation,-0.11268806457519531,3,0,6,307,64
L2_W64_H4,1,validation:d4:t3:prandomized:tree307:i40010,4,2,23,randomized,0,4,validation,-0.09692573547363281,3,0,6,307,64
L2_W64_H4,0,validation:d4:t3:prandomized:tree307:i40013,4,2,23,randomized,1,4,validation,0.13879013061523438,3,1,6,307,64
L2_W64_H4,0,test:d4:t0:prandomized:tree101:i40008,4,2,23,randomized,0,4,test,-0.173187255859375,0,0,6,101,64
L2_W64_H4,0,test:d4:t0:prandomized:tree211:i40001,4,2,23,randomized,1,4,test,0.18085861206054688,0,1,6,211,64
L2_W64_H4,1,test:d4:t0:prandomized:tree211:i40002,4,2,23,randomized,0,4,test,-0.12701416015625,0,0,6,211,64
L2_W64_H4,1,test:d4:t0:prandomized:tree211:i40015,4,2,23,randomized,1,4,test,0.20255661010742188,0,1,6,211,64
L2_W64_H4,0,test:d4:t0:prandomized:tree307:i40004,4,2,23,randomized,0,4,test,-0.06873130798339844,0,0,6,307,64
L2_W64_H4,0,test:d4:t1:prandomized:tree101:i40008,4,2,23,randomized,0,4,test,-0.1756267547607422,1,0,6,101,64
L2_W64_H4,0,test:d4:t1:prandomized:tree211:i40001,4,2,23,randomized,1,4,test,0.1848125457763672,1,1,6,211,64
L2_W64_H4,1,test:d4:t1:prandomized:tree211:i40002,4,2,23,randomized,0,4,test,-0.13375091552734375,1,0,6,211,64
L2_W64_H4,1,test:d4:t1:prandomized:tree211:i40015,4,2,23,randomized,1,4,test,0.2113189697265625,1,1,6,211,64
L2_W64_H4,0,test:d4:t1:prandomized:tree307:i40004,4,2,23,randomized,0,4,test,-0.07494926452636719,1,0,6,307,64
L2_W64_H4,1,test:d4:t2:prandomized:tree101:i40007,4,2,23,randomized,1,4,test,0.20159912109375,2,1,6,101,64
L2_W64_H4,0,test:d4:t2:prandomized:tree101:i40009,4,2,23,randomized,1,4,test,0.12669754028320312,2,1,6,101,64
L2_W64_H4,1,test:d4:t2:prandomized:tree211:i40006,4,2,23,randomized,0,4,test,-0.016611099243164062,2,0,6,211,64
L2_W64_H4,1,test:d4:t2:prandomized:tree211:i40011,4,2,23,randomized,1,4,test,0.07886505126953125,2,1,6,211,64
L2_W64_H4,0,test:d4:t2:prandomized:tree211:i40012,4,2,23,randomized,0,4,test,-0.037677764892578125,2,0,6,211,64
L2_W64_H4,1,test:d4:t2:prandomized:tree307:i40007,4,2,23,randomized,1,4,test,0.14415931701660156,2,1,6,307,64
L2_W64_H4,0,test:d4:t2:prandomized:tree307:i40008,4,2,23,randomized,0,4,test,-0.047451019287109375,2,0,6,307,64
L2_W64_H4,1,test:d4:t2:prandomized:tree307:i40010,4,2,23,randomized,0,4,test,-0.011129379272460938,2,0,6,307,64
L2_W64_H4,0,test:d4:t2:prandomized:tree307:i40013,4,2,23,randomized,1,4,test,0.09642601013183594,2,1,6,307,64
L2_W64_H4,1,test:d4:t3:prandomized:tree101:i40007,4,2,23,randomized,1,4,test,0.2102489471435547,3,1,6,101,64
L2_W64_H4,0,test:d4:t3:prandomized:tree101:i40009,4,2,23,randomized,1,4,test,0.1341114044189453,3,1,6,101,64
L2_W64_H4,1,test:d4:t3:prandomized:tree211:i40006,4,2,23,randomized,0,4,test,-0.0177001953125,3,0,6,211,64
L2_W64_H4,1,test:d4:t3:prandomized:tree211:i40011,4,2,23,randomized,1,4,test,0.086517333984375,3,1,6,211,64
L2_W64_H4,0,test:d4:t3:prandomized:tree211:i40012,4,2,23,randomized,0,4,test,-0.04061126708984375,3,0,6,211,64
L2_W64_H4,1,test:d4:t3:prandomized:tree307:i40007,4,2,23,randomized,1,4,test,0.14995384216308594,3,1,6,307,64
L2_W64_H4,0,test:d4:t3:prandomized:tree307:i40008,4,2,23,randomized,0,4,test,-0.05389213562011719,3,0,6,307,64
L2_W64_H4,1,test:d4:t3:prandomized:tree307:i40010,4,2,23,randomized,0,4,test,-0.0071430206298828125,3,0,6,307,64
L2_W64_H4,0,test:d4:t3:prandomized:tree307:i40013,4,2,23,randomized,1,4,test,0.10499191284179688,3,1,6,307,64
L2_W64_H4,1,validation:d4:t0:prandomized:tree101:i40002,4,2,23,randomized,0,4,validation,-0.029237747192382812,0,0,6,101,64
L2_W64_H4,0,validation:d4:t0:prandomized:tree211:i40005,4,2,23,randomized,1,4,validation,0.09903907775878906,0,1,6,211,64
L2_W64_H4,1,validation:d4:t0:prandomized:tree211:i40006,4,2,23,randomized,0,4,validation,-0.026758193969726562,0,0,6,211,64
L2_W64_H4,0,validation:d4:t0:prandomized:tree211:i40008,4,2,23,randomized,0,4,validation,-0.1647357940673828,0,0,6,211,64
L2_W64_H4,0,validation:d4:t0:prandomized:tree211:i40013,4,2,23,randomized,1,4,validation,0.134796142578125,0,1,6,211,64
L2_W64_H4,1,validation:d4:t0:prandomized:tree211:i40014,4,2,23,randomized,0,4,validation,-0.10470008850097656,0,0,6,211,64
L2_W64_H4,0,validation:d4:t0:prandomized:tree307:i40005,4,2,23,randomized,1,4,validation,0.1211700439453125,0,1,6,307,64
L2_W64_H4,1,validation:d4:t0:prandomized:tree307:i40006,4,2,23,randomized,0,4,validation,-0.07236480712890625,0,0,6,307,64
L2_W64_H4,0,validation:d4:t0:prandomized:tree307:i40009,4,2,23,randomized,1,4,validation,0.04311943054199219,0,1,6,307,64
L2_W64_H4,1,validation:d4:t0:prandomized:tree307:i40014,4,2,23,randomized,0,4,validation,-0.07078933715820312,0,0,6,307,64
L2_W64_H4,1,validation:d4:t1:prandomized:tree101:i40002,4,2,23,randomized,0,4,validation,-0.031064987182617188,1,0,6,101,64
L2_W64_H4,0,validation:d4:t1:prandomized:tree211:i40005,4,2,23,randomized,1,4,validation,0.09937667846679688,1,1,6,211,64
L2_W64_H4,1,validation:d4:t1:prandomized:tree211:i40006,4,2,23,randomized,0,4,validation,-0.025007247924804688,1,0,6,211,64
L2_W64_H4,0,validation:d4:t1:prandomized:tree211:i40008,4,2,23,randomized,0,4,validation,-0.1712779998779297,1,0,6,211,64
L2_W64_H4,0,validation:d4:t1:prandomized:tree211:i40013,4,2,23,randomized,1,4,validation,0.1381206512451172,1,1,6,211,64
L2_W64_H4,1,validation:d4:t1:prandomized:tree211:i40014,4,2,23,randomized,0,4,validation,-0.10482597351074219,1,0,6,211,64
L2_W64_H4,0,validation:d4:t1:prandomized:tree307:i40005,4,2,23,randomized,1,4,validation,0.12373924255371094,1,1,6,307,64
L2_W64_H4,1,validation:d4:t1:prandomized:tree307:i40006,4,2,23,randomized,0,4,validation,-0.07004737854003906,1,0,6,307,64
L2_W64_H4,0,validation:d4:t1:prandomized:tree307:i40009,4,2,23,randomized,1,4,validation,0.04295158386230469,1,1,6,307,64
L2_W64_H4,1,validation:d4:t1:prandomized:tree307:i40014,4,2,23,randomized,0,4,validation,-0.07220268249511719,1,0,6,307,64
L2_W64_H4,0,validation:d4:t2:prandomized:tree101:i40000,4,2,23,randomized,0,4,validation,-0.19733238220214844,2,0,6,101,64
L2_W64_H4,0,validation:d4:t2:prandomized:tree101:i40012,4,2,23,randomized,0,4,validation,-0.1480865478515625,2,0,6,101,64
L2_W64_H4,0,validation:d4:t2:prandomized:tree101:i40013,4,2,23,randomized,1,4,validation,0.04867362976074219,2,1,6,101,64
L2_W64_H4,1,validation:d4:t2:prandomized:tree101:i40014,4,2,23,randomized,0,4,validation,-0.09644508361816406,2,0,6,101,64
L2_W64_H4,1,validation:d4:t2:prandomized:tree211:i40002,4,2,23,randomized,0,4,validation,-0.005764007568359375,2,0,6,211,64
L2_W64_H4,0,validation:d4:t2:prandomized:tree211:i40009,4,2,23,randomized,1,4,validation,0.10436630249023438,2,1,6,211,64
L2_W64_H4,1,validation:d4:t2:prandomized:tree211:i40010,4,2,23,randomized,0,4,validation,-0.0394134521484375,2,0,6,211,64
L2_W64_H4,1,validation:d4:t2:prandomized:tree211:i40014,4,2,23,randomized,0,4,validation,-0.10446548461914062,2,0,6,211,64
L2_W64_H4,1,validation:d4:t2:prandomized:tree211:i40015,4,2,23,randomized,1,4,validation,0.18874740600585938,2,1,6,211,64
L2_W64_H4,1,validation:d4:t2:prandomized:tree307:i40006,4,2,23,randomized,0,4,validation,-0.07139396667480469,2,0,6,307,64
L2_W64_H4,0,validation:d4:t2:prandomized:tree307:i40009,4,2,23,randomized,1,4,validation,0.04319953918457031,2,1,6,307,64
L2_W64_H4,0,validation:d4:t2:prandomized:tree307:i40012,4,2,23,randomized,0,4,validation,-0.08194160461425781,2,0,6,307,64
L2_W64_H4,1,validation:d4:t2:prandomized:tree307:i40014,4,2,23,randomized,0,4,validation,-0.07077407836914062,2,0,6,307,64
L2_W64_H4,0,validation:d4:t3:prandomized:tree101:i40000,4,2,23,randomized,0,4,validation,-0.2010059356689453,3,0,6,101,64
L2_W64_H4,0,validation:d4:t3:prandomized:tree101:i40012,4,2,23,randomized,0,4,validation,-0.153472900390625,3,0,6,101,64
L2_W64_H4,0,validation:d4:t3:prandomized:tree101:i40013,4,2,23,randomized,1,4,validation,0.05005645751953125,3,1,6,101,64
L2_W64_H4,1,validation:d4:t3:prandomized:tree101:i40014,4,2,23,randomized,0,4,validation,-0.09463119506835938,3,0,6,101,64
L2_W64_H4,1,validation:d4:t3:prandomized:tree211:i40002,4,2,23,randomized,0,4,validation,-0.0061817169189453125,3,0,6,211,64
L2_W64_H4,0,validation:d4:t3:prandomized:tree211:i40009,4,2,23,randomized,1,4,validation,0.1065216064453125,3,1,6,211,64
L2_W64_H4,1,validation:d4:t3:prandomized:tree211:i40010,4,2,23,randomized,0,4,validation,-0.044353485107421875,3,0,6,211,64
L2_W64_H4,1,validation:d4:t3:prandomized:tree211:i40014,4,2,23,randomized,0,4,validation,-0.10498428344726562,3,0,6,211,64
L2_W64_H4,1,validation:d4:t3:prandomized:tree211:i40015,4,2,23,randomized,1,4,validation,0.1877307891845703,3,1,6,211,64
L2_W64_H4,1,validation:d4:t3:prandomized:tree307:i40006,4,2,23,randomized,0,4,validation,-0.07027053833007812,3,0,6,307,64
L2_W64_H4,0,validation:d4:t3:prandomized:tree307:i40009,4,2,23,randomized,1,4,validation,0.04301261901855469,3,1,6,307,64
L2_W64_H4,0,validation:d4:t3:prandomized:tree307:i40012,4,2,23,randomized,0,4,validation,-0.08233261108398438,3,0,6,307,64
L2_W64_H4,1,validation:d4:t3:prandomized:tree307:i40014,4,2,23,randomized,0,4,validation,-0.07220077514648438,3,0,6,307,64
L2_W64_H4,1,test:d4:t0:prandomized:tree101:i40002,4,2,23,randomized,0,4,test,-0.07097434997558594,0,0,6,101,64
L2_W64_H4,0,test:d4:t0:prandomized:tree211:i40005,4,2,23,randomized,1,4,test,0.06373977661132812,0,1,6,211,64
L2_W64_H4,1,test:d4:t0:prandomized:tree211:i40006,4,2,23,randomized,0,4,test,-0.01258087158203125,0,0,6,211,64
L2_W64_H4,0,test:d4:t0:prandomized:tree211:i40008,4,2,23,randomized,0,4,test,-0.012310028076171875,0,0,6,211,64
L2_W64_H4,0,test:d4:t0:prandomized:tree211:i40013,4,2,23,randomized,1,4,test,0.12246894836425781,0,1,6,211,64
L2_W64_H4,1,test:d4:t0:prandomized:tree211:i40014,4,2,23,randomized,0,4,test,-0.06713104248046875,0,0,6,211,64
L2_W64_H4,0,test:d4:t0:prandomized:tree307:i40005,4,2,23,randomized,1,4,test,0.053730010986328125,0,1,6,307,64
L2_W64_H4,1,test:d4:t0:prandomized:tree307:i40006,4,2,23,randomized,0,4,test,-0.12444305419921875,0,0,6,307,64
L2_W64_H4,0,test:d4:t0:prandomized:tree307:i40009,4,2,23,randomized,1,4,test,0.06843376159667969,0,1,6,307,64
L2_W64_H4,1,test:d4:t0:prandomized:tree307:i40014,4,2,23,randomized,0,4,test,-0.07666969299316406,0,0,6,307,64
L2_W64_H4,1,test:d4:t1:prandomized:tree101:i40002,4,2,23,randomized,0,4,test,-0.07013702392578125,1,0,6,101,64
L2_W64_H4,0,test:d4:t1:prandomized:tree211:i40005,4,2,23,randomized,1,4,test,0.0555572509765625,1,1,6,211,64
L2_W64_H4,1,test:d4:t1:prandomized:tree211:i40006,4,2,23,randomized,0,4,test,-0.010789871215820312,1,0,6,211,64
L2_W64_H4,0,test:d4:t1:prandomized:tree211:i40008,4,2,23,randomized,0,4,test,-0.008787155151367188,1,0,6,211,64
L2_W64_H4,0,test:d4:t1:prandomized:tree211:i40013,4,2,23,randomized,1,4,test,0.12051773071289062,1,1,6,211,64
L2_W64_H4,1,test:d4:t1:prandomized:tree211:i40014,4,2,23,randomized,0,4,test,-0.07100296020507812,1,0,6,211,64
L2_W64_H4,0,test:d4:t1:prandomized:tree307:i40005,4,2,23,randomized,1,4,test,0.0547027587890625,1,1,6,307,64
L2_W64_H4,1,test:d4:t1:prandomized:tree307:i40006,4,2,23,randomized,0,4,test,-0.12639427185058594,1,0,6,307,64
L2_W64_H4,0,test:d4:t1:prandomized:tree307:i40009,4,2,23,randomized,1,4,test,0.0678863525390625,1,1,6,307,64
L2_W64_H4,1,test:d4:t1:prandomized:tree307:i40014,4,2,23,randomized,0,4,test,-0.07895088195800781,1,0,6,307,64
L2_W64_H4,0,test:d4:t2:prandomized:tree101:i40000,4,2,23,randomized,0,4,test,-0.1902923583984375,2,0,6,101,64
L2_W64_H4,0,test:d4:t2:prandomized:tree101:i40012,4,2,23,randomized,0,4,test,-0.09249114990234375,2,0,6,101,64
L2_W64_H4,0,test:d4:t2:prandomized:tree101:i40013,4,2,23,randomized,1,4,test,0.1541614532470703,2,1,6,101,64
L2_W64_H4,1,test:d4:t2:prandomized:tree101:i40014,4,2,23,randomized,0,4,test,-0.09943771362304688,2,0,6,101,64
L2_W64_H4,1,test:d4:t2:prandomized:tree211:i40002,4,2,23,randomized,0,4,test,-0.12069129943847656,2,0,6,211,64
L2_W64_H4,0,test:d4:t2:prandomized:tree211:i40009,4,2,23,randomized,1,4,test,0.04492378234863281,2,1,6,211,64
L2_W64_H4,1,test:d4:t2:prandomized:tree211:i40010,4,2,23,randomized,0,4,test,-0.12489700317382812,2,0,6,211,64
L2_W64_H4,1,test:d4:t2:prandomized:tree211:i40014,4,2,23,randomized,0,4,test,-0.06541252136230469,2,0,6,211,64
L2_W64_H4,1,test:d4:t2:prandomized:tree211:i40015,4,2,23,randomized,1,4,test,0.198760986328125,2,1,6,211,64
L2_W64_H4,1,test:d4:t2:prandomized:tree307:i40006,4,2,23,randomized,0,4,test,-0.12462043762207031,2,0,6,307,64
L2_W64_H4,0,test:d4:t2:prandomized:tree307:i40009,4,2,23,randomized,1,4,test,0.06833648681640625,2,1,6,307,64
L2_W64_H4,0,test:d4:t2:prandomized:tree307:i40012,4,2,23,randomized,0,4,test,-0.13671493530273438,2,0,6,307,64
L2_W64_H4,1,test:d4:t2:prandomized:tree307:i40014,4,2,23,randomized,0,4,test,-0.07625770568847656,2,0,6,307,64
L2_W64_H4,0,test:d4:t3:prandomized:tree101:i40000,4,2,23,randomized,0,4,test,-0.19490814208984375,3,0,6,101,64
L2_W64_H4,0,test:d4:t3:prandomized:tree101:i40012,4,2,23,randomized,0,4,test,-0.09607315063476562,3,0,6,101,64
L2_W64_H4,0,test:d4:t3:prandomized:tree101:i40013,4,2,23,randomized,1,4,test,0.1560039520263672,3,1,6,101,64
L2_W64_H4,1,test:d4:t3:prandomized:tree101:i40014,4,2,23,randomized,0,4,test,-0.10161972045898438,3,0,6,101,64
L2_W64_H4,1,test:d4:t3:prandomized:tree211:i40002,4,2,23,randomized,0,4,test,-0.12408256530761719,3,0,6,211,64
L2_W64_H4,0,test:d4:t3:prandomized:tree211:i40009,4,2,23,randomized,1,4,test,0.04649162292480469,3,1,6,211,64
L2_W64_H4,1,test:d4:t3:prandomized:tree211:i40010,4,2,23,randomized,0,4,test,-0.1274566650390625,3,0,6,211,64
L2_W64_H4,1,test:d4:t3:prandomized:tree211:i40014,4,2,23,randomized,0,4,test,-0.06988906860351562,3,0,6,211,64
L2_W64_H4,1,test:d4:t3:prandomized:tree211:i40015,4,2,23,randomized,1,4,test,0.20347023010253906,3,1,6,211,64
L2_W64_H4,1,test:d4:t3:prandomized:tree307:i40006,4,2,23,randomized,0,4,test,-0.1268768310546875,3,0,6,307,64
L2_W64_H4,0,test:d4:t3:prandomized:tree307:i40009,4,2,23,randomized,1,4,test,0.0679168701171875,3,1,6,307,64
L2_W64_H4,0,test:d4:t3:prandomized:tree307:i40012,4,2,23,randomized,0,4,test,-0.14525413513183594,3,0,6,307,64
L2_W64_H4,1,test:d4:t3:prandomized:tree307:i40014,4,2,23,randomized,0,4,test,-0.07805633544921875,3,0,6,307,64
L2_W64_H4,0,validation:d4:t0:prandomized:tree101:i40001,4,2,23,randomized,1,4,validation,0.13373565673828125,0,1,6,101,64
L2_W64_H4,0,validation:d4:t0:prandomized:tree101:i40004,4,2,23,randomized,0,4,validation,-0.126800537109375,0,0,6,101,64
L2_W64_H4,1,validation:d4:t0:prandomized:tree101:i40006,4,2,23,randomized,0,4,validation,-0.2013835906982422,0,0,6,101,64
L2_W64_H4,1,validation:d4:t0:prandomized:tree211:i40010,4,2,23,randomized,0,4,validation,-0.03166389465332031,0,0,6,211,64
L2_W64_H4,0,validation:d4:t0:prandomized:tree211:i40012,4,2,23,randomized,0,4,validation,-0.12872314453125,0,0,6,211,64
L2_W64_H4,1,validation:d4:t0:prandomized:tree307:i40011,4,2,23,randomized,1,4,validation,0.12304878234863281,0,1,6,307,64
L2_W64_H4,0,validation:d4:t1:prandomized:tree101:i40001,4,2,23,randomized,1,4,validation,0.1272106170654297,1,1,6,101,64
L2_W64_H4,0,validation:d4:t1:prandomized:tree101:i40004,4,2,23,randomized,0,4,validation,-0.12161636352539062,1,0,6,101,64
L2_W64_H4,1,validation:d4:t1:prandomized:tree101:i40006,4,2,23,randomized,0,4,validation,-0.1872882843017578,1,0,6,101,64
L2_W64_H4,1,validation:d4:t1:prandomized:tree211:i40010,4,2,23,randomized,0,4,validation,-0.03363227844238281,1,0,6,211,64
L2_W64_H4,0,validation:d4:t1:prandomized:tree211:i40012,4,2,23,randomized,0,4,validation,-0.12611961364746094,1,0,6,211,64
L2_W64_H4,1,validation:d4:t1:prandomized:tree307:i40011,4,2,23,randomized,1,4,validation,0.11469459533691406,1,1,6,307,64
L2_W64_H4,1,validation:d4:t2:prandomized:tree101:i40002,4,2,23,randomized,0,4,validation,-0.017984390258789062,2,0,6,101,64
L2_W64_H4,1,validation:d4:t2:prandomized:tree101:i40006,4,2,23,randomized,0,4,validation,-0.20035552978515625,2,0,6,101,64
L2_W64_H4,1,validation:d4:t2:prandomized:tree211:i40007,4,2,23,randomized,1,4,validation,0.07640266418457031,2,1,6,211,64
L2_W64_H4,0,validation:d4:t2:prandomized:tree211:i40008,4,2,23,randomized,0,4,validation,-0.1635150909423828,2,0,6,211,64
L2_W64_H4,1,validation:d4:t2:prandomized:tree307:i40011,4,2,23,randomized,1,4,validation,0.11981201171875,2,1,6,307,64
L2_W64_H4,1,validation:d4:t3:prandomized:tree101:i40002,4,2,23,randomized,0,4,validation,-0.017076492309570312,3,0,6,101,64
L2_W64_H4,1,validation:d4:t3:prandomized:tree101:i40006,4,2,23,randomized,0,4,validation,-0.1878795623779297,3,0,6,101,64
L2_W64_H4,1,validation:d4:t3:prandomized:tree211:i40007,4,2,23,randomized,1,4,validation,0.07029533386230469,3,1,6,211,64
L2_W64_H4,0,validation:d4:t3:prandomized:tree211:i40008,4,2,23,randomized,0,4,validation,-0.15603065490722656,3,0,6,211,64
L2_W64_H4,1,validation:d4:t3:prandomized:tree307:i40011,4,2,23,randomized,1,4,validation,0.11488723754882812,3,1,6,307,64
L2_W64_H4,0,test:d4:t0:prandomized:tree101:i40001,4,2,23,randomized,1,4,test,0.24658966064453125,0,1,6,101,64
L2_W64_H4,0,test:d4:t0:prandomized:tree101:i40004,4,2,23,randomized,0,4,test,-0.1747913360595703,0,0,6,101,64
L2_W64_H4,1,test:d4:t0:prandomized:tree101:i40006,4,2,23,randomized,0,4,test,-0.14961814880371094,0,0,6,101,64
L2_W64_H4,1,test:d4:t0:prandomized:tree211:i40010,4,2,23,randomized,0,4,test,-0.11849403381347656,0,0,6,211,64
L2_W64_H4,0,test:d4:t0:prandomized:tree211:i40012,4,2,23,randomized,0,4,test,-0.031213760375976562,0,0,6,211,64
L2_W64_H4,1,test:d4:t0:prandomized:tree307:i40011,4,2,23,randomized,1,4,test,0.12086677551269531,0,1,6,307,64
L2_W64_H4,0,test:d4:t1:prandomized:tree101:i40001,4,2,23,randomized,1,4,test,0.241058349609375,1,1,6,101,64
L2_W64_H4,0,test:d4:t1:prandomized:tree101:i40004,4,2,23,randomized,0,4,test,-0.16962432861328125,1,0,6,101,64
L2_W64_H4,1,test:d4:t1:prandomized:tree101:i40006,4,2,23,randomized,0,4,test,-0.1432342529296875,1,0,6,101,64
L2_W64_H4,1,test:d4:t1:prandomized:tree211:i40010,4,2,23,randomized,0,4,test,-0.11330413818359375,1,0,6,211,64
L2_W64_H4,0,test:d4:t1:prandomized:tree211:i40012,4,2,23,randomized,0,4,test,-0.024217605590820312,1,0,6,211,64
L2_W64_H4,1,test:d4:t1:prandomized:tree307:i40011,4,2,23,randomized,1,4,test,0.11616134643554688,1,1,6,307,64
L2_W64_H4,1,test:d4:t2:prandomized:tree101:i40002,4,2,23,randomized,0,4,test,-0.0627288818359375,2,0,6,101,64
L2_W64_H4,1,test:d4:t2:prandomized:tree101:i40006,4,2,23,randomized,0,4,test,-0.1488189697265625,2,0,6,101,64
L2_W64_H4,1,test:d4:t2:prandomized:tree211:i40007,4,2,23,randomized,1,4,test,0.08351707458496094,2,1,6,211,64
L2_W64_H4,0,test:d4:t2:prandomized:tree211:i40008,4,2,23,randomized,0,4,test,-0.0015392303466796875,2,0,6,211,64
L2_W64_H4,1,test:d4:t2:prandomized:tree307:i40011,4,2,23,randomized,1,4,test,0.12104988098144531,2,1,6,307,64
L2_W64_H4,1,test:d4:t3:prandomized:tree101:i40002,4,2,23,randomized,0,4,test,-0.05831336975097656,3,0,6,101,64
L2_W64_H4,1,test:d4:t3:prandomized:tree101:i40006,4,2,23,randomized,0,4,test,-0.1429729461669922,3,0,6,101,64
L2_W64_H4,1,test:d4:t3:prandomized:tree211:i40007,4,2,23,randomized,1,4,test,0.07569313049316406,3,1,6,211,64
L2_W64_H4,0,test:d4:t3:prandomized:tree211:i40008,4,2,23,randomized,0,4,test,0.0027828216552734375,3,1,6,211,64
L2_W64_H4,1,test:d4:t3:prandomized:tree307:i40011,4,2,23,randomized,1,4,test,0.11654281616210938,3,1,6,307,64
L2_W64_H4,0,validation:d4:t0:prandomized:tree101:i40013,4,2,23,randomized,1,4,validation,0.04788017272949219,0,1,6,101,64
L2_W64_H4,1,validation:d4:t0:prandomized:tree101:i40014,4,2,23,randomized,0,4,validation,-0.08874702453613281,0,0,6,101,64
L2_W64_H4,0,validation:d4:t0:prandomized:tree307:i40000,4,2,23,randomized,0,4,validation,-0.024667739868164062,0,0,6,307,64
L2_W64_H4,0,validation:d4:t0:prandomized:tree307:i40001,4,2,23,randomized,1,4,validation,0.12384033203125,0,1,6,307,64
L2_W64_H4,0,validation:d4:t0:prandomized:tree307:i40012,4,2,23,randomized,0,4,validation,-0.07756614685058594,0,0,6,307,64
L2_W64_H4,0,validation:d4:t1:prandomized:tree101:i40013,4,2,23,randomized,1,4,validation,0.029623031616210938,1,1,6,101,64
L2_W64_H4,1,validation:d4:t1:prandomized:tree101:i40014,4,2,23,randomized,0,4,validation,-0.07496452331542969,1,0,6,101,64
L2_W64_H4,0,validation:d4:t1:prandomized:tree307:i40000,4,2,23,randomized,0,4,validation,-0.009769439697265625,1,0,6,307,64
L2_W64_H4,0,validation:d4:t1:prandomized:tree307:i40001,4,2,23,randomized,1,4,validation,0.10601615905761719,1,1,6,307,64
L2_W64_H4,0,validation:d4:t1:prandomized:tree307:i40012,4,2,23,randomized,0,4,validation,-0.06036376953125,1,0,6,307,64
L2_W64_H4,0,validation:d4:t2:prandomized:tree101:i40005,4,2,23,randomized,1,4,validation,0.14917564392089844,2,1,6,101,64
L2_W64_H4,0,validation:d4:t2:prandomized:tree211:i40000,4,2,23,randomized,0,4,validation,-0.08339500427246094,2,0,6,211,64
L2_W64_H4,0,validation:d4:t2:prandomized:tree211:i40004,4,2,23,randomized,0,4,validation,-0.17938804626464844,2,0,6,211,64
L2_W64_H4,1,validation:d4:t2:prandomized:tree307:i40015,4,2,23,randomized,1,4,validation,0.0121917724609375,2,1,6,307,64
L2_W64_H4,0,validation:d4:t3:prandomized:tree101:i40005,4,2,23,randomized,1,4,validation,0.13131141662597656,3,1,6,101,64
L2_W64_H4,0,validation:d4:t3:prandomized:tree211:i40000,4,2,23,randomized,0,4,validation,-0.07102012634277344,3,0,6,211,64
L2_W64_H4,0,validation:d4:t3:prandomized:tree211:i40004,4,2,23,randomized,0,4,validation,-0.16025543212890625,3,0,6,211,64
L2_W64_H4,1,validation:d4:t3:prandomized:tree307:i40015,4,2,23,randomized,1,4,validation,0.010738372802734375,3,1,6,307,64
L2_W64_H4,0,test:d4:t0:prandomized:tree101:i40013,4,2,23,randomized,1,4,test,0.14891815185546875,0,1,6,101,64
L2_W64_H4,1,test:d4:t0:prandomized:tree101:i40014,4,2,23,randomized,0,4,test,-0.09797859191894531,0,0,6,101,64
L2_W64_H4,0,test:d4:t0:prandomized:tree307:i40000,4,2,23,randomized,0,4,test,-0.1099395751953125,0,0,6,307,64
L2_W64_H4,0,test:d4:t0:prandomized:tree307:i40001,4,2,23,randomized,1,4,test,0.08544731140136719,0,1,6,307,64
L2_W64_H4,0,test:d4:t0:prandomized:tree307:i40012,4,2,23,randomized,0,4,test,-0.13157081604003906,0,0,6,307,64
L2_W64_H4,0,test:d4:t1:prandomized:tree101:i40013,4,2,23,randomized,1,4,test,0.13384437561035156,1,1,6,101,64
L2_W64_H4,1,test:d4:t1:prandomized:tree101:i40014,4,2,23,randomized,0,4,test,-0.08158683776855469,1,0,6,101,64
L2_W64_H4,0,test:d4:t1:prandomized:tree307:i40000,4,2,23,randomized,0,4,test,-0.09862518310546875,1,0,6,307,64
L2_W64_H4,0,test:d4:t1:prandomized:tree307:i40001,4,2,23,randomized,1,4,test,0.069244384765625,1,1,6,307,64
L2_W64_H4,0,test:d4:t1:prandomized:tree307:i40012,4,2,23,randomized,0,4,test,-0.12189865112304688,1,0,6,307,64
L2_W64_H4,0,test:d4:t2:prandomized:tree101:i40005,4,2,23,randomized,1,4,test,0.13875198364257812,2,1,6,101,64
L2_W64_H4,0,test:d4:t2:prandomized:tree211:i40000,4,2,23,randomized,0,4,test,-0.07454490661621094,2,0,6,211,64
L2_W64_H4,0,test:d4:t2:prandomized:tree211:i40004,4,2,23,randomized,0,4,test,-0.013034820556640625,2,0,6,211,64
L2_W64_H4,1,test:d4:t2:prandomized:tree307:i40015,4,2,23,randomized,1,4,test,0.05591773986816406,2,1,6,307,64
L2_W64_H4,0,test:d4:t3:prandomized:tree101:i40005,4,2,23,randomized,1,4,test,0.12018203735351562,3,1,6,101,64
L2_W64_H4,0,test:d4:t3:prandomized:tree211:i40000,4,2,23,randomized,0,4,test,-0.05964469909667969,3,0,6,211,64
L2_W64_H4,0,test:d4:t3:prandomized:tree211:i40004,4,2,23,randomized,0,4,test,-0.0070896148681640625,3,0,6,211,64
L2_W64_H4,1,test:d4:t3:prandomized:tree307:i40015,4,2,23,randomized,1,4,test,0.041778564453125,3,1,6,307,64
L2_W64_H4,0,validation:d4:t0:prandomized:tree101:i40000,4,2,23,randomized,0,4,validation,-0.20146751403808594,0,0,6,101,64
L2_W64_H4,0,validation:d4:t0:prandomized:tree101:i40012,4,2,23,randomized,0,4,validation,-0.16989517211914062,0,0,6,101,64
L2_W64_H4,0,validation:d4:t0:prandomized:tree211:i40004,4,2,23,randomized,0,4,validation,-0.19042015075683594,0,0,6,211,64
L2_W64_H4,0,validation:d4:t0:prandomized:tree211:i40009,4,2,23,randomized,1,4,validation,0.10994720458984375,0,1,6,211,64
L2_W64_H4,0,validation:d4:t1:prandomized:tree101:i40000,4,2,23,randomized,0,4,validation,-0.17749595642089844,1,0,6,101,64
L2_W64_H4,0,validation:d4:t1:prandomized:tree101:i40012,4,2,23,randomized,0,4,validation,-0.13290786743164062,1,0,6,101,64
L2_W64_H4,0,validation:d4:t1:prandomized:tree211:i40004,4,2,23,randomized,0,4,validation,-0.1621856689453125,1,0,6,211,64
L2_W64_H4,0,validation:d4:t1:prandomized:tree211:i40009,4,2,23,randomized,1,4,validation,0.08841133117675781,1,1,6,211,64
L2_W64_H4,1,validation:d4:t2:prandomized:tree101:i40003,4,2,23,randomized,1,4,validation,0.10594558715820312,2,1,6,101,64
L2_W64_H4,1,validation:d4:t3:prandomized:tree101:i40003,4,2,23,randomized,1,4,validation,0.08691024780273438,3,1,6,101,64
L2_W64_H4,0,test:d4:t0:prandomized:tree101:i40000,4,2,23,randomized,0,4,test,-0.19449615478515625,0,0,6,101,64
L2_W64_H4,0,test:d4:t0:prandomized:tree101:i40012,4,2,23,randomized,0,4,test,-0.096832275390625,0,0,6,101,64
L2_W64_H4,0,test:d4:t0:prandomized:tree211:i40004,4,2,23,randomized,0,4,test,-0.0204925537109375,0,0,6,211,64
L2_W64_H4,0,test:d4:t0:prandomized:tree211:i40009,4,2,23,randomized,1,4,test,0.04603004455566406,0,1,6,211,64
L2_W64_H4,0,test:d4:t1:prandomized:tree101:i40000,4,2,23,randomized,0,4,test,-0.1692790985107422,1,0,6,101,64
L2_W64_H4,0,test:d4:t1:prandomized:tree101:i40012,4,2,23,randomized,0,4,test,-0.07372283935546875,1,0,6,101,64
L2_W64_H4,0,test:d4:t1:prandomized:tree211:i40004,4,2,23,randomized,0,4,test,-0.014385223388671875,1,0,6,211,64
L2_W64_H4,0,test:d4:t1:prandomized:tree211:i40009,4,2,23,randomized,1,4,test,0.03136253356933594,1,1,6,211,64
L2_W64_H4,1,test:d4:t2:prandomized:tree101:i40003,4,2,23,randomized,1,4,test,-0.000545501708984375,2,0,6,101,64
L2_W64_H4,1,test:d4:t3:prandomized:tree101:i40003,4,2,23,randomized,1,4,test,-0.015703201293945312,3,0,6,101,64
L2_W64_H4,1,validation:d4:t0:prandomized:tree101:i40003,4,2,23,randomized,1,4,validation,0.11530494689941406,0,1,6,101,64
L2_W64_H4,1,validation:d4:t0:prandomized:tree101:i40011,4,2,23,randomized,1,4,validation,0.07633590698242188,0,1,6,101,64
L2_W64_H4,1,validation:d4:t0:prandomized:tree211:i40003,4,2,23,randomized,1,4,validation,0.15582656860351562,0,1,6,211,64
L2_W64_H4,1,validation:d4:t0:prandomized:tree307:i40007,4,2,23,randomized,1,4,validation,0.1728038787841797,0,1,6,307,64
L2_W64_H4,0,validation:d4:t0:prandomized:tree307:i40013,4,2,23,randomized,1,4,validation,0.1493663787841797,0,1,6,307,64
L2_W64_H4,1,validation:d4:t1:prandomized:tree101:i40003,4,2,23,randomized,1,4,validation,0.0948333740234375,1,1,6,101,64
L2_W64_H4,1,validation:d4:t1:prandomized:tree101:i40011,4,2,23,randomized,1,4,validation,0.049365997314453125,1,1,6,101,64
L2_W64_H4,1,validation:d4:t1:prandomized:tree211:i40003,4,2,23,randomized,1,4,validation,0.13814544677734375,1,1,6,211,64
L2_W64_H4,1,validation:d4:t1:prandomized:tree307:i40007,4,2,23,randomized,1,4,validation,0.1403350830078125,1,1,6,307,64
L2_W64_H4,0,validation:d4:t1:prandomized:tree307:i40013,4,2,23,randomized,1,4,validation,0.12221145629882812,1,1,6,307,64
L2_W64_H4,0,validation:d4:t2:prandomized:tree101:i40001,4,2,23,randomized,1,4,validation,0.13469886779785156,2,1,6,101,64
L2_W64_H4,0,validation:d4:t2:prandomized:tree101:i40008,4,2,23,randomized,0,4,validation,-0.020931243896484375,2,0,6,101,64
L2_W64_H4,1,validation:d4:t2:prandomized:tree101:i40015,4,2,23,randomized,1,4,validation,0.102691650390625,2,1,6,101,64
L2_W64_H4,0,validation:d4:t2:prandomized:tree307:i40000,4,2,23,randomized,0,4,validation,-0.025480270385742188,2,0,6,307,64
L2_W64_H4,1,validation:d4:t2:prandomized:tree307:i40003,4,2,23,randomized,1,4,validation,0.09458732604980469,2,1,6,307,64
L2_W64_H4,0,validation:d4:t3:prandomized:tree101:i40001,4,2,23,randomized,1,4,validation,0.1176605224609375,3,1,6,101,64
L2_W64_H4,0,validation:d4:t3:prandomized:tree101:i40008,4,2,23,randomized,0,4,validation,-0.006977081298828125,3,0,6,101,64
L2_W64_H4,1,validation:d4:t3:prandomized:tree101:i40015,4,2,23,randomized,1,4,validation,0.09333038330078125,3,1,6,101,64
L2_W64_H4,0,validation:d4:t3:prandomized:tree307:i40000,4,2,23,randomized,0,4,validation,-0.013402938842773438,3,0,6,307,64
L2_W64_H4,1,validation:d4:t3:prandomized:tree307:i40003,4,2,23,randomized,1,4,validation,0.08509635925292969,3,1,6,307,64
L2_W64_H4,1,test:d4:t0:prandomized:tree101:i40003,4,2,23,randomized,1,4,test,0.0046443939208984375,0,1,6,101,64
L2_W64_H4,1,test:d4:t0:prandomized:tree101:i40011,4,2,23,randomized,1,4,test,0.09095573425292969,0,1,6,101,64
L2_W64_H4,1,test:d4:t0:prandomized:tree211:i40003,4,2,23,randomized,1,4,test,0.12156486511230469,0,1,6,211,64
L2_W64_H4,1,test:d4:t0:prandomized:tree307:i40007,4,2,23,randomized,1,4,test,0.16459083557128906,0,1,6,307,64
L2_W64_H4,0,test:d4:t0:prandomized:tree307:i40013,4,2,23,randomized,1,4,test,0.10604476928710938,0,1,6,307,64
L2_W64_H4,1,test:d4:t1:prandomized:tree101:i40003,4,2,23,randomized,1,4,test,-0.0107269287109375,1,0,6,101,64
L2_W64_H4,1,test:d4:t1:prandomized:tree101:i40011,4,2,23,randomized,1,4,test,0.06789779663085938,1,1,6,101,64
L2_W64_H4,1,test:d4:t1:prandomized:tree211:i40003,4,2,23,randomized,1,4,test,0.10322952270507812,1,1,6,211,64
L2_W64_H4,1,test:d4:t1:prandomized:tree307:i40007,4,2,23,randomized,1,4,test,0.1330718994140625,1,1,6,307,64
L2_W64_H4,0,test:d4:t1:prandomized:tree307:i40013,4,2,23,randomized,1,4,test,0.08218193054199219,1,1,6,307,64
L2_W64_H4,0,test:d4:t2:prandomized:tree101:i40001,4,2,23,randomized,1,4,test,0.24755477905273438,2,1,6,101,64
L2_W64_H4,0,test:d4:t2:prandomized:tree101:i40008,4,2,23,randomized,0,4,test,-0.1701946258544922,2,0,6,101,64
L2_W64_H4,1,test:d4:t2:prandomized:tree101:i40015,4,2,23,randomized,1,4,test,0.05816650390625,2,1,6,101,64
L2_W64_H4,0,test:d4:t2:prandomized:tree307:i40000,4,2,23,randomized,0,4,test,-0.10515975952148438,2,0,6,307,64
L2_W64_H4,1,test:d4:t2:prandomized:tree307:i40003,4,2,23,randomized,1,4,test,0.1334381103515625,2,1,6,307,64
L2_W64_H4,0,test:d4:t3:prandomized:tree101:i40001,4,2,23,randomized,1,4,test,0.2302398681640625,3,1,6,101,64
L2_W64_H4,0,test:d4:t3:prandomized:tree101:i40008,4,2,23,randomized,0,4,test,-0.1486663818359375,3,0,6,101,64
L2_W64_H4,1,test:d4:t3:prandomized:tree101:i40015,4,2,23,randomized,1,4,test,0.03742408752441406,3,1,6,101,64
L2_W64_H4,0,test:d4:t3:prandomized:tree307:i40000,4,2,23,randomized,0,4,test,-0.08633041381835938,3,0,6,307,64
L2_W64_H4,1,test:d4:t3:prandomized:tree307:i40003,4,2,23,randomized,1,4,test,0.1349201202392578,3,1,6,307,64
L2_W64_H4,0,validation:d6:t0:paligned:tree101:i60000,4,2,23,aligned,0,6,validation,0.08855628967285156,0,1,8,101,64
L2_W64_H4,0,validation:d6:t0:paligned:tree101:i60001,4,2,23,aligned,1,6,validation,0.2101879119873047,0,1,8,101,64
L2_W64_H4,1,validation:d6:t0:paligned:tree101:i60002,4,2,23,aligned,0,6,validation,-0.10471534729003906,0,0,8,101,64
L2_W64_H4,1,validation:d6:t0:paligned:tree101:i60003,4,2,23,aligned,1,6,validation,0.14112091064453125,0,1,8,101,64
L2_W64_H4,0,validation:d6:t0:paligned:tree101:i60004,4,2,23,aligned,0,6,validation,-0.14841651916503906,0,0,8,101,64
L2_W64_H4,0,validation:d6:t0:paligned:tree101:i60005,4,2,23,aligned,1,6,validation,0.0593719482421875,0,1,8,101,64
L2_W64_H4,1,validation:d6:t0:paligned:tree101:i60006,4,2,23,aligned,0,6,validation,-0.1688365936279297,0,0,8,101,64
L2_W64_H4,1,validation:d6:t0:paligned:tree101:i60007,4,2,23,aligned,1,6,validation,0.11494255065917969,0,1,8,101,64
L2_W64_H4,0,validation:d6:t0:paligned:tree101:i60008,4,2,23,aligned,0,6,validation,0.0241546630859375,0,1,8,101,64
L2_W64_H4,0,validation:d6:t0:paligned:tree101:i60009,4,2,23,aligned,1,6,validation,0.25669097900390625,0,1,8,101,64
L2_W64_H4,1,validation:d6:t0:paligned:tree101:i60010,4,2,23,aligned,0,6,validation,-0.1736774444580078,0,0,8,101,64
L2_W64_H4,1,validation:d6:t0:paligned:tree101:i60011,4,2,23,aligned,1,6,validation,0.022996902465820312,0,1,8,101,64
L2_W64_H4,0,validation:d6:t0:paligned:tree101:i60012,4,2,23,aligned,0,6,validation,-0.14361190795898438,0,0,8,101,64
L2_W64_H4,0,validation:d6:t0:paligned:tree101:i60013,4,2,23,aligned,1,6,validation,-0.05534934997558594,0,0,8,101,64
L2_W64_H4,1,validation:d6:t0:paligned:tree101:i60014,4,2,23,aligned,0,6,validation,-0.2610626220703125,0,0,8,101,64
L2_W64_H4,1,validation:d6:t0:paligned:tree101:i60015,4,2,23,aligned,1,6,validation,-0.0478363037109375,0,0,8,101,64
L2_W64_H4,0,validation:d6:t0:paligned:tree211:i60000,4,2,23,aligned,0,6,validation,-0.0777740478515625,0,0,8,211,64
L2_W64_H4,0,validation:d6:t0:paligned:tree211:i60001,4,2,23,aligned,1,6,validation,0.1613750457763672,0,1,8,211,64
L2_W64_H4,1,validation:d6:t0:paligned:tree211:i60002,4,2,23,aligned,0,6,validation,-0.15142250061035156,0,0,8,211,64
L2_W64_H4,1,validation:d6:t0:paligned:tree211:i60003,4,2,23,aligned,1,6,validation,-0.001773834228515625,0,0,8,211,64
L2_W64_H4,0,validation:d6:t0:paligned:tree211:i60004,4,2,23,aligned,0,6,validation,0.1610279083251953,0,1,8,211,64
L2_W64_H4,0,validation:d6:t0:paligned:tree211:i60005,4,2,23,aligned,1,6,validation,0.06570243835449219,0,1,8,211,64
L2_W64_H4,1,validation:d6:t0:paligned:tree211:i60006,4,2,23,aligned,0,6,validation,-0.06298446655273438,0,0,8,211,64
L2_W64_H4,1,validation:d6:t0:paligned:tree211:i60007,4,2,23,aligned,1,6,validation,0.10225677490234375,0,1,8,211,64
L2_W64_H4,0,validation:d6:t0:paligned:tree211:i60008,4,2,23,aligned,0,6,validation,0.009191513061523438,0,1,8,211,64
L2_W64_H4,0,validation:d6:t0:paligned:tree211:i60009,4,2,23,aligned,1,6,validation,0.0576171875,0,1,8,211,64
L2_W64_H4,1,validation:d6:t0:paligned:tree211:i60010,4,2,23,aligned,0,6,validation,-0.022943496704101562,0,0,8,211,64
L2_W64_H4,1,validation:d6:t0:paligned:tree211:i60011,4,2,23,aligned,1,6,validation,-0.08332633972167969,0,0,8,211,64
L2_W64_H4,0,validation:d6:t0:paligned:tree211:i60012,4,2,23,aligned,0,6,validation,0.015392303466796875,0,1,8,211,64
L2_W64_H4,0,validation:d6:t0:paligned:tree211:i60013,4,2,23,aligned,1,6,validation,-0.015333175659179688,0,0,8,211,64
L2_W64_H4,1,validation:d6:t0:paligned:tree211:i60014,4,2,23,aligned,0,6,validation,0.07483291625976562,0,1,8,211,64
L2_W64_H4,1,validation:d6:t0:paligned:tree211:i60015,4,2,23,aligned,1,6,validation,-0.00276947021484375,0,0,8,211,64
L2_W64_H4,0,validation:d6:t0:paligned:tree307:i60000,4,2,23,aligned,0,6,validation,0.05045890808105469,0,1,8,307,64
L2_W64_H4,0,validation:d6:t0:paligned:tree307:i60001,4,2,23,aligned,1,6,validation,-0.04357337951660156,0,0,8,307,64
L2_W64_H4,1,validation:d6:t0:paligned:tree307:i60002,4,2,23,aligned,0,6,validation,-0.07630729675292969,0,0,8,307,64
L2_W64_H4,1,validation:d6:t0:paligned:tree307:i60003,4,2,23,aligned,1,6,validation,0.09136962890625,0,1,8,307,64
L2_W64_H4,0,validation:d6:t0:paligned:tree307:i60004,4,2,23,aligned,0,6,validation,0.004520416259765625,0,1,8,307,64
L2_W64_H4,0,validation:d6:t0:paligned:tree307:i60005,4,2,23,aligned,1,6,validation,0.052623748779296875,0,1,8,307,64
L2_W64_H4,1,validation:d6:t0:paligned:tree307:i60006,4,2,23,aligned,0,6,validation,-0.013462066650390625,0,0,8,307,64
L2_W64_H4,1,validation:d6:t0:paligned:tree307:i60007,4,2,23,aligned,1,6,validation,0.1316814422607422,0,1,8,307,64
L2_W64_H4,0,validation:d6:t0:paligned:tree307:i60008,4,2,23,aligned,0,6,validation,-0.15990829467773438,0,0,8,307,64
L2_W64_H4,0,validation:d6:t0:paligned:tree307:i60009,4,2,23,aligned,1,6,validation,0.025217056274414062,0,1,8,307,64
L2_W64_H4,1,validation:d6:t0:paligned:tree307:i60010,4,2,23,aligned,0,6,validation,-0.16748619079589844,0,0,8,307,64
L2_W64_H4,1,validation:d6:t0:paligned:tree307:i60011,4,2,23,aligned,1,6,validation,0.12258529663085938,0,1,8,307,64
L2_W64_H4,0,validation:d6:t0:paligned:tree307:i60012,4,2,23,aligned,0,6,validation,-0.00235748291015625,0,0,8,307,64
L2_W64_H4,0,validation:d6:t0:paligned:tree307:i60013,4,2,23,aligned,1,6,validation,0.030780792236328125,0,1,8,307,64
L2_W64_H4,1,validation:d6:t0:paligned:tree307:i60014,4,2,23,aligned,0,6,validation,0.03626441955566406,0,1,8,307,64
L2_W64_H4,1,validation:d6:t0:paligned:tree307:i60015,4,2,23,aligned,1,6,validation,0.1348896026611328,0,1,8,307,64
L2_W64_H4,1,validation:d6:t0:prandomized:tree101:i60003,4,2,23,randomized,1,6,validation,0.14112091064453125,0,1,8,101,64
L2_W64_H4,0,validation:d6:t0:prandomized:tree101:i60004,4,2,23,randomized,0,6,validation,-0.14841651916503906,0,0,8,101,64
L2_W64_H4,1,validation:d6:t0:prandomized:tree101:i60007,4,2,23,randomized,1,6,validation,0.11494255065917969,0,1,8,101,64
L2_W64_H4,1,validation:d6:t0:prandomized:tree211:i60002,4,2,23,randomized,0,6,validation,-0.15142250061035156,0,0,8,211,64
L2_W64_H4,0,validation:d6:t0:prandomized:tree211:i60005,4,2,23,randomized,1,6,validation,0.06570243835449219,0,1,8,211,64
L2_W64_H4,1,validation:d6:t0:prandomized:tree211:i60010,4,2,23,randomized,0,6,validation,-0.022943496704101562,0,0,8,211,64
L2_W64_H4,0,validation:d6:t0:prandomized:tree211:i60012,4,2,23,randomized,0,6,validation,0.015392303466796875,0,1,8,211,64
L2_W64_H4,1,validation:d6:t0:prandomized:tree211:i60014,4,2,23,randomized,0,6,validation,0.07483291625976562,0,1,8,211,64
L2_W64_H4,0,validation:d6:t0:prandomized:tree307:i60012,4,2,23,randomized,0,6,validation,-0.00235748291015625,0,0,8,307,64
L2_W64_H4,0,validation:d6:t1:paligned:tree101:i60000,4,2,23,aligned,0,6,validation,0.0770111083984375,1,1,8,101,64
L2_W64_H4,0,validation:d6:t1:paligned:tree101:i60001,4,2,23,aligned,1,6,validation,0.21468353271484375,1,1,8,101,64
L2_W64_H4,1,validation:d6:t1:paligned:tree101:i60002,4,2,23,aligned,0,6,validation,-0.11531829833984375,1,0,8,101,64
L2_W64_H4,1,validation:d6:t1:paligned:tree101:i60003,4,2,23,aligned,1,6,validation,0.15334701538085938,1,1,8,101,64
L2_W64_H4,0,validation:d6:t1:paligned:tree101:i60004,4,2,23,aligned,0,6,validation,-0.1570301055908203,1,0,8,101,64
L2_W64_H4,0,validation:d6:t1:paligned:tree101:i60005,4,2,23,aligned,1,6,validation,0.07817649841308594,1,1,8,101,64
L2_W64_H4,1,validation:d6:t1:paligned:tree101:i60006,4,2,23,aligned,0,6,validation,-0.18504905700683594,1,0,8,101,64
L2_W64_H4,1,validation:d6:t1:paligned:tree101:i60007,4,2,23,aligned,1,6,validation,0.14704132080078125,1,1,8,101,64
L2_W64_H4,0,validation:d6:t1:paligned:tree101:i60008,4,2,23,aligned,0,6,validation,0.0076751708984375,1,1,8,101,64
L2_W64_H4,0,validation:d6:t1:paligned:tree101:i60009,4,2,23,aligned,1,6,validation,0.2817192077636719,1,1,8,101,64
L2_W64_H4,1,validation:d6:t1:paligned:tree101:i60010,4,2,23,aligned,0,6,validation,-0.18788528442382812,1,0,8,101,64
L2_W64_H4,1,validation:d6:t1:paligned:tree101:i60011,4,2,23,aligned,1,6,validation,0.03470611572265625,1,1,8,101,64
L2_W64_H4,0,validation:d6:t1:paligned:tree101:i60012,4,2,23,aligned,0,6,validation,-0.15195274353027344,1,0,8,101,64
L2_W64_H4,0,validation:d6:t1:paligned:tree101:i60013,4,2,23,aligned,1,6,validation,-0.030683517456054688,1,0,8,101,64
L2_W64_H4,1,validation:d6:t1:paligned:tree101:i60014,4,2,23,aligned,0,6,validation,-0.26392555236816406,1,0,8,101,64
L2_W64_H4,1,validation:d6:t1:paligned:tree101:i60015,4,2,23,aligned,1,6,validation,-0.03652763366699219,1,0,8,101,64
L2_W64_H4,0,validation:d6:t1:paligned:tree211:i60000,4,2,23,aligned,0,6,validation,-0.09551620483398438,1,0,8,211,64
L2_W64_H4,0,validation:d6:t1:paligned:tree211:i60001,4,2,23,aligned,1,6,validation,0.1685314178466797,1,1,8,211,64
L2_W64_H4,1,validation:d6:t1:paligned:tree211:i60002,4,2,23,aligned,0,6,validation,-0.16670989990234375,1,0,8,211,64
L2_W64_H4,1,validation:d6:t1:paligned:tree211:i60003,4,2,23,aligned,1,6,validation,0.0260772705078125,1,1,8,211,64
L2_W64_H4,0,validation:d6:t1:paligned:tree211:i60004,4,2,23,aligned,0,6,validation,0.13586997985839844,1,1,8,211,64
L2_W64_H4,0,validation:d6:t1:paligned:tree211:i60005,4,2,23,aligned,1,6,validation,0.08147048950195312,1,1,8,211,64
L2_W64_H4,1,validation:d6:t1:paligned:tree211:i60006,4,2,23,aligned,0,6,validation,-0.08104705810546875,1,0,8,211,64
L2_W64_H4,1,validation:d6:t1:paligned:tree211:i60007,4,2,23,aligned,1,6,validation,0.1060638427734375,1,1,8,211,64
L2_W64_H4,0,validation:d6:t1:paligned:tree211:i60008,4,2,23,aligned,0,6,validation,-0.00507354736328125,1,0,8,211,64
L2_W64_H4,0,validation:d6:t1:paligned:tree211:i60009,4,2,23,aligned,1,6,validation,0.07645797729492188,1,1,8,211,64
L2_W64_H4,1,validation:d6:t1:paligned:tree211:i60010,4,2,23,aligned,0,6,validation,-0.035015106201171875,1,0,8,211,64
L2_W64_H4,1,validation:d6:t1:paligned:tree211:i60011,4,2,23,aligned,1,6,validation,-0.0587005615234375,1,0,8,211,64
L2_W64_H4,0,validation:d6:t1:paligned:tree211:i60012,4,2,23,aligned,0,6,validation,-0.012279510498046875,1,0,8,211,64
L2_W64_H4,0,validation:d6:t1:paligned:tree211:i60013,4,2,23,aligned,1,6,validation,0.0070323944091796875,1,1,8,211,64
L2_W64_H4,1,validation:d6:t1:paligned:tree211:i60014,4,2,23,aligned,0,6,validation,0.06269073486328125,1,1,8,211,64
L2_W64_H4,1,validation:d6:t1:paligned:tree211:i60015,4,2,23,aligned,1,6,validation,0.00603485107421875,1,1,8,211,64
L2_W64_H4,0,validation:d6:t1:paligned:tree307:i60000,4,2,23,aligned,0,6,validation,0.023847579956054688,1,1,8,307,64
L2_W64_H4,0,validation:d6:t1:paligned:tree307:i60001,4,2,23,aligned,1,6,validation,-0.021913528442382812,1,0,8,307,64
L2_W64_H4,1,validation:d6:t1:paligned:tree307:i60002,4,2,23,aligned,0,6,validation,-0.0893402099609375,1,0,8,307,64
L2_W64_H4,1,validation:d6:t1:paligned:tree307:i60003,4,2,23,aligned,1,6,validation,0.10616874694824219,1,1,8,307,64
L2_W64_H4,0,validation:d6:t1:paligned:tree307:i60004,4,2,23,aligned,0,6,validation,-0.0055141448974609375,1,0,8,307,64
L2_W64_H4,0,validation:d6:t1:paligned:tree307:i60005,4,2,23,aligned,1,6,validation,0.06312179565429688,1,1,8,307,64
L2_W64_H4,1,validation:d6:t1:paligned:tree307:i60006,4,2,23,aligned,0,6,validation,-0.03147697448730469,1,0,8,307,64
L2_W64_H4,1,validation:d6:t1:paligned:tree307:i60007,4,2,23,aligned,1,6,validation,0.14405250549316406,1,1,8,307,64
L2_W64_H4,0,validation:d6:t1:paligned:tree307:i60008,4,2,23,aligned,0,6,validation,-0.16779518127441406,1,0,8,307,64
L2_W64_H4,0,validation:d6:t1:paligned:tree307:i60009,4,2,23,aligned,1,6,validation,0.04320716857910156,1,1,8,307,64
L2_W64_H4,1,validation:d6:t1:paligned:tree307:i60010,4,2,23,aligned,0,6,validation,-0.17652320861816406,1,0,8,307,64
L2_W64_H4,1,validation:d6:t1:paligned:tree307:i60011,4,2,23,aligned,1,6,validation,0.13918304443359375,1,1,8,307,64
L2_W64_H4,0,validation:d6:t1:paligned:tree307:i60012,4,2,23,aligned,0,6,validation,-0.024652481079101562,1,0,8,307,64
L2_W64_H4,0,validation:d6:t1:paligned:tree307:i60013,4,2,23,aligned,1,6,validation,0.04392433166503906,1,1,8,307,64
L2_W64_H4,1,validation:d6:t1:paligned:tree307:i60014,4,2,23,aligned,0,6,validation,0.023708343505859375,1,1,8,307,64
L2_W64_H4,1,validation:d6:t1:paligned:tree307:i60015,4,2,23,aligned,1,6,validation,0.1468830108642578,1,1,8,307,64
L2_W64_H4,1,validation:d6:t1:prandomized:tree101:i60003,4,2,23,randomized,1,6,validation,0.15334701538085938,1,1,8,101,64
L2_W64_H4,0,validation:d6:t1:prandomized:tree101:i60004,4,2,23,randomized,0,6,validation,-0.1570301055908203,1,0,8,101,64
L2_W64_H4,1,validation:d6:t1:prandomized:tree101:i60007,4,2,23,randomized,1,6,validation,0.14704322814941406,1,1,8,101,64
L2_W64_H4,1,validation:d6:t1:prandomized:tree211:i60002,4,2,23,randomized,0,6,validation,-0.16670989990234375,1,0,8,211,64
L2_W64_H4,0,validation:d6:t1:prandomized:tree211:i60005,4,2,23,randomized,1,6,validation,0.08147048950195312,1,1,8,211,64
L2_W64_H4,1,validation:d6:t1:prandomized:tree211:i60010,4,2,23,randomized,0,6,validation,-0.035015106201171875,1,0,8,211,64
L2_W64_H4,0,validation:d6:t1:prandomized:tree211:i60012,4,2,23,randomized,0,6,validation,-0.012279510498046875,1,0,8,211,64
L2_W64_H4,1,validation:d6:t1:prandomized:tree211:i60014,4,2,23,randomized,0,6,validation,0.06269073486328125,1,1,8,211,64
L2_W64_H4,0,validation:d6:t1:prandomized:tree307:i60012,4,2,23,randomized,0,6,validation,-0.024652481079101562,1,0,8,307,64
L2_W64_H4,0,validation:d6:t2:paligned:tree101:i60000,4,2,23,aligned,0,6,validation,0.095947265625,2,1,8,101,64
L2_W64_H4,0,validation:d6:t2:paligned:tree101:i60001,4,2,23,aligned,1,6,validation,0.2114105224609375,2,1,8,101,64
L2_W64_H4,1,validation:d6:t2:paligned:tree101:i60002,4,2,23,aligned,0,6,validation,-0.10873222351074219,2,0,8,101,64
L2_W64_H4,1,validation:d6:t2:paligned:tree101:i60003,4,2,23,aligned,1,6,validation,0.14046859741210938,2,1,8,101,64
L2_W64_H4,0,validation:d6:t2:paligned:tree101:i60004,4,2,23,aligned,0,6,validation,-0.15027999877929688,2,0,8,101,64
L2_W64_H4,0,validation:d6:t2:paligned:tree101:i60005,4,2,23,aligned,1,6,validation,0.06054496765136719,2,1,8,101,64
L2_W64_H4,1,validation:d6:t2:paligned:tree101:i60006,4,2,23,aligned,0,6,validation,-0.16971206665039062,2,0,8,101,64
L2_W64_H4,1,validation:d6:t2:paligned:tree101:i60007,4,2,23,aligned,1,6,validation,0.12752342224121094,2,1,8,101,64
L2_W64_H4,0,validation:d6:t2:paligned:tree101:i60008,4,2,23,aligned,0,6,validation,0.02761077880859375,2,1,8,101,64
L2_W64_H4,0,validation:d6:t2:paligned:tree101:i60009,4,2,23,aligned,1,6,validation,0.2604827880859375,2,1,8,101,64
L2_W64_H4,1,validation:d6:t2:paligned:tree101:i60010,4,2,23,aligned,0,6,validation,-0.17385101318359375,2,0,8,101,64
L2_W64_H4,1,validation:d6:t2:paligned:tree101:i60011,4,2,23,aligned,1,6,validation,0.022848129272460938,2,1,8,101,64
L2_W64_H4,0,validation:d6:t2:paligned:tree101:i60012,4,2,23,aligned,0,6,validation,-0.1347827911376953,2,0,8,101,64
L2_W64_H4,0,validation:d6:t2:paligned:tree101:i60013,4,2,23,aligned,1,6,validation,-0.052928924560546875,2,0,8,101,64
L2_W64_H4,1,validation:d6:t2:paligned:tree101:i60014,4,2,23,aligned,0,6,validation,-0.2527732849121094,2,0,8,101,64
L2_W64_H4,1,validation:d6:t2:paligned:tree101:i60015,4,2,23,aligned,1,6,validation,-0.04651641845703125,2,0,8,101,64
L2_W64_H4,0,validation:d6:t2:paligned:tree211:i60000,4,2,23,aligned,0,6,validation,-0.08334732055664062,2,0,8,211,64
L2_W64_H4,0,validation:d6:t2:paligned:tree211:i60001,4,2,23,aligned,1,6,validation,0.1611156463623047,2,1,8,211,64
L2_W64_H4,1,validation:d6:t2:paligned:tree211:i60002,4,2,23,aligned,0,6,validation,-0.15293312072753906,2,0,8,211,64
L2_W64_H4,1,validation:d6:t2:paligned:tree211:i60003,4,2,23,aligned,1,6,validation,0.0057830810546875,2,1,8,211,64
L2_W64_H4,0,validation:d6:t2:paligned:tree211:i60004,4,2,23,aligned,0,6,validation,0.1829833984375,2,1,8,211,64
L2_W64_H4,0,validation:d6:t2:paligned:tree211:i60005,4,2,23,aligned,1,6,validation,0.06929588317871094,2,1,8,211,64
L2_W64_H4,1,validation:d6:t2:paligned:tree211:i60006,4,2,23,aligned,0,6,validation,-0.06351470947265625,2,0,8,211,64
L2_W64_H4,1,validation:d6:t2:paligned:tree211:i60007,4,2,23,aligned,1,6,validation,0.0977325439453125,2,1,8,211,64
L2_W64_H4,0,validation:d6:t2:paligned:tree211:i60008,4,2,23,aligned,0,6,validation,0.0067691802978515625,2,1,8,211,64
L2_W64_H4,0,validation:d6:t2:paligned:tree211:i60009,4,2,23,aligned,1,6,validation,0.0594940185546875,2,1,8,211,64
L2_W64_H4,1,validation:d6:t2:paligned:tree211:i60010,4,2,23,aligned,0,6,validation,-0.023294448852539062,2,0,8,211,64
L2_W64_H4,1,validation:d6:t2:paligned:tree211:i60011,4,2,23,aligned,1,6,validation,-0.07888412475585938,2,0,8,211,64
L2_W64_H4,0,validation:d6:t2:paligned:tree211:i60012,4,2,23,aligned,0,6,validation,0.005069732666015625,2,1,8,211,64
L2_W64_H4,0,validation:d6:t2:paligned:tree211:i60013,4,2,23,aligned,1,6,validation,-0.01177978515625,2,0,8,211,64
L2_W64_H4,1,validation:d6:t2:paligned:tree211:i60014,4,2,23,aligned,0,6,validation,0.08201980590820312,2,1,8,211,64
L2_W64_H4,1,validation:d6:t2:paligned:tree211:i60015,4,2,23,aligned,1,6,validation,-0.0046291351318359375,2,0,8,211,64
L2_W64_H4,0,validation:d6:t2:paligned:tree307:i60000,4,2,23,aligned,0,6,validation,0.03031158447265625,2,1,8,307,64
L2_W64_H4,0,validation:d6:t2:paligned:tree307:i60001,4,2,23,aligned,1,6,validation,-0.03880500793457031,2,0,8,307,64
L2_W64_H4,1,validation:d6:t2:paligned:tree307:i60002,4,2,23,aligned,0,6,validation,-0.07413864135742188,2,0,8,307,64
L2_W64_H4,1,validation:d6:t2:paligned:tree307:i60003,4,2,23,aligned,1,6,validation,0.09584426879882812,2,1,8,307,64
L2_W64_H4,0,validation:d6:t2:paligned:tree307:i60004,4,2,23,aligned,0,6,validation,0.001918792724609375,2,1,8,307,64
L2_W64_H4,0,validation:d6:t2:paligned:tree307:i60005,4,2,23,aligned,1,6,validation,0.06160736083984375,2,1,8,307,64
L2_W64_H4,1,validation:d6:t2:paligned:tree307:i60006,4,2,23,aligned,0,6,validation,-0.011957168579101562,2,0,8,307,64
L2_W64_H4,1,validation:d6:t2:paligned:tree307:i60007,4,2,23,aligned,1,6,validation,0.12761688232421875,2,1,8,307,64
L2_W64_H4,0,validation:d6:t2:paligned:tree307:i60008,4,2,23,aligned,0,6,validation,-0.1600513458251953,2,0,8,307,64
L2_W64_H4,0,validation:d6:t2:paligned:tree307:i60009,4,2,23,aligned,1,6,validation,0.034030914306640625,2,1,8,307,64
L2_W64_H4,1,validation:d6:t2:paligned:tree307:i60010,4,2,23,aligned,0,6,validation,-0.16590309143066406,2,0,8,307,64
L2_W64_H4,1,validation:d6:t2:paligned:tree307:i60011,4,2,23,aligned,1,6,validation,0.1266918182373047,2,1,8,307,64
L2_W64_H4,0,validation:d6:t2:paligned:tree307:i60012,4,2,23,aligned,0,6,validation,-0.004364013671875,2,0,8,307,64
L2_W64_H4,0,validation:d6:t2:paligned:tree307:i60013,4,2,23,aligned,1,6,validation,0.03140830993652344,2,1,8,307,64
L2_W64_H4,1,validation:d6:t2:paligned:tree307:i60014,4,2,23,aligned,0,6,validation,0.039302825927734375,2,1,8,307,64
L2_W64_H4,1,validation:d6:t2:paligned:tree307:i60015,4,2,23,aligned,1,6,validation,0.1353588104248047,2,1,8,307,64
L2_W64_H4,1,validation:d6:t2:prandomized:tree101:i60003,4,2,23,randomized,1,6,validation,0.14046859741210938,2,1,8,101,64
L2_W64_H4,1,validation:d6:t2:prandomized:tree101:i60011,4,2,23,randomized,1,6,validation,0.022848129272460938,2,1,8,101,64
L2_W64_H4,0,validation:d6:t2:prandomized:tree211:i60013,4,2,23,randomized,1,6,validation,-0.01177978515625,2,0,8,211,64
L2_W64_H4,1,validation:d6:t2:prandomized:tree307:i60007,4,2,23,randomized,1,6,validation,0.12761688232421875,2,1,8,307,64
L2_W64_H4,1,validation:d6:t2:prandomized:tree307:i60014,4,2,23,randomized,0,6,validation,0.039302825927734375,2,1,8,307,64
L2_W64_H4,1,validation:d6:t2:prandomized:tree307:i60015,4,2,23,randomized,1,6,validation,0.1353588104248047,2,1,8,307,64
L2_W64_H4,0,validation:d6:t3:paligned:tree101:i60000,4,2,23,aligned,0,6,validation,0.09270858764648438,3,1,8,101,64
L2_W64_H4,0,validation:d6:t3:paligned:tree101:i60001,4,2,23,aligned,1,6,validation,0.20902633666992188,3,1,8,101,64
L2_W64_H4,1,validation:d6:t3:paligned:tree101:i60002,4,2,23,aligned,0,6,validation,-0.10399055480957031,3,0,8,101,64
L2_W64_H4,1,validation:d6:t3:paligned:tree101:i60003,4,2,23,aligned,1,6,validation,0.1422748565673828,3,1,8,101,64
L2_W64_H4,0,validation:d6:t3:paligned:tree101:i60004,4,2,23,aligned,0,6,validation,-0.14872360229492188,3,0,8,101,64
L2_W64_H4,0,validation:d6:t3:paligned:tree101:i60005,4,2,23,aligned,1,6,validation,0.05922126770019531,3,1,8,101,64
L2_W64_H4,1,validation:d6:t3:paligned:tree101:i60006,4,2,23,aligned,0,6,validation,-0.1773853302001953,3,0,8,101,64
L2_W64_H4,1,validation:d6:t3:paligned:tree101:i60007,4,2,23,aligned,1,6,validation,0.14129257202148438,3,1,8,101,64
L2_W64_H4,0,validation:d6:t3:paligned:tree101:i60008,4,2,23,aligned,0,6,validation,0.021152496337890625,3,1,8,101,64
L2_W64_H4,0,validation:d6:t3:paligned:tree101:i60009,4,2,23,aligned,1,6,validation,0.2705497741699219,3,1,8,101,64
L2_W64_H4,1,validation:d6:t3:paligned:tree101:i60010,4,2,23,aligned,0,6,validation,-0.17298126220703125,3,0,8,101,64
L2_W64_H4,1,validation:d6:t3:paligned:tree101:i60011,4,2,23,aligned,1,6,validation,0.023008346557617188,3,1,8,101,64
L2_W64_H4,0,validation:d6:t3:paligned:tree101:i60012,4,2,23,aligned,0,6,validation,-0.13755226135253906,3,0,8,101,64
L2_W64_H4,0,validation:d6:t3:paligned:tree101:i60013,4,2,23,aligned,1,6,validation,-0.0384674072265625,3,0,8,101,64
L2_W64_H4,1,validation:d6:t3:paligned:tree101:i60014,4,2,23,aligned,0,6,validation,-0.25358009338378906,3,0,8,101,64
L2_W64_H4,1,validation:d6:t3:paligned:tree101:i60015,4,2,23,aligned,1,6,validation,-0.046688079833984375,3,0,8,101,64
L2_W64_H4,0,validation:d6:t3:paligned:tree211:i60000,4,2,23,aligned,0,6,validation,-0.07776069641113281,3,0,8,211,64
L2_W64_H4,0,validation:d6:t3:paligned:tree211:i60001,4,2,23,aligned,1,6,validation,0.1588897705078125,3,1,8,211,64
L2_W64_H4,1,validation:d6:t3:paligned:tree211:i60002,4,2,23,aligned,0,6,validation,-0.15593910217285156,3,0,8,211,64
L2_W64_H4,1,validation:d6:t3:paligned:tree211:i60003,4,2,23,aligned,1,6,validation,-0.000209808349609375,3,0,8,211,64
L2_W64_H4,0,validation:d6:t3:paligned:tree211:i60004,4,2,23,aligned,0,6,validation,0.1645374298095703,3,1,8,211,64
L2_W64_H4,0,validation:d6:t3:paligned:tree211:i60005,4,2,23,aligned,1,6,validation,0.07501602172851562,3,1,8,211,64
L2_W64_H4,1,validation:d6:t3:paligned:tree211:i60006,4,2,23,aligned,0,6,validation,-0.07080078125,3,0,8,211,64
L2_W64_H4,1,validation:d6:t3:paligned:tree211:i60007,4,2,23,aligned,1,6,validation,0.09427261352539062,3,1,8,211,64
L2_W64_H4,0,validation:d6:t3:paligned:tree211:i60008,4,2,23,aligned,0,6,validation,0.009538650512695312,3,1,8,211,64
L2_W64_H4,0,validation:d6:t3:paligned:tree211:i60009,4,2,23,aligned,1,6,validation,0.06331825256347656,3,1,8,211,64
L2_W64_H4,1,validation:d6:t3:paligned:tree211:i60010,4,2,23,aligned,0,6,validation,-0.0196685791015625,3,0,8,211,64
L2_W64_H4,1,validation:d6:t3:paligned:tree211:i60011,4,2,23,aligned,1,6,validation,-0.07456207275390625,3,0,8,211,64
L2_W64_H4,0,validation:d6:t3:paligned:tree211:i60012,4,2,23,aligned,0,6,validation,0.009059906005859375,3,1,8,211,64
L2_W64_H4,0,validation:d6:t3:paligned:tree211:i60013,4,2,23,aligned,1,6,validation,-0.009944915771484375,3,0,8,211,64
L2_W64_H4,1,validation:d6:t3:paligned:tree211:i60014,4,2,23,aligned,0,6,validation,0.07640647888183594,3,1,8,211,64
L2_W64_H4,1,validation:d6:t3:paligned:tree211:i60015,4,2,23,aligned,1,6,validation,-0.007320404052734375,3,0,8,211,64
L2_W64_H4,0,validation:d6:t3:paligned:tree307:i60000,4,2,23,aligned,0,6,validation,0.044342041015625,3,1,8,307,64
L2_W64_H4,0,validation:d6:t3:paligned:tree307:i60001,4,2,23,aligned,1,6,validation,-0.03891181945800781,3,0,8,307,64
L2_W64_H4,1,validation:d6:t3:paligned:tree307:i60002,4,2,23,aligned,0,6,validation,-0.07183074951171875,3,0,8,307,64
L2_W64_H4,1,validation:d6:t3:paligned:tree307:i60003,4,2,23,aligned,1,6,validation,0.08856010437011719,3,1,8,307,64
L2_W64_H4,0,validation:d6:t3:paligned:tree307:i60004,4,2,23,aligned,0,6,validation,0.004734039306640625,3,1,8,307,64
L2_W64_H4,0,validation:d6:t3:paligned:tree307:i60005,4,2,23,aligned,1,6,validation,0.058605194091796875,3,1,8,307,64
L2_W64_H4,1,validation:d6:t3:paligned:tree307:i60006,4,2,23,aligned,0,6,validation,-0.016910552978515625,3,0,8,307,64
L2_W64_H4,1,validation:d6:t3:paligned:tree307:i60007,4,2,23,aligned,1,6,validation,0.13204383850097656,3,1,8,307,64
L2_W64_H4,0,validation:d6:t3:paligned:tree307:i60008,4,2,23,aligned,0,6,validation,-0.15842056274414062,3,0,8,307,64
L2_W64_H4,0,validation:d6:t3:paligned:tree307:i60009,4,2,23,aligned,1,6,validation,0.024911880493164062,3,1,8,307,64
L2_W64_H4,1,validation:d6:t3:paligned:tree307:i60010,4,2,23,aligned,0,6,validation,-0.1617279052734375,3,0,8,307,64
L2_W64_H4,1,validation:d6:t3:paligned:tree307:i60011,4,2,23,aligned,1,6,validation,0.1284942626953125,3,1,8,307,64
L2_W64_H4,0,validation:d6:t3:paligned:tree307:i60012,4,2,23,aligned,0,6,validation,-0.008693695068359375,3,0,8,307,64
L2_W64_H4,0,validation:d6:t3:paligned:tree307:i60013,4,2,23,aligned,1,6,validation,0.02927398681640625,3,1,8,307,64
L2_W64_H4,1,validation:d6:t3:paligned:tree307:i60014,4,2,23,aligned,0,6,validation,0.03975677490234375,3,1,8,307,64
L2_W64_H4,1,validation:d6:t3:paligned:tree307:i60015,4,2,23,aligned,1,6,validation,0.13694381713867188,3,1,8,307,64
L2_W64_H4,1,validation:d6:t3:prandomized:tree101:i60003,4,2,23,randomized,1,6,validation,0.1422748565673828,3,1,8,101,64
L2_W64_H4,1,validation:d6:t3:prandomized:tree101:i60011,4,2,23,randomized,1,6,validation,0.023008346557617188,3,1,8,101,64
L2_W64_H4,0,validation:d6:t3:prandomized:tree211:i60013,4,2,23,randomized,1,6,validation,-0.009944915771484375,3,0,8,211,64
L2_W64_H4,1,validation:d6:t3:prandomized:tree307:i60007,4,2,23,randomized,1,6,validation,0.13204383850097656,3,1,8,307,64
L2_W64_H4,1,validation:d6:t3:prandomized:tree307:i60014,4,2,23,randomized,0,6,validation,0.03975677490234375,3,1,8,307,64
L2_W64_H4,1,validation:d6:t3:prandomized:tree307:i60015,4,2,23,randomized,1,6,validation,0.13694381713867188,3,1,8,307,64
L2_W64_H4,0,test:d6:t0:paligned:tree101:i60000,4,2,23,aligned,0,6,test,0.02204132080078125,0,1,8,101,64
L2_W64_H4,0,test:d6:t0:paligned:tree101:i60001,4,2,23,aligned,1,6,test,0.1902313232421875,0,1,8,101,64
L2_W64_H4,1,test:d6:t0:paligned:tree101:i60002,4,2,23,aligned,0,6,test,-0.011505126953125,0,0,8,101,64
L2_W64_H4,1,test:d6:t0:paligned:tree101:i60003,4,2,23,aligned,1,6,test,0.14850807189941406,0,1,8,101,64
L2_W64_H4,0,test:d6:t0:paligned:tree101:i60004,4,2,23,aligned,0,6,test,-0.07636260986328125,0,0,8,101,64
L2_W64_H4,0,test:d6:t0:paligned:tree101:i60005,4,2,23,aligned,1,6,test,0.202606201171875,0,1,8,101,64
L2_W64_H4,1,test:d6:t0:paligned:tree101:i60006,4,2,23,aligned,0,6,test,0.022594451904296875,0,1,8,101,64
L2_W64_H4,1,test:d6:t0:paligned:tree101:i60007,4,2,23,aligned,1,6,test,-0.0817718505859375,0,0,8,101,64
L2_W64_H4,0,test:d6:t0:paligned:tree101:i60008,4,2,23,aligned,0,6,test,-0.14707374572753906,0,0,8,101,64
L2_W64_H4,0,test:d6:t0:paligned:tree101:i60009,4,2,23,aligned,1,6,test,0.19260787963867188,0,1,8,101,64
L2_W64_H4,1,test:d6:t0:paligned:tree101:i60010,4,2,23,aligned,0,6,test,0.008089065551757812,0,1,8,101,64
L2_W64_H4,1,test:d6:t0:paligned:tree101:i60011,4,2,23,aligned,1,6,test,-0.019857406616210938,0,0,8,101,64
L2_W64_H4,0,test:d6:t0:paligned:tree101:i60012,4,2,23,aligned,0,6,test,0.16822242736816406,0,1,8,101,64
L2_W64_H4,0,test:d6:t0:paligned:tree101:i60013,4,2,23,aligned,1,6,test,0.04007530212402344,0,1,8,101,64
L2_W64_H4,1,test:d6:t0:paligned:tree101:i60014,4,2,23,aligned,0,6,test,-0.03229522705078125,0,0,8,101,64
L2_W64_H4,1,test:d6:t0:paligned:tree101:i60015,4,2,23,aligned,1,6,test,-0.026447296142578125,0,0,8,101,64
L2_W64_H4,0,test:d6:t0:paligned:tree211:i60000,4,2,23,aligned,0,6,test,-0.21385574340820312,0,0,8,211,64
L2_W64_H4,0,test:d6:t0:paligned:tree211:i60001,4,2,23,aligned,1,6,test,-0.08721542358398438,0,0,8,211,64
L2_W64_H4,1,test:d6:t0:paligned:tree211:i60002,4,2,23,aligned,0,6,test,-0.1663532257080078,0,0,8,211,64
L2_W64_H4,1,test:d6:t0:paligned:tree211:i60003,4,2,23,aligned,1,6,test,-0.15656089782714844,0,0,8,211,64
L2_W64_H4,0,test:d6:t0:paligned:tree211:i60004,4,2,23,aligned,0,6,test,0.0020904541015625,0,1,8,211,64
L2_W64_H4,0,test:d6:t0:paligned:tree211:i60005,4,2,23,aligned,1,6,test,-0.06672286987304688,0,0,8,211,64
L2_W64_H4,1,test:d6:t0:paligned:tree211:i60006,4,2,23,aligned,0,6,test,-0.21903610229492188,0,0,8,211,64
L2_W64_H4,1,test:d6:t0:paligned:tree211:i60007,4,2,23,aligned,1,6,test,0.038997650146484375,0,1,8,211,64
L2_W64_H4,0,test:d6:t0:paligned:tree211:i60008,4,2,23,aligned,0,6,test,0.1360187530517578,0,1,8,211,64
L2_W64_H4,0,test:d6:t0:paligned:tree211:i60009,4,2,23,aligned,1,6,test,-0.03277778625488281,0,0,8,211,64
L2_W64_H4,1,test:d6:t0:paligned:tree211:i60010,4,2,23,aligned,0,6,test,0.1272106170654297,0,1,8,211,64
L2_W64_H4,1,test:d6:t0:paligned:tree211:i60011,4,2,23,aligned,1,6,test,0.06867027282714844,0,1,8,211,64
L2_W64_H4,0,test:d6:t0:paligned:tree211:i60012,4,2,23,aligned,0,6,test,-0.27385711669921875,0,0,8,211,64
L2_W64_H4,0,test:d6:t0:paligned:tree211:i60013,4,2,23,aligned,1,6,test,0.15010643005371094,0,1,8,211,64
L2_W64_H4,1,test:d6:t0:paligned:tree211:i60014,4,2,23,aligned,0,6,test,-0.1844806671142578,0,0,8,211,64
L2_W64_H4,1,test:d6:t0:paligned:tree211:i60015,4,2,23,aligned,1,6,test,-0.13069725036621094,0,0,8,211,64
L2_W64_H4,0,test:d6:t0:paligned:tree307:i60000,4,2,23,aligned,0,6,test,-0.04333305358886719,0,0,8,307,64
L2_W64_H4,0,test:d6:t0:paligned:tree307:i60001,4,2,23,aligned,1,6,test,0.08020210266113281,0,1,8,307,64
L2_W64_H4,1,test:d6:t0:paligned:tree307:i60002,4,2,23,aligned,0,6,test,0.07441139221191406,0,1,8,307,64
L2_W64_H4,1,test:d6:t0:paligned:tree307:i60003,4,2,23,aligned,1,6,test,0.05826377868652344,0,1,8,307,64
L2_W64_H4,0,test:d6:t0:paligned:tree307:i60004,4,2,23,aligned,0,6,test,0.12802886962890625,0,1,8,307,64
L2_W64_H4,0,test:d6:t0:paligned:tree307:i60005,4,2,23,aligned,1,6,test,-0.0021228790283203125,0,0,8,307,64
L2_W64_H4,1,test:d6:t0:paligned:tree307:i60006,4,2,23,aligned,0,6,test,0.019666671752929688,0,1,8,307,64
L2_W64_H4,1,test:d6:t0:paligned:tree307:i60007,4,2,23,aligned,1,6,test,-0.17640113830566406,0,0,8,307,64
L2_W64_H4,0,test:d6:t0:paligned:tree307:i60008,4,2,23,aligned,0,6,test,0.09218978881835938,0,1,8,307,64
L2_W64_H4,0,test:d6:t0:paligned:tree307:i60009,4,2,23,aligned,1,6,test,-0.0451507568359375,0,0,8,307,64
L2_W64_H4,1,test:d6:t0:paligned:tree307:i60010,4,2,23,aligned,0,6,test,0.09058761596679688,0,1,8,307,64
L2_W64_H4,1,test:d6:t0:paligned:tree307:i60011,4,2,23,aligned,1,6,test,-0.14787864685058594,0,0,8,307,64
L2_W64_H4,0,test:d6:t0:paligned:tree307:i60012,4,2,23,aligned,0,6,test,-0.09379005432128906,0,0,8,307,64
L2_W64_H4,0,test:d6:t0:paligned:tree307:i60013,4,2,23,aligned,1,6,test,-0.008106231689453125,0,0,8,307,64
L2_W64_H4,1,test:d6:t0:paligned:tree307:i60014,4,2,23,aligned,0,6,test,-0.020292282104492188,0,0,8,307,64
L2_W64_H4,1,test:d6:t0:paligned:tree307:i60015,4,2,23,aligned,1,6,test,0.15513229370117188,0,1,8,307,64
L2_W64_H4,1,test:d6:t0:prandomized:tree101:i60003,4,2,23,randomized,1,6,test,0.14850807189941406,0,1,8,101,64
L2_W64_H4,0,test:d6:t0:prandomized:tree101:i60004,4,2,23,randomized,0,6,test,-0.07636260986328125,0,0,8,101,64
L2_W64_H4,1,test:d6:t0:prandomized:tree101:i60007,4,2,23,randomized,1,6,test,-0.0817718505859375,0,0,8,101,64
L2_W64_H4,1,test:d6:t0:prandomized:tree211:i60002,4,2,23,randomized,0,6,test,-0.1663532257080078,0,0,8,211,64
L2_W64_H4,0,test:d6:t0:prandomized:tree211:i60005,4,2,23,randomized,1,6,test,-0.06672286987304688,0,0,8,211,64
L2_W64_H4,1,test:d6:t0:prandomized:tree211:i60010,4,2,23,randomized,0,6,test,0.1272106170654297,0,1,8,211,64
L2_W64_H4,0,test:d6:t0:prandomized:tree211:i60012,4,2,23,randomized,0,6,test,-0.27385711669921875,0,0,8,211,64
L2_W64_H4,1,test:d6:t0:prandomized:tree211:i60014,4,2,23,randomized,0,6,test,-0.1844806671142578,0,0,8,211,64
L2_W64_H4,0,test:d6:t0:prandomized:tree307:i60012,4,2,23,randomized,0,6,test,-0.09379005432128906,0,0,8,307,64
L2_W64_H4,0,test:d6:t1:paligned:tree101:i60000,4,2,23,aligned,0,6,test,-0.0014705657958984375,1,0,8,101,64
L2_W64_H4,0,test:d6:t1:paligned:tree101:i60001,4,2,23,aligned,1,6,test,0.2111492156982422,1,1,8,101,64
L2_W64_H4,1,test:d6:t1:paligned:tree101:i60002,4,2,23,aligned,0,6,test,-0.024364471435546875,1,0,8,101,64
L2_W64_H4,1,test:d6:t1:paligned:tree101:i60003,4,2,23,aligned,1,6,test,0.15600013732910156,1,1,8,101,64
L2_W64_H4,0,test:d6:t1:paligned:tree101:i60004,4,2,23,aligned,0,6,test,-0.0970916748046875,1,0,8,101,64
L2_W64_H4,0,test:d6:t1:paligned:tree101:i60005,4,2,23,aligned,1,6,test,0.21195220947265625,1,1,8,101,64
L2_W64_H4,1,test:d6:t1:paligned:tree101:i60006,4,2,23,aligned,0,6,test,0.012203216552734375,1,1,8,101,64
L2_W64_H4,1,test:d6:t1:paligned:tree101:i60007,4,2,23,aligned,1,6,test,-0.060016632080078125,1,0,8,101,64
L2_W64_H4,0,test:d6:t1:paligned:tree101:i60008,4,2,23,aligned,0,6,test,-0.1451435089111328,1,0,8,101,64
L2_W64_H4,0,test:d6:t1:paligned:tree101:i60009,4,2,23,aligned,1,6,test,0.2052936553955078,1,1,8,101,64
L2_W64_H4,1,test:d6:t1:paligned:tree101:i60010,4,2,23,aligned,0,6,test,0.0,1,1,8,101,64
L2_W64_H4,1,test:d6:t1:paligned:tree101:i60011,4,2,23,aligned,1,6,test,-0.007656097412109375,1,0,8,101,64
L2_W64_H4,0,test:d6:t1:paligned:tree101:i60012,4,2,23,aligned,0,6,test,0.149658203125,1,1,8,101,64
L2_W64_H4,0,test:d6:t1:paligned:tree101:i60013,4,2,23,aligned,1,6,test,0.05973243713378906,1,1,8,101,64
L2_W64_H4,1,test:d6:t1:paligned:tree101:i60014,4,2,23,aligned,0,6,test,-0.0438079833984375,1,0,8,101,64
L2_W64_H4,1,test:d6:t1:paligned:tree101:i60015,4,2,23,aligned,1,6,test,-0.005615234375,1,0,8,101,64
L2_W64_H4,0,test:d6:t1:paligned:tree211:i60000,4,2,23,aligned,0,6,test,-0.23093605041503906,1,0,8,211,64
L2_W64_H4,0,test:d6:t1:paligned:tree211:i60001,4,2,23,aligned,1,6,test,-0.055492401123046875,1,0,8,211,64
L2_W64_H4,1,test:d6:t1:paligned:tree211:i60002,4,2,23,aligned,0,6,test,-0.18682098388671875,1,0,8,211,64
L2_W64_H4,1,test:d6:t1:paligned:tree211:i60003,4,2,23,aligned,1,6,test,-0.12504005432128906,1,0,8,211,64
L2_W64_H4,0,test:d6:t1:paligned:tree211:i60004,4,2,23,aligned,0,6,test,-0.018726348876953125,1,0,8,211,64
L2_W64_H4,0,test:d6:t1:paligned:tree211:i60005,4,2,23,aligned,1,6,test,-0.0476226806640625,1,0,8,211,64
L2_W64_H4,1,test:d6:t1:paligned:tree211:i60006,4,2,23,aligned,0,6,test,-0.2293415069580078,1,0,8,211,64
L2_W64_H4,1,test:d6:t1:paligned:tree211:i60007,4,2,23,aligned,1,6,test,0.03919792175292969,1,1,8,211,64
L2_W64_H4,0,test:d6:t1:paligned:tree211:i60008,4,2,23,aligned,0,6,test,0.10901260375976562,1,1,8,211,64
L2_W64_H4,0,test:d6:t1:paligned:tree211:i60009,4,2,23,aligned,1,6,test,-0.014318466186523438,1,0,8,211,64
L2_W64_H4,1,test:d6:t1:paligned:tree211:i60010,4,2,23,aligned,0,6,test,0.12079429626464844,1,1,8,211,64
L2_W64_H4,1,test:d6:t1:paligned:tree211:i60011,4,2,23,aligned,1,6,test,0.08565139770507812,1,1,8,211,64
L2_W64_H4,0,test:d6:t1:paligned:tree211:i60012,4,2,23,aligned,0,6,test,-0.28690338134765625,1,0,8,211,64
L2_W64_H4,0,test:d6:t1:paligned:tree211:i60013,4,2,23,aligned,1,6,test,0.15826416015625,1,1,8,211,64
L2_W64_H4,1,test:d6:t1:paligned:tree211:i60014,4,2,23,aligned,0,6,test,-0.19400787353515625,1,0,8,211,64
L2_W64_H4,1,test:d6:t1:paligned:tree211:i60015,4,2,23,aligned,1,6,test,-0.10345840454101562,1,0,8,211,64
L2_W64_H4,0,test:d6:t1:paligned:tree307:i60000,4,2,23,aligned,0,6,test,-0.059291839599609375,1,0,8,307,64
L2_W64_H4,0,test:d6:t1:paligned:tree307:i60001,4,2,23,aligned,1,6,test,0.08653068542480469,1,1,8,307,64
L2_W64_H4,1,test:d6:t1:paligned:tree307:i60002,4,2,23,aligned,0,6,test,0.06787681579589844,1,1,8,307,64
L2_W64_H4,1,test:d6:t1:paligned:tree307:i60003,4,2,23,aligned,1,6,test,0.07941246032714844,1,1,8,307,64
L2_W64_H4,0,test:d6:t1:paligned:tree307:i60004,4,2,23,aligned,0,6,test,0.09960746765136719,1,1,8,307,64
L2_W64_H4,0,test:d6:t1:paligned:tree307:i60005,4,2,23,aligned,1,6,test,0.01364898681640625,1,1,8,307,64
L2_W64_H4,1,test:d6:t1:paligned:tree307:i60006,4,2,23,aligned,0,6,test,0.009212493896484375,1,1,8,307,64
L2_W64_H4,1,test:d6:t1:paligned:tree307:i60007,4,2,23,aligned,1,6,test,-0.15782737731933594,1,0,8,307,64
L2_W64_H4,0,test:d6:t1:paligned:tree307:i60008,4,2,23,aligned,0,6,test,0.05595588684082031,1,1,8,307,64
L2_W64_H4,0,test:d6:t1:paligned:tree307:i60009,4,2,23,aligned,1,6,test,-0.022298812866210938,1,0,8,307,64
L2_W64_H4,1,test:d6:t1:paligned:tree307:i60010,4,2,23,aligned,0,6,test,0.06456756591796875,1,1,8,307,64
L2_W64_H4,1,test:d6:t1:paligned:tree307:i60011,4,2,23,aligned,1,6,test,-0.12677955627441406,1,0,8,307,64
L2_W64_H4,0,test:d6:t1:paligned:tree307:i60012,4,2,23,aligned,0,6,test,-0.10706520080566406,1,0,8,307,64
L2_W64_H4,0,test:d6:t1:paligned:tree307:i60013,4,2,23,aligned,1,6,test,0.008291244506835938,1,1,8,307,64
L2_W64_H4,1,test:d6:t1:paligned:tree307:i60014,4,2,23,aligned,0,6,test,-0.03922271728515625,1,0,8,307,64
L2_W64_H4,1,test:d6:t1:paligned:tree307:i60015,4,2,23,aligned,1,6,test,0.1649799346923828,1,1,8,307,64
L2_W64_H4,1,test:d6:t1:prandomized:tree101:i60003,4,2,23,randomized,1,6,test,0.15600013732910156,1,1,8,101,64
L2_W64_H4,0,test:d6:t1:prandomized:tree101:i60004,4,2,23,randomized,0,6,test,-0.0970916748046875,1,0,8,101,64
L2_W64_H4,1,test:d6:t1:prandomized:tree101:i60007,4,2,23,randomized,1,6,test,-0.060016632080078125,1,0,8,101,64
L2_W64_H4,1,test:d6:t1:prandomized:tree211:i60002,4,2,23,randomized,0,6,test,-0.18682098388671875,1,0,8,211,64
L2_W64_H4,0,test:d6:t1:prandomized:tree211:i60005,4,2,23,randomized,1,6,test,-0.0476226806640625,1,0,8,211,64
L2_W64_H4,1,test:d6:t1:prandomized:tree211:i60010,4,2,23,randomized,0,6,test,0.12079429626464844,1,1,8,211,64
L2_W64_H4,0,test:d6:t1:prandomized:tree211:i60012,4,2,23,randomized,0,6,test,-0.28690338134765625,1,0,8,211,64
L2_W64_H4,1,test:d6:t1:prandomized:tree211:i60014,4,2,23,randomized,0,6,test,-0.19400787353515625,1,0,8,211,64
L2_W64_H4,0,test:d6:t1:prandomized:tree307:i60012,4,2,23,randomized,0,6,test,-0.10706520080566406,1,0,8,307,64
L2_W64_H4,0,test:d6:t2:paligned:tree101:i60000,4,2,23,aligned,0,6,test,0.023601531982421875,2,1,8,101,64
L2_W64_H4,0,test:d6:t2:paligned:tree101:i60001,4,2,23,aligned,1,6,test,0.1972064971923828,2,1,8,101,64
L2_W64_H4,1,test:d6:t2:paligned:tree101:i60002,4,2,23,aligned,0,6,test,-0.009639739990234375,2,0,8,101,64
L2_W64_H4,1,test:d6:t2:paligned:tree101:i60003,4,2,23,aligned,1,6,test,0.1463909149169922,2,1,8,101,64
L2_W64_H4,0,test:d6:t2:paligned:tree101:i60004,4,2,23,aligned,0,6,test,-0.08542060852050781,2,0,8,101,64
L2_W64_H4,0,test:d6:t2:paligned:tree101:i60005,4,2,23,aligned,1,6,test,0.20151710510253906,2,1,8,101,64
L2_W64_H4,1,test:d6:t2:paligned:tree101:i60006,4,2,23,aligned,0,6,test,0.024608612060546875,2,1,8,101,64
L2_W64_H4,1,test:d6:t2:paligned:tree101:i60007,4,2,23,aligned,1,6,test,-0.07788658142089844,2,0,8,101,64
L2_W64_H4,0,test:d6:t2:paligned:tree101:i60008,4,2,23,aligned,0,6,test,-0.15311050415039062,2,0,8,101,64
L2_W64_H4,0,test:d6:t2:paligned:tree101:i60009,4,2,23,aligned,1,6,test,0.19313812255859375,2,1,8,101,64
L2_W64_H4,1,test:d6:t2:paligned:tree101:i60010,4,2,23,aligned,0,6,test,0.01016998291015625,2,1,8,101,64
L2_W64_H4,1,test:d6:t2:paligned:tree101:i60011,4,2,23,aligned,1,6,test,-0.01610565185546875,2,0,8,101,64
L2_W64_H4,0,test:d6:t2:paligned:tree101:i60012,4,2,23,aligned,0,6,test,0.15300941467285156,2,1,8,101,64
L2_W64_H4,0,test:d6:t2:paligned:tree101:i60013,4,2,23,aligned,1,6,test,0.038387298583984375,2,1,8,101,64
L2_W64_H4,1,test:d6:t2:paligned:tree101:i60014,4,2,23,aligned,0,6,test,-0.03129005432128906,2,0,8,101,64
L2_W64_H4,1,test:d6:t2:paligned:tree101:i60015,4,2,23,aligned,1,6,test,-0.0205230712890625,2,0,8,101,64
L2_W64_H4,0,test:d6:t2:paligned:tree211:i60000,4,2,23,aligned,0,6,test,-0.20907974243164062,2,0,8,211,64
L2_W64_H4,0,test:d6:t2:paligned:tree211:i60001,4,2,23,aligned,1,6,test,-0.07114601135253906,2,0,8,211,64
L2_W64_H4,1,test:d6:t2:paligned:tree211:i60002,4,2,23,aligned,0,6,test,-0.16933441162109375,2,0,8,211,64
L2_W64_H4,1,test:d6:t2:paligned:tree211:i60003,4,2,23,aligned,1,6,test,-0.15433692932128906,2,0,8,211,64
L2_W64_H4,0,test:d6:t2:paligned:tree211:i60004,4,2,23,aligned,0,6,test,0.000164031982421875,2,1,8,211,64
L2_W64_H4,0,test:d6:t2:paligned:tree211:i60005,4,2,23,aligned,1,6,test,-0.05994224548339844,2,0,8,211,64
L2_W64_H4,1,test:d6:t2:paligned:tree211:i60006,4,2,23,aligned,0,6,test,-0.2220325469970703,2,0,8,211,64
L2_W64_H4,1,test:d6:t2:paligned:tree211:i60007,4,2,23,aligned,1,6,test,0.034297943115234375,2,1,8,211,64
L2_W64_H4,0,test:d6:t2:paligned:tree211:i60008,4,2,23,aligned,0,6,test,0.1290721893310547,2,1,8,211,64
L2_W64_H4,0,test:d6:t2:paligned:tree211:i60009,4,2,23,aligned,1,6,test,-0.023406982421875,2,0,8,211,64
L2_W64_H4,1,test:d6:t2:paligned:tree211:i60010,4,2,23,aligned,0,6,test,0.10626029968261719,2,1,8,211,64
L2_W64_H4,1,test:d6:t2:paligned:tree211:i60011,4,2,23,aligned,1,6,test,0.07013893127441406,2,1,8,211,64
L2_W64_H4,0,test:d6:t2:paligned:tree211:i60012,4,2,23,aligned,0,6,test,-0.2775993347167969,2,0,8,211,64
L2_W64_H4,0,test:d6:t2:paligned:tree211:i60013,4,2,23,aligned,1,6,test,0.14751815795898438,2,1,8,211,64
L2_W64_H4,1,test:d6:t2:paligned:tree211:i60014,4,2,23,aligned,0,6,test,-0.18044281005859375,2,0,8,211,64
L2_W64_H4,1,test:d6:t2:paligned:tree211:i60015,4,2,23,aligned,1,6,test,-0.12505340576171875,2,0,8,211,64
L2_W64_H4,0,test:d6:t2:paligned:tree307:i60000,4,2,23,aligned,0,6,test,-0.058704376220703125,2,0,8,307,64
L2_W64_H4,0,test:d6:t2:paligned:tree307:i60001,4,2,23,aligned,1,6,test,0.06991767883300781,2,1,8,307,64
L2_W64_H4,1,test:d6:t2:paligned:tree307:i60002,4,2,23,aligned,0,6,test,0.08452415466308594,2,1,8,307,64
L2_W64_H4,1,test:d6:t2:paligned:tree307:i60003,4,2,23,aligned,1,6,test,0.06656837463378906,2,1,8,307,64
L2_W64_H4,0,test:d6:t2:paligned:tree307:i60004,4,2,23,aligned,0,6,test,0.11556243896484375,2,1,8,307,64
L2_W64_H4,0,test:d6:t2:paligned:tree307:i60005,4,2,23,aligned,1,6,test,0.0033321380615234375,2,1,8,307,64
L2_W64_H4,1,test:d6:t2:paligned:tree307:i60006,4,2,23,aligned,0,6,test,0.019845962524414062,2,1,8,307,64
L2_W64_H4,1,test:d6:t2:paligned:tree307:i60007,4,2,23,aligned,1,6,test,-0.18003463745117188,2,0,8,307,64
L2_W64_H4,0,test:d6:t2:paligned:tree307:i60008,4,2,23,aligned,0,6,test,0.0763702392578125,2,1,8,307,64
L2_W64_H4,0,test:d6:t2:paligned:tree307:i60009,4,2,23,aligned,1,6,test,-0.044849395751953125,2,0,8,307,64
L2_W64_H4,1,test:d6:t2:paligned:tree307:i60010,4,2,23,aligned,0,6,test,0.0832977294921875,2,1,8,307,64
L2_W64_H4,1,test:d6:t2:paligned:tree307:i60011,4,2,23,aligned,1,6,test,-0.14206886291503906,2,0,8,307,64
L2_W64_H4,0,test:d6:t2:paligned:tree307:i60012,4,2,23,aligned,0,6,test,-0.09373092651367188,2,0,8,307,64
L2_W64_H4,0,test:d6:t2:paligned:tree307:i60013,4,2,23,aligned,1,6,test,-0.00322723388671875,2,0,8,307,64
L2_W64_H4,1,test:d6:t2:paligned:tree307:i60014,4,2,23,aligned,0,6,test,-0.021543502807617188,2,0,8,307,64
L2_W64_H4,1,test:d6:t2:paligned:tree307:i60015,4,2,23,aligned,1,6,test,0.15441131591796875,2,1,8,307,64
L2_W64_H4,1,test:d6:t2:prandomized:tree101:i60003,4,2,23,randomized,1,6,test,0.1463909149169922,2,1,8,101,64
L2_W64_H4,1,test:d6:t2:prandomized:tree101:i60011,4,2,23,randomized,1,6,test,-0.01610565185546875,2,0,8,101,64
L2_W64_H4,0,test:d6:t2:prandomized:tree211:i60013,4,2,23,randomized,1,6,test,0.14751815795898438,2,1,8,211,64
L2_W64_H4,1,test:d6:t2:prandomized:tree307:i60007,4,2,23,randomized,1,6,test,-0.18003463745117188,2,0,8,307,64
L2_W64_H4,1,test:d6:t2:prandomized:tree307:i60014,4,2,23,randomized,0,6,test,-0.021543502807617188,2,0,8,307,64
L2_W64_H4,1,test:d6:t2:prandomized:tree307:i60015,4,2,23,randomized,1,6,test,0.15441131591796875,2,1,8,307,64
L2_W64_H4,0,test:d6:t3:paligned:tree101:i60000,4,2,23,aligned,0,6,test,0.025251388549804688,3,1,8,101,64
L2_W64_H4,0,test:d6:t3:paligned:tree101:i60001,4,2,23,aligned,1,6,test,0.18534278869628906,3,1,8,101,64
L2_W64_H4,1,test:d6:t3:paligned:tree101:i60002,4,2,23,aligned,0,6,test,-0.012851715087890625,3,0,8,101,64
L2_W64_H4,1,test:d6:t3:paligned:tree101:i60003,4,2,23,aligned,1,6,test,0.14569091796875,3,1,8,101,64
L2_W64_H4,0,test:d6:t3:paligned:tree101:i60004,4,2,23,aligned,0,6,test,-0.08438682556152344,3,0,8,101,64
L2_W64_H4,0,test:d6:t3:paligned:tree101:i60005,4,2,23,aligned,1,6,test,0.20060157775878906,3,1,8,101,64
L2_W64_H4,1,test:d6:t3:paligned:tree101:i60006,4,2,23,aligned,0,6,test,0.02481842041015625,3,1,8,101,64
L2_W64_H4,1,test:d6:t3:paligned:tree101:i60007,4,2,23,aligned,1,6,test,-0.07491493225097656,3,0,8,101,64
L2_W64_H4,0,test:d6:t3:paligned:tree101:i60008,4,2,23,aligned,0,6,test,-0.14176177978515625,3,0,8,101,64
L2_W64_H4,0,test:d6:t3:paligned:tree101:i60009,4,2,23,aligned,1,6,test,0.19468307495117188,3,1,8,101,64
L2_W64_H4,1,test:d6:t3:paligned:tree101:i60010,4,2,23,aligned,0,6,test,0.010496139526367188,3,1,8,101,64
L2_W64_H4,1,test:d6:t3:paligned:tree101:i60011,4,2,23,aligned,1,6,test,-0.024059295654296875,3,0,8,101,64
L2_W64_H4,0,test:d6:t3:paligned:tree101:i60012,4,2,23,aligned,0,6,test,0.16267967224121094,3,1,8,101,64
L2_W64_H4,0,test:d6:t3:paligned:tree101:i60013,4,2,23,aligned,1,6,test,0.04221153259277344,3,1,8,101,64
L2_W64_H4,1,test:d6:t3:paligned:tree101:i60014,4,2,23,aligned,0,6,test,-0.030223846435546875,3,0,8,101,64
L2_W64_H4,1,test:d6:t3:paligned:tree101:i60015,4,2,23,aligned,1,6,test,-0.02552032470703125,3,0,8,101,64
L2_W64_H4,0,test:d6:t3:paligned:tree211:i60000,4,2,23,aligned,0,6,test,-0.2194232940673828,3,0,8,211,64
L2_W64_H4,0,test:d6:t3:paligned:tree211:i60001,4,2,23,aligned,1,6,test,-0.07937812805175781,3,0,8,211,64
L2_W64_H4,1,test:d6:t3:paligned:tree211:i60002,4,2,23,aligned,0,6,test,-0.1755237579345703,3,0,8,211,64
L2_W64_H4,1,test:d6:t3:paligned:tree211:i60003,4,2,23,aligned,1,6,test,-0.14577293395996094,3,0,8,211,64
L2_W64_H4,0,test:d6:t3:paligned:tree211:i60004,4,2,23,aligned,0,6,test,-0.0057849884033203125,3,0,8,211,64
L2_W64_H4,0,test:d6:t3:paligned:tree211:i60005,4,2,23,aligned,1,6,test,-0.06785011291503906,3,0,8,211,64
L2_W64_H4,1,test:d6:t3:paligned:tree211:i60006,4,2,23,aligned,0,6,test,-0.2187824249267578,3,0,8,211,64
L2_W64_H4,1,test:d6:t3:paligned:tree211:i60007,4,2,23,aligned,1,6,test,0.025415420532226562,3,1,8,211,64
L2_W64_H4,0,test:d6:t3:paligned:tree211:i60008,4,2,23,aligned,0,6,test,0.12762451171875,3,1,8,211,64
L2_W64_H4,0,test:d6:t3:paligned:tree211:i60009,4,2,23,aligned,1,6,test,-0.027864456176757812,3,0,8,211,64
L2_W64_H4,1,test:d6:t3:paligned:tree211:i60010,4,2,23,aligned,0,6,test,0.13207054138183594,3,1,8,211,64
L2_W64_H4,1,test:d6:t3:paligned:tree211:i60011,4,2,23,aligned,1,6,test,0.07168197631835938,3,1,8,211,64
L2_W64_H4,0,test:d6:t3:paligned:tree211:i60012,4,2,23,aligned,0,6,test,-0.2801780700683594,3,0,8,211,64
L2_W64_H4,0,test:d6:t3:paligned:tree211:i60013,4,2,23,aligned,1,6,test,0.1450634002685547,3,1,8,211,64
L2_W64_H4,1,test:d6:t3:paligned:tree211:i60014,4,2,23,aligned,0,6,test,-0.1896381378173828,3,0,8,211,64
L2_W64_H4,1,test:d6:t3:paligned:tree211:i60015,4,2,23,aligned,1,6,test,-0.12213516235351562,3,0,8,211,64
L2_W64_H4,0,test:d6:t3:paligned:tree307:i60000,4,2,23,aligned,0,6,test,-0.06170654296875,3,0,8,307,64
L2_W64_H4,0,test:d6:t3:paligned:tree307:i60001,4,2,23,aligned,1,6,test,0.07835578918457031,3,1,8,307,64
L2_W64_H4,1,test:d6:t3:paligned:tree307:i60002,4,2,23,aligned,0,6,test,0.07796096801757812,3,1,8,307,64
L2_W64_H4,1,test:d6:t3:paligned:tree307:i60003,4,2,23,aligned,1,6,test,0.06295585632324219,3,1,8,307,64
L2_W64_H4,0,test:d6:t3:paligned:tree307:i60004,4,2,23,aligned,0,6,test,0.12192344665527344,3,1,8,307,64
L2_W64_H4,0,test:d6:t3:paligned:tree307:i60005,4,2,23,aligned,1,6,test,-0.0018863677978515625,3,0,8,307,64
L2_W64_H4,1,test:d6:t3:paligned:tree307:i60006,4,2,23,aligned,0,6,test,0.024709701538085938,3,1,8,307,64
L2_W64_H4,1,test:d6:t3:paligned:tree307:i60007,4,2,23,aligned,1,6,test,-0.18444061279296875,3,0,8,307,64
L2_W64_H4,0,test:d6:t3:paligned:tree307:i60008,4,2,23,aligned,0,6,test,0.07998085021972656,3,1,8,307,64
L2_W64_H4,0,test:d6:t3:paligned:tree307:i60009,4,2,23,aligned,1,6,test,-0.039676666259765625,3,0,8,307,64
L2_W64_H4,1,test:d6:t3:paligned:tree307:i60010,4,2,23,aligned,0,6,test,0.08245658874511719,3,1,8,307,64
L2_W64_H4,1,test:d6:t3:paligned:tree307:i60011,4,2,23,aligned,1,6,test,-0.1619720458984375,3,0,8,307,64
L2_W64_H4,0,test:d6:t3:paligned:tree307:i60012,4,2,23,aligned,0,6,test,-0.09834861755371094,3,0,8,307,64
L2_W64_H4,0,test:d6:t3:paligned:tree307:i60013,4,2,23,aligned,1,6,test,-0.00566864013671875,3,0,8,307,64
L2_W64_H4,1,test:d6:t3:paligned:tree307:i60014,4,2,23,aligned,0,6,test,-0.015264511108398438,3,0,8,307,64
L2_W64_H4,1,test:d6:t3:paligned:tree307:i60015,4,2,23,aligned,1,6,test,0.15328025817871094,3,1,8,307,64
L2_W64_H4,1,test:d6:t3:prandomized:tree101:i60003,4,2,23,randomized,1,6,test,0.1456928253173828,3,1,8,101,64
L2_W64_H4,1,test:d6:t3:prandomized:tree101:i60011,4,2,23,randomized,1,6,test,-0.024059295654296875,3,0,8,101,64
L2_W64_H4,0,test:d6:t3:prandomized:tree211:i60013,4,2,23,randomized,1,6,test,0.1450634002685547,3,1,8,211,64
L2_W64_H4,1,test:d6:t3:prandomized:tree307:i60007,4,2,23,randomized,1,6,test,-0.18444061279296875,3,0,8,307,64
L2_W64_H4,1,test:d6:t3:prandomized:tree307:i60014,4,2,23,randomized,0,6,test,-0.01526641845703125,3,0,8,307,64
L2_W64_H4,1,test:d6:t3:prandomized:tree307:i60015,4,2,23,randomized,1,6,test,0.15327835083007812,3,1,8,307,64
L2_W64_H4,0,validation:d6:t0:prandomized:tree101:i60000,4,2,23,randomized,0,6,validation,-0.010763168334960938,0,0,8,101,64
L2_W64_H4,1,validation:d6:t0:prandomized:tree101:i60014,4,2,23,randomized,0,6,validation,-0.21247482299804688,0,0,8,101,64
L2_W64_H4,0,validation:d6:t0:prandomized:tree211:i60013,4,2,23,randomized,1,6,validation,0.04524993896484375,0,1,8,211,64
L2_W64_H4,0,validation:d6:t1:prandomized:tree101:i60000,4,2,23,randomized,0,6,validation,-0.007984161376953125,1,0,8,101,64
L2_W64_H4,1,validation:d6:t1:prandomized:tree101:i60014,4,2,23,randomized,0,6,validation,-0.206878662109375,1,0,8,101,64
L2_W64_H4,0,validation:d6:t1:prandomized:tree211:i60013,4,2,23,randomized,1,6,validation,0.04315376281738281,1,1,8,211,64
L2_W64_H4,0,validation:d6:t2:prandomized:tree101:i60004,4,2,23,randomized,0,6,validation,-0.16296958923339844,2,0,8,101,64
L2_W64_H4,0,validation:d6:t2:prandomized:tree211:i60009,4,2,23,randomized,1,6,validation,0.12714195251464844,2,1,8,211,64
L2_W64_H4,0,validation:d6:t3:prandomized:tree101:i60004,4,2,23,randomized,0,6,validation,-0.1641082763671875,3,0,8,101,64
L2_W64_H4,0,validation:d6:t3:prandomized:tree211:i60009,4,2,23,randomized,1,6,validation,0.12705421447753906,3,1,8,211,64
L2_W64_H4,0,test:d6:t0:prandomized:tree101:i60000,4,2,23,randomized,0,6,test,-0.06925010681152344,0,0,8,101,64
L2_W64_H4,1,test:d6:t0:prandomized:tree101:i60014,4,2,23,randomized,0,6,test,-0.09520721435546875,0,0,8,101,64
L2_W64_H4,0,test:d6:t0:prandomized:tree211:i60013,4,2,23,randomized,1,6,test,0.1902923583984375,0,1,8,211,64
L2_W64_H4,0,test:d6:t1:prandomized:tree101:i60000,4,2,23,randomized,0,6,test,-0.06882667541503906,1,0,8,101,64
L2_W64_H4,1,test:d6:t1:prandomized:tree101:i60014,4,2,23,randomized,0,6,test,-0.09589767456054688,1,0,8,101,64
L2_W64_H4,0,test:d6:t1:prandomized:tree211:i60013,4,2,23,randomized,1,6,test,0.1871337890625,1,1,8,211,64
L2_W64_H4,0,test:d6:t2:prandomized:tree101:i60004,4,2,23,randomized,0,6,test,-0.1835308074951172,2,0,8,101,64
L2_W64_H4,0,test:d6:t2:prandomized:tree211:i60009,4,2,23,randomized,1,6,test,0.05109405517578125,2,1,8,211,64
L2_W64_H4,0,test:d6:t3:prandomized:tree101:i60004,4,2,23,randomized,0,6,test,-0.1807384490966797,3,0,8,101,64
L2_W64_H4,0,test:d6:t3:prandomized:tree211:i60009,4,2,23,randomized,1,6,test,0.05336570739746094,3,1,8,211,64
L2_W64_H4,0,validation:d6:t0:prandomized:tree101:i60001,4,2,23,randomized,1,6,validation,0.16603660583496094,0,1,8,101,64
L2_W64_H4,1,validation:d6:t0:prandomized:tree101:i60006,4,2,23,randomized,0,6,validation,-0.1816253662109375,0,0,8,101,64
L2_W64_H4,0,validation:d6:t0:prandomized:tree101:i60009,4,2,23,randomized,1,6,validation,0.25894927978515625,0,1,8,101,64
L2_W64_H4,1,validation:d6:t0:prandomized:tree101:i60011,4,2,23,randomized,1,6,validation,0.08893775939941406,0,1,8,101,64
L2_W64_H4,0,validation:d6:t0:prandomized:tree101:i60013,4,2,23,randomized,1,6,validation,0.07757377624511719,0,1,8,101,64
L2_W64_H4,1,validation:d6:t0:prandomized:tree211:i60003,4,2,23,randomized,1,6,validation,0.064788818359375,0,1,8,211,64
L2_W64_H4,1,validation:d6:t0:prandomized:tree211:i60006,4,2,23,randomized,0,6,validation,-0.10634994506835938,0,0,8,211,64
L2_W64_H4,1,validation:d6:t0:prandomized:tree307:i60003,4,2,23,randomized,1,6,validation,0.11068534851074219,0,1,8,307,64
L2_W64_H4,1,validation:d6:t0:prandomized:tree307:i60007,4,2,23,randomized,1,6,validation,0.121307373046875,0,1,8,307,64
L2_W64_H4,1,validation:d6:t0:prandomized:tree307:i60014,4,2,23,randomized,0,6,validation,-0.03195762634277344,0,0,8,307,64
L2_W64_H4,0,validation:d6:t1:prandomized:tree101:i60001,4,2,23,randomized,1,6,validation,0.16530227661132812,1,1,8,101,64
L2_W64_H4,1,validation:d6:t1:prandomized:tree101:i60006,4,2,23,randomized,0,6,validation,-0.18889427185058594,1,0,8,101,64
L2_W64_H4,0,validation:d6:t1:prandomized:tree101:i60009,4,2,23,randomized,1,6,validation,0.26898193359375,1,1,8,101,64
L2_W64_H4,1,validation:d6:t1:prandomized:tree101:i60011,4,2,23,randomized,1,6,validation,0.08618736267089844,1,1,8,101,64
L2_W64_H4,0,validation:d6:t1:prandomized:tree101:i60013,4,2,23,randomized,1,6,validation,0.0746002197265625,1,1,8,101,64
L2_W64_H4,1,validation:d6:t1:prandomized:tree211:i60003,4,2,23,randomized,1,6,validation,0.06355094909667969,1,1,8,211,64
L2_W64_H4,1,validation:d6:t1:prandomized:tree211:i60006,4,2,23,randomized,0,6,validation,-0.11452865600585938,1,0,8,211,64
L2_W64_H4,1,validation:d6:t1:prandomized:tree307:i60003,4,2,23,randomized,1,6,validation,0.11520576477050781,1,1,8,307,64
L2_W64_H4,1,validation:d6:t1:prandomized:tree307:i60007,4,2,23,randomized,1,6,validation,0.12186431884765625,1,1,8,307,64
L2_W64_H4,1,validation:d6:t1:prandomized:tree307:i60014,4,2,23,randomized,0,6,validation,-0.030275344848632812,1,0,8,307,64
L2_W64_H4,1,validation:d6:t2:prandomized:tree101:i60006,4,2,23,randomized,0,6,validation,-0.18199539184570312,2,0,8,101,64
L2_W64_H4,0,validation:d6:t2:prandomized:tree211:i60008,4,2,23,randomized,0,6,validation,-0.07406234741210938,2,0,8,211,64
L2_W64_H4,1,validation:d6:t3:prandomized:tree101:i60006,4,2,23,randomized,0,6,validation,-0.18967628479003906,3,0,8,101,64
L2_W64_H4,0,validation:d6:t3:prandomized:tree211:i60008,4,2,23,randomized,0,6,validation,-0.07300758361816406,3,0,8,211,64
L2_W64_H4,0,test:d6:t0:prandomized:tree101:i60001,4,2,23,randomized,1,6,test,0.21335983276367188,0,1,8,101,64
L2_W64_H4,1,test:d6:t0:prandomized:tree101:i60006,4,2,23,randomized,0,6,test,-0.020418167114257812,0,0,8,101,64
L2_W64_H4,0,test:d6:t0:prandomized:tree101:i60009,4,2,23,randomized,1,6,test,0.22516441345214844,0,1,8,101,64
L2_W64_H4,1,test:d6:t0:prandomized:tree101:i60011,4,2,23,randomized,1,6,test,0.06279563903808594,0,1,8,101,64
L2_W64_H4,0,test:d6:t0:prandomized:tree101:i60013,4,2,23,randomized,1,6,test,0.06892776489257812,0,1,8,101,64
L2_W64_H4,1,test:d6:t0:prandomized:tree211:i60003,4,2,23,randomized,1,6,test,-0.007259368896484375,0,0,8,211,64
L2_W64_H4,1,test:d6:t0:prandomized:tree211:i60006,4,2,23,randomized,0,6,test,-0.2296428680419922,0,0,8,211,64
L2_W64_H4,1,test:d6:t0:prandomized:tree307:i60003,4,2,23,randomized,1,6,test,0.1291370391845703,0,1,8,307,64
L2_W64_H4,1,test:d6:t0:prandomized:tree307:i60007,4,2,23,randomized,1,6,test,-0.0045795440673828125,0,0,8,307,64
L2_W64_H4,1,test:d6:t0:prandomized:tree307:i60014,4,2,23,randomized,0,6,test,-0.09638786315917969,0,0,8,307,64
L2_W64_H4,0,test:d6:t1:prandomized:tree101:i60001,4,2,23,randomized,1,6,test,0.21886634826660156,1,1,8,101,64
L2_W64_H4,1,test:d6:t1:prandomized:tree101:i60006,4,2,23,randomized,0,6,test,-0.017980575561523438,1,0,8,101,64
L2_W64_H4,0,test:d6:t1:prandomized:tree101:i60009,4,2,23,randomized,1,6,test,0.2239837646484375,1,1,8,101,64
L2_W64_H4,1,test:d6:t1:prandomized:tree101:i60011,4,2,23,randomized,1,6,test,0.053699493408203125,1,1,8,101,64
L2_W64_H4,0,test:d6:t1:prandomized:tree101:i60013,4,2,23,randomized,1,6,test,0.073394775390625,1,1,8,101,64
L2_W64_H4,1,test:d6:t1:prandomized:tree211:i60003,4,2,23,randomized,1,6,test,-0.006748199462890625,1,0,8,211,64
L2_W64_H4,1,test:d6:t1:prandomized:tree211:i60006,4,2,23,randomized,0,6,test,-0.23354148864746094,1,0,8,211,64
L2_W64_H4,1,test:d6:t1:prandomized:tree307:i60003,4,2,23,randomized,1,6,test,0.13172340393066406,1,1,8,307,64
L2_W64_H4,1,test:d6:t1:prandomized:tree307:i60007,4,2,23,randomized,1,6,test,-0.0045642852783203125,1,0,8,307,64
L2_W64_H4,1,test:d6:t1:prandomized:tree307:i60014,4,2,23,randomized,0,6,test,-0.0897369384765625,1,0,8,307,64
L2_W64_H4,1,test:d6:t2:prandomized:tree101:i60006,4,2,23,randomized,0,6,test,-0.021595001220703125,2,0,8,101,64
L2_W64_H4,0,test:d6:t2:prandomized:tree211:i60008,4,2,23,randomized,0,6,test,0.027971267700195312,2,1,8,211,64
L2_W64_H4,1,test:d6:t3:prandomized:tree101:i60006,4,2,23,randomized,0,6,test,-0.019102096557617188,3,0,8,101,64
L2_W64_H4,0,test:d6:t3:prandomized:tree211:i60008,4,2,23,randomized,0,6,test,0.023410797119140625,3,1,8,211,64
L2_W64_H4,0,validation:d6:t0:prandomized:tree101:i60008,4,2,23,randomized,0,6,validation,-0.027158737182617188,0,0,8,101,64
L2_W64_H4,0,validation:d6:t0:prandomized:tree211:i60004,4,2,23,randomized,0,6,validation,0.02251434326171875,0,1,8,211,64
L2_W64_H4,1,validation:d6:t0:prandomized:tree211:i60007,4,2,23,randomized,1,6,validation,0.0963897705078125,0,1,8,211,64
L2_W64_H4,0,validation:d6:t0:prandomized:tree211:i60008,4,2,23,randomized,0,6,validation,-0.07479667663574219,0,0,8,211,64
L2_W64_H4,1,validation:d6:t0:prandomized:tree307:i60002,4,2,23,randomized,0,6,validation,-0.06329727172851562,0,0,8,307,64
L2_W64_H4,1,validation:d6:t0:prandomized:tree307:i60006,4,2,23,randomized,0,6,validation,-0.05185127258300781,0,0,8,307,64
L2_W64_H4,0,validation:d6:t1:prandomized:tree101:i60008,4,2,23,randomized,0,6,validation,-0.028400421142578125,1,0,8,101,64
L2_W64_H4,0,validation:d6:t1:prandomized:tree211:i60004,4,2,23,randomized,0,6,validation,0.031871795654296875,1,1,8,211,64
L2_W64_H4,1,validation:d6:t1:prandomized:tree211:i60007,4,2,23,randomized,1,6,validation,0.10187530517578125,1,1,8,211,64
L2_W64_H4,0,validation:d6:t1:prandomized:tree211:i60008,4,2,23,randomized,0,6,validation,-0.07345962524414062,1,0,8,211,64
L2_W64_H4,1,validation:d6:t1:prandomized:tree307:i60002,4,2,23,randomized,0,6,validation,-0.06704330444335938,1,0,8,307,64
L2_W64_H4,1,validation:d6:t1:prandomized:tree307:i60006,4,2,23,randomized,0,6,validation,-0.05879974365234375,1,0,8,307,64
L2_W64_H4,1,validation:d6:t2:prandomized:tree101:i60007,4,2,23,randomized,1,6,validation,0.14621925354003906,2,1,8,101,64
L2_W64_H4,1,validation:d6:t2:prandomized:tree101:i60010,4,2,23,randomized,0,6,validation,-0.20018768310546875,2,0,8,101,64
L2_W64_H4,0,validation:d6:t2:prandomized:tree101:i60013,4,2,23,randomized,1,6,validation,0.0677490234375,2,1,8,101,64
L2_W64_H4,1,validation:d6:t2:prandomized:tree211:i60006,4,2,23,randomized,0,6,validation,-0.10880661010742188,2,0,8,211,64
L2_W64_H4,1,validation:d6:t2:prandomized:tree211:i60007,4,2,23,randomized,1,6,validation,0.09558486938476562,2,1,8,211,64
L2_W64_H4,0,validation:d6:t2:prandomized:tree307:i60001,4,2,23,randomized,1,6,validation,0.056396484375,2,1,8,307,64
L2_W64_H4,1,validation:d6:t2:prandomized:tree307:i60002,4,2,23,randomized,0,6,validation,-0.0616607666015625,2,0,8,307,64
L2_W64_H4,0,validation:d6:t2:prandomized:tree307:i60009,4,2,23,randomized,1,6,validation,0.06252670288085938,2,1,8,307,64
L2_W64_H4,1,validation:d6:t3:prandomized:tree101:i60007,4,2,23,randomized,1,6,validation,0.1519603729248047,3,1,8,101,64
L2_W64_H4,1,validation:d6:t3:prandomized:tree101:i60010,4,2,23,randomized,0,6,validation,-0.20603179931640625,3,0,8,101,64
L2_W64_H4,0,validation:d6:t3:prandomized:tree101:i60013,4,2,23,randomized,1,6,validation,0.06338119506835938,3,1,8,101,64
L2_W64_H4,1,validation:d6:t3:prandomized:tree211:i60006,4,2,23,randomized,0,6,validation,-0.11767387390136719,3,0,8,211,64
L2_W64_H4,1,validation:d6:t3:prandomized:tree211:i60007,4,2,23,randomized,1,6,validation,0.10184860229492188,3,1,8,211,64
L2_W64_H4,0,validation:d6:t3:prandomized:tree307:i60001,4,2,23,randomized,1,6,validation,0.05959320068359375,3,1,8,307,64
L2_W64_H4,1,validation:d6:t3:prandomized:tree307:i60002,4,2,23,randomized,0,6,validation,-0.06745529174804688,3,0,8,307,64
L2_W64_H4,0,validation:d6:t3:prandomized:tree307:i60009,4,2,23,randomized,1,6,validation,0.06673431396484375,3,1,8,307,64
L2_W64_H4,0,test:d6:t0:prandomized:tree101:i60008,4,2,23,randomized,0,6,test,-0.15481185913085938,0,0,8,101,64
L2_W64_H4,0,test:d6:t0:prandomized:tree211:i60004,4,2,23,randomized,0,6,test,-0.08221054077148438,0,0,8,211,64
L2_W64_H4,1,test:d6:t0:prandomized:tree211:i60007,4,2,23,randomized,1,6,test,0.106842041015625,0,1,8,211,64
L2_W64_H4,0,test:d6:t0:prandomized:tree211:i60008,4,2,23,randomized,0,6,test,0.027858734130859375,0,1,8,211,64
L2_W64_H4,1,test:d6:t0:prandomized:tree307:i60002,4,2,23,randomized,0,6,test,-0.010931015014648438,0,0,8,307,64
L2_W64_H4,1,test:d6:t0:prandomized:tree307:i60006,4,2,23,randomized,0,6,test,-0.056873321533203125,0,0,8,307,64
L2_W64_H4,0,test:d6:t1:prandomized:tree101:i60008,4,2,23,randomized,0,6,test,-0.16109848022460938,1,0,8,101,64
L2_W64_H4,0,test:d6:t1:prandomized:tree211:i60004,4,2,23,randomized,0,6,test,-0.08647346496582031,1,0,8,211,64
L2_W64_H4,1,test:d6:t1:prandomized:tree211:i60007,4,2,23,randomized,1,6,test,0.10880088806152344,1,1,8,211,64
L2_W64_H4,0,test:d6:t1:prandomized:tree211:i60008,4,2,23,randomized,0,6,test,0.027194976806640625,1,1,8,211,64
L2_W64_H4,1,test:d6:t1:prandomized:tree307:i60002,4,2,23,randomized,0,6,test,-0.0085601806640625,1,0,8,307,64
L2_W64_H4,1,test:d6:t1:prandomized:tree307:i60006,4,2,23,randomized,0,6,test,-0.057483673095703125,1,0,8,307,64
L2_W64_H4,1,test:d6:t2:prandomized:tree101:i60007,4,2,23,randomized,1,6,test,0.011121749877929688,2,1,8,101,64
L2_W64_H4,1,test:d6:t2:prandomized:tree101:i60010,4,2,23,randomized,0,6,test,-0.08942794799804688,2,0,8,101,64
L2_W64_H4,0,test:d6:t2:prandomized:tree101:i60013,4,2,23,randomized,1,6,test,0.0563812255859375,2,1,8,101,64
L2_W64_H4,1,test:d6:t2:prandomized:tree211:i60006,4,2,23,randomized,0,6,test,-0.21454620361328125,2,0,8,211,64
L2_W64_H4,1,test:d6:t2:prandomized:tree211:i60007,4,2,23,randomized,1,6,test,0.10633468627929688,2,1,8,211,64
L2_W64_H4,0,test:d6:t2:prandomized:tree307:i60001,4,2,23,randomized,1,6,test,0.10044670104980469,2,1,8,307,64
L2_W64_H4,1,test:d6:t2:prandomized:tree307:i60002,4,2,23,randomized,0,6,test,-0.008802413940429688,2,0,8,307,64
L2_W64_H4,0,test:d6:t2:prandomized:tree307:i60009,4,2,23,randomized,1,6,test,0.03076171875,2,1,8,307,64
L2_W64_H4,1,test:d6:t3:prandomized:tree101:i60007,4,2,23,randomized,1,6,test,0.011835098266601562,3,1,8,101,64
L2_W64_H4,1,test:d6:t3:prandomized:tree101:i60010,4,2,23,randomized,0,6,test,-0.09021186828613281,3,0,8,101,64
L2_W64_H4,0,test:d6:t3:prandomized:tree101:i60013,4,2,23,randomized,1,6,test,0.06279754638671875,3,1,8,101,64
L2_W64_H4,1,test:d6:t3:prandomized:tree211:i60006,4,2,23,randomized,0,6,test,-0.215362548828125,3,0,8,211,64
L2_W64_H4,1,test:d6:t3:prandomized:tree211:i60007,4,2,23,randomized,1,6,test,0.10768318176269531,3,1,8,211,64
L2_W64_H4,0,test:d6:t3:prandomized:tree307:i60001,4,2,23,randomized,1,6,test,0.10882568359375,3,1,8,307,64
L2_W64_H4,1,test:d6:t3:prandomized:tree307:i60002,4,2,23,randomized,0,6,test,-0.012363433837890625,3,0,8,307,64
L2_W64_H4,0,test:d6:t3:prandomized:tree307:i60009,4,2,23,randomized,1,6,test,0.03277587890625,3,1,8,307,64
L2_W64_H4,0,validation:d6:t0:prandomized:tree101:i60012,4,2,23,randomized,0,6,validation,-0.12300872802734375,0,0,8,101,64
L2_W64_H4,0,validation:d6:t0:prandomized:tree211:i60000,4,2,23,randomized,0,6,validation,-0.1616992950439453,0,0,8,211,64
L2_W64_H4,0,validation:d6:t0:prandomized:tree211:i60009,4,2,23,randomized,1,6,validation,0.10139656066894531,0,1,8,211,64
L2_W64_H4,0,validation:d6:t0:prandomized:tree307:i60001,4,2,23,randomized,1,6,validation,0.060848236083984375,0,1,8,307,64
L2_W64_H4,0,validation:d6:t0:prandomized:tree307:i60005,4,2,23,randomized,1,6,validation,0.12442398071289062,0,1,8,307,64
L2_W64_H4,1,validation:d6:t0:prandomized:tree307:i60010,4,2,23,randomized,0,6,validation,-0.1585712432861328,0,0,8,307,64
L2_W64_H4,0,validation:d6:t1:prandomized:tree101:i60012,4,2,23,randomized,0,6,validation,-0.13152313232421875,1,0,8,101,64
L2_W64_H4,0,validation:d6:t1:prandomized:tree211:i60000,4,2,23,randomized,0,6,validation,-0.16194915771484375,1,0,8,211,64
L2_W64_H4,0,validation:d6:t1:prandomized:tree211:i60009,4,2,23,randomized,1,6,validation,0.09606170654296875,1,1,8,211,64
L2_W64_H4,0,validation:d6:t1:prandomized:tree307:i60001,4,2,23,randomized,1,6,validation,0.06261634826660156,1,1,8,307,64
L2_W64_H4,0,validation:d6:t1:prandomized:tree307:i60005,4,2,23,randomized,1,6,validation,0.12334060668945312,1,1,8,307,64
L2_W64_H4,1,validation:d6:t1:prandomized:tree307:i60010,4,2,23,randomized,0,6,validation,-0.16487884521484375,1,0,8,307,64
L2_W64_H4,0,validation:d6:t2:prandomized:tree101:i60009,4,2,23,randomized,1,6,validation,0.24193191528320312,2,1,8,101,64
L2_W64_H4,0,validation:d6:t2:prandomized:tree101:i60012,4,2,23,randomized,0,6,validation,-0.12295722961425781,2,0,8,101,64
L2_W64_H4,0,validation:d6:t2:prandomized:tree307:i60013,4,2,23,randomized,1,6,validation,0.08429527282714844,2,1,8,307,64
L2_W64_H4,0,validation:d6:t3:prandomized:tree101:i60009,4,2,23,randomized,1,6,validation,0.24946975708007812,3,1,8,101,64
L2_W64_H4,0,validation:d6:t3:prandomized:tree101:i60012,4,2,23,randomized,0,6,validation,-0.1313323974609375,3,0,8,101,64
L2_W64_H4,0,validation:d6:t3:prandomized:tree307:i60013,4,2,23,randomized,1,6,validation,0.08920669555664062,3,1,8,307,64
L2_W64_H4,0,test:d6:t0:prandomized:tree101:i60012,4,2,23,randomized,0,6,test,-0.010530471801757812,0,0,8,101,64
L2_W64_H4,0,test:d6:t0:prandomized:tree211:i60000,4,2,23,randomized,0,6,test,-0.19752120971679688,0,0,8,211,64
L2_W64_H4,0,test:d6:t0:prandomized:tree211:i60009,4,2,23,randomized,1,6,test,0.031360626220703125,0,1,8,211,64
L2_W64_H4,0,test:d6:t0:prandomized:tree307:i60001,4,2,23,randomized,1,6,test,0.10396575927734375,0,1,8,307,64
L2_W64_H4,0,test:d6:t0:prandomized:tree307:i60005,4,2,23,randomized,1,6,test,0.08128738403320312,0,1,8,307,64
L2_W64_H4,1,test:d6:t0:prandomized:tree307:i60010,4,2,23,randomized,0,6,test,-0.0058002471923828125,0,0,8,307,64
L2_W64_H4,0,test:d6:t1:prandomized:tree101:i60012,4,2,23,randomized,0,6,test,0.0003604888916015625,1,1,8,101,64
L2_W64_H4,0,test:d6:t1:prandomized:tree211:i60000,4,2,23,randomized,0,6,test,-0.20756149291992188,1,0,8,211,64
L2_W64_H4,0,test:d6:t1:prandomized:tree211:i60009,4,2,23,randomized,1,6,test,0.025379180908203125,1,1,8,211,64
L2_W64_H4,0,test:d6:t1:prandomized:tree307:i60001,4,2,23,randomized,1,6,test,0.10822677612304688,1,1,8,307,64
L2_W64_H4,0,test:d6:t1:prandomized:tree307:i60005,4,2,23,randomized,1,6,test,0.08083915710449219,1,1,8,307,64
L2_W64_H4,1,test:d6:t1:prandomized:tree307:i60010,4,2,23,randomized,0,6,test,-0.0026912689208984375,1,0,8,307,64
L2_W64_H4,0,test:d6:t2:prandomized:tree101:i60009,4,2,23,randomized,1,6,test,0.21504974365234375,2,1,8,101,64
L2_W64_H4,0,test:d6:t2:prandomized:tree101:i60012,4,2,23,randomized,0,6,test,-0.011077880859375,2,0,8,101,64
L2_W64_H4,0,test:d6:t2:prandomized:tree307:i60013,4,2,23,randomized,1,6,test,0.044048309326171875,2,1,8,307,64
L2_W64_H4,0,test:d6:t3:prandomized:tree101:i60009,4,2,23,randomized,1,6,test,0.21492385864257812,3,1,8,101,64
L2_W64_H4,0,test:d6:t3:prandomized:tree101:i60012,4,2,23,randomized,0,6,test,-3.814697265625e-06,3,0,8,101,64
L2_W64_H4,0,test:d6:t3:prandomized:tree307:i60013,4,2,23,randomized,1,6,test,0.04337310791015625,3,1,8,307,64
L2_W64_H4,0,validation:d6:t0:prandomized:tree101:i60005,4,2,23,randomized,1,6,validation,0.05774116516113281,0,1,8,101,64
L2_W64_H4,0,validation:d6:t0:prandomized:tree211:i60001,4,2,23,randomized,1,6,validation,0.16798019409179688,0,1,8,211,64
L2_W64_H4,1,validation:d6:t0:prandomized:tree307:i60015,4,2,23,randomized,1,6,validation,0.16392135620117188,0,1,8,307,64
L2_W64_H4,0,validation:d6:t1:prandomized:tree101:i60005,4,2,23,randomized,1,6,validation,0.05845451354980469,1,1,8,101,64
L2_W64_H4,0,validation:d6:t1:prandomized:tree211:i60001,4,2,23,randomized,1,6,validation,0.16791725158691406,1,1,8,211,64
L2_W64_H4,1,validation:d6:t1:prandomized:tree307:i60015,4,2,23,randomized,1,6,validation,0.1652698516845703,1,1,8,307,64
L2_W64_H4,1,validation:d6:t2:prandomized:tree211:i60010,4,2,23,randomized,0,6,validation,-0.0856475830078125,2,0,8,211,64
L2_W64_H4,1,validation:d6:t2:prandomized:tree307:i60003,4,2,23,randomized,1,6,validation,0.0924072265625,2,1,8,307,64
L2_W64_H4,1,validation:d6:t2:prandomized:tree307:i60006,4,2,23,randomized,0,6,validation,-0.05483245849609375,2,0,8,307,64
L2_W64_H4,1,validation:d6:t2:prandomized:tree307:i60011,4,2,23,randomized,1,6,validation,0.10514450073242188,2,1,8,307,64
L2_W64_H4,1,validation:d6:t3:prandomized:tree211:i60010,4,2,23,randomized,0,6,validation,-0.07948684692382812,3,0,8,211,64
L2_W64_H4,1,validation:d6:t3:prandomized:tree307:i60003,4,2,23,randomized,1,6,validation,0.09456253051757812,3,1,8,307,64
L2_W64_H4,1,validation:d6:t3:prandomized:tree307:i60006,4,2,23,randomized,0,6,validation,-0.05731201171875,3,0,8,307,64
L2_W64_H4,1,validation:d6:t3:prandomized:tree307:i60011,4,2,23,randomized,1,6,validation,0.11066055297851562,3,1,8,307,64
L2_W64_H4,0,test:d6:t0:prandomized:tree101:i60005,4,2,23,randomized,1,6,test,0.183013916015625,0,1,8,101,64
L2_W64_H4,0,test:d6:t0:prandomized:tree211:i60001,4,2,23,randomized,1,6,test,0.01908111572265625,0,1,8,211,64
L2_W64_H4,1,test:d6:t0:prandomized:tree307:i60015,4,2,23,randomized,1,6,test,0.08495903015136719,0,1,8,307,64
L2_W64_H4,0,test:d6:t1:prandomized:tree101:i60005,4,2,23,randomized,1,6,test,0.1830463409423828,1,1,8,101,64
L2_W64_H4,0,test:d6:t1:prandomized:tree211:i60001,4,2,23,randomized,1,6,test,0.016773223876953125,1,1,8,211,64
L2_W64_H4,1,test:d6:t1:prandomized:tree307:i60015,4,2,23,randomized,1,6,test,0.08601188659667969,1,1,8,307,64
L2_W64_H4,1,test:d6:t2:prandomized:tree211:i60010,4,2,23,randomized,0,6,test,-0.05924797058105469,2,0,8,211,64
L2_W64_H4,1,test:d6:t2:prandomized:tree307:i60003,4,2,23,randomized,1,6,test,0.13111305236816406,2,1,8,307,64
L2_W64_H4,1,test:d6:t2:prandomized:tree307:i60006,4,2,23,randomized,0,6,test,-0.075103759765625,2,0,8,307,64
L2_W64_H4,1,test:d6:t2:prandomized:tree307:i60011,4,2,23,randomized,1,6,test,0.026113510131835938,2,1,8,307,64
L2_W64_H4,1,test:d6:t3:prandomized:tree211:i60010,4,2,23,randomized,0,6,test,-0.04215812683105469,3,0,8,211,64
L2_W64_H4,1,test:d6:t3:prandomized:tree307:i60003,4,2,23,randomized,1,6,test,0.13031768798828125,3,1,8,307,64
L2_W64_H4,1,test:d6:t3:prandomized:tree307:i60006,4,2,23,randomized,0,6,test,-0.07097816467285156,3,0,8,307,64
L2_W64_H4,1,test:d6:t3:prandomized:tree307:i60011,4,2,23,randomized,1,6,test,0.019128799438476562,3,1,8,307,64
L2_W64_H4,1,validation:d6:t0:prandomized:tree101:i60002,4,2,23,randomized,0,6,validation,-0.1322193145751953,0,0,8,101,64
L2_W64_H4,1,validation:d6:t0:prandomized:tree101:i60010,4,2,23,randomized,0,6,validation,-0.22016525268554688,0,0,8,101,64
L2_W64_H4,1,validation:d6:t0:prandomized:tree101:i60015,4,2,23,randomized,1,6,validation,0.047077178955078125,0,1,8,101,64
L2_W64_H4,0,validation:d6:t0:prandomized:tree307:i60000,4,2,23,randomized,0,6,validation,-0.07452964782714844,0,0,8,307,64
L2_W64_H4,1,validation:d6:t1:prandomized:tree101:i60002,4,2,23,randomized,0,6,validation,-0.12481880187988281,1,0,8,101,64
L2_W64_H4,1,validation:d6:t1:prandomized:tree101:i60010,4,2,23,randomized,0,6,validation,-0.21053123474121094,1,0,8,101,64
L2_W64_H4,1,validation:d6:t1:prandomized:tree101:i60015,4,2,23,randomized,1,6,validation,0.035228729248046875,1,1,8,101,64
L2_W64_H4,0,validation:d6:t1:prandomized:tree307:i60000,4,2,23,randomized,0,6,validation,-0.06240272521972656,1,0,8,307,64
L2_W64_H4,0,validation:d6:t2:prandomized:tree211:i60000,4,2,23,randomized,0,6,validation,-0.19269752502441406,2,0,8,211,64
L2_W64_H4,0,validation:d6:t2:prandomized:tree211:i60012,4,2,23,randomized,0,6,validation,-0.08696937561035156,2,0,8,211,64
L2_W64_H4,1,validation:d6:t2:prandomized:tree211:i60014,4,2,23,randomized,0,6,validation,-0.006290435791015625,2,0,8,211,64
L2_W64_H4,1,validation:d6:t2:prandomized:tree211:i60015,4,2,23,randomized,1,6,validation,0.11008262634277344,2,1,8,211,64
L2_W64_H4,0,validation:d6:t2:prandomized:tree307:i60000,4,2,23,randomized,0,6,validation,-0.07228851318359375,2,0,8,307,64
L2_W64_H4,0,validation:d6:t2:prandomized:tree307:i60005,4,2,23,randomized,1,6,validation,0.14945602416992188,2,1,8,307,64
L2_W64_H4,0,validation:d6:t2:prandomized:tree307:i60008,4,2,23,randomized,0,6,validation,-0.1836872100830078,2,0,8,307,64
L2_W64_H4,1,validation:d6:t2:prandomized:tree307:i60010,4,2,23,randomized,0,6,validation,-0.18632888793945312,2,0,8,307,64
L2_W64_H4,0,validation:d6:t3:prandomized:tree211:i60000,4,2,23,randomized,0,6,validation,-0.18143081665039062,3,0,8,211,64
L2_W64_H4,0,validation:d6:t3:prandomized:tree211:i60012,4,2,23,randomized,0,6,validation,-0.07557868957519531,3,0,8,211,64
L2_W64_H4,1,validation:d6:t3:prandomized:tree211:i60014,4,2,23,randomized,0,6,validation,0.0008716583251953125,3,1,8,211,64
L2_W64_H4,1,validation:d6:t3:prandomized:tree211:i60015,4,2,23,randomized,1,6,validation,0.09711456298828125,3,1,8,211,64
L2_W64_H4,0,validation:d6:t3:prandomized:tree307:i60000,4,2,23,randomized,0,6,validation,-0.06244087219238281,3,0,8,307,64
L2_W64_H4,0,validation:d6:t3:prandomized:tree307:i60005,4,2,23,randomized,1,6,validation,0.1390361785888672,3,1,8,307,64
L2_W64_H4,0,validation:d6:t3:prandomized:tree307:i60008,4,2,23,randomized,0,6,validation,-0.17095947265625,3,0,8,307,64
L2_W64_H4,1,validation:d6:t3:prandomized:tree307:i60010,4,2,23,randomized,0,6,validation,-0.1734752655029297,3,0,8,307,64
L2_W64_H4,1,test:d6:t0:prandomized:tree101:i60002,4,2,23,randomized,0,6,test,-0.08091163635253906,0,0,8,101,64
L2_W64_H4,1,test:d6:t0:prandomized:tree101:i60010,4,2,23,randomized,0,6,test,-0.12413787841796875,0,0,8,101,64
L2_W64_H4,1,test:d6:t0:prandomized:tree101:i60015,4,2,23,randomized,1,6,test,0.07245826721191406,0,1,8,101,64
L2_W64_H4,0,test:d6:t0:prandomized:tree307:i60000,4,2,23,randomized,0,6,test,-0.14095306396484375,0,0,8,307,64
L2_W64_H4,1,test:d6:t1:prandomized:tree101:i60002,4,2,23,randomized,0,6,test,-0.07372093200683594,1,0,8,101,64
L2_W64_H4,1,test:d6:t1:prandomized:tree101:i60010,4,2,23,randomized,0,6,test,-0.11315155029296875,1,0,8,101,64
L2_W64_H4,1,test:d6:t1:prandomized:tree101:i60015,4,2,23,randomized,1,6,test,0.06284141540527344,1,1,8,101,64
L2_W64_H4,0,test:d6:t1:prandomized:tree307:i60000,4,2,23,randomized,0,6,test,-0.1304950714111328,1,0,8,307,64
L2_W64_H4,0,test:d6:t2:prandomized:tree211:i60000,4,2,23,randomized,0,6,test,-0.2205829620361328,2,0,8,211,64
L2_W64_H4,0,test:d6:t2:prandomized:tree211:i60012,4,2,23,randomized,0,6,test,-0.22281265258789062,2,0,8,211,64
L2_W64_H4,1,test:d6:t2:prandomized:tree211:i60014,4,2,23,randomized,0,6,test,-0.2128448486328125,2,0,8,211,64
L2_W64_H4,1,test:d6:t2:prandomized:tree211:i60015,4,2,23,randomized,1,6,test,0.00811767578125,2,1,8,211,64
L2_W64_H4,0,test:d6:t2:prandomized:tree307:i60000,4,2,23,randomized,0,6,test,-0.1404094696044922,2,0,8,307,64
L2_W64_H4,0,test:d6:t2:prandomized:tree307:i60005,4,2,23,randomized,1,6,test,0.10842323303222656,2,1,8,307,64
L2_W64_H4,0,test:d6:t2:prandomized:tree307:i60008,4,2,23,randomized,0,6,test,-0.049198150634765625,2,0,8,307,64
L2_W64_H4,1,test:d6:t2:prandomized:tree307:i60010,4,2,23,randomized,0,6,test,-0.04980659484863281,2,0,8,307,64
L2_W64_H4,0,test:d6:t3:prandomized:tree211:i60000,4,2,23,randomized,0,6,test,-0.21378707885742188,3,0,8,211,64
L2_W64_H4,0,test:d6:t3:prandomized:tree211:i60012,4,2,23,randomized,0,6,test,-0.21529197692871094,3,0,8,211,64
L2_W64_H4,1,test:d6:t3:prandomized:tree211:i60014,4,2,23,randomized,0,6,test,-0.21793556213378906,3,0,8,211,64
L2_W64_H4,1,test:d6:t3:prandomized:tree211:i60015,4,2,23,randomized,1,6,test,0.0034732818603515625,3,1,8,211,64
L2_W64_H4,0,test:d6:t3:prandomized:tree307:i60000,4,2,23,randomized,0,6,test,-0.13070106506347656,3,0,8,307,64
L2_W64_H4,0,test:d6:t3:prandomized:tree307:i60005,4,2,23,randomized,1,6,test,0.09866905212402344,3,1,8,307,64
L2_W64_H4,0,test:d6:t3:prandomized:tree307:i60008,4,2,23,randomized,0,6,test,-0.03782081604003906,3,0,8,307,64
L2_W64_H4,1,test:d6:t3:prandomized:tree307:i60010,4,2,23,randomized,0,6,test,-0.038471221923828125,3,0,8,307,64
L2_W64_H4,1,validation:d6:t0:prandomized:tree211:i60011,4,2,23,randomized,1,6,validation,0.08490943908691406,0,1,8,211,64
L2_W64_H4,0,validation:d6:t0:prandomized:tree307:i60008,4,2,23,randomized,0,6,validation,-0.1978130340576172,0,0,8,307,64
L2_W64_H4,0,validation:d6:t0:prandomized:tree307:i60013,4,2,23,randomized,1,6,validation,0.12163543701171875,0,1,8,307,64
L2_W64_H4,1,validation:d6:t1:prandomized:tree211:i60011,4,2,23,randomized,1,6,validation,0.0790252685546875,1,1,8,211,64
L2_W64_H4,0,validation:d6:t1:prandomized:tree307:i60008,4,2,23,randomized,0,6,validation,-0.1714458465576172,1,0,8,307,64
L2_W64_H4,0,validation:d6:t1:prandomized:tree307:i60013,4,2,23,randomized,1,6,validation,0.10213851928710938,1,1,8,307,64
L2_W64_H4,0,validation:d6:t2:prandomized:tree101:i60000,4,2,23,randomized,0,6,validation,-0.037494659423828125,2,0,8,101,64
L2_W64_H4,0,validation:d6:t2:prandomized:tree101:i60001,4,2,23,randomized,1,6,validation,0.1653919219970703,2,1,8,101,64
L2_W64_H4,0,validation:d6:t2:prandomized:tree101:i60005,4,2,23,randomized,1,6,validation,0.0844573974609375,2,1,8,101,64
L2_W64_H4,0,validation:d6:t2:prandomized:tree101:i60008,4,2,23,randomized,0,6,validation,-0.0615997314453125,2,0,8,101,64
L2_W64_H4,1,validation:d6:t2:prandomized:tree101:i60014,4,2,23,randomized,0,6,validation,-0.1951618194580078,2,0,8,101,64
L2_W64_H4,1,validation:d6:t2:prandomized:tree211:i60002,4,2,23,randomized,0,6,validation,-0.22718048095703125,2,0,8,211,64
L2_W64_H4,1,validation:d6:t2:prandomized:tree211:i60003,4,2,23,randomized,1,6,validation,0.09324836730957031,2,1,8,211,64
L2_W64_H4,0,validation:d6:t2:prandomized:tree211:i60004,4,2,23,randomized,0,6,validation,-0.02405548095703125,2,0,8,211,64
L2_W64_H4,1,validation:d6:t2:prandomized:tree211:i60011,4,2,23,randomized,1,6,validation,0.08381271362304688,2,1,8,211,64
L2_W64_H4,0,validation:d6:t2:prandomized:tree307:i60004,4,2,23,randomized,0,6,validation,-0.11479759216308594,2,0,8,307,64
L2_W64_H4,0,validation:d6:t3:prandomized:tree101:i60000,4,2,23,randomized,0,6,validation,-0.03777313232421875,3,0,8,101,64
L2_W64_H4,0,validation:d6:t3:prandomized:tree101:i60001,4,2,23,randomized,1,6,validation,0.16358375549316406,3,1,8,101,64
L2_W64_H4,0,validation:d6:t3:prandomized:tree101:i60005,4,2,23,randomized,1,6,validation,0.07301521301269531,3,1,8,101,64
L2_W64_H4,0,validation:d6:t3:prandomized:tree101:i60008,4,2,23,randomized,0,6,validation,-0.05461692810058594,3,0,8,101,64
L2_W64_H4,1,validation:d6:t3:prandomized:tree101:i60014,4,2,23,randomized,0,6,validation,-0.16524696350097656,3,0,8,101,64
L2_W64_H4,1,validation:d6:t3:prandomized:tree211:i60002,4,2,23,randomized,0,6,validation,-0.21585464477539062,3,0,8,211,64
L2_W64_H4,1,validation:d6:t3:prandomized:tree211:i60003,4,2,23,randomized,1,6,validation,0.07611656188964844,3,1,8,211,64
L2_W64_H4,0,validation:d6:t3:prandomized:tree211:i60004,4,2,23,randomized,0,6,validation,-0.008516311645507812,3,0,8,211,64
L2_W64_H4,1,validation:d6:t3:prandomized:tree211:i60011,4,2,23,randomized,1,6,validation,0.07783126831054688,3,1,8,211,64
L2_W64_H4,0,validation:d6:t3:prandomized:tree307:i60004,4,2,23,randomized,0,6,validation,-0.09686470031738281,3,0,8,307,64
L2_W64_H4,1,test:d6:t0:prandomized:tree211:i60011,4,2,23,randomized,1,6,test,0.17838096618652344,0,1,8,211,64
L2_W64_H4,0,test:d6:t0:prandomized:tree307:i60008,4,2,23,randomized,0,6,test,-0.0658111572265625,0,0,8,307,64
L2_W64_H4,0,test:d6:t0:prandomized:tree307:i60013,4,2,23,randomized,1,6,test,0.09262657165527344,0,1,8,307,64
L2_W64_H4,1,test:d6:t1:prandomized:tree211:i60011,4,2,23,randomized,1,6,test,0.15909385681152344,1,1,8,211,64
L2_W64_H4,0,test:d6:t1:prandomized:tree307:i60008,4,2,23,randomized,0,6,test,-0.04740142822265625,1,0,8,307,64
L2_W64_H4,0,test:d6:t1:prandomized:tree307:i60013,4,2,23,randomized,1,6,test,0.08561515808105469,1,1,8,307,64
L2_W64_H4,0,test:d6:t2:prandomized:tree101:i60000,4,2,23,randomized,0,6,test,-0.07279777526855469,2,0,8,101,64
L2_W64_H4,0,test:d6:t2:prandomized:tree101:i60001,4,2,23,randomized,1,6,test,0.2351837158203125,2,1,8,101,64
L2_W64_H4,0,test:d6:t2:prandomized:tree101:i60005,4,2,23,randomized,1,6,test,0.2094745635986328,2,1,8,101,64
L2_W64_H4,0,test:d6:t2:prandomized:tree101:i60008,4,2,23,randomized,0,6,test,-0.19004058837890625,2,0,8,101,64
L2_W64_H4,1,test:d6:t2:prandomized:tree101:i60014,4,2,23,randomized,0,6,test,-0.10793113708496094,2,0,8,101,64
L2_W64_H4,1,test:d6:t2:prandomized:tree211:i60002,4,2,23,randomized,0,6,test,-0.21326446533203125,2,0,8,211,64
L2_W64_H4,1,test:d6:t2:prandomized:tree211:i60003,4,2,23,randomized,1,6,test,0.026073455810546875,2,1,8,211,64
L2_W64_H4,0,test:d6:t2:prandomized:tree211:i60004,4,2,23,randomized,0,6,test,-0.1298656463623047,2,0,8,211,64
L2_W64_H4,1,test:d6:t2:prandomized:tree211:i60011,4,2,23,randomized,1,6,test,0.17624282836914062,2,1,8,211,64
L2_W64_H4,0,test:d6:t2:prandomized:tree307:i60004,4,2,23,randomized,0,6,test,-0.022304534912109375,2,0,8,307,64
L2_W64_H4,0,test:d6:t3:prandomized:tree101:i60000,4,2,23,randomized,0,6,test,-0.05358123779296875,3,0,8,101,64
L2_W64_H4,0,test:d6:t3:prandomized:tree101:i60001,4,2,23,randomized,1,6,test,0.21440696716308594,3,1,8,101,64
L2_W64_H4,0,test:d6:t3:prandomized:tree101:i60005,4,2,23,randomized,1,6,test,0.19351768493652344,3,1,8,101,64
L2_W64_H4,0,test:d6:t3:prandomized:tree101:i60008,4,2,23,randomized,0,6,test,-0.16788864135742188,3,0,8,101,64
L2_W64_H4,1,test:d6:t3:prandomized:tree101:i60014,4,2,23,randomized,0,6,test,-0.08963775634765625,3,0,8,101,64
L2_W64_H4,1,test:d6:t3:prandomized:tree211:i60002,4,2,23,randomized,0,6,test,-0.19745635986328125,3,0,8,211,64
L2_W64_H4,1,test:d6:t3:prandomized:tree211:i60003,4,2,23,randomized,1,6,test,0.010406494140625,3,1,8,211,64
L2_W64_H4,0,test:d6:t3:prandomized:tree211:i60004,4,2,23,randomized,0,6,test,-0.11287879943847656,3,0,8,211,64
L2_W64_H4,1,test:d6:t3:prandomized:tree211:i60011,4,2,23,randomized,1,6,test,0.15831375122070312,3,1,8,211,64
L2_W64_H4,0,test:d6:t3:prandomized:tree307:i60004,4,2,23,randomized,0,6,test,-0.014200210571289062,3,0,8,307,64
L2_W64_H4,1,validation:d6:t0:prandomized:tree211:i60015,4,2,23,randomized,1,6,validation,0.11393547058105469,0,1,8,211,64
L2_W64_H4,0,validation:d6:t0:prandomized:tree307:i60004,4,2,23,randomized,0,6,validation,-0.10866928100585938,0,0,8,307,64
L2_W64_H4,0,validation:d6:t0:prandomized:tree307:i60009,4,2,23,randomized,1,6,validation,0.09766006469726562,0,1,8,307,64
L2_W64_H4,1,validation:d6:t0:prandomized:tree307:i60011,4,2,23,randomized,1,6,validation,0.13501930236816406,0,1,8,307,64
L2_W64_H4,1,validation:d6:t1:prandomized:tree211:i60015,4,2,23,randomized,1,6,validation,0.0918426513671875,1,1,8,211,64
L2_W64_H4,0,validation:d6:t1:prandomized:tree307:i60004,4,2,23,randomized,0,6,validation,-0.08731269836425781,1,0,8,307,64
L2_W64_H4,0,validation:d6:t1:prandomized:tree307:i60009,4,2,23,randomized,1,6,validation,0.07071304321289062,1,1,8,307,64
L2_W64_H4,1,validation:d6:t1:prandomized:tree307:i60011,4,2,23,randomized,1,6,validation,0.1296405792236328,1,1,8,307,64
L2_W64_H4,1,validation:d6:t2:prandomized:tree101:i60002,4,2,23,randomized,0,6,validation,-0.13793373107910156,2,0,8,101,64
L2_W64_H4,1,validation:d6:t2:prandomized:tree101:i60015,4,2,23,randomized,1,6,validation,0.05235099792480469,2,1,8,101,64
L2_W64_H4,0,validation:d6:t2:prandomized:tree211:i60001,4,2,23,randomized,1,6,validation,0.1980304718017578,2,1,8,211,64
L2_W64_H4,0,validation:d6:t2:prandomized:tree211:i60005,4,2,23,randomized,1,6,validation,0.13138389587402344,2,1,8,211,64
L2_W64_H4,0,validation:d6:t2:prandomized:tree307:i60012,4,2,23,randomized,0,6,validation,-0.12248039245605469,2,0,8,307,64
L2_W64_H4,1,validation:d6:t3:prandomized:tree101:i60002,4,2,23,randomized,0,6,validation,-0.12724876403808594,3,0,8,101,64
L2_W64_H4,1,validation:d6:t3:prandomized:tree101:i60015,4,2,23,randomized,1,6,validation,0.031108856201171875,3,1,8,101,64
L2_W64_H4,0,validation:d6:t3:prandomized:tree211:i60001,4,2,23,randomized,1,6,validation,0.16687965393066406,3,1,8,211,64
L2_W64_H4,0,validation:d6:t3:prandomized:tree211:i60005,4,2,23,randomized,1,6,validation,0.1215362548828125,3,1,8,211,64
L2_W64_H4,0,validation:d6:t3:prandomized:tree307:i60012,4,2,23,randomized,0,6,validation,-0.09821319580078125,3,0,8,307,64
L2_W64_H4,1,test:d6:t0:prandomized:tree211:i60015,4,2,23,randomized,1,6,test,0.0138092041015625,0,1,8,211,64
L2_W64_H4,0,test:d6:t0:prandomized:tree307:i60004,4,2,23,randomized,0,6,test,-0.018230438232421875,0,0,8,307,64
L2_W64_H4,0,test:d6:t0:prandomized:tree307:i60009,4,2,23,randomized,1,6,test,0.06859779357910156,0,1,8,307,64
L2_W64_H4,1,test:d6:t0:prandomized:tree307:i60011,4,2,23,randomized,1,6,test,0.04499626159667969,0,1,8,307,64
L2_W64_H4,1,test:d6:t1:prandomized:tree211:i60015,4,2,23,randomized,1,6,test,0.00424957275390625,1,1,8,211,64
L2_W64_H4,0,test:d6:t1:prandomized:tree307:i60004,4,2,23,randomized,0,6,test,-0.0077495574951171875,1,0,8,307,64
L2_W64_H4,0,test:d6:t1:prandomized:tree307:i60009,4,2,23,randomized,1,6,test,0.053253173828125,1,1,8,307,64
L2_W64_H4,1,test:d6:t1:prandomized:tree307:i60011,4,2,23,randomized,1,6,test,0.0276641845703125,1,1,8,307,64
L2_W64_H4,1,test:d6:t2:prandomized:tree101:i60002,4,2,23,randomized,0,6,test,-0.09088706970214844,2,0,8,101,64
L2_W64_H4,1,test:d6:t2:prandomized:tree101:i60015,4,2,23,randomized,1,6,test,0.07672691345214844,2,1,8,101,64
L2_W64_H4,0,test:d6:t2:prandomized:tree211:i60001,4,2,23,randomized,1,6,test,0.05224609375,2,1,8,211,64
L2_W64_H4,0,test:d6:t2:prandomized:tree211:i60005,4,2,23,randomized,1,6,test,-0.002498626708984375,2,0,8,211,64
L2_W64_H4,0,test:d6:t2:prandomized:tree307:i60012,4,2,23,randomized,0,6,test,-0.2588214874267578,2,0,8,307,64
L2_W64_H4,1,test:d6:t3:prandomized:tree101:i60002,4,2,23,randomized,0,6,test,-0.07858657836914062,3,0,8,101,64
L2_W64_H4,1,test:d6:t3:prandomized:tree101:i60015,4,2,23,randomized,1,6,test,0.05582237243652344,3,1,8,101,64
L2_W64_H4,0,test:d6:t3:prandomized:tree211:i60001,4,2,23,randomized,1,6,test,0.03315925598144531,3,1,8,211,64
L2_W64_H4,0,test:d6:t3:prandomized:tree211:i60005,4,2,23,randomized,1,6,test,-0.028423309326171875,3,0,8,211,64
L2_W64_H4,0,test:d6:t3:prandomized:tree307:i60012,4,2,23,randomized,0,6,test,-0.2579212188720703,3,0,8,307,64
L2_W64_H4,0,validation:d8:t0:paligned:tree101:i80000,4,2,23,aligned,0,8,validation,0.0073261260986328125,0,1,10,101,64
L2_W64_H4,0,validation:d8:t0:paligned:tree101:i80001,4,2,23,aligned,1,8,validation,0.04049491882324219,0,1,10,101,64
L2_W64_H4,1,validation:d8:t0:paligned:tree101:i80002,4,2,23,aligned,0,8,validation,0.016405105590820312,0,1,10,101,64
L2_W64_H4,1,validation:d8:t0:paligned:tree101:i80003,4,2,23,aligned,1,8,validation,0.19852256774902344,0,1,10,101,64
L2_W64_H4,0,validation:d8:t0:paligned:tree101:i80004,4,2,23,aligned,0,8,validation,-0.07842254638671875,0,0,10,101,64
L2_W64_H4,0,validation:d8:t0:paligned:tree101:i80005,4,2,23,aligned,1,8,validation,0.05112457275390625,0,1,10,101,64
L2_W64_H4,1,validation:d8:t0:paligned:tree101:i80006,4,2,23,aligned,0,8,validation,0.0539093017578125,0,1,10,101,64
L2_W64_H4,1,validation:d8:t0:paligned:tree101:i80007,4,2,23,aligned,1,8,validation,0.1250019073486328,0,1,10,101,64
L2_W64_H4,0,validation:d8:t0:paligned:tree101:i80008,4,2,23,aligned,0,8,validation,0.07302284240722656,0,1,10,101,64
L2_W64_H4,0,validation:d8:t0:paligned:tree101:i80009,4,2,23,aligned,1,8,validation,0.32349586486816406,0,1,10,101,64
L2_W64_H4,1,validation:d8:t0:paligned:tree101:i80010,4,2,23,aligned,0,8,validation,-0.07589149475097656,0,0,10,101,64
L2_W64_H4,1,validation:d8:t0:paligned:tree101:i80011,4,2,23,aligned,1,8,validation,0.23343276977539062,0,1,10,101,64
L2_W64_H4,0,validation:d8:t0:paligned:tree101:i80012,4,2,23,aligned,0,8,validation,-0.09851455688476562,0,0,10,101,64
L2_W64_H4,0,validation:d8:t0:paligned:tree101:i80013,4,2,23,aligned,1,8,validation,0.09379196166992188,0,1,10,101,64
L2_W64_H4,1,validation:d8:t0:paligned:tree101:i80014,4,2,23,aligned,0,8,validation,-0.2056446075439453,0,0,10,101,64
L2_W64_H4,1,validation:d8:t0:paligned:tree101:i80015,4,2,23,aligned,1,8,validation,0.08419227600097656,0,1,10,101,64
L2_W64_H4,0,validation:d8:t0:paligned:tree211:i80000,4,2,23,aligned,0,8,validation,-0.110107421875,0,0,10,211,64
L2_W64_H4,0,validation:d8:t0:paligned:tree211:i80001,4,2,23,aligned,1,8,validation,0.01131439208984375,0,1,10,211,64
L2_W64_H4,1,validation:d8:t0:paligned:tree211:i80002,4,2,23,aligned,0,8,validation,0.026350021362304688,0,1,10,211,64
L2_W64_H4,1,validation:d8:t0:paligned:tree211:i80003,4,2,23,aligned,1,8,validation,0.1043243408203125,0,1,10,211,64
L2_W64_H4,0,validation:d8:t0:paligned:tree211:i80004,4,2,23,aligned,0,8,validation,-0.1305084228515625,0,0,10,211,64
L2_W64_H4,0,validation:d8:t0:paligned:tree211:i80005,4,2,23,aligned,1,8,validation,0.19675445556640625,0,1,10,211,64
L2_W64_H4,1,validation:d8:t0:paligned:tree211:i80006,4,2,23,aligned,0,8,validation,-0.07088661193847656,0,0,10,211,64
L2_W64_H4,1,validation:d8:t0:paligned:tree211:i80007,4,2,23,aligned,1,8,validation,0.15583229064941406,0,1,10,211,64
L2_W64_H4,0,validation:d8:t0:paligned:tree211:i80008,4,2,23,aligned,0,8,validation,0.02199554443359375,0,1,10,211,64
L2_W64_H4,0,validation:d8:t0:paligned:tree211:i80009,4,2,23,aligned,1,8,validation,0.14165878295898438,0,1,10,211,64
L2_W64_H4,1,validation:d8:t0:paligned:tree211:i80010,4,2,23,aligned,0,8,validation,0.020437240600585938,0,1,10,211,64
L2_W64_H4,1,validation:d8:t0:paligned:tree211:i80011,4,2,23,aligned,1,8,validation,0.12692642211914062,0,1,10,211,64
L2_W64_H4,0,validation:d8:t0:paligned:tree211:i80012,4,2,23,aligned,0,8,validation,-0.20538902282714844,0,0,10,211,64
L2_W64_H4,0,validation:d8:t0:paligned:tree211:i80013,4,2,23,aligned,1,8,validation,0.09416389465332031,0,1,10,211,64
L2_W64_H4,1,validation:d8:t0:paligned:tree211:i80014,4,2,23,aligned,0,8,validation,-0.09164237976074219,0,0,10,211,64
L2_W64_H4,1,validation:d8:t0:paligned:tree211:i80015,4,2,23,aligned,1,8,validation,0.3334770202636719,0,1,10,211,64
L2_W64_H4,0,validation:d8:t0:paligned:tree307:i80000,4,2,23,aligned,0,8,validation,-0.014118194580078125,0,0,10,307,64
L2_W64_H4,0,validation:d8:t0:paligned:tree307:i80001,4,2,23,aligned,1,8,validation,-0.09314346313476562,0,0,10,307,64
L2_W64_H4,1,validation:d8:t0:paligned:tree307:i80002,4,2,23,aligned,0,8,validation,-0.020101547241210938,0,0,10,307,64
L2_W64_H4,1,validation:d8:t0:paligned:tree307:i80003,4,2,23,aligned,1,8,validation,0.07670021057128906,0,1,10,307,64
L2_W64_H4,0,validation:d8:t0:paligned:tree307:i80004,4,2,23,aligned,0,8,validation,-0.035747528076171875,0,0,10,307,64
L2_W64_H4,0,validation:d8:t0:paligned:tree307:i80005,4,2,23,aligned,1,8,validation,0.12332725524902344,0,1,10,307,64
L2_W64_H4,1,validation:d8:t0:paligned:tree307:i80006,4,2,23,aligned,0,8,validation,-0.22806739807128906,0,0,10,307,64
L2_W64_H4,1,validation:d8:t0:paligned:tree307:i80007,4,2,23,aligned,1,8,validation,0.10289764404296875,0,1,10,307,64
L2_W64_H4,0,validation:d8:t0:paligned:tree307:i80008,4,2,23,aligned,0,8,validation,-0.16555404663085938,0,0,10,307,64
L2_W64_H4,0,validation:d8:t0:paligned:tree307:i80009,4,2,23,aligned,1,8,validation,0.16294097900390625,0,1,10,307,64
L2_W64_H4,1,validation:d8:t0:paligned:tree307:i80010,4,2,23,aligned,0,8,validation,-0.21634483337402344,0,0,10,307,64
L2_W64_H4,1,validation:d8:t0:paligned:tree307:i80011,4,2,23,aligned,1,8,validation,0.16137123107910156,0,1,10,307,64
L2_W64_H4,0,validation:d8:t0:paligned:tree307:i80012,4,2,23,aligned,0,8,validation,-0.2047119140625,0,0,10,307,64
L2_W64_H4,0,validation:d8:t0:paligned:tree307:i80013,4,2,23,aligned,1,8,validation,0.08015823364257812,0,1,10,307,64
L2_W64_H4,1,validation:d8:t0:paligned:tree307:i80014,4,2,23,aligned,0,8,validation,-0.1056060791015625,0,0,10,307,64
L2_W64_H4,1,validation:d8:t0:paligned:tree307:i80015,4,2,23,aligned,1,8,validation,0.13169097900390625,0,1,10,307,64
L2_W64_H4,1,validation:d8:t0:prandomized:tree101:i80003,4,2,23,randomized,1,8,validation,0.19852256774902344,0,1,10,101,64
L2_W64_H4,1,validation:d8:t0:prandomized:tree101:i80006,4,2,23,randomized,0,8,validation,0.0539093017578125,0,1,10,101,64
L2_W64_H4,0,validation:d8:t0:prandomized:tree101:i80012,4,2,23,randomized,0,8,validation,-0.09851455688476562,0,0,10,101,64
L2_W64_H4,0,validation:d8:t0:prandomized:tree307:i80005,4,2,23,randomized,1,8,validation,0.12332725524902344,0,1,10,307,64
L2_W64_H4,0,validation:d8:t1:paligned:tree101:i80000,4,2,23,aligned,0,8,validation,-0.0011463165283203125,1,0,10,101,64
L2_W64_H4,0,validation:d8:t1:paligned:tree101:i80001,4,2,23,aligned,1,8,validation,0.043308258056640625,1,1,10,101,64
L2_W64_H4,1,validation:d8:t1:paligned:tree101:i80002,4,2,23,aligned,0,8,validation,0.002101898193359375,1,1,10,101,64
L2_W64_H4,1,validation:d8:t1:paligned:tree101:i80003,4,2,23,aligned,1,8,validation,0.19533348083496094,1,1,10,101,64
L2_W64_H4,0,validation:d8:t1:paligned:tree101:i80004,4,2,23,aligned,0,8,validation,-0.09343338012695312,1,0,10,101,64
L2_W64_H4,0,validation:d8:t1:paligned:tree101:i80005,4,2,23,aligned,1,8,validation,0.05507659912109375,1,1,10,101,64
L2_W64_H4,1,validation:d8:t1:paligned:tree101:i80006,4,2,23,aligned,0,8,validation,0.035823822021484375,1,1,10,101,64
L2_W64_H4,1,validation:d8:t1:paligned:tree101:i80007,4,2,23,aligned,1,8,validation,0.1338176727294922,1,1,10,101,64
L2_W64_H4,0,validation:d8:t1:paligned:tree101:i80008,4,2,23,aligned,0,8,validation,0.05449485778808594,1,1,10,101,64
L2_W64_H4,0,validation:d8:t1:paligned:tree101:i80009,4,2,23,aligned,1,8,validation,0.3045921325683594,1,1,10,101,64
L2_W64_H4,1,validation:d8:t1:paligned:tree101:i80010,4,2,23,aligned,0,8,validation,-0.0813140869140625,1,0,10,101,64
L2_W64_H4,1,validation:d8:t1:paligned:tree101:i80011,4,2,23,aligned,1,8,validation,0.24176597595214844,1,1,10,101,64
L2_W64_H4,0,validation:d8:t1:paligned:tree101:i80012,4,2,23,aligned,0,8,validation,-0.09768486022949219,1,0,10,101,64
L2_W64_H4,0,validation:d8:t1:paligned:tree101:i80013,4,2,23,aligned,1,8,validation,0.09033393859863281,1,1,10,101,64
L2_W64_H4,1,validation:d8:t1:paligned:tree101:i80014,4,2,23,aligned,0,8,validation,-0.20370101928710938,1,0,10,101,64
L2_W64_H4,1,validation:d8:t1:paligned:tree101:i80015,4,2,23,aligned,1,8,validation,0.09218597412109375,1,1,10,101,64
L2_W64_H4,0,validation:d8:t1:paligned:tree211:i80000,4,2,23,aligned,0,8,validation,-0.10956573486328125,1,0,10,211,64
L2_W64_H4,0,validation:d8:t1:paligned:tree211:i80001,4,2,23,aligned,1,8,validation,0.04083442687988281,1,1,10,211,64
L2_W64_H4,1,validation:d8:t1:paligned:tree211:i80002,4,2,23,aligned,0,8,validation,0.0166168212890625,1,1,10,211,64
L2_W64_H4,1,validation:d8:t1:paligned:tree211:i80003,4,2,23,aligned,1,8,validation,0.10238265991210938,1,1,10,211,64
L2_W64_H4,0,validation:d8:t1:paligned:tree211:i80004,4,2,23,aligned,0,8,validation,-0.14103126525878906,1,0,10,211,64
L2_W64_H4,0,validation:d8:t1:paligned:tree211:i80005,4,2,23,aligned,1,8,validation,0.20689964294433594,1,1,10,211,64
L2_W64_H4,1,validation:d8:t1:paligned:tree211:i80006,4,2,23,aligned,0,8,validation,-0.08684349060058594,1,0,10,211,64
L2_W64_H4,1,validation:d8:t1:paligned:tree211:i80007,4,2,23,aligned,1,8,validation,0.16432952880859375,1,1,10,211,64
L2_W64_H4,0,validation:d8:t1:paligned:tree211:i80008,4,2,23,aligned,0,8,validation,0.012481689453125,1,1,10,211,64
L2_W64_H4,0,validation:d8:t1:paligned:tree211:i80009,4,2,23,aligned,1,8,validation,0.15021896362304688,1,1,10,211,64
L2_W64_H4,1,validation:d8:t1:paligned:tree211:i80010,4,2,23,aligned,0,8,validation,0.0103607177734375,1,1,10,211,64
L2_W64_H4,1,validation:d8:t1:paligned:tree211:i80011,4,2,23,aligned,1,8,validation,0.13396072387695312,1,1,10,211,64
L2_W64_H4,0,validation:d8:t1:paligned:tree211:i80012,4,2,23,aligned,0,8,validation,-0.2158641815185547,1,0,10,211,64
L2_W64_H4,0,validation:d8:t1:paligned:tree211:i80013,4,2,23,aligned,1,8,validation,0.09786033630371094,1,1,10,211,64
L2_W64_H4,1,validation:d8:t1:paligned:tree211:i80014,4,2,23,aligned,0,8,validation,-0.09195518493652344,1,0,10,211,64
L2_W64_H4,1,validation:d8:t1:paligned:tree211:i80015,4,2,23,aligned,1,8,validation,0.3420219421386719,1,1,10,211,64
L2_W64_H4,0,validation:d8:t1:paligned:tree307:i80000,4,2,23,aligned,0,8,validation,-0.022571563720703125,1,0,10,307,64
L2_W64_H4,0,validation:d8:t1:paligned:tree307:i80001,4,2,23,aligned,1,8,validation,-0.07872581481933594,1,0,10,307,64
L2_W64_H4,1,validation:d8:t1:paligned:tree307:i80002,4,2,23,aligned,0,8,validation,-0.02783966064453125,1,0,10,307,64
L2_W64_H4,1,validation:d8:t1:paligned:tree307:i80003,4,2,23,aligned,1,8,validation,0.08431816101074219,1,1,10,307,64
L2_W64_H4,0,validation:d8:t1:paligned:tree307:i80004,4,2,23,aligned,0,8,validation,-0.04933929443359375,1,0,10,307,64
L2_W64_H4,0,validation:d8:t1:paligned:tree307:i80005,4,2,23,aligned,1,8,validation,0.12390899658203125,1,1,10,307,64
L2_W64_H4,1,validation:d8:t1:paligned:tree307:i80006,4,2,23,aligned,0,8,validation,-0.22363662719726562,1,0,10,307,64
L2_W64_H4,1,validation:d8:t1:paligned:tree307:i80007,4,2,23,aligned,1,8,validation,0.10754585266113281,1,1,10,307,64
L2_W64_H4,0,validation:d8:t1:paligned:tree307:i80008,4,2,23,aligned,0,8,validation,-0.1605854034423828,1,0,10,307,64
L2_W64_H4,0,validation:d8:t1:paligned:tree307:i80009,4,2,23,aligned,1,8,validation,0.16332626342773438,1,1,10,307,64
L2_W64_H4,1,validation:d8:t1:paligned:tree307:i80010,4,2,23,aligned,0,8,validation,-0.2178173065185547,1,0,10,307,64
L2_W64_H4,1,validation:d8:t1:paligned:tree307:i80011,4,2,23,aligned,1,8,validation,0.15902137756347656,1,1,10,307,64
L2_W64_H4,0,validation:d8:t1:paligned:tree307:i80012,4,2,23,aligned,0,8,validation,-0.2410564422607422,1,0,10,307,64
L2_W64_H4,0,validation:d8:t1:paligned:tree307:i80013,4,2,23,aligned,1,8,validation,0.08196258544921875,1,1,10,307,64
L2_W64_H4,1,validation:d8:t1:paligned:tree307:i80014,4,2,23,aligned,0,8,validation,-0.1123809814453125,1,0,10,307,64
L2_W64_H4,1,validation:d8:t1:paligned:tree307:i80015,4,2,23,aligned,1,8,validation,0.13653182983398438,1,1,10,307,64
L2_W64_H4,1,validation:d8:t1:prandomized:tree101:i80003,4,2,23,randomized,1,8,validation,0.19533348083496094,1,1,10,101,64
L2_W64_H4,1,validation:d8:t1:prandomized:tree101:i80006,4,2,23,randomized,0,8,validation,0.035823822021484375,1,1,10,101,64
L2_W64_H4,0,validation:d8:t1:prandomized:tree101:i80012,4,2,23,randomized,0,8,validation,-0.09768486022949219,1,0,10,101,64
L2_W64_H4,0,validation:d8:t1:prandomized:tree307:i80005,4,2,23,randomized,1,8,validation,0.12390899658203125,1,1,10,307,64
L2_W64_H4,0,validation:d8:t2:paligned:tree101:i80000,4,2,23,aligned,0,8,validation,0.010137557983398438,2,1,10,101,64
L2_W64_H4,0,validation:d8:t2:paligned:tree101:i80001,4,2,23,aligned,1,8,validation,0.03704261779785156,2,1,10,101,64
L2_W64_H4,1,validation:d8:t2:paligned:tree101:i80002,4,2,23,aligned,0,8,validation,0.013431549072265625,2,1,10,101,64
L2_W64_H4,1,validation:d8:t2:paligned:tree101:i80003,4,2,23,aligned,1,8,validation,0.19724464416503906,2,1,10,101,64
L2_W64_H4,0,validation:d8:t2:paligned:tree101:i80004,4,2,23,aligned,0,8,validation,-0.06897926330566406,2,0,10,101,64
L2_W64_H4,0,validation:d8:t2:paligned:tree101:i80005,4,2,23,aligned,1,8,validation,0.048656463623046875,2,1,10,101,64
L2_W64_H4,1,validation:d8:t2:paligned:tree101:i80006,4,2,23,aligned,0,8,validation,0.04574394226074219,2,1,10,101,64
L2_W64_H4,1,validation:d8:t2:paligned:tree101:i80007,4,2,23,aligned,1,8,validation,0.12552261352539062,2,1,10,101,64
L2_W64_H4,0,validation:d8:t2:paligned:tree101:i80008,4,2,23,aligned,0,8,validation,0.07627105712890625,2,1,10,101,64
L2_W64_H4,0,validation:d8:t2:paligned:tree101:i80009,4,2,23,aligned,1,8,validation,0.32442665100097656,2,1,10,101,64
L2_W64_H4,1,validation:d8:t2:paligned:tree101:i80010,4,2,23,aligned,0,8,validation,-0.07711410522460938,2,0,10,101,64
L2_W64_H4,1,validation:d8:t2:paligned:tree101:i80011,4,2,23,aligned,1,8,validation,0.230377197265625,2,1,10,101,64
L2_W64_H4,0,validation:d8:t2:paligned:tree101:i80012,4,2,23,aligned,0,8,validation,-0.09564208984375,2,0,10,101,64
L2_W64_H4,0,validation:d8:t2:paligned:tree101:i80013,4,2,23,aligned,1,8,validation,0.09480667114257812,2,1,10,101,64
L2_W64_H4,1,validation:d8:t2:paligned:tree101:i80014,4,2,23,aligned,0,8,validation,-0.20056533813476562,2,0,10,101,64
L2_W64_H4,1,validation:d8:t2:paligned:tree101:i80015,4,2,23,aligned,1,8,validation,0.08309555053710938,2,1,10,101,64
L2_W64_H4,0,validation:d8:t2:paligned:tree211:i80000,4,2,23,aligned,0,8,validation,-0.11022758483886719,2,0,10,211,64
L2_W64_H4,0,validation:d8:t2:paligned:tree211:i80001,4,2,23,aligned,1,8,validation,0.016632080078125,2,1,10,211,64
L2_W64_H4,1,validation:d8:t2:paligned:tree211:i80002,4,2,23,aligned,0,8,validation,0.03501319885253906,2,1,10,211,64
L2_W64_H4,1,validation:d8:t2:paligned:tree211:i80003,4,2,23,aligned,1,8,validation,0.10840034484863281,2,1,10,211,64
L2_W64_H4,0,validation:d8:t2:paligned:tree211:i80004,4,2,23,aligned,0,8,validation,-0.1315784454345703,2,0,10,211,64
L2_W64_H4,0,validation:d8:t2:paligned:tree211:i80005,4,2,23,aligned,1,8,validation,0.19537925720214844,2,1,10,211,64
L2_W64_H4,1,validation:d8:t2:paligned:tree211:i80006,4,2,23,aligned,0,8,validation,-0.06941795349121094,2,0,10,211,64
L2_W64_H4,1,validation:d8:t2:paligned:tree211:i80007,4,2,23,aligned,1,8,validation,0.15703392028808594,2,1,10,211,64
L2_W64_H4,0,validation:d8:t2:paligned:tree211:i80008,4,2,23,aligned,0,8,validation,0.021457672119140625,2,1,10,211,64
L2_W64_H4,0,validation:d8:t2:paligned:tree211:i80009,4,2,23,aligned,1,8,validation,0.14090728759765625,2,1,10,211,64
L2_W64_H4,1,validation:d8:t2:paligned:tree211:i80010,4,2,23,aligned,0,8,validation,0.0190887451171875,2,1,10,211,64
L2_W64_H4,1,validation:d8:t2:paligned:tree211:i80011,4,2,23,aligned,1,8,validation,0.12553787231445312,2,1,10,211,64
L2_W64_H4,0,validation:d8:t2:paligned:tree211:i80012,4,2,23,aligned,0,8,validation,-0.20264053344726562,2,0,10,211,64
L2_W64_H4,0,validation:d8:t2:paligned:tree211:i80013,4,2,23,aligned,1,8,validation,0.09482002258300781,2,1,10,211,64
L2_W64_H4,1,validation:d8:t2:paligned:tree211:i80014,4,2,23,aligned,0,8,validation,-0.08752822875976562,2,0,10,211,64
L2_W64_H4,1,validation:d8:t2:paligned:tree211:i80015,4,2,23,aligned,1,8,validation,0.3301963806152344,2,1,10,211,64
L2_W64_H4,0,validation:d8:t2:paligned:tree307:i80000,4,2,23,aligned,0,8,validation,-0.01792144775390625,2,0,10,307,64
L2_W64_H4,0,validation:d8:t2:paligned:tree307:i80001,4,2,23,aligned,1,8,validation,-0.10272216796875,2,0,10,307,64
L2_W64_H4,1,validation:d8:t2:paligned:tree307:i80002,4,2,23,aligned,0,8,validation,-0.017515182495117188,2,0,10,307,64
L2_W64_H4,1,validation:d8:t2:paligned:tree307:i80003,4,2,23,aligned,1,8,validation,0.08085823059082031,2,1,10,307,64
L2_W64_H4,0,validation:d8:t2:paligned:tree307:i80004,4,2,23,aligned,0,8,validation,-0.03708076477050781,2,0,10,307,64
L2_W64_H4,0,validation:d8:t2:paligned:tree307:i80005,4,2,23,aligned,1,8,validation,0.12075042724609375,2,1,10,307,64
L2_W64_H4,1,validation:d8:t2:paligned:tree307:i80006,4,2,23,aligned,0,8,validation,-0.22739791870117188,2,0,10,307,64
L2_W64_H4,1,validation:d8:t2:paligned:tree307:i80007,4,2,23,aligned,1,8,validation,0.10433197021484375,2,1,10,307,64
L2_W64_H4,0,validation:d8:t2:paligned:tree307:i80008,4,2,23,aligned,0,8,validation,-0.16584205627441406,2,0,10,307,64
L2_W64_H4,0,validation:d8:t2:paligned:tree307:i80009,4,2,23,aligned,1,8,validation,0.162872314453125,2,1,10,307,64
L2_W64_H4,1,validation:d8:t2:paligned:tree307:i80010,4,2,23,aligned,0,8,validation,-0.21110916137695312,2,0,10,307,64
L2_W64_H4,1,validation:d8:t2:paligned:tree307:i80011,4,2,23,aligned,1,8,validation,0.16083908081054688,2,1,10,307,64
L2_W64_H4,0,validation:d8:t2:paligned:tree307:i80012,4,2,23,aligned,0,8,validation,-0.20606422424316406,2,0,10,307,64
L2_W64_H4,0,validation:d8:t2:paligned:tree307:i80013,4,2,23,aligned,1,8,validation,0.08019065856933594,2,1,10,307,64
L2_W64_H4,1,validation:d8:t2:paligned:tree307:i80014,4,2,23,aligned,0,8,validation,-0.11025047302246094,2,0,10,307,64
L2_W64_H4,1,validation:d8:t2:paligned:tree307:i80015,4,2,23,aligned,1,8,validation,0.1272296905517578,2,1,10,307,64
L2_W64_H4,0,validation:d8:t2:prandomized:tree101:i80009,4,2,23,randomized,1,8,validation,0.32442665100097656,2,1,10,101,64
L2_W64_H4,0,validation:d8:t2:prandomized:tree307:i80009,4,2,23,randomized,1,8,validation,0.162872314453125,2,1,10,307,64
L2_W64_H4,0,validation:d8:t3:paligned:tree101:i80000,4,2,23,aligned,0,8,validation,0.013364791870117188,3,1,10,101,64
L2_W64_H4,0,validation:d8:t3:paligned:tree101:i80001,4,2,23,aligned,1,8,validation,0.028635025024414062,3,1,10,101,64
L2_W64_H4,1,validation:d8:t3:paligned:tree101:i80002,4,2,23,aligned,0,8,validation,0.015218734741210938,3,1,10,101,64
L2_W64_H4,1,validation:d8:t3:paligned:tree101:i80003,4,2,23,aligned,1,8,validation,0.18912124633789062,3,1,10,101,64
L2_W64_H4,0,validation:d8:t3:paligned:tree101:i80004,4,2,23,aligned,0,8,validation,-0.07258987426757812,3,0,10,101,64
L2_W64_H4,0,validation:d8:t3:paligned:tree101:i80005,4,2,23,aligned,1,8,validation,0.0426177978515625,3,1,10,101,64
L2_W64_H4,1,validation:d8:t3:paligned:tree101:i80006,4,2,23,aligned,0,8,validation,0.04679107666015625,3,1,10,101,64
L2_W64_H4,1,validation:d8:t3:paligned:tree101:i80007,4,2,23,aligned,1,8,validation,0.12467193603515625,3,1,10,101,64
L2_W64_H4,0,validation:d8:t3:paligned:tree101:i80008,4,2,23,aligned,0,8,validation,0.06705856323242188,3,1,10,101,64
L2_W64_H4,0,validation:d8:t3:paligned:tree101:i80009,4,2,23,aligned,1,8,validation,0.30208396911621094,3,1,10,101,64
L2_W64_H4,1,validation:d8:t3:paligned:tree101:i80010,4,2,23,aligned,0,8,validation,-0.07015228271484375,3,0,10,101,64
L2_W64_H4,1,validation:d8:t3:paligned:tree101:i80011,4,2,23,aligned,1,8,validation,0.229400634765625,3,1,10,101,64
L2_W64_H4,0,validation:d8:t3:paligned:tree101:i80012,4,2,23,aligned,0,8,validation,-0.08943557739257812,3,0,10,101,64
L2_W64_H4,0,validation:d8:t3:paligned:tree101:i80013,4,2,23,aligned,1,8,validation,0.07892417907714844,3,1,10,101,64
L2_W64_H4,1,validation:d8:t3:paligned:tree101:i80014,4,2,23,aligned,0,8,validation,-0.18958473205566406,3,0,10,101,64
L2_W64_H4,1,validation:d8:t3:paligned:tree101:i80015,4,2,23,aligned,1,8,validation,0.08095550537109375,3,1,10,101,64
L2_W64_H4,0,validation:d8:t3:paligned:tree211:i80000,4,2,23,aligned,0,8,validation,-0.09979629516601562,3,0,10,211,64
L2_W64_H4,0,validation:d8:t3:paligned:tree211:i80001,4,2,23,aligned,1,8,validation,0.026714324951171875,3,1,10,211,64
L2_W64_H4,1,validation:d8:t3:paligned:tree211:i80002,4,2,23,aligned,0,8,validation,0.03979301452636719,3,1,10,211,64
L2_W64_H4,1,validation:d8:t3:paligned:tree211:i80003,4,2,23,aligned,1,8,validation,0.09433555603027344,3,1,10,211,64
L2_W64_H4,0,validation:d8:t3:paligned:tree211:i80004,4,2,23,aligned,0,8,validation,-0.12584495544433594,3,0,10,211,64
L2_W64_H4,0,validation:d8:t3:paligned:tree211:i80005,4,2,23,aligned,1,8,validation,0.1964740753173828,3,1,10,211,64
L2_W64_H4,1,validation:d8:t3:paligned:tree211:i80006,4,2,23,aligned,0,8,validation,-0.0722503662109375,3,0,10,211,64
L2_W64_H4,1,validation:d8:t3:paligned:tree211:i80007,4,2,23,aligned,1,8,validation,0.15637969970703125,3,1,10,211,64
L2_W64_H4,0,validation:d8:t3:paligned:tree211:i80008,4,2,23,aligned,0,8,validation,0.020307540893554688,3,1,10,211,64
L2_W64_H4,0,validation:d8:t3:paligned:tree211:i80009,4,2,23,aligned,1,8,validation,0.13515281677246094,3,1,10,211,64
L2_W64_H4,1,validation:d8:t3:paligned:tree211:i80010,4,2,23,aligned,0,8,validation,0.025873184204101562,3,1,10,211,64
L2_W64_H4,1,validation:d8:t3:paligned:tree211:i80011,4,2,23,aligned,1,8,validation,0.12304306030273438,3,1,10,211,64
L2_W64_H4,0,validation:d8:t3:paligned:tree211:i80012,4,2,23,aligned,0,8,validation,-0.20526885986328125,3,0,10,211,64
L2_W64_H4,0,validation:d8:t3:paligned:tree211:i80013,4,2,23,aligned,1,8,validation,0.08678817749023438,3,1,10,211,64
L2_W64_H4,1,validation:d8:t3:paligned:tree211:i80014,4,2,23,aligned,0,8,validation,-0.0783233642578125,3,0,10,211,64
L2_W64_H4,1,validation:d8:t3:paligned:tree211:i80015,4,2,23,aligned,1,8,validation,0.33179473876953125,3,1,10,211,64
L2_W64_H4,0,validation:d8:t3:paligned:tree307:i80000,4,2,23,aligned,0,8,validation,-0.01036834716796875,3,0,10,307,64
L2_W64_H4,0,validation:d8:t3:paligned:tree307:i80001,4,2,23,aligned,1,8,validation,-0.10107231140136719,3,0,10,307,64
L2_W64_H4,1,validation:d8:t3:paligned:tree307:i80002,4,2,23,aligned,0,8,validation,-0.015367507934570312,3,0,10,307,64
L2_W64_H4,1,validation:d8:t3:paligned:tree307:i80003,4,2,23,aligned,1,8,validation,0.07090950012207031,3,1,10,307,64
L2_W64_H4,0,validation:d8:t3:paligned:tree307:i80004,4,2,23,aligned,0,8,validation,-0.03701210021972656,3,0,10,307,64
L2_W64_H4,0,validation:d8:t3:paligned:tree307:i80005,4,2,23,aligned,1,8,validation,0.11516571044921875,3,1,10,307,64
L2_W64_H4,1,validation:d8:t3:paligned:tree307:i80006,4,2,23,aligned,0,8,validation,-0.21499061584472656,3,0,10,307,64
L2_W64_H4,1,validation:d8:t3:paligned:tree307:i80007,4,2,23,aligned,1,8,validation,0.0968475341796875,3,1,10,307,64
L2_W64_H4,0,validation:d8:t3:paligned:tree307:i80008,4,2,23,aligned,0,8,validation,-0.1491985321044922,3,0,10,307,64
L2_W64_H4,0,validation:d8:t3:paligned:tree307:i80009,4,2,23,aligned,1,8,validation,0.15552902221679688,3,1,10,307,64
L2_W64_H4,1,validation:d8:t3:paligned:tree307:i80010,4,2,23,aligned,0,8,validation,-0.20848464965820312,3,0,10,307,64
L2_W64_H4,1,validation:d8:t3:paligned:tree307:i80011,4,2,23,aligned,1,8,validation,0.14604949951171875,3,1,10,307,64
L2_W64_H4,0,validation:d8:t3:paligned:tree307:i80012,4,2,23,aligned,0,8,validation,-0.20872116088867188,3,0,10,307,64
L2_W64_H4,0,validation:d8:t3:paligned:tree307:i80013,4,2,23,aligned,1,8,validation,0.06736564636230469,3,1,10,307,64
L2_W64_H4,1,validation:d8:t3:paligned:tree307:i80014,4,2,23,aligned,0,8,validation,-0.10341072082519531,3,0,10,307,64
L2_W64_H4,1,validation:d8:t3:paligned:tree307:i80015,4,2,23,aligned,1,8,validation,0.1259746551513672,3,1,10,307,64
L2_W64_H4,0,validation:d8:t3:prandomized:tree101:i80009,4,2,23,randomized,1,8,validation,0.30208396911621094,3,1,10,101,64
L2_W64_H4,0,validation:d8:t3:prandomized:tree307:i80009,4,2,23,randomized,1,8,validation,0.15552902221679688,3,1,10,307,64
L2_W64_H4,0,test:d8:t0:paligned:tree101:i80000,4,2,23,aligned,0,8,test,-0.25980567932128906,0,0,10,101,64
L2_W64_H4,0,test:d8:t0:paligned:tree101:i80001,4,2,23,aligned,1,8,test,0.05726051330566406,0,1,10,101,64
L2_W64_H4,1,test:d8:t0:paligned:tree101:i80002,4,2,23,aligned,0,8,test,-0.0059413909912109375,0,0,10,101,64
L2_W64_H4,1,test:d8:t0:paligned:tree101:i80003,4,2,23,aligned,1,8,test,0.1327991485595703,0,1,10,101,64
L2_W64_H4,0,test:d8:t0:paligned:tree101:i80004,4,2,23,aligned,0,8,test,-0.19127655029296875,0,0,10,101,64
L2_W64_H4,0,test:d8:t0:paligned:tree101:i80005,4,2,23,aligned,1,8,test,0.022249221801757812,0,1,10,101,64
L2_W64_H4,1,test:d8:t0:paligned:tree101:i80006,4,2,23,aligned,0,8,test,-0.26136016845703125,0,0,10,101,64
L2_W64_H4,1,test:d8:t0:paligned:tree101:i80007,4,2,23,aligned,1,8,test,0.07526969909667969,0,1,10,101,64
L2_W64_H4,0,test:d8:t0:paligned:tree101:i80008,4,2,23,aligned,0,8,test,-0.09223747253417969,0,0,10,101,64
L2_W64_H4,0,test:d8:t0:paligned:tree101:i80009,4,2,23,aligned,1,8,test,0.12335968017578125,0,1,10,101,64
L2_W64_H4,1,test:d8:t0:paligned:tree101:i80010,4,2,23,aligned,0,8,test,-0.10317420959472656,0,0,10,101,64
L2_W64_H4,1,test:d8:t0:paligned:tree101:i80011,4,2,23,aligned,1,8,test,0.3556251525878906,0,1,10,101,64
L2_W64_H4,0,test:d8:t0:paligned:tree101:i80012,4,2,23,aligned,0,8,test,0.03185081481933594,0,1,10,101,64
L2_W64_H4,0,test:d8:t0:paligned:tree101:i80013,4,2,23,aligned,1,8,test,0.19840621948242188,0,1,10,101,64
L2_W64_H4,1,test:d8:t0:paligned:tree101:i80014,4,2,23,aligned,0,8,test,-0.13488197326660156,0,0,10,101,64
L2_W64_H4,1,test:d8:t0:paligned:tree101:i80015,4,2,23,aligned,1,8,test,-0.04184532165527344,0,0,10,101,64
L2_W64_H4,0,test:d8:t0:paligned:tree211:i80000,4,2,23,aligned,0,8,test,-0.06978416442871094,0,0,10,211,64
L2_W64_H4,0,test:d8:t0:paligned:tree211:i80001,4,2,23,aligned,1,8,test,0.22600555419921875,0,1,10,211,64
L2_W64_H4,1,test:d8:t0:paligned:tree211:i80002,4,2,23,aligned,0,8,test,-0.20217514038085938,0,0,10,211,64
L2_W64_H4,1,test:d8:t0:paligned:tree211:i80003,4,2,23,aligned,1,8,test,0.03789329528808594,0,1,10,211,64
L2_W64_H4,0,test:d8:t0:paligned:tree211:i80004,4,2,23,aligned,0,8,test,-0.16649818420410156,0,0,10,211,64
L2_W64_H4,0,test:d8:t0:paligned:tree211:i80005,4,2,23,aligned,1,8,test,-0.0017642974853515625,0,0,10,211,64
L2_W64_H4,1,test:d8:t0:paligned:tree211:i80006,4,2,23,aligned,0,8,test,-0.24965667724609375,0,0,10,211,64
L2_W64_H4,1,test:d8:t0:paligned:tree211:i80007,4,2,23,aligned,1,8,test,0.008630752563476562,0,1,10,211,64
L2_W64_H4,0,test:d8:t0:paligned:tree211:i80008,4,2,23,aligned,0,8,test,0.05024528503417969,0,1,10,211,64
L2_W64_H4,0,test:d8:t0:paligned:tree211:i80009,4,2,23,aligned,1,8,test,0.1532421112060547,0,1,10,211,64
L2_W64_H4,1,test:d8:t0:paligned:tree211:i80010,4,2,23,aligned,0,8,test,-0.2088451385498047,0,0,10,211,64
L2_W64_H4,1,test:d8:t0:paligned:tree211:i80011,4,2,23,aligned,1,8,test,0.03954124450683594,0,1,10,211,64
L2_W64_H4,0,test:d8:t0:paligned:tree211:i80012,4,2,23,aligned,0,8,test,0.049045562744140625,0,1,10,211,64
L2_W64_H4,0,test:d8:t0:paligned:tree211:i80013,4,2,23,aligned,1,8,test,0.08529472351074219,0,1,10,211,64
L2_W64_H4,1,test:d8:t0:paligned:tree211:i80014,4,2,23,aligned,0,8,test,-0.2661418914794922,0,0,10,211,64
L2_W64_H4,1,test:d8:t0:paligned:tree211:i80015,4,2,23,aligned,1,8,test,0.2769813537597656,0,1,10,211,64
L2_W64_H4,0,test:d8:t0:paligned:tree307:i80000,4,2,23,aligned,0,8,test,-0.044490814208984375,0,0,10,307,64
L2_W64_H4,0,test:d8:t0:paligned:tree307:i80001,4,2,23,aligned,1,8,test,0.04095649719238281,0,1,10,307,64
L2_W64_H4,1,test:d8:t0:paligned:tree307:i80002,4,2,23,aligned,0,8,test,-0.1933612823486328,0,0,10,307,64
L2_W64_H4,1,test:d8:t0:paligned:tree307:i80003,4,2,23,aligned,1,8,test,0.33040618896484375,0,1,10,307,64
L2_W64_H4,0,test:d8:t0:paligned:tree307:i80004,4,2,23,aligned,0,8,test,-0.2205371856689453,0,0,10,307,64
L2_W64_H4,0,test:d8:t0:paligned:tree307:i80005,4,2,23,aligned,1,8,test,0.0575408935546875,0,1,10,307,64
L2_W64_H4,1,test:d8:t0:paligned:tree307:i80006,4,2,23,aligned,0,8,test,-0.2533760070800781,0,0,10,307,64
L2_W64_H4,1,test:d8:t0:paligned:tree307:i80007,4,2,23,aligned,1,8,test,0.07912445068359375,0,1,10,307,64
L2_W64_H4,0,test:d8:t0:paligned:tree307:i80008,4,2,23,aligned,0,8,test,-0.1920909881591797,0,0,10,307,64
L2_W64_H4,0,test:d8:t0:paligned:tree307:i80009,4,2,23,aligned,1,8,test,0.10140609741210938,0,1,10,307,64
L2_W64_H4,1,test:d8:t0:paligned:tree307:i80010,4,2,23,aligned,0,8,test,0.08921241760253906,0,1,10,307,64
L2_W64_H4,1,test:d8:t0:paligned:tree307:i80011,4,2,23,aligned,1,8,test,0.19398880004882812,0,1,10,307,64
L2_W64_H4,0,test:d8:t0:paligned:tree307:i80012,4,2,23,aligned,0,8,test,-0.2063770294189453,0,0,10,307,64
L2_W64_H4,0,test:d8:t0:paligned:tree307:i80013,4,2,23,aligned,1,8,test,0.3636608123779297,0,1,10,307,64
L2_W64_H4,1,test:d8:t0:paligned:tree307:i80014,4,2,23,aligned,0,8,test,-0.13338851928710938,0,0,10,307,64
L2_W64_H4,1,test:d8:t0:paligned:tree307:i80015,4,2,23,aligned,1,8,test,0.08144187927246094,0,1,10,307,64
L2_W64_H4,1,test:d8:t0:prandomized:tree101:i80003,4,2,23,randomized,1,8,test,0.1327991485595703,0,1,10,101,64
L2_W64_H4,1,test:d8:t0:prandomized:tree101:i80006,4,2,23,randomized,0,8,test,-0.26136016845703125,0,0,10,101,64
L2_W64_H4,0,test:d8:t0:prandomized:tree101:i80012,4,2,23,randomized,0,8,test,0.03185081481933594,0,1,10,101,64
L2_W64_H4,0,test:d8:t0:prandomized:tree307:i80005,4,2,23,randomized,1,8,test,0.057537078857421875,0,1,10,307,64
L2_W64_H4,0,test:d8:t1:paligned:tree101:i80000,4,2,23,aligned,0,8,test,-0.26953697204589844,1,0,10,101,64
L2_W64_H4,0,test:d8:t1:paligned:tree101:i80001,4,2,23,aligned,1,8,test,0.06614875793457031,1,1,10,101,64
L2_W64_H4,1,test:d8:t1:paligned:tree101:i80002,4,2,23,aligned,0,8,test,-0.019504547119140625,1,0,10,101,64
L2_W64_H4,1,test:d8:t1:paligned:tree101:i80003,4,2,23,aligned,1,8,test,0.14161300659179688,1,1,10,101,64
L2_W64_H4,0,test:d8:t1:paligned:tree101:i80004,4,2,23,aligned,0,8,test,-0.19872665405273438,1,0,10,101,64
L2_W64_H4,0,test:d8:t1:paligned:tree101:i80005,4,2,23,aligned,1,8,test,0.0408782958984375,1,1,10,101,64
L2_W64_H4,1,test:d8:t1:paligned:tree101:i80006,4,2,23,aligned,0,8,test,-0.2481861114501953,1,0,10,101,64
L2_W64_H4,1,test:d8:t1:paligned:tree101:i80007,4,2,23,aligned,1,8,test,0.08433914184570312,1,1,10,101,64
L2_W64_H4,0,test:d8:t1:paligned:tree101:i80008,4,2,23,aligned,0,8,test,-0.10881233215332031,1,0,10,101,64
L2_W64_H4,0,test:d8:t1:paligned:tree101:i80009,4,2,23,aligned,1,8,test,0.11876296997070312,1,1,10,101,64
L2_W64_H4,1,test:d8:t1:paligned:tree101:i80010,4,2,23,aligned,0,8,test,-0.10125923156738281,1,0,10,101,64
L2_W64_H4,1,test:d8:t1:paligned:tree101:i80011,4,2,23,aligned,1,8,test,0.3583641052246094,1,1,10,101,64
L2_W64_H4,0,test:d8:t1:paligned:tree101:i80012,4,2,23,aligned,0,8,test,0.02805328369140625,1,1,10,101,64
L2_W64_H4,0,test:d8:t1:paligned:tree101:i80013,4,2,23,aligned,1,8,test,0.18546104431152344,1,1,10,101,64
L2_W64_H4,1,test:d8:t1:paligned:tree101:i80014,4,2,23,aligned,0,8,test,-0.14107322692871094,1,0,10,101,64
L2_W64_H4,1,test:d8:t1:paligned:tree101:i80015,4,2,23,aligned,1,8,test,-0.012090682983398438,1,0,10,101,64
L2_W64_H4,0,test:d8:t1:paligned:tree211:i80000,4,2,23,aligned,0,8,test,-0.08082771301269531,1,0,10,211,64
L2_W64_H4,0,test:d8:t1:paligned:tree211:i80001,4,2,23,aligned,1,8,test,0.2272796630859375,1,1,10,211,64
L2_W64_H4,1,test:d8:t1:paligned:tree211:i80002,4,2,23,aligned,0,8,test,-0.20511817932128906,1,0,10,211,64
L2_W64_H4,1,test:d8:t1:paligned:tree211:i80003,4,2,23,aligned,1,8,test,0.05512428283691406,1,1,10,211,64
L2_W64_H4,0,test:d8:t1:paligned:tree211:i80004,4,2,23,aligned,0,8,test,-0.16164016723632812,1,0,10,211,64
L2_W64_H4,0,test:d8:t1:paligned:tree211:i80005,4,2,23,aligned,1,8,test,0.017370223999023438,1,1,10,211,64
L2_W64_H4,1,test:d8:t1:paligned:tree211:i80006,4,2,23,aligned,0,8,test,-0.2414379119873047,1,0,10,211,64
L2_W64_H4,1,test:d8:t1:paligned:tree211:i80007,4,2,23,aligned,1,8,test,0.009492874145507812,1,1,10,211,64
L2_W64_H4,0,test:d8:t1:paligned:tree211:i80008,4,2,23,aligned,0,8,test,0.03202629089355469,1,1,10,211,64
L2_W64_H4,0,test:d8:t1:paligned:tree211:i80009,4,2,23,aligned,1,8,test,0.14879226684570312,1,1,10,211,64
L2_W64_H4,1,test:d8:t1:paligned:tree211:i80010,4,2,23,aligned,0,8,test,-0.20643043518066406,1,0,10,211,64
L2_W64_H4,1,test:d8:t1:paligned:tree211:i80011,4,2,23,aligned,1,8,test,0.05402946472167969,1,1,10,211,64
L2_W64_H4,0,test:d8:t1:paligned:tree211:i80012,4,2,23,aligned,0,8,test,0.0401458740234375,1,1,10,211,64
L2_W64_H4,0,test:d8:t1:paligned:tree211:i80013,4,2,23,aligned,1,8,test,0.09539413452148438,1,1,10,211,64
L2_W64_H4,1,test:d8:t1:paligned:tree211:i80014,4,2,23,aligned,0,8,test,-0.27477073669433594,1,0,10,211,64
L2_W64_H4,1,test:d8:t1:paligned:tree211:i80015,4,2,23,aligned,1,8,test,0.27124977111816406,1,1,10,211,64
L2_W64_H4,0,test:d8:t1:paligned:tree307:i80000,4,2,23,aligned,0,8,test,-0.06358528137207031,1,0,10,307,64
L2_W64_H4,0,test:d8:t1:paligned:tree307:i80001,4,2,23,aligned,1,8,test,0.04866218566894531,1,1,10,307,64
L2_W64_H4,1,test:d8:t1:paligned:tree307:i80002,4,2,23,aligned,0,8,test,-0.1890583038330078,1,0,10,307,64
L2_W64_H4,1,test:d8:t1:paligned:tree307:i80003,4,2,23,aligned,1,8,test,0.3215961456298828,1,1,10,307,64
L2_W64_H4,0,test:d8:t1:paligned:tree307:i80004,4,2,23,aligned,0,8,test,-0.21876144409179688,1,0,10,307,64
L2_W64_H4,0,test:d8:t1:paligned:tree307:i80005,4,2,23,aligned,1,8,test,0.06707191467285156,1,1,10,307,64
L2_W64_H4,1,test:d8:t1:paligned:tree307:i80006,4,2,23,aligned,0,8,test,-0.24993515014648438,1,0,10,307,64
L2_W64_H4,1,test:d8:t1:paligned:tree307:i80007,4,2,23,aligned,1,8,test,0.08246803283691406,1,1,10,307,64
L2_W64_H4,0,test:d8:t1:paligned:tree307:i80008,4,2,23,aligned,0,8,test,-0.19021987915039062,1,0,10,307,64
L2_W64_H4,0,test:d8:t1:paligned:tree307:i80009,4,2,23,aligned,1,8,test,0.11395263671875,1,1,10,307,64
L2_W64_H4,1,test:d8:t1:paligned:tree307:i80010,4,2,23,aligned,0,8,test,0.07556915283203125,1,1,10,307,64
L2_W64_H4,1,test:d8:t1:paligned:tree307:i80011,4,2,23,aligned,1,8,test,0.18926048278808594,1,1,10,307,64
L2_W64_H4,0,test:d8:t1:paligned:tree307:i80012,4,2,23,aligned,0,8,test,-0.2118549346923828,1,0,10,307,64
L2_W64_H4,0,test:d8:t1:paligned:tree307:i80013,4,2,23,aligned,1,8,test,0.3456916809082031,1,1,10,307,64
L2_W64_H4,1,test:d8:t1:paligned:tree307:i80014,4,2,23,aligned,0,8,test,-0.1252288818359375,1,0,10,307,64
L2_W64_H4,1,test:d8:t1:paligned:tree307:i80015,4,2,23,aligned,1,8,test,0.08753395080566406,1,1,10,307,64
L2_W64_H4,1,test:d8:t1:prandomized:tree101:i80003,4,2,23,randomized,1,8,test,0.14161300659179688,1,1,10,101,64
L2_W64_H4,1,test:d8:t1:prandomized:tree101:i80006,4,2,23,randomized,0,8,test,-0.2481861114501953,1,0,10,101,64
L2_W64_H4,0,test:d8:t1:prandomized:tree101:i80012,4,2,23,randomized,0,8,test,0.02805328369140625,1,1,10,101,64
L2_W64_H4,0,test:d8:t1:prandomized:tree307:i80005,4,2,23,randomized,1,8,test,0.06707191467285156,1,1,10,307,64
L2_W64_H4,0,test:d8:t2:paligned:tree101:i80000,4,2,23,aligned,0,8,test,-0.2609844207763672,2,0,10,101,64
L2_W64_H4,0,test:d8:t2:paligned:tree101:i80001,4,2,23,aligned,1,8,test,0.059009552001953125,2,1,10,101,64
L2_W64_H4,1,test:d8:t2:paligned:tree101:i80002,4,2,23,aligned,0,8,test,-0.00675201416015625,2,0,10,101,64
L2_W64_H4,1,test:d8:t2:paligned:tree101:i80003,4,2,23,aligned,1,8,test,0.127349853515625,2,1,10,101,64
L2_W64_H4,0,test:d8:t2:paligned:tree101:i80004,4,2,23,aligned,0,8,test,-0.18788528442382812,2,0,10,101,64
L2_W64_H4,0,test:d8:t2:paligned:tree101:i80005,4,2,23,aligned,1,8,test,0.025188446044921875,2,1,10,101,64
L2_W64_H4,1,test:d8:t2:paligned:tree101:i80006,4,2,23,aligned,0,8,test,-0.2530364990234375,2,0,10,101,64
L2_W64_H4,1,test:d8:t2:paligned:tree101:i80007,4,2,23,aligned,1,8,test,0.08090400695800781,2,1,10,101,64
L2_W64_H4,0,test:d8:t2:paligned:tree101:i80008,4,2,23,aligned,0,8,test,-0.09920310974121094,2,0,10,101,64
L2_W64_H4,0,test:d8:t2:paligned:tree101:i80009,4,2,23,aligned,1,8,test,0.11673736572265625,2,1,10,101,64
L2_W64_H4,1,test:d8:t2:paligned:tree101:i80010,4,2,23,aligned,0,8,test,-0.10547256469726562,2,0,10,101,64
L2_W64_H4,1,test:d8:t2:paligned:tree101:i80011,4,2,23,aligned,1,8,test,0.34729957580566406,2,1,10,101,64
L2_W64_H4,0,test:d8:t2:paligned:tree101:i80012,4,2,23,aligned,0,8,test,0.03719520568847656,2,1,10,101,64
L2_W64_H4,0,test:d8:t2:paligned:tree101:i80013,4,2,23,aligned,1,8,test,0.19672775268554688,2,1,10,101,64
L2_W64_H4,1,test:d8:t2:paligned:tree101:i80014,4,2,23,aligned,0,8,test,-0.12018585205078125,2,0,10,101,64
L2_W64_H4,1,test:d8:t2:paligned:tree101:i80015,4,2,23,aligned,1,8,test,-0.04594993591308594,2,0,10,101,64
L2_W64_H4,0,test:d8:t2:paligned:tree211:i80000,4,2,23,aligned,0,8,test,-0.069549560546875,2,0,10,211,64
L2_W64_H4,0,test:d8:t2:paligned:tree211:i80001,4,2,23,aligned,1,8,test,0.22560501098632812,2,1,10,211,64
L2_W64_H4,1,test:d8:t2:paligned:tree211:i80002,4,2,23,aligned,0,8,test,-0.20475196838378906,2,0,10,211,64
L2_W64_H4,1,test:d8:t2:paligned:tree211:i80003,4,2,23,aligned,1,8,test,0.035686492919921875,2,1,10,211,64
L2_W64_H4,0,test:d8:t2:paligned:tree211:i80004,4,2,23,aligned,0,8,test,-0.15782928466796875,2,0,10,211,64
L2_W64_H4,0,test:d8:t2:paligned:tree211:i80005,4,2,23,aligned,1,8,test,0.00286102294921875,2,1,10,211,64
L2_W64_H4,1,test:d8:t2:paligned:tree211:i80006,4,2,23,aligned,0,8,test,-0.25663185119628906,2,0,10,211,64
L2_W64_H4,1,test:d8:t2:paligned:tree211:i80007,4,2,23,aligned,1,8,test,0.009023666381835938,2,1,10,211,64
L2_W64_H4,0,test:d8:t2:paligned:tree211:i80008,4,2,23,aligned,0,8,test,0.047328948974609375,2,1,10,211,64
L2_W64_H4,0,test:d8:t2:paligned:tree211:i80009,4,2,23,aligned,1,8,test,0.1478748321533203,2,1,10,211,64
L2_W64_H4,1,test:d8:t2:paligned:tree211:i80010,4,2,23,aligned,0,8,test,-0.20721817016601562,2,0,10,211,64
L2_W64_H4,1,test:d8:t2:paligned:tree211:i80011,4,2,23,aligned,1,8,test,0.040924072265625,2,1,10,211,64
L2_W64_H4,0,test:d8:t2:paligned:tree211:i80012,4,2,23,aligned,0,8,test,0.05074501037597656,2,1,10,211,64
L2_W64_H4,0,test:d8:t2:paligned:tree211:i80013,4,2,23,aligned,1,8,test,0.07936668395996094,2,1,10,211,64
L2_W64_H4,1,test:d8:t2:paligned:tree211:i80014,4,2,23,aligned,0,8,test,-0.269317626953125,2,0,10,211,64
L2_W64_H4,1,test:d8:t2:paligned:tree211:i80015,4,2,23,aligned,1,8,test,0.27523040771484375,2,1,10,211,64
L2_W64_H4,0,test:d8:t2:paligned:tree307:i80000,4,2,23,aligned,0,8,test,-0.04902839660644531,2,0,10,307,64
L2_W64_H4,0,test:d8:t2:paligned:tree307:i80001,4,2,23,aligned,1,8,test,0.04221916198730469,2,1,10,307,64
L2_W64_H4,1,test:d8:t2:paligned:tree307:i80002,4,2,23,aligned,0,8,test,-0.1917572021484375,2,0,10,307,64
L2_W64_H4,1,test:d8:t2:paligned:tree307:i80003,4,2,23,aligned,1,8,test,0.3344573974609375,2,1,10,307,64
L2_W64_H4,0,test:d8:t2:paligned:tree307:i80004,4,2,23,aligned,0,8,test,-0.22135162353515625,2,0,10,307,64
L2_W64_H4,0,test:d8:t2:paligned:tree307:i80005,4,2,23,aligned,1,8,test,0.05960273742675781,2,1,10,307,64
L2_W64_H4,1,test:d8:t2:paligned:tree307:i80006,4,2,23,aligned,0,8,test,-0.25203895568847656,2,0,10,307,64
L2_W64_H4,1,test:d8:t2:paligned:tree307:i80007,4,2,23,aligned,1,8,test,0.0769500732421875,2,1,10,307,64
L2_W64_H4,0,test:d8:t2:paligned:tree307:i80008,4,2,23,aligned,0,8,test,-0.19075965881347656,2,0,10,307,64
L2_W64_H4,0,test:d8:t2:paligned:tree307:i80009,4,2,23,aligned,1,8,test,0.09740829467773438,2,1,10,307,64
L2_W64_H4,1,test:d8:t2:paligned:tree307:i80010,4,2,23,aligned,0,8,test,0.09214591979980469,2,1,10,307,64
L2_W64_H4,1,test:d8:t2:paligned:tree307:i80011,4,2,23,aligned,1,8,test,0.1888599395751953,2,1,10,307,64
L2_W64_H4,0,test:d8:t2:paligned:tree307:i80012,4,2,23,aligned,0,8,test,-0.2031116485595703,2,0,10,307,64
L2_W64_H4,0,test:d8:t2:paligned:tree307:i80013,4,2,23,aligned,1,8,test,0.36175537109375,2,1,10,307,64
L2_W64_H4,1,test:d8:t2:paligned:tree307:i80014,4,2,23,aligned,0,8,test,-0.1263866424560547,2,0,10,307,64
L2_W64_H4,1,test:d8:t2:paligned:tree307:i80015,4,2,23,aligned,1,8,test,0.07992362976074219,2,1,10,307,64
L2_W64_H4,0,test:d8:t2:prandomized:tree101:i80009,4,2,23,randomized,1,8,test,0.11673736572265625,2,1,10,101,64
L2_W64_H4,0,test:d8:t2:prandomized:tree307:i80009,4,2,23,randomized,1,8,test,0.09740829467773438,2,1,10,307,64
L2_W64_H4,0,test:d8:t3:paligned:tree101:i80000,4,2,23,aligned,0,8,test,-0.2551002502441406,3,0,10,101,64
L2_W64_H4,0,test:d8:t3:paligned:tree101:i80001,4,2,23,aligned,1,8,test,0.05022430419921875,3,1,10,101,64
L2_W64_H4,1,test:d8:t3:paligned:tree101:i80002,4,2,23,aligned,0,8,test,-0.0114593505859375,3,0,10,101,64
L2_W64_H4,1,test:d8:t3:paligned:tree101:i80003,4,2,23,aligned,1,8,test,0.12916183471679688,3,1,10,101,64
L2_W64_H4,0,test:d8:t3:paligned:tree101:i80004,4,2,23,aligned,0,8,test,-0.19333839416503906,3,0,10,101,64
L2_W64_H4,0,test:d8:t3:paligned:tree101:i80005,4,2,23,aligned,1,8,test,0.029348373413085938,3,1,10,101,64
L2_W64_H4,1,test:d8:t3:paligned:tree101:i80006,4,2,23,aligned,0,8,test,-0.24082374572753906,3,0,10,101,64
L2_W64_H4,1,test:d8:t3:paligned:tree101:i80007,4,2,23,aligned,1,8,test,0.07167816162109375,3,1,10,101,64
L2_W64_H4,0,test:d8:t3:paligned:tree101:i80008,4,2,23,aligned,0,8,test,-0.09872245788574219,3,0,10,101,64
L2_W64_H4,0,test:d8:t3:paligned:tree101:i80009,4,2,23,aligned,1,8,test,0.10994529724121094,3,1,10,101,64
L2_W64_H4,1,test:d8:t3:paligned:tree101:i80010,4,2,23,aligned,0,8,test,-0.08954048156738281,3,0,10,101,64
L2_W64_H4,1,test:d8:t3:paligned:tree101:i80011,4,2,23,aligned,1,8,test,0.34629249572753906,3,1,10,101,64
L2_W64_H4,0,test:d8:t3:paligned:tree101:i80012,4,2,23,aligned,0,8,test,0.04244232177734375,3,1,10,101,64
L2_W64_H4,0,test:d8:t3:paligned:tree101:i80013,4,2,23,aligned,1,8,test,0.17546653747558594,3,1,10,101,64
L2_W64_H4,1,test:d8:t3:paligned:tree101:i80014,4,2,23,aligned,0,8,test,-0.11953163146972656,3,0,10,101,64
L2_W64_H4,1,test:d8:t3:paligned:tree101:i80015,4,2,23,aligned,1,8,test,-0.036762237548828125,3,0,10,101,64
L2_W64_H4,0,test:d8:t3:paligned:tree211:i80000,4,2,23,aligned,0,8,test,-0.06949615478515625,3,0,10,211,64
L2_W64_H4,0,test:d8:t3:paligned:tree211:i80001,4,2,23,aligned,1,8,test,0.21701622009277344,3,1,10,211,64
L2_W64_H4,1,test:d8:t3:paligned:tree211:i80002,4,2,23,aligned,0,8,test,-0.196929931640625,3,0,10,211,64
L2_W64_H4,1,test:d8:t3:paligned:tree211:i80003,4,2,23,aligned,1,8,test,0.04076957702636719,3,1,10,211,64
L2_W64_H4,0,test:d8:t3:paligned:tree211:i80004,4,2,23,aligned,0,8,test,-0.15975189208984375,3,0,10,211,64
L2_W64_H4,0,test:d8:t3:paligned:tree211:i80005,4,2,23,aligned,1,8,test,0.0017757415771484375,3,1,10,211,64
L2_W64_H4,1,test:d8:t3:paligned:tree211:i80006,4,2,23,aligned,0,8,test,-0.23574256896972656,3,0,10,211,64
L2_W64_H4,1,test:d8:t3:paligned:tree211:i80007,4,2,23,aligned,1,8,test,-0.0043487548828125,3,0,10,211,64
L2_W64_H4,0,test:d8:t3:paligned:tree211:i80008,4,2,23,aligned,0,8,test,0.048694610595703125,3,1,10,211,64
L2_W64_H4,0,test:d8:t3:paligned:tree211:i80009,4,2,23,aligned,1,8,test,0.14371109008789062,3,1,10,211,64
L2_W64_H4,1,test:d8:t3:paligned:tree211:i80010,4,2,23,aligned,0,8,test,-0.200592041015625,3,0,10,211,64
L2_W64_H4,1,test:d8:t3:paligned:tree211:i80011,4,2,23,aligned,1,8,test,0.04065704345703125,3,1,10,211,64
L2_W64_H4,0,test:d8:t3:paligned:tree211:i80012,4,2,23,aligned,0,8,test,0.056537628173828125,3,1,10,211,64
L2_W64_H4,0,test:d8:t3:paligned:tree211:i80013,4,2,23,aligned,1,8,test,0.08460807800292969,3,1,10,211,64
L2_W64_H4,1,test:d8:t3:paligned:tree211:i80014,4,2,23,aligned,0,8,test,-0.2572803497314453,3,0,10,211,64
L2_W64_H4,1,test:d8:t3:paligned:tree211:i80015,4,2,23,aligned,1,8,test,0.2578620910644531,3,1,10,211,64
L2_W64_H4,0,test:d8:t3:paligned:tree307:i80000,4,2,23,aligned,0,8,test,-0.044803619384765625,3,0,10,307,64
L2_W64_H4,0,test:d8:t3:paligned:tree307:i80001,4,2,23,aligned,1,8,test,0.03520393371582031,3,1,10,307,64
L2_W64_H4,1,test:d8:t3:paligned:tree307:i80002,4,2,23,aligned,0,8,test,-0.17564010620117188,3,0,10,307,64
L2_W64_H4,1,test:d8:t3:paligned:tree307:i80003,4,2,23,aligned,1,8,test,0.3208885192871094,3,1,10,307,64
L2_W64_H4,0,test:d8:t3:paligned:tree307:i80004,4,2,23,aligned,0,8,test,-0.20837783813476562,3,0,10,307,64
L2_W64_H4,0,test:d8:t3:paligned:tree307:i80005,4,2,23,aligned,1,8,test,0.053096771240234375,3,1,10,307,64
L2_W64_H4,1,test:d8:t3:paligned:tree307:i80006,4,2,23,aligned,0,8,test,-0.24628639221191406,3,0,10,307,64
L2_W64_H4,1,test:d8:t3:paligned:tree307:i80007,4,2,23,aligned,1,8,test,0.07534599304199219,3,1,10,307,64
L2_W64_H4,0,test:d8:t3:paligned:tree307:i80008,4,2,23,aligned,0,8,test,-0.1791362762451172,3,0,10,307,64
L2_W64_H4,0,test:d8:t3:paligned:tree307:i80009,4,2,23,aligned,1,8,test,0.09975433349609375,3,1,10,307,64
L2_W64_H4,1,test:d8:t3:paligned:tree307:i80010,4,2,23,aligned,0,8,test,0.08842658996582031,3,1,10,307,64
L2_W64_H4,1,test:d8:t3:paligned:tree307:i80011,4,2,23,aligned,1,8,test,0.17595291137695312,3,1,10,307,64
L2_W64_H4,0,test:d8:t3:paligned:tree307:i80012,4,2,23,aligned,0,8,test,-0.17988204956054688,3,0,10,307,64
L2_W64_H4,0,test:d8:t3:paligned:tree307:i80013,4,2,23,aligned,1,8,test,0.33621788024902344,3,1,10,307,64
L2_W64_H4,1,test:d8:t3:paligned:tree307:i80014,4,2,23,aligned,0,8,test,-0.1148681640625,3,0,10,307,64
L2_W64_H4,1,test:d8:t3:paligned:tree307:i80015,4,2,23,aligned,1,8,test,0.07686614990234375,3,1,10,307,64
L2_W64_H4,0,test:d8:t3:prandomized:tree101:i80009,4,2,23,randomized,1,8,test,0.10994529724121094,3,1,10,101,64
L2_W64_H4,0,test:d8:t3:prandomized:tree307:i80009,4,2,23,randomized,1,8,test,0.09975433349609375,3,1,10,307,64
L2_W64_H4,0,validation:d8:t0:prandomized:tree101:i80013,4,2,23,randomized,1,8,validation,0.13268661499023438,0,1,10,101,64
L2_W64_H4,1,validation:d8:t0:prandomized:tree211:i80006,4,2,23,randomized,0,8,validation,-0.10692214965820312,0,0,10,211,64
L2_W64_H4,0,validation:d8:t0:prandomized:tree211:i80013,4,2,23,randomized,1,8,validation,0.15034866333007812,0,1,10,211,64
L2_W64_H4,0,validation:d8:t0:prandomized:tree307:i80004,4,2,23,randomized,0,8,validation,-0.1451587677001953,0,0,10,307,64
L2_W64_H4,1,validation:d8:t0:prandomized:tree307:i80007,4,2,23,randomized,1,8,validation,0.13994979858398438,0,1,10,307,64
L2_W64_H4,0,validation:d8:t0:prandomized:tree307:i80008,4,2,23,randomized,0,8,validation,-0.1823406219482422,0,0,10,307,64
L2_W64_H4,0,validation:d8:t1:prandomized:tree101:i80013,4,2,23,randomized,1,8,validation,0.1170806884765625,1,1,10,101,64
L2_W64_H4,1,validation:d8:t1:prandomized:tree211:i80006,4,2,23,randomized,0,8,validation,-0.10921669006347656,1,0,10,211,64
L2_W64_H4,0,validation:d8:t1:prandomized:tree211:i80013,4,2,23,randomized,1,8,validation,0.1395111083984375,1,1,10,211,64
L2_W64_H4,0,validation:d8:t1:prandomized:tree307:i80004,4,2,23,randomized,0,8,validation,-0.13260650634765625,1,0,10,307,64
L2_W64_H4,1,validation:d8:t1:prandomized:tree307:i80007,4,2,23,randomized,1,8,validation,0.1350421905517578,1,1,10,307,64
L2_W64_H4,0,validation:d8:t1:prandomized:tree307:i80008,4,2,23,randomized,0,8,validation,-0.16552734375,1,0,10,307,64
L2_W64_H4,1,validation:d8:t2:prandomized:tree101:i80011,4,2,23,randomized,1,8,validation,0.25603675842285156,2,1,10,101,64
L2_W64_H4,1,validation:d8:t2:prandomized:tree101:i80014,4,2,23,randomized,0,8,validation,-0.22625160217285156,2,0,10,101,64
L2_W64_H4,1,validation:d8:t3:prandomized:tree101:i80011,4,2,23,randomized,1,8,validation,0.2544727325439453,3,1,10,101,64
L2_W64_H4,1,validation:d8:t3:prandomized:tree101:i80014,4,2,23,randomized,0,8,validation,-0.21280479431152344,3,0,10,101,64
L2_W64_H4,0,test:d8:t0:prandomized:tree101:i80013,4,2,23,randomized,1,8,test,0.1959095001220703,0,1,10,101,64
L2_W64_H4,1,test:d8:t0:prandomized:tree211:i80006,4,2,23,randomized,0,8,test,-0.2423686981201172,0,0,10,211,64
L2_W64_H4,0,test:d8:t0:prandomized:tree211:i80013,4,2,23,randomized,1,8,test,0.1752471923828125,0,1,10,211,64
L2_W64_H4,0,test:d8:t0:prandomized:tree307:i80004,4,2,23,randomized,0,8,test,-0.2331829071044922,0,0,10,307,64
L2_W64_H4,1,test:d8:t0:prandomized:tree307:i80007,4,2,23,randomized,1,8,test,0.10385513305664062,0,1,10,307,64
L2_W64_H4,0,test:d8:t0:prandomized:tree307:i80008,4,2,23,randomized,0,8,test,-0.2117919921875,0,0,10,307,64
L2_W64_H4,0,test:d8:t1:prandomized:tree101:i80013,4,2,23,randomized,1,8,test,0.17565536499023438,1,1,10,101,64
L2_W64_H4,1,test:d8:t1:prandomized:tree211:i80006,4,2,23,randomized,0,8,test,-0.22425270080566406,1,0,10,211,64
L2_W64_H4,0,test:d8:t1:prandomized:tree211:i80013,4,2,23,randomized,1,8,test,0.16984939575195312,1,1,10,211,64
L2_W64_H4,0,test:d8:t1:prandomized:tree307:i80004,4,2,23,randomized,0,8,test,-0.2252025604248047,1,0,10,307,64
L2_W64_H4,1,test:d8:t1:prandomized:tree307:i80007,4,2,23,randomized,1,8,test,0.09617805480957031,1,1,10,307,64
L2_W64_H4,0,test:d8:t1:prandomized:tree307:i80008,4,2,23,randomized,0,8,test,-0.1947803497314453,1,0,10,307,64
L2_W64_H4,1,test:d8:t2:prandomized:tree101:i80011,4,2,23,randomized,1,8,test,0.3581352233886719,2,1,10,101,64
L2_W64_H4,1,test:d8:t2:prandomized:tree101:i80014,4,2,23,randomized,0,8,test,-0.18802642822265625,2,0,10,101,64
L2_W64_H4,1,test:d8:t3:prandomized:tree101:i80011,4,2,23,randomized,1,8,test,0.3582649230957031,3,1,10,101,64
L2_W64_H4,1,test:d8:t3:prandomized:tree101:i80014,4,2,23,randomized,0,8,test,-0.1833667755126953,3,0,10,101,64
L2_W64_H4,1,validation:d8:t0:prandomized:tree101:i80002,4,2,23,randomized,0,8,validation,-0.11103439331054688,0,0,10,101,64
L2_W64_H4,0,validation:d8:t0:prandomized:tree101:i80009,4,2,23,randomized,1,8,validation,0.24970436096191406,0,1,10,101,64
L2_W64_H4,0,validation:d8:t0:prandomized:tree211:i80001,4,2,23,randomized,1,8,validation,0.12919044494628906,0,1,10,211,64
L2_W64_H4,0,validation:d8:t0:prandomized:tree211:i80004,4,2,23,randomized,0,8,validation,-0.15758323669433594,0,0,10,211,64
L2_W64_H4,1,validation:d8:t0:prandomized:tree307:i80002,4,2,23,randomized,0,8,validation,-0.07593154907226562,0,0,10,307,64
L2_W64_H4,0,validation:d8:t0:prandomized:tree307:i80012,4,2,23,randomized,0,8,validation,-0.21372222900390625,0,0,10,307,64
L2_W64_H4,1,validation:d8:t1:prandomized:tree101:i80002,4,2,23,randomized,0,8,validation,-0.10504150390625,1,0,10,101,64
L2_W64_H4,0,validation:d8:t1:prandomized:tree101:i80009,4,2,23,randomized,1,8,validation,0.23256301879882812,1,1,10,101,64
L2_W64_H4,0,validation:d8:t1:prandomized:tree211:i80001,4,2,23,randomized,1,8,validation,0.11847305297851562,1,1,10,211,64
L2_W64_H4,0,validation:d8:t1:prandomized:tree211:i80004,4,2,23,randomized,0,8,validation,-0.1547527313232422,1,0,10,211,64
L2_W64_H4,1,validation:d8:t1:prandomized:tree307:i80002,4,2,23,randomized,0,8,validation,-0.06654167175292969,1,0,10,307,64
L2_W64_H4,0,validation:d8:t1:prandomized:tree307:i80012,4,2,23,randomized,0,8,validation,-0.2177600860595703,1,0,10,307,64
L2_W64_H4,1,validation:d8:t2:prandomized:tree101:i80007,4,2,23,randomized,1,8,validation,0.17097854614257812,2,1,10,101,64
L2_W64_H4,1,validation:d8:t2:prandomized:tree101:i80015,4,2,23,randomized,1,8,validation,0.12511253356933594,2,1,10,101,64
L2_W64_H4,0,validation:d8:t2:prandomized:tree211:i80001,4,2,23,randomized,1,8,validation,0.12833023071289062,2,1,10,211,64
L2_W64_H4,0,validation:d8:t2:prandomized:tree211:i80009,4,2,23,randomized,1,8,validation,0.1601543426513672,2,1,10,211,64
L2_W64_H4,0,validation:d8:t2:prandomized:tree307:i80001,4,2,23,randomized,1,8,validation,-0.027227401733398438,2,0,10,307,64
L2_W64_H4,1,validation:d8:t3:prandomized:tree101:i80007,4,2,23,randomized,1,8,validation,0.1653881072998047,3,1,10,101,64
L2_W64_H4,1,validation:d8:t3:prandomized:tree101:i80015,4,2,23,randomized,1,8,validation,0.11787796020507812,3,1,10,101,64
L2_W64_H4,0,validation:d8:t3:prandomized:tree211:i80001,4,2,23,randomized,1,8,validation,0.11989974975585938,3,1,10,211,64
L2_W64_H4,0,validation:d8:t3:prandomized:tree211:i80009,4,2,23,randomized,1,8,validation,0.1545276641845703,3,1,10,211,64
L2_W64_H4,0,validation:d8:t3:prandomized:tree307:i80001,4,2,23,randomized,1,8,validation,-0.031158447265625,3,0,10,307,64
L2_W64_H4,1,test:d8:t0:prandomized:tree101:i80002,4,2,23,randomized,0,8,test,-0.07399368286132812,0,0,10,101,64
L2_W64_H4,0,test:d8:t0:prandomized:tree101:i80009,4,2,23,randomized,1,8,test,0.1388416290283203,0,1,10,101,64
L2_W64_H4,0,test:d8:t0:prandomized:tree211:i80001,4,2,23,randomized,1,8,test,0.20606613159179688,0,1,10,211,64
L2_W64_H4,0,test:d8:t0:prandomized:tree211:i80004,4,2,23,randomized,0,8,test,-0.1744976043701172,0,0,10,211,64
L2_W64_H4,1,test:d8:t0:prandomized:tree307:i80002,4,2,23,randomized,0,8,test,-0.1809864044189453,0,0,10,307,64
L2_W64_H4,0,test:d8:t0:prandomized:tree307:i80012,4,2,23,randomized,0,8,test,-0.16889381408691406,0,0,10,307,64
L2_W64_H4,1,test:d8:t1:prandomized:tree101:i80002,4,2,23,randomized,0,8,test,-0.07163619995117188,1,0,10,101,64
L2_W64_H4,0,test:d8:t1:prandomized:tree101:i80009,4,2,23,randomized,1,8,test,0.12774658203125,1,1,10,101,64
L2_W64_H4,0,test:d8:t1:prandomized:tree211:i80001,4,2,23,randomized,1,8,test,0.19580650329589844,1,1,10,211,64
L2_W64_H4,0,test:d8:t1:prandomized:tree211:i80004,4,2,23,randomized,0,8,test,-0.16518211364746094,1,0,10,211,64
L2_W64_H4,1,test:d8:t1:prandomized:tree307:i80002,4,2,23,randomized,0,8,test,-0.16889190673828125,1,0,10,307,64
L2_W64_H4,0,test:d8:t1:prandomized:tree307:i80012,4,2,23,randomized,0,8,test,-0.15042495727539062,1,0,10,307,64
L2_W64_H4,1,test:d8:t2:prandomized:tree101:i80007,4,2,23,randomized,1,8,test,0.1356964111328125,2,1,10,101,64
L2_W64_H4,1,test:d8:t2:prandomized:tree101:i80015,4,2,23,randomized,1,8,test,0.030221939086914062,2,1,10,101,64
L2_W64_H4,0,test:d8:t2:prandomized:tree211:i80001,4,2,23,randomized,1,8,test,0.2063922882080078,2,1,10,211,64
L2_W64_H4,0,test:d8:t2:prandomized:tree211:i80009,4,2,23,randomized,1,8,test,0.1646595001220703,2,1,10,211,64
L2_W64_H4,0,test:d8:t2:prandomized:tree307:i80001,4,2,23,randomized,1,8,test,0.08750152587890625,2,1,10,307,64
L2_W64_H4,1,test:d8:t3:prandomized:tree101:i80007,4,2,23,randomized,1,8,test,0.1253185272216797,3,1,10,101,64
L2_W64_H4,1,test:d8:t3:prandomized:tree101:i80015,4,2,23,randomized,1,8,test,0.03506278991699219,3,1,10,101,64
L2_W64_H4,0,test:d8:t3:prandomized:tree211:i80001,4,2,23,randomized,1,8,test,0.19324302673339844,3,1,10,211,64
L2_W64_H4,0,test:d8:t3:prandomized:tree211:i80009,4,2,23,randomized,1,8,test,0.16010284423828125,3,1,10,211,64
L2_W64_H4,0,test:d8:t3:prandomized:tree307:i80001,4,2,23,randomized,1,8,test,0.07687187194824219,3,1,10,307,64
L2_W64_H4,0,validation:d8:t0:prandomized:tree101:i80000,4,2,23,randomized,0,8,validation,-0.012432098388671875,0,0,10,101,64
L2_W64_H4,0,validation:d8:t0:prandomized:tree101:i80001,4,2,23,randomized,1,8,validation,0.057437896728515625,0,1,10,101,64
L2_W64_H4,1,validation:d8:t0:prandomized:tree101:i80011,4,2,23,randomized,1,8,validation,0.22328567504882812,0,1,10,101,64
L2_W64_H4,1,validation:d8:t0:prandomized:tree101:i80015,4,2,23,randomized,1,8,validation,0.10152053833007812,0,1,10,101,64
L2_W64_H4,0,validation:d8:t0:prandomized:tree211:i80005,4,2,23,randomized,1,8,validation,0.1915111541748047,0,1,10,211,64
L2_W64_H4,0,validation:d8:t0:prandomized:tree211:i80008,4,2,23,randomized,0,8,validation,-0.019123077392578125,0,0,10,211,64
L2_W64_H4,0,validation:d8:t0:prandomized:tree307:i80000,4,2,23,randomized,0,8,validation,-0.03648948669433594,0,0,10,307,64
L2_W64_H4,0,validation:d8:t1:prandomized:tree101:i80000,4,2,23,randomized,0,8,validation,-0.009143829345703125,1,0,10,101,64
L2_W64_H4,0,validation:d8:t1:prandomized:tree101:i80001,4,2,23,randomized,1,8,validation,0.05150413513183594,1,1,10,101,64
L2_W64_H4,1,validation:d8:t1:prandomized:tree101:i80011,4,2,23,randomized,1,8,validation,0.21788787841796875,1,1,10,101,64
L2_W64_H4,1,validation:d8:t1:prandomized:tree101:i80015,4,2,23,randomized,1,8,validation,0.09630393981933594,1,1,10,101,64
L2_W64_H4,0,validation:d8:t1:prandomized:tree211:i80005,4,2,23,randomized,1,8,validation,0.1931896209716797,1,1,10,211,64
L2_W64_H4,0,validation:d8:t1:prandomized:tree211:i80008,4,2,23,randomized,0,8,validation,-0.015653610229492188,1,0,10,211,64
L2_W64_H4,0,validation:d8:t1:prandomized:tree307:i80000,4,2,23,randomized,0,8,validation,-0.0309600830078125,1,0,10,307,64
L2_W64_H4,1,validation:d8:t2:prandomized:tree101:i80002,4,2,23,randomized,0,8,validation,-0.09340095520019531,2,0,10,101,64
L2_W64_H4,0,validation:d8:t2:prandomized:tree101:i80004,4,2,23,randomized,0,8,validation,-0.08597564697265625,2,0,10,101,64
L2_W64_H4,1,validation:d8:t2:prandomized:tree101:i80010,4,2,23,randomized,0,8,validation,-0.08625221252441406,2,0,10,101,64
L2_W64_H4,0,validation:d8:t2:prandomized:tree101:i80013,4,2,23,randomized,1,8,validation,0.08695793151855469,2,1,10,101,64
L2_W64_H4,1,validation:d8:t2:prandomized:tree211:i80002,4,2,23,randomized,0,8,validation,-0.023336410522460938,2,0,10,211,64
L2_W64_H4,1,validation:d8:t2:prandomized:tree211:i80006,4,2,23,randomized,0,8,validation,-0.06587791442871094,2,0,10,211,64
L2_W64_H4,1,validation:d8:t2:prandomized:tree211:i80007,4,2,23,randomized,1,8,validation,0.15298843383789062,2,1,10,211,64
L2_W64_H4,0,validation:d8:t2:prandomized:tree211:i80012,4,2,23,randomized,0,8,validation,-0.1491374969482422,2,0,10,211,64
L2_W64_H4,0,validation:d8:t2:prandomized:tree211:i80013,4,2,23,randomized,1,8,validation,0.10756301879882812,2,1,10,211,64
L2_W64_H4,1,validation:d8:t2:prandomized:tree211:i80014,4,2,23,randomized,0,8,validation,-0.08887290954589844,2,0,10,211,64
L2_W64_H4,0,validation:d8:t2:prandomized:tree307:i80012,4,2,23,randomized,0,8,validation,-0.19901084899902344,2,0,10,307,64
L2_W64_H4,1,validation:d8:t3:prandomized:tree101:i80002,4,2,23,randomized,0,8,validation,-0.08551025390625,3,0,10,101,64
L2_W64_H4,0,validation:d8:t3:prandomized:tree101:i80004,4,2,23,randomized,0,8,validation,-0.08980941772460938,3,0,10,101,64
L2_W64_H4,1,validation:d8:t3:prandomized:tree101:i80010,4,2,23,randomized,0,8,validation,-0.08014488220214844,3,0,10,101,64
L2_W64_H4,0,validation:d8:t3:prandomized:tree101:i80013,4,2,23,randomized,1,8,validation,0.08241462707519531,3,1,10,101,64
L2_W64_H4,1,validation:d8:t3:prandomized:tree211:i80002,4,2,23,randomized,0,8,validation,-0.014059066772460938,3,0,10,211,64
L2_W64_H4,1,validation:d8:t3:prandomized:tree211:i80006,4,2,23,randomized,0,8,validation,-0.06740951538085938,3,0,10,211,64
L2_W64_H4,1,validation:d8:t3:prandomized:tree211:i80007,4,2,23,randomized,1,8,validation,0.1497669219970703,3,1,10,211,64
L2_W64_H4,0,validation:d8:t3:prandomized:tree211:i80012,4,2,23,randomized,0,8,validation,-0.14804458618164062,3,0,10,211,64
L2_W64_H4,0,validation:d8:t3:prandomized:tree211:i80013,4,2,23,randomized,1,8,validation,0.10191726684570312,3,1,10,211,64
L2_W64_H4,1,validation:d8:t3:prandomized:tree211:i80014,4,2,23,randomized,0,8,validation,-0.08090972900390625,3,0,10,211,64
L2_W64_H4,0,validation:d8:t3:prandomized:tree307:i80012,4,2,23,randomized,0,8,validation,-0.201141357421875,3,0,10,307,64
L2_W64_H4,0,test:d8:t0:prandomized:tree101:i80000,4,2,23,randomized,0,8,test,-0.229400634765625,0,0,10,101,64
L2_W64_H4,0,test:d8:t0:prandomized:tree101:i80001,4,2,23,randomized,1,8,test,0.07623863220214844,0,1,10,101,64
L2_W64_H4,1,test:d8:t0:prandomized:tree101:i80011,4,2,23,randomized,1,8,test,0.3088817596435547,0,1,10,101,64
L2_W64_H4,1,test:d8:t0:prandomized:tree101:i80015,4,2,23,randomized,1,8,test,0.010465621948242188,0,1,10,101,64
L2_W64_H4,0,test:d8:t0:prandomized:tree211:i80005,4,2,23,randomized,1,8,test,0.04940605163574219,0,1,10,211,64
L2_W64_H4,0,test:d8:t0:prandomized:tree211:i80008,4,2,23,randomized,0,8,test,-0.004024505615234375,0,0,10,211,64
L2_W64_H4,0,test:d8:t0:prandomized:tree307:i80000,4,2,23,randomized,0,8,test,-0.1021728515625,0,0,10,307,64
L2_W64_H4,0,test:d8:t1:prandomized:tree101:i80000,4,2,23,randomized,0,8,test,-0.23300552368164062,1,0,10,101,64
L2_W64_H4,0,test:d8:t1:prandomized:tree101:i80001,4,2,23,randomized,1,8,test,0.07154083251953125,1,1,10,101,64
L2_W64_H4,1,test:d8:t1:prandomized:tree101:i80011,4,2,23,randomized,1,8,test,0.3033905029296875,1,1,10,101,64
L2_W64_H4,1,test:d8:t1:prandomized:tree101:i80015,4,2,23,randomized,1,8,test,0.007936477661132812,1,1,10,101,64
L2_W64_H4,0,test:d8:t1:prandomized:tree211:i80005,4,2,23,randomized,1,8,test,0.045269012451171875,1,1,10,211,64
L2_W64_H4,0,test:d8:t1:prandomized:tree211:i80008,4,2,23,randomized,0,8,test,0.0030155181884765625,1,1,10,211,64
L2_W64_H4,0,test:d8:t1:prandomized:tree307:i80000,4,2,23,randomized,0,8,test,-0.09471321105957031,1,0,10,307,64
L2_W64_H4,1,test:d8:t2:prandomized:tree101:i80002,4,2,23,randomized,0,8,test,-0.05437278747558594,2,0,10,101,64
L2_W64_H4,0,test:d8:t2:prandomized:tree101:i80004,4,2,23,randomized,0,8,test,-0.16957664489746094,2,0,10,101,64
L2_W64_H4,1,test:d8:t2:prandomized:tree101:i80010,4,2,23,randomized,0,8,test,-0.0979156494140625,2,0,10,101,64
L2_W64_H4,0,test:d8:t2:prandomized:tree101:i80013,4,2,23,randomized,1,8,test,0.14307594299316406,2,1,10,101,64
L2_W64_H4,1,test:d8:t2:prandomized:tree211:i80002,4,2,23,randomized,0,8,test,-0.188690185546875,2,0,10,211,64
L2_W64_H4,1,test:d8:t2:prandomized:tree211:i80006,4,2,23,randomized,0,8,test,-0.19849777221679688,2,0,10,211,64
L2_W64_H4,1,test:d8:t2:prandomized:tree211:i80007,4,2,23,randomized,1,8,test,0.0073070526123046875,2,1,10,211,64
L2_W64_H4,0,test:d8:t2:prandomized:tree211:i80012,4,2,23,randomized,0,8,test,-0.03889274597167969,2,0,10,211,64
L2_W64_H4,0,test:d8:t2:prandomized:tree211:i80013,4,2,23,randomized,1,8,test,0.1256084442138672,2,1,10,211,64
L2_W64_H4,1,test:d8:t2:prandomized:tree211:i80014,4,2,23,randomized,0,8,test,-0.2442150115966797,2,0,10,211,64
L2_W64_H4,0,test:d8:t2:prandomized:tree307:i80012,4,2,23,randomized,0,8,test,-0.13873863220214844,2,0,10,307,64
L2_W64_H4,1,test:d8:t3:prandomized:tree101:i80002,4,2,23,randomized,0,8,test,-0.051876068115234375,3,0,10,101,64
L2_W64_H4,0,test:d8:t3:prandomized:tree101:i80004,4,2,23,randomized,0,8,test,-0.17030715942382812,3,0,10,101,64
L2_W64_H4,1,test:d8:t3:prandomized:tree101:i80010,4,2,23,randomized,0,8,test,-0.091064453125,3,0,10,101,64
L2_W64_H4,0,test:d8:t3:prandomized:tree101:i80013,4,2,23,randomized,1,8,test,0.13720703125,3,1,10,101,64
L2_W64_H4,1,test:d8:t3:prandomized:tree211:i80002,4,2,23,randomized,0,8,test,-0.18660926818847656,3,0,10,211,64
L2_W64_H4,1,test:d8:t3:prandomized:tree211:i80006,4,2,23,randomized,0,8,test,-0.19147109985351562,3,0,10,211,64
L2_W64_H4,1,test:d8:t3:prandomized:tree211:i80007,4,2,23,randomized,1,8,test,-0.0010051727294921875,3,0,10,211,64
L2_W64_H4,0,test:d8:t3:prandomized:tree211:i80012,4,2,23,randomized,0,8,test,-0.03174781799316406,3,0,10,211,64
L2_W64_H4,0,test:d8:t3:prandomized:tree211:i80013,4,2,23,randomized,1,8,test,0.12221145629882812,3,1,10,211,64
L2_W64_H4,1,test:d8:t3:prandomized:tree211:i80014,4,2,23,randomized,0,8,test,-0.2373332977294922,3,0,10,211,64
L2_W64_H4,0,test:d8:t3:prandomized:tree307:i80012,4,2,23,randomized,0,8,test,-0.1307830810546875,3,0,10,307,64
L2_W64_H4,1,validation:d8:t0:prandomized:tree101:i80014,4,2,23,randomized,0,8,validation,-0.17079925537109375,0,0,10,101,64
L2_W64_H4,0,validation:d8:t0:prandomized:tree211:i80000,4,2,23,randomized,0,8,validation,-0.10261726379394531,0,0,10,211,64
L2_W64_H4,1,validation:d8:t0:prandomized:tree211:i80002,4,2,23,randomized,0,8,validation,-0.010831832885742188,0,0,10,211,64
L2_W64_H4,1,validation:d8:t0:prandomized:tree211:i80003,4,2,23,randomized,1,8,validation,0.08775138854980469,0,1,10,211,64
L2_W64_H4,1,validation:d8:t1:prandomized:tree101:i80014,4,2,23,randomized,0,8,validation,-0.16778945922851562,1,0,10,101,64
L2_W64_H4,0,validation:d8:t1:prandomized:tree211:i80000,4,2,23,randomized,0,8,validation,-0.0995941162109375,1,0,10,211,64
L2_W64_H4,1,validation:d8:t1:prandomized:tree211:i80002,4,2,23,randomized,0,8,validation,-7.62939453125e-06,1,0,10,211,64
L2_W64_H4,1,validation:d8:t1:prandomized:tree211:i80003,4,2,23,randomized,1,8,validation,0.08434295654296875,1,1,10,211,64
L2_W64_H4,0,validation:d8:t2:prandomized:tree101:i80001,4,2,23,randomized,1,8,validation,0.04313468933105469,2,1,10,101,64
L2_W64_H4,1,validation:d8:t2:prandomized:tree101:i80003,4,2,23,randomized,1,8,validation,0.1568622589111328,2,1,10,101,64
L2_W64_H4,0,validation:d8:t2:prandomized:tree307:i80013,4,2,23,randomized,1,8,validation,0.07868385314941406,2,1,10,307,64
L2_W64_H4,0,validation:d8:t3:prandomized:tree101:i80001,4,2,23,randomized,1,8,validation,0.039031982421875,3,1,10,101,64
L2_W64_H4,1,validation:d8:t3:prandomized:tree101:i80003,4,2,23,randomized,1,8,validation,0.15753936767578125,3,1,10,101,64
L2_W64_H4,0,validation:d8:t3:prandomized:tree307:i80013,4,2,23,randomized,1,8,validation,0.07376670837402344,3,1,10,307,64
L2_W64_H4,1,test:d8:t0:prandomized:tree101:i80014,4,2,23,randomized,0,8,test,-0.13387298583984375,0,0,10,101,64
L2_W64_H4,0,test:d8:t0:prandomized:tree211:i80000,4,2,23,randomized,0,8,test,-0.06784629821777344,0,0,10,211,64
L2_W64_H4,1,test:d8:t0:prandomized:tree211:i80002,4,2,23,randomized,0,8,test,-0.17638206481933594,0,0,10,211,64
L2_W64_H4,1,test:d8:t0:prandomized:tree211:i80003,4,2,23,randomized,1,8,test,0.05783843994140625,0,1,10,211,64
L2_W64_H4,1,test:d8:t1:prandomized:tree101:i80014,4,2,23,randomized,0,8,test,-0.12924766540527344,1,0,10,101,64
L2_W64_H4,0,test:d8:t1:prandomized:tree211:i80000,4,2,23,randomized,0,8,test,-0.06464195251464844,1,0,10,211,64
L2_W64_H4,1,test:d8:t1:prandomized:tree211:i80002,4,2,23,randomized,0,8,test,-0.1733856201171875,1,0,10,211,64
L2_W64_H4,1,test:d8:t1:prandomized:tree211:i80003,4,2,23,randomized,1,8,test,0.0565948486328125,1,1,10,211,64
L2_W64_H4,0,test:d8:t2:prandomized:tree101:i80001,4,2,23,randomized,1,8,test,0.061336517333984375,2,1,10,101,64
L2_W64_H4,1,test:d8:t2:prandomized:tree101:i80003,4,2,23,randomized,1,8,test,0.11587333679199219,2,1,10,101,64
L2_W64_H4,0,test:d8:t2:prandomized:tree307:i80013,4,2,23,randomized,1,8,test,0.25791358947753906,2,1,10,307,64
L2_W64_H4,0,test:d8:t3:prandomized:tree101:i80001,4,2,23,randomized,1,8,test,0.05885505676269531,3,1,10,101,64
L2_W64_H4,1,test:d8:t3:prandomized:tree101:i80003,4,2,23,randomized,1,8,test,0.11423110961914062,3,1,10,101,64
L2_W64_H4,0,test:d8:t3:prandomized:tree307:i80013,4,2,23,randomized,1,8,test,0.2588233947753906,3,1,10,307,64
L2_W64_H4,0,validation:d8:t0:prandomized:tree101:i80004,4,2,23,randomized,0,8,validation,-0.11030387878417969,0,0,10,101,64
L2_W64_H4,0,validation:d8:t0:prandomized:tree101:i80005,4,2,23,randomized,1,8,validation,0.054103851318359375,0,1,10,101,64
L2_W64_H4,1,validation:d8:t0:prandomized:tree101:i80010,4,2,23,randomized,0,8,validation,-0.07664871215820312,0,0,10,101,64
L2_W64_H4,1,validation:d8:t0:prandomized:tree211:i80007,4,2,23,randomized,1,8,validation,0.14798545837402344,0,1,10,211,64
L2_W64_H4,0,validation:d8:t0:prandomized:tree211:i80012,4,2,23,randomized,0,8,validation,-0.1530303955078125,0,0,10,211,64
L2_W64_H4,0,validation:d8:t0:prandomized:tree307:i80009,4,2,23,randomized,1,8,validation,0.15448951721191406,0,1,10,307,64
L2_W64_H4,0,validation:d8:t0:prandomized:tree307:i80013,4,2,23,randomized,1,8,validation,0.08136558532714844,0,1,10,307,64
L2_W64_H4,0,validation:d8:t1:prandomized:tree101:i80004,4,2,23,randomized,0,8,validation,-0.10724067687988281,1,0,10,101,64
L2_W64_H4,0,validation:d8:t1:prandomized:tree101:i80005,4,2,23,randomized,1,8,validation,0.0455322265625,1,1,10,101,64
L2_W64_H4,1,validation:d8:t1:prandomized:tree101:i80010,4,2,23,randomized,0,8,validation,-0.06720733642578125,1,0,10,101,64
L2_W64_H4,1,validation:d8:t1:prandomized:tree211:i80007,4,2,23,randomized,1,8,validation,0.13727188110351562,1,1,10,211,64
L2_W64_H4,0,validation:d8:t1:prandomized:tree211:i80012,4,2,23,randomized,0,8,validation,-0.14593887329101562,1,0,10,211,64
L2_W64_H4,0,validation:d8:t1:prandomized:tree307:i80009,4,2,23,randomized,1,8,validation,0.1475811004638672,1,1,10,307,64
L2_W64_H4,0,validation:d8:t1:prandomized:tree307:i80013,4,2,23,randomized,1,8,validation,0.071197509765625,1,1,10,307,64
L2_W64_H4,0,validation:d8:t2:prandomized:tree101:i80000,4,2,23,randomized,0,8,validation,-0.003353118896484375,2,0,10,101,64
L2_W64_H4,1,validation:d8:t2:prandomized:tree101:i80006,4,2,23,randomized,0,8,validation,-0.004116058349609375,2,0,10,101,64
L2_W64_H4,0,validation:d8:t2:prandomized:tree101:i80012,4,2,23,randomized,0,8,validation,-0.0952606201171875,2,0,10,101,64
L2_W64_H4,0,validation:d8:t2:prandomized:tree211:i80000,4,2,23,randomized,0,8,validation,-0.10763168334960938,2,0,10,211,64
L2_W64_H4,0,validation:d8:t2:prandomized:tree211:i80004,4,2,23,randomized,0,8,validation,-0.1304302215576172,2,0,10,211,64
L2_W64_H4,0,validation:d8:t2:prandomized:tree211:i80005,4,2,23,randomized,1,8,validation,0.1817188262939453,2,1,10,211,64
L2_W64_H4,1,validation:d8:t2:prandomized:tree211:i80011,4,2,23,randomized,1,8,validation,0.1344738006591797,2,1,10,211,64
L2_W64_H4,1,validation:d8:t2:prandomized:tree307:i80006,4,2,23,randomized,0,8,validation,-0.19392967224121094,2,0,10,307,64
L2_W64_H4,1,validation:d8:t2:prandomized:tree307:i80007,4,2,23,randomized,1,8,validation,0.08754348754882812,2,1,10,307,64
L2_W64_H4,1,validation:d8:t2:prandomized:tree307:i80010,4,2,23,randomized,0,8,validation,-0.15624237060546875,2,0,10,307,64
L2_W64_H4,0,validation:d8:t3:prandomized:tree101:i80000,4,2,23,randomized,0,8,validation,0.00270843505859375,3,1,10,101,64
L2_W64_H4,1,validation:d8:t3:prandomized:tree101:i80006,4,2,23,randomized,0,8,validation,0.0011844635009765625,3,1,10,101,64
L2_W64_H4,0,validation:d8:t3:prandomized:tree101:i80012,4,2,23,randomized,0,8,validation,-0.08555984497070312,3,0,10,101,64
L2_W64_H4,0,validation:d8:t3:prandomized:tree211:i80000,4,2,23,randomized,0,8,validation,-0.09991645812988281,3,0,10,211,64
L2_W64_H4,0,validation:d8:t3:prandomized:tree211:i80004,4,2,23,randomized,0,8,validation,-0.12129783630371094,3,0,10,211,64
L2_W64_H4,0,validation:d8:t3:prandomized:tree211:i80005,4,2,23,randomized,1,8,validation,0.17831993103027344,3,1,10,211,64
L2_W64_H4,1,validation:d8:t3:prandomized:tree211:i80011,4,2,23,randomized,1,8,validation,0.12806129455566406,3,1,10,211,64
L2_W64_H4,1,validation:d8:t3:prandomized:tree307:i80006,4,2,23,randomized,0,8,validation,-0.18711471557617188,3,0,10,307,64
L2_W64_H4,1,validation:d8:t3:prandomized:tree307:i80007,4,2,23,randomized,1,8,validation,0.08018684387207031,3,1,10,307,64
L2_W64_H4,1,validation:d8:t3:prandomized:tree307:i80010,4,2,23,randomized,0,8,validation,-0.14913177490234375,3,0,10,307,64
L2_W64_H4,0,test:d8:t0:prandomized:tree101:i80004,4,2,23,randomized,0,8,test,-0.1595020294189453,0,0,10,101,64
L2_W64_H4,0,test:d8:t0:prandomized:tree101:i80005,4,2,23,randomized,1,8,test,0.05413818359375,0,1,10,101,64
L2_W64_H4,1,test:d8:t0:prandomized:tree101:i80010,4,2,23,randomized,0,8,test,-0.08792495727539062,0,0,10,101,64
L2_W64_H4,1,test:d8:t0:prandomized:tree211:i80007,4,2,23,randomized,1,8,test,-0.0030078887939453125,0,0,10,211,64
L2_W64_H4,0,test:d8:t0:prandomized:tree211:i80012,4,2,23,randomized,0,8,test,-0.021245956420898438,0,0,10,211,64
L2_W64_H4,0,test:d8:t0:prandomized:tree307:i80009,4,2,23,randomized,1,8,test,0.1135101318359375,0,1,10,307,64
L2_W64_H4,0,test:d8:t0:prandomized:tree307:i80013,4,2,23,randomized,1,8,test,0.2725791931152344,0,1,10,307,64
L2_W64_H4,0,test:d8:t1:prandomized:tree101:i80004,4,2,23,randomized,0,8,test,-0.1565380096435547,1,0,10,101,64
L2_W64_H4,0,test:d8:t1:prandomized:tree101:i80005,4,2,23,randomized,1,8,test,0.047454833984375,1,1,10,101,64
L2_W64_H4,1,test:d8:t1:prandomized:tree101:i80010,4,2,23,randomized,0,8,test,-0.0778350830078125,1,0,10,101,64
L2_W64_H4,1,test:d8:t1:prandomized:tree211:i80007,4,2,23,randomized,1,8,test,-0.012022018432617188,1,0,10,211,64
L2_W64_H4,0,test:d8:t1:prandomized:tree211:i80012,4,2,23,randomized,0,8,test,-0.011938095092773438,1,0,10,211,64
L2_W64_H4,0,test:d8:t1:prandomized:tree307:i80009,4,2,23,randomized,1,8,test,0.10763931274414062,1,1,10,307,64
L2_W64_H4,0,test:d8:t1:prandomized:tree307:i80013,4,2,23,randomized,1,8,test,0.2619342803955078,1,1,10,307,64
L2_W64_H4,0,test:d8:t2:prandomized:tree101:i80000,4,2,23,randomized,0,8,test,-0.22748947143554688,2,0,10,101,64
L2_W64_H4,1,test:d8:t2:prandomized:tree101:i80006,4,2,23,randomized,0,8,test,-0.1576061248779297,2,0,10,101,64
L2_W64_H4,0,test:d8:t2:prandomized:tree101:i80012,4,2,23,randomized,0,8,test,-0.06280517578125,2,0,10,101,64
L2_W64_H4,0,test:d8:t2:prandomized:tree211:i80000,4,2,23,randomized,0,8,test,-0.07101821899414062,2,0,10,211,64
L2_W64_H4,0,test:d8:t2:prandomized:tree211:i80004,4,2,23,randomized,0,8,test,-0.13543701171875,2,0,10,211,64
L2_W64_H4,0,test:d8:t2:prandomized:tree211:i80005,4,2,23,randomized,1,8,test,0.04048919677734375,2,1,10,211,64
L2_W64_H4,1,test:d8:t2:prandomized:tree211:i80011,4,2,23,randomized,1,8,test,0.058940887451171875,2,1,10,211,64
L2_W64_H4,1,test:d8:t2:prandomized:tree307:i80006,4,2,23,randomized,0,8,test,-0.21329689025878906,2,0,10,307,64
L2_W64_H4,1,test:d8:t2:prandomized:tree307:i80007,4,2,23,randomized,1,8,test,0.03615570068359375,2,1,10,307,64
L2_W64_H4,1,test:d8:t2:prandomized:tree307:i80010,4,2,23,randomized,0,8,test,-0.017744064331054688,2,0,10,307,64
L2_W64_H4,0,test:d8:t3:prandomized:tree101:i80000,4,2,23,randomized,0,8,test,-0.2234630584716797,3,0,10,101,64
L2_W64_H4,1,test:d8:t3:prandomized:tree101:i80006,4,2,23,randomized,0,8,test,-0.14348411560058594,3,0,10,101,64
L2_W64_H4,0,test:d8:t3:prandomized:tree101:i80012,4,2,23,randomized,0,8,test,-0.05412101745605469,3,0,10,101,64
L2_W64_H4,0,test:d8:t3:prandomized:tree211:i80000,4,2,23,randomized,0,8,test,-0.06911659240722656,3,0,10,211,64
L2_W64_H4,0,test:d8:t3:prandomized:tree211:i80004,4,2,23,randomized,0,8,test,-0.1268787384033203,3,0,10,211,64
L2_W64_H4,0,test:d8:t3:prandomized:tree211:i80005,4,2,23,randomized,1,8,test,0.038059234619140625,3,1,10,211,64
L2_W64_H4,1,test:d8:t3:prandomized:tree211:i80011,4,2,23,randomized,1,8,test,0.06022071838378906,3,1,10,211,64
L2_W64_H4,1,test:d8:t3:prandomized:tree307:i80006,4,2,23,randomized,0,8,test,-0.19835281372070312,3,0,10,307,64
L2_W64_H4,1,test:d8:t3:prandomized:tree307:i80007,4,2,23,randomized,1,8,test,0.028415679931640625,3,1,10,307,64
L2_W64_H4,1,test:d8:t3:prandomized:tree307:i80010,4,2,23,randomized,0,8,test,-0.011373519897460938,3,0,10,307,64
L2_W64_H4,1,validation:d8:t0:prandomized:tree211:i80010,4,2,23,randomized,0,8,validation,-0.023607254028320312,0,0,10,211,64
L2_W64_H4,1,validation:d8:t0:prandomized:tree211:i80015,4,2,23,randomized,1,8,validation,0.29791831970214844,0,1,10,211,64
L2_W64_H4,1,validation:d8:t0:prandomized:tree307:i80006,4,2,23,randomized,0,8,validation,-0.21279144287109375,0,0,10,307,64
L2_W64_H4,1,validation:d8:t0:prandomized:tree307:i80014,4,2,23,randomized,0,8,validation,-0.12705612182617188,0,0,10,307,64
L2_W64_H4,1,validation:d8:t1:prandomized:tree211:i80010,4,2,23,randomized,0,8,validation,-0.009433746337890625,1,0,10,211,64
L2_W64_H4,1,validation:d8:t1:prandomized:tree211:i80015,4,2,23,randomized,1,8,validation,0.27396392822265625,1,1,10,211,64
L2_W64_H4,1,validation:d8:t1:prandomized:tree307:i80006,4,2,23,randomized,0,8,validation,-0.1923084259033203,1,0,10,307,64
L2_W64_H4,1,validation:d8:t1:prandomized:tree307:i80014,4,2,23,randomized,0,8,validation,-0.11010551452636719,1,0,10,307,64
L2_W64_H4,0,validation:d8:t2:prandomized:tree211:i80008,4,2,23,randomized,0,8,validation,-0.03293037414550781,2,0,10,211,64
L2_W64_H4,1,validation:d8:t2:prandomized:tree211:i80010,4,2,23,randomized,0,8,validation,-0.0273590087890625,2,0,10,211,64
L2_W64_H4,0,validation:d8:t2:prandomized:tree307:i80000,4,2,23,randomized,0,8,validation,-0.04363822937011719,2,0,10,307,64
L2_W64_H4,1,validation:d8:t2:prandomized:tree307:i80002,4,2,23,randomized,0,8,validation,-0.06702232360839844,2,0,10,307,64
L2_W64_H4,0,validation:d8:t2:prandomized:tree307:i80004,4,2,23,randomized,0,8,validation,-0.10660743713378906,2,0,10,307,64
L2_W64_H4,0,validation:d8:t2:prandomized:tree307:i80008,4,2,23,randomized,0,8,validation,-0.1422405242919922,2,0,10,307,64
L2_W64_H4,0,validation:d8:t3:prandomized:tree211:i80008,4,2,23,randomized,0,8,validation,-0.01735687255859375,3,0,10,211,64
L2_W64_H4,1,validation:d8:t3:prandomized:tree211:i80010,4,2,23,randomized,0,8,validation,-0.011991500854492188,3,0,10,211,64
L2_W64_H4,0,validation:d8:t3:prandomized:tree307:i80000,4,2,23,randomized,0,8,validation,-0.02561187744140625,3,0,10,307,64
L2_W64_H4,1,validation:d8:t3:prandomized:tree307:i80002,4,2,23,randomized,0,8,validation,-0.05168914794921875,3,0,10,307,64
L2_W64_H4,0,validation:d8:t3:prandomized:tree307:i80004,4,2,23,randomized,0,8,validation,-0.09337615966796875,3,0,10,307,64
L2_W64_H4,0,validation:d8:t3:prandomized:tree307:i80008,4,2,23,randomized,0,8,validation,-0.11944770812988281,3,0,10,307,64
L2_W64_H4,1,test:d8:t0:prandomized:tree211:i80010,4,2,23,randomized,0,8,test,-0.21215438842773438,0,0,10,211,64
L2_W64_H4,1,test:d8:t0:prandomized:tree211:i80015,4,2,23,randomized,1,8,test,0.2205486297607422,0,1,10,211,64
L2_W64_H4,1,test:d8:t0:prandomized:tree307:i80006,4,2,23,randomized,0,8,test,-0.2324390411376953,0,0,10,307,64
L2_W64_H4,1,test:d8:t0:prandomized:tree307:i80014,4,2,23,randomized,0,8,test,-0.11542701721191406,0,0,10,307,64
L2_W64_H4,1,test:d8:t1:prandomized:tree211:i80010,4,2,23,randomized,0,8,test,-0.19366073608398438,1,0,10,211,64
L2_W64_H4,1,test:d8:t1:prandomized:tree211:i80015,4,2,23,randomized,1,8,test,0.1956806182861328,1,1,10,211,64
L2_W64_H4,1,test:d8:t1:prandomized:tree307:i80006,4,2,23,randomized,0,8,test,-0.21007728576660156,1,0,10,307,64
L2_W64_H4,1,test:d8:t1:prandomized:tree307:i80014,4,2,23,randomized,0,8,test,-0.09663772583007812,1,0,10,307,64
L2_W64_H4,0,test:d8:t2:prandomized:tree211:i80008,4,2,23,randomized,0,8,test,-0.008148193359375,2,0,10,211,64
L2_W64_H4,1,test:d8:t2:prandomized:tree211:i80010,4,2,23,randomized,0,8,test,-0.21217918395996094,2,0,10,211,64
L2_W64_H4,0,test:d8:t2:prandomized:tree307:i80000,4,2,23,randomized,0,8,test,-0.11199569702148438,2,0,10,307,64
L2_W64_H4,1,test:d8:t2:prandomized:tree307:i80002,4,2,23,randomized,0,8,test,-0.15899276733398438,2,0,10,307,64
L2_W64_H4,0,test:d8:t2:prandomized:tree307:i80004,4,2,23,randomized,0,8,test,-0.17572593688964844,2,0,10,307,64
L2_W64_H4,0,test:d8:t2:prandomized:tree307:i80008,4,2,23,randomized,0,8,test,-0.1663036346435547,2,0,10,307,64
L2_W64_H4,0,test:d8:t3:prandomized:tree211:i80008,4,2,23,randomized,0,8,test,0.00665283203125,3,1,10,211,64
L2_W64_H4,1,test:d8:t3:prandomized:tree211:i80010,4,2,23,randomized,0,8,test,-0.1934490203857422,3,0,10,211,64
L2_W64_H4,0,test:d8:t3:prandomized:tree307:i80000,4,2,23,randomized,0,8,test,-0.09789085388183594,3,0,10,307,64
L2_W64_H4,1,test:d8:t3:prandomized:tree307:i80002,4,2,23,randomized,0,8,test,-0.1385478973388672,3,0,10,307,64
L2_W64_H4,0,test:d8:t3:prandomized:tree307:i80004,4,2,23,randomized,0,8,test,-0.1559295654296875,3,0,10,307,64
L2_W64_H4,0,test:d8:t3:prandomized:tree307:i80008,4,2,23,randomized,0,8,test,-0.1446552276611328,3,0,10,307,64
L2_W64_H4,0,validation:d8:t0:prandomized:tree211:i80009,4,2,23,randomized,1,8,validation,0.17466354370117188,0,1,10,211,64
L2_W64_H4,0,validation:d8:t0:prandomized:tree307:i80001,4,2,23,randomized,1,8,validation,-0.0001392364501953125,0,0,10,307,64
L2_W64_H4,1,validation:d8:t0:prandomized:tree307:i80003,4,2,23,randomized,1,8,validation,0.06972503662109375,0,1,10,307,64
L2_W64_H4,1,validation:d8:t0:prandomized:tree307:i80011,4,2,23,randomized,1,8,validation,0.16308212280273438,0,1,10,307,64
L2_W64_H4,0,validation:d8:t1:prandomized:tree211:i80009,4,2,23,randomized,1,8,validation,0.14566802978515625,1,1,10,211,64
L2_W64_H4,0,validation:d8:t1:prandomized:tree307:i80001,4,2,23,randomized,1,8,validation,-0.017486572265625,1,0,10,307,64
L2_W64_H4,1,validation:d8:t1:prandomized:tree307:i80003,4,2,23,randomized,1,8,validation,0.04056549072265625,1,1,10,307,64
L2_W64_H4,1,validation:d8:t1:prandomized:tree307:i80011,4,2,23,randomized,1,8,validation,0.1217498779296875,1,1,10,307,64
L2_W64_H4,0,validation:d8:t2:prandomized:tree101:i80008,4,2,23,randomized,0,8,validation,-0.03806114196777344,2,0,10,101,64
L2_W64_H4,1,validation:d8:t2:prandomized:tree211:i80015,4,2,23,randomized,1,8,validation,0.3122520446777344,2,1,10,211,64
L2_W64_H4,1,validation:d8:t2:prandomized:tree307:i80003,4,2,23,randomized,1,8,validation,0.06975555419921875,2,1,10,307,64
L2_W64_H4,0,validation:d8:t3:prandomized:tree101:i80008,4,2,23,randomized,0,8,validation,-0.03220558166503906,3,0,10,101,64
L2_W64_H4,1,validation:d8:t3:prandomized:tree211:i80015,4,2,23,randomized,1,8,validation,0.29644203186035156,3,1,10,211,64
L2_W64_H4,1,validation:d8:t3:prandomized:tree307:i80003,4,2,23,randomized,1,8,validation,0.03924560546875,3,1,10,307,64
L2_W64_H4,0,test:d8:t0:prandomized:tree211:i80009,4,2,23,randomized,1,8,test,0.17927932739257812,0,1,10,211,64
L2_W64_H4,0,test:d8:t0:prandomized:tree307:i80001,4,2,23,randomized,1,8,test,0.09073066711425781,0,1,10,307,64
L2_W64_H4,1,test:d8:t0:prandomized:tree307:i80003,4,2,23,randomized,1,8,test,0.26144981384277344,0,1,10,307,64
L2_W64_H4,1,test:d8:t0:prandomized:tree307:i80011,4,2,23,randomized,1,8,test,0.189849853515625,0,1,10,307,64
L2_W64_H4,0,test:d8:t1:prandomized:tree211:i80009,4,2,23,randomized,1,8,test,0.141448974609375,1,1,10,211,64
L2_W64_H4,0,test:d8:t1:prandomized:tree307:i80001,4,2,23,randomized,1,8,test,0.059162139892578125,1,1,10,307,64
L2_W64_H4,1,test:d8:t1:prandomized:tree307:i80003,4,2,23,randomized,1,8,test,0.2293872833251953,1,1,10,307,64
L2_W64_H4,1,test:d8:t1:prandomized:tree307:i80011,4,2,23,randomized,1,8,test,0.1529388427734375,1,1,10,307,64
L2_W64_H4,0,test:d8:t2:prandomized:tree101:i80008,4,2,23,randomized,0,8,test,-0.16046142578125,2,0,10,101,64
L2_W64_H4,1,test:d8:t2:prandomized:tree211:i80015,4,2,23,randomized,1,8,test,0.24302291870117188,2,1,10,211,64
L2_W64_H4,1,test:d8:t2:prandomized:tree307:i80003,4,2,23,randomized,1,8,test,0.2614307403564453,2,1,10,307,64
L2_W64_H4,0,test:d8:t3:prandomized:tree101:i80008,4,2,23,randomized,0,8,test,-0.1356487274169922,3,0,10,101,64
L2_W64_H4,1,test:d8:t3:prandomized:tree211:i80015,4,2,23,randomized,1,8,test,0.2016620635986328,3,1,10,211,64
L2_W64_H4,1,test:d8:t3:prandomized:tree307:i80003,4,2,23,randomized,1,8,test,0.2310791015625,3,1,10,307,64
L2_W64_H4,1,validation:d8:t0:prandomized:tree101:i80007,4,2,23,randomized,1,8,validation,0.191986083984375,0,1,10,101,64
L2_W64_H4,0,validation:d8:t0:prandomized:tree101:i80008,4,2,23,randomized,0,8,validation,-0.04492759704589844,0,0,10,101,64
L2_W64_H4,1,validation:d8:t0:prandomized:tree211:i80011,4,2,23,randomized,1,8,validation,0.1912384033203125,0,1,10,211,64
L2_W64_H4,1,validation:d8:t0:prandomized:tree211:i80014,4,2,23,randomized,0,8,validation,-0.13627052307128906,0,0,10,211,64
L2_W64_H4,1,validation:d8:t0:prandomized:tree307:i80010,4,2,23,randomized,0,8,validation,-0.20783424377441406,0,0,10,307,64
L2_W64_H4,1,validation:d8:t0:prandomized:tree307:i80015,4,2,23,randomized,1,8,validation,0.19683456420898438,0,1,10,307,64
L2_W64_H4,1,validation:d8:t1:prandomized:tree101:i80007,4,2,23,randomized,1,8,validation,0.16601181030273438,1,1,10,101,64
L2_W64_H4,0,validation:d8:t1:prandomized:tree101:i80008,4,2,23,randomized,0,8,validation,-0.043666839599609375,1,0,10,101,64
L2_W64_H4,1,validation:d8:t1:prandomized:tree211:i80011,4,2,23,randomized,1,8,validation,0.18107032775878906,1,1,10,211,64
L2_W64_H4,1,validation:d8:t1:prandomized:tree211:i80014,4,2,23,randomized,0,8,validation,-0.09394645690917969,1,0,10,211,64
L2_W64_H4,1,validation:d8:t1:prandomized:tree307:i80010,4,2,23,randomized,0,8,validation,-0.18874549865722656,1,0,10,307,64
L2_W64_H4,1,validation:d8:t1:prandomized:tree307:i80015,4,2,23,randomized,1,8,validation,0.16725730895996094,1,1,10,307,64
L2_W64_H4,0,validation:d8:t2:prandomized:tree101:i80005,4,2,23,randomized,1,8,validation,0.10863685607910156,2,1,10,101,64
L2_W64_H4,1,validation:d8:t2:prandomized:tree211:i80003,4,2,23,randomized,1,8,validation,0.14665985107421875,2,1,10,211,64
L2_W64_H4,0,validation:d8:t2:prandomized:tree307:i80005,4,2,23,randomized,1,8,validation,0.1382732391357422,2,1,10,307,64
L2_W64_H4,1,validation:d8:t2:prandomized:tree307:i80011,4,2,23,randomized,1,8,validation,0.1779460906982422,2,1,10,307,64
L2_W64_H4,1,validation:d8:t2:prandomized:tree307:i80014,4,2,23,randomized,0,8,validation,-0.1628570556640625,2,0,10,307,64
L2_W64_H4,1,validation:d8:t2:prandomized:tree307:i80015,4,2,23,randomized,1,8,validation,0.1979217529296875,2,1,10,307,64
L2_W64_H4,0,validation:d8:t3:prandomized:tree101:i80005,4,2,23,randomized,1,8,validation,0.07081222534179688,3,1,10,101,64
L2_W64_H4,1,validation:d8:t3:prandomized:tree211:i80003,4,2,23,randomized,1,8,validation,0.09910011291503906,3,1,10,211,64
L2_W64_H4,0,validation:d8:t3:prandomized:tree307:i80005,4,2,23,randomized,1,8,validation,0.09390449523925781,3,1,10,307,64
L2_W64_H4,1,validation:d8:t3:prandomized:tree307:i80011,4,2,23,randomized,1,8,validation,0.12537574768066406,3,1,10,307,64
L2_W64_H4,1,validation:d8:t3:prandomized:tree307:i80014,4,2,23,randomized,0,8,validation,-0.1284656524658203,3,0,10,307,64
L2_W64_H4,1,validation:d8:t3:prandomized:tree307:i80015,4,2,23,randomized,1,8,validation,0.1672649383544922,3,1,10,307,64
L2_W64_H4,1,test:d8:t0:prandomized:tree101:i80007,4,2,23,randomized,1,8,test,0.1647663116455078,0,1,10,101,64
L2_W64_H4,0,test:d8:t0:prandomized:tree101:i80008,4,2,23,randomized,0,8,test,-0.17749786376953125,0,0,10,101,64
L2_W64_H4,1,test:d8:t0:prandomized:tree211:i80011,4,2,23,randomized,1,8,test,0.10242462158203125,0,1,10,211,64
L2_W64_H4,1,test:d8:t0:prandomized:tree211:i80014,4,2,23,randomized,0,8,test,-0.27909088134765625,0,0,10,211,64
L2_W64_H4,1,test:d8:t0:prandomized:tree307:i80010,4,2,23,randomized,0,8,test,-0.06461143493652344,0,0,10,307,64
L2_W64_H4,1,test:d8:t0:prandomized:tree307:i80015,4,2,23,randomized,1,8,test,0.16572189331054688,0,1,10,307,64
L2_W64_H4,1,test:d8:t1:prandomized:tree101:i80007,4,2,23,randomized,1,8,test,0.12592506408691406,1,1,10,101,64
L2_W64_H4,0,test:d8:t1:prandomized:tree101:i80008,4,2,23,randomized,0,8,test,-0.1459026336669922,1,0,10,101,64
L2_W64_H4,1,test:d8:t1:prandomized:tree211:i80011,4,2,23,randomized,1,8,test,0.09834480285644531,1,1,10,211,64
L2_W64_H4,1,test:d8:t1:prandomized:tree211:i80014,4,2,23,randomized,0,8,test,-0.24356842041015625,1,0,10,211,64
L2_W64_H4,1,test:d8:t1:prandomized:tree307:i80010,4,2,23,randomized,0,8,test,-0.048755645751953125,1,0,10,307,64
L2_W64_H4,1,test:d8:t1:prandomized:tree307:i80015,4,2,23,randomized,1,8,test,0.1269702911376953,1,1,10,307,64
L2_W64_H4,0,test:d8:t2:prandomized:tree101:i80005,4,2,23,randomized,1,8,test,0.11957168579101562,2,1,10,101,64
L2_W64_H4,1,test:d8:t2:prandomized:tree211:i80003,4,2,23,randomized,1,8,test,0.10829734802246094,2,1,10,211,64
L2_W64_H4,0,test:d8:t2:prandomized:tree307:i80005,4,2,23,randomized,1,8,test,0.13816452026367188,2,1,10,307,64
L2_W64_H4,1,test:d8:t2:prandomized:tree307:i80011,4,2,23,randomized,1,8,test,0.20763206481933594,2,1,10,307,64
L2_W64_H4,1,test:d8:t2:prandomized:tree307:i80014,4,2,23,randomized,0,8,test,-0.15195083618164062,2,0,10,307,64
L2_W64_H4,1,test:d8:t2:prandomized:tree307:i80015,4,2,23,randomized,1,8,test,0.1657428741455078,2,1,10,307,64
L2_W64_H4,0,test:d8:t3:prandomized:tree101:i80005,4,2,23,randomized,1,8,test,0.09512710571289062,3,1,10,101,64
L2_W64_H4,1,test:d8:t3:prandomized:tree211:i80003,4,2,23,randomized,1,8,test,0.09664154052734375,3,1,10,211,64
L2_W64_H4,0,test:d8:t3:prandomized:tree307:i80005,4,2,23,randomized,1,8,test,0.10225296020507812,3,1,10,307,64
L2_W64_H4,1,test:d8:t3:prandomized:tree307:i80011,4,2,23,randomized,1,8,test,0.16118621826171875,3,1,10,307,64
L2_W64_H4,1,test:d8:t3:prandomized:tree307:i80014,4,2,23,randomized,0,8,test,-0.11239814758300781,3,0,10,307,64
L2_W64_H4,1,test:d8:t3:prandomized:tree307:i80015,4,2,23,randomized,1,8,test,0.12659645080566406,3,1,10,307,64
L2_W64_H4,0,validation:d12:t0:paligned:tree101:i120000,4,2,23,aligned,0,12,validation,0.10148811340332031,0,1,14,101,64
L2_W64_H4,0,validation:d12:t0:paligned:tree101:i120001,4,2,23,aligned,1,12,validation,0.24031639099121094,0,1,14,101,64
L2_W64_H4,1,validation:d12:t0:paligned:tree101:i120002,4,2,23,aligned,0,12,validation,-0.07468032836914062,0,0,14,101,64
L2_W64_H4,1,validation:d12:t0:paligned:tree101:i120003,4,2,23,aligned,1,12,validation,-0.0571136474609375,0,0,14,101,64
L2_W64_H4,0,validation:d12:t0:paligned:tree101:i120004,4,2,23,aligned,0,12,validation,0.103302001953125,0,1,14,101,64
L2_W64_H4,0,validation:d12:t0:paligned:tree101:i120005,4,2,23,aligned,1,12,validation,-0.07208633422851562,0,0,14,101,64
L2_W64_H4,1,validation:d12:t0:paligned:tree101:i120006,4,2,23,aligned,0,12,validation,-0.2581901550292969,0,0,14,101,64
L2_W64_H4,1,validation:d12:t0:paligned:tree101:i120007,4,2,23,aligned,1,12,validation,0.07046318054199219,0,1,14,101,64
L2_W64_H4,0,validation:d12:t0:paligned:tree101:i120008,4,2,23,aligned,0,12,validation,0.04131317138671875,0,1,14,101,64
L2_W64_H4,0,validation:d12:t0:paligned:tree101:i120009,4,2,23,aligned,1,12,validation,-0.02269744873046875,0,0,14,101,64
L2_W64_H4,1,validation:d12:t0:paligned:tree101:i120010,4,2,23,aligned,0,12,validation,-0.023153305053710938,0,0,14,101,64
L2_W64_H4,1,validation:d12:t0:paligned:tree101:i120011,4,2,23,aligned,1,12,validation,0.256072998046875,0,1,14,101,64
L2_W64_H4,0,validation:d12:t0:paligned:tree101:i120012,4,2,23,aligned,0,12,validation,-0.008495330810546875,0,0,14,101,64
L2_W64_H4,0,validation:d12:t0:paligned:tree101:i120013,4,2,23,aligned,1,12,validation,0.0244903564453125,0,1,14,101,64
L2_W64_H4,1,validation:d12:t0:paligned:tree101:i120014,4,2,23,aligned,0,12,validation,-0.2792491912841797,0,0,14,101,64
L2_W64_H4,1,validation:d12:t0:paligned:tree101:i120015,4,2,23,aligned,1,12,validation,0.244842529296875,0,1,14,101,64
L2_W64_H4,0,validation:d12:t0:paligned:tree211:i120000,4,2,23,aligned,0,12,validation,-0.058624267578125,0,0,14,211,64
L2_W64_H4,0,validation:d12:t0:paligned:tree211:i120001,4,2,23,aligned,1,12,validation,0.11669158935546875,0,1,14,211,64
L2_W64_H4,1,validation:d12:t0:paligned:tree211:i120002,4,2,23,aligned,0,12,validation,-0.0283050537109375,0,0,14,211,64
L2_W64_H4,1,validation:d12:t0:paligned:tree211:i120003,4,2,23,aligned,1,12,validation,0.015512466430664062,0,1,14,211,64
L2_W64_H4,0,validation:d12:t0:paligned:tree211:i120004,4,2,23,aligned,0,12,validation,-0.27516746520996094,0,0,14,211,64
L2_W64_H4,0,validation:d12:t0:paligned:tree211:i120005,4,2,23,aligned,1,12,validation,-0.020399093627929688,0,0,14,211,64
L2_W64_H4,1,validation:d12:t0:paligned:tree211:i120006,4,2,23,aligned,0,12,validation,-0.032928466796875,0,0,14,211,64
L2_W64_H4,1,validation:d12:t0:paligned:tree211:i120007,4,2,23,aligned,1,12,validation,0.025844573974609375,0,1,14,211,64
L2_W64_H4,0,validation:d12:t0:paligned:tree211:i120008,4,2,23,aligned,0,12,validation,-0.11570358276367188,0,0,14,211,64
L2_W64_H4,0,validation:d12:t0:paligned:tree211:i120009,4,2,23,aligned,1,12,validation,0.2839374542236328,0,1,14,211,64
L2_W64_H4,1,validation:d12:t0:paligned:tree211:i120010,4,2,23,aligned,0,12,validation,-0.04422760009765625,0,0,14,211,64
L2_W64_H4,1,validation:d12:t0:paligned:tree211:i120011,4,2,23,aligned,1,12,validation,-0.017248153686523438,0,0,14,211,64
L2_W64_H4,0,validation:d12:t0:paligned:tree211:i120012,4,2,23,aligned,0,12,validation,-0.1261730194091797,0,0,14,211,64
L2_W64_H4,0,validation:d12:t0:paligned:tree211:i120013,4,2,23,aligned,1,12,validation,-0.15834426879882812,0,0,14,211,64
L2_W64_H4,1,validation:d12:t0:paligned:tree211:i120014,4,2,23,aligned,0,12,validation,-0.2339324951171875,0,0,14,211,64
L2_W64_H4,1,validation:d12:t0:paligned:tree211:i120015,4,2,23,aligned,1,12,validation,0.12323188781738281,0,1,14,211,64
L2_W64_H4,0,validation:d12:t0:paligned:tree307:i120000,4,2,23,aligned,0,12,validation,-0.1287670135498047,0,0,14,307,64
L2_W64_H4,0,validation:d12:t0:paligned:tree307:i120001,4,2,23,aligned,1,12,validation,-0.12836456298828125,0,0,14,307,64
L2_W64_H4,1,validation:d12:t0:paligned:tree307:i120002,4,2,23,aligned,0,12,validation,0.14997291564941406,0,1,14,307,64
L2_W64_H4,1,validation:d12:t0:paligned:tree307:i120003,4,2,23,aligned,1,12,validation,0.12103843688964844,0,1,14,307,64
L2_W64_H4,0,validation:d12:t0:paligned:tree307:i120004,4,2,23,aligned,0,12,validation,-0.040218353271484375,0,0,14,307,64
L2_W64_H4,0,validation:d12:t0:paligned:tree307:i120005,4,2,23,aligned,1,12,validation,-0.1378326416015625,0,0,14,307,64
L2_W64_H4,1,validation:d12:t0:paligned:tree307:i120006,4,2,23,aligned,0,12,validation,-0.13914108276367188,0,0,14,307,64
L2_W64_H4,1,validation:d12:t0:paligned:tree307:i120007,4,2,23,aligned,1,12,validation,-0.04520606994628906,0,0,14,307,64
L2_W64_H4,0,validation:d12:t0:paligned:tree307:i120008,4,2,23,aligned,0,12,validation,-0.09959793090820312,0,0,14,307,64
L2_W64_H4,0,validation:d12:t0:paligned:tree307:i120009,4,2,23,aligned,1,12,validation,-0.05644989013671875,0,0,14,307,64
L2_W64_H4,1,validation:d12:t0:paligned:tree307:i120010,4,2,23,aligned,0,12,validation,0.07794380187988281,0,1,14,307,64
L2_W64_H4,1,validation:d12:t0:paligned:tree307:i120011,4,2,23,aligned,1,12,validation,-0.05222320556640625,0,0,14,307,64
L2_W64_H4,0,validation:d12:t0:paligned:tree307:i120012,4,2,23,aligned,0,12,validation,-0.12337112426757812,0,0,14,307,64
L2_W64_H4,0,validation:d12:t0:paligned:tree307:i120013,4,2,23,aligned,1,12,validation,-0.00749969482421875,0,0,14,307,64
L2_W64_H4,1,validation:d12:t0:paligned:tree307:i120014,4,2,23,aligned,0,12,validation,-0.3283252716064453,0,0,14,307,64
L2_W64_H4,1,validation:d12:t0:paligned:tree307:i120015,4,2,23,aligned,1,12,validation,-0.12123489379882812,0,0,14,307,64
L2_W64_H4,1,validation:d12:t0:prandomized:tree101:i120006,4,2,23,randomized,0,12,validation,-0.2581901550292969,0,0,14,101,64
L2_W64_H4,0,validation:d12:t0:prandomized:tree211:i120000,4,2,23,randomized,0,12,validation,-0.058624267578125,0,0,14,211,64
L2_W64_H4,0,validation:d12:t0:prandomized:tree211:i120008,4,2,23,randomized,0,12,validation,-0.11570358276367188,0,0,14,211,64
L2_W64_H4,0,validation:d12:t0:prandomized:tree307:i120001,4,2,23,randomized,1,12,validation,-0.12836456298828125,0,0,14,307,64
L2_W64_H4,0,validation:d12:t1:paligned:tree101:i120000,4,2,23,aligned,0,12,validation,0.0505828857421875,1,1,14,101,64
L2_W64_H4,0,validation:d12:t1:paligned:tree101:i120001,4,2,23,aligned,1,12,validation,0.24048233032226562,1,1,14,101,64
L2_W64_H4,1,validation:d12:t1:paligned:tree101:i120002,4,2,23,aligned,0,12,validation,-0.08431434631347656,1,0,14,101,64
L2_W64_H4,1,validation:d12:t1:paligned:tree101:i120003,4,2,23,aligned,1,12,validation,-0.0265045166015625,1,0,14,101,64
L2_W64_H4,0,validation:d12:t1:paligned:tree101:i120004,4,2,23,aligned,0,12,validation,0.04583168029785156,1,1,14,101,64
L2_W64_H4,0,validation:d12:t1:paligned:tree101:i120005,4,2,23,aligned,1,12,validation,-0.024913787841796875,1,0,14,101,64
L2_W64_H4,1,validation:d12:t1:paligned:tree101:i120006,4,2,23,aligned,0,12,validation,-0.2661399841308594,1,0,14,101,64
L2_W64_H4,1,validation:d12:t1:paligned:tree101:i120007,4,2,23,aligned,1,12,validation,0.08387184143066406,1,1,14,101,64
L2_W64_H4,0,validation:d12:t1:paligned:tree101:i120008,4,2,23,aligned,0,12,validation,0.02706146240234375,1,1,14,101,64
L2_W64_H4,0,validation:d12:t1:paligned:tree101:i120009,4,2,23,aligned,1,12,validation,0.012411117553710938,1,1,14,101,64
L2_W64_H4,1,validation:d12:t1:paligned:tree101:i120010,4,2,23,aligned,0,12,validation,-0.04592704772949219,1,0,14,101,64
L2_W64_H4,1,validation:d12:t1:paligned:tree101:i120011,4,2,23,aligned,1,12,validation,0.26633644104003906,1,1,14,101,64
L2_W64_H4,0,validation:d12:t1:paligned:tree101:i120012,4,2,23,aligned,0,12,validation,-0.03911781311035156,1,0,14,101,64
L2_W64_H4,0,validation:d12:t1:paligned:tree101:i120013,4,2,23,aligned,1,12,validation,0.058746337890625,1,1,14,101,64
L2_W64_H4,1,validation:d12:t1:paligned:tree101:i120014,4,2,23,aligned,0,12,validation,-0.28226661682128906,1,0,14,101,64
L2_W64_H4,1,validation:d12:t1:paligned:tree101:i120015,4,2,23,aligned,1,12,validation,0.2477550506591797,1,1,14,101,64
L2_W64_H4,0,validation:d12:t1:paligned:tree211:i120000,4,2,23,aligned,0,12,validation,-0.0886077880859375,1,0,14,211,64
L2_W64_H4,0,validation:d12:t1:paligned:tree211:i120001,4,2,23,aligned,1,12,validation,0.12425041198730469,1,1,14,211,64
L2_W64_H4,1,validation:d12:t1:paligned:tree211:i120002,4,2,23,aligned,0,12,validation,-0.07152557373046875,1,0,14,211,64
L2_W64_H4,1,validation:d12:t1:paligned:tree211:i120003,4,2,23,aligned,1,12,validation,0.043365478515625,1,1,14,211,64
L2_W64_H4,0,validation:d12:t1:paligned:tree211:i120004,4,2,23,aligned,0,12,validation,-0.27953529357910156,1,0,14,211,64
L2_W64_H4,0,validation:d12:t1:paligned:tree211:i120005,4,2,23,aligned,1,12,validation,0.016885757446289062,1,1,14,211,64
L2_W64_H4,1,validation:d12:t1:paligned:tree211:i120006,4,2,23,aligned,0,12,validation,-0.053409576416015625,1,0,14,211,64
L2_W64_H4,1,validation:d12:t1:paligned:tree211:i120007,4,2,23,aligned,1,12,validation,0.05907440185546875,1,1,14,211,64
L2_W64_H4,0,validation:d12:t1:paligned:tree211:i120008,4,2,23,aligned,0,12,validation,-0.13948631286621094,1,0,14,211,64
L2_W64_H4,0,validation:d12:t1:paligned:tree211:i120009,4,2,23,aligned,1,12,validation,0.29786109924316406,1,1,14,211,64
L2_W64_H4,1,validation:d12:t1:paligned:tree211:i120010,4,2,23,aligned,0,12,validation,-0.079071044921875,1,0,14,211,64
L2_W64_H4,1,validation:d12:t1:paligned:tree211:i120011,4,2,23,aligned,1,12,validation,0.0086669921875,1,1,14,211,64
L2_W64_H4,0,validation:d12:t1:paligned:tree211:i120012,4,2,23,aligned,0,12,validation,-0.14324378967285156,1,0,14,211,64
L2_W64_H4,0,validation:d12:t1:paligned:tree211:i120013,4,2,23,aligned,1,12,validation,-0.11147499084472656,1,0,14,211,64
L2_W64_H4,1,validation:d12:t1:paligned:tree211:i120014,4,2,23,aligned,0,12,validation,-0.23749542236328125,1,0,14,211,64
L2_W64_H4,1,validation:d12:t1:paligned:tree211:i120015,4,2,23,aligned,1,12,validation,0.1507701873779297,1,1,14,211,64
L2_W64_H4,0,validation:d12:t1:paligned:tree307:i120000,4,2,23,aligned,0,12,validation,-0.15793228149414062,1,0,14,307,64
L2_W64_H4,0,validation:d12:t1:paligned:tree307:i120001,4,2,23,aligned,1,12,validation,-0.09191322326660156,1,0,14,307,64
L2_W64_H4,1,validation:d12:t1:paligned:tree307:i120002,4,2,23,aligned,0,12,validation,0.10562705993652344,1,1,14,307,64
L2_W64_H4,1,validation:d12:t1:paligned:tree307:i120003,4,2,23,aligned,1,12,validation,0.1514415740966797,1,1,14,307,64
L2_W64_H4,0,validation:d12:t1:paligned:tree307:i120004,4,2,23,aligned,0,12,validation,-0.05929374694824219,1,0,14,307,64
L2_W64_H4,0,validation:d12:t1:paligned:tree307:i120005,4,2,23,aligned,1,12,validation,-0.0956268310546875,1,0,14,307,64
L2_W64_H4,1,validation:d12:t1:paligned:tree307:i120006,4,2,23,aligned,0,12,validation,-0.1540985107421875,1,0,14,307,64
L2_W64_H4,1,validation:d12:t1:paligned:tree307:i120007,4,2,23,aligned,1,12,validation,-0.01111602783203125,1,0,14,307,64
L2_W64_H4,0,validation:d12:t1:paligned:tree307:i120008,4,2,23,aligned,0,12,validation,-0.11450576782226562,1,0,14,307,64
L2_W64_H4,0,validation:d12:t1:paligned:tree307:i120009,4,2,23,aligned,1,12,validation,-0.01688385009765625,1,0,14,307,64
L2_W64_H4,1,validation:d12:t1:paligned:tree307:i120010,4,2,23,aligned,0,12,validation,0.027914047241210938,1,1,14,307,64
L2_W64_H4,1,validation:d12:t1:paligned:tree307:i120011,4,2,23,aligned,1,12,validation,-0.040271759033203125,1,0,14,307,64
L2_W64_H4,0,validation:d12:t1:paligned:tree307:i120012,4,2,23,aligned,0,12,validation,-0.16060256958007812,1,0,14,307,64
L2_W64_H4,0,validation:d12:t1:paligned:tree307:i120013,4,2,23,aligned,1,12,validation,0.026147842407226562,1,1,14,307,64
L2_W64_H4,1,validation:d12:t1:paligned:tree307:i120014,4,2,23,aligned,0,12,validation,-0.3200874328613281,1,0,14,307,64
L2_W64_H4,1,validation:d12:t1:paligned:tree307:i120015,4,2,23,aligned,1,12,validation,-0.07320976257324219,1,0,14,307,64
L2_W64_H4,1,validation:d12:t1:prandomized:tree101:i120006,4,2,23,randomized,0,12,validation,-0.2661399841308594,1,0,14,101,64
L2_W64_H4,0,validation:d12:t1:prandomized:tree211:i120000,4,2,23,randomized,0,12,validation,-0.0886077880859375,1,0,14,211,64
L2_W64_H4,0,validation:d12:t1:prandomized:tree211:i120008,4,2,23,randomized,0,12,validation,-0.13948631286621094,1,0,14,211,64
L2_W64_H4,0,validation:d12:t1:prandomized:tree307:i120001,4,2,23,randomized,1,12,validation,-0.09191513061523438,1,0,14,307,64
L2_W64_H4,0,validation:d12:t2:paligned:tree101:i120000,4,2,23,aligned,0,12,validation,0.09704780578613281,2,1,14,101,64
L2_W64_H4,0,validation:d12:t2:paligned:tree101:i120001,4,2,23,aligned,1,12,validation,0.23468780517578125,2,1,14,101,64
L2_W64_H4,1,validation:d12:t2:paligned:tree101:i120002,4,2,23,aligned,0,12,validation,-0.07404899597167969,2,0,14,101,64
L2_W64_H4,1,validation:d12:t2:paligned:tree101:i120003,4,2,23,aligned,1,12,validation,-0.05923652648925781,2,0,14,101,64
L2_W64_H4,0,validation:d12:t2:paligned:tree101:i120004,4,2,23,aligned,0,12,validation,0.09426116943359375,2,1,14,101,64
L2_W64_H4,0,validation:d12:t2:paligned:tree101:i120005,4,2,23,aligned,1,12,validation,-0.06064605712890625,2,0,14,101,64
L2_W64_H4,1,validation:d12:t2:paligned:tree101:i120006,4,2,23,aligned,0,12,validation,-0.2559185028076172,2,0,14,101,64
L2_W64_H4,1,validation:d12:t2:paligned:tree101:i120007,4,2,23,aligned,1,12,validation,0.06613922119140625,2,1,14,101,64
L2_W64_H4,0,validation:d12:t2:paligned:tree101:i120008,4,2,23,aligned,0,12,validation,0.043392181396484375,2,1,14,101,64
L2_W64_H4,0,validation:d12:t2:paligned:tree101:i120009,4,2,23,aligned,1,12,validation,-0.027025222778320312,2,0,14,101,64
L2_W64_H4,1,validation:d12:t2:paligned:tree101:i120010,4,2,23,aligned,0,12,validation,-0.025716781616210938,2,0,14,101,64
L2_W64_H4,1,validation:d12:t2:paligned:tree101:i120011,4,2,23,aligned,1,12,validation,0.25874900817871094,2,1,14,101,64
L2_W64_H4,0,validation:d12:t2:paligned:tree101:i120012,4,2,23,aligned,0,12,validation,-0.00925445556640625,2,0,14,101,64
L2_W64_H4,0,validation:d12:t2:paligned:tree101:i120013,4,2,23,aligned,1,12,validation,0.0218658447265625,2,1,14,101,64
L2_W64_H4,1,validation:d12:t2:paligned:tree101:i120014,4,2,23,aligned,0,12,validation,-0.28466796875,2,0,14,101,64
L2_W64_H4,1,validation:d12:t2:paligned:tree101:i120015,4,2,23,aligned,1,12,validation,0.25147247314453125,2,1,14,101,64
L2_W64_H4,0,validation:d12:t2:paligned:tree211:i120000,4,2,23,aligned,0,12,validation,-0.05825614929199219,2,0,14,211,64
L2_W64_H4,0,validation:d12:t2:paligned:tree211:i120001,4,2,23,aligned,1,12,validation,0.11365318298339844,2,1,14,211,64
L2_W64_H4,1,validation:d12:t2:paligned:tree211:i120002,4,2,23,aligned,0,12,validation,-0.03676033020019531,2,0,14,211,64
L2_W64_H4,1,validation:d12:t2:paligned:tree211:i120003,4,2,23,aligned,1,12,validation,0.016965866088867188,2,1,14,211,64
L2_W64_H4,0,validation:d12:t2:paligned:tree211:i120004,4,2,23,aligned,0,12,validation,-0.26540374755859375,2,0,14,211,64
L2_W64_H4,0,validation:d12:t2:paligned:tree211:i120005,4,2,23,aligned,1,12,validation,-0.023189544677734375,2,0,14,211,64
L2_W64_H4,1,validation:d12:t2:paligned:tree211:i120006,4,2,23,aligned,0,12,validation,-0.03334617614746094,2,0,14,211,64
L2_W64_H4,1,validation:d12:t2:paligned:tree211:i120007,4,2,23,aligned,1,12,validation,0.0252838134765625,2,1,14,211,64
L2_W64_H4,0,validation:d12:t2:paligned:tree211:i120008,4,2,23,aligned,0,12,validation,-0.11801719665527344,2,0,14,211,64
L2_W64_H4,0,validation:d12:t2:paligned:tree211:i120009,4,2,23,aligned,1,12,validation,0.28353118896484375,2,1,14,211,64
L2_W64_H4,1,validation:d12:t2:paligned:tree211:i120010,4,2,23,aligned,0,12,validation,-0.04364204406738281,2,0,14,211,64
L2_W64_H4,1,validation:d12:t2:paligned:tree211:i120011,4,2,23,aligned,1,12,validation,-0.016698837280273438,2,0,14,211,64
L2_W64_H4,0,validation:d12:t2:paligned:tree211:i120012,4,2,23,aligned,0,12,validation,-0.13133621215820312,2,0,14,211,64
L2_W64_H4,0,validation:d12:t2:paligned:tree211:i120013,4,2,23,aligned,1,12,validation,-0.17444419860839844,2,0,14,211,64
L2_W64_H4,1,validation:d12:t2:paligned:tree211:i120014,4,2,23,aligned,0,12,validation,-0.2321929931640625,2,0,14,211,64
L2_W64_H4,1,validation:d12:t2:paligned:tree211:i120015,4,2,23,aligned,1,12,validation,0.12177848815917969,2,1,14,211,64
L2_W64_H4,0,validation:d12:t2:paligned:tree307:i120000,4,2,23,aligned,0,12,validation,-0.12883377075195312,2,0,14,307,64
L2_W64_H4,0,validation:d12:t2:paligned:tree307:i120001,4,2,23,aligned,1,12,validation,-0.13427734375,2,0,14,307,64
L2_W64_H4,1,validation:d12:t2:paligned:tree307:i120002,4,2,23,aligned,0,12,validation,0.16017723083496094,2,1,14,307,64
L2_W64_H4,1,validation:d12:t2:paligned:tree307:i120003,4,2,23,aligned,1,12,validation,0.12240219116210938,2,1,14,307,64
L2_W64_H4,0,validation:d12:t2:paligned:tree307:i120004,4,2,23,aligned,0,12,validation,-0.04460334777832031,2,0,14,307,64
L2_W64_H4,0,validation:d12:t2:paligned:tree307:i120005,4,2,23,aligned,1,12,validation,-0.1391582489013672,2,0,14,307,64
L2_W64_H4,1,validation:d12:t2:paligned:tree307:i120006,4,2,23,aligned,0,12,validation,-0.13953208923339844,2,0,14,307,64
L2_W64_H4,1,validation:d12:t2:paligned:tree307:i120007,4,2,23,aligned,1,12,validation,-0.0447998046875,2,0,14,307,64
L2_W64_H4,0,validation:d12:t2:paligned:tree307:i120008,4,2,23,aligned,0,12,validation,-0.09383392333984375,2,0,14,307,64
L2_W64_H4,0,validation:d12:t2:paligned:tree307:i120009,4,2,23,aligned,1,12,validation,-0.05707359313964844,2,0,14,307,64
L2_W64_H4,1,validation:d12:t2:paligned:tree307:i120010,4,2,23,aligned,0,12,validation,0.07772254943847656,2,1,14,307,64
L2_W64_H4,1,validation:d12:t2:paligned:tree307:i120011,4,2,23,aligned,1,12,validation,-0.04837608337402344,2,0,14,307,64
L2_W64_H4,0,validation:d12:t2:paligned:tree307:i120012,4,2,23,aligned,0,12,validation,-0.1316204071044922,2,0,14,307,64
L2_W64_H4,0,validation:d12:t2:paligned:tree307:i120013,4,2,23,aligned,1,12,validation,-0.0070781707763671875,2,0,14,307,64
L2_W64_H4,1,validation:d12:t2:paligned:tree307:i120014,4,2,23,aligned,0,12,validation,-0.3273658752441406,2,0,14,307,64
L2_W64_H4,1,validation:d12:t2:paligned:tree307:i120015,4,2,23,aligned,1,12,validation,-0.11616325378417969,2,0,14,307,64
L2_W64_H4,0,validation:d12:t2:prandomized:tree101:i120004,4,2,23,randomized,0,12,validation,0.09426116943359375,2,1,14,101,64
L2_W64_H4,0,validation:d12:t2:prandomized:tree101:i120005,4,2,23,randomized,1,12,validation,-0.06064605712890625,2,0,14,101,64
L2_W64_H4,1,validation:d12:t2:prandomized:tree101:i120007,4,2,23,randomized,1,12,validation,0.06613922119140625,2,1,14,101,64
L2_W64_H4,0,validation:d12:t2:prandomized:tree211:i120000,4,2,23,randomized,0,12,validation,-0.05825614929199219,2,0,14,211,64
L2_W64_H4,0,validation:d12:t2:prandomized:tree307:i120012,4,2,23,randomized,0,12,validation,-0.1316242218017578,2,0,14,307,64
L2_W64_H4,0,validation:d12:t3:paligned:tree101:i120000,4,2,23,aligned,0,12,validation,0.06306076049804688,3,1,14,101,64
L2_W64_H4,0,validation:d12:t3:paligned:tree101:i120001,4,2,23,aligned,1,12,validation,0.23648643493652344,3,1,14,101,64
L2_W64_H4,1,validation:d12:t3:paligned:tree101:i120002,4,2,23,aligned,0,12,validation,-0.07554244995117188,3,0,14,101,64
L2_W64_H4,1,validation:d12:t3:paligned:tree101:i120003,4,2,23,aligned,1,12,validation,-0.03856086730957031,3,0,14,101,64
L2_W64_H4,0,validation:d12:t3:paligned:tree101:i120004,4,2,23,aligned,0,12,validation,0.058971405029296875,3,1,14,101,64
L2_W64_H4,0,validation:d12:t3:paligned:tree101:i120005,4,2,23,aligned,1,12,validation,-0.03877830505371094,3,0,14,101,64
L2_W64_H4,1,validation:d12:t3:paligned:tree101:i120006,4,2,23,aligned,0,12,validation,-0.2585296630859375,3,0,14,101,64
L2_W64_H4,1,validation:d12:t3:paligned:tree101:i120007,4,2,23,aligned,1,12,validation,0.07005882263183594,3,1,14,101,64
L2_W64_H4,0,validation:d12:t3:paligned:tree101:i120008,4,2,23,aligned,0,12,validation,0.04175376892089844,3,1,14,101,64
L2_W64_H4,0,validation:d12:t3:paligned:tree101:i120009,4,2,23,aligned,1,12,validation,0.00194549560546875,3,1,14,101,64
L2_W64_H4,1,validation:d12:t3:paligned:tree101:i120010,4,2,23,aligned,0,12,validation,-0.03399848937988281,3,0,14,101,64
L2_W64_H4,1,validation:d12:t3:paligned:tree101:i120011,4,2,23,aligned,1,12,validation,0.26029396057128906,3,1,14,101,64
L2_W64_H4,0,validation:d12:t3:paligned:tree101:i120012,4,2,23,aligned,0,12,validation,-0.024911880493164062,3,0,14,101,64
L2_W64_H4,0,validation:d12:t3:paligned:tree101:i120013,4,2,23,aligned,1,12,validation,0.045459747314453125,3,1,14,101,64
L2_W64_H4,1,validation:d12:t3:paligned:tree101:i120014,4,2,23,aligned,0,12,validation,-0.2817115783691406,3,0,14,101,64
L2_W64_H4,1,validation:d12:t3:paligned:tree101:i120015,4,2,23,aligned,1,12,validation,0.24422454833984375,3,1,14,101,64
L2_W64_H4,0,validation:d12:t3:paligned:tree211:i120000,4,2,23,aligned,0,12,validation,-0.073974609375,3,0,14,211,64
L2_W64_H4,0,validation:d12:t3:paligned:tree211:i120001,4,2,23,aligned,1,12,validation,0.11143302917480469,3,1,14,211,64
L2_W64_H4,1,validation:d12:t3:paligned:tree211:i120002,4,2,23,aligned,0,12,validation,-0.06372451782226562,3,0,14,211,64
L2_W64_H4,1,validation:d12:t3:paligned:tree211:i120003,4,2,23,aligned,1,12,validation,0.0319366455078125,3,1,14,211,64
L2_W64_H4,0,validation:d12:t3:paligned:tree211:i120004,4,2,23,aligned,0,12,validation,-0.27260398864746094,3,0,14,211,64
L2_W64_H4,0,validation:d12:t3:paligned:tree211:i120005,4,2,23,aligned,1,12,validation,0.00475311279296875,3,1,14,211,64
L2_W64_H4,1,validation:d12:t3:paligned:tree211:i120006,4,2,23,aligned,0,12,validation,-0.0445098876953125,3,0,14,211,64
L2_W64_H4,1,validation:d12:t3:paligned:tree211:i120007,4,2,23,aligned,1,12,validation,0.047939300537109375,3,1,14,211,64
L2_W64_H4,0,validation:d12:t3:paligned:tree211:i120008,4,2,23,aligned,0,12,validation,-0.13348770141601562,3,0,14,211,64
L2_W64_H4,0,validation:d12:t3:paligned:tree211:i120009,4,2,23,aligned,1,12,validation,0.2828025817871094,3,1,14,211,64
L2_W64_H4,1,validation:d12:t3:paligned:tree211:i120010,4,2,23,aligned,0,12,validation,-0.06978225708007812,3,0,14,211,64
L2_W64_H4,1,validation:d12:t3:paligned:tree211:i120011,4,2,23,aligned,1,12,validation,-0.0006008148193359375,3,0,14,211,64
L2_W64_H4,0,validation:d12:t3:paligned:tree211:i120012,4,2,23,aligned,0,12,validation,-0.1393890380859375,3,0,14,211,64
L2_W64_H4,0,validation:d12:t3:paligned:tree211:i120013,4,2,23,aligned,1,12,validation,-0.12451934814453125,3,0,14,211,64
L2_W64_H4,1,validation:d12:t3:paligned:tree211:i120014,4,2,23,aligned,0,12,validation,-0.232330322265625,3,0,14,211,64
L2_W64_H4,1,validation:d12:t3:paligned:tree211:i120015,4,2,23,aligned,1,12,validation,0.14313125610351562,3,1,14,211,64
L2_W64_H4,0,validation:d12:t3:paligned:tree307:i120000,4,2,23,aligned,0,12,validation,-0.1487884521484375,3,0,14,307,64
L2_W64_H4,0,validation:d12:t3:paligned:tree307:i120001,4,2,23,aligned,1,12,validation,-0.10391426086425781,3,0,14,307,64
L2_W64_H4,1,validation:d12:t3:paligned:tree307:i120002,4,2,23,aligned,0,12,validation,0.12209129333496094,3,1,14,307,64
L2_W64_H4,1,validation:d12:t3:paligned:tree307:i120003,4,2,23,aligned,1,12,validation,0.14128494262695312,3,1,14,307,64
L2_W64_H4,0,validation:d12:t3:paligned:tree307:i120004,4,2,23,aligned,0,12,validation,-0.04734039306640625,3,0,14,307,64
L2_W64_H4,0,validation:d12:t3:paligned:tree307:i120005,4,2,23,aligned,1,12,validation,-0.11407279968261719,3,0,14,307,64
L2_W64_H4,1,validation:d12:t3:paligned:tree307:i120006,4,2,23,aligned,0,12,validation,-0.14466476440429688,3,0,14,307,64
L2_W64_H4,1,validation:d12:t3:paligned:tree307:i120007,4,2,23,aligned,1,12,validation,-0.022602081298828125,3,0,14,307,64
L2_W64_H4,0,validation:d12:t3:paligned:tree307:i120008,4,2,23,aligned,0,12,validation,-0.10436439514160156,3,0,14,307,64
L2_W64_H4,0,validation:d12:t3:paligned:tree307:i120009,4,2,23,aligned,1,12,validation,-0.028432846069335938,3,0,14,307,64
L2_W64_H4,1,validation:d12:t3:paligned:tree307:i120010,4,2,23,aligned,0,12,validation,0.04406166076660156,3,1,14,307,64
L2_W64_H4,1,validation:d12:t3:paligned:tree307:i120011,4,2,23,aligned,1,12,validation,-0.05096244812011719,3,0,14,307,64
L2_W64_H4,0,validation:d12:t3:paligned:tree307:i120012,4,2,23,aligned,0,12,validation,-0.14517784118652344,3,0,14,307,64
L2_W64_H4,0,validation:d12:t3:paligned:tree307:i120013,4,2,23,aligned,1,12,validation,0.018777847290039062,3,1,14,307,64
L2_W64_H4,1,validation:d12:t3:paligned:tree307:i120014,4,2,23,aligned,0,12,validation,-0.3146858215332031,3,0,14,307,64
L2_W64_H4,1,validation:d12:t3:paligned:tree307:i120015,4,2,23,aligned,1,12,validation,-0.09064674377441406,3,0,14,307,64
L2_W64_H4,0,validation:d12:t3:prandomized:tree101:i120004,4,2,23,randomized,0,12,validation,0.058971405029296875,3,1,14,101,64
L2_W64_H4,0,validation:d12:t3:prandomized:tree101:i120005,4,2,23,randomized,1,12,validation,-0.03877830505371094,3,0,14,101,64
L2_W64_H4,1,validation:d12:t3:prandomized:tree101:i120007,4,2,23,randomized,1,12,validation,0.07005882263183594,3,1,14,101,64
L2_W64_H4,0,validation:d12:t3:prandomized:tree211:i120000,4,2,23,randomized,0,12,validation,-0.073974609375,3,0,14,211,64
L2_W64_H4,0,validation:d12:t3:prandomized:tree307:i120012,4,2,23,randomized,0,12,validation,-0.14517784118652344,3,0,14,307,64
L2_W64_H4,0,test:d12:t0:paligned:tree101:i120000,4,2,23,aligned,0,12,test,-0.12000274658203125,0,0,14,101,64
L2_W64_H4,0,test:d12:t0:paligned:tree101:i120001,4,2,23,aligned,1,12,test,-0.04028129577636719,0,0,14,101,64
L2_W64_H4,1,test:d12:t0:paligned:tree101:i120002,4,2,23,aligned,0,12,test,-0.18457603454589844,0,0,14,101,64
L2_W64_H4,1,test:d12:t0:paligned:tree101:i120003,4,2,23,aligned,1,12,test,0.0073986053466796875,0,1,14,101,64
L2_W64_H4,0,test:d12:t0:paligned:tree101:i120004,4,2,23,aligned,0,12,test,-0.1747875213623047,0,0,14,101,64
L2_W64_H4,0,test:d12:t0:paligned:tree101:i120005,4,2,23,aligned,1,12,test,-0.04573822021484375,0,0,14,101,64
L2_W64_H4,1,test:d12:t0:paligned:tree101:i120006,4,2,23,aligned,0,12,test,-0.1100006103515625,0,0,14,101,64
L2_W64_H4,1,test:d12:t0:paligned:tree101:i120007,4,2,23,aligned,1,12,test,-0.0043888092041015625,0,0,14,101,64
L2_W64_H4,0,test:d12:t0:paligned:tree101:i120008,4,2,23,aligned,0,12,test,-0.11904525756835938,0,0,14,101,64
L2_W64_H4,0,test:d12:t0:paligned:tree101:i120009,4,2,23,aligned,1,12,test,0.11583900451660156,0,1,14,101,64
L2_W64_H4,1,test:d12:t0:paligned:tree101:i120010,4,2,23,aligned,0,12,test,-0.3384895324707031,0,0,14,101,64
L2_W64_H4,1,test:d12:t0:paligned:tree101:i120011,4,2,23,aligned,1,12,test,0.13399124145507812,0,1,14,101,64
L2_W64_H4,0,test:d12:t0:paligned:tree101:i120012,4,2,23,aligned,0,12,test,-0.03890228271484375,0,0,14,101,64
L2_W64_H4,0,test:d12:t0:paligned:tree101:i120013,4,2,23,aligned,1,12,test,-0.038333892822265625,0,0,14,101,64
L2_W64_H4,1,test:d12:t0:paligned:tree101:i120014,4,2,23,aligned,0,12,test,0.129241943359375,0,1,14,101,64
L2_W64_H4,1,test:d12:t0:paligned:tree101:i120015,4,2,23,aligned,1,12,test,0.011707305908203125,0,1,14,101,64
L2_W64_H4,0,test:d12:t0:paligned:tree211:i120000,4,2,23,aligned,0,12,test,-0.090301513671875,0,0,14,211,64
L2_W64_H4,0,test:d12:t0:paligned:tree211:i120001,4,2,23,aligned,1,12,test,-0.11295127868652344,0,0,14,211,64
L2_W64_H4,1,test:d12:t0:paligned:tree211:i120002,4,2,23,aligned,0,12,test,0.07642555236816406,0,1,14,211,64
L2_W64_H4,1,test:d12:t0:paligned:tree211:i120003,4,2,23,aligned,1,12,test,-0.050617218017578125,0,0,14,211,64
L2_W64_H4,0,test:d12:t0:paligned:tree211:i120004,4,2,23,aligned,0,12,test,-0.11680793762207031,0,0,14,211,64
L2_W64_H4,0,test:d12:t0:paligned:tree211:i120005,4,2,23,aligned,1,12,test,0.14553451538085938,0,1,14,211,64
L2_W64_H4,1,test:d12:t0:paligned:tree211:i120006,4,2,23,aligned,0,12,test,-0.05396080017089844,0,0,14,211,64
L2_W64_H4,1,test:d12:t0:paligned:tree211:i120007,4,2,23,aligned,1,12,test,-0.024873733520507812,0,0,14,211,64
L2_W64_H4,0,test:d12:t0:paligned:tree211:i120008,4,2,23,aligned,0,12,test,-0.03331947326660156,0,0,14,211,64
L2_W64_H4,0,test:d12:t0:paligned:tree211:i120009,4,2,23,aligned,1,12,test,0.22481536865234375,0,1,14,211,64
L2_W64_H4,1,test:d12:t0:paligned:tree211:i120010,4,2,23,aligned,0,12,test,-0.052150726318359375,0,0,14,211,64
L2_W64_H4,1,test:d12:t0:paligned:tree211:i120011,4,2,23,aligned,1,12,test,0.14748001098632812,0,1,14,211,64
L2_W64_H4,0,test:d12:t0:paligned:tree211:i120012,4,2,23,aligned,0,12,test,-0.07182502746582031,0,0,14,211,64
L2_W64_H4,0,test:d12:t0:paligned:tree211:i120013,4,2,23,aligned,1,12,test,-0.10162734985351562,0,0,14,211,64
L2_W64_H4,1,test:d12:t0:paligned:tree211:i120014,4,2,23,aligned,0,12,test,0.03597068786621094,0,1,14,211,64
L2_W64_H4,1,test:d12:t0:paligned:tree211:i120015,4,2,23,aligned,1,12,test,0.06812477111816406,0,1,14,211,64
L2_W64_H4,0,test:d12:t0:paligned:tree307:i120000,4,2,23,aligned,0,12,test,-0.07913970947265625,0,0,14,307,64
L2_W64_H4,0,test:d12:t0:paligned:tree307:i120001,4,2,23,aligned,1,12,test,0.1681957244873047,0,1,14,307,64
L2_W64_H4,1,test:d12:t0:paligned:tree307:i120002,4,2,23,aligned,0,12,test,0.11713790893554688,0,1,14,307,64
L2_W64_H4,1,test:d12:t0:paligned:tree307:i120003,4,2,23,aligned,1,12,test,0.07132911682128906,0,1,14,307,64
L2_W64_H4,0,test:d12:t0:paligned:tree307:i120004,4,2,23,aligned,0,12,test,0.03732109069824219,0,1,14,307,64
L2_W64_H4,0,test:d12:t0:paligned:tree307:i120005,4,2,23,aligned,1,12,test,-0.1730518341064453,0,0,14,307,64
L2_W64_H4,1,test:d12:t0:paligned:tree307:i120006,4,2,23,aligned,0,12,test,0.22478675842285156,0,1,14,307,64
L2_W64_H4,1,test:d12:t0:paligned:tree307:i120007,4,2,23,aligned,1,12,test,-0.0159149169921875,0,0,14,307,64
L2_W64_H4,0,test:d12:t0:paligned:tree307:i120008,4,2,23,aligned,0,12,test,0.06244850158691406,0,1,14,307,64
L2_W64_H4,0,test:d12:t0:paligned:tree307:i120009,4,2,23,aligned,1,12,test,0.16455078125,0,1,14,307,64
L2_W64_H4,1,test:d12:t0:paligned:tree307:i120010,4,2,23,aligned,0,12,test,-0.05618095397949219,0,0,14,307,64
L2_W64_H4,1,test:d12:t0:paligned:tree307:i120011,4,2,23,aligned,1,12,test,0.11681747436523438,0,1,14,307,64
L2_W64_H4,0,test:d12:t0:paligned:tree307:i120012,4,2,23,aligned,0,12,test,0.020174026489257812,0,1,14,307,64
L2_W64_H4,0,test:d12:t0:paligned:tree307:i120013,4,2,23,aligned,1,12,test,0.10992813110351562,0,1,14,307,64
L2_W64_H4,1,test:d12:t0:paligned:tree307:i120014,4,2,23,aligned,0,12,test,-0.014812469482421875,0,0,14,307,64
L2_W64_H4,1,test:d12:t0:paligned:tree307:i120015,4,2,23,aligned,1,12,test,-0.08466339111328125,0,0,14,307,64
L2_W64_H4,1,test:d12:t0:prandomized:tree101:i120006,4,2,23,randomized,0,12,test,-0.1100006103515625,0,0,14,101,64
L2_W64_H4,0,test:d12:t0:prandomized:tree211:i120000,4,2,23,randomized,0,12,test,-0.090301513671875,0,0,14,211,64
L2_W64_H4,0,test:d12:t0:prandomized:tree211:i120008,4,2,23,randomized,0,12,test,-0.03331947326660156,0,0,14,211,64
L2_W64_H4,0,test:d12:t0:prandomized:tree307:i120001,4,2,23,randomized,1,12,test,0.1681957244873047,0,1,14,307,64
L2_W64_H4,0,test:d12:t1:paligned:tree101:i120000,4,2,23,aligned,0,12,test,-0.14490890502929688,1,0,14,101,64
L2_W64_H4,0,test:d12:t1:paligned:tree101:i120001,4,2,23,aligned,1,12,test,-0.008672714233398438,1,0,14,101,64
L2_W64_H4,1,test:d12:t1:paligned:tree101:i120002,4,2,23,aligned,0,12,test,-0.2011699676513672,1,0,14,101,64
L2_W64_H4,1,test:d12:t1:paligned:tree101:i120003,4,2,23,aligned,1,12,test,0.048297882080078125,1,1,14,101,64
L2_W64_H4,0,test:d12:t1:paligned:tree101:i120004,4,2,23,aligned,0,12,test,-0.18657302856445312,1,0,14,101,64
L2_W64_H4,0,test:d12:t1:paligned:tree101:i120005,4,2,23,aligned,1,12,test,-0.028228759765625,1,0,14,101,64
L2_W64_H4,1,test:d12:t1:paligned:tree101:i120006,4,2,23,aligned,0,12,test,-0.14693832397460938,1,0,14,101,64
L2_W64_H4,1,test:d12:t1:paligned:tree101:i120007,4,2,23,aligned,1,12,test,0.021068572998046875,1,1,14,101,64
L2_W64_H4,0,test:d12:t1:paligned:tree101:i120008,4,2,23,aligned,0,12,test,-0.127044677734375,1,0,14,101,64
L2_W64_H4,0,test:d12:t1:paligned:tree101:i120009,4,2,23,aligned,1,12,test,0.1499767303466797,1,1,14,101,64
L2_W64_H4,1,test:d12:t1:paligned:tree101:i120010,4,2,23,aligned,0,12,test,-0.34069252014160156,1,0,14,101,64
L2_W64_H4,1,test:d12:t1:paligned:tree101:i120011,4,2,23,aligned,1,12,test,0.16501998901367188,1,1,14,101,64
L2_W64_H4,0,test:d12:t1:paligned:tree101:i120012,4,2,23,aligned,0,12,test,-0.05776405334472656,1,0,14,101,64
L2_W64_H4,0,test:d12:t1:paligned:tree101:i120013,4,2,23,aligned,1,12,test,-0.007898330688476562,1,0,14,101,64
L2_W64_H4,1,test:d12:t1:paligned:tree101:i120014,4,2,23,aligned,0,12,test,0.06600379943847656,1,1,14,101,64
L2_W64_H4,1,test:d12:t1:paligned:tree101:i120015,4,2,23,aligned,1,12,test,0.026241302490234375,1,1,14,101,64
L2_W64_H4,0,test:d12:t1:paligned:tree211:i120000,4,2,23,aligned,0,12,test,-0.10250282287597656,1,0,14,211,64
L2_W64_H4,0,test:d12:t1:paligned:tree211:i120001,4,2,23,aligned,1,12,test,-0.07268333435058594,1,0,14,211,64
L2_W64_H4,1,test:d12:t1:paligned:tree211:i120002,4,2,23,aligned,0,12,test,0.027139663696289062,1,1,14,211,64
L2_W64_H4,1,test:d12:t1:paligned:tree211:i120003,4,2,23,aligned,1,12,test,-0.026041030883789062,1,0,14,211,64
L2_W64_H4,0,test:d12:t1:paligned:tree211:i120004,4,2,23,aligned,0,12,test,-0.15936851501464844,1,0,14,211,64
L2_W64_H4,0,test:d12:t1:paligned:tree211:i120005,4,2,23,aligned,1,12,test,0.15768814086914062,1,1,14,211,64
L2_W64_H4,1,test:d12:t1:paligned:tree211:i120006,4,2,23,aligned,0,12,test,-0.08153533935546875,1,0,14,211,64
L2_W64_H4,1,test:d12:t1:paligned:tree211:i120007,4,2,23,aligned,1,12,test,-0.010616302490234375,1,0,14,211,64
L2_W64_H4,0,test:d12:t1:paligned:tree211:i120008,4,2,23,aligned,0,12,test,-0.0625,1,0,14,211,64
L2_W64_H4,0,test:d12:t1:paligned:tree211:i120009,4,2,23,aligned,1,12,test,0.23241806030273438,1,1,14,211,64
L2_W64_H4,1,test:d12:t1:paligned:tree211:i120010,4,2,23,aligned,0,12,test,-0.07018470764160156,1,0,14,211,64
L2_W64_H4,1,test:d12:t1:paligned:tree211:i120011,4,2,23,aligned,1,12,test,0.16611671447753906,1,1,14,211,64
L2_W64_H4,0,test:d12:t1:paligned:tree211:i120012,4,2,23,aligned,0,12,test,-0.10474205017089844,1,0,14,211,64
L2_W64_H4,0,test:d12:t1:paligned:tree211:i120013,4,2,23,aligned,1,12,test,-0.05946159362792969,1,0,14,211,64
L2_W64_H4,1,test:d12:t1:paligned:tree211:i120014,4,2,23,aligned,0,12,test,0.00664520263671875,1,1,14,211,64
L2_W64_H4,1,test:d12:t1:paligned:tree211:i120015,4,2,23,aligned,1,12,test,0.08481216430664062,1,1,14,211,64
L2_W64_H4,0,test:d12:t1:paligned:tree307:i120000,4,2,23,aligned,0,12,test,-0.0947418212890625,1,0,14,307,64
L2_W64_H4,0,test:d12:t1:paligned:tree307:i120001,4,2,23,aligned,1,12,test,0.18387603759765625,1,1,14,307,64
L2_W64_H4,1,test:d12:t1:paligned:tree307:i120002,4,2,23,aligned,0,12,test,0.07548141479492188,1,1,14,307,64
L2_W64_H4,1,test:d12:t1:paligned:tree307:i120003,4,2,23,aligned,1,12,test,0.08817291259765625,1,1,14,307,64
L2_W64_H4,0,test:d12:t1:paligned:tree307:i120004,4,2,23,aligned,0,12,test,0.015813827514648438,1,1,14,307,64
L2_W64_H4,0,test:d12:t1:paligned:tree307:i120005,4,2,23,aligned,1,12,test,-0.11981773376464844,1,0,14,307,64
L2_W64_H4,1,test:d12:t1:paligned:tree307:i120006,4,2,23,aligned,0,12,test,0.1610279083251953,1,1,14,307,64
L2_W64_H4,1,test:d12:t1:paligned:tree307:i120007,4,2,23,aligned,1,12,test,0.019964218139648438,1,1,14,307,64
L2_W64_H4,0,test:d12:t1:paligned:tree307:i120008,4,2,23,aligned,0,12,test,0.030584335327148438,1,1,14,307,64
L2_W64_H4,0,test:d12:t1:paligned:tree307:i120009,4,2,23,aligned,1,12,test,0.17969512939453125,1,1,14,307,64
L2_W64_H4,1,test:d12:t1:paligned:tree307:i120010,4,2,23,aligned,0,12,test,-0.0750579833984375,1,0,14,307,64
L2_W64_H4,1,test:d12:t1:paligned:tree307:i120011,4,2,23,aligned,1,12,test,0.12260055541992188,1,1,14,307,64
L2_W64_H4,0,test:d12:t1:paligned:tree307:i120012,4,2,23,aligned,0,12,test,-0.026075363159179688,1,0,14,307,64
L2_W64_H4,0,test:d12:t1:paligned:tree307:i120013,4,2,23,aligned,1,12,test,0.1712970733642578,1,1,14,307,64
L2_W64_H4,1,test:d12:t1:paligned:tree307:i120014,4,2,23,aligned,0,12,test,-0.05016899108886719,1,0,14,307,64
L2_W64_H4,1,test:d12:t1:paligned:tree307:i120015,4,2,23,aligned,1,12,test,-0.040332794189453125,1,0,14,307,64
L2_W64_H4,1,test:d12:t1:prandomized:tree101:i120006,4,2,23,randomized,0,12,test,-0.14693832397460938,1,0,14,101,64
L2_W64_H4,0,test:d12:t1:prandomized:tree211:i120000,4,2,23,randomized,0,12,test,-0.10250282287597656,1,0,14,211,64
L2_W64_H4,0,test:d12:t1:prandomized:tree211:i120008,4,2,23,randomized,0,12,test,-0.0625,1,0,14,211,64
L2_W64_H4,0,test:d12:t1:prandomized:tree307:i120001,4,2,23,randomized,1,12,test,0.18387603759765625,1,1,14,307,64
L2_W64_H4,0,test:d12:t2:paligned:tree101:i120000,4,2,23,aligned,0,12,test,-0.11958885192871094,2,0,14,101,64
L2_W64_H4,0,test:d12:t2:paligned:tree101:i120001,4,2,23,aligned,1,12,test,-0.038349151611328125,2,0,14,101,64
L2_W64_H4,1,test:d12:t2:paligned:tree101:i120002,4,2,23,aligned,0,12,test,-0.18498992919921875,2,0,14,101,64
L2_W64_H4,1,test:d12:t2:paligned:tree101:i120003,4,2,23,aligned,1,12,test,0.0074901580810546875,2,1,14,101,64
L2_W64_H4,0,test:d12:t2:paligned:tree101:i120004,4,2,23,aligned,0,12,test,-0.17644882202148438,2,0,14,101,64
L2_W64_H4,0,test:d12:t2:paligned:tree101:i120005,4,2,23,aligned,1,12,test,-0.045063018798828125,2,0,14,101,64
L2_W64_H4,1,test:d12:t2:paligned:tree101:i120006,4,2,23,aligned,0,12,test,-0.11437416076660156,2,0,14,101,64
L2_W64_H4,1,test:d12:t2:paligned:tree101:i120007,4,2,23,aligned,1,12,test,-0.000637054443359375,2,0,14,101,64
L2_W64_H4,0,test:d12:t2:paligned:tree101:i120008,4,2,23,aligned,0,12,test,-0.11979866027832031,2,0,14,101,64
L2_W64_H4,0,test:d12:t2:paligned:tree101:i120009,4,2,23,aligned,1,12,test,0.11743927001953125,2,1,14,101,64
L2_W64_H4,1,test:d12:t2:paligned:tree101:i120010,4,2,23,aligned,0,12,test,-0.3427257537841797,2,0,14,101,64
L2_W64_H4,1,test:d12:t2:paligned:tree101:i120011,4,2,23,aligned,1,12,test,0.12598800659179688,2,1,14,101,64
L2_W64_H4,0,test:d12:t2:paligned:tree101:i120012,4,2,23,aligned,0,12,test,-0.0269775390625,2,0,14,101,64
L2_W64_H4,0,test:d12:t2:paligned:tree101:i120013,4,2,23,aligned,1,12,test,-0.04758644104003906,2,0,14,101,64
L2_W64_H4,1,test:d12:t2:paligned:tree101:i120014,4,2,23,aligned,0,12,test,0.11494255065917969,2,1,14,101,64
L2_W64_H4,1,test:d12:t2:paligned:tree101:i120015,4,2,23,aligned,1,12,test,0.015125274658203125,2,1,14,101,64
L2_W64_H4,0,test:d12:t2:paligned:tree211:i120000,4,2,23,aligned,0,12,test,-0.08785629272460938,2,0,14,211,64
L2_W64_H4,0,test:d12:t2:paligned:tree211:i120001,4,2,23,aligned,1,12,test,-0.10845184326171875,2,0,14,211,64
L2_W64_H4,1,test:d12:t2:paligned:tree211:i120002,4,2,23,aligned,0,12,test,0.08382034301757812,2,1,14,211,64
L2_W64_H4,1,test:d12:t2:paligned:tree211:i120003,4,2,23,aligned,1,12,test,-0.05677604675292969,2,0,14,211,64
L2_W64_H4,0,test:d12:t2:paligned:tree211:i120004,4,2,23,aligned,0,12,test,-0.12618446350097656,2,0,14,211,64
L2_W64_H4,0,test:d12:t2:paligned:tree211:i120005,4,2,23,aligned,1,12,test,0.14314651489257812,2,1,14,211,64
L2_W64_H4,1,test:d12:t2:paligned:tree211:i120006,4,2,23,aligned,0,12,test,-0.056385040283203125,2,0,14,211,64
L2_W64_H4,1,test:d12:t2:paligned:tree211:i120007,4,2,23,aligned,1,12,test,-0.033283233642578125,2,0,14,211,64
L2_W64_H4,0,test:d12:t2:paligned:tree211:i120008,4,2,23,aligned,0,12,test,-0.03177642822265625,2,0,14,211,64
L2_W64_H4,0,test:d12:t2:paligned:tree211:i120009,4,2,23,aligned,1,12,test,0.22259521484375,2,1,14,211,64
L2_W64_H4,1,test:d12:t2:paligned:tree211:i120010,4,2,23,aligned,0,12,test,-0.052097320556640625,2,0,14,211,64
L2_W64_H4,1,test:d12:t2:paligned:tree211:i120011,4,2,23,aligned,1,12,test,0.14687156677246094,2,1,14,211,64
L2_W64_H4,0,test:d12:t2:paligned:tree211:i120012,4,2,23,aligned,0,12,test,-0.07419776916503906,2,0,14,211,64
L2_W64_H4,0,test:d12:t2:paligned:tree211:i120013,4,2,23,aligned,1,12,test,-0.09436416625976562,2,0,14,211,64
L2_W64_H4,1,test:d12:t2:paligned:tree211:i120014,4,2,23,aligned,0,12,test,0.0317535400390625,2,1,14,211,64
L2_W64_H4,1,test:d12:t2:paligned:tree211:i120015,4,2,23,aligned,1,12,test,0.06466293334960938,2,1,14,211,64
L2_W64_H4,0,test:d12:t2:paligned:tree307:i120000,4,2,23,aligned,0,12,test,-0.07944107055664062,2,0,14,307,64
L2_W64_H4,0,test:d12:t2:paligned:tree307:i120001,4,2,23,aligned,1,12,test,0.16826248168945312,2,1,14,307,64
L2_W64_H4,1,test:d12:t2:paligned:tree307:i120002,4,2,23,aligned,0,12,test,0.11511421203613281,2,1,14,307,64
L2_W64_H4,1,test:d12:t2:paligned:tree307:i120003,4,2,23,aligned,1,12,test,0.07070732116699219,2,1,14,307,64
L2_W64_H4,0,test:d12:t2:paligned:tree307:i120004,4,2,23,aligned,0,12,test,0.03560066223144531,2,1,14,307,64
L2_W64_H4,0,test:d12:t2:paligned:tree307:i120005,4,2,23,aligned,1,12,test,-0.16971588134765625,2,0,14,307,64
L2_W64_H4,1,test:d12:t2:paligned:tree307:i120006,4,2,23,aligned,0,12,test,0.21714210510253906,2,1,14,307,64
L2_W64_H4,1,test:d12:t2:paligned:tree307:i120007,4,2,23,aligned,1,12,test,-0.010869979858398438,2,0,14,307,64
L2_W64_H4,0,test:d12:t2:paligned:tree307:i120008,4,2,23,aligned,0,12,test,0.05739784240722656,2,1,14,307,64
L2_W64_H4,0,test:d12:t2:paligned:tree307:i120009,4,2,23,aligned,1,12,test,0.1693897247314453,2,1,14,307,64
L2_W64_H4,1,test:d12:t2:paligned:tree307:i120010,4,2,23,aligned,0,12,test,-0.05346488952636719,2,0,14,307,64
L2_W64_H4,1,test:d12:t2:paligned:tree307:i120011,4,2,23,aligned,1,12,test,0.11612129211425781,2,1,14,307,64
L2_W64_H4,0,test:d12:t2:paligned:tree307:i120012,4,2,23,aligned,0,12,test,0.01607513427734375,2,1,14,307,64
L2_W64_H4,0,test:d12:t2:paligned:tree307:i120013,4,2,23,aligned,1,12,test,0.12551307678222656,2,1,14,307,64
L2_W64_H4,1,test:d12:t2:paligned:tree307:i120014,4,2,23,aligned,0,12,test,-0.018524169921875,2,0,14,307,64
L2_W64_H4,1,test:d12:t2:paligned:tree307:i120015,4,2,23,aligned,1,12,test,-0.08683586120605469,2,0,14,307,64
L2_W64_H4,0,test:d12:t2:prandomized:tree101:i120004,4,2,23,randomized,0,12,test,-0.1764507293701172,2,0,14,101,64
L2_W64_H4,0,test:d12:t2:prandomized:tree101:i120005,4,2,23,randomized,1,12,test,-0.045063018798828125,2,0,14,101,64
L2_W64_H4,1,test:d12:t2:prandomized:tree101:i120007,4,2,23,randomized,1,12,test,-0.000637054443359375,2,0,14,101,64
L2_W64_H4,0,test:d12:t2:prandomized:tree211:i120000,4,2,23,randomized,0,12,test,-0.08785629272460938,2,0,14,211,64
L2_W64_H4,0,test:d12:t2:prandomized:tree307:i120012,4,2,23,randomized,0,12,test,0.01607513427734375,2,1,14,307,64
L2_W64_H4,0,test:d12:t3:paligned:tree101:i120000,4,2,23,aligned,0,12,test,-0.13335800170898438,3,0,14,101,64
L2_W64_H4,0,test:d12:t3:paligned:tree101:i120001,4,2,23,aligned,1,12,test,-0.01806640625,3,0,14,101,64
L2_W64_H4,1,test:d12:t3:paligned:tree101:i120002,4,2,23,aligned,0,12,test,-0.18910598754882812,3,0,14,101,64
L2_W64_H4,1,test:d12:t3:paligned:tree101:i120003,4,2,23,aligned,1,12,test,0.03715705871582031,3,1,14,101,64
L2_W64_H4,0,test:d12:t3:paligned:tree101:i120004,4,2,23,aligned,0,12,test,-0.17760276794433594,3,0,14,101,64
L2_W64_H4,0,test:d12:t3:paligned:tree101:i120005,4,2,23,aligned,1,12,test,-0.04273033142089844,3,0,14,101,64
L2_W64_H4,1,test:d12:t3:paligned:tree101:i120006,4,2,23,aligned,0,12,test,-0.1339550018310547,3,0,14,101,64
L2_W64_H4,1,test:d12:t3:paligned:tree101:i120007,4,2,23,aligned,1,12,test,0.0136260986328125,3,1,14,101,64
L2_W64_H4,0,test:d12:t3:paligned:tree101:i120008,4,2,23,aligned,0,12,test,-0.11793899536132812,3,0,14,101,64
L2_W64_H4,0,test:d12:t3:paligned:tree101:i120009,4,2,23,aligned,1,12,test,0.1406726837158203,3,1,14,101,64
L2_W64_H4,1,test:d12:t3:paligned:tree101:i120010,4,2,23,aligned,0,12,test,-0.3403491973876953,3,0,14,101,64
L2_W64_H4,1,test:d12:t3:paligned:tree101:i120011,4,2,23,aligned,1,12,test,0.15296554565429688,3,1,14,101,64
L2_W64_H4,0,test:d12:t3:paligned:tree101:i120012,4,2,23,aligned,0,12,test,-0.03676033020019531,3,0,14,101,64
L2_W64_H4,0,test:d12:t3:paligned:tree101:i120013,4,2,23,aligned,1,12,test,-0.027008056640625,3,0,14,101,64
L2_W64_H4,1,test:d12:t3:paligned:tree101:i120014,4,2,23,aligned,0,12,test,0.08368492126464844,3,1,14,101,64
L2_W64_H4,1,test:d12:t3:paligned:tree101:i120015,4,2,23,aligned,1,12,test,0.01529693603515625,3,1,14,101,64
L2_W64_H4,0,test:d12:t3:paligned:tree211:i120000,4,2,23,aligned,0,12,test,-0.09072113037109375,3,0,14,211,64
L2_W64_H4,0,test:d12:t3:paligned:tree211:i120001,4,2,23,aligned,1,12,test,-0.0812530517578125,3,0,14,211,64
L2_W64_H4,1,test:d12:t3:paligned:tree211:i120002,4,2,23,aligned,0,12,test,0.03903007507324219,3,1,14,211,64
L2_W64_H4,1,test:d12:t3:paligned:tree211:i120003,4,2,23,aligned,1,12,test,-0.03955078125,3,0,14,211,64
L2_W64_H4,0,test:d12:t3:paligned:tree211:i120004,4,2,23,aligned,0,12,test,-0.14283180236816406,3,0,14,211,64
L2_W64_H4,0,test:d12:t3:paligned:tree211:i120005,4,2,23,aligned,1,12,test,0.15233802795410156,3,1,14,211,64
L2_W64_H4,1,test:d12:t3:paligned:tree211:i120006,4,2,23,aligned,0,12,test,-0.07348823547363281,3,0,14,211,64
L2_W64_H4,1,test:d12:t3:paligned:tree211:i120007,4,2,23,aligned,1,12,test,-0.019842147827148438,3,0,14,211,64
L2_W64_H4,0,test:d12:t3:paligned:tree211:i120008,4,2,23,aligned,0,12,test,-0.05219268798828125,3,0,14,211,64
L2_W64_H4,0,test:d12:t3:paligned:tree211:i120009,4,2,23,aligned,1,12,test,0.22953033447265625,3,1,14,211,64
L2_W64_H4,1,test:d12:t3:paligned:tree211:i120010,4,2,23,aligned,0,12,test,-0.06065940856933594,3,0,14,211,64
L2_W64_H4,1,test:d12:t3:paligned:tree211:i120011,4,2,23,aligned,1,12,test,0.15784263610839844,3,1,14,211,64
L2_W64_H4,0,test:d12:t3:paligned:tree211:i120012,4,2,23,aligned,0,12,test,-0.09305953979492188,3,0,14,211,64
L2_W64_H4,0,test:d12:t3:paligned:tree211:i120013,4,2,23,aligned,1,12,test,-0.06953048706054688,3,0,14,211,64
L2_W64_H4,1,test:d12:t3:paligned:tree211:i120014,4,2,23,aligned,0,12,test,0.016208648681640625,3,1,14,211,64
L2_W64_H4,1,test:d12:t3:paligned:tree211:i120015,4,2,23,aligned,1,12,test,0.07011795043945312,3,1,14,211,64
L2_W64_H4,0,test:d12:t3:paligned:tree307:i120000,4,2,23,aligned,0,12,test,-0.08316802978515625,3,0,14,307,64
L2_W64_H4,0,test:d12:t3:paligned:tree307:i120001,4,2,23,aligned,1,12,test,0.17463302612304688,3,1,14,307,64
L2_W64_H4,1,test:d12:t3:paligned:tree307:i120002,4,2,23,aligned,0,12,test,0.08969497680664062,3,1,14,307,64
L2_W64_H4,1,test:d12:t3:paligned:tree307:i120003,4,2,23,aligned,1,12,test,0.0749969482421875,3,1,14,307,64
L2_W64_H4,0,test:d12:t3:paligned:tree307:i120004,4,2,23,aligned,0,12,test,0.03351402282714844,3,1,14,307,64
L2_W64_H4,0,test:d12:t3:paligned:tree307:i120005,4,2,23,aligned,1,12,test,-0.13172149658203125,3,0,14,307,64
L2_W64_H4,1,test:d12:t3:paligned:tree307:i120006,4,2,23,aligned,0,12,test,0.17728042602539062,3,1,14,307,64
L2_W64_H4,1,test:d12:t3:paligned:tree307:i120007,4,2,23,aligned,1,12,test,0.0058650970458984375,3,1,14,307,64
L2_W64_H4,0,test:d12:t3:paligned:tree307:i120008,4,2,23,aligned,0,12,test,0.04583930969238281,3,1,14,307,64
L2_W64_H4,0,test:d12:t3:paligned:tree307:i120009,4,2,23,aligned,1,12,test,0.17148780822753906,3,1,14,307,64
L2_W64_H4,1,test:d12:t3:paligned:tree307:i120010,4,2,23,aligned,0,12,test,-0.06363296508789062,3,0,14,307,64
L2_W64_H4,1,test:d12:t3:paligned:tree307:i120011,4,2,23,aligned,1,12,test,0.11367607116699219,3,1,14,307,64
L2_W64_H4,0,test:d12:t3:paligned:tree307:i120012,4,2,23,aligned,0,12,test,-0.015150070190429688,3,0,14,307,64
L2_W64_H4,0,test:d12:t3:paligned:tree307:i120013,4,2,23,aligned,1,12,test,0.16351699829101562,3,1,14,307,64
L2_W64_H4,1,test:d12:t3:paligned:tree307:i120014,4,2,23,aligned,0,12,test,-0.03899955749511719,3,0,14,307,64
L2_W64_H4,1,test:d12:t3:paligned:tree307:i120015,4,2,23,aligned,1,12,test,-0.05336761474609375,3,0,14,307,64
L2_W64_H4,0,test:d12:t3:prandomized:tree101:i120004,4,2,23,randomized,0,12,test,-0.17760276794433594,3,0,14,101,64
L2_W64_H4,0,test:d12:t3:prandomized:tree101:i120005,4,2,23,randomized,1,12,test,-0.04273033142089844,3,0,14,101,64
L2_W64_H4,1,test:d12:t3:prandomized:tree101:i120007,4,2,23,randomized,1,12,test,0.0136260986328125,3,1,14,101,64
L2_W64_H4,0,test:d12:t3:prandomized:tree211:i120000,4,2,23,randomized,0,12,test,-0.09072113037109375,3,0,14,211,64
L2_W64_H4,0,test:d12:t3:prandomized:tree307:i120012,4,2,23,randomized,0,12,test,-0.015150070190429688,3,0,14,307,64
L2_W64_H4,0,validation:d12:t0:prandomized:tree101:i120000,4,2,23,randomized,0,12,validation,0.0006771087646484375,0,1,14,101,64
L2_W64_H4,1,validation:d12:t0:prandomized:tree101:i120007,4,2,23,randomized,1,12,validation,0.09863662719726562,0,1,14,101,64
L2_W64_H4,0,validation:d12:t0:prandomized:tree101:i120012,4,2,23,randomized,0,12,validation,-0.051883697509765625,0,0,14,101,64
L2_W64_H4,1,validation:d12:t0:prandomized:tree307:i120002,4,2,23,randomized,0,12,validation,0.016193389892578125,0,1,14,307,64
L2_W64_H4,0,validation:d12:t0:prandomized:tree307:i120005,4,2,23,randomized,1,12,validation,-0.061489105224609375,0,0,14,307,64
L2_W64_H4,1,validation:d12:t0:prandomized:tree307:i120007,4,2,23,randomized,1,12,validation,-0.00464630126953125,0,0,14,307,64
L2_W64_H4,0,validation:d12:t0:prandomized:tree307:i120012,4,2,23,randomized,0,12,validation,-0.172332763671875,0,0,14,307,64
L2_W64_H4,0,validation:d12:t1:prandomized:tree101:i120000,4,2,23,randomized,0,12,validation,-0.021299362182617188,1,0,14,101,64
L2_W64_H4,1,validation:d12:t1:prandomized:tree101:i120007,4,2,23,randomized,1,12,validation,0.10188102722167969,1,1,14,101,64
L2_W64_H4,0,validation:d12:t1:prandomized:tree101:i120012,4,2,23,randomized,0,12,validation,-0.0633697509765625,1,0,14,101,64
L2_W64_H4,1,validation:d12:t1:prandomized:tree307:i120002,4,2,23,randomized,0,12,validation,0.011142730712890625,1,1,14,307,64
L2_W64_H4,0,validation:d12:t1:prandomized:tree307:i120005,4,2,23,randomized,1,12,validation,-0.039703369140625,1,0,14,307,64
L2_W64_H4,1,validation:d12:t1:prandomized:tree307:i120007,4,2,23,randomized,1,12,validation,0.013004302978515625,1,1,14,307,64
L2_W64_H4,0,validation:d12:t1:prandomized:tree307:i120012,4,2,23,randomized,0,12,validation,-0.17412185668945312,1,0,14,307,64
L2_W64_H4,1,validation:d12:t2:prandomized:tree101:i120006,4,2,23,randomized,0,12,validation,-0.22600555419921875,2,0,14,101,64
L2_W64_H4,1,validation:d12:t2:prandomized:tree211:i120003,4,2,23,randomized,1,12,validation,0.057552337646484375,2,1,14,211,64
L2_W64_H4,1,validation:d12:t2:prandomized:tree211:i120007,4,2,23,randomized,1,12,validation,0.04618263244628906,2,1,14,211,64
L2_W64_H4,1,validation:d12:t3:prandomized:tree101:i120006,4,2,23,randomized,0,12,validation,-0.2167949676513672,3,0,14,101,64
L2_W64_H4,1,validation:d12:t3:prandomized:tree211:i120003,4,2,23,randomized,1,12,validation,0.06849861145019531,3,1,14,211,64
L2_W64_H4,1,validation:d12:t3:prandomized:tree211:i120007,4,2,23,randomized,1,12,validation,0.06785774230957031,3,1,14,211,64
L2_W64_H4,0,test:d12:t0:prandomized:tree101:i120000,4,2,23,randomized,0,12,test,-0.15837860107421875,0,0,14,101,64
L2_W64_H4,1,test:d12:t0:prandomized:tree101:i120007,4,2,23,randomized,1,12,test,0.04021263122558594,0,1,14,101,64
L2_W64_H4,0,test:d12:t0:prandomized:tree101:i120012,4,2,23,randomized,0,12,test,-0.07198333740234375,0,0,14,101,64
L2_W64_H4,1,test:d12:t0:prandomized:tree307:i120002,4,2,23,randomized,0,12,test,0.04859161376953125,0,1,14,307,64
L2_W64_H4,0,test:d12:t0:prandomized:tree307:i120005,4,2,23,randomized,1,12,test,-0.059062957763671875,0,0,14,307,64
L2_W64_H4,1,test:d12:t0:prandomized:tree307:i120007,4,2,23,randomized,1,12,test,0.04928016662597656,0,1,14,307,64
L2_W64_H4,0,test:d12:t0:prandomized:tree307:i120012,4,2,23,randomized,0,12,test,-0.05935859680175781,0,0,14,307,64
L2_W64_H4,0,test:d12:t1:prandomized:tree101:i120000,4,2,23,randomized,0,12,test,-0.16210365295410156,1,0,14,101,64
L2_W64_H4,1,test:d12:t1:prandomized:tree101:i120007,4,2,23,randomized,1,12,test,0.044979095458984375,1,1,14,101,64
L2_W64_H4,0,test:d12:t1:prandomized:tree101:i120012,4,2,23,randomized,0,12,test,-0.07518577575683594,1,0,14,101,64
L2_W64_H4,1,test:d12:t1:prandomized:tree307:i120002,4,2,23,randomized,0,12,test,0.03575325012207031,1,1,14,307,64
L2_W64_H4,0,test:d12:t1:prandomized:tree307:i120005,4,2,23,randomized,1,12,test,-0.04081916809082031,1,0,14,307,64
L2_W64_H4,1,test:d12:t1:prandomized:tree307:i120007,4,2,23,randomized,1,12,test,0.05678367614746094,1,1,14,307,64
L2_W64_H4,0,test:d12:t1:prandomized:tree307:i120012,4,2,23,randomized,0,12,test,-0.08620262145996094,1,0,14,307,64
L2_W64_H4,1,test:d12:t2:prandomized:tree101:i120006,4,2,23,randomized,0,12,test,-0.17435836791992188,2,0,14,101,64
L2_W64_H4,1,test:d12:t2:prandomized:tree211:i120003,4,2,23,randomized,1,12,test,0.060619354248046875,2,1,14,211,64
L2_W64_H4,1,test:d12:t2:prandomized:tree211:i120007,4,2,23,randomized,1,12,test,0.052425384521484375,2,1,14,211,64
L2_W64_H4,1,test:d12:t3:prandomized:tree101:i120006,4,2,23,randomized,0,12,test,-0.174163818359375,3,0,14,101,64
L2_W64_H4,1,test:d12:t3:prandomized:tree211:i120003,4,2,23,randomized,1,12,test,0.06904220581054688,3,1,14,211,64
L2_W64_H4,1,test:d12:t3:prandomized:tree211:i120007,4,2,23,randomized,1,12,test,0.05396270751953125,3,1,14,211,64
L2_W64_H4,0,validation:d12:t0:prandomized:tree101:i120008,4,2,23,randomized,0,12,validation,0.0224761962890625,0,1,14,101,64
L2_W64_H4,1,validation:d12:t0:prandomized:tree211:i120010,4,2,23,randomized,0,12,validation,-0.08285713195800781,0,0,14,211,64
L2_W64_H4,0,validation:d12:t0:prandomized:tree307:i120004,4,2,23,randomized,0,12,validation,-0.08273887634277344,0,0,14,307,64
L2_W64_H4,1,validation:d12:t0:prandomized:tree307:i120006,4,2,23,randomized,0,12,validation,-0.15525245666503906,0,0,14,307,64
L2_W64_H4,0,validation:d12:t1:prandomized:tree101:i120008,4,2,23,randomized,0,12,validation,0.020427703857421875,1,1,14,101,64
L2_W64_H4,1,validation:d12:t1:prandomized:tree211:i120010,4,2,23,randomized,0,12,validation,-0.09514617919921875,1,0,14,211,64
L2_W64_H4,0,validation:d12:t1:prandomized:tree307:i120004,4,2,23,randomized,0,12,validation,-0.09096527099609375,1,0,14,307,64
L2_W64_H4,1,validation:d12:t1:prandomized:tree307:i120006,4,2,23,randomized,0,12,validation,-0.1536731719970703,1,0,14,307,64
L2_W64_H4,0,validation:d12:t2:prandomized:tree211:i120008,4,2,23,randomized,0,12,validation,-0.14650344848632812,2,0,14,211,64
L2_W64_H4,1,validation:d12:t2:prandomized:tree211:i120014,4,2,23,randomized,0,12,validation,-0.23833847045898438,2,0,14,211,64
L2_W64_H4,0,validation:d12:t2:prandomized:tree307:i120000,4,2,23,randomized,0,12,validation,-0.14867019653320312,2,0,14,307,64
L2_W64_H4,1,validation:d12:t2:prandomized:tree307:i120007,4,2,23,randomized,1,12,validation,-0.00078582763671875,2,0,14,307,64
L2_W64_H4,0,validation:d12:t2:prandomized:tree307:i120013,4,2,23,randomized,1,12,validation,0.05408287048339844,2,1,14,307,64
L2_W64_H4,1,validation:d12:t2:prandomized:tree307:i120015,4,2,23,randomized,1,12,validation,-0.017292022705078125,2,0,14,307,64
L2_W64_H4,0,validation:d12:t3:prandomized:tree211:i120008,4,2,23,randomized,0,12,validation,-0.14803504943847656,3,0,14,211,64
L2_W64_H4,1,validation:d12:t3:prandomized:tree211:i120014,4,2,23,randomized,0,12,validation,-0.23293113708496094,3,0,14,211,64
L2_W64_H4,0,validation:d12:t3:prandomized:tree307:i120000,4,2,23,randomized,0,12,validation,-0.15354347229003906,3,0,14,307,64
L2_W64_H4,1,validation:d12:t3:prandomized:tree307:i120007,4,2,23,randomized,1,12,validation,0.00922393798828125,3,1,14,307,64
L2_W64_H4,0,validation:d12:t3:prandomized:tree307:i120013,4,2,23,randomized,1,12,validation,0.060333251953125,3,1,14,307,64
L2_W64_H4,1,validation:d12:t3:prandomized:tree307:i120015,4,2,23,randomized,1,12,validation,-0.011631011962890625,3,0,14,307,64
L2_W64_H4,0,test:d12:t0:prandomized:tree101:i120008,4,2,23,randomized,0,12,test,-0.1424694061279297,0,0,14,101,64
L2_W64_H4,1,test:d12:t0:prandomized:tree211:i120010,4,2,23,randomized,0,12,test,-0.08666610717773438,0,0,14,211,64
L2_W64_H4,0,test:d12:t0:prandomized:tree307:i120004,4,2,23,randomized,0,12,test,-0.02800750732421875,0,0,14,307,64
L2_W64_H4,1,test:d12:t0:prandomized:tree307:i120006,4,2,23,randomized,0,12,test,0.09468650817871094,0,1,14,307,64
L2_W64_H4,0,test:d12:t1:prandomized:tree101:i120008,4,2,23,randomized,0,12,test,-0.14446067810058594,1,0,14,101,64
L2_W64_H4,1,test:d12:t1:prandomized:tree211:i120010,4,2,23,randomized,0,12,test,-0.08059310913085938,1,0,14,211,64
L2_W64_H4,0,test:d12:t1:prandomized:tree307:i120004,4,2,23,randomized,0,12,test,-0.032623291015625,1,0,14,307,64
L2_W64_H4,1,test:d12:t1:prandomized:tree307:i120006,4,2,23,randomized,0,12,test,0.07046890258789062,1,1,14,307,64
L2_W64_H4,0,test:d12:t2:prandomized:tree211:i120008,4,2,23,randomized,0,12,test,-0.05966949462890625,2,0,14,211,64
L2_W64_H4,1,test:d12:t2:prandomized:tree211:i120014,4,2,23,randomized,0,12,test,-0.025007247924804688,2,0,14,211,64
L2_W64_H4,0,test:d12:t2:prandomized:tree307:i120000,4,2,23,randomized,0,12,test,-0.12118721008300781,2,0,14,307,64
L2_W64_H4,1,test:d12:t2:prandomized:tree307:i120007,4,2,23,randomized,1,12,test,0.04650115966796875,2,1,14,307,64
L2_W64_H4,0,test:d12:t2:prandomized:tree307:i120013,4,2,23,randomized,1,12,test,0.19971847534179688,2,1,14,307,64
L2_W64_H4,1,test:d12:t2:prandomized:tree307:i120015,4,2,23,randomized,1,12,test,-0.028514862060546875,2,0,14,307,64
L2_W64_H4,0,test:d12:t3:prandomized:tree211:i120008,4,2,23,randomized,0,12,test,-0.06421089172363281,3,0,14,211,64
L2_W64_H4,1,test:d12:t3:prandomized:tree211:i120014,4,2,23,randomized,0,12,test,-0.0381622314453125,3,0,14,211,64
L2_W64_H4,0,test:d12:t3:prandomized:tree307:i120000,4,2,23,randomized,0,12,test,-0.1252460479736328,3,0,14,307,64
L2_W64_H4,1,test:d12:t3:prandomized:tree307:i120007,4,2,23,randomized,1,12,test,0.04964256286621094,3,1,14,307,64
L2_W64_H4,0,test:d12:t3:prandomized:tree307:i120013,4,2,23,randomized,1,12,test,0.2095165252685547,3,1,14,307,64
L2_W64_H4,1,test:d12:t3:prandomized:tree307:i120015,4,2,23,randomized,1,12,test,-0.0053691864013671875,3,0,14,307,64
L2_W64_H4,1,validation:d12:t0:prandomized:tree101:i120003,4,2,23,randomized,1,12,validation,0.021276473999023438,0,1,14,101,64
L2_W64_H4,1,validation:d12:t0:prandomized:tree101:i120015,4,2,23,randomized,1,12,validation,0.2334308624267578,0,1,14,101,64
L2_W64_H4,0,validation:d12:t0:prandomized:tree211:i120001,4,2,23,randomized,1,12,validation,0.1603069305419922,0,1,14,211,64
L2_W64_H4,1,validation:d12:t0:prandomized:tree211:i120002,4,2,23,randomized,0,12,validation,-0.08397293090820312,0,0,14,211,64
L2_W64_H4,1,validation:d12:t0:prandomized:tree211:i120015,4,2,23,randomized,1,12,validation,0.15113067626953125,0,1,14,211,64
L2_W64_H4,0,validation:d12:t0:prandomized:tree307:i120009,4,2,23,randomized,1,12,validation,-0.001163482666015625,0,0,14,307,64
L2_W64_H4,1,validation:d12:t1:prandomized:tree101:i120003,4,2,23,randomized,1,12,validation,0.02106475830078125,1,1,14,101,64
L2_W64_H4,1,validation:d12:t1:prandomized:tree101:i120015,4,2,23,randomized,1,12,validation,0.2185840606689453,1,1,14,101,64
L2_W64_H4,0,validation:d12:t1:prandomized:tree211:i120001,4,2,23,randomized,1,12,validation,0.1571521759033203,1,1,14,211,64
L2_W64_H4,1,validation:d12:t1:prandomized:tree211:i120002,4,2,23,randomized,0,12,validation,-0.09579086303710938,1,0,14,211,64
L2_W64_H4,1,validation:d12:t1:prandomized:tree211:i120015,4,2,23,randomized,1,12,validation,0.15224838256835938,1,1,14,211,64
L2_W64_H4,0,validation:d12:t1:prandomized:tree307:i120009,4,2,23,randomized,1,12,validation,0.004062652587890625,1,1,14,307,64
L2_W64_H4,1,validation:d12:t2:prandomized:tree101:i120002,4,2,23,randomized,0,12,validation,-0.09894371032714844,2,0,14,101,64
L2_W64_H4,0,validation:d12:t2:prandomized:tree101:i120009,4,2,23,randomized,1,12,validation,0.0550537109375,2,1,14,101,64
L2_W64_H4,1,validation:d12:t2:prandomized:tree101:i120010,4,2,23,randomized,0,12,validation,-0.03765296936035156,2,0,14,101,64
L2_W64_H4,1,validation:d12:t2:prandomized:tree101:i120015,4,2,23,randomized,1,12,validation,0.2375946044921875,2,1,14,101,64
L2_W64_H4,0,validation:d12:t2:prandomized:tree211:i120012,4,2,23,randomized,0,12,validation,-0.13063430786132812,2,0,14,211,64
L2_W64_H4,0,validation:d12:t2:prandomized:tree307:i120009,4,2,23,randomized,1,12,validation,-0.0013599395751953125,2,0,14,307,64
L2_W64_H4,1,validation:d12:t3:prandomized:tree101:i120002,4,2,23,randomized,0,12,validation,-0.09977340698242188,3,0,14,101,64
L2_W64_H4,0,validation:d12:t3:prandomized:tree101:i120009,4,2,23,randomized,1,12,validation,0.05428314208984375,3,1,14,101,64
L2_W64_H4,1,validation:d12:t3:prandomized:tree101:i120010,4,2,23,randomized,0,12,validation,-0.03471183776855469,3,0,14,101,64
L2_W64_H4,1,validation:d12:t3:prandomized:tree101:i120015,4,2,23,randomized,1,12,validation,0.21907615661621094,3,1,14,101,64
L2_W64_H4,0,validation:d12:t3:prandomized:tree211:i120012,4,2,23,randomized,0,12,validation,-0.12174797058105469,3,0,14,211,64
L2_W64_H4,0,validation:d12:t3:prandomized:tree307:i120009,4,2,23,randomized,1,12,validation,0.0044651031494140625,3,1,14,307,64
L2_W64_H4,1,test:d12:t0:prandomized:tree101:i120003,4,2,23,randomized,1,12,test,0.08870315551757812,0,1,14,101,64
L2_W64_H4,1,test:d12:t0:prandomized:tree101:i120015,4,2,23,randomized,1,12,test,0.040607452392578125,0,1,14,101,64
L2_W64_H4,0,test:d12:t0:prandomized:tree211:i120001,4,2,23,randomized,1,12,test,-0.010807037353515625,0,0,14,211,64
L2_W64_H4,1,test:d12:t0:prandomized:tree211:i120002,4,2,23,randomized,0,12,test,-0.03634834289550781,0,0,14,211,64
L2_W64_H4,1,test:d12:t0:prandomized:tree211:i120015,4,2,23,randomized,1,12,test,0.11524391174316406,0,1,14,211,64
L2_W64_H4,0,test:d12:t0:prandomized:tree307:i120009,4,2,23,randomized,1,12,test,0.1712169647216797,0,1,14,307,64
L2_W64_H4,1,test:d12:t1:prandomized:tree101:i120003,4,2,23,randomized,1,12,test,0.08473777770996094,1,1,14,101,64
L2_W64_H4,1,test:d12:t1:prandomized:tree101:i120015,4,2,23,randomized,1,12,test,0.04086875915527344,1,1,14,101,64
L2_W64_H4,0,test:d12:t1:prandomized:tree211:i120001,4,2,23,randomized,1,12,test,-0.0060825347900390625,1,0,14,211,64
L2_W64_H4,1,test:d12:t1:prandomized:tree211:i120002,4,2,23,randomized,0,12,test,-0.03257942199707031,1,0,14,211,64
L2_W64_H4,1,test:d12:t1:prandomized:tree211:i120015,4,2,23,randomized,1,12,test,0.11491012573242188,1,1,14,211,64
L2_W64_H4,0,test:d12:t1:prandomized:tree307:i120009,4,2,23,randomized,1,12,test,0.16986846923828125,1,1,14,307,64
L2_W64_H4,1,test:d12:t2:prandomized:tree101:i120002,4,2,23,randomized,0,12,test,-0.18865394592285156,2,0,14,101,64
L2_W64_H4,0,test:d12:t2:prandomized:tree101:i120009,4,2,23,randomized,1,12,test,0.1484851837158203,2,1,14,101,64
L2_W64_H4,1,test:d12:t2:prandomized:tree101:i120010,4,2,23,randomized,0,12,test,-0.26932716369628906,2,0,14,101,64
L2_W64_H4,1,test:d12:t2:prandomized:tree101:i120015,4,2,23,randomized,1,12,test,0.045917510986328125,2,1,14,101,64
L2_W64_H4,0,test:d12:t2:prandomized:tree211:i120012,4,2,23,randomized,0,12,test,-0.1344013214111328,2,0,14,211,64
L2_W64_H4,0,test:d12:t2:prandomized:tree307:i120009,4,2,23,randomized,1,12,test,0.17319869995117188,2,1,14,307,64
L2_W64_H4,1,test:d12:t3:prandomized:tree101:i120002,4,2,23,randomized,0,12,test,-0.17923355102539062,3,0,14,101,64
L2_W64_H4,0,test:d12:t3:prandomized:tree101:i120009,4,2,23,randomized,1,12,test,0.14560699462890625,3,1,14,101,64
L2_W64_H4,1,test:d12:t3:prandomized:tree101:i120010,4,2,23,randomized,0,12,test,-0.24967193603515625,3,0,14,101,64
L2_W64_H4,1,test:d12:t3:prandomized:tree101:i120015,4,2,23,randomized,1,12,test,0.04904937744140625,3,1,14,101,64
L2_W64_H4,0,test:d12:t3:prandomized:tree211:i120012,4,2,23,randomized,0,12,test,-0.132293701171875,3,0,14,211,64
L2_W64_H4,0,test:d12:t3:prandomized:tree307:i120009,4,2,23,randomized,1,12,test,0.168426513671875,3,1,14,307,64
L2_W64_H4,0,validation:d12:t0:prandomized:tree101:i120001,4,2,23,randomized,1,12,validation,0.24123764038085938,0,1,14,101,64
L2_W64_H4,1,validation:d12:t0:prandomized:tree101:i120002,4,2,23,randomized,0,12,validation,-0.10108375549316406,0,0,14,101,64
L2_W64_H4,0,validation:d12:t0:prandomized:tree101:i120013,4,2,23,randomized,1,12,validation,0.07965660095214844,0,1,14,101,64
L2_W64_H4,1,validation:d12:t0:prandomized:tree101:i120014,4,2,23,randomized,0,12,validation,-0.25075531005859375,0,0,14,101,64
L2_W64_H4,0,validation:d12:t0:prandomized:tree211:i120004,4,2,23,randomized,0,12,validation,-0.22100257873535156,0,0,14,211,64
L2_W64_H4,0,validation:d12:t0:prandomized:tree211:i120009,4,2,23,randomized,1,12,validation,0.29941368103027344,0,1,14,211,64
L2_W64_H4,1,validation:d12:t0:prandomized:tree211:i120014,4,2,23,randomized,0,12,validation,-0.2379016876220703,0,0,14,211,64
L2_W64_H4,1,validation:d12:t0:prandomized:tree307:i120003,4,2,23,randomized,1,12,validation,0.1565227508544922,0,1,14,307,64
L2_W64_H4,0,validation:d12:t1:prandomized:tree101:i120001,4,2,23,randomized,1,12,validation,0.23267364501953125,1,1,14,101,64
L2_W64_H4,1,validation:d12:t1:prandomized:tree101:i120002,4,2,23,randomized,0,12,validation,-0.10294723510742188,1,0,14,101,64
L2_W64_H4,0,validation:d12:t1:prandomized:tree101:i120013,4,2,23,randomized,1,12,validation,0.06931304931640625,1,1,14,101,64
L2_W64_H4,1,validation:d12:t1:prandomized:tree101:i120014,4,2,23,randomized,0,12,validation,-0.2294483184814453,1,0,14,101,64
L2_W64_H4,0,validation:d12:t1:prandomized:tree211:i120004,4,2,23,randomized,0,12,validation,-0.20334434509277344,1,0,14,211,64
L2_W64_H4,0,validation:d12:t1:prandomized:tree211:i120009,4,2,23,randomized,1,12,validation,0.3029060363769531,1,1,14,211,64
L2_W64_H4,1,validation:d12:t1:prandomized:tree211:i120014,4,2,23,randomized,0,12,validation,-0.2308368682861328,1,0,14,211,64
L2_W64_H4,1,validation:d12:t1:prandomized:tree307:i120003,4,2,23,randomized,1,12,validation,0.1512603759765625,1,1,14,307,64
L2_W64_H4,0,validation:d12:t2:prandomized:tree211:i120001,4,2,23,randomized,1,12,validation,0.15930747985839844,2,1,14,211,64
L2_W64_H4,1,validation:d12:t2:prandomized:tree211:i120002,4,2,23,randomized,0,12,validation,-0.09613990783691406,2,0,14,211,64
L2_W64_H4,0,validation:d12:t2:prandomized:tree211:i120009,4,2,23,randomized,1,12,validation,0.29493141174316406,2,1,14,211,64
L2_W64_H4,1,validation:d12:t2:prandomized:tree211:i120015,4,2,23,randomized,1,12,validation,0.1573467254638672,2,1,14,211,64
L2_W64_H4,1,validation:d12:t2:prandomized:tree307:i120002,4,2,23,randomized,0,12,validation,0.021379470825195312,2,1,14,307,64
L2_W64_H4,0,validation:d12:t2:prandomized:tree307:i120004,4,2,23,randomized,0,12,validation,-0.10406875610351562,2,0,14,307,64
L2_W64_H4,0,validation:d12:t3:prandomized:tree211:i120001,4,2,23,randomized,1,12,validation,0.1600494384765625,3,1,14,211,64
L2_W64_H4,1,validation:d12:t3:prandomized:tree211:i120002,4,2,23,randomized,0,12,validation,-0.10233879089355469,3,0,14,211,64
L2_W64_H4,0,validation:d12:t3:prandomized:tree211:i120009,4,2,23,randomized,1,12,validation,0.3001422882080078,3,1,14,211,64
L2_W64_H4,1,validation:d12:t3:prandomized:tree211:i120015,4,2,23,randomized,1,12,validation,0.15252685546875,3,1,14,211,64
L2_W64_H4,1,validation:d12:t3:prandomized:tree307:i120002,4,2,23,randomized,0,12,validation,0.02756500244140625,3,1,14,307,64
L2_W64_H4,0,validation:d12:t3:prandomized:tree307:i120004,4,2,23,randomized,0,12,validation,-0.10151290893554688,3,0,14,307,64
L2_W64_H4,0,test:d12:t0:prandomized:tree101:i120001,4,2,23,randomized,1,12,test,0.04648399353027344,0,1,14,101,64
L2_W64_H4,1,test:d12:t0:prandomized:tree101:i120002,4,2,23,randomized,0,12,test,-0.19005203247070312,0,0,14,101,64
L2_W64_H4,0,test:d12:t0:prandomized:tree101:i120013,4,2,23,randomized,1,12,test,0.033855438232421875,0,1,14,101,64
L2_W64_H4,1,test:d12:t0:prandomized:tree101:i120014,4,2,23,randomized,0,12,test,-0.01837921142578125,0,0,14,101,64
L2_W64_H4,0,test:d12:t0:prandomized:tree211:i120004,4,2,23,randomized,0,12,test,-0.19142913818359375,0,0,14,211,64
L2_W64_H4,0,test:d12:t0:prandomized:tree211:i120009,4,2,23,randomized,1,12,test,0.2542915344238281,0,1,14,211,64
L2_W64_H4,1,test:d12:t0:prandomized:tree211:i120014,4,2,23,randomized,0,12,test,-0.039546966552734375,0,0,14,211,64
L2_W64_H4,1,test:d12:t0:prandomized:tree307:i120003,4,2,23,randomized,1,12,test,0.11786460876464844,0,1,14,307,64
L2_W64_H4,0,test:d12:t1:prandomized:tree101:i120001,4,2,23,randomized,1,12,test,0.048828125,1,1,14,101,64
L2_W64_H4,1,test:d12:t1:prandomized:tree101:i120002,4,2,23,randomized,0,12,test,-0.17818260192871094,1,0,14,101,64
L2_W64_H4,0,test:d12:t1:prandomized:tree101:i120013,4,2,23,randomized,1,12,test,0.04153633117675781,1,1,14,101,64
L2_W64_H4,1,test:d12:t1:prandomized:tree101:i120014,4,2,23,randomized,0,12,test,-0.019655227661132812,1,0,14,101,64
L2_W64_H4,0,test:d12:t1:prandomized:tree211:i120004,4,2,23,randomized,0,12,test,-0.17995834350585938,1,0,14,211,64
L2_W64_H4,0,test:d12:t1:prandomized:tree211:i120009,4,2,23,randomized,1,12,test,0.25575828552246094,1,1,14,211,64
L2_W64_H4,1,test:d12:t1:prandomized:tree211:i120014,4,2,23,randomized,0,12,test,-0.03991889953613281,1,0,14,211,64
L2_W64_H4,1,test:d12:t1:prandomized:tree307:i120003,4,2,23,randomized,1,12,test,0.11602592468261719,1,1,14,307,64
L2_W64_H4,0,test:d12:t2:prandomized:tree211:i120001,4,2,23,randomized,1,12,test,-0.0035724639892578125,2,0,14,211,64
L2_W64_H4,1,test:d12:t2:prandomized:tree211:i120002,4,2,23,randomized,0,12,test,-0.0376129150390625,2,0,14,211,64
L2_W64_H4,0,test:d12:t2:prandomized:tree211:i120009,4,2,23,randomized,1,12,test,0.25630950927734375,2,1,14,211,64
L2_W64_H4,1,test:d12:t2:prandomized:tree211:i120015,4,2,23,randomized,1,12,test,0.11363029479980469,2,1,14,211,64
L2_W64_H4,1,test:d12:t2:prandomized:tree307:i120002,4,2,23,randomized,0,12,test,0.03241729736328125,2,1,14,307,64
L2_W64_H4,0,test:d12:t2:prandomized:tree307:i120004,4,2,23,randomized,0,12,test,-0.029909133911132812,2,0,14,307,64
L2_W64_H4,0,test:d12:t3:prandomized:tree211:i120001,4,2,23,randomized,1,12,test,-0.0024967193603515625,3,0,14,211,64
L2_W64_H4,1,test:d12:t3:prandomized:tree211:i120002,4,2,23,randomized,0,12,test,-0.03176689147949219,3,0,14,211,64
L2_W64_H4,0,test:d12:t3:prandomized:tree211:i120009,4,2,23,randomized,1,12,test,0.2565937042236328,3,1,14,211,64
L2_W64_H4,1,test:d12:t3:prandomized:tree211:i120015,4,2,23,randomized,1,12,test,0.11298179626464844,3,1,14,211,64
L2_W64_H4,1,test:d12:t3:prandomized:tree307:i120002,4,2,23,randomized,0,12,test,0.03906822204589844,3,1,14,307,64
L2_W64_H4,0,test:d12:t3:prandomized:tree307:i120004,4,2,23,randomized,0,12,test,-0.030399322509765625,3,0,14,307,64
L2_W64_H4,0,validation:d12:t0:prandomized:tree101:i120004,4,2,23,randomized,0,12,validation,-0.04412078857421875,0,0,14,101,64
L2_W64_H4,0,validation:d12:t0:prandomized:tree101:i120005,4,2,23,randomized,1,12,validation,0.0118560791015625,0,1,14,101,64
L2_W64_H4,0,validation:d12:t0:prandomized:tree307:i120008,4,2,23,randomized,0,12,validation,-0.1442413330078125,0,0,14,307,64
L2_W64_H4,1,validation:d12:t0:prandomized:tree307:i120011,4,2,23,randomized,1,12,validation,0.0029392242431640625,0,1,14,307,64
L2_W64_H4,0,validation:d12:t0:prandomized:tree307:i120013,4,2,23,randomized,1,12,validation,0.03423309326171875,0,1,14,307,64
L2_W64_H4,1,validation:d12:t0:prandomized:tree307:i120015,4,2,23,randomized,1,12,validation,-0.023817062377929688,0,0,14,307,64
L2_W64_H4,0,validation:d12:t1:prandomized:tree101:i120004,4,2,23,randomized,0,12,validation,-0.0464630126953125,1,0,14,101,64
L2_W64_H4,0,validation:d12:t1:prandomized:tree101:i120005,4,2,23,randomized,1,12,validation,-0.00119781494140625,1,0,14,101,64
L2_W64_H4,0,validation:d12:t1:prandomized:tree307:i120008,4,2,23,randomized,0,12,validation,-0.14468955993652344,1,0,14,307,64
L2_W64_H4,1,validation:d12:t1:prandomized:tree307:i120011,4,2,23,randomized,1,12,validation,0.0017719268798828125,1,1,14,307,64
L2_W64_H4,0,validation:d12:t1:prandomized:tree307:i120013,4,2,23,randomized,1,12,validation,0.025518417358398438,1,1,14,307,64
L2_W64_H4,1,validation:d12:t1:prandomized:tree307:i120015,4,2,23,randomized,1,12,validation,-0.03163719177246094,1,0,14,307,64
L2_W64_H4,1,validation:d12:t2:prandomized:tree101:i120003,4,2,23,randomized,1,12,validation,0.019329071044921875,2,1,14,101,64
L2_W64_H4,0,validation:d12:t2:prandomized:tree101:i120013,4,2,23,randomized,1,12,validation,0.07781219482421875,2,1,14,101,64
L2_W64_H4,1,validation:d12:t2:prandomized:tree211:i120010,4,2,23,randomized,0,12,validation,-0.09764862060546875,2,0,14,211,64
L2_W64_H4,0,validation:d12:t2:prandomized:tree307:i120001,4,2,23,randomized,1,12,validation,-0.013456344604492188,2,0,14,307,64
L2_W64_H4,1,validation:d12:t3:prandomized:tree101:i120003,4,2,23,randomized,1,12,validation,0.011014938354492188,3,1,14,101,64
L2_W64_H4,0,validation:d12:t3:prandomized:tree101:i120013,4,2,23,randomized,1,12,validation,0.06351661682128906,3,1,14,101,64
L2_W64_H4,1,validation:d12:t3:prandomized:tree211:i120010,4,2,23,randomized,0,12,validation,-0.09366798400878906,3,0,14,211,64
L2_W64_H4,0,validation:d12:t3:prandomized:tree307:i120001,4,2,23,randomized,1,12,validation,-0.016628265380859375,3,0,14,307,64
L2_W64_H4,0,test:d12:t0:prandomized:tree101:i120004,4,2,23,randomized,0,12,test,-0.19257164001464844,0,0,14,101,64
L2_W64_H4,0,test:d12:t0:prandomized:tree101:i120005,4,2,23,randomized,1,12,test,0.001293182373046875,0,1,14,101,64
L2_W64_H4,0,test:d12:t0:prandomized:tree307:i120008,4,2,23,randomized,0,12,test,0.008607864379882812,0,1,14,307,64
L2_W64_H4,1,test:d12:t0:prandomized:tree307:i120011,4,2,23,randomized,1,12,test,0.15740966796875,0,1,14,307,64
L2_W64_H4,0,test:d12:t0:prandomized:tree307:i120013,4,2,23,randomized,1,12,test,0.20200729370117188,0,1,14,307,64
L2_W64_H4,1,test:d12:t0:prandomized:tree307:i120015,4,2,23,randomized,1,12,test,-0.015474319458007812,0,0,14,307,64
L2_W64_H4,0,test:d12:t1:prandomized:tree101:i120004,4,2,23,randomized,0,12,test,-0.1797313690185547,1,0,14,101,64
L2_W64_H4,0,test:d12:t1:prandomized:tree101:i120005,4,2,23,randomized,1,12,test,0.0023040771484375,1,1,14,101,64
L2_W64_H4,0,test:d12:t1:prandomized:tree307:i120008,4,2,23,randomized,0,12,test,0.028675079345703125,1,1,14,307,64
L2_W64_H4,1,test:d12:t1:prandomized:tree307:i120011,4,2,23,randomized,1,12,test,0.1594524383544922,1,1,14,307,64
L2_W64_H4,0,test:d12:t1:prandomized:tree307:i120013,4,2,23,randomized,1,12,test,0.19676780700683594,1,1,14,307,64
L2_W64_H4,1,test:d12:t1:prandomized:tree307:i120015,4,2,23,randomized,1,12,test,-0.008440017700195312,1,0,14,307,64
L2_W64_H4,1,test:d12:t2:prandomized:tree101:i120003,4,2,23,randomized,1,12,test,0.08827018737792969,2,1,14,101,64
L2_W64_H4,0,test:d12:t2:prandomized:tree101:i120013,4,2,23,randomized,1,12,test,0.03753089904785156,2,1,14,101,64
L2_W64_H4,1,test:d12:t2:prandomized:tree211:i120010,4,2,23,randomized,0,12,test,-0.091705322265625,2,0,14,211,64
L2_W64_H4,0,test:d12:t2:prandomized:tree307:i120001,4,2,23,randomized,1,12,test,0.1832122802734375,2,1,14,307,64
L2_W64_H4,1,test:d12:t3:prandomized:tree101:i120003,4,2,23,randomized,1,12,test,0.08026313781738281,3,1,14,101,64
L2_W64_H4,0,test:d12:t3:prandomized:tree101:i120013,4,2,23,randomized,1,12,test,0.03985404968261719,3,1,14,101,64
L2_W64_H4,1,test:d12:t3:prandomized:tree211:i120010,4,2,23,randomized,0,12,test,-0.08156585693359375,3,0,14,211,64
L2_W64_H4,0,test:d12:t3:prandomized:tree307:i120001,4,2,23,randomized,1,12,test,0.1620941162109375,3,1,14,307,64
L2_W64_H4,1,validation:d12:t0:prandomized:tree211:i120007,4,2,23,randomized,1,12,validation,0.07992362976074219,0,1,14,211,64
L2_W64_H4,0,validation:d12:t0:prandomized:tree211:i120013,4,2,23,randomized,1,12,validation,0.013452529907226562,0,1,14,211,64
L2_W64_H4,1,validation:d12:t1:prandomized:tree211:i120007,4,2,23,randomized,1,12,validation,0.06763648986816406,1,1,14,211,64
L2_W64_H4,0,validation:d12:t1:prandomized:tree211:i120013,4,2,23,randomized,1,12,validation,0.021389007568359375,1,1,14,211,64
L2_W64_H4,0,validation:d12:t2:prandomized:tree101:i120012,4,2,23,randomized,0,12,validation,-0.05304908752441406,2,0,14,101,64
L2_W64_H4,1,validation:d12:t2:prandomized:tree101:i120014,4,2,23,randomized,0,12,validation,-0.2509136199951172,2,0,14,101,64
L2_W64_H4,1,validation:d12:t2:prandomized:tree211:i120006,4,2,23,randomized,0,12,validation,-0.11381340026855469,2,0,14,211,64
L2_W64_H4,1,validation:d12:t2:prandomized:tree211:i120011,4,2,23,randomized,1,12,validation,0.023525238037109375,2,1,14,211,64
L2_W64_H4,1,validation:d12:t2:prandomized:tree307:i120006,4,2,23,randomized,0,12,validation,-0.15230178833007812,2,0,14,307,64
L2_W64_H4,0,validation:d12:t2:prandomized:tree307:i120008,4,2,23,randomized,0,12,validation,-0.135009765625,2,0,14,307,64
L2_W64_H4,0,validation:d12:t3:prandomized:tree101:i120012,4,2,23,randomized,0,12,validation,-0.04284095764160156,3,0,14,101,64
L2_W64_H4,1,validation:d12:t3:prandomized:tree101:i120014,4,2,23,randomized,0,12,validation,-0.20289230346679688,3,0,14,101,64
L2_W64_H4,1,validation:d12:t3:prandomized:tree211:i120006,4,2,23,randomized,0,12,validation,-0.10884857177734375,3,0,14,211,64
L2_W64_H4,1,validation:d12:t3:prandomized:tree211:i120011,4,2,23,randomized,1,12,validation,0.01171875,3,1,14,211,64
L2_W64_H4,1,validation:d12:t3:prandomized:tree307:i120006,4,2,23,randomized,0,12,validation,-0.14630699157714844,3,0,14,307,64
L2_W64_H4,0,validation:d12:t3:prandomized:tree307:i120008,4,2,23,randomized,0,12,validation,-0.13497161865234375,3,0,14,307,64
L2_W64_H4,1,test:d12:t0:prandomized:tree211:i120007,4,2,23,randomized,1,12,test,0.048435211181640625,0,1,14,211,64
L2_W64_H4,0,test:d12:t0:prandomized:tree211:i120013,4,2,23,randomized,1,12,test,0.0144195556640625,0,1,14,211,64
L2_W64_H4,1,test:d12:t1:prandomized:tree211:i120007,4,2,23,randomized,1,12,test,0.04609107971191406,1,1,14,211,64
L2_W64_H4,0,test:d12:t1:prandomized:tree211:i120013,4,2,23,randomized,1,12,test,0.015928268432617188,1,1,14,211,64
L2_W64_H4,0,test:d12:t2:prandomized:tree101:i120012,4,2,23,randomized,0,12,test,-0.07459449768066406,2,0,14,101,64
L2_W64_H4,1,test:d12:t2:prandomized:tree101:i120014,4,2,23,randomized,0,12,test,-0.011171340942382812,2,0,14,101,64
L2_W64_H4,1,test:d12:t2:prandomized:tree211:i120006,4,2,23,randomized,0,12,test,-0.09332275390625,2,0,14,211,64
L2_W64_H4,1,test:d12:t2:prandomized:tree211:i120011,4,2,23,randomized,1,12,test,0.16643524169921875,2,1,14,211,64
L2_W64_H4,1,test:d12:t2:prandomized:tree307:i120006,4,2,23,randomized,0,12,test,0.06015586853027344,2,1,14,307,64
L2_W64_H4,0,test:d12:t2:prandomized:tree307:i120008,4,2,23,randomized,0,12,test,0.010471343994140625,2,1,14,307,64
L2_W64_H4,0,test:d12:t3:prandomized:tree101:i120012,4,2,23,randomized,0,12,test,-0.04630470275878906,3,0,14,101,64
L2_W64_H4,1,test:d12:t3:prandomized:tree101:i120014,4,2,23,randomized,0,12,test,-0.005290985107421875,3,0,14,101,64
L2_W64_H4,1,test:d12:t3:prandomized:tree211:i120006,4,2,23,randomized,0,12,test,-0.08679771423339844,3,0,14,211,64
L2_W64_H4,1,test:d12:t3:prandomized:tree211:i120011,4,2,23,randomized,1,12,test,0.1440868377685547,3,1,14,211,64
L2_W64_H4,1,test:d12:t3:prandomized:tree307:i120006,4,2,23,randomized,0,12,test,0.04604148864746094,3,1,14,307,64
L2_W64_H4,0,test:d12:t3:prandomized:tree307:i120008,4,2,23,randomized,0,12,test,0.03812599182128906,3,1,14,307,64
L2_W64_H4,1,validation:d12:t0:prandomized:tree101:i120011,4,2,23,randomized,1,12,validation,0.22008705139160156,0,1,14,101,64
L2_W64_H4,1,validation:d12:t0:prandomized:tree211:i120011,4,2,23,randomized,1,12,validation,0.019884109497070312,0,1,14,211,64
L2_W64_H4,0,validation:d12:t0:prandomized:tree307:i120000,4,2,23,randomized,0,12,validation,-0.17026138305664062,0,0,14,307,64
L2_W64_H4,1,validation:d12:t0:prandomized:tree307:i120010,4,2,23,randomized,0,12,validation,-0.04575920104980469,0,0,14,307,64
L2_W64_H4,1,validation:d12:t0:prandomized:tree307:i120014,4,2,23,randomized,0,12,validation,-0.25634002685546875,0,0,14,307,64
L2_W64_H4,1,validation:d12:t1:prandomized:tree101:i120011,4,2,23,randomized,1,12,validation,0.16431236267089844,1,1,14,101,64
L2_W64_H4,1,validation:d12:t1:prandomized:tree211:i120011,4,2,23,randomized,1,12,validation,0.005680084228515625,1,1,14,211,64
L2_W64_H4,0,validation:d12:t1:prandomized:tree307:i120000,4,2,23,randomized,0,12,validation,-0.12876129150390625,1,0,14,307,64
L2_W64_H4,1,validation:d12:t1:prandomized:tree307:i120010,4,2,23,randomized,0,12,validation,-0.03592872619628906,1,0,14,307,64
L2_W64_H4,1,validation:d12:t1:prandomized:tree307:i120014,4,2,23,randomized,0,12,validation,-0.19581222534179688,1,0,14,307,64
L2_W64_H4,1,validation:d12:t2:prandomized:tree101:i120011,4,2,23,randomized,1,12,validation,0.21944427490234375,2,1,14,101,64
L2_W64_H4,0,validation:d12:t2:prandomized:tree211:i120004,4,2,23,randomized,0,12,validation,-0.2186908721923828,2,0,14,211,64
L2_W64_H4,0,validation:d12:t2:prandomized:tree307:i120005,4,2,23,randomized,1,12,validation,-0.06156349182128906,2,0,14,307,64
L2_W64_H4,1,validation:d12:t2:prandomized:tree307:i120010,4,2,23,randomized,0,12,validation,-0.04635047912597656,2,0,14,307,64
L2_W64_H4,1,validation:d12:t2:prandomized:tree307:i120011,4,2,23,randomized,1,12,validation,0.0100555419921875,2,1,14,307,64
L2_W64_H4,1,validation:d12:t2:prandomized:tree307:i120014,4,2,23,randomized,0,12,validation,-0.2545948028564453,2,0,14,307,64
L2_W64_H4,1,validation:d12:t3:prandomized:tree101:i120011,4,2,23,randomized,1,12,validation,0.16655540466308594,3,1,14,101,64
L2_W64_H4,0,validation:d12:t3:prandomized:tree211:i120004,4,2,23,randomized,0,12,validation,-0.16836166381835938,3,0,14,211,64
L2_W64_H4,0,validation:d12:t3:prandomized:tree307:i120005,4,2,23,randomized,1,12,validation,-0.059803009033203125,3,0,14,307,64
L2_W64_H4,1,validation:d12:t3:prandomized:tree307:i120010,4,2,23,randomized,0,12,validation,-0.03685951232910156,3,0,14,307,64
L2_W64_H4,1,validation:d12:t3:prandomized:tree307:i120011,4,2,23,randomized,1,12,validation,0.007921218872070312,3,1,14,307,64
L2_W64_H4,1,validation:d12:t3:prandomized:tree307:i120014,4,2,23,randomized,0,12,validation,-0.1928119659423828,3,0,14,307,64
L2_W64_H4,1,test:d12:t0:prandomized:tree101:i120011,4,2,23,randomized,1,12,test,0.19106292724609375,0,1,14,101,64
L2_W64_H4,1,test:d12:t0:prandomized:tree211:i120011,4,2,23,randomized,1,12,test,0.16404151916503906,0,1,14,211,64
L2_W64_H4,0,test:d12:t0:prandomized:tree307:i120000,4,2,23,randomized,0,12,test,-0.10428047180175781,0,0,14,307,64
L2_W64_H4,1,test:d12:t0:prandomized:tree307:i120010,4,2,23,randomized,0,12,test,-0.07991409301757812,0,0,14,307,64
L2_W64_H4,1,test:d12:t0:prandomized:tree307:i120014,4,2,23,randomized,0,12,test,-0.08374595642089844,0,0,14,307,64
L2_W64_H4,1,test:d12:t1:prandomized:tree101:i120011,4,2,23,randomized,1,12,test,0.1615142822265625,1,1,14,101,64
L2_W64_H4,1,test:d12:t1:prandomized:tree211:i120011,4,2,23,randomized,1,12,test,0.1364269256591797,1,1,14,211,64
L2_W64_H4,0,test:d12:t1:prandomized:tree307:i120000,4,2,23,randomized,0,12,test,-0.10248565673828125,1,0,14,307,64
L2_W64_H4,1,test:d12:t1:prandomized:tree307:i120010,4,2,23,randomized,0,12,test,-0.05893707275390625,1,0,14,307,64
L2_W64_H4,1,test:d12:t1:prandomized:tree307:i120014,4,2,23,randomized,0,12,test,-0.06755638122558594,1,0,14,307,64
L2_W64_H4,1,test:d12:t2:prandomized:tree101:i120011,4,2,23,randomized,1,12,test,0.18915939331054688,2,1,14,101,64
L2_W64_H4,0,test:d12:t2:prandomized:tree211:i120004,4,2,23,randomized,0,12,test,-0.18741416931152344,2,0,14,211,64
L2_W64_H4,0,test:d12:t2:prandomized:tree307:i120005,4,2,23,randomized,1,12,test,-0.06985092163085938,2,0,14,307,64
L2_W64_H4,1,test:d12:t2:prandomized:tree307:i120010,4,2,23,randomized,0,12,test,-0.08216094970703125,2,0,14,307,64
L2_W64_H4,1,test:d12:t2:prandomized:tree307:i120011,4,2,23,randomized,1,12,test,0.14594650268554688,2,1,14,307,64
L2_W64_H4,1,test:d12:t2:prandomized:tree307:i120014,4,2,23,randomized,0,12,test,-0.08646965026855469,2,0,14,307,64
L2_W64_H4,1,test:d12:t3:prandomized:tree101:i120011,4,2,23,randomized,1,12,test,0.15941238403320312,3,1,14,101,64
L2_W64_H4,0,test:d12:t3:prandomized:tree211:i120004,4,2,23,randomized,0,12,test,-0.15985488891601562,3,0,14,211,64
L2_W64_H4,0,test:d12:t3:prandomized:tree307:i120005,4,2,23,randomized,1,12,test,-0.07779884338378906,3,0,14,307,64
L2_W64_H4,1,test:d12:t3:prandomized:tree307:i120010,4,2,23,randomized,0,12,test,-0.05780601501464844,3,0,14,307,64
L2_W64_H4,1,test:d12:t3:prandomized:tree307:i120011,4,2,23,randomized,1,12,test,0.1475353240966797,3,1,14,307,64
L2_W64_H4,1,test:d12:t3:prandomized:tree307:i120014,4,2,23,randomized,0,12,test,-0.06739425659179688,3,0,14,307,64
L2_W64_H4,0,validation:d12:t0:prandomized:tree101:i120009,4,2,23,randomized,1,12,validation,0.057498931884765625,0,1,14,101,64
L2_W64_H4,1,validation:d12:t0:prandomized:tree101:i120010,4,2,23,randomized,0,12,validation,-0.046131134033203125,0,0,14,101,64
L2_W64_H4,1,validation:d12:t0:prandomized:tree211:i120003,4,2,23,randomized,1,12,validation,0.05931854248046875,0,1,14,211,64
L2_W64_H4,0,validation:d12:t0:prandomized:tree211:i120005,4,2,23,randomized,1,12,validation,0.042285919189453125,0,1,14,211,64
L2_W64_H4,1,validation:d12:t0:prandomized:tree211:i120006,4,2,23,randomized,0,12,validation,-0.10661125183105469,0,0,14,211,64
L2_W64_H4,0,validation:d12:t0:prandomized:tree211:i120012,4,2,23,randomized,0,12,validation,-0.13970947265625,0,0,14,211,64
L2_W64_H4,0,validation:d12:t1:prandomized:tree101:i120009,4,2,23,randomized,1,12,validation,0.0313720703125,1,1,14,101,64
L2_W64_H4,1,validation:d12:t1:prandomized:tree101:i120010,4,2,23,randomized,0,12,validation,-0.028345108032226562,1,0,14,101,64
L2_W64_H4,1,validation:d12:t1:prandomized:tree211:i120003,4,2,23,randomized,1,12,validation,0.03993797302246094,1,1,14,211,64
L2_W64_H4,0,validation:d12:t1:prandomized:tree211:i120005,4,2,23,randomized,1,12,validation,0.028369903564453125,1,1,14,211,64
L2_W64_H4,1,validation:d12:t1:prandomized:tree211:i120006,4,2,23,randomized,0,12,validation,-0.10134315490722656,1,0,14,211,64
L2_W64_H4,0,validation:d12:t1:prandomized:tree211:i120012,4,2,23,randomized,0,12,validation,-0.08220863342285156,1,0,14,211,64
L2_W64_H4,0,validation:d12:t2:prandomized:tree101:i120000,4,2,23,randomized,0,12,validation,-0.014753341674804688,2,0,14,101,64
L2_W64_H4,0,validation:d12:t2:prandomized:tree101:i120001,4,2,23,randomized,1,12,validation,0.2410144805908203,2,1,14,101,64
L2_W64_H4,0,validation:d12:t2:prandomized:tree101:i120008,4,2,23,randomized,0,12,validation,-0.000835418701171875,2,0,14,101,64
L2_W64_H4,0,validation:d12:t2:prandomized:tree211:i120005,4,2,23,randomized,1,12,validation,0.03677558898925781,2,1,14,211,64
L2_W64_H4,0,validation:d12:t2:prandomized:tree211:i120013,4,2,23,randomized,1,12,validation,-0.0016231536865234375,2,0,14,211,64
L2_W64_H4,1,validation:d12:t2:prandomized:tree307:i120003,4,2,23,randomized,1,12,validation,0.1734161376953125,2,1,14,307,64
L2_W64_H4,0,validation:d12:t3:prandomized:tree101:i120000,4,2,23,randomized,0,12,validation,-0.022989273071289062,3,0,14,101,64
L2_W64_H4,0,validation:d12:t3:prandomized:tree101:i120001,4,2,23,randomized,1,12,validation,0.230560302734375,3,1,14,101,64
L2_W64_H4,0,validation:d12:t3:prandomized:tree101:i120008,4,2,23,randomized,0,12,validation,0.0020694732666015625,3,1,14,101,64
L2_W64_H4,0,validation:d12:t3:prandomized:tree211:i120005,4,2,23,randomized,1,12,validation,0.029293060302734375,3,1,14,211,64
L2_W64_H4,0,validation:d12:t3:prandomized:tree211:i120013,4,2,23,randomized,1,12,validation,0.01821136474609375,3,1,14,211,64
L2_W64_H4,1,validation:d12:t3:prandomized:tree307:i120003,4,2,23,randomized,1,12,validation,0.12397575378417969,3,1,14,307,64
L2_W64_H4,0,test:d12:t0:prandomized:tree101:i120009,4,2,23,randomized,1,12,test,0.14511680603027344,0,1,14,101,64
L2_W64_H4,1,test:d12:t0:prandomized:tree101:i120010,4,2,23,randomized,0,12,test,-0.26589012145996094,0,0,14,101,64
L2_W64_H4,1,test:d12:t0:prandomized:tree211:i120003,4,2,23,randomized,1,12,test,0.05179786682128906,0,1,14,211,64
L2_W64_H4,0,test:d12:t0:prandomized:tree211:i120005,4,2,23,randomized,1,12,test,0.17426490783691406,0,1,14,211,64
L2_W64_H4,1,test:d12:t0:prandomized:tree211:i120006,4,2,23,randomized,0,12,test,-0.08811569213867188,0,0,14,211,64
L2_W64_H4,0,test:d12:t0:prandomized:tree211:i120012,4,2,23,randomized,0,12,test,-0.14519309997558594,0,0,14,211,64
L2_W64_H4,0,test:d12:t1:prandomized:tree101:i120009,4,2,23,randomized,1,12,test,0.10244369506835938,1,1,14,101,64
L2_W64_H4,1,test:d12:t1:prandomized:tree101:i120010,4,2,23,randomized,0,12,test,-0.2417316436767578,1,0,14,101,64
L2_W64_H4,1,test:d12:t1:prandomized:tree211:i120003,4,2,23,randomized,1,12,test,0.0517730712890625,1,1,14,211,64
L2_W64_H4,0,test:d12:t1:prandomized:tree211:i120005,4,2,23,randomized,1,12,test,0.17315101623535156,1,1,14,211,64
L2_W64_H4,1,test:d12:t1:prandomized:tree211:i120006,4,2,23,randomized,0,12,test,-0.07884025573730469,1,0,14,211,64
L2_W64_H4,0,test:d12:t1:prandomized:tree211:i120012,4,2,23,randomized,0,12,test,-0.11086845397949219,1,0,14,211,64
L2_W64_H4,0,test:d12:t2:prandomized:tree101:i120000,4,2,23,randomized,0,12,test,-0.16535568237304688,2,0,14,101,64
L2_W64_H4,0,test:d12:t2:prandomized:tree101:i120001,4,2,23,randomized,1,12,test,0.037601470947265625,2,1,14,101,64
L2_W64_H4,0,test:d12:t2:prandomized:tree101:i120008,4,2,23,randomized,0,12,test,-0.1426563262939453,2,0,14,101,64
L2_W64_H4,0,test:d12:t2:prandomized:tree211:i120005,4,2,23,randomized,1,12,test,0.1745471954345703,2,1,14,211,64
L2_W64_H4,0,test:d12:t2:prandomized:tree211:i120013,4,2,23,randomized,1,12,test,0.010303497314453125,2,1,14,211,64
L2_W64_H4,1,test:d12:t2:prandomized:tree307:i120003,4,2,23,randomized,1,12,test,0.10063552856445312,2,1,14,307,64
L2_W64_H4,0,test:d12:t3:prandomized:tree101:i120000,4,2,23,randomized,0,12,test,-0.13623428344726562,3,0,14,101,64
L2_W64_H4,0,test:d12:t3:prandomized:tree101:i120001,4,2,23,randomized,1,12,test,0.0305633544921875,3,1,14,101,64
L2_W64_H4,0,test:d12:t3:prandomized:tree101:i120008,4,2,23,randomized,0,12,test,-0.1441059112548828,3,0,14,101,64
L2_W64_H4,0,test:d12:t3:prandomized:tree211:i120005,4,2,23,randomized,1,12,test,0.1725330352783203,3,1,14,211,64
L2_W64_H4,0,test:d12:t3:prandomized:tree211:i120013,4,2,23,randomized,1,12,test,0.0109405517578125,3,1,14,211,64
L2_W64_H4,1,test:d12:t3:prandomized:tree307:i120003,4,2,23,randomized,1,12,test,0.09824371337890625,3,1,14,307,64
L2_W64_H4,0,validation:d16:t0:paligned:tree101:i160000,4,2,23,aligned,0,16,validation,-0.08399009704589844,0,0,18,101,64
L2_W64_H4,0,validation:d16:t0:paligned:tree101:i160001,4,2,23,aligned,1,16,validation,0.29282188415527344,0,1,18,101,64
L2_W64_H4,1,validation:d16:t0:paligned:tree101:i160002,4,2,23,aligned,0,16,validation,-0.022928237915039062,0,0,18,101,64
L2_W64_H4,1,validation:d16:t0:paligned:tree101:i160003,4,2,23,aligned,1,16,validation,0.17717552185058594,0,1,18,101,64
L2_W64_H4,0,validation:d16:t0:paligned:tree101:i160004,4,2,23,aligned,0,16,validation,-0.20876502990722656,0,0,18,101,64
L2_W64_H4,0,validation:d16:t0:paligned:tree101:i160005,4,2,23,aligned,1,16,validation,0.26578712463378906,0,1,18,101,64
L2_W64_H4,1,validation:d16:t0:paligned:tree101:i160006,4,2,23,aligned,0,16,validation,0.0592193603515625,0,1,18,101,64
L2_W64_H4,1,validation:d16:t0:paligned:tree101:i160007,4,2,23,aligned,1,16,validation,0.15144729614257812,0,1,18,101,64
L2_W64_H4,0,validation:d16:t0:paligned:tree101:i160008,4,2,23,aligned,0,16,validation,-0.017749786376953125,0,0,18,101,64
L2_W64_H4,0,validation:d16:t0:paligned:tree101:i160009,4,2,23,aligned,1,16,validation,0.3977508544921875,0,1,18,101,64
L2_W64_H4,1,validation:d16:t0:paligned:tree101:i160010,4,2,23,aligned,0,16,validation,-0.41368675231933594,0,0,18,101,64
L2_W64_H4,1,validation:d16:t0:paligned:tree101:i160011,4,2,23,aligned,1,16,validation,0.03589439392089844,0,1,18,101,64
L2_W64_H4,0,validation:d16:t0:paligned:tree101:i160012,4,2,23,aligned,0,16,validation,-0.2530937194824219,0,0,18,101,64
L2_W64_H4,0,validation:d16:t0:paligned:tree101:i160013,4,2,23,aligned,1,16,validation,0.19958877563476562,0,1,18,101,64
L2_W64_H4,1,validation:d16:t0:paligned:tree101:i160014,4,2,23,aligned,0,16,validation,-0.14037704467773438,0,0,18,101,64
L2_W64_H4,1,validation:d16:t0:paligned:tree101:i160015,4,2,23,aligned,1,16,validation,0.1443023681640625,0,1,18,101,64
L2_W64_H4,0,validation:d16:t0:paligned:tree211:i160000,4,2,23,aligned,0,16,validation,-0.02001953125,0,0,18,211,64
L2_W64_H4,0,validation:d16:t0:paligned:tree211:i160001,4,2,23,aligned,1,16,validation,0.08307456970214844,0,1,18,211,64
L2_W64_H4,1,validation:d16:t0:paligned:tree211:i160002,4,2,23,aligned,0,16,validation,0.035617828369140625,0,1,18,211,64
L2_W64_H4,1,validation:d16:t0:paligned:tree211:i160003,4,2,23,aligned,1,16,validation,0.36422157287597656,0,1,18,211,64
L2_W64_H4,0,validation:d16:t0:paligned:tree211:i160004,4,2,23,aligned,0,16,validation,-0.07263946533203125,0,0,18,211,64
L2_W64_H4,0,validation:d16:t0:paligned:tree211:i160005,4,2,23,aligned,1,16,validation,0.13213348388671875,0,1,18,211,64
L2_W64_H4,1,validation:d16:t0:paligned:tree211:i160006,4,2,23,aligned,0,16,validation,-0.35875511169433594,0,0,18,211,64
L2_W64_H4,1,validation:d16:t0:paligned:tree211:i160007,4,2,23,aligned,1,16,validation,0.1626415252685547,0,1,18,211,64
L2_W64_H4,0,validation:d16:t0:paligned:tree211:i160008,4,2,23,aligned,0,16,validation,-0.10392379760742188,0,0,18,211,64
L2_W64_H4,0,validation:d16:t0:paligned:tree211:i160009,4,2,23,aligned,1,16,validation,-0.0082244873046875,0,0,18,211,64
L2_W64_H4,1,validation:d16:t0:paligned:tree211:i160010,4,2,23,aligned,0,16,validation,-0.07325553894042969,0,0,18,211,64
L2_W64_H4,1,validation:d16:t0:paligned:tree211:i160011,4,2,23,aligned,1,16,validation,0.0183563232421875,0,1,18,211,64
L2_W64_H4,0,validation:d16:t0:paligned:tree211:i160012,4,2,23,aligned,0,16,validation,-0.16927719116210938,0,0,18,211,64
L2_W64_H4,0,validation:d16:t0:paligned:tree211:i160013,4,2,23,aligned,1,16,validation,0.08270835876464844,0,1,18,211,64
L2_W64_H4,1,validation:d16:t0:paligned:tree211:i160014,4,2,23,aligned,0,16,validation,-0.068084716796875,0,0,18,211,64
L2_W64_H4,1,validation:d16:t0:paligned:tree211:i160015,4,2,23,aligned,1,16,validation,0.019618988037109375,0,1,18,211,64
L2_W64_H4,0,validation:d16:t0:paligned:tree307:i160000,4,2,23,aligned,0,16,validation,0.0056858062744140625,0,1,18,307,64
L2_W64_H4,0,validation:d16:t0:paligned:tree307:i160001,4,2,23,aligned,1,16,validation,0.2553081512451172,0,1,18,307,64
L2_W64_H4,1,validation:d16:t0:paligned:tree307:i160002,4,2,23,aligned,0,16,validation,-0.10728836059570312,0,0,18,307,64
L2_W64_H4,1,validation:d16:t0:paligned:tree307:i160003,4,2,23,aligned,1,16,validation,0.23696136474609375,0,1,18,307,64
L2_W64_H4,0,validation:d16:t0:paligned:tree307:i160004,4,2,23,aligned,0,16,validation,-0.20541954040527344,0,0,18,307,64
L2_W64_H4,0,validation:d16:t0:paligned:tree307:i160005,4,2,23,aligned,1,16,validation,0.1985607147216797,0,1,18,307,64
L2_W64_H4,1,validation:d16:t0:paligned:tree307:i160006,4,2,23,aligned,0,16,validation,0.025035858154296875,0,1,18,307,64
L2_W64_H4,1,validation:d16:t0:paligned:tree307:i160007,4,2,23,aligned,1,16,validation,-0.0069828033447265625,0,0,18,307,64
L2_W64_H4,0,validation:d16:t0:paligned:tree307:i160008,4,2,23,aligned,0,16,validation,-0.05520057678222656,0,0,18,307,64
L2_W64_H4,0,validation:d16:t0:paligned:tree307:i160009,4,2,23,aligned,1,16,validation,-0.03618049621582031,0,0,18,307,64
L2_W64_H4,1,validation:d16:t0:paligned:tree307:i160010,4,2,23,aligned,0,16,validation,-0.20312118530273438,0,0,18,307,64
L2_W64_H4,1,validation:d16:t0:paligned:tree307:i160011,4,2,23,aligned,1,16,validation,0.06559944152832031,0,1,18,307,64
L2_W64_H4,0,validation:d16:t0:paligned:tree307:i160012,4,2,23,aligned,0,16,validation,-0.29609107971191406,0,0,18,307,64
L2_W64_H4,0,validation:d16:t0:paligned:tree307:i160013,4,2,23,aligned,1,16,validation,-0.0258026123046875,0,0,18,307,64
L2_W64_H4,1,validation:d16:t0:paligned:tree307:i160014,4,2,23,aligned,0,16,validation,-0.22142601013183594,0,0,18,307,64
L2_W64_H4,1,validation:d16:t0:paligned:tree307:i160015,4,2,23,aligned,1,16,validation,0.003803253173828125,0,1,18,307,64
L2_W64_H4,0,validation:d16:t0:prandomized:tree101:i160000,4,2,23,randomized,0,16,validation,-0.08399200439453125,0,0,18,101,64
L2_W64_H4,1,validation:d16:t0:prandomized:tree101:i160010,4,2,23,randomized,0,16,validation,-0.41368675231933594,0,0,18,101,64
L2_W64_H4,1,validation:d16:t0:prandomized:tree101:i160015,4,2,23,randomized,1,16,validation,0.1443023681640625,0,1,18,101,64
L2_W64_H4,1,validation:d16:t0:prandomized:tree211:i160003,4,2,23,randomized,1,16,validation,0.36422157287597656,0,1,18,211,64
L2_W64_H4,1,validation:d16:t0:prandomized:tree211:i160007,4,2,23,randomized,1,16,validation,0.1626415252685547,0,1,18,211,64
L2_W64_H4,0,validation:d16:t0:prandomized:tree211:i160008,4,2,23,randomized,0,16,validation,-0.10392379760742188,0,0,18,211,64
L2_W64_H4,0,validation:d16:t0:prandomized:tree211:i160009,4,2,23,randomized,1,16,validation,-0.0082244873046875,0,0,18,211,64
L2_W64_H4,1,validation:d16:t0:prandomized:tree307:i160002,4,2,23,randomized,0,16,validation,-0.10728836059570312,0,0,18,307,64
L2_W64_H4,1,validation:d16:t0:prandomized:tree307:i160007,4,2,23,randomized,1,16,validation,-0.0069828033447265625,0,0,18,307,64
L2_W64_H4,0,validation:d16:t0:prandomized:tree307:i160012,4,2,23,randomized,0,16,validation,-0.29609107971191406,0,0,18,307,64
L2_W64_H4,0,validation:d16:t1:paligned:tree101:i160000,4,2,23,aligned,0,16,validation,-0.10515975952148438,1,0,18,101,64
L2_W64_H4,0,validation:d16:t1:paligned:tree101:i160001,4,2,23,aligned,1,16,validation,0.293731689453125,1,1,18,101,64
L2_W64_H4,1,validation:d16:t1:paligned:tree101:i160002,4,2,23,aligned,0,16,validation,-0.03155517578125,1,0,18,101,64
L2_W64_H4,1,validation:d16:t1:paligned:tree101:i160003,4,2,23,aligned,1,16,validation,0.17708587646484375,1,1,18,101,64
L2_W64_H4,0,validation:d16:t1:paligned:tree101:i160004,4,2,23,aligned,0,16,validation,-0.20954322814941406,1,0,18,101,64
L2_W64_H4,0,validation:d16:t1:paligned:tree101:i160005,4,2,23,aligned,1,16,validation,0.2689361572265625,1,1,18,101,64
L2_W64_H4,1,validation:d16:t1:paligned:tree101:i160006,4,2,23,aligned,0,16,validation,0.04826927185058594,1,1,18,101,64
L2_W64_H4,1,validation:d16:t1:paligned:tree101:i160007,4,2,23,aligned,1,16,validation,0.14494705200195312,1,1,18,101,64
L2_W64_H4,0,validation:d16:t1:paligned:tree101:i160008,4,2,23,aligned,0,16,validation,-0.0204315185546875,1,0,18,101,64
L2_W64_H4,0,validation:d16:t1:paligned:tree101:i160009,4,2,23,aligned,1,16,validation,0.3531608581542969,1,1,18,101,64
L2_W64_H4,1,validation:d16:t1:paligned:tree101:i160010,4,2,23,aligned,0,16,validation,-0.36928558349609375,1,0,18,101,64
L2_W64_H4,1,validation:d16:t1:paligned:tree101:i160011,4,2,23,aligned,1,16,validation,0.04303169250488281,1,1,18,101,64
L2_W64_H4,0,validation:d16:t1:paligned:tree101:i160012,4,2,23,aligned,0,16,validation,-0.23375701904296875,1,0,18,101,64
L2_W64_H4,0,validation:d16:t1:paligned:tree101:i160013,4,2,23,aligned,1,16,validation,0.2027111053466797,1,1,18,101,64
L2_W64_H4,1,validation:d16:t1:paligned:tree101:i160014,4,2,23,aligned,0,16,validation,-0.15324020385742188,1,0,18,101,64
L2_W64_H4,1,validation:d16:t1:paligned:tree101:i160015,4,2,23,aligned,1,16,validation,0.130279541015625,1,1,18,101,64
L2_W64_H4,0,validation:d16:t1:paligned:tree211:i160000,4,2,23,aligned,0,16,validation,-0.03478431701660156,1,0,18,211,64
L2_W64_H4,0,validation:d16:t1:paligned:tree211:i160001,4,2,23,aligned,1,16,validation,0.09278488159179688,1,1,18,211,64
L2_W64_H4,1,validation:d16:t1:paligned:tree211:i160002,4,2,23,aligned,0,16,validation,0.0066051483154296875,1,1,18,211,64
L2_W64_H4,1,validation:d16:t1:paligned:tree211:i160003,4,2,23,aligned,1,16,validation,0.32141876220703125,1,1,18,211,64
L2_W64_H4,0,validation:d16:t1:paligned:tree211:i160004,4,2,23,aligned,0,16,validation,-0.07981109619140625,1,0,18,211,64
L2_W64_H4,0,validation:d16:t1:paligned:tree211:i160005,4,2,23,aligned,1,16,validation,0.1434173583984375,1,1,18,211,64
L2_W64_H4,1,validation:d16:t1:paligned:tree211:i160006,4,2,23,aligned,0,16,validation,-0.36797523498535156,1,0,18,211,64
L2_W64_H4,1,validation:d16:t1:paligned:tree211:i160007,4,2,23,aligned,1,16,validation,0.168731689453125,1,1,18,211,64
L2_W64_H4,0,validation:d16:t1:paligned:tree211:i160008,4,2,23,aligned,0,16,validation,-0.11340904235839844,1,0,18,211,64
L2_W64_H4,0,validation:d16:t1:paligned:tree211:i160009,4,2,23,aligned,1,16,validation,0.0003986358642578125,1,1,18,211,64
L2_W64_H4,1,validation:d16:t1:paligned:tree211:i160010,4,2,23,aligned,0,16,validation,-0.08960342407226562,1,0,18,211,64
L2_W64_H4,1,validation:d16:t1:paligned:tree211:i160011,4,2,23,aligned,1,16,validation,0.02207183837890625,1,1,18,211,64
L2_W64_H4,0,validation:d16:t1:paligned:tree211:i160012,4,2,23,aligned,0,16,validation,-0.1746082305908203,1,0,18,211,64
L2_W64_H4,0,validation:d16:t1:paligned:tree211:i160013,4,2,23,aligned,1,16,validation,0.08991241455078125,1,1,18,211,64
L2_W64_H4,1,validation:d16:t1:paligned:tree211:i160014,4,2,23,aligned,0,16,validation,-0.06943130493164062,1,0,18,211,64
L2_W64_H4,1,validation:d16:t1:paligned:tree211:i160015,4,2,23,aligned,1,16,validation,0.031650543212890625,1,1,18,211,64
L2_W64_H4,0,validation:d16:t1:paligned:tree307:i160000,4,2,23,aligned,0,16,validation,-0.018655776977539062,1,0,18,307,64
L2_W64_H4,0,validation:d16:t1:paligned:tree307:i160001,4,2,23,aligned,1,16,validation,0.25740814208984375,1,1,18,307,64
L2_W64_H4,1,validation:d16:t1:paligned:tree307:i160002,4,2,23,aligned,0,16,validation,-0.11885261535644531,1,0,18,307,64
L2_W64_H4,1,validation:d16:t1:paligned:tree307:i160003,4,2,23,aligned,1,16,validation,0.23908615112304688,1,1,18,307,64
L2_W64_H4,0,validation:d16:t1:paligned:tree307:i160004,4,2,23,aligned,0,16,validation,-0.19266891479492188,1,0,18,307,64
L2_W64_H4,0,validation:d16:t1:paligned:tree307:i160005,4,2,23,aligned,1,16,validation,0.2034778594970703,1,1,18,307,64
L2_W64_H4,1,validation:d16:t1:paligned:tree307:i160006,4,2,23,aligned,0,16,validation,-0.015840530395507812,1,0,18,307,64
L2_W64_H4,1,validation:d16:t1:paligned:tree307:i160007,4,2,23,aligned,1,16,validation,0.00559234619140625,1,1,18,307,64
L2_W64_H4,0,validation:d16:t1:paligned:tree307:i160008,4,2,23,aligned,0,16,validation,-0.06683158874511719,1,0,18,307,64
L2_W64_H4,0,validation:d16:t1:paligned:tree307:i160009,4,2,23,aligned,1,16,validation,-0.005970001220703125,1,0,18,307,64
L2_W64_H4,1,validation:d16:t1:paligned:tree307:i160010,4,2,23,aligned,0,16,validation,-0.18429946899414062,1,0,18,307,64
L2_W64_H4,1,validation:d16:t1:paligned:tree307:i160011,4,2,23,aligned,1,16,validation,0.08207321166992188,1,1,18,307,64
L2_W64_H4,0,validation:d16:t1:paligned:tree307:i160012,4,2,23,aligned,0,16,validation,-0.2988910675048828,1,0,18,307,64
L2_W64_H4,0,validation:d16:t1:paligned:tree307:i160013,4,2,23,aligned,1,16,validation,-0.016946792602539062,1,0,18,307,64
L2_W64_H4,1,validation:d16:t1:paligned:tree307:i160014,4,2,23,aligned,0,16,validation,-0.20058441162109375,1,0,18,307,64
L2_W64_H4,1,validation:d16:t1:paligned:tree307:i160015,4,2,23,aligned,1,16,validation,0.013326644897460938,1,1,18,307,64
L2_W64_H4,0,validation:d16:t1:prandomized:tree101:i160000,4,2,23,randomized,0,16,validation,-0.10516166687011719,1,0,18,101,64
L2_W64_H4,1,validation:d16:t1:prandomized:tree101:i160010,4,2,23,randomized,0,16,validation,-0.36928558349609375,1,0,18,101,64
L2_W64_H4,1,validation:d16:t1:prandomized:tree101:i160015,4,2,23,randomized,1,16,validation,0.130279541015625,1,1,18,101,64
L2_W64_H4,1,validation:d16:t1:prandomized:tree211:i160003,4,2,23,randomized,1,16,validation,0.32141876220703125,1,1,18,211,64
L2_W64_H4,1,validation:d16:t1:prandomized:tree211:i160007,4,2,23,randomized,1,16,validation,0.168731689453125,1,1,18,211,64
L2_W64_H4,0,validation:d16:t1:prandomized:tree211:i160008,4,2,23,randomized,0,16,validation,-0.11340904235839844,1,0,18,211,64
L2_W64_H4,0,validation:d16:t1:prandomized:tree211:i160009,4,2,23,randomized,1,16,validation,0.0003986358642578125,1,1,18,211,64
L2_W64_H4,1,validation:d16:t1:prandomized:tree307:i160002,4,2,23,randomized,0,16,validation,-0.11885261535644531,1,0,18,307,64
L2_W64_H4,1,validation:d16:t1:prandomized:tree307:i160007,4,2,23,randomized,1,16,validation,0.00559234619140625,1,1,18,307,64
L2_W64_H4,0,validation:d16:t1:prandomized:tree307:i160012,4,2,23,randomized,0,16,validation,-0.2988910675048828,1,0,18,307,64
L2_W64_H4,0,validation:d16:t2:paligned:tree101:i160000,4,2,23,aligned,0,16,validation,-0.08293914794921875,2,0,18,101,64
L2_W64_H4,0,validation:d16:t2:paligned:tree101:i160001,4,2,23,aligned,1,16,validation,0.2934589385986328,2,1,18,101,64
L2_W64_H4,1,validation:d16:t2:paligned:tree101:i160002,4,2,23,aligned,0,16,validation,-0.026636123657226562,2,0,18,101,64
L2_W64_H4,1,validation:d16:t2:paligned:tree101:i160003,4,2,23,aligned,1,16,validation,0.17724227905273438,2,1,18,101,64
L2_W64_H4,0,validation:d16:t2:paligned:tree101:i160004,4,2,23,aligned,0,16,validation,-0.2052021026611328,2,0,18,101,64
L2_W64_H4,0,validation:d16:t2:paligned:tree101:i160005,4,2,23,aligned,1,16,validation,0.26738929748535156,2,1,18,101,64
L2_W64_H4,1,validation:d16:t2:paligned:tree101:i160006,4,2,23,aligned,0,16,validation,0.05872154235839844,2,1,18,101,64
L2_W64_H4,1,validation:d16:t2:paligned:tree101:i160007,4,2,23,aligned,1,16,validation,0.1517925262451172,2,1,18,101,64
L2_W64_H4,0,validation:d16:t2:paligned:tree101:i160008,4,2,23,aligned,0,16,validation,-0.016637802124023438,2,0,18,101,64
L2_W64_H4,0,validation:d16:t2:paligned:tree101:i160009,4,2,23,aligned,1,16,validation,0.39449310302734375,2,1,18,101,64
L2_W64_H4,1,validation:d16:t2:paligned:tree101:i160010,4,2,23,aligned,0,16,validation,-0.41321754455566406,2,0,18,101,64
L2_W64_H4,1,validation:d16:t2:paligned:tree101:i160011,4,2,23,aligned,1,16,validation,0.03542327880859375,2,1,18,101,64
L2_W64_H4,0,validation:d16:t2:paligned:tree101:i160012,4,2,23,aligned,0,16,validation,-0.25148963928222656,2,0,18,101,64
L2_W64_H4,0,validation:d16:t2:paligned:tree101:i160013,4,2,23,aligned,1,16,validation,0.19794464111328125,2,1,18,101,64
L2_W64_H4,1,validation:d16:t2:paligned:tree101:i160014,4,2,23,aligned,0,16,validation,-0.1427783966064453,2,0,18,101,64
L2_W64_H4,1,validation:d16:t2:paligned:tree101:i160015,4,2,23,aligned,1,16,validation,0.1432056427001953,2,1,18,101,64
L2_W64_H4,0,validation:d16:t2:paligned:tree211:i160000,4,2,23,aligned,0,16,validation,-0.0302581787109375,2,0,18,211,64
L2_W64_H4,0,validation:d16:t2:paligned:tree211:i160001,4,2,23,aligned,1,16,validation,0.08506584167480469,2,1,18,211,64
L2_W64_H4,1,validation:d16:t2:paligned:tree211:i160002,4,2,23,aligned,0,16,validation,0.03339576721191406,2,1,18,211,64
L2_W64_H4,1,validation:d16:t2:paligned:tree211:i160003,4,2,23,aligned,1,16,validation,0.36198997497558594,2,1,18,211,64
L2_W64_H4,0,validation:d16:t2:paligned:tree211:i160004,4,2,23,aligned,0,16,validation,-0.07103729248046875,2,0,18,211,64
L2_W64_H4,0,validation:d16:t2:paligned:tree211:i160005,4,2,23,aligned,1,16,validation,0.13216590881347656,2,1,18,211,64
L2_W64_H4,1,validation:d16:t2:paligned:tree211:i160006,4,2,23,aligned,0,16,validation,-0.3619422912597656,2,0,18,211,64
L2_W64_H4,1,validation:d16:t2:paligned:tree211:i160007,4,2,23,aligned,1,16,validation,0.16291236877441406,2,1,18,211,64
L2_W64_H4,0,validation:d16:t2:paligned:tree211:i160008,4,2,23,aligned,0,16,validation,-0.10369491577148438,2,0,18,211,64
L2_W64_H4,0,validation:d16:t2:paligned:tree211:i160009,4,2,23,aligned,1,16,validation,-0.015254974365234375,2,0,18,211,64
L2_W64_H4,1,validation:d16:t2:paligned:tree211:i160010,4,2,23,aligned,0,16,validation,-0.07184410095214844,2,0,18,211,64
L2_W64_H4,1,validation:d16:t2:paligned:tree211:i160011,4,2,23,aligned,1,16,validation,0.018056869506835938,2,1,18,211,64
L2_W64_H4,0,validation:d16:t2:paligned:tree211:i160012,4,2,23,aligned,0,16,validation,-0.16898345947265625,2,0,18,211,64
L2_W64_H4,0,validation:d16:t2:paligned:tree211:i160013,4,2,23,aligned,1,16,validation,0.08263969421386719,2,1,18,211,64
L2_W64_H4,1,validation:d16:t2:paligned:tree211:i160014,4,2,23,aligned,0,16,validation,-0.06897354125976562,2,0,18,211,64
L2_W64_H4,1,validation:d16:t2:paligned:tree211:i160015,4,2,23,aligned,1,16,validation,0.027605056762695312,2,1,18,211,64
L2_W64_H4,0,validation:d16:t2:paligned:tree307:i160000,4,2,23,aligned,0,16,validation,0.0018901824951171875,2,1,18,307,64
L2_W64_H4,0,validation:d16:t2:paligned:tree307:i160001,4,2,23,aligned,1,16,validation,0.25772857666015625,2,1,18,307,64
L2_W64_H4,1,validation:d16:t2:paligned:tree307:i160002,4,2,23,aligned,0,16,validation,-0.10381698608398438,2,0,18,307,64
L2_W64_H4,1,validation:d16:t2:paligned:tree307:i160003,4,2,23,aligned,1,16,validation,0.236083984375,2,1,18,307,64
L2_W64_H4,0,validation:d16:t2:paligned:tree307:i160004,4,2,23,aligned,0,16,validation,-0.20557022094726562,2,0,18,307,64
L2_W64_H4,0,validation:d16:t2:paligned:tree307:i160005,4,2,23,aligned,1,16,validation,0.1974163055419922,2,1,18,307,64
L2_W64_H4,1,validation:d16:t2:paligned:tree307:i160006,4,2,23,aligned,0,16,validation,0.0217132568359375,2,1,18,307,64
L2_W64_H4,1,validation:d16:t2:paligned:tree307:i160007,4,2,23,aligned,1,16,validation,-0.005970001220703125,2,0,18,307,64
L2_W64_H4,0,validation:d16:t2:paligned:tree307:i160008,4,2,23,aligned,0,16,validation,-0.05529975891113281,2,0,18,307,64
L2_W64_H4,0,validation:d16:t2:paligned:tree307:i160009,4,2,23,aligned,1,16,validation,-0.03495979309082031,2,0,18,307,64
L2_W64_H4,1,validation:d16:t2:paligned:tree307:i160010,4,2,23,aligned,0,16,validation,-0.20075225830078125,2,0,18,307,64
L2_W64_H4,1,validation:d16:t2:paligned:tree307:i160011,4,2,23,aligned,1,16,validation,0.06463813781738281,2,1,18,307,64
L2_W64_H4,0,validation:d16:t2:paligned:tree307:i160012,4,2,23,aligned,0,16,validation,-0.2875499725341797,2,0,18,307,64
L2_W64_H4,0,validation:d16:t2:paligned:tree307:i160013,4,2,23,aligned,1,16,validation,-0.025972366333007812,2,0,18,307,64
L2_W64_H4,1,validation:d16:t2:paligned:tree307:i160014,4,2,23,aligned,0,16,validation,-0.22113418579101562,2,0,18,307,64
L2_W64_H4,1,validation:d16:t2:paligned:tree307:i160015,4,2,23,aligned,1,16,validation,0.008741378784179688,2,1,18,307,64
L2_W64_H4,1,validation:d16:t2:prandomized:tree101:i160003,4,2,23,randomized,1,16,validation,0.17724227905273438,2,1,18,101,64
L2_W64_H4,0,validation:d16:t2:prandomized:tree101:i160004,4,2,23,randomized,0,16,validation,-0.2052021026611328,2,0,18,101,64
L2_W64_H4,0,validation:d16:t2:prandomized:tree101:i160012,4,2,23,randomized,0,16,validation,-0.25148963928222656,2,0,18,101,64
L2_W64_H4,0,validation:d16:t2:prandomized:tree101:i160013,4,2,23,randomized,1,16,validation,0.19794464111328125,2,1,18,101,64
L2_W64_H4,1,validation:d16:t2:prandomized:tree211:i160003,4,2,23,randomized,1,16,validation,0.36198997497558594,2,1,18,211,64
L2_W64_H4,1,validation:d16:t2:prandomized:tree211:i160011,4,2,23,randomized,1,16,validation,0.018056869506835938,2,1,18,211,64
L2_W64_H4,0,validation:d16:t2:prandomized:tree211:i160012,4,2,23,randomized,0,16,validation,-0.16898536682128906,2,0,18,211,64
L2_W64_H4,0,validation:d16:t2:prandomized:tree307:i160005,4,2,23,randomized,1,16,validation,0.197418212890625,2,1,18,307,64
L2_W64_H4,1,validation:d16:t2:prandomized:tree307:i160011,4,2,23,randomized,1,16,validation,0.06463813781738281,2,1,18,307,64
L2_W64_H4,0,validation:d16:t3:paligned:tree101:i160000,4,2,23,aligned,0,16,validation,-0.09609222412109375,3,0,18,101,64
L2_W64_H4,0,validation:d16:t3:paligned:tree101:i160001,4,2,23,aligned,1,16,validation,0.2935142517089844,3,1,18,101,64
L2_W64_H4,1,validation:d16:t3:paligned:tree101:i160002,4,2,23,aligned,0,16,validation,-0.022111892700195312,3,0,18,101,64
L2_W64_H4,1,validation:d16:t3:paligned:tree101:i160003,4,2,23,aligned,1,16,validation,0.17105674743652344,3,1,18,101,64
L2_W64_H4,0,validation:d16:t3:paligned:tree101:i160004,4,2,23,aligned,0,16,validation,-0.20139503479003906,3,0,18,101,64
L2_W64_H4,0,validation:d16:t3:paligned:tree101:i160005,4,2,23,aligned,1,16,validation,0.26761436462402344,3,1,18,101,64
L2_W64_H4,1,validation:d16:t3:paligned:tree101:i160006,4,2,23,aligned,0,16,validation,0.06107330322265625,3,1,18,101,64
L2_W64_H4,1,validation:d16:t3:paligned:tree101:i160007,4,2,23,aligned,1,16,validation,0.1376514434814453,3,1,18,101,64
L2_W64_H4,0,validation:d16:t3:paligned:tree101:i160008,4,2,23,aligned,0,16,validation,-0.008876800537109375,3,0,18,101,64
L2_W64_H4,0,validation:d16:t3:paligned:tree101:i160009,4,2,23,aligned,1,16,validation,0.34794044494628906,3,1,18,101,64
L2_W64_H4,1,validation:d16:t3:paligned:tree101:i160010,4,2,23,aligned,0,16,validation,-0.3672676086425781,3,0,18,101,64
L2_W64_H4,1,validation:d16:t3:paligned:tree101:i160011,4,2,23,aligned,1,16,validation,0.03212165832519531,3,1,18,101,64
L2_W64_H4,0,validation:d16:t3:paligned:tree101:i160012,4,2,23,aligned,0,16,validation,-0.2260303497314453,3,0,18,101,64
L2_W64_H4,0,validation:d16:t3:paligned:tree101:i160013,4,2,23,aligned,1,16,validation,0.19472312927246094,3,1,18,101,64
L2_W64_H4,1,validation:d16:t3:paligned:tree101:i160014,4,2,23,aligned,0,16,validation,-0.14342308044433594,3,0,18,101,64
L2_W64_H4,1,validation:d16:t3:paligned:tree101:i160015,4,2,23,aligned,1,16,validation,0.12298774719238281,3,1,18,101,64
L2_W64_H4,0,validation:d16:t3:paligned:tree211:i160000,4,2,23,aligned,0,16,validation,-0.03226280212402344,3,0,18,211,64
L2_W64_H4,0,validation:d16:t3:paligned:tree211:i160001,4,2,23,aligned,1,16,validation,0.08361625671386719,3,1,18,211,64
L2_W64_H4,1,validation:d16:t3:paligned:tree211:i160002,4,2,23,aligned,0,16,validation,0.017728805541992188,3,1,18,211,64
L2_W64_H4,1,validation:d16:t3:paligned:tree211:i160003,4,2,23,aligned,1,16,validation,0.3199501037597656,3,1,18,211,64
L2_W64_H4,0,validation:d16:t3:paligned:tree211:i160004,4,2,23,aligned,0,16,validation,-0.06981468200683594,3,0,18,211,64
L2_W64_H4,0,validation:d16:t3:paligned:tree211:i160005,4,2,23,aligned,1,16,validation,0.13450050354003906,3,1,18,211,64
L2_W64_H4,1,validation:d16:t3:paligned:tree211:i160006,4,2,23,aligned,0,16,validation,-0.3645000457763672,3,0,18,211,64
L2_W64_H4,1,validation:d16:t3:paligned:tree211:i160007,4,2,23,aligned,1,16,validation,0.16101646423339844,3,1,18,211,64
L2_W64_H4,0,validation:d16:t3:paligned:tree211:i160008,4,2,23,aligned,0,16,validation,-0.10509300231933594,3,0,18,211,64
L2_W64_H4,0,validation:d16:t3:paligned:tree211:i160009,4,2,23,aligned,1,16,validation,-0.012346267700195312,3,0,18,211,64
L2_W64_H4,1,validation:d16:t3:paligned:tree211:i160010,4,2,23,aligned,0,16,validation,-0.07958030700683594,3,0,18,211,64
L2_W64_H4,1,validation:d16:t3:paligned:tree211:i160011,4,2,23,aligned,1,16,validation,0.011510848999023438,3,1,18,211,64
L2_W64_H4,0,validation:d16:t3:paligned:tree211:i160012,4,2,23,aligned,0,16,validation,-0.166717529296875,3,0,18,211,64
L2_W64_H4,0,validation:d16:t3:paligned:tree211:i160013,4,2,23,aligned,1,16,validation,0.08144569396972656,3,1,18,211,64
L2_W64_H4,1,validation:d16:t3:paligned:tree211:i160014,4,2,23,aligned,0,16,validation,-0.06314277648925781,3,0,18,211,64
L2_W64_H4,1,validation:d16:t3:paligned:tree211:i160015,4,2,23,aligned,1,16,validation,0.029104232788085938,3,1,18,211,64
L2_W64_H4,0,validation:d16:t3:paligned:tree307:i160000,4,2,23,aligned,0,16,validation,-0.00777435302734375,3,0,18,307,64
L2_W64_H4,0,validation:d16:t3:paligned:tree307:i160001,4,2,23,aligned,1,16,validation,0.24846458435058594,3,1,18,307,64
L2_W64_H4,1,validation:d16:t3:paligned:tree307:i160002,4,2,23,aligned,0,16,validation,-0.10589981079101562,3,0,18,307,64
L2_W64_H4,1,validation:d16:t3:paligned:tree307:i160003,4,2,23,aligned,1,16,validation,0.23293113708496094,3,1,18,307,64
L2_W64_H4,0,validation:d16:t3:paligned:tree307:i160004,4,2,23,aligned,0,16,validation,-0.1863880157470703,3,0,18,307,64
L2_W64_H4,0,validation:d16:t3:paligned:tree307:i160005,4,2,23,aligned,1,16,validation,0.19893264770507812,3,1,18,307,64
L2_W64_H4,1,validation:d16:t3:paligned:tree307:i160006,4,2,23,aligned,0,16,validation,-0.0066585540771484375,3,0,18,307,64
L2_W64_H4,1,validation:d16:t3:paligned:tree307:i160007,4,2,23,aligned,1,16,validation,-0.00940704345703125,3,0,18,307,64
L2_W64_H4,0,validation:d16:t3:paligned:tree307:i160008,4,2,23,aligned,0,16,validation,-0.05253028869628906,3,0,18,307,64
L2_W64_H4,0,validation:d16:t3:paligned:tree307:i160009,4,2,23,aligned,1,16,validation,-0.019092559814453125,3,0,18,307,64
L2_W64_H4,1,validation:d16:t3:paligned:tree307:i160010,4,2,23,aligned,0,16,validation,-0.1798553466796875,3,0,18,307,64
L2_W64_H4,1,validation:d16:t3:paligned:tree307:i160011,4,2,23,aligned,1,16,validation,0.07411384582519531,3,1,18,307,64
L2_W64_H4,0,validation:d16:t3:paligned:tree307:i160012,4,2,23,aligned,0,16,validation,-0.281524658203125,3,0,18,307,64
L2_W64_H4,0,validation:d16:t3:paligned:tree307:i160013,4,2,23,aligned,1,16,validation,-0.028203964233398438,3,0,18,307,64
L2_W64_H4,1,validation:d16:t3:paligned:tree307:i160014,4,2,23,aligned,0,16,validation,-0.1938343048095703,3,0,18,307,64
L2_W64_H4,1,validation:d16:t3:paligned:tree307:i160015,4,2,23,aligned,1,16,validation,0.006778717041015625,3,1,18,307,64
L2_W64_H4,1,validation:d16:t3:prandomized:tree101:i160003,4,2,23,randomized,1,16,validation,0.17105674743652344,3,1,18,101,64
L2_W64_H4,0,validation:d16:t3:prandomized:tree101:i160004,4,2,23,randomized,0,16,validation,-0.20139503479003906,3,0,18,101,64
L2_W64_H4,0,validation:d16:t3:prandomized:tree101:i160012,4,2,23,randomized,0,16,validation,-0.2260303497314453,3,0,18,101,64
L2_W64_H4,0,validation:d16:t3:prandomized:tree101:i160013,4,2,23,randomized,1,16,validation,0.19472312927246094,3,1,18,101,64
L2_W64_H4,1,validation:d16:t3:prandomized:tree211:i160003,4,2,23,randomized,1,16,validation,0.3199481964111328,3,1,18,211,64
L2_W64_H4,1,validation:d16:t3:prandomized:tree211:i160011,4,2,23,randomized,1,16,validation,0.011510848999023438,3,1,18,211,64
L2_W64_H4,0,validation:d16:t3:prandomized:tree211:i160012,4,2,23,randomized,0,16,validation,-0.166717529296875,3,0,18,211,64
L2_W64_H4,0,validation:d16:t3:prandomized:tree307:i160005,4,2,23,randomized,1,16,validation,0.19893264770507812,3,1,18,307,64
L2_W64_H4,1,validation:d16:t3:prandomized:tree307:i160011,4,2,23,randomized,1,16,validation,0.07411384582519531,3,1,18,307,64
L2_W64_H4,0,test:d16:t0:paligned:tree101:i160000,4,2,23,aligned,0,16,test,-0.042804718017578125,0,0,18,101,64
L2_W64_H4,0,test:d16:t0:paligned:tree101:i160001,4,2,23,aligned,1,16,test,0.05764007568359375,0,1,18,101,64
L2_W64_H4,1,test:d16:t0:paligned:tree101:i160002,4,2,23,aligned,0,16,test,-0.21406936645507812,0,0,18,101,64
L2_W64_H4,1,test:d16:t0:paligned:tree101:i160003,4,2,23,aligned,1,16,test,0.33695030212402344,0,1,18,101,64
L2_W64_H4,0,test:d16:t0:paligned:tree101:i160004,4,2,23,aligned,0,16,test,0.030569076538085938,0,1,18,101,64
L2_W64_H4,0,test:d16:t0:paligned:tree101:i160005,4,2,23,aligned,1,16,test,0.08080101013183594,0,1,18,101,64
L2_W64_H4,1,test:d16:t0:paligned:tree101:i160006,4,2,23,aligned,0,16,test,-0.2367267608642578,0,0,18,101,64
L2_W64_H4,1,test:d16:t0:paligned:tree101:i160007,4,2,23,aligned,1,16,test,0.1984233856201172,0,1,18,101,64
L2_W64_H4,0,test:d16:t0:paligned:tree101:i160008,4,2,23,aligned,0,16,test,0.002155303955078125,0,1,18,101,64
L2_W64_H4,0,test:d16:t0:paligned:tree101:i160009,4,2,23,aligned,1,16,test,0.10301780700683594,0,1,18,101,64
L2_W64_H4,1,test:d16:t0:paligned:tree101:i160010,4,2,23,aligned,0,16,test,-0.10793113708496094,0,0,18,101,64
L2_W64_H4,1,test:d16:t0:paligned:tree101:i160011,4,2,23,aligned,1,16,test,0.19343185424804688,0,1,18,101,64
L2_W64_H4,0,test:d16:t0:paligned:tree101:i160012,4,2,23,aligned,0,16,test,0.04451560974121094,0,1,18,101,64
L2_W64_H4,0,test:d16:t0:paligned:tree101:i160013,4,2,23,aligned,1,16,test,-0.039554595947265625,0,0,18,101,64
L2_W64_H4,1,test:d16:t0:paligned:tree101:i160014,4,2,23,aligned,0,16,test,-0.0693206787109375,0,0,18,101,64
L2_W64_H4,1,test:d16:t0:paligned:tree101:i160015,4,2,23,aligned,1,16,test,-0.014049530029296875,0,0,18,101,64
L2_W64_H4,0,test:d16:t0:paligned:tree211:i160000,4,2,23,aligned,0,16,test,0.06241798400878906,0,1,18,211,64
L2_W64_H4,0,test:d16:t0:paligned:tree211:i160001,4,2,23,aligned,1,16,test,0.06188392639160156,0,1,18,211,64
L2_W64_H4,1,test:d16:t0:paligned:tree211:i160002,4,2,23,aligned,0,16,test,-0.20954132080078125,0,0,18,211,64
L2_W64_H4,1,test:d16:t0:paligned:tree211:i160003,4,2,23,aligned,1,16,test,0.2116413116455078,0,1,18,211,64
L2_W64_H4,0,test:d16:t0:paligned:tree211:i160004,4,2,23,aligned,0,16,test,-0.021257400512695312,0,0,18,211,64
L2_W64_H4,0,test:d16:t0:paligned:tree211:i160005,4,2,23,aligned,1,16,test,0.2541351318359375,0,1,18,211,64
L2_W64_H4,1,test:d16:t0:paligned:tree211:i160006,4,2,23,aligned,0,16,test,-0.3522491455078125,0,0,18,211,64
L2_W64_H4,1,test:d16:t0:paligned:tree211:i160007,4,2,23,aligned,1,16,test,0.1770343780517578,0,1,18,211,64
L2_W64_H4,0,test:d16:t0:paligned:tree211:i160008,4,2,23,aligned,0,16,test,0.14208221435546875,0,1,18,211,64
L2_W64_H4,0,test:d16:t0:paligned:tree211:i160009,4,2,23,aligned,1,16,test,0.3117866516113281,0,1,18,211,64
L2_W64_H4,1,test:d16:t0:paligned:tree211:i160010,4,2,23,aligned,0,16,test,0.15457916259765625,0,1,18,211,64
L2_W64_H4,1,test:d16:t0:paligned:tree211:i160011,4,2,23,aligned,1,16,test,0.0089874267578125,0,1,18,211,64
L2_W64_H4,0,test:d16:t0:paligned:tree211:i160012,4,2,23,aligned,0,16,test,-0.18044281005859375,0,0,18,211,64
L2_W64_H4,0,test:d16:t0:paligned:tree211:i160013,4,2,23,aligned,1,16,test,0.05736541748046875,0,1,18,211,64
L2_W64_H4,1,test:d16:t0:paligned:tree211:i160014,4,2,23,aligned,0,16,test,-0.1409130096435547,0,0,18,211,64
L2_W64_H4,1,test:d16:t0:paligned:tree211:i160015,4,2,23,aligned,1,16,test,-0.06372261047363281,0,0,18,211,64
L2_W64_H4,0,test:d16:t0:paligned:tree307:i160000,4,2,23,aligned,0,16,test,-0.11162948608398438,0,0,18,307,64
L2_W64_H4,0,test:d16:t0:paligned:tree307:i160001,4,2,23,aligned,1,16,test,0.1704425811767578,0,1,18,307,64
L2_W64_H4,1,test:d16:t0:paligned:tree307:i160002,4,2,23,aligned,0,16,test,0.13888168334960938,0,1,18,307,64
L2_W64_H4,1,test:d16:t0:paligned:tree307:i160003,4,2,23,aligned,1,16,test,-0.17565536499023438,0,0,18,307,64
L2_W64_H4,0,test:d16:t0:paligned:tree307:i160004,4,2,23,aligned,0,16,test,-0.27768707275390625,0,0,18,307,64
L2_W64_H4,0,test:d16:t0:paligned:tree307:i160005,4,2,23,aligned,1,16,test,-0.03138542175292969,0,0,18,307,64
L2_W64_H4,1,test:d16:t0:paligned:tree307:i160006,4,2,23,aligned,0,16,test,-0.27136802673339844,0,0,18,307,64
L2_W64_H4,1,test:d16:t0:paligned:tree307:i160007,4,2,23,aligned,1,16,test,0.309661865234375,0,1,18,307,64
L2_W64_H4,0,test:d16:t0:paligned:tree307:i160008,4,2,23,aligned,0,16,test,-0.2299022674560547,0,0,18,307,64
L2_W64_H4,0,test:d16:t0:paligned:tree307:i160009,4,2,23,aligned,1,16,test,0.20696067810058594,0,1,18,307,64
L2_W64_H4,1,test:d16:t0:paligned:tree307:i160010,4,2,23,aligned,0,16,test,-0.3020668029785156,0,0,18,307,64
L2_W64_H4,1,test:d16:t0:paligned:tree307:i160011,4,2,23,aligned,1,16,test,0.14398765563964844,0,1,18,307,64
L2_W64_H4,0,test:d16:t0:paligned:tree307:i160012,4,2,23,aligned,0,16,test,-0.05203819274902344,0,0,18,307,64
L2_W64_H4,0,test:d16:t0:paligned:tree307:i160013,4,2,23,aligned,1,16,test,0.1337757110595703,0,1,18,307,64
L2_W64_H4,1,test:d16:t0:paligned:tree307:i160014,4,2,23,aligned,0,16,test,-0.08983993530273438,0,0,18,307,64
L2_W64_H4,1,test:d16:t0:paligned:tree307:i160015,4,2,23,aligned,1,16,test,0.25055694580078125,0,1,18,307,64
L2_W64_H4,0,test:d16:t0:prandomized:tree101:i160000,4,2,23,randomized,0,16,test,-0.042804718017578125,0,0,18,101,64
L2_W64_H4,1,test:d16:t0:prandomized:tree101:i160010,4,2,23,randomized,0,16,test,-0.10793113708496094,0,0,18,101,64
L2_W64_H4,1,test:d16:t0:prandomized:tree101:i160015,4,2,23,randomized,1,16,test,-0.014049530029296875,0,0,18,101,64
L2_W64_H4,1,test:d16:t0:prandomized:tree211:i160003,4,2,23,randomized,1,16,test,0.2116413116455078,0,1,18,211,64
L2_W64_H4,1,test:d16:t0:prandomized:tree211:i160007,4,2,23,randomized,1,16,test,0.1770343780517578,0,1,18,211,64
L2_W64_H4,0,test:d16:t0:prandomized:tree211:i160008,4,2,23,randomized,0,16,test,0.14208221435546875,0,1,18,211,64
L2_W64_H4,0,test:d16:t0:prandomized:tree211:i160009,4,2,23,randomized,1,16,test,0.3117866516113281,0,1,18,211,64
L2_W64_H4,1,test:d16:t0:prandomized:tree307:i160002,4,2,23,randomized,0,16,test,0.13888168334960938,0,1,18,307,64
L2_W64_H4,1,test:d16:t0:prandomized:tree307:i160007,4,2,23,randomized,1,16,test,0.309661865234375,0,1,18,307,64
L2_W64_H4,0,test:d16:t0:prandomized:tree307:i160012,4,2,23,randomized,0,16,test,-0.05203819274902344,0,0,18,307,64
L2_W64_H4,0,test:d16:t1:paligned:tree101:i160000,4,2,23,aligned,0,16,test,-0.06599807739257812,1,0,18,101,64
L2_W64_H4,0,test:d16:t1:paligned:tree101:i160001,4,2,23,aligned,1,16,test,0.06207847595214844,1,1,18,101,64
L2_W64_H4,1,test:d16:t1:paligned:tree101:i160002,4,2,23,aligned,0,16,test,-0.2172412872314453,1,0,18,101,64
L2_W64_H4,1,test:d16:t1:paligned:tree101:i160003,4,2,23,aligned,1,16,test,0.33711814880371094,1,1,18,101,64
L2_W64_H4,0,test:d16:t1:paligned:tree101:i160004,4,2,23,aligned,0,16,test,0.009843826293945312,1,1,18,101,64
L2_W64_H4,0,test:d16:t1:paligned:tree101:i160005,4,2,23,aligned,1,16,test,0.11591911315917969,1,1,18,101,64
L2_W64_H4,1,test:d16:t1:paligned:tree101:i160006,4,2,23,aligned,0,16,test,-0.23712730407714844,1,0,18,101,64
L2_W64_H4,1,test:d16:t1:paligned:tree101:i160007,4,2,23,aligned,1,16,test,0.19730567932128906,1,1,18,101,64
L2_W64_H4,0,test:d16:t1:paligned:tree101:i160008,4,2,23,aligned,0,16,test,-0.026655197143554688,1,0,18,101,64
L2_W64_H4,0,test:d16:t1:paligned:tree101:i160009,4,2,23,aligned,1,16,test,0.10877227783203125,1,1,18,101,64
L2_W64_H4,1,test:d16:t1:paligned:tree101:i160010,4,2,23,aligned,0,16,test,-0.1142120361328125,1,0,18,101,64
L2_W64_H4,1,test:d16:t1:paligned:tree101:i160011,4,2,23,aligned,1,16,test,0.20141983032226562,1,1,18,101,64
L2_W64_H4,0,test:d16:t1:paligned:tree101:i160012,4,2,23,aligned,0,16,test,0.009984970092773438,1,1,18,101,64
L2_W64_H4,0,test:d16:t1:paligned:tree101:i160013,4,2,23,aligned,1,16,test,-0.01737213134765625,1,0,18,101,64
L2_W64_H4,1,test:d16:t1:paligned:tree101:i160014,4,2,23,aligned,0,16,test,-0.07551002502441406,1,0,18,101,64
L2_W64_H4,1,test:d16:t1:paligned:tree101:i160015,4,2,23,aligned,1,16,test,-0.0040130615234375,1,0,18,101,64
L2_W64_H4,0,test:d16:t1:paligned:tree211:i160000,4,2,23,aligned,0,16,test,0.03563499450683594,1,1,18,211,64
L2_W64_H4,0,test:d16:t1:paligned:tree211:i160001,4,2,23,aligned,1,16,test,0.06725311279296875,1,1,18,211,64
L2_W64_H4,1,test:d16:t1:paligned:tree211:i160002,4,2,23,aligned,0,16,test,-0.19678688049316406,1,0,18,211,64
L2_W64_H4,1,test:d16:t1:paligned:tree211:i160003,4,2,23,aligned,1,16,test,0.21854019165039062,1,1,18,211,64
L2_W64_H4,0,test:d16:t1:paligned:tree211:i160004,4,2,23,aligned,0,16,test,-0.03015899658203125,1,0,18,211,64
L2_W64_H4,0,test:d16:t1:paligned:tree211:i160005,4,2,23,aligned,1,16,test,0.24410629272460938,1,1,18,211,64
L2_W64_H4,1,test:d16:t1:paligned:tree211:i160006,4,2,23,aligned,0,16,test,-0.35574913024902344,1,0,18,211,64
L2_W64_H4,1,test:d16:t1:paligned:tree211:i160007,4,2,23,aligned,1,16,test,0.18350791931152344,1,1,18,211,64
L2_W64_H4,0,test:d16:t1:paligned:tree211:i160008,4,2,23,aligned,0,16,test,0.10543060302734375,1,1,18,211,64
L2_W64_H4,0,test:d16:t1:paligned:tree211:i160009,4,2,23,aligned,1,16,test,0.3128013610839844,1,1,18,211,64
L2_W64_H4,1,test:d16:t1:paligned:tree211:i160010,4,2,23,aligned,0,16,test,0.1399517059326172,1,1,18,211,64
L2_W64_H4,1,test:d16:t1:paligned:tree211:i160011,4,2,23,aligned,1,16,test,0.035976409912109375,1,1,18,211,64
L2_W64_H4,0,test:d16:t1:paligned:tree211:i160012,4,2,23,aligned,0,16,test,-0.18436431884765625,1,0,18,211,64
L2_W64_H4,0,test:d16:t1:paligned:tree211:i160013,4,2,23,aligned,1,16,test,0.06187248229980469,1,1,18,211,64
L2_W64_H4,1,test:d16:t1:paligned:tree211:i160014,4,2,23,aligned,0,16,test,-0.142242431640625,1,0,18,211,64
L2_W64_H4,1,test:d16:t1:paligned:tree211:i160015,4,2,23,aligned,1,16,test,-0.0369415283203125,1,0,18,211,64
L2_W64_H4,0,test:d16:t1:paligned:tree307:i160000,4,2,23,aligned,0,16,test,-0.13051605224609375,1,0,18,307,64
L2_W64_H4,0,test:d16:t1:paligned:tree307:i160001,4,2,23,aligned,1,16,test,0.16783714294433594,1,1,18,307,64
L2_W64_H4,1,test:d16:t1:paligned:tree307:i160002,4,2,23,aligned,0,16,test,0.10375404357910156,1,1,18,307,64
L2_W64_H4,1,test:d16:t1:paligned:tree307:i160003,4,2,23,aligned,1,16,test,-0.1240234375,1,0,18,307,64
L2_W64_H4,0,test:d16:t1:paligned:tree307:i160004,4,2,23,aligned,0,16,test,-0.2799854278564453,1,0,18,307,64
L2_W64_H4,0,test:d16:t1:paligned:tree307:i160005,4,2,23,aligned,1,16,test,-0.010122299194335938,1,0,18,307,64
L2_W64_H4,1,test:d16:t1:paligned:tree307:i160006,4,2,23,aligned,0,16,test,-0.26120758056640625,1,0,18,307,64
L2_W64_H4,1,test:d16:t1:paligned:tree307:i160007,4,2,23,aligned,1,16,test,0.3165168762207031,1,1,18,307,64
L2_W64_H4,0,test:d16:t1:paligned:tree307:i160008,4,2,23,aligned,0,16,test,-0.23526382446289062,1,0,18,307,64
L2_W64_H4,0,test:d16:t1:paligned:tree307:i160009,4,2,23,aligned,1,16,test,0.19479751586914062,1,1,18,307,64
L2_W64_H4,1,test:d16:t1:paligned:tree307:i160010,4,2,23,aligned,0,16,test,-0.30644798278808594,1,0,18,307,64
L2_W64_H4,1,test:d16:t1:paligned:tree307:i160011,4,2,23,aligned,1,16,test,0.13495254516601562,1,1,18,307,64
L2_W64_H4,0,test:d16:t1:paligned:tree307:i160012,4,2,23,aligned,0,16,test,-0.0611419677734375,1,0,18,307,64
L2_W64_H4,0,test:d16:t1:paligned:tree307:i160013,4,2,23,aligned,1,16,test,0.14784622192382812,1,1,18,307,64
L2_W64_H4,1,test:d16:t1:paligned:tree307:i160014,4,2,23,aligned,0,16,test,-0.08917045593261719,1,0,18,307,64
L2_W64_H4,1,test:d16:t1:paligned:tree307:i160015,4,2,23,aligned,1,16,test,0.2501964569091797,1,1,18,307,64
L2_W64_H4,0,test:d16:t1:prandomized:tree101:i160000,4,2,23,randomized,0,16,test,-0.06599807739257812,1,0,18,101,64
L2_W64_H4,1,test:d16:t1:prandomized:tree101:i160010,4,2,23,randomized,0,16,test,-0.11421394348144531,1,0,18,101,64
L2_W64_H4,1,test:d16:t1:prandomized:tree101:i160015,4,2,23,randomized,1,16,test,-0.0040130615234375,1,0,18,101,64
L2_W64_H4,1,test:d16:t1:prandomized:tree211:i160003,4,2,23,randomized,1,16,test,0.21854019165039062,1,1,18,211,64
L2_W64_H4,1,test:d16:t1:prandomized:tree211:i160007,4,2,23,randomized,1,16,test,0.18350791931152344,1,1,18,211,64
L2_W64_H4,0,test:d16:t1:prandomized:tree211:i160008,4,2,23,randomized,0,16,test,0.10543251037597656,1,1,18,211,64
L2_W64_H4,0,test:d16:t1:prandomized:tree211:i160009,4,2,23,randomized,1,16,test,0.3128013610839844,1,1,18,211,64
L2_W64_H4,1,test:d16:t1:prandomized:tree307:i160002,4,2,23,randomized,0,16,test,0.10375404357910156,1,1,18,307,64
L2_W64_H4,1,test:d16:t1:prandomized:tree307:i160007,4,2,23,randomized,1,16,test,0.3165168762207031,1,1,18,307,64
L2_W64_H4,0,test:d16:t1:prandomized:tree307:i160012,4,2,23,randomized,0,16,test,-0.0611419677734375,1,0,18,307,64
L2_W64_H4,0,test:d16:t2:paligned:tree101:i160000,4,2,23,aligned,0,16,test,-0.04486656188964844,2,0,18,101,64
L2_W64_H4,0,test:d16:t2:paligned:tree101:i160001,4,2,23,aligned,1,16,test,0.05459403991699219,2,1,18,101,64
L2_W64_H4,1,test:d16:t2:paligned:tree101:i160002,4,2,23,aligned,0,16,test,-0.2195415496826172,2,0,18,101,64
L2_W64_H4,1,test:d16:t2:paligned:tree101:i160003,4,2,23,aligned,1,16,test,0.33606529235839844,2,1,18,101,64
L2_W64_H4,0,test:d16:t2:paligned:tree101:i160004,4,2,23,aligned,0,16,test,0.030145645141601562,2,1,18,101,64
L2_W64_H4,0,test:d16:t2:paligned:tree101:i160005,4,2,23,aligned,1,16,test,0.08209037780761719,2,1,18,101,64
L2_W64_H4,1,test:d16:t2:paligned:tree101:i160006,4,2,23,aligned,0,16,test,-0.23218727111816406,2,0,18,101,64
L2_W64_H4,1,test:d16:t2:paligned:tree101:i160007,4,2,23,aligned,1,16,test,0.19745826721191406,2,1,18,101,64
L2_W64_H4,0,test:d16:t2:paligned:tree101:i160008,4,2,23,aligned,0,16,test,0.0033588409423828125,2,1,18,101,64
L2_W64_H4,0,test:d16:t2:paligned:tree101:i160009,4,2,23,aligned,1,16,test,0.10505104064941406,2,1,18,101,64
L2_W64_H4,1,test:d16:t2:paligned:tree101:i160010,4,2,23,aligned,0,16,test,-0.10902214050292969,2,0,18,101,64
L2_W64_H4,1,test:d16:t2:paligned:tree101:i160011,4,2,23,aligned,1,16,test,0.19849395751953125,2,1,18,101,64
L2_W64_H4,0,test:d16:t2:paligned:tree101:i160012,4,2,23,aligned,0,16,test,0.03326416015625,2,1,18,101,64
L2_W64_H4,0,test:d16:t2:paligned:tree101:i160013,4,2,23,aligned,1,16,test,-0.036281585693359375,2,0,18,101,64
L2_W64_H4,1,test:d16:t2:paligned:tree101:i160014,4,2,23,aligned,0,16,test,-0.06801795959472656,2,0,18,101,64
L2_W64_H4,1,test:d16:t2:paligned:tree101:i160015,4,2,23,aligned,1,16,test,-0.012380599975585938,2,0,18,101,64
L2_W64_H4,0,test:d16:t2:paligned:tree211:i160000,4,2,23,aligned,0,16,test,0.06409835815429688,2,1,18,211,64
L2_W64_H4,0,test:d16:t2:paligned:tree211:i160001,4,2,23,aligned,1,16,test,0.05661773681640625,2,1,18,211,64
L2_W64_H4,1,test:d16:t2:paligned:tree211:i160002,4,2,23,aligned,0,16,test,-0.2071971893310547,2,0,18,211,64
L2_W64_H4,1,test:d16:t2:paligned:tree211:i160003,4,2,23,aligned,1,16,test,0.21296119689941406,2,1,18,211,64
L2_W64_H4,0,test:d16:t2:paligned:tree211:i160004,4,2,23,aligned,0,16,test,-0.0239715576171875,2,0,18,211,64
L2_W64_H4,0,test:d16:t2:paligned:tree211:i160005,4,2,23,aligned,1,16,test,0.2541999816894531,2,1,18,211,64
L2_W64_H4,1,test:d16:t2:paligned:tree211:i160006,4,2,23,aligned,0,16,test,-0.34660911560058594,2,0,18,211,64
L2_W64_H4,1,test:d16:t2:paligned:tree211:i160007,4,2,23,aligned,1,16,test,0.17900848388671875,2,1,18,211,64
L2_W64_H4,0,test:d16:t2:paligned:tree211:i160008,4,2,23,aligned,0,16,test,0.14110755920410156,2,1,18,211,64
L2_W64_H4,0,test:d16:t2:paligned:tree211:i160009,4,2,23,aligned,1,16,test,0.3116168975830078,2,1,18,211,64
L2_W64_H4,1,test:d16:t2:paligned:tree211:i160010,4,2,23,aligned,0,16,test,0.14665794372558594,2,1,18,211,64
L2_W64_H4,1,test:d16:t2:paligned:tree211:i160011,4,2,23,aligned,1,16,test,0.0064945220947265625,2,1,18,211,64
L2_W64_H4,0,test:d16:t2:paligned:tree211:i160012,4,2,23,aligned,0,16,test,-0.17987823486328125,2,0,18,211,64
L2_W64_H4,0,test:d16:t2:paligned:tree211:i160013,4,2,23,aligned,1,16,test,0.05561637878417969,2,1,18,211,64
L2_W64_H4,1,test:d16:t2:paligned:tree211:i160014,4,2,23,aligned,0,16,test,-0.13488197326660156,2,0,18,211,64
L2_W64_H4,1,test:d16:t2:paligned:tree211:i160015,4,2,23,aligned,1,16,test,-0.06113243103027344,2,0,18,211,64
L2_W64_H4,0,test:d16:t2:paligned:tree307:i160000,4,2,23,aligned,0,16,test,-0.11462020874023438,2,0,18,307,64
L2_W64_H4,0,test:d16:t2:paligned:tree307:i160001,4,2,23,aligned,1,16,test,0.16982650756835938,2,1,18,307,64
L2_W64_H4,1,test:d16:t2:paligned:tree307:i160002,4,2,23,aligned,0,16,test,0.1362152099609375,2,1,18,307,64
L2_W64_H4,1,test:d16:t2:paligned:tree307:i160003,4,2,23,aligned,1,16,test,-0.1730022430419922,2,0,18,307,64
L2_W64_H4,0,test:d16:t2:paligned:tree307:i160004,4,2,23,aligned,0,16,test,-0.2803020477294922,2,0,18,307,64
L2_W64_H4,0,test:d16:t2:paligned:tree307:i160005,4,2,23,aligned,1,16,test,-0.03757286071777344,2,0,18,307,64
L2_W64_H4,1,test:d16:t2:paligned:tree307:i160006,4,2,23,aligned,0,16,test,-0.26659584045410156,2,0,18,307,64
L2_W64_H4,1,test:d16:t2:paligned:tree307:i160007,4,2,23,aligned,1,16,test,0.3100299835205078,2,1,18,307,64
L2_W64_H4,0,test:d16:t2:paligned:tree307:i160008,4,2,23,aligned,0,16,test,-0.23688888549804688,2,0,18,307,64
L2_W64_H4,0,test:d16:t2:paligned:tree307:i160009,4,2,23,aligned,1,16,test,0.20823287963867188,2,1,18,307,64
L2_W64_H4,1,test:d16:t2:paligned:tree307:i160010,4,2,23,aligned,0,16,test,-0.29633522033691406,2,0,18,307,64
L2_W64_H4,1,test:d16:t2:paligned:tree307:i160011,4,2,23,aligned,1,16,test,0.13930320739746094,2,1,18,307,64
L2_W64_H4,0,test:d16:t2:paligned:tree307:i160012,4,2,23,aligned,0,16,test,-0.053325653076171875,2,0,18,307,64
L2_W64_H4,0,test:d16:t2:paligned:tree307:i160013,4,2,23,aligned,1,16,test,0.13526535034179688,2,1,18,307,64
L2_W64_H4,1,test:d16:t2:paligned:tree307:i160014,4,2,23,aligned,0,16,test,-0.0901031494140625,2,0,18,307,64
L2_W64_H4,1,test:d16:t2:paligned:tree307:i160015,4,2,23,aligned,1,16,test,0.2515220642089844,2,1,18,307,64
L2_W64_H4,1,test:d16:t2:prandomized:tree101:i160003,4,2,23,randomized,1,16,test,0.33606529235839844,2,1,18,101,64
L2_W64_H4,0,test:d16:t2:prandomized:tree101:i160004,4,2,23,randomized,0,16,test,0.030145645141601562,2,1,18,101,64
L2_W64_H4,0,test:d16:t2:prandomized:tree101:i160012,4,2,23,randomized,0,16,test,0.03326606750488281,2,1,18,101,64
L2_W64_H4,0,test:d16:t2:prandomized:tree101:i160013,4,2,23,randomized,1,16,test,-0.036281585693359375,2,0,18,101,64
L2_W64_H4,1,test:d16:t2:prandomized:tree211:i160003,4,2,23,randomized,1,16,test,0.21296119689941406,2,1,18,211,64
L2_W64_H4,1,test:d16:t2:prandomized:tree211:i160011,4,2,23,randomized,1,16,test,0.0064945220947265625,2,1,18,211,64
L2_W64_H4,0,test:d16:t2:prandomized:tree211:i160012,4,2,23,randomized,0,16,test,-0.17987823486328125,2,0,18,211,64
L2_W64_H4,0,test:d16:t2:prandomized:tree307:i160005,4,2,23,randomized,1,16,test,-0.03757286071777344,2,0,18,307,64
L2_W64_H4,1,test:d16:t2:prandomized:tree307:i160011,4,2,23,randomized,1,16,test,0.13930320739746094,2,1,18,307,64
L2_W64_H4,0,test:d16:t3:paligned:tree101:i160000,4,2,23,aligned,0,16,test,-0.05649757385253906,3,0,18,101,64
L2_W64_H4,0,test:d16:t3:paligned:tree101:i160001,4,2,23,aligned,1,16,test,0.054470062255859375,3,1,18,101,64
L2_W64_H4,1,test:d16:t3:paligned:tree101:i160002,4,2,23,aligned,0,16,test,-0.21842575073242188,3,0,18,101,64
L2_W64_H4,1,test:d16:t3:paligned:tree101:i160003,4,2,23,aligned,1,16,test,0.33238983154296875,3,1,18,101,64
L2_W64_H4,0,test:d16:t3:paligned:tree101:i160004,4,2,23,aligned,0,16,test,0.021158218383789062,3,1,18,101,64
L2_W64_H4,0,test:d16:t3:paligned:tree101:i160005,4,2,23,aligned,1,16,test,0.10839653015136719,3,1,18,101,64
L2_W64_H4,1,test:d16:t3:paligned:tree101:i160006,4,2,23,aligned,0,16,test,-0.23450279235839844,3,0,18,101,64
L2_W64_H4,1,test:d16:t3:paligned:tree101:i160007,4,2,23,aligned,1,16,test,0.18774986267089844,3,1,18,101,64
L2_W64_H4,0,test:d16:t3:paligned:tree101:i160008,4,2,23,aligned,0,16,test,-0.01767730712890625,3,0,18,101,64
L2_W64_H4,0,test:d16:t3:paligned:tree101:i160009,4,2,23,aligned,1,16,test,0.10268402099609375,3,1,18,101,64
L2_W64_H4,1,test:d16:t3:paligned:tree101:i160010,4,2,23,aligned,0,16,test,-0.10365867614746094,3,0,18,101,64
L2_W64_H4,1,test:d16:t3:paligned:tree101:i160011,4,2,23,aligned,1,16,test,0.19672775268554688,3,1,18,101,64
L2_W64_H4,0,test:d16:t3:paligned:tree101:i160012,4,2,23,aligned,0,16,test,0.0212860107421875,3,1,18,101,64
L2_W64_H4,0,test:d16:t3:paligned:tree101:i160013,4,2,23,aligned,1,16,test,-0.03040313720703125,3,0,18,101,64
L2_W64_H4,1,test:d16:t3:paligned:tree101:i160014,4,2,23,aligned,0,16,test,-0.06884956359863281,3,0,18,101,64
L2_W64_H4,1,test:d16:t3:paligned:tree101:i160015,4,2,23,aligned,1,16,test,-0.013658523559570312,3,0,18,101,64
L2_W64_H4,0,test:d16:t3:paligned:tree211:i160000,4,2,23,aligned,0,16,test,0.05002784729003906,3,1,18,211,64
L2_W64_H4,0,test:d16:t3:paligned:tree211:i160001,4,2,23,aligned,1,16,test,0.05412101745605469,3,1,18,211,64
L2_W64_H4,1,test:d16:t3:paligned:tree211:i160002,4,2,23,aligned,0,16,test,-0.18933677673339844,3,0,18,211,64
L2_W64_H4,1,test:d16:t3:paligned:tree211:i160003,4,2,23,aligned,1,16,test,0.212188720703125,3,1,18,211,64
L2_W64_H4,0,test:d16:t3:paligned:tree211:i160004,4,2,23,aligned,0,16,test,-0.024662017822265625,3,0,18,211,64
L2_W64_H4,0,test:d16:t3:paligned:tree211:i160005,4,2,23,aligned,1,16,test,0.2388324737548828,3,1,18,211,64
L2_W64_H4,1,test:d16:t3:paligned:tree211:i160006,4,2,23,aligned,0,16,test,-0.3480510711669922,3,0,18,211,64
L2_W64_H4,1,test:d16:t3:paligned:tree211:i160007,4,2,23,aligned,1,16,test,0.17885971069335938,3,1,18,211,64
L2_W64_H4,0,test:d16:t3:paligned:tree211:i160008,4,2,23,aligned,0,16,test,0.11920356750488281,3,1,18,211,64
L2_W64_H4,0,test:d16:t3:paligned:tree211:i160009,4,2,23,aligned,1,16,test,0.30878639221191406,3,1,18,211,64
L2_W64_H4,1,test:d16:t3:paligned:tree211:i160010,4,2,23,aligned,0,16,test,0.14722633361816406,3,1,18,211,64
L2_W64_H4,1,test:d16:t3:paligned:tree211:i160011,4,2,23,aligned,1,16,test,0.024257659912109375,3,1,18,211,64
L2_W64_H4,0,test:d16:t3:paligned:tree211:i160012,4,2,23,aligned,0,16,test,-0.17969322204589844,3,0,18,211,64
L2_W64_H4,0,test:d16:t3:paligned:tree211:i160013,4,2,23,aligned,1,16,test,0.0593719482421875,3,1,18,211,64
L2_W64_H4,1,test:d16:t3:paligned:tree211:i160014,4,2,23,aligned,0,16,test,-0.13425636291503906,3,0,18,211,64
L2_W64_H4,1,test:d16:t3:paligned:tree211:i160015,4,2,23,aligned,1,16,test,-0.048358917236328125,3,0,18,211,64
L2_W64_H4,0,test:d16:t3:paligned:tree307:i160000,4,2,23,aligned,0,16,test,-0.1203155517578125,3,0,18,307,64
L2_W64_H4,0,test:d16:t3:paligned:tree307:i160001,4,2,23,aligned,1,16,test,0.158447265625,3,1,18,307,64
L2_W64_H4,1,test:d16:t3:paligned:tree307:i160002,4,2,23,aligned,0,16,test,0.11633110046386719,3,1,18,307,64
L2_W64_H4,1,test:d16:t3:paligned:tree307:i160003,4,2,23,aligned,1,16,test,-0.1370697021484375,3,0,18,307,64
L2_W64_H4,0,test:d16:t3:paligned:tree307:i160004,4,2,23,aligned,0,16,test,-0.27887725830078125,3,0,18,307,64
L2_W64_H4,0,test:d16:t3:paligned:tree307:i160005,4,2,23,aligned,1,16,test,-0.03063201904296875,3,0,18,307,64
L2_W64_H4,1,test:d16:t3:paligned:tree307:i160006,4,2,23,aligned,0,16,test,-0.2573261260986328,3,0,18,307,64
L2_W64_H4,1,test:d16:t3:paligned:tree307:i160007,4,2,23,aligned,1,16,test,0.3090648651123047,3,1,18,307,64
L2_W64_H4,0,test:d16:t3:paligned:tree307:i160008,4,2,23,aligned,0,16,test,-0.23296165466308594,3,0,18,307,64
L2_W64_H4,0,test:d16:t3:paligned:tree307:i160009,4,2,23,aligned,1,16,test,0.18923187255859375,3,1,18,307,64
L2_W64_H4,1,test:d16:t3:paligned:tree307:i160010,4,2,23,aligned,0,16,test,-0.30104637145996094,3,0,18,307,64
L2_W64_H4,1,test:d16:t3:paligned:tree307:i160011,4,2,23,aligned,1,16,test,0.12392616271972656,3,1,18,307,64
L2_W64_H4,0,test:d16:t3:paligned:tree307:i160012,4,2,23,aligned,0,16,test,-0.051364898681640625,3,0,18,307,64
L2_W64_H4,0,test:d16:t3:paligned:tree307:i160013,4,2,23,aligned,1,16,test,0.14200592041015625,3,1,18,307,64
L2_W64_H4,1,test:d16:t3:paligned:tree307:i160014,4,2,23,aligned,0,16,test,-0.080230712890625,3,0,18,307,64
L2_W64_H4,1,test:d16:t3:paligned:tree307:i160015,4,2,23,aligned,1,16,test,0.2479400634765625,3,1,18,307,64
L2_W64_H4,1,test:d16:t3:prandomized:tree101:i160003,4,2,23,randomized,1,16,test,0.33238983154296875,3,1,18,101,64
L2_W64_H4,0,test:d16:t3:prandomized:tree101:i160004,4,2,23,randomized,0,16,test,0.021158218383789062,3,1,18,101,64
L2_W64_H4,0,test:d16:t3:prandomized:tree101:i160012,4,2,23,randomized,0,16,test,0.0212860107421875,3,1,18,101,64
L2_W64_H4,0,test:d16:t3:prandomized:tree101:i160013,4,2,23,randomized,1,16,test,-0.03040313720703125,3,0,18,101,64
L2_W64_H4,1,test:d16:t3:prandomized:tree211:i160003,4,2,23,randomized,1,16,test,0.212188720703125,3,1,18,211,64
L2_W64_H4,1,test:d16:t3:prandomized:tree211:i160011,4,2,23,randomized,1,16,test,0.024261474609375,3,1,18,211,64
L2_W64_H4,0,test:d16:t3:prandomized:tree211:i160012,4,2,23,randomized,0,16,test,-0.17969894409179688,3,0,18,211,64
L2_W64_H4,0,test:d16:t3:prandomized:tree307:i160005,4,2,23,randomized,1,16,test,-0.03063201904296875,3,0,18,307,64
L2_W64_H4,1,test:d16:t3:prandomized:tree307:i160011,4,2,23,randomized,1,16,test,0.12392616271972656,3,1,18,307,64
L2_W64_H4,0,validation:d16:t0:prandomized:tree101:i160001,4,2,23,randomized,1,16,validation,0.32703208923339844,0,1,18,101,64
L2_W64_H4,1,validation:d16:t0:prandomized:tree101:i160002,4,2,23,randomized,0,16,validation,-0.06487846374511719,0,0,18,101,64
L2_W64_H4,0,validation:d16:t0:prandomized:tree101:i160013,4,2,23,randomized,1,16,validation,0.23140716552734375,0,1,18,101,64
L2_W64_H4,1,validation:d16:t0:prandomized:tree101:i160014,4,2,23,randomized,0,16,validation,-0.1886425018310547,0,0,18,101,64
L2_W64_H4,0,validation:d16:t0:prandomized:tree211:i160001,4,2,23,randomized,1,16,validation,0.12873268127441406,0,1,18,211,64
L2_W64_H4,1,validation:d16:t0:prandomized:tree211:i160002,4,2,23,randomized,0,16,validation,-0.012691497802734375,0,0,18,211,64
L2_W64_H4,1,validation:d16:t0:prandomized:tree211:i160006,4,2,23,randomized,0,16,validation,-0.37650489807128906,0,0,18,211,64
L2_W64_H4,0,validation:d16:t0:prandomized:tree307:i160009,4,2,23,randomized,1,16,validation,0.013616561889648438,0,1,18,307,64
L2_W64_H4,1,validation:d16:t0:prandomized:tree307:i160010,4,2,23,randomized,0,16,validation,-0.19634628295898438,0,0,18,307,64
L2_W64_H4,0,validation:d16:t1:prandomized:tree101:i160001,4,2,23,randomized,1,16,validation,0.3238677978515625,1,1,18,101,64
L2_W64_H4,1,validation:d16:t1:prandomized:tree101:i160002,4,2,23,randomized,0,16,validation,-0.06355476379394531,1,0,18,101,64
L2_W64_H4,0,validation:d16:t1:prandomized:tree101:i160013,4,2,23,randomized,1,16,validation,0.22962379455566406,1,1,18,101,64
L2_W64_H4,1,validation:d16:t1:prandomized:tree101:i160014,4,2,23,randomized,0,16,validation,-0.19513702392578125,1,0,18,101,64
L2_W64_H4,0,validation:d16:t1:prandomized:tree211:i160001,4,2,23,randomized,1,16,validation,0.1341838836669922,1,1,18,211,64
L2_W64_H4,1,validation:d16:t1:prandomized:tree211:i160002,4,2,23,randomized,0,16,validation,-0.033817291259765625,1,0,18,211,64
L2_W64_H4,1,validation:d16:t1:prandomized:tree211:i160006,4,2,23,randomized,0,16,validation,-0.3829517364501953,1,0,18,211,64
L2_W64_H4,0,validation:d16:t1:prandomized:tree307:i160009,4,2,23,randomized,1,16,validation,0.03525352478027344,1,1,18,307,64
L2_W64_H4,1,validation:d16:t1:prandomized:tree307:i160010,4,2,23,randomized,0,16,validation,-0.17490196228027344,1,0,18,307,64
L2_W64_H4,0,validation:d16:t2:prandomized:tree101:i160001,4,2,23,randomized,1,16,validation,0.3284778594970703,2,1,18,101,64
L2_W64_H4,0,validation:d16:t2:prandomized:tree101:i160009,4,2,23,randomized,1,16,validation,0.39032554626464844,2,1,18,101,64
L2_W64_H4,1,validation:d16:t2:prandomized:tree101:i160014,4,2,23,randomized,0,16,validation,-0.1902332305908203,2,0,18,101,64
L2_W64_H4,1,validation:d16:t2:prandomized:tree211:i160010,4,2,23,randomized,0,16,validation,-0.14599609375,2,0,18,211,64
L2_W64_H4,0,validation:d16:t2:prandomized:tree211:i160013,4,2,23,randomized,1,16,validation,0.12667465209960938,2,1,18,211,64
L2_W64_H4,0,validation:d16:t3:prandomized:tree101:i160001,4,2,23,randomized,1,16,validation,0.3280048370361328,3,1,18,101,64
L2_W64_H4,0,validation:d16:t3:prandomized:tree101:i160009,4,2,23,randomized,1,16,validation,0.35179901123046875,3,1,18,101,64
L2_W64_H4,1,validation:d16:t3:prandomized:tree101:i160014,4,2,23,randomized,0,16,validation,-0.19319725036621094,3,0,18,101,64
L2_W64_H4,1,validation:d16:t3:prandomized:tree211:i160010,4,2,23,randomized,0,16,validation,-0.14443016052246094,3,0,18,211,64
L2_W64_H4,0,validation:d16:t3:prandomized:tree211:i160013,4,2,23,randomized,1,16,validation,0.13117599487304688,3,1,18,211,64
L2_W64_H4,0,test:d16:t0:prandomized:tree101:i160001,4,2,23,randomized,1,16,test,0.11759757995605469,0,1,18,101,64
L2_W64_H4,1,test:d16:t0:prandomized:tree101:i160002,4,2,23,randomized,0,16,test,-0.2554168701171875,0,0,18,101,64
L2_W64_H4,0,test:d16:t0:prandomized:tree101:i160013,4,2,23,randomized,1,16,test,0.019079208374023438,0,1,18,101,64
L2_W64_H4,1,test:d16:t0:prandomized:tree101:i160014,4,2,23,randomized,0,16,test,-0.11917495727539062,0,0,18,101,64
L2_W64_H4,0,test:d16:t0:prandomized:tree211:i160001,4,2,23,randomized,1,16,test,0.11395263671875,0,1,18,211,64
L2_W64_H4,1,test:d16:t0:prandomized:tree211:i160002,4,2,23,randomized,0,16,test,-0.2334117889404297,0,0,18,211,64
L2_W64_H4,1,test:d16:t0:prandomized:tree211:i160006,4,2,23,randomized,0,16,test,-0.3650798797607422,0,0,18,211,64
L2_W64_H4,0,test:d16:t0:prandomized:tree307:i160009,4,2,23,randomized,1,16,test,0.2311267852783203,0,1,18,307,64
L2_W64_H4,1,test:d16:t0:prandomized:tree307:i160010,4,2,23,randomized,0,16,test,-0.32597923278808594,0,0,18,307,64
L2_W64_H4,0,test:d16:t1:prandomized:tree101:i160001,4,2,23,randomized,1,16,test,0.11499786376953125,1,1,18,101,64
L2_W64_H4,1,test:d16:t1:prandomized:tree101:i160002,4,2,23,randomized,0,16,test,-0.25229454040527344,1,0,18,101,64
L2_W64_H4,0,test:d16:t1:prandomized:tree101:i160013,4,2,23,randomized,1,16,test,0.029644012451171875,1,1,18,101,64
L2_W64_H4,1,test:d16:t1:prandomized:tree101:i160014,4,2,23,randomized,0,16,test,-0.11771965026855469,1,0,18,101,64
L2_W64_H4,0,test:d16:t1:prandomized:tree211:i160001,4,2,23,randomized,1,16,test,0.116851806640625,1,1,18,211,64
L2_W64_H4,1,test:d16:t1:prandomized:tree211:i160002,4,2,23,randomized,0,16,test,-0.21841049194335938,1,0,18,211,64
L2_W64_H4,1,test:d16:t1:prandomized:tree211:i160006,4,2,23,randomized,0,16,test,-0.36582374572753906,1,0,18,211,64
L2_W64_H4,0,test:d16:t1:prandomized:tree307:i160009,4,2,23,randomized,1,16,test,0.21659469604492188,1,1,18,307,64
L2_W64_H4,1,test:d16:t1:prandomized:tree307:i160010,4,2,23,randomized,0,16,test,-0.3286457061767578,1,0,18,307,64
L2_W64_H4,0,test:d16:t2:prandomized:tree101:i160001,4,2,23,randomized,1,16,test,0.11751937866210938,2,1,18,101,64
L2_W64_H4,0,test:d16:t2:prandomized:tree101:i160009,4,2,23,randomized,1,16,test,0.14719581604003906,2,1,18,101,64
L2_W64_H4,1,test:d16:t2:prandomized:tree101:i160014,4,2,23,randomized,0,16,test,-0.11764335632324219,2,0,18,101,64
L2_W64_H4,1,test:d16:t2:prandomized:tree211:i160010,4,2,23,randomized,0,16,test,0.0865631103515625,2,1,18,211,64
L2_W64_H4,0,test:d16:t2:prandomized:tree211:i160013,4,2,23,randomized,1,16,test,0.11456871032714844,2,1,18,211,64
L2_W64_H4,0,test:d16:t3:prandomized:tree101:i160001,4,2,23,randomized,1,16,test,0.11735343933105469,3,1,18,101,64
L2_W64_H4,0,test:d16:t3:prandomized:tree101:i160009,4,2,23,randomized,1,16,test,0.1482677459716797,3,1,18,101,64
L2_W64_H4,1,test:d16:t3:prandomized:tree101:i160014,4,2,23,randomized,0,16,test,-0.12000465393066406,3,0,18,101,64
L2_W64_H4,1,test:d16:t3:prandomized:tree211:i160010,4,2,23,randomized,0,16,test,0.08361244201660156,3,1,18,211,64
L2_W64_H4,0,test:d16:t3:prandomized:tree211:i160013,4,2,23,randomized,1,16,test,0.11832237243652344,3,1,18,211,64
L2_W64_H4,1,validation:d16:t0:prandomized:tree101:i160006,4,2,23,randomized,0,16,validation,0.0027923583984375,0,1,18,101,64
L2_W64_H4,0,validation:d16:t0:prandomized:tree101:i160012,4,2,23,randomized,0,16,validation,-0.2793121337890625,0,0,18,101,64
L2_W64_H4,0,validation:d16:t0:prandomized:tree211:i160013,4,2,23,randomized,1,16,validation,0.12398338317871094,0,1,18,211,64
L2_W64_H4,0,validation:d16:t0:prandomized:tree307:i160000,4,2,23,randomized,0,16,validation,-0.09892082214355469,0,0,18,307,64
L2_W64_H4,1,validation:d16:t1:prandomized:tree101:i160006,4,2,23,randomized,0,16,validation,0.0026721954345703125,1,1,18,101,64
L2_W64_H4,0,validation:d16:t1:prandomized:tree101:i160012,4,2,23,randomized,0,16,validation,-0.26102638244628906,1,0,18,101,64
L2_W64_H4,0,validation:d16:t1:prandomized:tree211:i160013,4,2,23,randomized,1,16,validation,0.1307525634765625,1,1,18,211,64
L2_W64_H4,0,validation:d16:t1:prandomized:tree307:i160000,4,2,23,randomized,0,16,validation,-0.09587478637695312,1,0,18,307,64
L2_W64_H4,0,validation:d16:t2:prandomized:tree211:i160000,4,2,23,randomized,0,16,validation,-0.10882568359375,2,0,18,211,64
L2_W64_H4,0,validation:d16:t2:prandomized:tree211:i160001,4,2,23,randomized,1,16,validation,0.12944793701171875,2,1,18,211,64
L2_W64_H4,1,validation:d16:t2:prandomized:tree211:i160007,4,2,23,randomized,1,16,validation,0.18587303161621094,2,1,18,211,64
L2_W64_H4,0,validation:d16:t2:prandomized:tree307:i160012,4,2,23,randomized,0,16,validation,-0.32813262939453125,2,0,18,307,64
L2_W64_H4,1,validation:d16:t2:prandomized:tree307:i160014,4,2,23,randomized,0,16,validation,-0.25506591796875,2,0,18,307,64
L2_W64_H4,0,validation:d16:t3:prandomized:tree211:i160000,4,2,23,randomized,0,16,validation,-0.11255264282226562,3,0,18,211,64
L2_W64_H4,0,validation:d16:t3:prandomized:tree211:i160001,4,2,23,randomized,1,16,validation,0.1337738037109375,3,1,18,211,64
L2_W64_H4,1,validation:d16:t3:prandomized:tree211:i160007,4,2,23,randomized,1,16,validation,0.18533706665039062,3,1,18,211,64
L2_W64_H4,0,validation:d16:t3:prandomized:tree307:i160012,4,2,23,randomized,0,16,validation,-0.32094383239746094,3,0,18,307,64
L2_W64_H4,1,validation:d16:t3:prandomized:tree307:i160014,4,2,23,randomized,0,16,validation,-0.23412513732910156,3,0,18,307,64
L2_W64_H4,1,test:d16:t0:prandomized:tree101:i160006,4,2,23,randomized,0,16,test,-0.25023651123046875,0,0,18,101,64
L2_W64_H4,0,test:d16:t0:prandomized:tree101:i160012,4,2,23,randomized,0,16,test,-0.031795501708984375,0,0,18,101,64
L2_W64_H4,0,test:d16:t0:prandomized:tree211:i160013,4,2,23,randomized,1,16,test,0.11612129211425781,0,1,18,211,64
L2_W64_H4,0,test:d16:t0:prandomized:tree307:i160000,4,2,23,randomized,0,16,test,-0.1929931640625,0,0,18,307,64
L2_W64_H4,1,test:d16:t1:prandomized:tree101:i160006,4,2,23,randomized,0,16,test,-0.2435150146484375,1,0,18,101,64
L2_W64_H4,0,test:d16:t1:prandomized:tree101:i160012,4,2,23,randomized,0,16,test,-0.0417022705078125,1,0,18,101,64
L2_W64_H4,0,test:d16:t1:prandomized:tree211:i160013,4,2,23,randomized,1,16,test,0.11422920227050781,1,1,18,211,64
L2_W64_H4,0,test:d16:t1:prandomized:tree307:i160000,4,2,23,randomized,0,16,test,-0.18432998657226562,1,0,18,307,64
L2_W64_H4,0,test:d16:t2:prandomized:tree211:i160000,4,2,23,randomized,0,16,test,-0.03343772888183594,2,0,18,211,64
L2_W64_H4,0,test:d16:t2:prandomized:tree211:i160001,4,2,23,randomized,1,16,test,0.12024116516113281,2,1,18,211,64
L2_W64_H4,1,test:d16:t2:prandomized:tree211:i160007,4,2,23,randomized,1,16,test,0.2065296173095703,2,1,18,211,64
L2_W64_H4,0,test:d16:t2:prandomized:tree307:i160012,4,2,23,randomized,0,16,test,-0.12092018127441406,2,0,18,307,64
L2_W64_H4,1,test:d16:t2:prandomized:tree307:i160014,4,2,23,randomized,0,16,test,-0.14860916137695312,2,0,18,307,64
L2_W64_H4,0,test:d16:t3:prandomized:tree211:i160000,4,2,23,randomized,0,16,test,-0.04070281982421875,3,0,18,211,64
L2_W64_H4,0,test:d16:t3:prandomized:tree211:i160001,4,2,23,randomized,1,16,test,0.12044143676757812,3,1,18,211,64
L2_W64_H4,1,test:d16:t3:prandomized:tree211:i160007,4,2,23,randomized,1,16,test,0.20557212829589844,3,1,18,211,64
L2_W64_H4,0,test:d16:t3:prandomized:tree307:i160012,4,2,23,randomized,0,16,test,-0.12116241455078125,3,0,18,307,64
L2_W64_H4,1,test:d16:t3:prandomized:tree307:i160014,4,2,23,randomized,0,16,test,-0.13154029846191406,3,0,18,307,64
L2_W64_H4,1,validation:d16:t0:prandomized:tree101:i160007,4,2,23,randomized,1,16,validation,0.1822795867919922,0,1,18,101,64
L2_W64_H4,1,validation:d16:t0:prandomized:tree307:i160006,4,2,23,randomized,0,16,validation,-0.07581710815429688,0,0,18,307,64
L2_W64_H4,0,validation:d16:t0:prandomized:tree307:i160008,4,2,23,randomized,0,16,validation,-0.1122283935546875,0,0,18,307,64
L2_W64_H4,1,validation:d16:t1:prandomized:tree101:i160007,4,2,23,randomized,1,16,validation,0.1620502471923828,1,1,18,101,64
L2_W64_H4,1,validation:d16:t1:prandomized:tree307:i160006,4,2,23,randomized,0,16,validation,-0.08800888061523438,1,0,18,307,64
L2_W64_H4,0,validation:d16:t1:prandomized:tree307:i160008,4,2,23,randomized,0,16,validation,-0.11205291748046875,1,0,18,307,64
L2_W64_H4,0,validation:d16:t2:prandomized:tree101:i160005,4,2,23,randomized,1,16,validation,0.28141212463378906,2,1,18,101,64
L2_W64_H4,0,validation:d16:t2:prandomized:tree211:i160009,4,2,23,randomized,1,16,validation,0.070709228515625,2,1,18,211,64
L2_W64_H4,0,validation:d16:t2:prandomized:tree307:i160001,4,2,23,randomized,1,16,validation,0.2778053283691406,2,1,18,307,64
L2_W64_H4,1,validation:d16:t2:prandomized:tree307:i160002,4,2,23,randomized,0,16,validation,-0.14339065551757812,2,0,18,307,64
L2_W64_H4,0,validation:d16:t2:prandomized:tree307:i160004,4,2,23,randomized,0,16,validation,-0.1864604949951172,2,0,18,307,64
L2_W64_H4,0,validation:d16:t3:prandomized:tree101:i160005,4,2,23,randomized,1,16,validation,0.2817268371582031,3,1,18,101,64
L2_W64_H4,0,validation:d16:t3:prandomized:tree211:i160009,4,2,23,randomized,1,16,validation,0.06636619567871094,3,1,18,211,64
L2_W64_H4,0,validation:d16:t3:prandomized:tree307:i160001,4,2,23,randomized,1,16,validation,0.26007652282714844,3,1,18,307,64
L2_W64_H4,1,validation:d16:t3:prandomized:tree307:i160002,4,2,23,randomized,0,16,validation,-0.14446640014648438,3,0,18,307,64
L2_W64_H4,0,validation:d16:t3:prandomized:tree307:i160004,4,2,23,randomized,0,16,validation,-0.16025161743164062,3,0,18,307,64
L2_W64_H4,1,test:d16:t0:prandomized:tree101:i160007,4,2,23,randomized,1,16,test,0.22099685668945312,0,1,18,101,64
L2_W64_H4,1,test:d16:t0:prandomized:tree307:i160006,4,2,23,randomized,0,16,test,-0.2781848907470703,0,0,18,307,64
L2_W64_H4,0,test:d16:t0:prandomized:tree307:i160008,4,2,23,randomized,0,16,test,-0.25728607177734375,0,0,18,307,64
L2_W64_H4,1,test:d16:t1:prandomized:tree101:i160007,4,2,23,randomized,1,16,test,0.2082672119140625,1,1,18,101,64
L2_W64_H4,1,test:d16:t1:prandomized:tree307:i160006,4,2,23,randomized,0,16,test,-0.2675933837890625,1,0,18,307,64
L2_W64_H4,0,test:d16:t1:prandomized:tree307:i160008,4,2,23,randomized,0,16,test,-0.2554283142089844,1,0,18,307,64
L2_W64_H4,0,test:d16:t2:prandomized:tree101:i160005,4,2,23,randomized,1,16,test,0.1583881378173828,2,1,18,101,64
L2_W64_H4,0,test:d16:t2:prandomized:tree211:i160009,4,2,23,randomized,1,16,test,0.3290996551513672,2,1,18,211,64
L2_W64_H4,0,test:d16:t2:prandomized:tree307:i160001,4,2,23,randomized,1,16,test,0.1955890655517578,2,1,18,307,64
L2_W64_H4,1,test:d16:t2:prandomized:tree307:i160002,4,2,23,randomized,0,16,test,0.0047760009765625,2,1,18,307,64
L2_W64_H4,0,test:d16:t2:prandomized:tree307:i160004,4,2,23,randomized,0,16,test,-0.2910480499267578,2,0,18,307,64
L2_W64_H4,0,test:d16:t3:prandomized:tree101:i160005,4,2,23,randomized,1,16,test,0.16986846923828125,3,1,18,101,64
L2_W64_H4,0,test:d16:t3:prandomized:tree211:i160009,4,2,23,randomized,1,16,test,0.3265399932861328,3,1,18,211,64
L2_W64_H4,0,test:d16:t3:prandomized:tree307:i160001,4,2,23,randomized,1,16,test,0.18308258056640625,3,1,18,307,64
L2_W64_H4,1,test:d16:t3:prandomized:tree307:i160002,4,2,23,randomized,0,16,test,0.003498077392578125,3,1,18,307,64
L2_W64_H4,0,test:d16:t3:prandomized:tree307:i160004,4,2,23,randomized,0,16,test,-0.28859901428222656,3,0,18,307,64
L2_W64_H4,1,validation:d16:t0:prandomized:tree101:i160003,4,2,23,randomized,1,16,validation,0.19595718383789062,0,1,18,101,64
L2_W64_H4,0,validation:d16:t0:prandomized:tree211:i160000,4,2,23,randomized,0,16,validation,-0.1216278076171875,0,0,18,211,64
L2_W64_H4,1,validation:d16:t0:prandomized:tree211:i160011,4,2,23,randomized,1,16,validation,0.08212471008300781,0,1,18,211,64
L2_W64_H4,1,validation:d16:t0:prandomized:tree307:i160003,4,2,23,randomized,1,16,validation,0.22759628295898438,0,1,18,307,64
L2_W64_H4,0,validation:d16:t0:prandomized:tree307:i160004,4,2,23,randomized,0,16,validation,-0.18711090087890625,0,0,18,307,64
L2_W64_H4,1,validation:d16:t0:prandomized:tree307:i160011,4,2,23,randomized,1,16,validation,0.11505699157714844,0,1,18,307,64
L2_W64_H4,1,validation:d16:t1:prandomized:tree101:i160003,4,2,23,randomized,1,16,validation,0.1807117462158203,1,1,18,101,64
L2_W64_H4,0,validation:d16:t1:prandomized:tree211:i160000,4,2,23,randomized,0,16,validation,-0.1285400390625,1,0,18,211,64
L2_W64_H4,1,validation:d16:t1:prandomized:tree211:i160011,4,2,23,randomized,1,16,validation,0.059612274169921875,1,1,18,211,64
L2_W64_H4,1,validation:d16:t1:prandomized:tree307:i160003,4,2,23,randomized,1,16,validation,0.21775054931640625,1,1,18,307,64
L2_W64_H4,0,validation:d16:t1:prandomized:tree307:i160004,4,2,23,randomized,0,16,validation,-0.15057945251464844,1,0,18,307,64
L2_W64_H4,1,validation:d16:t1:prandomized:tree307:i160011,4,2,23,randomized,1,16,validation,0.11407279968261719,1,1,18,307,64
L2_W64_H4,1,validation:d16:t2:prandomized:tree101:i160010,4,2,23,randomized,0,16,validation,-0.3673725128173828,2,0,18,101,64
L2_W64_H4,0,validation:d16:t2:prandomized:tree211:i160008,4,2,23,randomized,0,16,validation,-0.13268089294433594,2,0,18,211,64
L2_W64_H4,1,validation:d16:t2:prandomized:tree307:i160003,4,2,23,randomized,1,16,validation,0.22785377502441406,2,1,18,307,64
L2_W64_H4,1,validation:d16:t3:prandomized:tree101:i160010,4,2,23,randomized,0,16,validation,-0.3049793243408203,3,0,18,101,64
L2_W64_H4,0,validation:d16:t3:prandomized:tree211:i160008,4,2,23,randomized,0,16,validation,-0.1297588348388672,3,0,18,211,64
L2_W64_H4,1,validation:d16:t3:prandomized:tree307:i160003,4,2,23,randomized,1,16,validation,0.215484619140625,3,1,18,307,64
L2_W64_H4,1,test:d16:t0:prandomized:tree101:i160003,4,2,23,randomized,1,16,test,0.3296375274658203,0,1,18,101,64
L2_W64_H4,0,test:d16:t0:prandomized:tree211:i160000,4,2,23,randomized,0,16,test,-0.03569793701171875,0,0,18,211,64
L2_W64_H4,1,test:d16:t0:prandomized:tree211:i160011,4,2,23,randomized,1,16,test,0.09937095642089844,0,1,18,211,64
L2_W64_H4,1,test:d16:t0:prandomized:tree307:i160003,4,2,23,randomized,1,16,test,-0.06961441040039062,0,0,18,307,64
L2_W64_H4,0,test:d16:t0:prandomized:tree307:i160004,4,2,23,randomized,0,16,test,-0.2796974182128906,0,0,18,307,64
L2_W64_H4,1,test:d16:t0:prandomized:tree307:i160011,4,2,23,randomized,1,16,test,0.17641639709472656,0,1,18,307,64
L2_W64_H4,1,test:d16:t1:prandomized:tree101:i160003,4,2,23,randomized,1,16,test,0.32247161865234375,1,1,18,101,64
L2_W64_H4,0,test:d16:t1:prandomized:tree211:i160000,4,2,23,randomized,0,16,test,-0.0350189208984375,1,0,18,211,64
L2_W64_H4,1,test:d16:t1:prandomized:tree211:i160011,4,2,23,randomized,1,16,test,0.09766769409179688,1,1,18,211,64
L2_W64_H4,1,test:d16:t1:prandomized:tree307:i160003,4,2,23,randomized,1,16,test,-0.04306602478027344,1,0,18,307,64
L2_W64_H4,0,test:d16:t1:prandomized:tree307:i160004,4,2,23,randomized,0,16,test,-0.27327728271484375,1,0,18,307,64
L2_W64_H4,1,test:d16:t1:prandomized:tree307:i160011,4,2,23,randomized,1,16,test,0.15070343017578125,1,1,18,307,64
L2_W64_H4,1,test:d16:t2:prandomized:tree101:i160010,4,2,23,randomized,0,16,test,-0.13953781127929688,2,0,18,101,64
L2_W64_H4,0,test:d16:t2:prandomized:tree211:i160008,4,2,23,randomized,0,16,test,0.00937652587890625,2,1,18,211,64
L2_W64_H4,1,test:d16:t2:prandomized:tree307:i160003,4,2,23,randomized,1,16,test,-0.06899642944335938,2,0,18,307,64
L2_W64_H4,1,test:d16:t3:prandomized:tree101:i160010,4,2,23,randomized,0,16,test,-0.1278839111328125,3,0,18,101,64
L2_W64_H4,0,test:d16:t3:prandomized:tree211:i160008,4,2,23,randomized,0,16,test,0.010168075561523438,3,1,18,211,64
L2_W64_H4,1,test:d16:t3:prandomized:tree307:i160003,4,2,23,randomized,1,16,test,-0.04315948486328125,3,0,18,307,64
L2_W64_H4,0,validation:d16:t0:prandomized:tree211:i160005,4,2,23,randomized,1,16,validation,0.18629074096679688,0,1,18,211,64
L2_W64_H4,1,validation:d16:t0:prandomized:tree211:i160010,4,2,23,randomized,0,16,validation,-0.128753662109375,0,0,18,211,64
L2_W64_H4,0,validation:d16:t0:prandomized:tree307:i160013,4,2,23,randomized,1,16,validation,0.03747749328613281,0,1,18,307,64
L2_W64_H4,1,validation:d16:t0:prandomized:tree307:i160014,4,2,23,randomized,0,16,validation,-0.23309898376464844,0,0,18,307,64
L2_W64_H4,1,validation:d16:t0:prandomized:tree307:i160015,4,2,23,randomized,1,16,validation,0.04911231994628906,0,1,18,307,64
L2_W64_H4,0,validation:d16:t1:prandomized:tree211:i160005,4,2,23,randomized,1,16,validation,0.15972518920898438,1,1,18,211,64
L2_W64_H4,1,validation:d16:t1:prandomized:tree211:i160010,4,2,23,randomized,0,16,validation,-0.10818290710449219,1,0,18,211,64
L2_W64_H4,0,validation:d16:t1:prandomized:tree307:i160013,4,2,23,randomized,1,16,validation,0.03868675231933594,1,1,18,307,64
L2_W64_H4,1,validation:d16:t1:prandomized:tree307:i160014,4,2,23,randomized,0,16,validation,-0.18586158752441406,1,0,18,307,64
L2_W64_H4,1,validation:d16:t1:prandomized:tree307:i160015,4,2,23,randomized,1,16,validation,0.037914276123046875,1,1,18,307,64
L2_W64_H4,0,validation:d16:t2:prandomized:tree101:i160000,4,2,23,randomized,0,16,validation,-0.1365337371826172,2,0,18,101,64
L2_W64_H4,0,validation:d16:t2:prandomized:tree101:i160008,4,2,23,randomized,0,16,validation,-0.06951522827148438,2,0,18,101,64
L2_W64_H4,1,validation:d16:t2:prandomized:tree101:i160011,4,2,23,randomized,1,16,validation,0.037052154541015625,2,1,18,101,64
L2_W64_H4,1,validation:d16:t2:prandomized:tree101:i160015,4,2,23,randomized,1,16,validation,0.153350830078125,2,1,18,101,64
L2_W64_H4,1,validation:d16:t2:prandomized:tree307:i160007,4,2,23,randomized,1,16,validation,0.059360504150390625,2,1,18,307,64
L2_W64_H4,0,validation:d16:t2:prandomized:tree307:i160013,4,2,23,randomized,1,16,validation,0.03682518005371094,2,1,18,307,64
L2_W64_H4,0,validation:d16:t3:prandomized:tree101:i160000,4,2,23,randomized,0,16,validation,-0.1347675323486328,3,0,18,101,64
L2_W64_H4,0,validation:d16:t3:prandomized:tree101:i160008,4,2,23,randomized,0,16,validation,-0.04170417785644531,3,0,18,101,64
L2_W64_H4,1,validation:d16:t3:prandomized:tree101:i160011,4,2,23,randomized,1,16,validation,0.03740501403808594,3,1,18,101,64
L2_W64_H4,1,validation:d16:t3:prandomized:tree101:i160015,4,2,23,randomized,1,16,validation,0.1116180419921875,3,1,18,101,64
L2_W64_H4,1,validation:d16:t3:prandomized:tree307:i160007,4,2,23,randomized,1,16,validation,0.04062652587890625,3,1,18,307,64
L2_W64_H4,0,validation:d16:t3:prandomized:tree307:i160013,4,2,23,randomized,1,16,validation,0.038700103759765625,3,1,18,307,64
L2_W64_H4,0,test:d16:t0:prandomized:tree211:i160005,4,2,23,randomized,1,16,test,0.27408409118652344,0,1,18,211,64
L2_W64_H4,1,test:d16:t0:prandomized:tree211:i160010,4,2,23,randomized,0,16,test,0.087066650390625,0,1,18,211,64
L2_W64_H4,0,test:d16:t0:prandomized:tree307:i160013,4,2,23,randomized,1,16,test,0.16990089416503906,0,1,18,307,64
L2_W64_H4,1,test:d16:t0:prandomized:tree307:i160014,4,2,23,randomized,0,16,test,-0.1250782012939453,0,0,18,307,64
L2_W64_H4,1,test:d16:t0:prandomized:tree307:i160015,4,2,23,randomized,1,16,test,0.2541770935058594,0,1,18,307,64
L2_W64_H4,0,test:d16:t1:prandomized:tree211:i160005,4,2,23,randomized,1,16,test,0.23543739318847656,1,1,18,211,64
L2_W64_H4,1,test:d16:t1:prandomized:tree211:i160010,4,2,23,randomized,0,16,test,0.07521629333496094,1,1,18,211,64
L2_W64_H4,0,test:d16:t1:prandomized:tree307:i160013,4,2,23,randomized,1,16,test,0.160400390625,1,1,18,307,64
L2_W64_H4,1,test:d16:t1:prandomized:tree307:i160014,4,2,23,randomized,0,16,test,-0.09253692626953125,1,0,18,307,64
L2_W64_H4,1,test:d16:t1:prandomized:tree307:i160015,4,2,23,randomized,1,16,test,0.24477767944335938,1,1,18,307,64
L2_W64_H4,0,test:d16:t2:prandomized:tree101:i160000,4,2,23,randomized,0,16,test,-0.10397720336914062,2,0,18,101,64
L2_W64_H4,0,test:d16:t2:prandomized:tree101:i160008,4,2,23,randomized,0,16,test,-0.0943756103515625,2,0,18,101,64
L2_W64_H4,1,test:d16:t2:prandomized:tree101:i160011,4,2,23,randomized,1,16,test,0.1957244873046875,2,1,18,101,64
L2_W64_H4,1,test:d16:t2:prandomized:tree101:i160015,4,2,23,randomized,1,16,test,0.003589630126953125,2,1,18,101,64
L2_W64_H4,1,test:d16:t2:prandomized:tree307:i160007,4,2,23,randomized,1,16,test,0.31905364990234375,2,1,18,307,64
L2_W64_H4,0,test:d16:t2:prandomized:tree307:i160013,4,2,23,randomized,1,16,test,0.17241859436035156,2,1,18,307,64
L2_W64_H4,0,test:d16:t3:prandomized:tree101:i160000,4,2,23,randomized,0,16,test,-0.09492874145507812,3,0,18,101,64
L2_W64_H4,0,test:d16:t3:prandomized:tree101:i160008,4,2,23,randomized,0,16,test,-0.08749580383300781,3,0,18,101,64
L2_W64_H4,1,test:d16:t3:prandomized:tree101:i160011,4,2,23,randomized,1,16,test,0.19276809692382812,3,1,18,101,64
L2_W64_H4,1,test:d16:t3:prandomized:tree101:i160015,4,2,23,randomized,1,16,test,0.0037384033203125,3,1,18,101,64
L2_W64_H4,1,test:d16:t3:prandomized:tree307:i160007,4,2,23,randomized,1,16,test,0.3103294372558594,3,1,18,307,64
L2_W64_H4,0,test:d16:t3:prandomized:tree307:i160013,4,2,23,randomized,1,16,test,0.15981292724609375,3,1,18,307,64
L2_W64_H4,0,validation:d16:t0:prandomized:tree101:i160004,4,2,23,randomized,0,16,validation,-0.22621726989746094,0,0,18,101,64
L2_W64_H4,1,validation:d16:t0:prandomized:tree101:i160011,4,2,23,randomized,1,16,validation,0.0386199951171875,0,1,18,101,64
L2_W64_H4,0,validation:d16:t0:prandomized:tree211:i160012,4,2,23,randomized,0,16,validation,-0.1727313995361328,0,0,18,211,64
L2_W64_H4,0,validation:d16:t0:prandomized:tree307:i160005,4,2,23,randomized,1,16,validation,0.21842002868652344,0,1,18,307,64
L2_W64_H4,0,validation:d16:t1:prandomized:tree101:i160004,4,2,23,randomized,0,16,validation,-0.2245311737060547,1,0,18,101,64
L2_W64_H4,1,validation:d16:t1:prandomized:tree101:i160011,4,2,23,randomized,1,16,validation,0.04082298278808594,1,1,18,101,64
L2_W64_H4,0,validation:d16:t1:prandomized:tree211:i160012,4,2,23,randomized,0,16,validation,-0.17332077026367188,1,0,18,211,64
L2_W64_H4,0,validation:d16:t1:prandomized:tree307:i160005,4,2,23,randomized,1,16,validation,0.21639442443847656,1,1,18,307,64
L2_W64_H4,1,validation:d16:t2:prandomized:tree211:i160015,4,2,23,randomized,1,16,validation,0.10817909240722656,2,1,18,211,64
L2_W64_H4,0,validation:d16:t2:prandomized:tree307:i160009,4,2,23,randomized,1,16,validation,-0.0070781707763671875,2,0,18,307,64
L2_W64_H4,1,validation:d16:t3:prandomized:tree211:i160015,4,2,23,randomized,1,16,validation,0.11538314819335938,3,1,18,211,64
L2_W64_H4,0,validation:d16:t3:prandomized:tree307:i160009,4,2,23,randomized,1,16,validation,-0.00164794921875,3,0,18,307,64
L2_W64_H4,0,test:d16:t0:prandomized:tree101:i160004,4,2,23,randomized,0,16,test,-0.024463653564453125,0,0,18,101,64
L2_W64_H4,1,test:d16:t0:prandomized:tree101:i160011,4,2,23,randomized,1,16,test,0.20023345947265625,0,1,18,101,64
L2_W64_H4,0,test:d16:t0:prandomized:tree211:i160012,4,2,23,randomized,0,16,test,-0.1871356964111328,0,0,18,211,64
L2_W64_H4,0,test:d16:t0:prandomized:tree307:i160005,4,2,23,randomized,1,16,test,0.023595809936523438,0,1,18,307,64
L2_W64_H4,0,test:d16:t1:prandomized:tree101:i160004,4,2,23,randomized,0,16,test,-0.025726318359375,1,0,18,101,64
L2_W64_H4,1,test:d16:t1:prandomized:tree101:i160011,4,2,23,randomized,1,16,test,0.1982269287109375,1,1,18,101,64
L2_W64_H4,0,test:d16:t1:prandomized:tree211:i160012,4,2,23,randomized,0,16,test,-0.1861114501953125,1,0,18,211,64
L2_W64_H4,0,test:d16:t1:prandomized:tree307:i160005,4,2,23,randomized,1,16,test,0.022146224975585938,1,1,18,307,64
L2_W64_H4,1,test:d16:t2:prandomized:tree211:i160015,4,2,23,randomized,1,16,test,0.02555084228515625,2,1,18,211,64
L2_W64_H4,0,test:d16:t2:prandomized:tree307:i160009,4,2,23,randomized,1,16,test,0.19751739501953125,2,1,18,307,64
L2_W64_H4,1,test:d16:t3:prandomized:tree211:i160015,4,2,23,randomized,1,16,test,0.013980865478515625,3,1,18,211,64
L2_W64_H4,0,test:d16:t3:prandomized:tree307:i160009,4,2,23,randomized,1,16,test,0.15500450134277344,3,1,18,307,64
L2_W64_H4,0,validation:d16:t0:prandomized:tree101:i160008,4,2,23,randomized,0,16,validation,-0.05640602111816406,0,0,18,101,64
L2_W64_H4,0,validation:d16:t0:prandomized:tree101:i160009,4,2,23,randomized,1,16,validation,0.33758544921875,0,1,18,101,64
L2_W64_H4,0,validation:d16:t0:prandomized:tree211:i160004,4,2,23,randomized,0,16,validation,-0.10212326049804688,0,0,18,211,64
L2_W64_H4,0,validation:d16:t0:prandomized:tree307:i160001,4,2,23,randomized,1,16,validation,0.26837921142578125,0,1,18,307,64
L2_W64_H4,0,validation:d16:t1:prandomized:tree101:i160008,4,2,23,randomized,0,16,validation,-0.014642715454101562,1,0,18,101,64
L2_W64_H4,0,validation:d16:t1:prandomized:tree101:i160009,4,2,23,randomized,1,16,validation,0.24191856384277344,1,1,18,101,64
L2_W64_H4,0,validation:d16:t1:prandomized:tree211:i160004,4,2,23,randomized,0,16,validation,-0.07502174377441406,1,0,18,211,64
L2_W64_H4,0,validation:d16:t1:prandomized:tree307:i160001,4,2,23,randomized,1,16,validation,0.2155742645263672,1,1,18,307,64
L2_W64_H4,1,validation:d16:t2:prandomized:tree101:i160002,4,2,23,randomized,0,16,validation,-0.035671234130859375,2,0,18,101,64
L2_W64_H4,1,validation:d16:t2:prandomized:tree211:i160002,4,2,23,randomized,0,16,validation,0.00823974609375,2,1,18,211,64
L2_W64_H4,1,validation:d16:t2:prandomized:tree211:i160006,4,2,23,randomized,0,16,validation,-0.3663005828857422,2,0,18,211,64
L2_W64_H4,1,validation:d16:t2:prandomized:tree211:i160014,4,2,23,randomized,0,16,validation,-0.10616111755371094,2,0,18,211,64
L2_W64_H4,0,validation:d16:t2:prandomized:tree307:i160000,4,2,23,randomized,0,16,validation,-0.058811187744140625,2,0,18,307,64
L2_W64_H4,1,validation:d16:t2:prandomized:tree307:i160010,4,2,23,randomized,0,16,validation,-0.1760101318359375,2,0,18,307,64
L2_W64_H4,1,validation:d16:t3:prandomized:tree101:i160002,4,2,23,randomized,0,16,validation,-0.035198211669921875,3,0,18,101,64
L2_W64_H4,1,validation:d16:t3:prandomized:tree211:i160002,4,2,23,randomized,0,16,validation,0.00766754150390625,3,1,18,211,64
L2_W64_H4,1,validation:d16:t3:prandomized:tree211:i160006,4,2,23,randomized,0,16,validation,-0.35560035705566406,3,0,18,211,64
L2_W64_H4,1,validation:d16:t3:prandomized:tree211:i160014,4,2,23,randomized,0,16,validation,-0.08177757263183594,3,0,18,211,64
L2_W64_H4,0,validation:d16:t3:prandomized:tree307:i160000,4,2,23,randomized,0,16,validation,-0.03607368469238281,3,0,18,307,64
L2_W64_H4,1,validation:d16:t3:prandomized:tree307:i160010,4,2,23,randomized,0,16,validation,-0.1087493896484375,3,0,18,307,64
L2_W64_H4,0,test:d16:t0:prandomized:tree101:i160008,4,2,23,randomized,0,16,test,-0.08507728576660156,0,0,18,101,64
L2_W64_H4,0,test:d16:t0:prandomized:tree101:i160009,4,2,23,randomized,1,16,test,0.1310291290283203,0,1,18,101,64
L2_W64_H4,0,test:d16:t0:prandomized:tree211:i160004,4,2,23,randomized,0,16,test,-0.09608840942382812,0,0,18,211,64
L2_W64_H4,0,test:d16:t0:prandomized:tree307:i160001,4,2,23,randomized,1,16,test,0.18076515197753906,0,1,18,307,64
L2_W64_H4,0,test:d16:t1:prandomized:tree101:i160008,4,2,23,randomized,0,16,test,-0.07110023498535156,1,0,18,101,64
L2_W64_H4,0,test:d16:t1:prandomized:tree101:i160009,4,2,23,randomized,1,16,test,0.10744094848632812,1,1,18,101,64
L2_W64_H4,0,test:d16:t1:prandomized:tree211:i160004,4,2,23,randomized,0,16,test,-0.09440994262695312,1,0,18,211,64
L2_W64_H4,0,test:d16:t1:prandomized:tree307:i160001,4,2,23,randomized,1,16,test,0.13364410400390625,1,1,18,307,64
L2_W64_H4,1,test:d16:t2:prandomized:tree101:i160002,4,2,23,randomized,0,16,test,-0.2543506622314453,2,0,18,101,64
L2_W64_H4,1,test:d16:t2:prandomized:tree211:i160002,4,2,23,randomized,0,16,test,-0.1971607208251953,2,0,18,211,64
L2_W64_H4,1,test:d16:t2:prandomized:tree211:i160006,4,2,23,randomized,0,16,test,-0.36359596252441406,2,0,18,211,64
L2_W64_H4,1,test:d16:t2:prandomized:tree211:i160014,4,2,23,randomized,0,16,test,-0.15154266357421875,2,0,18,211,64
L2_W64_H4,0,test:d16:t2:prandomized:tree307:i160000,4,2,23,randomized,0,16,test,-0.15625,2,0,18,307,64
L2_W64_H4,1,test:d16:t2:prandomized:tree307:i160010,4,2,23,randomized,0,16,test,-0.28984642028808594,2,0,18,307,64
L2_W64_H4,1,test:d16:t3:prandomized:tree101:i160002,4,2,23,randomized,0,16,test,-0.25299835205078125,3,0,18,101,64
L2_W64_H4,1,test:d16:t3:prandomized:tree211:i160002,4,2,23,randomized,0,16,test,-0.14713287353515625,3,0,18,211,64
L2_W64_H4,1,test:d16:t3:prandomized:tree211:i160006,4,2,23,randomized,0,16,test,-0.3600921630859375,3,0,18,211,64
L2_W64_H4,1,test:d16:t3:prandomized:tree211:i160014,4,2,23,randomized,0,16,test,-0.14843368530273438,3,0,18,211,64
L2_W64_H4,0,test:d16:t3:prandomized:tree307:i160000,4,2,23,randomized,0,16,test,-0.12572860717773438,3,0,18,307,64
L2_W64_H4,1,test:d16:t3:prandomized:tree307:i160010,4,2,23,randomized,0,16,test,-0.2858867645263672,3,0,18,307,64
L2_W64_H4,0,validation:d16:t0:prandomized:tree101:i160005,4,2,23,randomized,1,16,validation,0.2936878204345703,0,1,18,101,64
L2_W64_H4,1,validation:d16:t0:prandomized:tree211:i160014,4,2,23,randomized,0,16,validation,-0.10581588745117188,0,0,18,211,64
L2_W64_H4,1,validation:d16:t0:prandomized:tree211:i160015,4,2,23,randomized,1,16,validation,0.1302928924560547,0,1,18,211,64
L2_W64_H4,0,validation:d16:t1:prandomized:tree101:i160005,4,2,23,randomized,1,16,validation,0.29035186767578125,1,1,18,101,64
L2_W64_H4,1,validation:d16:t1:prandomized:tree211:i160014,4,2,23,randomized,0,16,validation,-0.09016609191894531,1,0,18,211,64
L2_W64_H4,1,validation:d16:t1:prandomized:tree211:i160015,4,2,23,randomized,1,16,validation,0.13769912719726562,1,1,18,211,64
L2_W64_H4,1,validation:d16:t2:prandomized:tree101:i160006,4,2,23,randomized,0,16,validation,0.002521514892578125,2,1,18,101,64
L2_W64_H4,1,validation:d16:t2:prandomized:tree101:i160007,4,2,23,randomized,1,16,validation,0.1579742431640625,2,1,18,101,64
L2_W64_H4,0,validation:d16:t2:prandomized:tree211:i160004,4,2,23,randomized,0,16,validation,-0.10657501220703125,2,0,18,211,64
L2_W64_H4,0,validation:d16:t2:prandomized:tree211:i160005,4,2,23,randomized,1,16,validation,0.18311691284179688,2,1,18,211,64
L2_W64_H4,1,validation:d16:t2:prandomized:tree307:i160006,4,2,23,randomized,0,16,validation,-0.0720062255859375,2,0,18,307,64
L2_W64_H4,0,validation:d16:t2:prandomized:tree307:i160008,4,2,23,randomized,0,16,validation,-0.09402275085449219,2,0,18,307,64
L2_W64_H4,1,validation:d16:t2:prandomized:tree307:i160015,4,2,23,randomized,1,16,validation,0.058223724365234375,2,1,18,307,64
L2_W64_H4,1,validation:d16:t3:prandomized:tree101:i160006,4,2,23,randomized,0,16,validation,0.002346038818359375,3,1,18,101,64
L2_W64_H4,1,validation:d16:t3:prandomized:tree101:i160007,4,2,23,randomized,1,16,validation,0.10345268249511719,3,1,18,101,64
L2_W64_H4,0,validation:d16:t3:prandomized:tree211:i160004,4,2,23,randomized,0,16,validation,-0.072967529296875,3,0,18,211,64
L2_W64_H4,0,validation:d16:t3:prandomized:tree211:i160005,4,2,23,randomized,1,16,validation,0.14701461791992188,3,1,18,211,64
L2_W64_H4,1,validation:d16:t3:prandomized:tree307:i160006,4,2,23,randomized,0,16,validation,-0.06200408935546875,3,0,18,307,64
L2_W64_H4,0,validation:d16:t3:prandomized:tree307:i160008,4,2,23,randomized,0,16,validation,-0.08675003051757812,3,0,18,307,64
L2_W64_H4,1,validation:d16:t3:prandomized:tree307:i160015,4,2,23,randomized,1,16,validation,0.03632164001464844,3,1,18,307,64
L2_W64_H4,0,test:d16:t0:prandomized:tree101:i160005,4,2,23,randomized,1,16,test,0.1531658172607422,0,1,18,101,64
L2_W64_H4,1,test:d16:t0:prandomized:tree211:i160014,4,2,23,randomized,0,16,test,-0.15988731384277344,0,0,18,211,64
L2_W64_H4,1,test:d16:t0:prandomized:tree211:i160015,4,2,23,randomized,1,16,test,0.02740478515625,0,1,18,211,64
L2_W64_H4,0,test:d16:t1:prandomized:tree101:i160005,4,2,23,randomized,1,16,test,0.14840316772460938,1,1,18,101,64
L2_W64_H4,1,test:d16:t1:prandomized:tree211:i160014,4,2,23,randomized,0,16,test,-0.15656280517578125,1,0,18,211,64
L2_W64_H4,1,test:d16:t1:prandomized:tree211:i160015,4,2,23,randomized,1,16,test,0.014247894287109375,1,1,18,211,64
L2_W64_H4,1,test:d16:t2:prandomized:tree101:i160006,4,2,23,randomized,0,16,test,-0.24168014526367188,2,0,18,101,64
L2_W64_H4,1,test:d16:t2:prandomized:tree101:i160007,4,2,23,randomized,1,16,test,0.1927642822265625,2,1,18,101,64
L2_W64_H4,0,test:d16:t2:prandomized:tree211:i160004,4,2,23,randomized,0,16,test,-0.10470962524414062,2,0,18,211,64
L2_W64_H4,0,test:d16:t2:prandomized:tree211:i160005,4,2,23,randomized,1,16,test,0.2875995635986328,2,1,18,211,64
L2_W64_H4,1,test:d16:t2:prandomized:tree307:i160006,4,2,23,randomized,0,16,test,-0.28202247619628906,2,0,18,307,64
L2_W64_H4,0,test:d16:t2:prandomized:tree307:i160008,4,2,23,randomized,0,16,test,-0.2612438201904297,2,0,18,307,64
L2_W64_H4,1,test:d16:t2:prandomized:tree307:i160015,4,2,23,randomized,1,16,test,0.2529621124267578,2,1,18,307,64
L2_W64_H4,1,test:d16:t3:prandomized:tree101:i160006,4,2,23,randomized,0,16,test,-0.23389244079589844,3,0,18,101,64
L2_W64_H4,1,test:d16:t3:prandomized:tree101:i160007,4,2,23,randomized,1,16,test,0.15695571899414062,3,1,18,101,64
L2_W64_H4,0,test:d16:t3:prandomized:tree211:i160004,4,2,23,randomized,0,16,test,-0.10289955139160156,3,0,18,211,64
L2_W64_H4,0,test:d16:t3:prandomized:tree211:i160005,4,2,23,randomized,1,16,test,0.22430801391601562,3,1,18,211,64
L2_W64_H4,1,test:d16:t3:prandomized:tree307:i160006,4,2,23,randomized,0,16,test,-0.2699775695800781,3,0,18,307,64
L2_W64_H4,0,test:d16:t3:prandomized:tree307:i160008,4,2,23,randomized,0,16,test,-0.24214553833007812,3,0,18,307,64
L2_W64_H4,1,test:d16:t3:prandomized:tree307:i160015,4,2,23,randomized,1,16,test,0.24589157104492188,3,1,18,307,64
