answer_logprob,answer_token_accuracy,budget_chunks,budget_tokens,budget_violation,complete_evidence,condition,dataset,end_to_end_time_ns,evidence_recall,example_id,identity_id,materialization_time_ns,materialized_kv_bytes,materialized_tokens,peak_device_bytes,pid,selection_time_ns
-8.52607536315918,0.0,2,64,0,0.0,base_topk,hotpotqa,5454216053,0.4,hotpotqa-5a719bf25542994082a3e891,5a719bf25542994082a3e891,2368630328,7340032,64,3109568512,91038,69888
-8.52607536315918,0.0,2,64,0,0.0,budget_tuned_topk,hotpotqa,5454216053,0.4,hotpotqa-5a719bf25542994082a3e891,5a719bf25542994082a3e891,2368630328,7340032,64,3109568512,91038,47085
-8.52607536315918,0.0,2,64,0,0.0,power_sharpen,hotpotqa,5454216053,0.4,hotpotqa-5a719bf25542994082a3e891,5a719bf25542994082a3e891,2368630328,7340032,64,3109568512,91038,80715
-8.52607536315918,0.0,2,64,0,0.0,entropy_adaptive_sharpen,hotpotqa,5454216053,0.4,hotpotqa-5a719bf25542994082a3e891,5a719bf25542994082a3e891,2368630328,7340032,64,3109568512,91038,160246
-1.0011804103851318,0.5,2,64,0,0.0,persistence,hotpotqa,1729812041,0.4,hotpotqa-5a719bf25542994082a3e891,5a719bf25542994082a3e891,571338445,7340032,64,3109576704,91038,20405
-9.4202241897583,0.0,2,64,0,0.0,agreement,hotpotqa,1719742813,0.2,hotpotqa-5a719bf25542994082a3e891,5a719bf25542994082a3e891,560112556,7340032,64,3109576704,91038,43599
-8.648969650268555,0.0,2,64,0,0.0,community,hotpotqa,1712798285,0.2,hotpotqa-5a719bf25542994082a3e891,5a719bf25542994082a3e891,551186302,7340032,64,3109576704,91038,56715
-7.655193328857422,0.0,2,64,0,0.0,bridge_preserving,hotpotqa,1712091447,0.4,hotpotqa-5a719bf25542994082a3e891,5a719bf25542994082a3e891,550151328,7340032,64,3109576704,91038,97548
-1.0011804103851318,0.5,2,64,0,0.0,combined_structural,hotpotqa,1729812041,0.4,hotpotqa-5a719bf25542994082a3e891,5a719bf25542994082a3e891,571338445,7340032,64,3109576704,91038,142117
-8.52607536315918,0.0,2,64,0,0.0,oracle_evidence,hotpotqa,5454216053,0.4,hotpotqa-5a719bf25542994082a3e891,5a719bf25542994082a3e891,2368630328,7340032,64,3109568512,91038,33092
-2.3319172859191895,0.5,4,128,0,0.0,base_topk,hotpotqa,4477205168,0.6,hotpotqa-5a719bf25542994082a3e891,5a719bf25542994082a3e891,2792475937,14680064,128,3109687296,91038,18801
-2.3319172859191895,0.5,4,128,0,0.0,budget_tuned_topk,hotpotqa,4477205168,0.6,hotpotqa-5a719bf25542994082a3e891,5a719bf25542994082a3e891,2792475937,14680064,128,3109687296,91038,52001
-2.3319172859191895,0.5,4,128,0,0.0,power_sharpen,hotpotqa,4477205168,0.6,hotpotqa-5a719bf25542994082a3e891,5a719bf25542994082a3e891,2792475937,14680064,128,3109687296,91038,55902
-2.3319172859191895,0.5,4,128,0,0.0,entropy_adaptive_sharpen,hotpotqa,4477205168,0.6,hotpotqa-5a719bf25542994082a3e891,5a719bf25542994082a3e891,2792475937,14680064,128,3109687296,91038,105135
-2.9324421882629395,0.5,4,128,0,0.0,persistence,hotpotqa,2265701730,0.6,hotpotqa-5a719bf25542994082a3e891,5a719bf25542994082a3e891,982391400,14680064,128,3109687296,91038,22235
-9.014735221862793,0.0,4,128,0,0.0,agreement,hotpotqa,2268134043,0.4,hotpotqa-5a719bf25542994082a3e891,5a719bf25542994082a3e891,983253595,14680064,128,3109687296,91038,46463
-9.014735221862793,0.0,4,128,0,0.0,community,hotpotqa,2268134043,0.4,hotpotqa-5a719bf25542994082a3e891,5a719bf25542994082a3e891,983253595,14680064,128,3109687296,91038,59387
-7.969640731811523,0.0,4,128,0,0.0,bridge_preserving,hotpotqa,2260817866,0.6,hotpotqa-5a719bf25542994082a3e891,5a719bf25542994082a3e891,977279331,14680064,128,3109687296,91038,56288
-2.9324421882629395,0.5,4,128,0,0.0,combined_structural,hotpotqa,2265701730,0.6,hotpotqa-5a719bf25542994082a3e891,5a719bf25542994082a3e891,982391400,14680064,128,3109687296,91038,97966
-4.035786151885986,0.5,4,128,0,0.0,oracle_evidence,hotpotqa,2258078229,0.8,hotpotqa-5a719bf25542994082a3e891,5a719bf25542994082a3e891,973457118,14680064,128,3109687296,91038,32716
-2.5672364234924316,0.5,6,192,0,0.0,base_topk,hotpotqa,4973715118,0.6,hotpotqa-5a719bf25542994082a3e891,5a719bf25542994082a3e891,3174523991,22020096,192,3109797888,91038,62334
-2.5672364234924316,0.5,6,192,0,0.0,budget_tuned_topk,hotpotqa,4973715118,0.6,hotpotqa-5a719bf25542994082a3e891,5a719bf25542994082a3e891,3174523991,22020096,192,3109797888,91038,51311
-2.5672364234924316,0.5,6,192,0,0.0,power_sharpen,hotpotqa,4973715118,0.6,hotpotqa-5a719bf25542994082a3e891,5a719bf25542994082a3e891,3174523991,22020096,192,3109797888,91038,56743
-2.5672364234924316,0.5,6,192,0,0.0,entropy_adaptive_sharpen,hotpotqa,4973715118,0.6,hotpotqa-5a719bf25542994082a3e891,5a719bf25542994082a3e891,3174523991,22020096,192,3109797888,91038,104943
-3.764235496520996,0.5,6,192,0,0.0,persistence,hotpotqa,2716628946,0.8,hotpotqa-5a719bf25542994082a3e891,5a719bf25542994082a3e891,1308554238,22020096,192,3109797888,91038,22534
-4.599463939666748,0.5,6,192,0,0.0,agreement,hotpotqa,2729589852,0.8,hotpotqa-5a719bf25542994082a3e891,5a719bf25542994082a3e891,1318400126,22020096,192,3109797888,91038,55737
-2.5672364234924316,0.5,6,192,0,0.0,community,hotpotqa,4973715118,0.6,hotpotqa-5a719bf25542994082a3e891,5a719bf25542994082a3e891,3174523991,22020096,192,3109797888,91038,60105
-4.599463939666748,0.5,6,192,0,0.0,bridge_preserving,hotpotqa,2729589852,0.8,hotpotqa-5a719bf25542994082a3e891,5a719bf25542994082a3e891,1318400126,22020096,192,3109797888,91038,44097
-3.764235496520996,0.5,6,192,0,0.0,combined_structural,hotpotqa,2716628946,0.8,hotpotqa-5a719bf25542994082a3e891,5a719bf25542994082a3e891,1308554238,22020096,192,3109797888,91038,71530
-2.878736734390259,0.5,6,192,0,1.0,oracle_evidence,hotpotqa,2726859403,1.0,hotpotqa-5a719bf25542994082a3e891,5a719bf25542994082a3e891,1316715838,22020096,192,3109797888,91038,29458
-5.449367046356201,0.25,2,64,0,0.0,base_topk,hotpotqa,4487033896,0.0,hotpotqa-5a7211e655429971e9dc923c,5a7211e655429971e9dc923c,550383497,7340032,64,3114106880,91038,48618
-5.449367046356201,0.25,2,64,0,0.0,budget_tuned_topk,hotpotqa,4487033896,0.0,hotpotqa-5a7211e655429971e9dc923c,5a7211e655429971e9dc923c,550383497,7340032,64,3114106880,91038,49505
-5.449367046356201,0.25,2,64,0,0.0,power_sharpen,hotpotqa,4487033896,0.0,hotpotqa-5a7211e655429971e9dc923c,5a7211e655429971e9dc923c,550383497,7340032,64,3114106880,91038,51614
-5.449367046356201,0.25,2,64,0,0.0,entropy_adaptive_sharpen,hotpotqa,4487033896,0.0,hotpotqa-5a7211e655429971e9dc923c,5a7211e655429971e9dc923c,550383497,7340032,64,3114106880,91038,97700
-5.052615642547607,0.25,2,64,0,0.0,persistence,hotpotqa,2544708452,0.0,hotpotqa-5a7211e655429971e9dc923c,5a7211e655429971e9dc923c,573053821,7340032,64,3114151936,91038,19471
-5.449367046356201,0.25,2,64,0,0.0,agreement,hotpotqa,4487033896,0.0,hotpotqa-5a7211e655429971e9dc923c,5a7211e655429971e9dc923c,550383497,7340032,64,3114106880,91038,57289
-5.12071418762207,0.25,2,64,0,0.0,community,hotpotqa,2518832009,0.0,hotpotqa-5a7211e655429971e9dc923c,5a7211e655429971e9dc923c,548113533,7340032,64,3114151936,91038,29699
-1.314771294593811,0.5,2,64,0,0.0,bridge_preserving,hotpotqa,2537300432,0.3333333333333333,hotpotqa-5a7211e655429971e9dc923c,5a7211e655429971e9dc923c,565810478,7340032,64,3114151936,91038,64172
-5.052615642547607,0.25,2,64,0,0.0,combined_structural,hotpotqa,2544708452,0.0,hotpotqa-5a7211e655429971e9dc923c,5a7211e655429971e9dc923c,573053821,7340032,64,3114151936,91038,102902
-4.17249870300293,0.25,2,64,0,0.0,oracle_evidence,hotpotqa,2523426509,0.6666666666666666,hotpotqa-5a7211e655429971e9dc923c,5a7211e655429971e9dc923c,549617403,7340032,64,3114151936,91038,34242
-3.6566898822784424,0.25,4,128,0,0.0,base_topk,hotpotqa,3486416719,0.3333333333333333,hotpotqa-5a7211e655429971e9dc923c,5a7211e655429971e9dc923c,972470377,14680064,128,3114168320,91038,43152
-3.6566898822784424,0.25,4,128,0,0.0,budget_tuned_topk,hotpotqa,3486416719,0.3333333333333333,hotpotqa-5a7211e655429971e9dc923c,5a7211e655429971e9dc923c,972470377,14680064,128,3114168320,91038,42101
-3.6566898822784424,0.25,4,128,0,0.0,power_sharpen,hotpotqa,3486416719,0.3333333333333333,hotpotqa-5a7211e655429971e9dc923c,5a7211e655429971e9dc923c,972470377,14680064,128,3114168320,91038,43175
-3.6566898822784424,0.25,4,128,0,0.0,entropy_adaptive_sharpen,hotpotqa,3486416719,0.3333333333333333,hotpotqa-5a7211e655429971e9dc923c,5a7211e655429971e9dc923c,972470377,14680064,128,3114168320,91038,78451
-5.226043224334717,0.25,4,128,0,0.0,persistence,hotpotqa,3058413822,0.0,hotpotqa-5a7211e655429971e9dc923c,5a7211e655429971e9dc923c,974599114,14680064,128,3114168320,91038,15513
-3.793306827545166,0.25,4,128,0,0.0,agreement,hotpotqa,3051959626,0.3333333333333333,hotpotqa-5a7211e655429971e9dc923c,5a7211e655429971e9dc923c,972025367,14680064,128,3114168320,91038,58575
-3.5118303298950195,0.25,4,128,0,0.0,community,hotpotqa,3052307783,0.3333333333333333,hotpotqa-5a7211e655429971e9dc923c,5a7211e655429971e9dc923c,970835645,14680064,128,3114168320,91038,54099
-1.8947337865829468,0.5,4,128,0,0.0,bridge_preserving,hotpotqa,3064144699,0.3333333333333333,hotpotqa-5a7211e655429971e9dc923c,5a7211e655429971e9dc923c,980263933,14680064,128,3114168320,91038,76394
-5.226043224334717,0.25,4,128,0,0.0,combined_structural,hotpotqa,3058413822,0.0,hotpotqa-5a7211e655429971e9dc923c,5a7211e655429971e9dc923c,974599114,14680064,128,3114168320,91038,80236
-1.411214828491211,0.5,4,128,0,1.0,oracle_evidence,hotpotqa,3051926994,1.0,hotpotqa-5a7211e655429971e9dc923c,5a7211e655429971e9dc923c,971040046,14680064,128,3114168320,91038,26508
-3.5769968032836914,0.25,6,192,0,0.0,base_topk,hotpotqa,3942101936,0.3333333333333333,hotpotqa-5a7211e655429971e9dc923c,5a7211e655429971e9dc923c,1320390433,22020096,192,3114184704,91038,44400
-3.5769968032836914,0.25,6,192,0,0.0,budget_tuned_topk,hotpotqa,3942101936,0.3333333333333333,hotpotqa-5a7211e655429971e9dc923c,5a7211e655429971e9dc923c,1320390433,22020096,192,3114184704,91038,65449
-3.5769968032836914,0.25,6,192,0,0.0,power_sharpen,hotpotqa,3942101936,0.3333333333333333,hotpotqa-5a7211e655429971e9dc923c,5a7211e655429971e9dc923c,1320390433,22020096,192,3114184704,91038,74628
-3.5769968032836914,0.25,6,192,0,0.0,entropy_adaptive_sharpen,hotpotqa,3942101936,0.3333333333333333,hotpotqa-5a7211e655429971e9dc923c,5a7211e655429971e9dc923c,1320390433,22020096,192,3114184704,91038,140318
-3.3976242542266846,0.25,6,192,0,0.0,persistence,hotpotqa,3503293676,0.3333333333333333,hotpotqa-5a7211e655429971e9dc923c,5a7211e655429971e9dc923c,1303045061,22020096,192,3114184704,91038,29785
-3.6820969581604004,0.25,6,192,0,0.0,agreement,hotpotqa,3520075081,0.3333333333333333,hotpotqa-5a7211e655429971e9dc923c,5a7211e655429971e9dc923c,1323329558,22020096,192,3114184704,91038,54603
-3.5769968032836914,0.25,6,192,0,0.0,community,hotpotqa,3942101936,0.3333333333333333,hotpotqa-5a7211e655429971e9dc923c,5a7211e655429971e9dc923c,1320390433,22020096,192,3114184704,91038,45231
-1.5283050537109375,0.5,6,192,0,0.0,bridge_preserving,hotpotqa,3509520651,0.6666666666666666,hotpotqa-5a7211e655429971e9dc923c,5a7211e655429971e9dc923c,1311310788,22020096,192,3114184704,91038,32005
-5.2155961990356445,0.25,6,192,0,0.0,combined_structural,hotpotqa,3510933711,0.0,hotpotqa-5a7211e655429971e9dc923c,5a7211e655429971e9dc923c,1316289156,22020096,192,3114184704,91038,97475
-1.4036798477172852,0.5,6,192,0,1.0,oracle_evidence,hotpotqa,3519151924,1.0,hotpotqa-5a7211e655429971e9dc923c,5a7211e655429971e9dc923c,1322083851,22020096,192,3114184704,91038,77089
-1.9066451787948608,0.6000000238418579,2,64,0,0.0,base_topk,hotpotqa,4574295263,0.5,hotpotqa-5a7220f055429971e9dc92ac,5a7220f055429971e9dc92ac,549896413,7340032,64,3114299392,91038,57327
-1.9066451787948608,0.6000000238418579,2,64,0,0.0,budget_tuned_topk,hotpotqa,4574295263,0.5,hotpotqa-5a7220f055429971e9dc92ac,5a7220f055429971e9dc92ac,549896413,7340032,64,3114299392,91038,42092
-1.9066451787948608,0.6000000238418579,2,64,0,0.0,power_sharpen,hotpotqa,4574295263,0.5,hotpotqa-5a7220f055429971e9dc92ac,5a7220f055429971e9dc92ac,549896413,7340032,64,3114299392,91038,46141
-1.9066451787948608,0.6000000238418579,2,64,0,0.0,entropy_adaptive_sharpen,hotpotqa,4574295263,0.5,hotpotqa-5a7220f055429971e9dc92ac,5a7220f055429971e9dc92ac,549896413,7340032,64,3114299392,91038,96742
-2.901817560195923,0.6000000238418579,2,64,0,0.0,persistence,hotpotqa,1797099299,0.25,hotpotqa-5a7220f055429971e9dc92ac,5a7220f055429971e9dc92ac,571193264,7340032,64,3114307584,91038,18191
-3.396292209625244,0.20000000298023224,2,64,0,0.0,agreement,hotpotqa,1783893112,0.25,hotpotqa-5a7220f055429971e9dc92ac,5a7220f055429971e9dc92ac,553492642,7340032,64,3114307584,91038,65562
-1.9066451787948608,0.6000000238418579,2,64,0,0.0,community,hotpotqa,4574295263,0.5,hotpotqa-5a7220f055429971e9dc92ac,5a7220f055429971e9dc92ac,549896413,7340032,64,3114299392,91038,67778
-1.6614418029785156,0.6000000238418579,2,64,0,0.0,bridge_preserving,hotpotqa,1778637235,0.5,hotpotqa-5a7220f055429971e9dc92ac,5a7220f055429971e9dc92ac,550710457,7340032,64,3114307584,91038,54800
-2.901817560195923,0.6000000238418579,2,64,0,0.0,combined_structural,hotpotqa,1797099299,0.25,hotpotqa-5a7220f055429971e9dc92ac,5a7220f055429971e9dc92ac,571193264,7340032,64,3114307584,91038,142683
-1.9066451787948608,0.6000000238418579,2,64,0,0.0,oracle_evidence,hotpotqa,4574295263,0.5,hotpotqa-5a7220f055429971e9dc92ac,5a7220f055429971e9dc92ac,549896413,7340032,64,3114299392,91038,34315
-2.3996570110321045,0.4000000059604645,4,128,0,0.0,base_topk,hotpotqa,2887225619,0.75,hotpotqa-5a7220f055429971e9dc92ac,5a7220f055429971e9dc92ac,978364109,14680064,128,3114323968,91038,19145
-2.3996570110321045,0.4000000059604645,4,128,0,0.0,budget_tuned_topk,hotpotqa,2887225619,0.75,hotpotqa-5a7220f055429971e9dc92ac,5a7220f055429971e9dc92ac,978364109,14680064,128,3114323968,91038,62495
-2.3996570110321045,0.4000000059604645,4,128,0,0.0,power_sharpen,hotpotqa,2887225619,0.75,hotpotqa-5a7220f055429971e9dc92ac,5a7220f055429971e9dc92ac,978364109,14680064,128,3114323968,91038,69527
-2.3996570110321045,0.4000000059604645,4,128,0,0.0,entropy_adaptive_sharpen,hotpotqa,2887225619,0.75,hotpotqa-5a7220f055429971e9dc92ac,5a7220f055429971e9dc92ac,978364109,14680064,128,3114323968,91038,132484
-3.6005234718322754,0.20000000298023224,4,128,0,0.0,persistence,hotpotqa,2332083604,0.25,hotpotqa-5a7220f055429971e9dc92ac,5a7220f055429971e9dc92ac,979138486,14680064,128,3114323968,91038,28271
-2.040477752685547,0.4000000059604645,4,128,0,0.0,agreement,hotpotqa,2333676287,0.5,hotpotqa-5a7220f055429971e9dc92ac,5a7220f055429971e9dc92ac,981733841,14680064,128,3114323968,91038,56026
-2.3996570110321045,0.4000000059604645,4,128,0,0.0,community,hotpotqa,2887225619,0.75,hotpotqa-5a7220f055429971e9dc92ac,5a7220f055429971e9dc92ac,978364109,14680064,128,3114323968,91038,80162
-1.8909517526626587,0.6000000238418579,4,128,0,1.0,bridge_preserving,hotpotqa,2326594550,1.0,hotpotqa-5a7220f055429971e9dc92ac,5a7220f055429971e9dc92ac,973458363,14680064,128,3114323968,91038,44979
-3.6005234718322754,0.20000000298023224,4,128,0,0.0,combined_structural,hotpotqa,2332083604,0.25,hotpotqa-5a7220f055429971e9dc92ac,5a7220f055429971e9dc92ac,979138486,14680064,128,3114323968,91038,111490
-1.8909517526626587,0.6000000238418579,4,128,0,1.0,oracle_evidence,hotpotqa,2326594550,1.0,hotpotqa-5a7220f055429971e9dc92ac,5a7220f055429971e9dc92ac,973458363,14680064,128,3114323968,91038,33568
-2.598703384399414,0.4000000059604645,6,192,0,0.0,base_topk,hotpotqa,3356501427,0.75,hotpotqa-5a7220f055429971e9dc92ac,5a7220f055429971e9dc92ac,1311862273,22020096,192,3114340352,91038,19410
-2.598703384399414,0.4000000059604645,6,192,0,0.0,budget_tuned_topk,hotpotqa,3356501427,0.75,hotpotqa-5a7220f055429971e9dc92ac,5a7220f055429971e9dc92ac,1311862273,22020096,192,3114340352,91038,39277
-2.598703384399414,0.4000000059604645,6,192,0,0.0,power_sharpen,hotpotqa,3356501427,0.75,hotpotqa-5a7220f055429971e9dc92ac,5a7220f055429971e9dc92ac,1311862273,22020096,192,3114340352,91038,36384
-2.598703384399414,0.4000000059604645,6,192,0,0.0,entropy_adaptive_sharpen,hotpotqa,3356501427,0.75,hotpotqa-5a7220f055429971e9dc92ac,5a7220f055429971e9dc92ac,1311862273,22020096,192,3114340352,91038,68232
-3.827301502227783,0.20000000298023224,6,192,0,0.0,persistence,hotpotqa,2799552591,0.5,hotpotqa-5a7220f055429971e9dc92ac,5a7220f055429971e9dc92ac,1311410078,22020096,192,3114340352,91038,13402
-2.8652899265289307,0.4000000059604645,6,192,0,0.0,agreement,hotpotqa,2808241782,0.75,hotpotqa-5a7220f055429971e9dc92ac,5a7220f055429971e9dc92ac,1322100569,22020096,192,3114340352,91038,51925
-2.598703384399414,0.4000000059604645,6,192,0,0.0,community,hotpotqa,3356501427,0.75,hotpotqa-5a7220f055429971e9dc92ac,5a7220f055429971e9dc92ac,1311862273,22020096,192,3114340352,91038,56315
-1.3110207319259644,0.6000000238418579,6,192,0,1.0,bridge_preserving,hotpotqa,2808125129,1.0,hotpotqa-5a7220f055429971e9dc92ac,5a7220f055429971e9dc92ac,1322783735,22020096,192,3114340352,91038,44016
-2.5279035568237305,0.4000000059604645,6,192,0,0.0,combined_structural,hotpotqa,2795880858,0.75,hotpotqa-5a7220f055429971e9dc92ac,5a7220f055429971e9dc92ac,1311974362,22020096,192,3114340352,91038,292114
-1.3110207319259644,0.6000000238418579,6,192,0,1.0,oracle_evidence,hotpotqa,2808125129,1.0,hotpotqa-5a7220f055429971e9dc92ac,5a7220f055429971e9dc92ac,1322783735,22020096,192,3114340352,91038,78074
-1.269921898841858,0.5,2,64,0,0.0,base_topk,hotpotqa,4810079241,0.5,hotpotqa-5a7768cb5542993569682d88,5a7768cb5542993569682d88,552795499,7340032,64,3114438656,91038,29710
-1.269921898841858,0.5,2,64,0,0.0,budget_tuned_topk,hotpotqa,4810079241,0.5,hotpotqa-5a7768cb5542993569682d88,5a7768cb5542993569682d88,552795499,7340032,64,3114438656,91038,50216
-1.269921898841858,0.5,2,64,0,0.0,power_sharpen,hotpotqa,4810079241,0.5,hotpotqa-5a7768cb5542993569682d88,5a7768cb5542993569682d88,552795499,7340032,64,3114438656,91038,55236
-1.269921898841858,0.5,2,64,0,0.0,entropy_adaptive_sharpen,hotpotqa,4810079241,0.5,hotpotqa-5a7768cb5542993569682d88,5a7768cb5542993569682d88,552795499,7340032,64,3114438656,91038,105877
-7.994182586669922,0.0,2,64,0,0.0,persistence,hotpotqa,2049941896,0.0,hotpotqa-5a7768cb5542993569682d88,5a7768cb5542993569682d88,549555247,7340032,64,3110244352,91038,21419
-7.83167839050293,0.0,2,64,0,0.0,agreement,hotpotqa,2054609157,0.25,hotpotqa-5a7768cb5542993569682d88,5a7768cb5542993569682d88,551259419,7340032,64,3110244352,91038,54694
-1.269921898841858,0.5,2,64,0,0.0,community,hotpotqa,4810079241,0.5,hotpotqa-5a7768cb5542993569682d88,5a7768cb5542993569682d88,552795499,7340032,64,3114438656,91038,48574
-7.470897197723389,0.0,2,64,0,0.0,bridge_preserving,hotpotqa,2060906839,0.5,hotpotqa-5a7768cb5542993569682d88,5a7768cb5542993569682d88,556937766,7340032,64,3110244352,91038,35721
-7.994182586669922,0.0,2,64,0,0.0,combined_structural,hotpotqa,2049941896,0.0,hotpotqa-5a7768cb5542993569682d88,5a7768cb5542993569682d88,549555247,7340032,64,3110244352,91038,98461
-1.269921898841858,0.5,2,64,0,0.0,oracle_evidence,hotpotqa,4810079241,0.5,hotpotqa-5a7768cb5542993569682d88,5a7768cb5542993569682d88,552795499,7340032,64,3114438656,91038,32790
-0.799871563911438,1.0,4,128,0,0.0,base_topk,hotpotqa,3064425851,0.75,hotpotqa-5a7768cb5542993569682d88,5a7768cb5542993569682d88,971240679,14680064,128,3110260736,91038,18658
-0.799871563911438,1.0,4,128,0,0.0,budget_tuned_topk,hotpotqa,3064425851,0.75,hotpotqa-5a7768cb5542993569682d88,5a7768cb5542993569682d88,971240679,14680064,128,3110260736,91038,51048
-0.799871563911438,1.0,4,128,0,0.0,power_sharpen,hotpotqa,3064425851,0.75,hotpotqa-5a7768cb5542993569682d88,5a7768cb5542993569682d88,971240679,14680064,128,3110260736,91038,55772
-0.799871563911438,1.0,4,128,0,0.0,entropy_adaptive_sharpen,hotpotqa,3064425851,0.75,hotpotqa-5a7768cb5542993569682d88,5a7768cb5542993569682d88,971240679,14680064,128,3110260736,91038,106550
-7.130705833435059,0.0,4,128,0,0.0,persistence,hotpotqa,2522581966,0.0,hotpotqa-5a7768cb5542993569682d88,5a7768cb5542993569682d88,971886495,14680064,128,3110260736,91038,21596
-7.320443630218506,0.0,4,128,0,0.0,agreement,hotpotqa,2528288843,0.5,hotpotqa-5a7768cb5542993569682d88,5a7768cb5542993569682d88,976715009,14680064,128,3110260736,91038,43110
-2.2352607250213623,0.5,4,128,0,0.0,community,hotpotqa,2538031869,0.5,hotpotqa-5a7768cb5542993569682d88,5a7768cb5542993569682d88,984501555,14680064,128,3110260736,91038,54646
-3.7216310501098633,0.5,4,128,0,1.0,bridge_preserving,hotpotqa,2526218619,1.0,hotpotqa-5a7768cb5542993569682d88,5a7768cb5542993569682d88,977022299,14680064,128,3110260736,91038,60867
-7.1948747634887695,0.0,4,128,0,0.0,combined_structural,hotpotqa,2529332815,0.0,hotpotqa-5a7768cb5542993569682d88,5a7768cb5542993569682d88,980290283,14680064,128,3110260736,91038,99699
-3.7216310501098633,0.5,4,128,0,1.0,oracle_evidence,hotpotqa,2526218619,1.0,hotpotqa-5a7768cb5542993569682d88,5a7768cb5542993569682d88,977022299,14680064,128,3110260736,91038,69256
-4.04093074798584,0.5,6,192,0,1.0,base_topk,hotpotqa,3482965129,1.0,hotpotqa-5a7768cb5542993569682d88,5a7768cb5542993569682d88,1323061852,22020096,192,3110277120,91038,23987
-4.04093074798584,0.5,6,192,0,1.0,budget_tuned_topk,hotpotqa,3482965129,1.0,hotpotqa-5a7768cb5542993569682d88,5a7768cb5542993569682d88,1323061852,22020096,192,3110277120,91038,44362
-4.04093074798584,0.5,6,192,0,1.0,power_sharpen,hotpotqa,3482965129,1.0,hotpotqa-5a7768cb5542993569682d88,5a7768cb5542993569682d88,1323061852,22020096,192,3110277120,91038,44534
-4.04093074798584,0.5,6,192,0,1.0,entropy_adaptive_sharpen,hotpotqa,3482965129,1.0,hotpotqa-5a7768cb5542993569682d88,5a7768cb5542993569682d88,1323061852,22020096,192,3110277120,91038,84066
-7.59342098236084,0.0,6,192,0,0.0,persistence,hotpotqa,2912767505,0.0,hotpotqa-5a7768cb5542993569682d88,5a7768cb5542993569682d88,1318079821,22020096,192,3110277120,91038,16557
-0.778705894947052,0.5,6,192,0,0.0,agreement,hotpotqa,2906996615,0.75,hotpotqa-5a7768cb5542993569682d88,5a7768cb5542993569682d88,1311911742,22020096,192,3110277120,91038,56417
-0.39894992113113403,1.0,6,192,0,0.0,community,hotpotqa,2913019583,0.75,hotpotqa-5a7768cb5542993569682d88,5a7768cb5542993569682d88,1319042497,22020096,192,3110277120,91038,55991
-4.04093074798584,0.5,6,192,0,1.0,bridge_preserving,hotpotqa,3482965129,1.0,hotpotqa-5a7768cb5542993569682d88,5a7768cb5542993569682d88,1323061852,22020096,192,3110277120,91038,90559
-7.285030841827393,0.0,6,192,0,0.0,combined_structural,hotpotqa,2897741367,0.25,hotpotqa-5a7768cb5542993569682d88,5a7768cb5542993569682d88,1304857512,22020096,192,3110277120,91038,89281
-4.04093074798584,0.5,6,192,0,1.0,oracle_evidence,hotpotqa,3482965129,1.0,hotpotqa-5a7768cb5542993569682d88,5a7768cb5542993569682d88,1323061852,22020096,192,3110277120,91038,64669
-3.619637966156006,0.5,2,64,0,0.0,base_topk,hotpotqa,3775831168,0.25,hotpotqa-5a7782b95542995d8318117f,5a7782b95542995d8318117f,549367128,7340032,64,3110375424,91038,25186
-3.619637966156006,0.5,2,64,0,0.0,budget_tuned_topk,hotpotqa,3775831168,0.25,hotpotqa-5a7782b95542995d8318117f,5a7782b95542995d8318117f,549367128,7340032,64,3110375424,91038,55626
-3.619637966156006,0.5,2,64,0,0.0,power_sharpen,hotpotqa,3775831168,0.25,hotpotqa-5a7782b95542995d8318117f,5a7782b95542995d8318117f,549367128,7340032,64,3110375424,91038,45750
-3.619637966156006,0.5,2,64,0,0.0,entropy_adaptive_sharpen,hotpotqa,3775831168,0.25,hotpotqa-5a7782b95542995d8318117f,5a7782b95542995d8318117f,549367128,7340032,64,3110375424,91038,86666
-3.669581651687622,0.5,2,64,0,0.0,persistence,hotpotqa,977608270,0.25,hotpotqa-5a7782b95542995d8318117f,5a7782b95542995d8318117f,550745071,7340032,64,3110375424,91038,17121
-5.401319980621338,0.0,2,64,0,0.0,agreement,hotpotqa,981653168,0.0,hotpotqa-5a7782b95542995d8318117f,5a7782b95542995d8318117f,551716579,7340032,64,3110375424,91038,55302
-3.619637966156006,0.5,2,64,0,0.0,community,hotpotqa,3775831168,0.25,hotpotqa-5a7782b95542995d8318117f,5a7782b95542995d8318117f,549367128,7340032,64,3110375424,91038,38219
-0.2947068214416504,1.0,2,64,0,0.0,bridge_preserving,hotpotqa,974383207,0.5,hotpotqa-5a7782b95542995d8318117f,5a7782b95542995d8318117f,550935488,7340032,64,3110375424,91038,25604
-1.4223195314407349,0.5,2,64,0,0.0,combined_structural,hotpotqa,970523958,0.5,hotpotqa-5a7782b95542995d8318117f,5a7782b95542995d8318117f,549793246,7340032,64,3110375424,91038,101121
-0.2947068214416504,1.0,2,64,0,0.0,oracle_evidence,hotpotqa,974383207,0.5,hotpotqa-5a7782b95542995d8318117f,5a7782b95542995d8318117f,550935488,7340032,64,3110375424,91038,65765
-5.507535934448242,0.5,4,128,0,0.0,base_topk,hotpotqa,1962241614,0.25,hotpotqa-5a7782b95542995d8318117f,5a7782b95542995d8318117f,981083061,14680064,128,3110391808,91038,17799
-5.507535934448242,0.5,4,128,0,0.0,budget_tuned_topk,hotpotqa,1962241614,0.25,hotpotqa-5a7782b95542995d8318117f,5a7782b95542995d8318117f,981083061,14680064,128,3110391808,91038,56158
-5.507535934448242,0.5,4,128,0,0.0,power_sharpen,hotpotqa,1962241614,0.25,hotpotqa-5a7782b95542995d8318117f,5a7782b95542995d8318117f,981083061,14680064,128,3110391808,91038,45139
-5.507535934448242,0.5,4,128,0,0.0,entropy_adaptive_sharpen,hotpotqa,1962241614,0.25,hotpotqa-5a7782b95542995d8318117f,5a7782b95542995d8318117f,981083061,14680064,128,3110391808,91038,89104
-1.1214642524719238,0.5,4,128,0,0.0,persistence,hotpotqa,1549744768,0.5,hotpotqa-5a7782b95542995d8318117f,5a7782b95542995d8318117f,979480263,14680064,128,3110391808,91038,18086
-5.8320183753967285,0.5,4,128,0,0.0,agreement,hotpotqa,1525715098,0.0,hotpotqa-5a7782b95542995d8318117f,5a7782b95542995d8318117f,966465535,14680064,128,3110391808,91038,48018
-3.639221668243408,0.5,4,128,0,0.0,community,hotpotqa,1466723233,0.25,hotpotqa-5a7782b95542995d8318117f,5a7782b95542995d8318117f,984441938,14680064,128,3110391808,91038,49035
-0.5139473080635071,1.0,4,128,0,0.0,bridge_preserving,hotpotqa,1413203543,0.5,hotpotqa-5a7782b95542995d8318117f,5a7782b95542995d8318117f,977284865,14680064,128,3110391808,91038,73366
-0.45952287316322327,1.0,4,128,0,0.0,combined_structural,hotpotqa,1426928753,0.75,hotpotqa-5a7782b95542995d8318117f,5a7782b95542995d8318117f,978028434,14680064,128,3110391808,91038,127821
-0.2300705760717392,1.0,4,128,0,1.0,oracle_evidence,hotpotqa,1424143385,1.0,hotpotqa-5a7782b95542995d8318117f,5a7782b95542995d8318117f,981302841,14680064,128,3110391808,91038,64704
-4.925157070159912,0.5,6,192,0,0.0,base_topk,hotpotqa,2289417058,0.25,hotpotqa-5a7782b95542995d8318117f,5a7782b95542995d8318117f,1303295557,22020096,192,3110408192,91038,52666
-4.925157070159912,0.5,6,192,0,0.0,budget_tuned_topk,hotpotqa,2289417058,0.25,hotpotqa-5a7782b95542995d8318117f,5a7782b95542995d8318117f,1303295557,22020096,192,3110408192,91038,63814
-4.925157070159912,0.5,6,192,0,0.0,power_sharpen,hotpotqa,2289417058,0.25,hotpotqa-5a7782b95542995d8318117f,5a7782b95542995d8318117f,1303295557,22020096,192,3110408192,91038,69961
-4.925157070159912,0.5,6,192,0,0.0,entropy_adaptive_sharpen,hotpotqa,2289417058,0.25,hotpotqa-5a7782b95542995d8318117f,5a7782b95542995d8318117f,1303295557,22020096,192,3110408192,91038,129681
-0.9967085123062134,0.5,6,192,0,0.0,persistence,hotpotqa,1774292894,0.5,hotpotqa-5a7782b95542995d8318117f,5a7782b95542995d8318117f,1322735205,22020096,192,3110408192,91038,27982
-4.9908366203308105,0.5,6,192,0,0.0,agreement,hotpotqa,1766438358,0.25,hotpotqa-5a7782b95542995d8318117f,5a7782b95542995d8318117f,1321480414,22020096,192,3110408192,91038,55914
-5.156064510345459,0.5,6,192,0,0.0,community,hotpotqa,1740092592,0.25,hotpotqa-5a7782b95542995d8318117f,5a7782b95542995d8318117f,1312694888,22020096,192,3110408192,91038,68389
-0.415963739156723,1.0,6,192,0,0.0,bridge_preserving,hotpotqa,1751432770,0.75,hotpotqa-5a7782b95542995d8318117f,5a7782b95542995d8318117f,1313315659,22020096,192,3110408192,91038,64720
-0.3940381407737732,1.0,6,192,0,0.0,combined_structural,hotpotqa,1762791338,0.75,hotpotqa-5a7782b95542995d8318117f,5a7782b95542995d8318117f,1312951697,22020096,192,3110408192,91038,99778
-0.44747862219810486,1.0,6,192,0,1.0,oracle_evidence,hotpotqa,1760823026,1.0,hotpotqa-5a7782b95542995d8318117f,5a7782b95542995d8318117f,1318157159,22020096,192,3110408192,91038,62205
-0.3545892834663391,0.8333333730697632,2,64,0,0.0,base_topk,hotpotqa,5490281294,0.16666666666666666,hotpotqa-5a7ae38c5542992d025e6721,5a7ae38c5542992d025e6721,555121574,7340032,64,3114754048,91038,49134
-0.3545892834663391,0.8333333730697632,2,64,0,0.0,budget_tuned_topk,hotpotqa,5490281294,0.16666666666666666,hotpotqa-5a7ae38c5542992d025e6721,5a7ae38c5542992d025e6721,555121574,7340032,64,3114754048,91038,58168
-0.3545892834663391,0.8333333730697632,2,64,0,0.0,power_sharpen,hotpotqa,5490281294,0.16666666666666666,hotpotqa-5a7ae38c5542992d025e6721,5a7ae38c5542992d025e6721,555121574,7340032,64,3114754048,91038,52194
-0.3545892834663391,0.8333333730697632,2,64,0,0.0,entropy_adaptive_sharpen,hotpotqa,5490281294,0.16666666666666666,hotpotqa-5a7ae38c5542992d025e6721,5a7ae38c5542992d025e6721,555121574,7340032,64,3114754048,91038,98415
-0.6655163168907166,0.8333333730697632,2,64,0,0.0,persistence,hotpotqa,2703423956,0.0,hotpotqa-5a7ae38c5542992d025e6721,5a7ae38c5542992d025e6721,573501333,7340032,64,3114762240,91038,20149
-0.5837510228157043,0.8333333730697632,2,64,0,0.0,agreement,hotpotqa,2681946642,0.0,hotpotqa-5a7ae38c5542992d025e6721,5a7ae38c5542992d025e6721,551741023,7340032,64,3114762240,91038,57430
-0.4020833671092987,0.8333333730697632,2,64,0,0.0,community,hotpotqa,2670930610,0.16666666666666666,hotpotqa-5a7ae38c5542992d025e6721,5a7ae38c5542992d025e6721,550600376,7340032,64,3114762240,91038,56091
-0.28311315178871155,0.8333333730697632,2,64,0,0.0,bridge_preserving,hotpotqa,2679013274,0.16666666666666666,hotpotqa-5a7ae38c5542992d025e6721,5a7ae38c5542992d025e6721,548787147,7340032,64,3114762240,91038,90338
-0.28311315178871155,0.8333333730697632,2,64,0,0.0,combined_structural,hotpotqa,2679013274,0.16666666666666666,hotpotqa-5a7ae38c5542992d025e6721,5a7ae38c5542992d025e6721,548787147,7340032,64,3114762240,91038,100562
-0.5732372999191284,0.8333333730697632,2,64,0,0.0,oracle_evidence,hotpotqa,2673903963,0.3333333333333333,hotpotqa-5a7ae38c5542992d025e6721,5a7ae38c5542992d025e6721,550814814,7340032,64,3114762240,91038,33127
-0.39565762877464294,0.8333333730697632,4,128,0,0.0,base_topk,hotpotqa,3773290086,0.3333333333333333,hotpotqa-5a7ae38c5542992d025e6721,5a7ae38c5542992d025e6721,962904107,14680064,128,3114778624,91038,51756
-0.39565762877464294,0.8333333730697632,4,128,0,0.0,budget_tuned_topk,hotpotqa,3773290086,0.3333333333333333,hotpotqa-5a7ae38c5542992d025e6721,5a7ae38c5542992d025e6721,962904107,14680064,128,3114778624,91038,51891
-0.39565762877464294,0.8333333730697632,4,128,0,0.0,power_sharpen,hotpotqa,3773290086,0.3333333333333333,hotpotqa-5a7ae38c5542992d025e6721,5a7ae38c5542992d025e6721,962904107,14680064,128,3114778624,91038,55104
-0.39565762877464294,0.8333333730697632,4,128,0,0.0,entropy_adaptive_sharpen,hotpotqa,3773290086,0.3333333333333333,hotpotqa-5a7ae38c5542992d025e6721,5a7ae38c5542992d025e6721,962904107,14680064,128,3114778624,91038,105940
-0.2679807245731354,0.8333333730697632,4,128,0,0.0,persistence,hotpotqa,3236291648,0.3333333333333333,hotpotqa-5a7ae38c5542992d025e6721,5a7ae38c5542992d025e6721,974084354,14680064,128,3114778624,91038,21497
-0.32747533917427063,0.8333333730697632,4,128,0,0.0,agreement,hotpotqa,3233779950,0.16666666666666666,hotpotqa-5a7ae38c5542992d025e6721,5a7ae38c5542992d025e6721,974589609,14680064,128,3114778624,91038,87740
-0.39565762877464294,0.8333333730697632,4,128,0,0.0,community,hotpotqa,3773290086,0.3333333333333333,hotpotqa-5a7ae38c5542992d025e6721,5a7ae38c5542992d025e6721,962904107,14680064,128,3114778624,91038,65830
-0.2786049246788025,0.8333333730697632,4,128,0,0.0,bridge_preserving,hotpotqa,3233831855,0.5,hotpotqa-5a7ae38c5542992d025e6721,5a7ae38c5542992d025e6721,975250030,14680064,128,3114778624,91038,46641
-0.2679807245731354,0.8333333730697632,4,128,0,0.0,combined_structural,hotpotqa,3236291648,0.3333333333333333,hotpotqa-5a7ae38c5542992d025e6721,5a7ae38c5542992d025e6721,974084354,14680064,128,3114778624,91038,99717
-0.45348304510116577,0.8333333730697632,4,128,0,0.0,oracle_evidence,hotpotqa,3232780246,0.6666666666666666,hotpotqa-5a7ae38c5542992d025e6721,5a7ae38c5542992d025e6721,981608456,14680064,128,3114778624,91038,32804
-0.4051613211631775,0.8333333730697632,6,192,0,0.0,base_topk,hotpotqa,4016438254,0.5,hotpotqa-5a7ae38c5542992d025e6721,5a7ae38c5542992d025e6721,1056359935,22020096,192,3114795008,91038,56113
-0.4051613211631775,0.8333333730697632,6,192,0,0.0,budget_tuned_topk,hotpotqa,4016438254,0.5,hotpotqa-5a7ae38c5542992d025e6721,5a7ae38c5542992d025e6721,1056359935,22020096,192,3114795008,91038,56180
-0.4051613211631775,0.8333333730697632,6,192,0,0.0,power_sharpen,hotpotqa,4016438254,0.5,hotpotqa-5a7ae38c5542992d025e6721,5a7ae38c5542992d025e6721,1056359935,22020096,192,3114795008,91038,57897
-0.4051613211631775,0.8333333730697632,6,192,0,0.0,entropy_adaptive_sharpen,hotpotqa,4016438254,0.5,hotpotqa-5a7ae38c5542992d025e6721,5a7ae38c5542992d025e6721,1056359935,22020096,192,3114795008,91038,105973
-0.2210870236158371,1.0,6,192,0,0.0,persistence,hotpotqa,3440286095,0.5,hotpotqa-5a7ae38c5542992d025e6721,5a7ae38c5542992d025e6721,1057289264,22020096,192,3114795008,91038,22465
-0.44429120421409607,0.8333333730697632,6,192,0,0.0,agreement,hotpotqa,3436390783,0.3333333333333333,hotpotqa-5a7ae38c5542992d025e6721,5a7ae38c5542992d025e6721,1054353965,22020096,192,3114795008,91038,47320
-0.44429120421409607,0.8333333730697632,6,192,0,0.0,community,hotpotqa,3436390783,0.3333333333333333,hotpotqa-5a7ae38c5542992d025e6721,5a7ae38c5542992d025e6721,1054353965,22020096,192,3114795008,91038,64726
-0.3458530604839325,0.8333333730697632,6,192,0,0.0,bridge_preserving,hotpotqa,3445466611,0.6666666666666666,hotpotqa-5a7ae38c5542992d025e6721,5a7ae38c5542992d025e6721,1056186575,22020096,192,3114795008,91038,46894
-0.44852709770202637,0.8333333730697632,6,192,0,0.0,combined_structural,hotpotqa,3442584704,0.6666666666666666,hotpotqa-5a7ae38c5542992d025e6721,5a7ae38c5542992d025e6721,1056135304,22020096,192,3114795008,91038,94631
-0.3177432417869568,0.8333333730697632,6,192,0,1.0,oracle_evidence,hotpotqa,3438744197,1.0,hotpotqa-5a7ae38c5542992d025e6721,5a7ae38c5542992d025e6721,1056393055,22020096,192,3114795008,91038,85169
-7.874751091003418,0.0,2,64,0,0.0,base_topk,hotpotqa,4892481633,0.2,hotpotqa-5a7c35025542996dd594b8d7,5a7c35025542996dd594b8d7,549518592,7340032,64,3114909696,91038,77177
-7.874751091003418,0.0,2,64,0,0.0,budget_tuned_topk,hotpotqa,4892481633,0.2,hotpotqa-5a7c35025542996dd594b8d7,5a7c35025542996dd594b8d7,549518592,7340032,64,3114909696,91038,36318
-7.874751091003418,0.0,2,64,0,0.0,power_sharpen,hotpotqa,4892481633,0.2,hotpotqa-5a7c35025542996dd594b8d7,5a7c35025542996dd594b8d7,549518592,7340032,64,3114909696,91038,36509
-7.874751091003418,0.0,2,64,0,0.0,entropy_adaptive_sharpen,hotpotqa,4892481633,0.2,hotpotqa-5a7c35025542996dd594b8d7,5a7c35025542996dd594b8d7,549518592,7340032,64,3114909696,91038,66973
-8.387935638427734,0.0,2,64,0,0.0,persistence,hotpotqa,2076119197,0.2,hotpotqa-5a7c35025542996dd594b8d7,5a7c35025542996dd594b8d7,568513033,7340032,64,3110760448,91038,12771
-8.129231452941895,0.0,2,64,0,0.0,agreement,hotpotqa,2055820270,0.2,hotpotqa-5a7c35025542996dd594b8d7,5a7c35025542996dd594b8d7,552096840,7340032,64,3110760448,91038,55348
-7.874751091003418,0.0,2,64,0,0.0,community,hotpotqa,4892481633,0.2,hotpotqa-5a7c35025542996dd594b8d7,5a7c35025542996dd594b8d7,549518592,7340032,64,3114909696,91038,85303
-7.874751091003418,0.0,2,64,0,0.0,bridge_preserving,hotpotqa,4892481633,0.2,hotpotqa-5a7c35025542996dd594b8d7,5a7c35025542996dd594b8d7,549518592,7340032,64,3114909696,91038,42613
-8.387935638427734,0.0,2,64,0,0.0,combined_structural,hotpotqa,2076119197,0.2,hotpotqa-5a7c35025542996dd594b8d7,5a7c35025542996dd594b8d7,568513033,7340032,64,3110760448,91038,67432
-7.7197265625,0.0,2,64,0,0.0,oracle_evidence,hotpotqa,2057434764,0.4,hotpotqa-5a7c35025542996dd594b8d7,5a7c35025542996dd594b8d7,550139343,7340032,64,3110760448,91038,27947
-7.916149139404297,0.3333333432674408,4,128,0,0.0,base_topk,hotpotqa,3131003182,0.2,hotpotqa-5a7c35025542996dd594b8d7,5a7c35025542996dd594b8d7,983356699,14680064,128,3110776832,91038,64056
-7.916149139404297,0.3333333432674408,4,128,0,0.0,budget_tuned_topk,hotpotqa,3131003182,0.2,hotpotqa-5a7c35025542996dd594b8d7,5a7c35025542996dd594b8d7,983356699,14680064,128,3110776832,91038,50598
-7.916149139404297,0.3333333432674408,4,128,0,0.0,power_sharpen,hotpotqa,3131003182,0.2,hotpotqa-5a7c35025542996dd594b8d7,5a7c35025542996dd594b8d7,983356699,14680064,128,3110776832,91038,55354
-7.916149139404297,0.3333333432674408,4,128,0,0.0,entropy_adaptive_sharpen,hotpotqa,3131003182,0.2,hotpotqa-5a7c35025542996dd594b8d7,5a7c35025542996dd594b8d7,983356699,14680064,128,3110776832,91038,105354
-7.751561641693115,0.3333333432674408,4,128,0,0.0,persistence,hotpotqa,2535722655,0.4,hotpotqa-5a7c35025542996dd594b8d7,5a7c35025542996dd594b8d7,974584153,14680064,128,3110776832,91038,22085
-7.916149139404297,0.3333333432674408,4,128,0,0.0,agreement,hotpotqa,3131003182,0.2,hotpotqa-5a7c35025542996dd594b8d7,5a7c35025542996dd594b8d7,983356699,14680064,128,3110776832,91038,53054
-7.916149139404297,0.3333333432674408,4,128,0,0.0,community,hotpotqa,3131003182,0.2,hotpotqa-5a7c35025542996dd594b8d7,5a7c35025542996dd594b8d7,983356699,14680064,128,3110776832,91038,24045
-7.916149139404297,0.3333333432674408,4,128,0,0.0,bridge_preserving,hotpotqa,3131003182,0.2,hotpotqa-5a7c35025542996dd594b8d7,5a7c35025542996dd594b8d7,983356699,14680064,128,3110776832,91038,37536
-7.751561641693115,0.3333333432674408,4,128,0,0.0,combined_structural,hotpotqa,2535722655,0.4,hotpotqa-5a7c35025542996dd594b8d7,5a7c35025542996dd594b8d7,974584153,14680064,128,3110776832,91038,66098
-1.2326089143753052,0.3333333432674408,4,128,0,0.0,oracle_evidence,hotpotqa,2544081811,0.8,hotpotqa-5a7c35025542996dd594b8d7,5a7c35025542996dd594b8d7,981433884,14680064,128,3110776832,91038,26683
-8.271915435791016,0.3333333432674408,6,192,0,0.0,base_topk,hotpotqa,3503741949,0.2,hotpotqa-5a7c35025542996dd594b8d7,5a7c35025542996dd594b8d7,1318755482,22020096,192,3110793216,91038,63326
-8.271915435791016,0.3333333432674408,6,192,0,0.0,budget_tuned_topk,hotpotqa,3503741949,0.2,hotpotqa-5a7c35025542996dd594b8d7,5a7c35025542996dd594b8d7,1318755482,22020096,192,3110793216,91038,63248
-8.271915435791016,0.3333333432674408,6,192,0,0.0,power_sharpen,hotpotqa,3503741949,0.2,hotpotqa-5a7c35025542996dd594b8d7,5a7c35025542996dd594b8d7,1318755482,22020096,192,3110793216,91038,57380
-8.271915435791016,0.3333333432674408,6,192,0,0.0,entropy_adaptive_sharpen,hotpotqa,3503741949,0.2,hotpotqa-5a7c35025542996dd594b8d7,5a7c35025542996dd594b8d7,1318755482,22020096,192,3110793216,91038,105862
-4.258934020996094,0.6666666865348816,6,192,0,0.0,persistence,hotpotqa,2912552075,0.6,hotpotqa-5a7c35025542996dd594b8d7,5a7c35025542996dd594b8d7,1300088742,22020096,192,3110793216,91038,23455
-8.271915435791016,0.3333333432674408,6,192,0,0.0,agreement,hotpotqa,3503741949,0.2,hotpotqa-5a7c35025542996dd594b8d7,5a7c35025542996dd594b8d7,1318755482,22020096,192,3110793216,91038,56169
-8.271915435791016,0.3333333432674408,6,192,0,0.0,community,hotpotqa,3503741949,0.2,hotpotqa-5a7c35025542996dd594b8d7,5a7c35025542996dd594b8d7,1318755482,22020096,192,3110793216,91038,25444
-8.34147834777832,0.0,6,192,0,0.0,bridge_preserving,hotpotqa,2926527810,0.4,hotpotqa-5a7c35025542996dd594b8d7,5a7c35025542996dd594b8d7,1309402706,22020096,192,3110793216,91038,39373
-4.34338903427124,0.6666666865348816,6,192,0,0.0,combined_structural,hotpotqa,2929393314,0.6,hotpotqa-5a7c35025542996dd594b8d7,5a7c35025542996dd594b8d7,1312913677,22020096,192,3110793216,91038,120787
-3.3354880809783936,0.3333333432674408,6,192,0,1.0,oracle_evidence,hotpotqa,2920772645,1.0,hotpotqa-5a7c35025542996dd594b8d7,5a7c35025542996dd594b8d7,1304453645,22020096,192,3110793216,91038,64475
-7.607738018035889,0.0,2,64,0,0.0,base_topk,hotpotqa,1709761495,0.3333333333333333,hotpotqa-5a83a30a5542992ef85e2339,5a83a30a5542992ef85e2339,552488511,7340032,64,3110793216,91038,47126
-7.607738018035889,0.0,2,64,0,0.0,budget_tuned_topk,hotpotqa,1709761495,0.3333333333333333,hotpotqa-5a83a30a5542992ef85e2339,5a83a30a5542992ef85e2339,552488511,7340032,64,3110793216,91038,42508
-7.607738018035889,0.0,2,64,0,0.0,power_sharpen,hotpotqa,1709761495,0.3333333333333333,hotpotqa-5a83a30a5542992ef85e2339,5a83a30a5542992ef85e2339,552488511,7340032,64,3110793216,91038,43503
-7.607738018035889,0.0,2,64,0,0.0,entropy_adaptive_sharpen,hotpotqa,1709761495,0.3333333333333333,hotpotqa-5a83a30a5542992ef85e2339,5a83a30a5542992ef85e2339,552488511,7340032,64,3110793216,91038,80877
-5.4971208572387695,0.0,2,64,0,0.0,persistence,hotpotqa,1791149592,0.3333333333333333,hotpotqa-5a83a30a5542992ef85e2339,5a83a30a5542992ef85e2339,630822284,7340032,64,3110793216,91038,15670
-7.607738018035889,0.0,2,64,0,0.0,agreement,hotpotqa,1709761495,0.3333333333333333,hotpotqa-5a83a30a5542992ef85e2339,5a83a30a5542992ef85e2339,552488511,7340032,64,3110793216,91038,69388
-7.607738018035889,0.0,2,64,0,0.0,community,hotpotqa,1709761495,0.3333333333333333,hotpotqa-5a83a30a5542992ef85e2339,5a83a30a5542992ef85e2339,552488511,7340032,64,3110793216,91038,31029
-7.607738018035889,0.0,2,64,0,0.0,bridge_preserving,hotpotqa,1709761495,0.3333333333333333,hotpotqa-5a83a30a5542992ef85e2339,5a83a30a5542992ef85e2339,552488511,7340032,64,3110793216,91038,50556
-8.165060043334961,0.0,2,64,0,0.0,combined_structural,hotpotqa,1710253809,0.3333333333333333,hotpotqa-5a83a30a5542992ef85e2339,5a83a30a5542992ef85e2339,550245236,7340032,64,3110793216,91038,83591
-7.401459693908691,0.0,2,64,0,0.0,oracle_evidence,hotpotqa,1711603213,0.6666666666666666,hotpotqa-5a83a30a5542992ef85e2339,5a83a30a5542992ef85e2339,551075023,7340032,64,3110793216,91038,76672
-8.685897827148438,0.0,4,128,0,0.0,base_topk,hotpotqa,2270504311,0.6666666666666666,hotpotqa-5a83a30a5542992ef85e2339,5a83a30a5542992ef85e2339,987647506,14680064,128,3110793216,91038,62881
-8.685897827148438,0.0,4,128,0,0.0,budget_tuned_topk,hotpotqa,2270504311,0.6666666666666666,hotpotqa-5a83a30a5542992ef85e2339,5a83a30a5542992ef85e2339,987647506,14680064,128,3110793216,91038,50632
-8.685897827148438,0.0,4,128,0,0.0,power_sharpen,hotpotqa,2270504311,0.6666666666666666,hotpotqa-5a83a30a5542992ef85e2339,5a83a30a5542992ef85e2339,987647506,14680064,128,3110793216,91038,55407
-8.685897827148438,0.0,4,128,0,0.0,entropy_adaptive_sharpen,hotpotqa,2270504311,0.6666666666666666,hotpotqa-5a83a30a5542992ef85e2339,5a83a30a5542992ef85e2339,987647506,14680064,128,3110793216,91038,102922
-4.728650093078613,0.0,4,128,0,0.0,persistence,hotpotqa,2263359722,0.6666666666666666,hotpotqa-5a83a30a5542992ef85e2339,5a83a30a5542992ef85e2339,977688095,14680064,128,3110793216,91038,21586
-7.915185928344727,0.0,4,128,0,0.0,agreement,hotpotqa,2262972777,0.3333333333333333,hotpotqa-5a83a30a5542992ef85e2339,5a83a30a5542992ef85e2339,979508852,14680064,128,3110793216,91038,58739
-8.939672470092773,0.0,4,128,0,0.0,community,hotpotqa,2266077669,0.6666666666666666,hotpotqa-5a83a30a5542992ef85e2339,5a83a30a5542992ef85e2339,982805453,14680064,128,3110793216,91038,47478
-8.685897827148438,0.0,4,128,0,0.0,bridge_preserving,hotpotqa,2270504311,0.6666666666666666,hotpotqa-5a83a30a5542992ef85e2339,5a83a30a5542992ef85e2339,987647506,14680064,128,3110793216,91038,61711
-5.086858749389648,0.0,4,128,0,1.0,combined_structural,hotpotqa,2268391956,1.0,hotpotqa-5a83a30a5542992ef85e2339,5a83a30a5542992ef85e2339,983043371,14680064,128,3110793216,91038,55729
-5.072721481323242,0.0,4,128,0,1.0,oracle_evidence,hotpotqa,2265467268,1.0,hotpotqa-5a83a30a5542992ef85e2339,5a83a30a5542992ef85e2339,977591198,14680064,128,3110793216,91038,77690
-8.996332168579102,0.0,6,192,0,0.0,base_topk,hotpotqa,2728273376,0.6666666666666666,hotpotqa-5a83a30a5542992ef85e2339,5a83a30a5542992ef85e2339,1317406009,22020096,192,3110793216,91038,63032
-8.996332168579102,0.0,6,192,0,0.0,budget_tuned_topk,hotpotqa,2728273376,0.6666666666666666,hotpotqa-5a83a30a5542992ef85e2339,5a83a30a5542992ef85e2339,1317406009,22020096,192,3110793216,91038,46716
-8.996332168579102,0.0,6,192,0,0.0,power_sharpen,hotpotqa,2728273376,0.6666666666666666,hotpotqa-5a83a30a5542992ef85e2339,5a83a30a5542992ef85e2339,1317406009,22020096,192,3110793216,91038,48129
-8.996332168579102,0.0,6,192,0,0.0,entropy_adaptive_sharpen,hotpotqa,2728273376,0.6666666666666666,hotpotqa-5a83a30a5542992ef85e2339,5a83a30a5542992ef85e2339,1317406009,22020096,192,3110793216,91038,88103
-5.012533664703369,0.0,6,192,0,1.0,persistence,hotpotqa,2731192287,1.0,hotpotqa-5a83a30a5542992ef85e2339,5a83a30a5542992ef85e2339,1319715829,22020096,192,3110793216,91038,17983
-8.996332168579102,0.0,6,192,0,0.0,agreement,hotpotqa,2728273376,0.6666666666666666,hotpotqa-5a83a30a5542992ef85e2339,5a83a30a5542992ef85e2339,1317406009,22020096,192,3110793216,91038,59943
-8.381141662597656,0.0,6,192,0,0.0,community,hotpotqa,2732324424,0.6666666666666666,hotpotqa-5a83a30a5542992ef85e2339,5a83a30a5542992ef85e2339,1322369661,22020096,192,3110793216,91038,39424
-8.996332168579102,0.0,6,192,0,0.0,bridge_preserving,hotpotqa,2728273376,0.6666666666666666,hotpotqa-5a83a30a5542992ef85e2339,5a83a30a5542992ef85e2339,1317406009,22020096,192,3110793216,91038,60172
-5.339878559112549,0.0,6,192,0,1.0,combined_structural,hotpotqa,2734961004,1.0,hotpotqa-5a83a30a5542992ef85e2339,5a83a30a5542992ef85e2339,1320470462,22020096,192,3110793216,91038,57120
-5.384365558624268,0.0,6,192,0,1.0,oracle_evidence,hotpotqa,2730384296,1.0,hotpotqa-5a83a30a5542992ef85e2339,5a83a30a5542992ef85e2339,1316659079,22020096,192,3110793216,91038,81526
-4.1169843673706055,0.5,2,64,0,0.0,base_topk,hotpotqa,5384449234,0.0,hotpotqa-5a84bda45542992a431d1a96,5a84bda45542992a431d1a96,549770991,7340032,64,3115085824,91038,60705
-4.1169843673706055,0.5,2,64,0,0.0,budget_tuned_topk,hotpotqa,5384449234,0.0,hotpotqa-5a84bda45542992a431d1a96,5a84bda45542992a431d1a96,549770991,7340032,64,3115085824,91038,62349
-4.1169843673706055,0.5,2,64,0,0.0,power_sharpen,hotpotqa,5384449234,0.0,hotpotqa-5a84bda45542992a431d1a96,5a84bda45542992a431d1a96,549770991,7340032,64,3115085824,91038,56260
-4.1169843673706055,0.5,2,64,0,0.0,entropy_adaptive_sharpen,hotpotqa,5384449234,0.0,hotpotqa-5a84bda45542992a431d1a96,5a84bda45542992a431d1a96,549770991,7340032,64,3115085824,91038,111646
-4.05919075012207,0.5,2,64,0,0.0,persistence,hotpotqa,2527484376,0.25,hotpotqa-5a84bda45542992a431d1a96,5a84bda45542992a431d1a96,550661446,7340032,64,3115085824,91038,21929
-3.940032720565796,0.5,2,64,0,0.0,agreement,hotpotqa,2530932761,0.25,hotpotqa-5a84bda45542992a431d1a96,5a84bda45542992a431d1a96,549072235,7340032,64,3115085824,91038,46494
-4.1169843673706055,0.5,2,64,0,0.0,community,hotpotqa,5384449234,0.0,hotpotqa-5a84bda45542992a431d1a96,5a84bda45542992a431d1a96,549770991,7340032,64,3115085824,91038,67588
-3.2201247215270996,0.5,2,64,0,0.0,bridge_preserving,hotpotqa,2528552355,0.25,hotpotqa-5a84bda45542992a431d1a96,5a84bda45542992a431d1a96,549381472,7340032,64,3115085824,91038,55564
-3.828899621963501,0.5,2,64,0,0.0,combined_structural,hotpotqa,2531225643,0.5,hotpotqa-5a84bda45542992a431d1a96,5a84bda45542992a431d1a96,552463384,7340032,64,3115085824,91038,82126
-3.828899621963501,0.5,2,64,0,0.0,oracle_evidence,hotpotqa,2531225643,0.5,hotpotqa-5a84bda45542992a431d1a96,5a84bda45542992a431d1a96,552463384,7340032,64,3115085824,91038,62344
-4.023421764373779,0.5,4,128,0,0.0,base_topk,hotpotqa,3668563054,0.5,hotpotqa-5a84bda45542992a431d1a96,5a84bda45542992a431d1a96,984614850,14680064,128,3115102208,91038,22344
-4.023421764373779,0.5,4,128,0,0.0,budget_tuned_topk,hotpotqa,3668563054,0.5,hotpotqa-5a84bda45542992a431d1a96,5a84bda45542992a431d1a96,984614850,14680064,128,3115102208,91038,43163
-4.023421764373779,0.5,4,128,0,0.0,power_sharpen,hotpotqa,3668563054,0.5,hotpotqa-5a84bda45542992a431d1a96,5a84bda45542992a431d1a96,984614850,14680064,128,3115102208,91038,47483
-4.023421764373779,0.5,4,128,0,0.0,entropy_adaptive_sharpen,hotpotqa,3668563054,0.5,hotpotqa-5a84bda45542992a431d1a96,5a84bda45542992a431d1a96,984614850,14680064,128,3115102208,91038,89213
-3.7561426162719727,0.5,4,128,0,0.0,persistence,hotpotqa,3080075701,0.5,hotpotqa-5a84bda45542992a431d1a96,5a84bda45542992a431d1a96,983878288,14680064,128,3115102208,91038,18644
-3.690330982208252,0.5,4,128,0,0.0,agreement,hotpotqa,3085588932,0.25,hotpotqa-5a84bda45542992a431d1a96,5a84bda45542992a431d1a96,980811186,14680064,128,3115102208,91038,65373
-4.319035530090332,0.5,4,128,0,0.0,community,hotpotqa,3078660429,0.25,hotpotqa-5a84bda45542992a431d1a96,5a84bda45542992a431d1a96,977490714,14680064,128,3115102208,91038,47211
-4.023421764373779,0.5,4,128,0,0.0,bridge_preserving,hotpotqa,3668563054,0.5,hotpotqa-5a84bda45542992a431d1a96,5a84bda45542992a431d1a96,984614850,14680064,128,3115102208,91038,74568
-3.565377950668335,0.5,4,128,0,0.0,combined_structural,hotpotqa,3075891987,0.75,hotpotqa-5a84bda45542992a431d1a96,5a84bda45542992a431d1a96,973764218,14680064,128,3115102208,91038,72847
-0.10261786729097366,1.0,4,128,0,1.0,oracle_evidence,hotpotqa,3077286339,1.0,hotpotqa-5a84bda45542992a431d1a96,5a84bda45542992a431d1a96,976483891,14680064,128,3115102208,91038,69157
-3.839975595474243,0.5,6,192,0,0.0,base_topk,hotpotqa,4126809409,0.5,hotpotqa-5a84bda45542992a431d1a96,5a84bda45542992a431d1a96,1318930800,22020096,192,3115118592,91038,52165
-3.839975595474243,0.5,6,192,0,0.0,budget_tuned_topk,hotpotqa,4126809409,0.5,hotpotqa-5a84bda45542992a431d1a96,5a84bda45542992a431d1a96,1318930800,22020096,192,3115118592,91038,51914
-3.839975595474243,0.5,6,192,0,0.0,power_sharpen,hotpotqa,4126809409,0.5,hotpotqa-5a84bda45542992a431d1a96,5a84bda45542992a431d1a96,1318930800,22020096,192,3115118592,91038,56364
-3.839975595474243,0.5,6,192,0,0.0,entropy_adaptive_sharpen,hotpotqa,4126809409,0.5,hotpotqa-5a84bda45542992a431d1a96,5a84bda45542992a431d1a96,1318930800,22020096,192,3115118592,91038,108320
-3.0540032386779785,0.5,6,192,0,0.0,persistence,hotpotqa,3547011419,0.75,hotpotqa-5a84bda45542992a431d1a96,5a84bda45542992a431d1a96,1318623662,22020096,192,3115118592,91038,21841
-3.8888423442840576,0.5,6,192,0,0.0,agreement,hotpotqa,3527889706,0.25,hotpotqa-5a84bda45542992a431d1a96,5a84bda45542992a431d1a96,1304897249,22020096,192,3115118592,91038,66974
-3.8888423442840576,0.5,6,192,0,0.0,community,hotpotqa,3527889706,0.25,hotpotqa-5a84bda45542992a431d1a96,5a84bda45542992a431d1a96,1304897249,22020096,192,3115118592,91038,46788
-3.1546175479888916,0.5,6,192,0,0.0,bridge_preserving,hotpotqa,3550416489,0.75,hotpotqa-5a84bda45542992a431d1a96,5a84bda45542992a431d1a96,1325237453,22020096,192,3115118592,91038,31691
-3.0540032386779785,0.5,6,192,0,0.0,combined_structural,hotpotqa,3547011419,0.75,hotpotqa-5a84bda45542992a431d1a96,5a84bda45542992a431d1a96,1318623662,22020096,192,3115118592,91038,78913
-0.1730462908744812,1.0,6,192,0,1.0,oracle_evidence,hotpotqa,3539446995,1.0,hotpotqa-5a84bda45542992a431d1a96,5a84bda45542992a431d1a96,1316103780,22020096,192,3115118592,91038,24063
-4.102130889892578,0.6666666865348816,2,64,0,0.0,base_topk,hotpotqa,2525779560,0.25,hotpotqa-5a88f0d455429946c8d6e8dc,5a88f0d455429946c8d6e8dc,548835588,7340032,64,3115118592,91038,57438
-4.102130889892578,0.6666666865348816,2,64,0,0.0,budget_tuned_topk,hotpotqa,2525779560,0.25,hotpotqa-5a88f0d455429946c8d6e8dc,5a88f0d455429946c8d6e8dc,548835588,7340032,64,3115118592,91038,50292
-4.102130889892578,0.6666666865348816,2,64,0,0.0,power_sharpen,hotpotqa,2525779560,0.25,hotpotqa-5a88f0d455429946c8d6e8dc,5a88f0d455429946c8d6e8dc,548835588,7340032,64,3115118592,91038,55472
-4.102130889892578,0.6666666865348816,2,64,0,0.0,entropy_adaptive_sharpen,hotpotqa,2525779560,0.25,hotpotqa-5a88f0d455429946c8d6e8dc,5a88f0d455429946c8d6e8dc,548835588,7340032,64,3115118592,91038,105632
-1.991215467453003,0.3333333432674408,2,64,0,0.0,persistence,hotpotqa,2522637224,0.25,hotpotqa-5a88f0d455429946c8d6e8dc,5a88f0d455429946c8d6e8dc,546776570,7340032,64,3115118592,91038,21671
-0.9959360957145691,0.6666666865348816,2,64,0,0.0,agreement,hotpotqa,2527293109,0.25,hotpotqa-5a88f0d455429946c8d6e8dc,5a88f0d455429946c8d6e8dc,549441609,7340032,64,3110924288,91038,50097
-4.102130889892578,0.6666666865348816,2,64,0,0.0,community,hotpotqa,2525779560,0.25,hotpotqa-5a88f0d455429946c8d6e8dc,5a88f0d455429946c8d6e8dc,548835588,7340032,64,3115118592,91038,55663
-4.224863052368164,0.0,2,64,0,0.0,bridge_preserving,hotpotqa,2525378164,0.5,hotpotqa-5a88f0d455429946c8d6e8dc,5a88f0d455429946c8d6e8dc,549245339,7340032,64,3110924288,91038,43191
-4.0777668952941895,0.3333333432674408,2,64,0,0.0,combined_structural,hotpotqa,2533040861,0.25,hotpotqa-5a88f0d455429946c8d6e8dc,5a88f0d455429946c8d6e8dc,553503117,7340032,64,3110924288,91038,117890
-1.1364719867706299,0.6666666865348816,2,64,0,0.0,oracle_evidence,hotpotqa,2524993928,0.5,hotpotqa-5a88f0d455429946c8d6e8dc,5a88f0d455429946c8d6e8dc,550249915,7340032,64,3110924288,91038,64337
-1.597350835800171,0.6666666865348816,4,128,0,0.0,base_topk,hotpotqa,3097377651,0.5,hotpotqa-5a88f0d455429946c8d6e8dc,5a88f0d455429946c8d6e8dc,980614467,14680064,128,3110924288,91038,51409
-1.597350835800171,0.6666666865348816,4,128,0,0.0,budget_tuned_topk,hotpotqa,3097377651,0.5,hotpotqa-5a88f0d455429946c8d6e8dc,5a88f0d455429946c8d6e8dc,980614467,14680064,128,3110924288,91038,51400
-1.597350835800171,0.6666666865348816,4,128,0,0.0,power_sharpen,hotpotqa,3097377651,0.5,hotpotqa-5a88f0d455429946c8d6e8dc,5a88f0d455429946c8d6e8dc,980614467,14680064,128,3110924288,91038,55350
-1.597350835800171,0.6666666865348816,4,128,0,0.0,entropy_adaptive_sharpen,hotpotqa,3097377651,0.5,hotpotqa-5a88f0d455429946c8d6e8dc,5a88f0d455429946c8d6e8dc,980614467,14680064,128,3110924288,91038,103401
-0.8558679819107056,0.6666666865348816,4,128,0,0.0,persistence,hotpotqa,3079505395,0.75,hotpotqa-5a88f0d455429946c8d6e8dc,5a88f0d455429946c8d6e8dc,972563210,14680064,128,3110924288,91038,21308
-1.2666712999343872,0.6666666865348816,4,128,0,0.0,agreement,hotpotqa,3085107471,0.25,hotpotqa-5a88f0d455429946c8d6e8dc,5a88f0d455429946c8d6e8dc,980438741,14680064,128,3110924288,91038,67884
-1.597350835800171,0.6666666865348816,4,128,0,0.0,community,hotpotqa,3097377651,0.5,hotpotqa-5a88f0d455429946c8d6e8dc,5a88f0d455429946c8d6e8dc,980614467,14680064,128,3110924288,91038,49101
-4.232239723205566,0.3333333432674408,4,128,0,0.0,bridge_preserving,hotpotqa,3074723429,0.5,hotpotqa-5a88f0d455429946c8d6e8dc,5a88f0d455429946c8d6e8dc,975634039,14680064,128,3110924288,91038,36915
-1.5699210166931152,0.6666666865348816,4,128,0,0.0,combined_structural,hotpotqa,3080407610,0.5,hotpotqa-5a88f0d455429946c8d6e8dc,5a88f0d455429946c8d6e8dc,980259470,14680064,128,3110924288,91038,82138
-0.6465288400650024,0.6666666865348816,4,128,0,1.0,oracle_evidence,hotpotqa,3084520206,1.0,hotpotqa-5a88f0d455429946c8d6e8dc,5a88f0d455429946c8d6e8dc,982535265,14680064,128,3110924288,91038,65012
-1.081693410873413,0.6666666865348816,6,192,0,0.0,base_topk,hotpotqa,3532933114,0.75,hotpotqa-5a88f0d455429946c8d6e8dc,5a88f0d455429946c8d6e8dc,1310828294,22020096,192,3110924288,91038,61532
-1.081693410873413,0.6666666865348816,6,192,0,0.0,budget_tuned_topk,hotpotqa,3532933114,0.75,hotpotqa-5a88f0d455429946c8d6e8dc,5a88f0d455429946c8d6e8dc,1310828294,22020096,192,3110924288,91038,63494
-1.081693410873413,0.6666666865348816,6,192,0,0.0,power_sharpen,hotpotqa,3532933114,0.75,hotpotqa-5a88f0d455429946c8d6e8dc,5a88f0d455429946c8d6e8dc,1310828294,22020096,192,3110924288,91038,72920
-1.081693410873413,0.6666666865348816,6,192,0,0.0,entropy_adaptive_sharpen,hotpotqa,3532933114,0.75,hotpotqa-5a88f0d455429946c8d6e8dc,5a88f0d455429946c8d6e8dc,1310828294,22020096,192,3110924288,91038,134655
-0.5988087058067322,1.0,6,192,0,1.0,persistence,hotpotqa,3532508821,1.0,hotpotqa-5a88f0d455429946c8d6e8dc,5a88f0d455429946c8d6e8dc,1311747093,22020096,192,3110924288,91038,29168
-1.081693410873413,0.6666666865348816,6,192,0,0.0,agreement,hotpotqa,3532933114,0.75,hotpotqa-5a88f0d455429946c8d6e8dc,5a88f0d455429946c8d6e8dc,1310828294,22020096,192,3110924288,91038,56574
-1.6029913425445557,0.6666666865348816,6,192,0,0.0,community,hotpotqa,3539042079,0.5,hotpotqa-5a88f0d455429946c8d6e8dc,5a88f0d455429946c8d6e8dc,1313283531,22020096,192,3110924288,91038,25646
-0.9107003211975098,0.6666666865348816,6,192,0,0.0,bridge_preserving,hotpotqa,3537126999,0.75,hotpotqa-5a88f0d455429946c8d6e8dc,5a88f0d455429946c8d6e8dc,1316407114,22020096,192,3110924288,91038,77415
-0.5988087058067322,1.0,6,192,0,1.0,combined_structural,hotpotqa,3532508821,1.0,hotpotqa-5a88f0d455429946c8d6e8dc,5a88f0d455429946c8d6e8dc,1311747093,22020096,192,3110924288,91038,89051
-0.779725968837738,0.6666666865348816,6,192,0,1.0,oracle_evidence,hotpotqa,3554302114,1.0,hotpotqa-5a88f0d455429946c8d6e8dc,5a88f0d455429946c8d6e8dc,1325878244,22020096,192,3110924288,91038,26996
-3.890686511993408,0.20000000298023224,2,64,0,0.0,base_topk,hotpotqa,982167348,0.25,hotpotqa-5a8e82ff5542995a26add4e2,5a8e82ff5542995a26add4e2,548457856,7340032,64,3115118592,91038,51434
-3.890686511993408,0.20000000298023224,2,64,0,0.0,budget_tuned_topk,hotpotqa,982167348,0.25,hotpotqa-5a8e82ff5542995a26add4e2,5a8e82ff5542995a26add4e2,548457856,7340032,64,3115118592,91038,59099
-3.890686511993408,0.20000000298023224,2,64,0,0.0,power_sharpen,hotpotqa,982167348,0.25,hotpotqa-5a8e82ff5542995a26add4e2,5a8e82ff5542995a26add4e2,548457856,7340032,64,3115118592,91038,58849
-3.890686511993408,0.20000000298023224,2,64,0,0.0,entropy_adaptive_sharpen,hotpotqa,982167348,0.25,hotpotqa-5a8e82ff5542995a26add4e2,5a8e82ff5542995a26add4e2,548457856,7340032,64,3115118592,91038,111767
-1.641764521598816,0.800000011920929,2,64,0,0.0,persistence,hotpotqa,1006781861,0.5,hotpotqa-5a8e82ff5542995a26add4e2,5a8e82ff5542995a26add4e2,549935115,7340032,64,3115118592,91038,21821
-3.890686511993408,0.20000000298023224,2,64,0,0.0,agreement,hotpotqa,982167348,0.25,hotpotqa-5a8e82ff5542995a26add4e2,5a8e82ff5542995a26add4e2,548457856,7340032,64,3115118592,91038,87066
-3.890686511993408,0.20000000298023224,2,64,0,0.0,community,hotpotqa,982167348,0.25,hotpotqa-5a8e82ff5542995a26add4e2,5a8e82ff5542995a26add4e2,548457856,7340032,64,3115118592,91038,32037
-5.131650447845459,0.20000000298023224,2,64,0,0.0,bridge_preserving,hotpotqa,1055208850,0.25,hotpotqa-5a8e82ff5542995a26add4e2,5a8e82ff5542995a26add4e2,552307564,7340032,64,3115118592,91038,45768
-1.457074522972107,0.800000011920929,2,64,0,0.0,combined_structural,hotpotqa,1086598736,0.5,hotpotqa-5a8e82ff5542995a26add4e2,5a8e82ff5542995a26add4e2,547273599,7340032,64,3115118592,91038,78318
-4.04708194732666,0.20000000298023224,2,64,0,0.0,oracle_evidence,hotpotqa,1146188665,0.5,hotpotqa-5a8e82ff5542995a26add4e2,5a8e82ff5542995a26add4e2,598341359,7340032,64,3115118592,91038,50449
-4.068321228027344,0.20000000298023224,4,128,0,0.0,base_topk,hotpotqa,1526678555,0.5,hotpotqa-5a8e82ff5542995a26add4e2,5a8e82ff5542995a26add4e2,976778003,14680064,128,3115118592,91038,45747
-4.068321228027344,0.20000000298023224,4,128,0,0.0,budget_tuned_topk,hotpotqa,1526678555,0.5,hotpotqa-5a8e82ff5542995a26add4e2,5a8e82ff5542995a26add4e2,976778003,14680064,128,3115118592,91038,40585
-4.068321228027344,0.20000000298023224,4,128,0,0.0,power_sharpen,hotpotqa,1526678555,0.5,hotpotqa-5a8e82ff5542995a26add4e2,5a8e82ff5542995a26add4e2,976778003,14680064,128,3115118592,91038,41432
-4.068321228027344,0.20000000298023224,4,128,0,0.0,entropy_adaptive_sharpen,hotpotqa,1526678555,0.5,hotpotqa-5a8e82ff5542995a26add4e2,5a8e82ff5542995a26add4e2,976778003,14680064,128,3115118592,91038,75541
-1.717353105545044,0.800000011920929,4,128,0,0.0,persistence,hotpotqa,1397280677,0.5,hotpotqa-5a8e82ff5542995a26add4e2,5a8e82ff5542995a26add4e2,974125966,14680064,128,3115118592,91038,14623
-4.264153957366943,0.20000000298023224,4,128,0,0.0,agreement,hotpotqa,1427328612,0.5,hotpotqa-5a8e82ff5542995a26add4e2,5a8e82ff5542995a26add4e2,991256328,14680064,128,3115118592,91038,69876
-4.068321228027344,0.20000000298023224,4,128,0,0.0,community,hotpotqa,1526678555,0.5,hotpotqa-5a8e82ff5542995a26add4e2,5a8e82ff5542995a26add4e2,976778003,14680064,128,3115118592,91038,69226
-3.7707412242889404,0.20000000298023224,4,128,0,0.0,bridge_preserving,hotpotqa,1413316072,0.5,hotpotqa-5a8e82ff5542995a26add4e2,5a8e82ff5542995a26add4e2,974957844,14680064,128,3115118592,91038,70241
-1.8716404438018799,0.800000011920929,4,128,0,0.0,combined_structural,hotpotqa,1399399599,0.75,hotpotqa-5a8e82ff5542995a26add4e2,5a8e82ff5542995a26add4e2,975267403,14680064,128,3115118592,91038,103978
-1.7617874145507812,0.800000011920929,4,128,0,1.0,oracle_evidence,hotpotqa,1416067486,1.0,hotpotqa-5a8e82ff5542995a26add4e2,5a8e82ff5542995a26add4e2,976072708,14680064,128,3115118592,91038,77300
-4.051405906677246,0.20000000298023224,6,192,0,0.0,base_topk,hotpotqa,1756348950,0.5,hotpotqa-5a8e82ff5542995a26add4e2,5a8e82ff5542995a26add4e2,1317285407,22020096,192,3115118592,91038,51207
-4.051405906677246,0.20000000298023224,6,192,0,0.0,budget_tuned_topk,hotpotqa,1756348950,0.5,hotpotqa-5a8e82ff5542995a26add4e2,5a8e82ff5542995a26add4e2,1317285407,22020096,192,3115118592,91038,62290
-4.051405906677246,0.20000000298023224,6,192,0,0.0,power_sharpen,hotpotqa,1756348950,0.5,hotpotqa-5a8e82ff5542995a26add4e2,5a8e82ff5542995a26add4e2,1317285407,22020096,192,3115118592,91038,69874
-4.051405906677246,0.20000000298023224,6,192,0,0.0,entropy_adaptive_sharpen,hotpotqa,1756348950,0.5,hotpotqa-5a8e82ff5542995a26add4e2,5a8e82ff5542995a26add4e2,1317285407,22020096,192,3115118592,91038,144201
-2.098478078842163,0.800000011920929,6,192,0,0.0,persistence,hotpotqa,1768820932,0.5,hotpotqa-5a8e82ff5542995a26add4e2,5a8e82ff5542995a26add4e2,1307167228,22020096,192,3115118592,91038,21302
-4.2401299476623535,0.20000000298023224,6,192,0,0.0,agreement,hotpotqa,1760490997,0.5,hotpotqa-5a8e82ff5542995a26add4e2,5a8e82ff5542995a26add4e2,1321528536,22020096,192,3115118592,91038,67846
-4.051405906677246,0.20000000298023224,6,192,0,0.0,community,hotpotqa,1756348950,0.5,hotpotqa-5a8e82ff5542995a26add4e2,5a8e82ff5542995a26add4e2,1317285407,22020096,192,3115118592,91038,69034
-3.968534231185913,0.20000000298023224,6,192,0,0.0,bridge_preserving,hotpotqa,1759863518,0.75,hotpotqa-5a8e82ff5542995a26add4e2,5a8e82ff5542995a26add4e2,1321633517,22020096,192,3115118592,91038,57621
-1.9909336566925049,0.800000011920929,6,192,0,0.0,combined_structural,hotpotqa,1759111670,0.75,hotpotqa-5a8e82ff5542995a26add4e2,5a8e82ff5542995a26add4e2,1309717319,22020096,192,3115118592,91038,99609
-1.8627331256866455,0.800000011920929,6,192,0,1.0,oracle_evidence,hotpotqa,1753412479,1.0,hotpotqa-5a8e82ff5542995a26add4e2,5a8e82ff5542995a26add4e2,1314868333,22020096,192,3115118592,91038,78300
-3.4688327312469482,0.6363636255264282,2,64,0,0.0,base_topk,hotpotqa,4198216490,0.125,hotpotqa-5a8ed7b455429917b4a5bdd1,5a8ed7b455429917b4a5bdd1,550779189,7340032,64,3123621888,91038,58592
-3.4688327312469482,0.6363636255264282,2,64,0,0.0,budget_tuned_topk,hotpotqa,4198216490,0.125,hotpotqa-5a8ed7b455429917b4a5bdd1,5a8ed7b455429917b4a5bdd1,550779189,7340032,64,3123621888,91038,40015
-3.4688327312469482,0.6363636255264282,2,64,0,0.0,power_sharpen,hotpotqa,4198216490,0.125,hotpotqa-5a8ed7b455429917b4a5bdd1,5a8ed7b455429917b4a5bdd1,550779189,7340032,64,3123621888,91038,38874
-3.4688327312469482,0.6363636255264282,2,64,0,0.0,entropy_adaptive_sharpen,hotpotqa,4198216490,0.125,hotpotqa-5a8ed7b455429917b4a5bdd1,5a8ed7b455429917b4a5bdd1,550779189,7340032,64,3123621888,91038,74551
-2.1531074047088623,0.7272727489471436,2,64,0,0.0,persistence,hotpotqa,1296455824,0.25,hotpotqa-5a8ed7b455429917b4a5bdd1,5a8ed7b455429917b4a5bdd1,570078295,7340032,64,3119435776,91038,14863
-3.4688327312469482,0.6363636255264282,2,64,0,0.0,agreement,hotpotqa,4198216490,0.125,hotpotqa-5a8ed7b455429917b4a5bdd1,5a8ed7b455429917b4a5bdd1,550779189,7340032,64,3123621888,91038,57178
-3.4688327312469482,0.6363636255264282,2,64,0,0.0,community,hotpotqa,4198216490,0.125,hotpotqa-5a8ed7b455429917b4a5bdd1,5a8ed7b455429917b4a5bdd1,550779189,7340032,64,3123621888,91038,24256
-3.3346850872039795,0.5454545617103577,2,64,0,0.0,bridge_preserving,hotpotqa,1037505471,0.25,hotpotqa-5a8ed7b455429917b4a5bdd1,5a8ed7b455429917b4a5bdd1,454132870,7340032,64,3119435776,91038,40061
-2.1531074047088623,0.7272727489471436,2,64,0,0.0,combined_structural,hotpotqa,1296455824,0.25,hotpotqa-5a8ed7b455429917b4a5bdd1,5a8ed7b455429917b4a5bdd1,570078295,7340032,64,3119435776,91038,122331
-3.3346850872039795,0.5454545617103577,2,64,0,0.0,oracle_evidence,hotpotqa,1037505471,0.25,hotpotqa-5a8ed7b455429917b4a5bdd1,5a8ed7b455429917b4a5bdd1,454132870,7340032,64,3119435776,91038,43539
-3.2552151679992676,0.5454545617103577,4,128,0,0.0,base_topk,hotpotqa,2336439597,0.25,hotpotqa-5a8ed7b455429917b4a5bdd1,5a8ed7b455429917b4a5bdd1,960353652,14680064,128,3119452160,91038,33945
-3.2552151679992676,0.5454545617103577,4,128,0,0.0,budget_tuned_topk,hotpotqa,2336439597,0.25,hotpotqa-5a8ed7b455429917b4a5bdd1,5a8ed7b455429917b4a5bdd1,960353652,14680064,128,3119452160,91038,61657
-3.2552151679992676,0.5454545617103577,4,128,0,0.0,power_sharpen,hotpotqa,2336439597,0.25,hotpotqa-5a8ed7b455429917b4a5bdd1,5a8ed7b455429917b4a5bdd1,960353652,14680064,128,3119452160,91038,70527
-3.2552151679992676,0.5454545617103577,4,128,0,0.0,entropy_adaptive_sharpen,hotpotqa,2336439597,0.25,hotpotqa-5a8ed7b455429917b4a5bdd1,5a8ed7b455429917b4a5bdd1,960353652,14680064,128,3119452160,91038,135813
-2.2563207149505615,0.7272727489471436,4,128,0,0.0,persistence,hotpotqa,1726711121,0.5,hotpotqa-5a8ed7b455429917b4a5bdd1,5a8ed7b455429917b4a5bdd1,956198944,14680064,128,3119452160,91038,28756
-3.2552151679992676,0.5454545617103577,4,128,0,0.0,agreement,hotpotqa,2336439597,0.25,hotpotqa-5a8ed7b455429917b4a5bdd1,5a8ed7b455429917b4a5bdd1,960353652,14680064,128,3119452160,91038,69262
-3.2552151679992676,0.5454545617103577,4,128,0,0.0,community,hotpotqa,2336439597,0.25,hotpotqa-5a8ed7b455429917b4a5bdd1,5a8ed7b455429917b4a5bdd1,960353652,14680064,128,3119452160,91038,31976
-3.2552151679992676,0.5454545617103577,4,128,0,0.0,bridge_preserving,hotpotqa,2336439597,0.25,hotpotqa-5a8ed7b455429917b4a5bdd1,5a8ed7b455429917b4a5bdd1,960353652,14680064,128,3119452160,91038,51032
-2.2563207149505615,0.7272727489471436,4,128,0,0.0,combined_structural,hotpotqa,1726711121,0.5,hotpotqa-5a8ed7b455429917b4a5bdd1,5a8ed7b455429917b4a5bdd1,956198944,14680064,128,3119452160,91038,84149
-1.8872965574264526,0.7272727489471436,4,128,0,0.0,oracle_evidence,hotpotqa,1728278801,0.5,hotpotqa-5a8ed7b455429917b4a5bdd1,5a8ed7b455429917b4a5bdd1,962240536,14680064,128,3119452160,91038,35629
-3.368934392929077,0.6363636255264282,6,192,0,0.0,base_topk,hotpotqa,2485038049,0.25,hotpotqa-5a8ed7b455429917b4a5bdd1,5a8ed7b455429917b4a5bdd1,1054642096,22020096,192,3119468544,91038,42514
-3.368934392929077,0.6363636255264282,6,192,0,0.0,budget_tuned_topk,hotpotqa,2485038049,0.25,hotpotqa-5a8ed7b455429917b4a5bdd1,5a8ed7b455429917b4a5bdd1,1054642096,22020096,192,3119468544,91038,43770
-3.368934392929077,0.6363636255264282,6,192,0,0.0,power_sharpen,hotpotqa,2485038049,0.25,hotpotqa-5a8ed7b455429917b4a5bdd1,5a8ed7b455429917b4a5bdd1,1054642096,22020096,192,3119468544,91038,47505
-3.368934392929077,0.6363636255264282,6,192,0,0.0,entropy_adaptive_sharpen,hotpotqa,2485038049,0.25,hotpotqa-5a8ed7b455429917b4a5bdd1,5a8ed7b455429917b4a5bdd1,1054642096,22020096,192,3119468544,91038,89005
-1.7609891891479492,0.7272727489471436,6,192,0,0.0,persistence,hotpotqa,1718989723,0.75,hotpotqa-5a8ed7b455429917b4a5bdd1,5a8ed7b455429917b4a5bdd1,1056833123,22020096,192,3119468544,91038,18222
-3.368934392929077,0.6363636255264282,6,192,0,0.0,agreement,hotpotqa,2485038049,0.25,hotpotqa-5a8ed7b455429917b4a5bdd1,5a8ed7b455429917b4a5bdd1,1054642096,22020096,192,3119468544,91038,57229
-3.368934392929077,0.6363636255264282,6,192,0,0.0,community,hotpotqa,2485038049,0.25,hotpotqa-5a8ed7b455429917b4a5bdd1,5a8ed7b455429917b4a5bdd1,1054642096,22020096,192,3119468544,91038,24799
-3.4527435302734375,0.6363636255264282,6,192,0,0.0,bridge_preserving,hotpotqa,1715461080,0.375,hotpotqa-5a8ed7b455429917b4a5bdd1,5a8ed7b455429917b4a5bdd1,1056639302,22020096,192,3119468544,91038,39191
-1.7609891891479492,0.7272727489471436,6,192,0,0.0,combined_structural,hotpotqa,1718989723,0.75,hotpotqa-5a8ed7b455429917b4a5bdd1,5a8ed7b455429917b4a5bdd1,1056833123,22020096,192,3119468544,91038,84867
-1.8969402313232422,0.7272727489471436,6,192,0,0.0,oracle_evidence,hotpotqa,1715434443,0.75,hotpotqa-5a8ed7b455429917b4a5bdd1,5a8ed7b455429917b4a5bdd1,1055475967,22020096,192,3119468544,91038,26249
-2.1412007808685303,0.3333333432674408,2,64,0,0.0,base_topk,hotpotqa,4733159410,0.4,hotpotqa-5ab57673554299637185c5a3,5ab57673554299637185c5a3,481767437,7340032,64,3119566848,91038,42602
-2.1412007808685303,0.3333333432674408,2,64,0,0.0,budget_tuned_topk,hotpotqa,4733159410,0.4,hotpotqa-5ab57673554299637185c5a3,5ab57673554299637185c5a3,481767437,7340032,64,3119566848,91038,47300
-2.1412007808685303,0.3333333432674408,2,64,0,0.0,power_sharpen,hotpotqa,4733159410,0.4,hotpotqa-5ab57673554299637185c5a3,5ab57673554299637185c5a3,481767437,7340032,64,3119566848,91038,48739
-2.1412007808685303,0.3333333432674408,2,64,0,0.0,entropy_adaptive_sharpen,hotpotqa,4733159410,0.4,hotpotqa-5ab57673554299637185c5a3,5ab57673554299637185c5a3,481767437,7340032,64,3119566848,91038,88922
-2.369346857070923,0.3333333432674408,2,64,0,0.0,persistence,hotpotqa,1884163365,0.2,hotpotqa-5ab57673554299637185c5a3,5ab57673554299637185c5a3,549196930,7340032,64,3119566848,91038,18338
-2.158987045288086,0.1666666716337204,2,64,0,0.0,agreement,hotpotqa,1797892274,0.2,hotpotqa-5ab57673554299637185c5a3,5ab57673554299637185c5a3,475321286,7340032,64,3119566848,91038,59552
-2.1412007808685303,0.3333333432674408,2,64,0,0.0,community,hotpotqa,4733159410,0.4,hotpotqa-5ab57673554299637185c5a3,5ab57673554299637185c5a3,481767437,7340032,64,3119566848,91038,67451
-1.6800769567489624,0.5,2,64,0,0.0,bridge_preserving,hotpotqa,1888795164,0.4,hotpotqa-5ab57673554299637185c5a3,5ab57673554299637185c5a3,551467368,7340032,64,3119566848,91038,53618
-2.369346857070923,0.3333333432674408,2,64,0,0.0,combined_structural,hotpotqa,1884163365,0.2,hotpotqa-5ab57673554299637185c5a3,5ab57673554299637185c5a3,549196930,7340032,64,3119566848,91038,88964
-2.1412007808685303,0.3333333432674408,2,64,0,0.0,oracle_evidence,hotpotqa,4733159410,0.4,hotpotqa-5ab57673554299637185c5a3,5ab57673554299637185c5a3,481767437,7340032,64,3119566848,91038,27494
-1.7111425399780273,0.5,4,128,0,0.0,base_topk,hotpotqa,2940279528,0.6,hotpotqa-5ab57673554299637185c5a3,5ab57673554299637185c5a3,963291282,14680064,128,3119583232,91038,15378
-1.7111425399780273,0.5,4,128,0,0.0,budget_tuned_topk,hotpotqa,2940279528,0.6,hotpotqa-5ab57673554299637185c5a3,5ab57673554299637185c5a3,963291282,14680064,128,3119583232,91038,52000
-1.7111425399780273,0.5,4,128,0,0.0,power_sharpen,hotpotqa,2940279528,0.6,hotpotqa-5ab57673554299637185c5a3,5ab57673554299637185c5a3,963291282,14680064,128,3119583232,91038,55939
-1.7111425399780273,0.5,4,128,0,0.0,entropy_adaptive_sharpen,hotpotqa,2940279528,0.6,hotpotqa-5ab57673554299637185c5a3,5ab57673554299637185c5a3,963291282,14680064,128,3119583232,91038,107852
-2.2574644088745117,0.3333333432674408,4,128,0,0.0,persistence,hotpotqa,2358440626,0.6,hotpotqa-5ab57673554299637185c5a3,5ab57673554299637185c5a3,973805335,14680064,128,3119583232,91038,22948
-1.7111425399780273,0.5,4,128,0,0.0,agreement,hotpotqa,2940279528,0.6,hotpotqa-5ab57673554299637185c5a3,5ab57673554299637185c5a3,963291282,14680064,128,3119583232,91038,48515
-1.7111425399780273,0.5,4,128,0,0.0,community,hotpotqa,2940279528,0.6,hotpotqa-5ab57673554299637185c5a3,5ab57673554299637185c5a3,963291282,14680064,128,3119583232,91038,20585
-1.7111425399780273,0.5,4,128,0,0.0,bridge_preserving,hotpotqa,2940279528,0.6,hotpotqa-5ab57673554299637185c5a3,5ab57673554299637185c5a3,963291282,14680064,128,3119583232,91038,32516
-2.2574644088745117,0.3333333432674408,4,128,0,0.0,combined_structural,hotpotqa,2358440626,0.6,hotpotqa-5ab57673554299637185c5a3,5ab57673554299637185c5a3,973805335,14680064,128,3119583232,91038,56298
-1.8324525356292725,0.5,4,128,0,0.0,oracle_evidence,hotpotqa,2359949456,0.8,hotpotqa-5ab57673554299637185c5a3,5ab57673554299637185c5a3,978511410,14680064,128,3119583232,91038,22334
-1.7116708755493164,0.5,6,192,0,0.0,base_topk,hotpotqa,3087715976,0.8,hotpotqa-5ab57673554299637185c5a3,5ab57673554299637185c5a3,1056119178,22020096,192,3119599616,91038,65391
-1.7116708755493164,0.5,6,192,0,0.0,budget_tuned_topk,hotpotqa,3087715976,0.8,hotpotqa-5ab57673554299637185c5a3,5ab57673554299637185c5a3,1056119178,22020096,192,3119599616,91038,45858
-1.7116708755493164,0.5,6,192,0,0.0,power_sharpen,hotpotqa,3087715976,0.8,hotpotqa-5ab57673554299637185c5a3,5ab57673554299637185c5a3,1056119178,22020096,192,3119599616,91038,45743
-1.7116708755493164,0.5,6,192,0,0.0,entropy_adaptive_sharpen,hotpotqa,3087715976,0.8,hotpotqa-5ab57673554299637185c5a3,5ab57673554299637185c5a3,1056119178,22020096,192,3119599616,91038,82121
-1.8731368780136108,0.5,6,192,0,1.0,persistence,hotpotqa,2472293991,1.0,hotpotqa-5ab57673554299637185c5a3,5ab57673554299637185c5a3,1054267933,22020096,192,3119599616,91038,17625
-1.7788164615631104,0.5,6,192,0,0.0,agreement,hotpotqa,2474218303,0.8,hotpotqa-5ab57673554299637185c5a3,5ab57673554299637185c5a3,1054367727,22020096,192,3119599616,91038,52986
-1.7116708755493164,0.5,6,192,0,0.0,community,hotpotqa,3087715976,0.8,hotpotqa-5ab57673554299637185c5a3,5ab57673554299637185c5a3,1056119178,22020096,192,3119599616,91038,70660
-1.7116708755493164,0.5,6,192,0,0.0,bridge_preserving,hotpotqa,3087715976,0.8,hotpotqa-5ab57673554299637185c5a3,5ab57673554299637185c5a3,1056119178,22020096,192,3119599616,91038,55524
-1.8731368780136108,0.5,6,192,0,1.0,combined_structural,hotpotqa,2472293991,1.0,hotpotqa-5ab57673554299637185c5a3,5ab57673554299637185c5a3,1054267933,22020096,192,3119599616,91038,86120
-1.757689356803894,0.5,6,192,0,1.0,oracle_evidence,hotpotqa,2474739143,1.0,hotpotqa-5ab57673554299637185c5a3,5ab57673554299637185c5a3,1055736611,22020096,192,3119599616,91038,36829
-2.6303534507751465,0.3333333432674408,2,64,0,0.0,base_topk,hotpotqa,3951159794,0.1111111111111111,hotpotqa-5ab5fddb554299110f2199af,5ab5fddb554299110f2199af,546994190,7340032,64,3119697920,91038,40150
-2.6303534507751465,0.3333333432674408,2,64,0,0.0,budget_tuned_topk,hotpotqa,3951159794,0.1111111111111111,hotpotqa-5ab5fddb554299110f2199af,5ab5fddb554299110f2199af,546994190,7340032,64,3119697920,91038,62281
-2.6303534507751465,0.3333333432674408,2,64,0,0.0,power_sharpen,hotpotqa,3951159794,0.1111111111111111,hotpotqa-5ab5fddb554299110f2199af,5ab5fddb554299110f2199af,546994190,7340032,64,3119697920,91038,61618
-2.6303534507751465,0.3333333432674408,2,64,0,0.0,entropy_adaptive_sharpen,hotpotqa,3951159794,0.1111111111111111,hotpotqa-5ab5fddb554299110f2199af,5ab5fddb554299110f2199af,546994190,7340032,64,3119697920,91038,151394
-3.1246695518493652,0.3333333432674408,2,64,0,0.0,persistence,hotpotqa,981758033,0.1111111111111111,hotpotqa-5ab5fddb554299110f2199af,5ab5fddb554299110f2199af,551405313,7340032,64,3119697920,91038,18946
-2.6303534507751465,0.3333333432674408,2,64,0,0.0,agreement,hotpotqa,3951159794,0.1111111111111111,hotpotqa-5ab5fddb554299110f2199af,5ab5fddb554299110f2199af,546994190,7340032,64,3119697920,91038,56132
-2.6303534507751465,0.3333333432674408,2,64,0,0.0,community,hotpotqa,3951159794,0.1111111111111111,hotpotqa-5ab5fddb554299110f2199af,5ab5fddb554299110f2199af,546994190,7340032,64,3119697920,91038,24041
-2.720244884490967,0.3333333432674408,2,64,0,0.0,bridge_preserving,hotpotqa,983782845,0.1111111111111111,hotpotqa-5ab5fddb554299110f2199af,5ab5fddb554299110f2199af,551920594,7340032,64,3111309312,91038,39684
-2.919896125793457,0.3333333432674408,2,64,0,0.0,combined_structural,hotpotqa,977424188,0.2222222222222222,hotpotqa-5ab5fddb554299110f2199af,5ab5fddb554299110f2199af,550896870,7340032,64,3111309312,91038,85706
-2.7533528804779053,0.3333333432674408,2,64,0,0.0,oracle_evidence,hotpotqa,981316303,0.2222222222222222,hotpotqa-5ab5fddb554299110f2199af,5ab5fddb554299110f2199af,550635192,7340032,64,3111309312,91038,109351
-3.305697202682495,0.0,4,128,0,0.0,base_topk,hotpotqa,1975093551,0.2222222222222222,hotpotqa-5ab5fddb554299110f2199af,5ab5fddb554299110f2199af,977320834,14680064,128,3111325696,91038,51921
-3.305697202682495,0.0,4,128,0,0.0,budget_tuned_topk,hotpotqa,1975093551,0.2222222222222222,hotpotqa-5ab5fddb554299110f2199af,5ab5fddb554299110f2199af,977320834,14680064,128,3111325696,91038,57762
-3.305697202682495,0.0,4,128,0,0.0,power_sharpen,hotpotqa,1975093551,0.2222222222222222,hotpotqa-5ab5fddb554299110f2199af,5ab5fddb554299110f2199af,977320834,14680064,128,3111325696,91038,56496
-3.305697202682495,0.0,4,128,0,0.0,entropy_adaptive_sharpen,hotpotqa,1975093551,0.2222222222222222,hotpotqa-5ab5fddb554299110f2199af,5ab5fddb554299110f2199af,977320834,14680064,128,3111325696,91038,103313
-2.99194598197937,0.0,4,128,0,0.0,persistence,hotpotqa,1419898667,0.1111111111111111,hotpotqa-5ab5fddb554299110f2199af,5ab5fddb554299110f2199af,981204744,14680064,128,3111325696,91038,22209
-2.948554515838623,0.0,4,128,0,0.0,agreement,hotpotqa,1419856835,0.2222222222222222,hotpotqa-5ab5fddb554299110f2199af,5ab5fddb554299110f2199af,972717115,14680064,128,3111325696,91038,57839
-3.305697202682495,0.0,4,128,0,0.0,community,hotpotqa,1975093551,0.2222222222222222,hotpotqa-5ab5fddb554299110f2199af,5ab5fddb554299110f2199af,977320834,14680064,128,3111325696,91038,54995
-2.961979627609253,0.0,4,128,0,0.0,bridge_preserving,hotpotqa,1410990839,0.2222222222222222,hotpotqa-5ab5fddb554299110f2199af,5ab5fddb554299110f2199af,975408154,14680064,128,3111325696,91038,43283
-2.633373260498047,0.3333333432674408,4,128,0,0.0,combined_structural,hotpotqa,1421229286,0.2222222222222222,hotpotqa-5ab5fddb554299110f2199af,5ab5fddb554299110f2199af,981078387,14680064,128,3111325696,91038,107568
-2.801240921020508,0.3333333432674408,4,128,0,0.0,oracle_evidence,hotpotqa,1428475868,0.4444444444444444,hotpotqa-5ab5fddb554299110f2199af,5ab5fddb554299110f2199af,983875672,14680064,128,3111325696,91038,48230
-3.341163158416748,0.0,6,192,0,0.0,base_topk,hotpotqa,2340806080,0.4444444444444444,hotpotqa-5ab5fddb554299110f2199af,5ab5fddb554299110f2199af,1311849747,22020096,192,3111342080,91038,46579
-3.341163158416748,0.0,6,192,0,0.0,budget_tuned_topk,hotpotqa,2340806080,0.4444444444444444,hotpotqa-5ab5fddb554299110f2199af,5ab5fddb554299110f2199af,1311849747,22020096,192,3111342080,91038,51940
-3.341163158416748,0.0,6,192,0,0.0,power_sharpen,hotpotqa,2340806080,0.4444444444444444,hotpotqa-5ab5fddb554299110f2199af,5ab5fddb554299110f2199af,1311849747,22020096,192,3111342080,91038,57330
-3.341163158416748,0.0,6,192,0,0.0,entropy_adaptive_sharpen,hotpotqa,2340806080,0.4444444444444444,hotpotqa-5ab5fddb554299110f2199af,5ab5fddb554299110f2199af,1311849747,22020096,192,3111342080,91038,105272
-3.1805758476257324,0.0,6,192,0,0.0,persistence,hotpotqa,1752955474,0.3333333333333333,hotpotqa-5ab5fddb554299110f2199af,5ab5fddb554299110f2199af,1317867219,22020096,192,3111342080,91038,22481
-3.126265048980713,0.0,6,192,0,0.0,agreement,hotpotqa,1770419794,0.4444444444444444,hotpotqa-5ab5fddb554299110f2199af,5ab5fddb554299110f2199af,1318540329,22020096,192,3111342080,91038,67684
-3.2548422813415527,0.0,6,192,0,0.0,community,hotpotqa,1736073094,0.4444444444444444,hotpotqa-5ab5fddb554299110f2199af,5ab5fddb554299110f2199af,1307913630,22020096,192,3111342080,91038,60937
-3.4096839427948,0.0,6,192,0,0.0,bridge_preserving,hotpotqa,1740717493,0.4444444444444444,hotpotqa-5ab5fddb554299110f2199af,5ab5fddb554299110f2199af,1308023360,22020096,192,3111342080,91038,75498
-2.9436261653900146,0.3333333432674408,6,192,0,0.0,combined_structural,hotpotqa,1760938703,0.3333333333333333,hotpotqa-5ab5fddb554299110f2199af,5ab5fddb554299110f2199af,1319225844,22020096,192,3111342080,91038,116163
-2.8790156841278076,0.3333333432674408,6,192,0,0.0,oracle_evidence,hotpotqa,1743365874,0.6666666666666666,hotpotqa-5ab5fddb554299110f2199af,5ab5fddb554299110f2199af,1304143829,22020096,192,3111342080,91038,65132
-1.3314306735992432,0.800000011920929,2,64,0,0.0,base_topk,hotpotqa,4771803380,0.2857142857142857,hotpotqa-5ab84f2c55429934fafe6d54,5ab84f2c55429934fafe6d54,551064199,7340032,64,3115634688,91038,87173
-1.3314306735992432,0.800000011920929,2,64,0,0.0,budget_tuned_topk,hotpotqa,4771803380,0.2857142857142857,hotpotqa-5ab84f2c55429934fafe6d54,5ab84f2c55429934fafe6d54,551064199,7340032,64,3115634688,91038,51556
-1.3314306735992432,0.800000011920929,2,64,0,0.0,power_sharpen,hotpotqa,4771803380,0.2857142857142857,hotpotqa-5ab84f2c55429934fafe6d54,5ab84f2c55429934fafe6d54,551064199,7340032,64,3115634688,91038,56167
-1.3314306735992432,0.800000011920929,2,64,0,0.0,entropy_adaptive_sharpen,hotpotqa,4771803380,0.2857142857142857,hotpotqa-5ab84f2c55429934fafe6d54,5ab84f2c55429934fafe6d54,551064199,7340032,64,3115634688,91038,102947
-1.8680604696273804,0.800000011920929,2,64,0,0.0,persistence,hotpotqa,1843361295,0.2857142857142857,hotpotqa-5ab84f2c55429934fafe6d54,5ab84f2c55429934fafe6d54,550788151,7340032,64,3115634688,91038,21341
-1.3314306735992432,0.800000011920929,2,64,0,0.0,agreement,hotpotqa,4771803380,0.2857142857142857,hotpotqa-5ab84f2c55429934fafe6d54,5ab84f2c55429934fafe6d54,551064199,7340032,64,3115634688,91038,76102
-1.3314306735992432,0.800000011920929,2,64,0,0.0,community,hotpotqa,4771803380,0.2857142857142857,hotpotqa-5ab84f2c55429934fafe6d54,5ab84f2c55429934fafe6d54,551064199,7340032,64,3115634688,91038,24604
-1.8091869354248047,0.800000011920929,2,64,0,0.0,bridge_preserving,hotpotqa,1837208675,0.2857142857142857,hotpotqa-5ab84f2c55429934fafe6d54,5ab84f2c55429934fafe6d54,548309899,7340032,64,3115634688,91038,40728
-1.8680604696273804,0.800000011920929,2,64,0,0.0,combined_structural,hotpotqa,1843361295,0.2857142857142857,hotpotqa-5ab84f2c55429934fafe6d54,5ab84f2c55429934fafe6d54,550788151,7340032,64,3115634688,91038,81101
-1.3314306735992432,0.800000011920929,2,64,0,0.0,oracle_evidence,hotpotqa,4771803380,0.2857142857142857,hotpotqa-5ab84f2c55429934fafe6d54,5ab84f2c55429934fafe6d54,551064199,7340032,64,3115634688,91038,25651
-1.4949355125427246,0.6000000238418579,4,128,0,0.0,base_topk,hotpotqa,2983423094,0.42857142857142855,hotpotqa-5ab84f2c55429934fafe6d54,5ab84f2c55429934fafe6d54,971907762,14680064,128,3115651072,91038,14631
-1.4949355125427246,0.6000000238418579,4,128,0,0.0,budget_tuned_topk,hotpotqa,2983423094,0.42857142857142855,hotpotqa-5ab84f2c55429934fafe6d54,5ab84f2c55429934fafe6d54,971907762,14680064,128,3115651072,91038,39408
-1.4949355125427246,0.6000000238418579,4,128,0,0.0,power_sharpen,hotpotqa,2983423094,0.42857142857142855,hotpotqa-5ab84f2c55429934fafe6d54,5ab84f2c55429934fafe6d54,971907762,14680064,128,3115651072,91038,41371
-1.4949355125427246,0.6000000238418579,4,128,0,0.0,entropy_adaptive_sharpen,hotpotqa,2983423094,0.42857142857142855,hotpotqa-5ab84f2c55429934fafe6d54,5ab84f2c55429934fafe6d54,971907762,14680064,128,3115651072,91038,75736
-0.8577146530151367,0.800000011920929,4,128,0,0.0,persistence,hotpotqa,2380018969,0.2857142857142857,hotpotqa-5ab84f2c55429934fafe6d54,5ab84f2c55429934fafe6d54,974099249,14680064,128,3115651072,91038,15012
-0.44289955496788025,0.800000011920929,4,128,0,0.0,agreement,hotpotqa,2384052491,0.5714285714285714,hotpotqa-5ab84f2c55429934fafe6d54,5ab84f2c55429934fafe6d54,974390803,14680064,128,3115651072,91038,46380
-1.4949355125427246,0.6000000238418579,4,128,0,0.0,community,hotpotqa,2983423094,0.42857142857142855,hotpotqa-5ab84f2c55429934fafe6d54,5ab84f2c55429934fafe6d54,971907762,14680064,128,3115651072,91038,69399
-1.4205411672592163,0.800000011920929,4,128,0,0.0,bridge_preserving,hotpotqa,2388496243,0.5714285714285714,hotpotqa-5ab84f2c55429934fafe6d54,5ab84f2c55429934fafe6d54,980039830,14680064,128,3115651072,91038,44460
-0.8577146530151367,0.800000011920929,4,128,0,0.0,combined_structural,hotpotqa,2380018969,0.2857142857142857,hotpotqa-5ab84f2c55429934fafe6d54,5ab84f2c55429934fafe6d54,974099249,14680064,128,3115651072,91038,99160
-0.44289955496788025,0.800000011920929,4,128,0,0.0,oracle_evidence,hotpotqa,2384052491,0.5714285714285714,hotpotqa-5ab84f2c55429934fafe6d54,5ab84f2c55429934fafe6d54,974390803,14680064,128,3115651072,91038,33270
-0.8298093676567078,0.800000011920929,6,192,0,0.0,base_topk,hotpotqa,3451771123,0.5714285714285714,hotpotqa-5ab84f2c55429934fafe6d54,5ab84f2c55429934fafe6d54,1317172408,22020096,192,3115667456,91038,19670
-0.8298093676567078,0.800000011920929,6,192,0,0.0,budget_tuned_topk,hotpotqa,3451771123,0.5714285714285714,hotpotqa-5ab84f2c55429934fafe6d54,5ab84f2c55429934fafe6d54,1317172408,22020096,192,3115667456,91038,47274
-0.8298093676567078,0.800000011920929,6,192,0,0.0,power_sharpen,hotpotqa,3451771123,0.5714285714285714,hotpotqa-5ab84f2c55429934fafe6d54,5ab84f2c55429934fafe6d54,1317172408,22020096,192,3115667456,91038,47490
-0.8298093676567078,0.800000011920929,6,192,0,0.0,entropy_adaptive_sharpen,hotpotqa,3451771123,0.5714285714285714,hotpotqa-5ab84f2c55429934fafe6d54,5ab84f2c55429934fafe6d54,1317172408,22020096,192,3115667456,91038,87925
-1.0408601760864258,0.6000000238418579,6,192,0,0.0,persistence,hotpotqa,2823771566,0.42857142857142855,hotpotqa-5ab84f2c55429934fafe6d54,5ab84f2c55429934fafe6d54,1304750292,22020096,192,3115667456,91038,17516
-0.8002311587333679,0.800000011920929,6,192,0,0.0,agreement,hotpotqa,2823985950,0.5714285714285714,hotpotqa-5ab84f2c55429934fafe6d54,5ab84f2c55429934fafe6d54,1302964380,22020096,192,3115667456,91038,70048
-0.8298093676567078,0.800000011920929,6,192,0,0.0,community,hotpotqa,3451771123,0.5714285714285714,hotpotqa-5ab84f2c55429934fafe6d54,5ab84f2c55429934fafe6d54,1317172408,22020096,192,3115667456,91038,45602
-1.4182143211364746,0.6000000238418579,6,192,0,0.0,bridge_preserving,hotpotqa,2840979375,0.7142857142857143,hotpotqa-5ab84f2c55429934fafe6d54,5ab84f2c55429934fafe6d54,1318224935,22020096,192,3115667456,91038,30903
-1.055970549583435,0.800000011920929,6,192,0,0.0,combined_structural,hotpotqa,2822739265,0.5714285714285714,hotpotqa-5ab84f2c55429934fafe6d54,5ab84f2c55429934fafe6d54,1302267456,22020096,192,3115667456,91038,126435
-0.4893224239349365,0.800000011920929,6,192,0,0.0,oracle_evidence,hotpotqa,2839561685,0.8571428571428571,hotpotqa-5ab84f2c55429934fafe6d54,5ab84f2c55429934fafe6d54,1318867200,22020096,192,3115667456,91038,73877
-0.626144528388977,1.0,2,64,0,0.0,base_topk,hotpotqa,5517507711,0.2222222222222222,hotpotqa-5ac0fd56554299012d1db679,5ac0fd56554299012d1db679,549547731,7340032,64,3111694336,91038,68441
-0.626144528388977,1.0,2,64,0,0.0,budget_tuned_topk,hotpotqa,5517507711,0.2222222222222222,hotpotqa-5ac0fd56554299012d1db679,5ac0fd56554299012d1db679,549547731,7340032,64,3111694336,91038,68930
-0.626144528388977,1.0,2,64,0,0.0,power_sharpen,hotpotqa,5517507711,0.2222222222222222,hotpotqa-5ac0fd56554299012d1db679,5ac0fd56554299012d1db679,549547731,7340032,64,3111694336,91038,53881
-0.626144528388977,1.0,2,64,0,0.0,entropy_adaptive_sharpen,hotpotqa,5517507711,0.2222222222222222,hotpotqa-5ac0fd56554299012d1db679,5ac0fd56554299012d1db679,549547731,7340032,64,3111694336,91038,101766
-0.626144528388977,1.0,2,64,0,0.0,persistence,hotpotqa,5517507711,0.2222222222222222,hotpotqa-5ac0fd56554299012d1db679,5ac0fd56554299012d1db679,549547731,7340032,64,3111694336,91038,21046
-8.060463905334473,0.0,2,64,0,0.0,agreement,hotpotqa,2607468727,0.2222222222222222,hotpotqa-5ac0fd56554299012d1db679,5ac0fd56554299012d1db679,570481911,7340032,64,3111702528,91038,18076
-0.626144528388977,1.0,2,64,0,0.0,community,hotpotqa,5517507711,0.2222222222222222,hotpotqa-5ac0fd56554299012d1db679,5ac0fd56554299012d1db679,549547731,7340032,64,3111694336,91038,48284
-10.045965194702148,0.0,2,64,0,0.0,bridge_preserving,hotpotqa,2583442090,0.2222222222222222,hotpotqa-5ac0fd56554299012d1db679,5ac0fd56554299012d1db679,549079838,7340032,64,3111702528,91038,39119
-10.045965194702148,0.0,2,64,0,0.0,combined_structural,hotpotqa,2583442090,0.2222222222222222,hotpotqa-5ac0fd56554299012d1db679,5ac0fd56554299012d1db679,549079838,7340032,64,3111702528,91038,124595
-0.626144528388977,1.0,2,64,0,0.0,oracle_evidence,hotpotqa,5517507711,0.2222222222222222,hotpotqa-5ac0fd56554299012d1db679,5ac0fd56554299012d1db679,549547731,7340032,64,3111694336,91038,42301
-0.8406797647476196,1.0,4,128,0,0.0,base_topk,hotpotqa,3737757748,0.4444444444444444,hotpotqa-5ac0fd56554299012d1db679,5ac0fd56554299012d1db679,969432760,14680064,128,3111718912,91038,24238
-0.8406797647476196,1.0,4,128,0,0.0,budget_tuned_topk,hotpotqa,3737757748,0.4444444444444444,hotpotqa-5ac0fd56554299012d1db679,5ac0fd56554299012d1db679,969432760,14680064,128,3111718912,91038,52638
-0.8406797647476196,1.0,4,128,0,0.0,power_sharpen,hotpotqa,3737757748,0.4444444444444444,hotpotqa-5ac0fd56554299012d1db679,5ac0fd56554299012d1db679,969432760,14680064,128,3111718912,91038,55661
-0.8406797647476196,1.0,4,128,0,0.0,entropy_adaptive_sharpen,hotpotqa,3737757748,0.4444444444444444,hotpotqa-5ac0fd56554299012d1db679,5ac0fd56554299012d1db679,969432760,14680064,128,3111718912,91038,105660
-0.5086371898651123,1.0,4,128,0,0.0,persistence,hotpotqa,3134644567,0.3333333333333333,hotpotqa-5ac0fd56554299012d1db679,5ac0fd56554299012d1db679,976169498,14680064,128,3111718912,91038,21248
-0.6518174409866333,1.0,4,128,0,0.0,agreement,hotpotqa,3139186868,0.4444444444444444,hotpotqa-5ac0fd56554299012d1db679,5ac0fd56554299012d1db679,975964996,14680064,128,3111718912,91038,54838
-0.6518174409866333,1.0,4,128,0,0.0,community,hotpotqa,3139186868,0.4444444444444444,hotpotqa-5ac0fd56554299012d1db679,5ac0fd56554299012d1db679,975964996,14680064,128,3111718912,91038,56373
-0.8406797647476196,1.0,4,128,0,0.0,bridge_preserving,hotpotqa,3737757748,0.4444444444444444,hotpotqa-5ac0fd56554299012d1db679,5ac0fd56554299012d1db679,969432760,14680064,128,3111718912,91038,44330
-0.7946279644966125,1.0,4,128,0,0.0,combined_structural,hotpotqa,3132091596,0.3333333333333333,hotpotqa-5ac0fd56554299012d1db679,5ac0fd56554299012d1db679,974602887,14680064,128,3111718912,91038,68491
-0.8406797647476196,1.0,4,128,0,0.0,oracle_evidence,hotpotqa,3737757748,0.4444444444444444,hotpotqa-5ac0fd56554299012d1db679,5ac0fd56554299012d1db679,969432760,14680064,128,3111718912,91038,76875
-0.2711883783340454,1.0,6,192,0,0.0,base_topk,hotpotqa,4210408115,0.6666666666666666,hotpotqa-5ac0fd56554299012d1db679,5ac0fd56554299012d1db679,1319310935,22020096,192,3111735296,91038,28427
-0.2711883783340454,1.0,6,192,0,0.0,budget_tuned_topk,hotpotqa,4210408115,0.6666666666666666,hotpotqa-5ac0fd56554299012d1db679,5ac0fd56554299012d1db679,1319310935,22020096,192,3111735296,91038,64035
-0.2711883783340454,1.0,6,192,0,0.0,power_sharpen,hotpotqa,4210408115,0.6666666666666666,hotpotqa-5ac0fd56554299012d1db679,5ac0fd56554299012d1db679,1319310935,22020096,192,3111735296,91038,76643
-0.2711883783340454,1.0,6,192,0,0.0,entropy_adaptive_sharpen,hotpotqa,4210408115,0.6666666666666666,hotpotqa-5ac0fd56554299012d1db679,5ac0fd56554299012d1db679,1319310935,22020096,192,3111735296,91038,104075
-0.43702784180641174,1.0,6,192,0,0.0,persistence,hotpotqa,3593123534,0.5555555555555556,hotpotqa-5ac0fd56554299012d1db679,5ac0fd56554299012d1db679,1308146362,22020096,192,3111735296,91038,22528
-0.3969942331314087,1.0,6,192,0,0.0,agreement,hotpotqa,3610907750,0.6666666666666666,hotpotqa-5ac0fd56554299012d1db679,5ac0fd56554299012d1db679,1318846635,22020096,192,3111735296,91038,56834
-0.34369155764579773,1.0,6,192,0,0.0,community,hotpotqa,3609686991,0.6666666666666666,hotpotqa-5ac0fd56554299012d1db679,5ac0fd56554299012d1db679,1321988944,22020096,192,3111735296,91038,56143
-0.2711883783340454,1.0,6,192,0,0.0,bridge_preserving,hotpotqa,4210408115,0.6666666666666666,hotpotqa-5ac0fd56554299012d1db679,5ac0fd56554299012d1db679,1319310935,22020096,192,3111735296,91038,75566
-1.160185694694519,1.0,6,192,0,0.0,combined_structural,hotpotqa,3596775440,0.4444444444444444,hotpotqa-5ac0fd56554299012d1db679,5ac0fd56554299012d1db679,1307718565,22020096,192,3111735296,91038,64536
-0.2711883783340454,1.0,6,192,0,0.0,oracle_evidence,hotpotqa,4210408115,0.6666666666666666,hotpotqa-5ac0fd56554299012d1db679,5ac0fd56554299012d1db679,1319310935,22020096,192,3111735296,91038,94081
-6.381695747375488,0.0,2,64,0,0.0,base_topk,hotpotqa,4144592352,0.2,hotpotqa-5ac2d85e55429921a00ab06b,5ac2d85e55429921a00ab06b,550009162,7340032,64,3111833600,91038,38440
-6.381695747375488,0.0,2,64,0,0.0,budget_tuned_topk,hotpotqa,4144592352,0.2,hotpotqa-5ac2d85e55429921a00ab06b,5ac2d85e55429921a00ab06b,550009162,7340032,64,3111833600,91038,63708
-6.381695747375488,0.0,2,64,0,0.0,power_sharpen,hotpotqa,4144592352,0.2,hotpotqa-5ac2d85e55429921a00ab06b,5ac2d85e55429921a00ab06b,550009162,7340032,64,3111833600,91038,70812
-6.381695747375488,0.0,2,64,0,0.0,entropy_adaptive_sharpen,hotpotqa,4144592352,0.2,hotpotqa-5ac2d85e55429921a00ab06b,5ac2d85e55429921a00ab06b,550009162,7340032,64,3111833600,91038,132335
-7.667028903961182,0.0,2,64,0,0.0,persistence,hotpotqa,1127688554,0.2,hotpotqa-5ac2d85e55429921a00ab06b,5ac2d85e55429921a00ab06b,553145038,7340032,64,3111833600,91038,27568
-6.098551273345947,0.0,2,64,0,0.0,agreement,hotpotqa,1124936307,0.2,hotpotqa-5ac2d85e55429921a00ab06b,5ac2d85e55429921a00ab06b,552567129,7340032,64,3111833600,91038,48358
-7.874003887176514,0.0,2,64,0,0.0,community,hotpotqa,1121359296,0.0,hotpotqa-5ac2d85e55429921a00ab06b,5ac2d85e55429921a00ab06b,551051787,7340032,64,3111833600,91038,55832
-6.381695747375488,0.0,2,64,0,0.0,bridge_preserving,hotpotqa,4144592352,0.2,hotpotqa-5ac2d85e55429921a00ab06b,5ac2d85e55429921a00ab06b,550009162,7340032,64,3111833600,91038,91143
-7.2191162109375,0.0,2,64,0,0.0,combined_structural,hotpotqa,1124779048,0.2,hotpotqa-5ac2d85e55429921a00ab06b,5ac2d85e55429921a00ab06b,549556933,7340032,64,3111833600,91038,86518
-6.978652477264404,0.0,2,64,0,0.0,oracle_evidence,hotpotqa,1125717202,0.4,hotpotqa-5ac2d85e55429921a00ab06b,5ac2d85e55429921a00ab06b,550548396,7340032,64,3111833600,91038,51496
-6.70076847076416,0.0,4,128,0,0.0,base_topk,hotpotqa,2147127954,0.2,hotpotqa-5ac2d85e55429921a00ab06b,5ac2d85e55429921a00ab06b,977420818,14680064,128,3111849984,91038,51801
-6.70076847076416,0.0,4,128,0,0.0,budget_tuned_topk,hotpotqa,2147127954,0.2,hotpotqa-5ac2d85e55429921a00ab06b,5ac2d85e55429921a00ab06b,977420818,14680064,128,3111849984,91038,41103
-6.70076847076416,0.0,4,128,0,0.0,power_sharpen,hotpotqa,2147127954,0.2,hotpotqa-5ac2d85e55429921a00ab06b,5ac2d85e55429921a00ab06b,977420818,14680064,128,3111849984,91038,42353
-6.70076847076416,0.0,4,128,0,0.0,entropy_adaptive_sharpen,hotpotqa,2147127954,0.2,hotpotqa-5ac2d85e55429921a00ab06b,5ac2d85e55429921a00ab06b,977420818,14680064,128,3111849984,91038,77603
-3.1593213081359863,0.0,4,128,0,0.0,persistence,hotpotqa,1590506756,0.4,hotpotqa-5ac2d85e55429921a00ab06b,5ac2d85e55429921a00ab06b,972523100,14680064,128,3111849984,91038,14943
-2.1733639240264893,0.0,4,128,0,0.0,agreement,hotpotqa,1610789229,0.4,hotpotqa-5ac2d85e55429921a00ab06b,5ac2d85e55429921a00ab06b,985047234,14680064,128,3111849984,91038,46177
-6.715024948120117,0.0,4,128,0,0.0,community,hotpotqa,1596896395,0.2,hotpotqa-5ac2d85e55429921a00ab06b,5ac2d85e55429921a00ab06b,971698223,14680064,128,3111849984,91038,47018
-6.70076847076416,0.0,4,128,0,0.0,bridge_preserving,hotpotqa,2147127954,0.2,hotpotqa-5ac2d85e55429921a00ab06b,5ac2d85e55429921a00ab06b,977420818,14680064,128,3111849984,91038,75943
-3.1593213081359863,0.0,4,128,0,0.0,combined_structural,hotpotqa,1590506756,0.4,hotpotqa-5ac2d85e55429921a00ab06b,5ac2d85e55429921a00ab06b,972523100,14680064,128,3111849984,91038,72847
-2.59763765335083,0.0,4,128,0,0.0,oracle_evidence,hotpotqa,1600518408,0.8,hotpotqa-5ac2d85e55429921a00ab06b,5ac2d85e55429921a00ab06b,977143941,14680064,128,3111849984,91038,30133
-1.8579696416854858,1.0,6,192,0,0.0,base_topk,hotpotqa,2564384584,0.6,hotpotqa-5ac2d85e55429921a00ab06b,5ac2d85e55429921a00ab06b,1301872524,22020096,192,3111866368,91038,53336
-1.8579696416854858,1.0,6,192,0,0.0,budget_tuned_topk,hotpotqa,2564384584,0.6,hotpotqa-5ac2d85e55429921a00ab06b,5ac2d85e55429921a00ab06b,1301872524,22020096,192,3111866368,91038,50411
-1.8579696416854858,1.0,6,192,0,0.0,power_sharpen,hotpotqa,2564384584,0.6,hotpotqa-5ac2d85e55429921a00ab06b,5ac2d85e55429921a00ab06b,1301872524,22020096,192,3111866368,91038,49162
-1.8579696416854858,1.0,6,192,0,0.0,entropy_adaptive_sharpen,hotpotqa,2564384584,0.6,hotpotqa-5ac2d85e55429921a00ab06b,5ac2d85e55429921a00ab06b,1301872524,22020096,192,3111866368,91038,92976
-3.2793776988983154,0.0,6,192,0,0.0,persistence,hotpotqa,1999574926,0.6,hotpotqa-5ac2d85e55429921a00ab06b,5ac2d85e55429921a00ab06b,1322047505,22020096,192,3111866368,91038,18482
-1.8579696416854858,1.0,6,192,0,0.0,agreement,hotpotqa,2564384584,0.6,hotpotqa-5ac2d85e55429921a00ab06b,5ac2d85e55429921a00ab06b,1301872524,22020096,192,3111866368,91038,55392
-2.3305931091308594,0.0,6,192,0,0.0,community,hotpotqa,1995020049,0.6,hotpotqa-5ac2d85e55429921a00ab06b,5ac2d85e55429921a00ab06b,1319024376,22020096,192,3111866368,91038,24797
-6.53661584854126,0.0,6,192,0,0.0,bridge_preserving,hotpotqa,1995041102,0.6,hotpotqa-5ac2d85e55429921a00ab06b,5ac2d85e55429921a00ab06b,1318005955,22020096,192,3111866368,91038,68677
-2.4556849002838135,0.0,6,192,0,0.0,combined_structural,hotpotqa,1976434615,0.4,hotpotqa-5ac2d85e55429921a00ab06b,5ac2d85e55429921a00ab06b,1301605753,22020096,192,3111866368,91038,99509
-1.564521312713623,1.0,6,192,0,1.0,oracle_evidence,hotpotqa,1976160630,1.0,hotpotqa-5ac2d85e55429921a00ab06b,5ac2d85e55429921a00ab06b,1303715577,22020096,192,3111866368,91038,54192
-3.857248306274414,0.0,2,64,0,0.0,base_topk,hotpotqa,4962757022,0.0,hotpotqa-5ac31456554299741d48a1b4,5ac31456554299741d48a1b4,548461712,7340032,64,3111964672,91038,59623
-3.857248306274414,0.0,2,64,0,0.0,budget_tuned_topk,hotpotqa,4962757022,0.0,hotpotqa-5ac31456554299741d48a1b4,5ac31456554299741d48a1b4,548461712,7340032,64,3111964672,91038,51904
-3.857248306274414,0.0,2,64,0,0.0,power_sharpen,hotpotqa,4962757022,0.0,hotpotqa-5ac31456554299741d48a1b4,5ac31456554299741d48a1b4,548461712,7340032,64,3111964672,91038,55412
-3.857248306274414,0.0,2,64,0,0.0,entropy_adaptive_sharpen,hotpotqa,4962757022,0.0,hotpotqa-5ac31456554299741d48a1b4,5ac31456554299741d48a1b4,548461712,7340032,64,3111964672,91038,103939
-5.951027870178223,0.0,2,64,0,0.0,persistence,hotpotqa,1905798526,0.3333333333333333,hotpotqa-5ac31456554299741d48a1b4,5ac31456554299741d48a1b4,553184185,7340032,64,3111964672,91038,21042
-5.751250743865967,0.0,2,64,0,0.0,agreement,hotpotqa,1907816226,0.3333333333333333,hotpotqa-5ac31456554299741d48a1b4,5ac31456554299741d48a1b4,554075347,7340032,64,3111964672,91038,68756
-3.857248306274414,0.0,2,64,0,0.0,community,hotpotqa,4962757022,0.0,hotpotqa-5ac31456554299741d48a1b4,5ac31456554299741d48a1b4,548461712,7340032,64,3111964672,91038,53999
-7.10867977142334,0.0,2,64,0,0.0,bridge_preserving,hotpotqa,1904713306,0.3333333333333333,hotpotqa-5ac31456554299741d48a1b4,5ac31456554299741d48a1b4,547532511,7340032,64,3111964672,91038,42110
-6.950489044189453,0.0,2,64,0,0.0,combined_structural,hotpotqa,1910840005,0.6666666666666666,hotpotqa-5ac31456554299741d48a1b4,5ac31456554299741d48a1b4,550978786,7340032,64,3111964672,91038,98775
-4.8604655265808105,0.0,2,64,0,0.0,oracle_evidence,hotpotqa,1910937520,0.6666666666666666,hotpotqa-5ac31456554299741d48a1b4,5ac31456554299741d48a1b4,552151158,7340032,64,3111964672,91038,62696
-3.18410587310791,0.0,4,128,0,0.0,base_topk,hotpotqa,2991837623,0.0,hotpotqa-5ac31456554299741d48a1b4,5ac31456554299741d48a1b4,971951298,14680064,128,3111981056,91038,54859
-3.18410587310791,0.0,4,128,0,0.0,budget_tuned_topk,hotpotqa,2991837623,0.0,hotpotqa-5ac31456554299741d48a1b4,5ac31456554299741d48a1b4,971951298,14680064,128,3111981056,91038,62754
-3.18410587310791,0.0,4,128,0,0.0,power_sharpen,hotpotqa,2991837623,0.0,hotpotqa-5ac31456554299741d48a1b4,5ac31456554299741d48a1b4,971951298,14680064,128,3111981056,91038,72044
-3.18410587310791,0.0,4,128,0,0.0,entropy_adaptive_sharpen,hotpotqa,2991837623,0.0,hotpotqa-5ac31456554299741d48a1b4,5ac31456554299741d48a1b4,971951298,14680064,128,3111981056,91038,131014
-6.680361747741699,0.0,4,128,0,0.0,persistence,hotpotqa,2365974941,0.6666666666666666,hotpotqa-5ac31456554299741d48a1b4,5ac31456554299741d48a1b4,969110293,14680064,128,3111981056,91038,28362
-4.93759822845459,0.0,4,128,0,0.0,agreement,hotpotqa,2378345771,0.3333333333333333,hotpotqa-5ac31456554299741d48a1b4,5ac31456554299741d48a1b4,980137088,14680064,128,3111981056,91038,71236
-3.317894458770752,0.0,4,128,0,0.0,community,hotpotqa,2371633928,0.0,hotpotqa-5ac31456554299741d48a1b4,5ac31456554299741d48a1b4,972767988,14680064,128,3111981056,91038,49786
-4.741048812866211,0.0,4,128,0,0.0,bridge_preserving,hotpotqa,2382493836,0.3333333333333333,hotpotqa-5ac31456554299741d48a1b4,5ac31456554299741d48a1b4,982512207,14680064,128,3111981056,91038,79427
-6.680361747741699,0.0,4,128,0,0.0,combined_structural,hotpotqa,2365974941,0.6666666666666666,hotpotqa-5ac31456554299741d48a1b4,5ac31456554299741d48a1b4,969110293,14680064,128,3111981056,91038,121116
-6.542743682861328,0.0,4,128,0,1.0,oracle_evidence,hotpotqa,2381233262,1.0,hotpotqa-5ac31456554299741d48a1b4,5ac31456554299741d48a1b4,979899652,14680064,128,3111981056,91038,42910
-3.9115288257598877,0.0,6,192,0,0.0,base_topk,hotpotqa,3388567860,0.0,hotpotqa-5ac31456554299741d48a1b4,5ac31456554299741d48a1b4,1304687067,22020096,192,3111997440,91038,45324
-3.9115288257598877,0.0,6,192,0,0.0,budget_tuned_topk,hotpotqa,3388567860,0.0,hotpotqa-5ac31456554299741d48a1b4,5ac31456554299741d48a1b4,1304687067,22020096,192,3111997440,91038,66178
-3.9115288257598877,0.0,6,192,0,0.0,power_sharpen,hotpotqa,3388567860,0.0,hotpotqa-5ac31456554299741d48a1b4,5ac31456554299741d48a1b4,1304687067,22020096,192,3111997440,91038,70874
-3.9115288257598877,0.0,6,192,0,0.0,entropy_adaptive_sharpen,hotpotqa,3388567860,0.0,hotpotqa-5ac31456554299741d48a1b4,5ac31456554299741d48a1b4,1304687067,22020096,192,3111997440,91038,133246
-5.920794486999512,0.0,6,192,0,1.0,persistence,hotpotqa,2770890600,1.0,hotpotqa-5ac31456554299741d48a1b4,5ac31456554299741d48a1b4,1321189876,22020096,192,3111997440,91038,29003
-5.301192760467529,0.0,6,192,0,0.0,agreement,hotpotqa,2759327584,0.6666666666666666,hotpotqa-5ac31456554299741d48a1b4,5ac31456554299741d48a1b4,1314084959,22020096,192,3111997440,91038,44401
-3.9115288257598877,0.0,6,192,0,0.0,community,hotpotqa,3388567860,0.0,hotpotqa-5ac31456554299741d48a1b4,5ac31456554299741d48a1b4,1304687067,22020096,192,3111997440,91038,58345
-4.5379862785339355,0.0,6,192,0,0.0,bridge_preserving,hotpotqa,2767974919,0.6666666666666666,hotpotqa-5ac31456554299741d48a1b4,5ac31456554299741d48a1b4,1316529379,22020096,192,3111997440,91038,47474
-5.920794486999512,0.0,6,192,0,1.0,combined_structural,hotpotqa,2770890600,1.0,hotpotqa-5ac31456554299741d48a1b4,5ac31456554299741d48a1b4,1321189876,22020096,192,3111997440,91038,95762
-5.330358505249023,0.0,6,192,0,1.0,oracle_evidence,hotpotqa,2753547565,1.0,hotpotqa-5ac31456554299741d48a1b4,5ac31456554299741d48a1b4,1300753817,22020096,192,3111997440,91038,31684
-6.851851463317871,0.25,2,64,0,0.0,base_topk,hotpotqa,1120535908,0.16666666666666666,hotpotqa-5adf490a5542993a75d26488,5adf490a5542993a75d26488,550872958,7340032,64,3116191744,91038,102467
-6.851851463317871,0.25,2,64,0,0.0,budget_tuned_topk,hotpotqa,1120535908,0.16666666666666666,hotpotqa-5adf490a5542993a75d26488,5adf490a5542993a75d26488,550872958,7340032,64,3116191744,91038,44760
-6.851851463317871,0.25,2,64,0,0.0,power_sharpen,hotpotqa,1120535908,0.16666666666666666,hotpotqa-5adf490a5542993a75d26488,5adf490a5542993a75d26488,550872958,7340032,64,3116191744,91038,44615
-6.851851463317871,0.25,2,64,0,0.0,entropy_adaptive_sharpen,hotpotqa,1120535908,0.16666666666666666,hotpotqa-5adf490a5542993a75d26488,5adf490a5542993a75d26488,550872958,7340032,64,3116191744,91038,82174
-6.760846138000488,0.25,2,64,0,0.0,persistence,hotpotqa,1160965988,0.16666666666666666,hotpotqa-5adf490a5542993a75d26488,5adf490a5542993a75d26488,584609946,7340032,64,3116191744,91038,15700
-6.851851463317871,0.25,2,64,0,0.0,agreement,hotpotqa,1120535908,0.16666666666666666,hotpotqa-5adf490a5542993a75d26488,5adf490a5542993a75d26488,550872958,7340032,64,3116191744,91038,48161
-6.851851463317871,0.25,2,64,0,0.0,community,hotpotqa,1120535908,0.16666666666666666,hotpotqa-5adf490a5542993a75d26488,5adf490a5542993a75d26488,550872958,7340032,64,3116191744,91038,17814
-2.591076135635376,0.75,2,64,0,0.0,bridge_preserving,hotpotqa,1169246087,0.3333333333333333,hotpotqa-5adf490a5542993a75d26488,5adf490a5542993a75d26488,592695731,7340032,64,3116191744,91038,30267
-6.760846138000488,0.25,2,64,0,0.0,combined_structural,hotpotqa,1160965988,0.16666666666666666,hotpotqa-5adf490a5542993a75d26488,5adf490a5542993a75d26488,584609946,7340032,64,3116191744,91038,95032
-7.660883903503418,0.0,2,64,0,0.0,oracle_evidence,hotpotqa,1176406212,0.3333333333333333,hotpotqa-5adf490a5542993a75d26488,5adf490a5542993a75d26488,607310212,7340032,64,3116191744,91038,35257
-7.629783630371094,0.0,4,128,0,0.0,base_topk,hotpotqa,1609162020,0.3333333333333333,hotpotqa-5adf490a5542993a75d26488,5adf490a5542993a75d26488,981497895,14680064,128,3116191744,91038,55213
-7.629783630371094,0.0,4,128,0,0.0,budget_tuned_topk,hotpotqa,1609162020,0.3333333333333333,hotpotqa-5adf490a5542993a75d26488,5adf490a5542993a75d26488,981497895,14680064,128,3116191744,91038,62645
-7.629783630371094,0.0,4,128,0,0.0,power_sharpen,hotpotqa,1609162020,0.3333333333333333,hotpotqa-5adf490a5542993a75d26488,5adf490a5542993a75d26488,981497895,14680064,128,3116191744,91038,76560
-7.629783630371094,0.0,4,128,0,0.0,entropy_adaptive_sharpen,hotpotqa,1609162020,0.3333333333333333,hotpotqa-5adf490a5542993a75d26488,5adf490a5542993a75d26488,981497895,14680064,128,3116191744,91038,103660
-7.045350074768066,0.25,4,128,0,0.0,persistence,hotpotqa,1603243822,0.3333333333333333,hotpotqa-5adf490a5542993a75d26488,5adf490a5542993a75d26488,979175326,14680064,128,3116191744,91038,20924
-7.831448554992676,0.0,4,128,0,0.0,agreement,hotpotqa,1596198594,0.3333333333333333,hotpotqa-5adf490a5542993a75d26488,5adf490a5542993a75d26488,971492219,14680064,128,3116191744,91038,68750
-7.629783630371094,0.0,4,128,0,0.0,community,hotpotqa,1609162020,0.3333333333333333,hotpotqa-5adf490a5542993a75d26488,5adf490a5542993a75d26488,981497895,14680064,128,3116191744,91038,59024
-1.918742299079895,0.75,4,128,0,0.0,bridge_preserving,hotpotqa,1605713816,0.5,hotpotqa-5adf490a5542993a75d26488,5adf490a5542993a75d26488,978840822,14680064,128,3116191744,91038,44875
-7.045350074768066,0.25,4,128,0,0.0,combined_structural,hotpotqa,1603243822,0.3333333333333333,hotpotqa-5adf490a5542993a75d26488,5adf490a5542993a75d26488,979175326,14680064,128,3116191744,91038,104867
-1.9367395639419556,0.75,4,128,0,0.0,oracle_evidence,hotpotqa,1596955947,0.6666666666666666,hotpotqa-5adf490a5542993a75d26488,5adf490a5542993a75d26488,972744488,14680064,128,3116191744,91038,32842
-1.9555416107177734,0.75,6,192,0,0.0,base_topk,hotpotqa,1998621198,0.5,hotpotqa-5adf490a5542993a75d26488,5adf490a5542993a75d26488,1319338733,22020096,192,3116191744,91038,61302
-1.9555416107177734,0.75,6,192,0,0.0,budget_tuned_topk,hotpotqa,1998621198,0.5,hotpotqa-5adf490a5542993a75d26488,5adf490a5542993a75d26488,1319338733,22020096,192,3116191744,91038,64043
-1.9555416107177734,0.75,6,192,0,0.0,power_sharpen,hotpotqa,1998621198,0.5,hotpotqa-5adf490a5542993a75d26488,5adf490a5542993a75d26488,1319338733,22020096,192,3116191744,91038,73196
-1.9555416107177734,0.75,6,192,0,0.0,entropy_adaptive_sharpen,hotpotqa,1998621198,0.5,hotpotqa-5adf490a5542993a75d26488,5adf490a5542993a75d26488,1319338733,22020096,192,3116191744,91038,138669
-6.824131011962891,0.25,6,192,0,0.0,persistence,hotpotqa,1986920360,0.5,hotpotqa-5adf490a5542993a75d26488,5adf490a5542993a75d26488,1310255438,22020096,192,3116191744,91038,22282
-7.870701789855957,0.0,6,192,0,0.0,agreement,hotpotqa,1990957670,0.3333333333333333,hotpotqa-5adf490a5542993a75d26488,5adf490a5542993a75d26488,1311721172,22020096,192,3116191744,91038,58687
-7.854399681091309,0.0,6,192,0,0.0,community,hotpotqa,1999217679,0.3333333333333333,hotpotqa-5adf490a5542993a75d26488,5adf490a5542993a75d26488,1320466796,22020096,192,3116191744,91038,55458
-1.9555416107177734,0.75,6,192,0,0.0,bridge_preserving,hotpotqa,1998621198,0.5,hotpotqa-5adf490a5542993a75d26488,5adf490a5542993a75d26488,1319338733,22020096,192,3116191744,91038,76936
-2.4892983436584473,0.75,6,192,0,0.0,combined_structural,hotpotqa,1986261001,0.5,hotpotqa-5adf490a5542993a75d26488,5adf490a5542993a75d26488,1307733058,22020096,192,3116191744,91038,73381
-2.7380733489990234,0.75,6,192,0,1.0,oracle_evidence,hotpotqa,1985999649,1.0,hotpotqa-5adf490a5542993a75d26488,5adf490a5542993a75d26488,1311625416,22020096,192,3116191744,91038,67571
-1.8912560939788818,0.6666666865348816,2,64,0,0.0,base_topk,hotpotqa,4179120608,0.25,hotpotqa-5ae1c2d8554299234fd042ee,5ae1c2d8554299234fd042ee,547371890,7340032,64,3116290048,91038,76103
-1.8912560939788818,0.6666666865348816,2,64,0,0.0,budget_tuned_topk,hotpotqa,4179120608,0.25,hotpotqa-5ae1c2d8554299234fd042ee,5ae1c2d8554299234fd042ee,547371890,7340032,64,3116290048,91038,85240
-1.8912560939788818,0.6666666865348816,2,64,0,0.0,power_sharpen,hotpotqa,4179120608,0.25,hotpotqa-5ae1c2d8554299234fd042ee,5ae1c2d8554299234fd042ee,547371890,7340032,64,3116290048,91038,77525
-1.8912560939788818,0.6666666865348816,2,64,0,0.0,entropy_adaptive_sharpen,hotpotqa,4179120608,0.25,hotpotqa-5ae1c2d8554299234fd042ee,5ae1c2d8554299234fd042ee,547371890,7340032,64,3116290048,91038,153855
-2.1271355152130127,0.6666666865348816,2,64,0,0.0,persistence,hotpotqa,1070943906,0.25,hotpotqa-5ae1c2d8554299234fd042ee,5ae1c2d8554299234fd042ee,549576634,7340032,64,3116290048,91038,26573
-1.8114738464355469,0.6666666865348816,2,64,0,0.0,agreement,hotpotqa,1062254987,0.25,hotpotqa-5ae1c2d8554299234fd042ee,5ae1c2d8554299234fd042ee,551543483,7340032,64,3116290048,91038,68468
-1.8912560939788818,0.6666666865348816,2,64,0,0.0,community,hotpotqa,4179120608,0.25,hotpotqa-5ae1c2d8554299234fd042ee,5ae1c2d8554299234fd042ee,547371890,7340032,64,3116290048,91038,55363
-1.7460155487060547,0.6666666865348816,2,64,0,0.0,bridge_preserving,hotpotqa,934244833,0.25,hotpotqa-5ae1c2d8554299234fd042ee,5ae1c2d8554299234fd042ee,477283493,7340032,64,3116290048,91038,42682
-2.1271355152130127,0.6666666865348816,2,64,0,0.0,combined_structural,hotpotqa,1070943906,0.25,hotpotqa-5ae1c2d8554299234fd042ee,5ae1c2d8554299234fd042ee,549576634,7340032,64,3116290048,91038,116512
-1.8912560939788818,0.6666666865348816,2,64,0,0.0,oracle_evidence,hotpotqa,4179120608,0.25,hotpotqa-5ae1c2d8554299234fd042ee,5ae1c2d8554299234fd042ee,547371890,7340032,64,3116290048,91038,33149
-1.8443797826766968,0.6666666865348816,4,128,0,0.0,base_topk,hotpotqa,2127331762,0.375,hotpotqa-5ae1c2d8554299234fd042ee,5ae1c2d8554299234fd042ee,962419704,14680064,128,3116306432,91038,19071
-1.8443797826766968,0.6666666865348816,4,128,0,0.0,budget_tuned_topk,hotpotqa,2127331762,0.375,hotpotqa-5ae1c2d8554299234fd042ee,5ae1c2d8554299234fd042ee,962419704,14680064,128,3116306432,91038,45725
-1.8443797826766968,0.6666666865348816,4,128,0,0.0,power_sharpen,hotpotqa,2127331762,0.375,hotpotqa-5ae1c2d8554299234fd042ee,5ae1c2d8554299234fd042ee,962419704,14680064,128,3116306432,91038,45950
-1.8443797826766968,0.6666666865348816,4,128,0,0.0,entropy_adaptive_sharpen,hotpotqa,2127331762,0.375,hotpotqa-5ae1c2d8554299234fd042ee,5ae1c2d8554299234fd042ee,962419704,14680064,128,3116306432,91038,87269
-2.260448455810547,0.6666666865348816,4,128,0,0.0,persistence,hotpotqa,1514497911,0.5,hotpotqa-5ae1c2d8554299234fd042ee,5ae1c2d8554299234fd042ee,971987062,14680064,128,3116306432,91038,17359
-1.9601835012435913,0.6666666865348816,4,128,0,0.0,agreement,hotpotqa,1504245619,0.375,hotpotqa-5ae1c2d8554299234fd042ee,5ae1c2d8554299234fd042ee,965214775,14680064,128,3116306432,91038,67604
-1.9638986587524414,0.6666666865348816,4,128,0,0.0,community,hotpotqa,1509838899,0.5,hotpotqa-5ae1c2d8554299234fd042ee,5ae1c2d8554299234fd042ee,981410381,14680064,128,3116306432,91038,71242
-1.8443797826766968,0.6666666865348816,4,128,0,0.0,bridge_preserving,hotpotqa,2127331762,0.375,hotpotqa-5ae1c2d8554299234fd042ee,5ae1c2d8554299234fd042ee,962419704,14680064,128,3116306432,91038,78873
-2.260448455810547,0.6666666865348816,4,128,0,0.0,combined_structural,hotpotqa,1514497911,0.5,hotpotqa-5ae1c2d8554299234fd042ee,5ae1c2d8554299234fd042ee,971987062,14680064,128,3116306432,91038,69098
-1.9638986587524414,0.6666666865348816,4,128,0,0.0,oracle_evidence,hotpotqa,1509838899,0.5,hotpotqa-5ae1c2d8554299234fd042ee,5ae1c2d8554299234fd042ee,981410381,14680064,128,3116306432,91038,29423
-1.939149260520935,0.6666666865348816,6,192,0,0.0,base_topk,hotpotqa,2234875829,0.5,hotpotqa-5ae1c2d8554299234fd042ee,5ae1c2d8554299234fd042ee,1055652114,22020096,192,3116322816,91038,18045
-1.939149260520935,0.6666666865348816,6,192,0,0.0,budget_tuned_topk,hotpotqa,2234875829,0.5,hotpotqa-5ae1c2d8554299234fd042ee,5ae1c2d8554299234fd042ee,1055652114,22020096,192,3116322816,91038,64294
-1.939149260520935,0.6666666865348816,6,192,0,0.0,power_sharpen,hotpotqa,2234875829,0.5,hotpotqa-5ae1c2d8554299234fd042ee,5ae1c2d8554299234fd042ee,1055652114,22020096,192,3116322816,91038,70666
-1.939149260520935,0.6666666865348816,6,192,0,0.0,entropy_adaptive_sharpen,hotpotqa,2234875829,0.5,hotpotqa-5ae1c2d8554299234fd042ee,5ae1c2d8554299234fd042ee,1055652114,22020096,192,3116322816,91038,149139
-2.1076836585998535,0.6666666865348816,6,192,0,0.0,persistence,hotpotqa,1521437911,0.625,hotpotqa-5ae1c2d8554299234fd042ee,5ae1c2d8554299234fd042ee,1056478121,22020096,192,3116322816,91038,29354
-1.9989352226257324,0.6666666865348816,6,192,0,0.0,agreement,hotpotqa,1532128754,0.5,hotpotqa-5ae1c2d8554299234fd042ee,5ae1c2d8554299234fd042ee,1055483569,22020096,192,3116322816,91038,60094
-1.97879159450531,0.6666666865348816,6,192,0,0.0,community,hotpotqa,1523114885,0.625,hotpotqa-5ae1c2d8554299234fd042ee,5ae1c2d8554299234fd042ee,1056022953,22020096,192,3116322816,91038,49840
-2.1076836585998535,0.6666666865348816,6,192,0,0.0,bridge_preserving,hotpotqa,1521437911,0.625,hotpotqa-5ae1c2d8554299234fd042ee,5ae1c2d8554299234fd042ee,1056478121,22020096,192,3116322816,91038,76404
-2.1076836585998535,0.6666666865348816,6,192,0,0.0,combined_structural,hotpotqa,1521437911,0.625,hotpotqa-5ae1c2d8554299234fd042ee,5ae1c2d8554299234fd042ee,1056478121,22020096,192,3116322816,91038,72751
-1.9989174604415894,0.6666666865348816,6,192,0,0.0,oracle_evidence,hotpotqa,1512662888,0.75,hotpotqa-5ae1c2d8554299234fd042ee,5ae1c2d8554299234fd042ee,1057567587,22020096,192,3116322816,91038,30575
-0.6225167512893677,0.800000011920929,2,64,0,0.0,base_topk,hotpotqa,4177606610,0.25,hotpotqa-5ae3287f5542991a06ce993b,5ae3287f5542991a06ce993b,483111203,7340032,64,3116421120,91038,65018
-0.6225167512893677,0.800000011920929,2,64,0,0.0,budget_tuned_topk,hotpotqa,4177606610,0.25,hotpotqa-5ae3287f5542991a06ce993b,5ae3287f5542991a06ce993b,483111203,7340032,64,3116421120,91038,61463
-0.6225167512893677,0.800000011920929,2,64,0,0.0,power_sharpen,hotpotqa,4177606610,0.25,hotpotqa-5ae3287f5542991a06ce993b,5ae3287f5542991a06ce993b,483111203,7340032,64,3116421120,91038,71285
-0.6225167512893677,0.800000011920929,2,64,0,0.0,entropy_adaptive_sharpen,hotpotqa,4177606610,0.25,hotpotqa-5ae3287f5542991a06ce993b,5ae3287f5542991a06ce993b,483111203,7340032,64,3116421120,91038,138316
-0.6225167512893677,0.800000011920929,2,64,0,0.0,persistence,hotpotqa,4177606610,0.25,hotpotqa-5ae3287f5542991a06ce993b,5ae3287f5542991a06ce993b,483111203,7340032,64,3116421120,91038,28786
-0.9204034805297852,0.6000000238418579,2,64,0,0.0,agreement,hotpotqa,1149398119,0.25,hotpotqa-5ae3287f5542991a06ce993b,5ae3287f5542991a06ce993b,549747369,7340032,64,3116421120,91038,24615
-0.6225167512893677,0.800000011920929,2,64,0,0.0,community,hotpotqa,4177606610,0.25,hotpotqa-5ae3287f5542991a06ce993b,5ae3287f5542991a06ce993b,483111203,7340032,64,3116421120,91038,57493
-0.6166486144065857,0.800000011920929,2,64,0,0.0,bridge_preserving,hotpotqa,1155571878,0.125,hotpotqa-5ae3287f5542991a06ce993b,5ae3287f5542991a06ce993b,550466163,7340032,64,3116421120,91038,43174
-0.7577434778213501,0.800000011920929,2,64,0,0.0,combined_structural,hotpotqa,1155307248,0.125,hotpotqa-5ae3287f5542991a06ce993b,5ae3287f5542991a06ce993b,549243762,7340032,64,3116421120,91038,80036
-0.6225167512893677,0.800000011920929,2,64,0,0.0,oracle_evidence,hotpotqa,4177606610,0.25,hotpotqa-5ae3287f5542991a06ce993b,5ae3287f5542991a06ce993b,483111203,7340032,64,3116421120,91038,83658
-0.35510334372520447,0.800000011920929,4,128,0,0.0,base_topk,hotpotqa,2272085854,0.375,hotpotqa-5ae3287f5542991a06ce993b,5ae3287f5542991a06ce993b,982944866,14680064,128,3116437504,91038,23194
-0.35510334372520447,0.800000011920929,4,128,0,0.0,budget_tuned_topk,hotpotqa,2272085854,0.375,hotpotqa-5ae3287f5542991a06ce993b,5ae3287f5542991a06ce993b,982944866,14680064,128,3116437504,91038,63890
-0.35510334372520447,0.800000011920929,4,128,0,0.0,power_sharpen,hotpotqa,2272085854,0.375,hotpotqa-5ae3287f5542991a06ce993b,5ae3287f5542991a06ce993b,982944866,14680064,128,3116437504,91038,71021
-0.35510334372520447,0.800000011920929,4,128,0,0.0,entropy_adaptive_sharpen,hotpotqa,2272085854,0.375,hotpotqa-5ae3287f5542991a06ce993b,5ae3287f5542991a06ce993b,982944866,14680064,128,3116437504,91038,132197
-0.6259734034538269,0.800000011920929,4,128,0,0.0,persistence,hotpotqa,1626794088,0.5,hotpotqa-5ae3287f5542991a06ce993b,5ae3287f5542991a06ce993b,973598936,14680064,128,3116437504,91038,27664
-0.4087490737438202,0.800000011920929,4,128,0,0.0,agreement,hotpotqa,1632157198,0.375,hotpotqa-5ae3287f5542991a06ce993b,5ae3287f5542991a06ce993b,976599773,14680064,128,3116437504,91038,47219
-0.35510334372520447,0.800000011920929,4,128,0,0.0,community,hotpotqa,2272085854,0.375,hotpotqa-5ae3287f5542991a06ce993b,5ae3287f5542991a06ce993b,982944866,14680064,128,3116437504,91038,53358
-0.16976822912693024,1.0,4,128,0,0.0,bridge_preserving,hotpotqa,1632208574,0.375,hotpotqa-5ae3287f5542991a06ce993b,5ae3287f5542991a06ce993b,980972967,14680064,128,3116437504,91038,42258
-0.6397921442985535,0.800000011920929,4,128,0,0.0,combined_structural,hotpotqa,1621677988,0.375,hotpotqa-5ae3287f5542991a06ce993b,5ae3287f5542991a06ce993b,974692021,14680064,128,3116437504,91038,124329
-0.12614481151103973,1.0,4,128,0,0.0,oracle_evidence,hotpotqa,1625752099,0.5,hotpotqa-5ae3287f5542991a06ce993b,5ae3287f5542991a06ce993b,977328059,14680064,128,3116437504,91038,56565
-0.5346294045448303,0.800000011920929,6,192,0,0.0,base_topk,hotpotqa,2408297795,0.625,hotpotqa-5ae3287f5542991a06ce993b,5ae3287f5542991a06ce993b,1053894336,22020096,192,3116453888,91038,42939
-0.5346294045448303,0.800000011920929,6,192,0,0.0,budget_tuned_topk,hotpotqa,2408297795,0.625,hotpotqa-5ae3287f5542991a06ce993b,5ae3287f5542991a06ce993b,1053894336,22020096,192,3116453888,91038,46006
-0.5346294045448303,0.800000011920929,6,192,0,0.0,power_sharpen,hotpotqa,2408297795,0.625,hotpotqa-5ae3287f5542991a06ce993b,5ae3287f5542991a06ce993b,1053894336,22020096,192,3116453888,91038,45232
-0.5346294045448303,0.800000011920929,6,192,0,0.0,entropy_adaptive_sharpen,hotpotqa,2408297795,0.625,hotpotqa-5ae3287f5542991a06ce993b,5ae3287f5542991a06ce993b,1053894336,22020096,192,3116453888,91038,88786
-0.7448135018348694,0.800000011920929,6,192,0,0.0,persistence,hotpotqa,2034030295,0.625,hotpotqa-5ae3287f5542991a06ce993b,5ae3287f5542991a06ce993b,1322684011,22020096,192,3116453888,91038,16916
-0.5346294045448303,0.800000011920929,6,192,0,0.0,agreement,hotpotqa,2408297795,0.625,hotpotqa-5ae3287f5542991a06ce993b,5ae3287f5542991a06ce993b,1053894336,22020096,192,3116453888,91038,64964
-0.5346294045448303,0.800000011920929,6,192,0,0.0,community,hotpotqa,2408297795,0.625,hotpotqa-5ae3287f5542991a06ce993b,5ae3287f5542991a06ce993b,1053894336,22020096,192,3116453888,91038,78431
-0.340916246175766,0.800000011920929,6,192,0,0.0,bridge_preserving,hotpotqa,2025890890,0.375,hotpotqa-5ae3287f5542991a06ce993b,5ae3287f5542991a06ce993b,1314007283,22020096,192,3116453888,91038,51587
-0.7309044003486633,0.800000011920929,6,192,0,0.0,combined_structural,hotpotqa,2002056021,0.625,hotpotqa-5ae3287f5542991a06ce993b,5ae3287f5542991a06ce993b,1293861968,22020096,192,3116453888,91038,120046
-0.3645232319831848,0.800000011920929,6,192,0,0.0,oracle_evidence,hotpotqa,2029430547,0.75,hotpotqa-5ae3287f5542991a06ce993b,5ae3287f5542991a06ce993b,1314562348,22020096,192,3116453888,91038,63723
-0.03866525739431381,1.0,2,64,0,0.0,base_topk,hotpotqa,4380417379,0.16666666666666666,hotpotqa-5ae573b25542990ba0bbb2b4,5ae573b25542990ba0bbb2b4,550451308,7340032,64,3116552192,91038,69224
-0.03866525739431381,1.0,2,64,0,0.0,budget_tuned_topk,hotpotqa,4380417379,0.16666666666666666,hotpotqa-5ae573b25542990ba0bbb2b4,5ae573b25542990ba0bbb2b4,550451308,7340032,64,3116552192,91038,44164
-0.03866525739431381,1.0,2,64,0,0.0,power_sharpen,hotpotqa,4380417379,0.16666666666666666,hotpotqa-5ae573b25542990ba0bbb2b4,5ae573b25542990ba0bbb2b4,550451308,7340032,64,3116552192,91038,44727
-0.03866525739431381,1.0,2,64,0,0.0,entropy_adaptive_sharpen,hotpotqa,4380417379,0.16666666666666666,hotpotqa-5ae573b25542990ba0bbb2b4,5ae573b25542990ba0bbb2b4,550451308,7340032,64,3116552192,91038,85305
-4.9944682121276855,0.5,2,64,0,0.0,persistence,hotpotqa,1266650157,0.16666666666666666,hotpotqa-5ae573b25542990ba0bbb2b4,5ae573b25542990ba0bbb2b4,561751730,7340032,64,3116552192,91038,16934
-0.03866525739431381,1.0,2,64,0,0.0,agreement,hotpotqa,4380417379,0.16666666666666666,hotpotqa-5ae573b25542990ba0bbb2b4,5ae573b25542990ba0bbb2b4,550451308,7340032,64,3116552192,91038,65664
-4.120108127593994,0.5,2,64,0,0.0,community,hotpotqa,1261581207,0.0,hotpotqa-5ae573b25542990ba0bbb2b4,5ae573b25542990ba0bbb2b4,553958989,7340032,64,3116552192,91038,31230
-0.03866525739431381,1.0,2,64,0,0.0,bridge_preserving,hotpotqa,4380417379,0.16666666666666666,hotpotqa-5ae573b25542990ba0bbb2b4,5ae573b25542990ba0bbb2b4,550451308,7340032,64,3116552192,91038,84302
-3.7234549522399902,0.5,2,64,0,0.0,combined_structural,hotpotqa,1254998076,0.3333333333333333,hotpotqa-5ae573b25542990ba0bbb2b4,5ae573b25542990ba0bbb2b4,549811719,7340032,64,3116552192,91038,83341
-0.04113972932100296,1.0,2,64,0,0.0,oracle_evidence,hotpotqa,1255935616,0.3333333333333333,hotpotqa-5ae573b25542990ba0bbb2b4,5ae573b25542990ba0bbb2b4,549883275,7340032,64,3116552192,91038,69129
-0.39465829730033875,0.75,4,128,0,0.0,base_topk,hotpotqa,2360655410,0.16666666666666666,hotpotqa-5ae573b25542990ba0bbb2b4,5ae573b25542990ba0bbb2b4,978949071,14680064,128,3116568576,91038,51162
-0.39465829730033875,0.75,4,128,0,0.0,budget_tuned_topk,hotpotqa,2360655410,0.16666666666666666,hotpotqa-5ae573b25542990ba0bbb2b4,5ae573b25542990ba0bbb2b4,978949071,14680064,128,3116568576,91038,50834
-0.39465829730033875,0.75,4,128,0,0.0,power_sharpen,hotpotqa,2360655410,0.16666666666666666,hotpotqa-5ae573b25542990ba0bbb2b4,5ae573b25542990ba0bbb2b4,978949071,14680064,128,3116568576,91038,55902
-0.39465829730033875,0.75,4,128,0,0.0,entropy_adaptive_sharpen,hotpotqa,2360655410,0.16666666666666666,hotpotqa-5ae573b25542990ba0bbb2b4,5ae573b25542990ba0bbb2b4,978949071,14680064,128,3116568576,91038,104309
-3.9914817810058594,0.5,4,128,0,0.0,persistence,hotpotqa,1713107969,0.3333333333333333,hotpotqa-5ae573b25542990ba0bbb2b4,5ae573b25542990ba0bbb2b4,974699304,14680064,128,3116568576,91038,21591
-0.03167974203824997,1.0,4,128,0,0.0,agreement,hotpotqa,1719031612,0.3333333333333333,hotpotqa-5ae573b25542990ba0bbb2b4,5ae573b25542990ba0bbb2b4,969244241,14680064,128,3116568576,91038,50760
-3.812279462814331,0.5,4,128,0,0.0,community,hotpotqa,1728674431,0.0,hotpotqa-5ae573b25542990ba0bbb2b4,5ae573b25542990ba0bbb2b4,978631614,14680064,128,3116568576,91038,56972
-0.39465829730033875,0.75,4,128,0,0.0,bridge_preserving,hotpotqa,2360655410,0.16666666666666666,hotpotqa-5ae573b25542990ba0bbb2b4,5ae573b25542990ba0bbb2b4,978949071,14680064,128,3116568576,91038,95189
-2.267280101776123,0.75,4,128,0,0.0,combined_structural,hotpotqa,1712235230,0.5,hotpotqa-5ae573b25542990ba0bbb2b4,5ae573b25542990ba0bbb2b4,974773376,14680064,128,3116568576,91038,87367
-0.03441719710826874,1.0,4,128,0,0.0,oracle_evidence,hotpotqa,1713299205,0.6666666666666666,hotpotqa-5ae573b25542990ba0bbb2b4,5ae573b25542990ba0bbb2b4,964418066,14680064,128,3116568576,91038,60214
-0.08815137296915054,1.0,6,192,0,0.0,base_topk,hotpotqa,2732209940,0.3333333333333333,hotpotqa-5ae573b25542990ba0bbb2b4,5ae573b25542990ba0bbb2b4,1313517959,22020096,192,3116584960,91038,52642
-0.08815137296915054,1.0,6,192,0,0.0,budget_tuned_topk,hotpotqa,2732209940,0.3333333333333333,hotpotqa-5ae573b25542990ba0bbb2b4,5ae573b25542990ba0bbb2b4,1313517959,22020096,192,3116584960,91038,62753
-0.08815137296915054,1.0,6,192,0,0.0,power_sharpen,hotpotqa,2732209940,0.3333333333333333,hotpotqa-5ae573b25542990ba0bbb2b4,5ae573b25542990ba0bbb2b4,1313517959,22020096,192,3116584960,91038,69444
-0.08815137296915054,1.0,6,192,0,0.0,entropy_adaptive_sharpen,hotpotqa,2732209940,0.3333333333333333,hotpotqa-5ae573b25542990ba0bbb2b4,5ae573b25542990ba0bbb2b4,1313517959,22020096,192,3116584960,91038,130828
-2.187380075454712,0.75,6,192,0,0.0,persistence,hotpotqa,2116428762,0.5,hotpotqa-5ae573b25542990ba0bbb2b4,5ae573b25542990ba0bbb2b4,1317833906,22020096,192,3116584960,91038,27303
-0.08815137296915054,1.0,6,192,0,0.0,agreement,hotpotqa,2732209940,0.3333333333333333,hotpotqa-5ae573b25542990ba0bbb2b4,5ae573b25542990ba0bbb2b4,1313517959,22020096,192,3116584960,91038,48211
-0.08815137296915054,1.0,6,192,0,0.0,community,hotpotqa,2732209940,0.3333333333333333,hotpotqa-5ae573b25542990ba0bbb2b4,5ae573b25542990ba0bbb2b4,1313517959,22020096,192,3116584960,91038,20775
-0.06417487561702728,1.0,6,192,0,0.0,bridge_preserving,hotpotqa,2100264768,0.3333333333333333,hotpotqa-5ae573b25542990ba0bbb2b4,5ae573b25542990ba0bbb2b4,1307599001,22020096,192,3116584960,91038,34282
-1.2700294256210327,0.75,6,192,0,0.0,combined_structural,hotpotqa,2110582476,0.6666666666666666,hotpotqa-5ae573b25542990ba0bbb2b4,5ae573b25542990ba0bbb2b4,1319311151,22020096,192,3116584960,91038,85871
-0.027843346819281578,1.0,6,192,0,1.0,oracle_evidence,hotpotqa,2111385681,1.0,hotpotqa-5ae573b25542990ba0bbb2b4,5ae573b25542990ba0bbb2b4,1314623925,22020096,192,3116584960,91038,57948
-4.317824840545654,0.1428571492433548,2,64,0,0.0,base_topk,hotpotqa,1711990398,0.0,hotpotqa-5ae625935542995703ce8b2a,5ae625935542995703ce8b2a,550164341,7340032,64,3122892800,91038,51188
-4.317824840545654,0.1428571492433548,2,64,0,0.0,budget_tuned_topk,hotpotqa,1711990398,0.0,hotpotqa-5ae625935542995703ce8b2a,5ae625935542995703ce8b2a,550164341,7340032,64,3122892800,91038,55590
-4.317824840545654,0.1428571492433548,2,64,0,0.0,power_sharpen,hotpotqa,1711990398,0.0,hotpotqa-5ae625935542995703ce8b2a,5ae625935542995703ce8b2a,550164341,7340032,64,3122892800,91038,54213
-4.317824840545654,0.1428571492433548,2,64,0,0.0,entropy_adaptive_sharpen,hotpotqa,1711990398,0.0,hotpotqa-5ae625935542995703ce8b2a,5ae625935542995703ce8b2a,550164341,7340032,64,3122892800,91038,103911
-4.4620280265808105,0.1428571492433548,2,64,0,0.0,persistence,hotpotqa,1734269005,0.16666666666666666,hotpotqa-5ae625935542995703ce8b2a,5ae625935542995703ce8b2a,573127902,7340032,64,3122937856,91038,20658
-4.240787029266357,0.1428571492433548,2,64,0,0.0,agreement,hotpotqa,1651735817,0.16666666666666666,hotpotqa-5ae625935542995703ce8b2a,5ae625935542995703ce8b2a,496033374,7340032,64,3122937856,91038,67337
-0.5846357345581055,0.8571429252624512,2,64,0,0.0,community,hotpotqa,1639560799,0.16666666666666666,hotpotqa-5ae625935542995703ce8b2a,5ae625935542995703ce8b2a,481557377,7340032,64,3118743552,91038,67449
-4.240787029266357,0.1428571492433548,2,64,0,0.0,bridge_preserving,hotpotqa,1651735817,0.16666666666666666,hotpotqa-5ae625935542995703ce8b2a,5ae625935542995703ce8b2a,496033374,7340032,64,3122937856,91038,80978
-4.4620280265808105,0.1428571492433548,2,64,0,0.0,combined_structural,hotpotqa,1734269005,0.16666666666666666,hotpotqa-5ae625935542995703ce8b2a,5ae625935542995703ce8b2a,573127902,7340032,64,3122937856,91038,73668
-0.6391371488571167,0.7142857313156128,2,64,0,0.0,oracle_evidence,hotpotqa,1623350133,0.3333333333333333,hotpotqa-5ae625935542995703ce8b2a,5ae625935542995703ce8b2a,469878370,7340032,64,3118743552,91038,30258
-0.6237911581993103,0.7142857313156128,4,128,0,0.0,base_topk,hotpotqa,2252856999,0.3333333333333333,hotpotqa-5ae625935542995703ce8b2a,5ae625935542995703ce8b2a,970218705,14680064,128,3118743552,91038,63327
-0.6237911581993103,0.7142857313156128,4,128,0,0.0,budget_tuned_topk,hotpotqa,2252856999,0.3333333333333333,hotpotqa-5ae625935542995703ce8b2a,5ae625935542995703ce8b2a,970218705,14680064,128,3118743552,91038,51233
-0.6237911581993103,0.7142857313156128,4,128,0,0.0,power_sharpen,hotpotqa,2252856999,0.3333333333333333,hotpotqa-5ae625935542995703ce8b2a,5ae625935542995703ce8b2a,970218705,14680064,128,3118743552,91038,56673
-0.6237911581993103,0.7142857313156128,4,128,0,0.0,entropy_adaptive_sharpen,hotpotqa,2252856999,0.3333333333333333,hotpotqa-5ae625935542995703ce8b2a,5ae625935542995703ce8b2a,970218705,14680064,128,3118743552,91038,105261
-0.8679004311561584,0.7142857313156128,4,128,0,0.0,persistence,hotpotqa,2247019417,0.3333333333333333,hotpotqa-5ae625935542995703ce8b2a,5ae625935542995703ce8b2a,961882462,14680064,128,3118743552,91038,21196
-0.5084007382392883,0.8571429252624512,4,128,0,0.0,agreement,hotpotqa,2255359624,0.5,hotpotqa-5ae625935542995703ce8b2a,5ae625935542995703ce8b2a,973895220,14680064,128,3118743552,91038,46004
-0.6237911581993103,0.7142857313156128,4,128,0,0.0,community,hotpotqa,2252856999,0.3333333333333333,hotpotqa-5ae625935542995703ce8b2a,5ae625935542995703ce8b2a,970218705,14680064,128,3118743552,91038,71725
-0.6237911581993103,0.7142857313156128,4,128,0,0.0,bridge_preserving,hotpotqa,2252856999,0.3333333333333333,hotpotqa-5ae625935542995703ce8b2a,5ae625935542995703ce8b2a,970218705,14680064,128,3118743552,91038,55680
-0.8679004311561584,0.7142857313156128,4,128,0,0.0,combined_structural,hotpotqa,2247019417,0.3333333333333333,hotpotqa-5ae625935542995703ce8b2a,5ae625935542995703ce8b2a,961882462,14680064,128,3118743552,91038,100716
-0.5128948092460632,0.8571429252624512,4,128,0,0.0,oracle_evidence,hotpotqa,2248029500,0.6666666666666666,hotpotqa-5ae625935542995703ce8b2a,5ae625935542995703ce8b2a,964156871,14680064,128,3118743552,91038,28578
-0.7597590684890747,0.7142857313156128,6,192,0,0.0,base_topk,hotpotqa,2466212962,0.6666666666666666,hotpotqa-5ae625935542995703ce8b2a,5ae625935542995703ce8b2a,1055302449,22020096,192,3118743552,91038,63874
-0.7597590684890747,0.7142857313156128,6,192,0,0.0,budget_tuned_topk,hotpotqa,2466212962,0.6666666666666666,hotpotqa-5ae625935542995703ce8b2a,5ae625935542995703ce8b2a,1055302449,22020096,192,3118743552,91038,62228
-0.7597590684890747,0.7142857313156128,6,192,0,0.0,power_sharpen,hotpotqa,2466212962,0.6666666666666666,hotpotqa-5ae625935542995703ce8b2a,5ae625935542995703ce8b2a,1055302449,22020096,192,3118743552,91038,60827
-0.7597590684890747,0.7142857313156128,6,192,0,0.0,entropy_adaptive_sharpen,hotpotqa,2466212962,0.6666666666666666,hotpotqa-5ae625935542995703ce8b2a,5ae625935542995703ce8b2a,1055302449,22020096,192,3118743552,91038,173974
-0.8889151811599731,0.7142857313156128,6,192,0,0.0,persistence,hotpotqa,2459702220,0.6666666666666666,hotpotqa-5ae625935542995703ce8b2a,5ae625935542995703ce8b2a,1054670387,22020096,192,3118743552,91038,22755
-0.5481626987457275,0.8571429252624512,6,192,0,0.0,agreement,hotpotqa,2468870658,0.5,hotpotqa-5ae625935542995703ce8b2a,5ae625935542995703ce8b2a,1055762903,22020096,192,3118743552,91038,47392
-0.7597590684890747,0.7142857313156128,6,192,0,0.0,community,hotpotqa,2466212962,0.6666666666666666,hotpotqa-5ae625935542995703ce8b2a,5ae625935542995703ce8b2a,1055302449,22020096,192,3118743552,91038,57293
-0.5649442672729492,0.8571429252624512,6,192,0,0.0,bridge_preserving,hotpotqa,2466658633,0.6666666666666666,hotpotqa-5ae625935542995703ce8b2a,5ae625935542995703ce8b2a,1055983141,22020096,192,3118743552,91038,44614
-0.8889151811599731,0.7142857313156128,6,192,0,0.0,combined_structural,hotpotqa,2459702220,0.6666666666666666,hotpotqa-5ae625935542995703ce8b2a,5ae625935542995703ce8b2a,1054670387,22020096,192,3118743552,91038,119225
-0.5287195444107056,0.8571429252624512,6,192,0,1.0,oracle_evidence,hotpotqa,2462566865,1.0,hotpotqa-5ae625935542995703ce8b2a,5ae625935542995703ce8b2a,1055264198,22020096,192,3118743552,91038,27995
-2.7700862884521484,0.0,2,64,0,0.0,base_topk,hotpotqa,1635818276,0.5,hotpotqa-5ae663b05542992ae0d16316,5ae663b05542992ae0d16316,478421352,7340032,64,3118743552,91038,55575
-2.7700862884521484,0.0,2,64,0,0.0,budget_tuned_topk,hotpotqa,1635818276,0.5,hotpotqa-5ae663b05542992ae0d16316,5ae663b05542992ae0d16316,478421352,7340032,64,3118743552,91038,43127
-2.7700862884521484,0.0,2,64,0,0.0,power_sharpen,hotpotqa,1635818276,0.5,hotpotqa-5ae663b05542992ae0d16316,5ae663b05542992ae0d16316,478421352,7340032,64,3118743552,91038,42505
-2.7700862884521484,0.0,2,64,0,0.0,entropy_adaptive_sharpen,hotpotqa,1635818276,0.5,hotpotqa-5ae663b05542992ae0d16316,5ae663b05542992ae0d16316,478421352,7340032,64,3118743552,91038,80237
-3.525974750518799,0.3333333432674408,2,64,0,0.0,persistence,hotpotqa,1713159282,0.5,hotpotqa-5ae663b05542992ae0d16316,5ae663b05542992ae0d16316,551385948,7340032,64,3118743552,91038,15472
-3.3951802253723145,0.3333333432674408,2,64,0,0.0,agreement,hotpotqa,1712281440,0.25,hotpotqa-5ae663b05542992ae0d16316,5ae663b05542992ae0d16316,552009450,7340032,64,3118743552,91038,54654
-3.3951802253723145,0.3333333432674408,2,64,0,0.0,community,hotpotqa,1712281440,0.25,hotpotqa-5ae663b05542992ae0d16316,5ae663b05542992ae0d16316,552009450,7340032,64,3118743552,91038,68810
-2.3820440769195557,0.3333333432674408,2,64,0,0.0,bridge_preserving,hotpotqa,1711986674,0.25,hotpotqa-5ae663b05542992ae0d16316,5ae663b05542992ae0d16316,549615681,7340032,64,3112452096,91038,44758
-2.3820440769195557,0.3333333432674408,2,64,0,0.0,combined_structural,hotpotqa,1711986674,0.25,hotpotqa-5ae663b05542992ae0d16316,5ae663b05542992ae0d16316,549615681,7340032,64,3112452096,91038,138197
-2.7700862884521484,0.0,2,64,0,0.0,oracle_evidence,hotpotqa,1635818276,0.5,hotpotqa-5ae663b05542992ae0d16316,5ae663b05542992ae0d16316,478421352,7340032,64,3118743552,91038,33653
-1.705008864402771,0.6666666865348816,4,128,0,0.0,base_topk,hotpotqa,2262814205,0.5,hotpotqa-5ae663b05542992ae0d16316,5ae663b05542992ae0d16316,978292362,14680064,128,3112452096,91038,18740
-1.705008864402771,0.6666666865348816,4,128,0,0.0,budget_tuned_topk,hotpotqa,2262814205,0.5,hotpotqa-5ae663b05542992ae0d16316,5ae663b05542992ae0d16316,978292362,14680064,128,3112452096,91038,39791
-1.705008864402771,0.6666666865348816,4,128,0,0.0,power_sharpen,hotpotqa,2262814205,0.5,hotpotqa-5ae663b05542992ae0d16316,5ae663b05542992ae0d16316,978292362,14680064,128,3112452096,91038,41896
-1.705008864402771,0.6666666865348816,4,128,0,0.0,entropy_adaptive_sharpen,hotpotqa,2262814205,0.5,hotpotqa-5ae663b05542992ae0d16316,5ae663b05542992ae0d16316,978292362,14680064,128,3112452096,91038,76787
-1.5941178798675537,0.6666666865348816,4,128,0,0.0,persistence,hotpotqa,2254237463,0.75,hotpotqa-5ae663b05542992ae0d16316,5ae663b05542992ae0d16316,971848936,14680064,128,3112452096,91038,15097
-2.2652244567871094,0.3333333432674408,4,128,0,0.0,agreement,hotpotqa,2265610929,0.5,hotpotqa-5ae663b05542992ae0d16316,5ae663b05542992ae0d16316,980156870,14680064,128,3112452096,91038,56517
-1.705008864402771,0.6666666865348816,4,128,0,0.0,community,hotpotqa,2262814205,0.5,hotpotqa-5ae663b05542992ae0d16316,5ae663b05542992ae0d16316,978292362,14680064,128,3112452096,91038,50070
-1.9560989141464233,0.6666666865348816,4,128,0,0.0,bridge_preserving,hotpotqa,2256004503,0.5,hotpotqa-5ae663b05542992ae0d16316,5ae663b05542992ae0d16316,972402680,14680064,128,3112452096,91038,38293
-1.6997617483139038,0.3333333432674408,4,128,0,0.0,combined_structural,hotpotqa,2258169063,0.75,hotpotqa-5ae663b05542992ae0d16316,5ae663b05542992ae0d16316,974170455,14680064,128,3112452096,91038,100939
-2.384243965148926,0.0,4,128,0,1.0,oracle_evidence,hotpotqa,2257465367,1.0,hotpotqa-5ae663b05542992ae0d16316,5ae663b05542992ae0d16316,972415743,14680064,128,3112452096,91038,55810
-1.7764943838119507,0.6666666865348816,6,192,0,0.0,base_topk,hotpotqa,2733128015,0.75,hotpotqa-5ae663b05542992ae0d16316,5ae663b05542992ae0d16316,1323116600,22020096,192,3112452096,91038,56063
-1.7764943838119507,0.6666666865348816,6,192,0,0.0,budget_tuned_topk,hotpotqa,2733128015,0.75,hotpotqa-5ae663b05542992ae0d16316,5ae663b05542992ae0d16316,1323116600,22020096,192,3112452096,91038,64925
-1.7764943838119507,0.6666666865348816,6,192,0,0.0,power_sharpen,hotpotqa,2733128015,0.75,hotpotqa-5ae663b05542992ae0d16316,5ae663b05542992ae0d16316,1323116600,22020096,192,3112452096,91038,71174
-1.7764943838119507,0.6666666865348816,6,192,0,0.0,entropy_adaptive_sharpen,hotpotqa,2733128015,0.75,hotpotqa-5ae663b05542992ae0d16316,5ae663b05542992ae0d16316,1323116600,22020096,192,3112452096,91038,130110
-1.6242082118988037,0.6666666865348816,6,192,0,0.0,persistence,hotpotqa,2718238836,0.75,hotpotqa-5ae663b05542992ae0d16316,5ae663b05542992ae0d16316,1309175434,22020096,192,3112452096,91038,28680
-1.7735986709594727,0.6666666865348816,6,192,0,0.0,agreement,hotpotqa,2729538997,0.5,hotpotqa-5ae663b05542992ae0d16316,5ae663b05542992ae0d16316,1320335706,22020096,192,3112452096,91038,70414
-1.7764943838119507,0.6666666865348816,6,192,0,0.0,community,hotpotqa,2733128015,0.75,hotpotqa-5ae663b05542992ae0d16316,5ae663b05542992ae0d16316,1323116600,22020096,192,3112452096,91038,57615
-1.710904598236084,0.6666666865348816,6,192,0,0.0,bridge_preserving,hotpotqa,2730794190,0.5,hotpotqa-5ae663b05542992ae0d16316,5ae663b05542992ae0d16316,1319941081,22020096,192,3112452096,91038,44396
-1.6344574689865112,0.6666666865348816,6,192,0,0.0,combined_structural,hotpotqa,2722741032,0.75,hotpotqa-5ae663b05542992ae0d16316,5ae663b05542992ae0d16316,1309422908,22020096,192,3112452096,91038,124288
-1.7359652519226074,0.6666666865348816,6,192,0,1.0,oracle_evidence,hotpotqa,2721662573,1.0,hotpotqa-5ae663b05542992ae0d16316,5ae663b05542992ae0d16316,1311878477,22020096,192,3112452096,91038,52784
-4.046809673309326,0.3499999940395355,2,64,0,0.0,base_topk,qasper,2549688658,0.2,qasper-1604.03114-26327ccebc620a73ba37a95aabe968864e3392b2,1604.03114,574141427,7340032,64,3130003456,91038,97917
-4.046809673309326,0.3499999940395355,2,64,0,0.0,budget_tuned_topk,qasper,2549688658,0.2,qasper-1604.03114-26327ccebc620a73ba37a95aabe968864e3392b2,1604.03114,574141427,7340032,64,3130003456,91038,48739
-4.046809673309326,0.3499999940395355,2,64,0,0.0,power_sharpen,qasper,2549688658,0.2,qasper-1604.03114-26327ccebc620a73ba37a95aabe968864e3392b2,1604.03114,574141427,7340032,64,3130003456,91038,61787
-4.046809673309326,0.3499999940395355,2,64,0,0.0,entropy_adaptive_sharpen,qasper,2549688658,0.2,qasper-1604.03114-26327ccebc620a73ba37a95aabe968864e3392b2,1604.03114,574141427,7340032,64,3130003456,91038,167671
-2.9861223697662354,0.550000011920929,2,64,0,0.0,persistence,qasper,2540874985,0.2,qasper-1604.03114-26327ccebc620a73ba37a95aabe968864e3392b2,1604.03114,568212470,7340032,64,3125817344,91038,17261
-3.7620131969451904,0.3499999940395355,2,64,0,0.0,agreement,qasper,2438195992,0.0,qasper-1604.03114-26327ccebc620a73ba37a95aabe968864e3392b2,1604.03114,474770856,7340032,64,3125817344,91038,58220
-4.046809673309326,0.3499999940395355,2,64,0,0.0,community,qasper,2549688658,0.2,qasper-1604.03114-26327ccebc620a73ba37a95aabe968864e3392b2,1604.03114,574141427,7340032,64,3130003456,91038,67655
-3.8387577533721924,0.4000000059604645,2,64,0,0.0,bridge_preserving,qasper,2441515435,0.4,qasper-1604.03114-26327ccebc620a73ba37a95aabe968864e3392b2,1604.03114,475757024,7340032,64,3125817344,91038,82577
-4.046809673309326,0.3499999940395355,2,64,0,0.0,combined_structural,qasper,2549688658,0.2,qasper-1604.03114-26327ccebc620a73ba37a95aabe968864e3392b2,1604.03114,574141427,7340032,64,3130003456,91038,136434
-3.8387577533721924,0.4000000059604645,2,64,0,0.0,oracle_evidence,qasper,2441515435,0.4,qasper-1604.03114-26327ccebc620a73ba37a95aabe968864e3392b2,1604.03114,475757024,7340032,64,3125817344,91038,34310
-3.623844623565674,0.45000001788139343,4,128,0,0.0,base_topk,qasper,3051687680,0.4,qasper-1604.03114-26327ccebc620a73ba37a95aabe968864e3392b2,1604.03114,960647283,14680064,128,3125817344,91038,19671
-3.623844623565674,0.45000001788139343,4,128,0,0.0,budget_tuned_topk,qasper,3051687680,0.4,qasper-1604.03114-26327ccebc620a73ba37a95aabe968864e3392b2,1604.03114,960647283,14680064,128,3125817344,91038,55426
-3.623844623565674,0.45000001788139343,4,128,0,0.0,power_sharpen,qasper,3051687680,0.4,qasper-1604.03114-26327ccebc620a73ba37a95aabe968864e3392b2,1604.03114,960647283,14680064,128,3125817344,91038,57005
-3.623844623565674,0.45000001788139343,4,128,0,0.0,entropy_adaptive_sharpen,qasper,3051687680,0.4,qasper-1604.03114-26327ccebc620a73ba37a95aabe968864e3392b2,1604.03114,960647283,14680064,128,3125817344,91038,106918
-2.9931867122650146,0.5,4,128,0,0.0,persistence,qasper,3037787115,0.6,qasper-1604.03114-26327ccebc620a73ba37a95aabe968864e3392b2,1604.03114,955435972,14680064,128,3125817344,91038,22100
-3.808781385421753,0.3499999940395355,4,128,0,0.0,agreement,qasper,3043072391,0.2,qasper-1604.03114-26327ccebc620a73ba37a95aabe968864e3392b2,1604.03114,957760500,14680064,128,3125817344,91038,70615
-3.3531723022460938,0.45000001788139343,4,128,0,0.0,community,qasper,3051347727,0.4,qasper-1604.03114-26327ccebc620a73ba37a95aabe968864e3392b2,1604.03114,963127024,14680064,128,3125817344,91038,57427
-3.623844623565674,0.45000001788139343,4,128,0,0.0,bridge_preserving,qasper,3051687680,0.4,qasper-1604.03114-26327ccebc620a73ba37a95aabe968864e3392b2,1604.03114,960647283,14680064,128,3125817344,91038,92358
-3.0499989986419678,0.5,4,128,0,0.0,combined_structural,qasper,3055964202,0.4,qasper-1604.03114-26327ccebc620a73ba37a95aabe968864e3392b2,1604.03114,970067303,14680064,128,3125817344,91038,89815
-2.559696912765503,0.6500000357627869,4,128,0,0.0,oracle_evidence,qasper,3034803280,0.8,qasper-1604.03114-26327ccebc620a73ba37a95aabe968864e3392b2,1604.03114,953501820,14680064,128,3125817344,91038,62181
-2.6756203174591064,0.5,6,192,0,0.0,base_topk,qasper,3252759754,0.8,qasper-1604.03114-26327ccebc620a73ba37a95aabe968864e3392b2,1604.03114,1057652251,22020096,192,3125817344,91038,52868
-2.6756203174591064,0.5,6,192,0,0.0,budget_tuned_topk,qasper,3252759754,0.8,qasper-1604.03114-26327ccebc620a73ba37a95aabe968864e3392b2,1604.03114,1057652251,22020096,192,3125817344,91038,52420
-2.6756203174591064,0.5,6,192,0,0.0,power_sharpen,qasper,3252759754,0.8,qasper-1604.03114-26327ccebc620a73ba37a95aabe968864e3392b2,1604.03114,1057652251,22020096,192,3125817344,91038,56189
-2.6756203174591064,0.5,6,192,0,0.0,entropy_adaptive_sharpen,qasper,3252759754,0.8,qasper-1604.03114-26327ccebc620a73ba37a95aabe968864e3392b2,1604.03114,1057652251,22020096,192,3125817344,91038,105646
-2.8616526126861572,0.5,6,192,0,0.0,persistence,qasper,3242094949,0.6,qasper-1604.03114-26327ccebc620a73ba37a95aabe968864e3392b2,1604.03114,1055131252,22020096,192,3125817344,91038,22315
-3.4264705181121826,0.45000001788139343,6,192,0,0.0,agreement,qasper,3246719430,0.6,qasper-1604.03114-26327ccebc620a73ba37a95aabe968864e3392b2,1604.03114,1056133577,22020096,192,3125817344,91038,56406
-2.9223690032958984,0.5,6,192,0,0.0,community,qasper,3250718680,0.6,qasper-1604.03114-26327ccebc620a73ba37a95aabe968864e3392b2,1604.03114,1055732697,22020096,192,3125817344,91038,48174
-2.6756203174591064,0.5,6,192,0,0.0,bridge_preserving,qasper,3252759754,0.8,qasper-1604.03114-26327ccebc620a73ba37a95aabe968864e3392b2,1604.03114,1057652251,22020096,192,3125817344,91038,77092
-2.6756203174591064,0.5,6,192,0,0.0,combined_structural,qasper,3252759754,0.8,qasper-1604.03114-26327ccebc620a73ba37a95aabe968864e3392b2,1604.03114,1057652251,22020096,192,3125817344,91038,72566
-2.705721378326416,0.550000011920929,6,192,0,1.0,oracle_evidence,qasper,3246329655,1.0,qasper-1604.03114-26327ccebc620a73ba37a95aabe968864e3392b2,1604.03114,1055259640,22020096,192,3125817344,91038,30992
-3.6090426445007324,0.0,2,64,0,0.0,base_topk,qasper,2449904141,0.2857142857142857,qasper-1611.04798-41ac23e32bf208b69414f4b687c4f324c6132464,1611.04798,478901959,7340032,64,3125817344,91038,63279
-3.6090426445007324,0.0,2,64,0,0.0,budget_tuned_topk,qasper,2449904141,0.2857142857142857,qasper-1611.04798-41ac23e32bf208b69414f4b687c4f324c6132464,1611.04798,478901959,7340032,64,3125817344,91038,42935
-3.6090426445007324,0.0,2,64,0,0.0,power_sharpen,qasper,2449904141,0.2857142857142857,qasper-1611.04798-41ac23e32bf208b69414f4b687c4f324c6132464,1611.04798,478901959,7340032,64,3125817344,91038,41308
-3.6090426445007324,0.0,2,64,0,0.0,entropy_adaptive_sharpen,qasper,2449904141,0.2857142857142857,qasper-1611.04798-41ac23e32bf208b69414f4b687c4f324c6132464,1611.04798,478901959,7340032,64,3125817344,91038,76371
-1.6872559785842896,0.0,2,64,0,0.0,persistence,qasper,2571173306,0.2857142857142857,qasper-1611.04798-41ac23e32bf208b69414f4b687c4f324c6132464,1611.04798,601090476,7340032,64,3125817344,91038,15226
-1.6511422395706177,0.0,2,64,0,0.0,agreement,qasper,2571887292,0.2857142857142857,qasper-1611.04798-41ac23e32bf208b69414f4b687c4f324c6132464,1611.04798,595627695,7340032,64,3113234432,91038,64964
-3.6090426445007324,0.0,2,64,0,0.0,community,qasper,2449904141,0.2857142857142857,qasper-1611.04798-41ac23e32bf208b69414f4b687c4f324c6132464,1611.04798,478901959,7340032,64,3125817344,91038,68483
-3.3780369758605957,0.0,2,64,0,0.0,bridge_preserving,qasper,2533315301,0.14285714285714285,qasper-1611.04798-41ac23e32bf208b69414f4b687c4f324c6132464,1611.04798,548691477,7340032,64,3113234432,91038,54396
-3.6090426445007324,0.0,2,64,0,0.0,combined_structural,qasper,2449904141,0.2857142857142857,qasper-1611.04798-41ac23e32bf208b69414f4b687c4f324c6132464,1611.04798,478901959,7340032,64,3125817344,91038,100638
-3.6090426445007324,0.0,2,64,0,0.0,oracle_evidence,qasper,2449904141,0.2857142857142857,qasper-1611.04798-41ac23e32bf208b69414f4b687c4f324c6132464,1611.04798,478901959,7340032,64,3125817344,91038,33210
-1.2068480253219604,0.0,4,128,0,0.0,base_topk,qasper,3090766468,0.5714285714285714,qasper-1611.04798-41ac23e32bf208b69414f4b687c4f324c6132464,1611.04798,977887043,14680064,128,3113234432,91038,19747
-1.2068480253219604,0.0,4,128,0,0.0,budget_tuned_topk,qasper,3090766468,0.5714285714285714,qasper-1611.04798-41ac23e32bf208b69414f4b687c4f324c6132464,1611.04798,977887043,14680064,128,3113234432,91038,41374
-1.2068480253219604,0.0,4,128,0,0.0,power_sharpen,qasper,3090766468,0.5714285714285714,qasper-1611.04798-41ac23e32bf208b69414f4b687c4f324c6132464,1611.04798,977887043,14680064,128,3113234432,91038,40907
-1.2068480253219604,0.0,4,128,0,0.0,entropy_adaptive_sharpen,qasper,3090766468,0.5714285714285714,qasper-1611.04798-41ac23e32bf208b69414f4b687c4f324c6132464,1611.04798,977887043,14680064,128,3113234432,91038,75524
-2.342569351196289,0.0,4,128,0,0.0,persistence,qasper,3079065629,0.42857142857142855,qasper-1611.04798-41ac23e32bf208b69414f4b687c4f324c6132464,1611.04798,977621162,14680064,128,3113234432,91038,14903
-1.8357208967208862,0.0,4,128,0,0.0,agreement,qasper,3069257130,0.42857142857142855,qasper-1611.04798-41ac23e32bf208b69414f4b687c4f324c6132464,1611.04798,975034084,14680064,128,3113234432,91038,57782
-1.2068480253219604,0.0,4,128,0,0.0,community,qasper,3090766468,0.5714285714285714,qasper-1611.04798-41ac23e32bf208b69414f4b687c4f324c6132464,1611.04798,977887043,14680064,128,3113234432,91038,56635
-2.1765387058258057,0.0,4,128,0,0.0,bridge_preserving,qasper,3088077923,0.42857142857142855,qasper-1611.04798-41ac23e32bf208b69414f4b687c4f324c6132464,1611.04798,984852924,14680064,128,3113234432,91038,44492
-2.342569351196289,0.0,4,128,0,0.0,combined_structural,qasper,3079065629,0.42857142857142855,qasper-1611.04798-41ac23e32bf208b69414f4b687c4f324c6132464,1611.04798,977621162,14680064,128,3113234432,91038,99505
-1.2068480253219604,0.0,4,128,0,0.0,oracle_evidence,qasper,3090766468,0.5714285714285714,qasper-1611.04798-41ac23e32bf208b69414f4b687c4f324c6132464,1611.04798,977887043,14680064,128,3113234432,91038,33374
-1.3001999855041504,0.0,6,192,0,0.0,base_topk,qasper,3550029425,0.5714285714285714,qasper-1611.04798-41ac23e32bf208b69414f4b687c4f324c6132464,1611.04798,1322508660,22020096,192,3113234432,91038,19854
-1.3001999855041504,0.0,6,192,0,0.0,budget_tuned_topk,qasper,3550029425,0.5714285714285714,qasper-1611.04798-41ac23e32bf208b69414f4b687c4f324c6132464,1611.04798,1322508660,22020096,192,3113234432,91038,53112
-1.3001999855041504,0.0,6,192,0,0.0,power_sharpen,qasper,3550029425,0.5714285714285714,qasper-1611.04798-41ac23e32bf208b69414f4b687c4f324c6132464,1611.04798,1322508660,22020096,192,3113234432,91038,57670
-1.3001999855041504,0.0,6,192,0,0.0,entropy_adaptive_sharpen,qasper,3550029425,0.5714285714285714,qasper-1611.04798-41ac23e32bf208b69414f4b687c4f324c6132464,1611.04798,1322508660,22020096,192,3113234432,91038,110938
-2.1076650619506836,0.0,6,192,0,0.0,persistence,qasper,3537729584,0.5714285714285714,qasper-1611.04798-41ac23e32bf208b69414f4b687c4f324c6132464,1611.04798,1316508853,22020096,192,3113234432,91038,24642
-1.684776782989502,0.0,6,192,0,0.0,agreement,qasper,3538261788,0.7142857142857143,qasper-1611.04798-41ac23e32bf208b69414f4b687c4f324c6132464,1611.04798,1310130484,22020096,192,3113234432,91038,68262
-1.6084673404693604,0.0,6,192,0,0.0,community,qasper,3551914994,0.7142857142857143,qasper-1611.04798-41ac23e32bf208b69414f4b687c4f324c6132464,1611.04798,1318211101,22020096,192,3113234432,91038,49079
-1.7171850204467773,0.0,6,192,0,0.0,bridge_preserving,qasper,3547004602,0.5714285714285714,qasper-1611.04798-41ac23e32bf208b69414f4b687c4f324c6132464,1611.04798,1321626967,22020096,192,3113234432,91038,78095
-2.1076650619506836,0.0,6,192,0,0.0,combined_structural,qasper,3537729584,0.5714285714285714,qasper-1611.04798-41ac23e32bf208b69414f4b687c4f324c6132464,1611.04798,1316508853,22020096,192,3113234432,91038,100977
-1.8092235326766968,0.0,6,192,0,0.0,oracle_evidence,qasper,3532440444,0.8571428571428571,qasper-1611.04798-41ac23e32bf208b69414f4b687c4f324c6132464,1611.04798,1310469154,22020096,192,3113234432,91038,35172
-0.8406850099563599,0.75,2,64,0,1.0,base_topk,qasper,4986304940,1.0,qasper-1612.08205-692c9c5d9ff9cd3e0ce8b5e4fa68dda9bd23dec1,1612.08205,550222077,7340032,64,3119677440,91038,57919
-0.8406850099563599,0.75,2,64,0,1.0,budget_tuned_topk,qasper,4986304940,1.0,qasper-1612.08205-692c9c5d9ff9cd3e0ce8b5e4fa68dda9bd23dec1,1612.08205,550222077,7340032,64,3119677440,91038,54720
-0.8406850099563599,0.75,2,64,0,1.0,power_sharpen,qasper,4986304940,1.0,qasper-1612.08205-692c9c5d9ff9cd3e0ce8b5e4fa68dda9bd23dec1,1612.08205,550222077,7340032,64,3119677440,91038,56397
-0.8406850099563599,0.75,2,64,0,1.0,entropy_adaptive_sharpen,qasper,4986304940,1.0,qasper-1612.08205-692c9c5d9ff9cd3e0ce8b5e4fa68dda9bd23dec1,1612.08205,550222077,7340032,64,3119677440,91038,134094
-0.8406850099563599,0.75,2,64,0,1.0,persistence,qasper,4986304940,1.0,qasper-1612.08205-692c9c5d9ff9cd3e0ce8b5e4fa68dda9bd23dec1,1612.08205,550222077,7340032,64,3119677440,91038,24259
-0.8406850099563599,0.75,2,64,0,1.0,agreement,qasper,4986304940,1.0,qasper-1612.08205-692c9c5d9ff9cd3e0ce8b5e4fa68dda9bd23dec1,1612.08205,550222077,7340032,64,3119677440,91038,20871
-2.527561664581299,0.125,2,64,0,0.0,community,qasper,1729748222,0.0,qasper-1612.08205-692c9c5d9ff9cd3e0ce8b5e4fa68dda9bd23dec1,1612.08205,571831093,7340032,64,3119685632,91038,18760
-0.8406850099563599,0.75,2,64,0,1.0,bridge_preserving,qasper,4986304940,1.0,qasper-1612.08205-692c9c5d9ff9cd3e0ce8b5e4fa68dda9bd23dec1,1612.08205,550222077,7340032,64,3119677440,91038,93079
-0.8406850099563599,0.75,2,64,0,1.0,combined_structural,qasper,4986304940,1.0,qasper-1612.08205-692c9c5d9ff9cd3e0ce8b5e4fa68dda9bd23dec1,1612.08205,550222077,7340032,64,3119677440,91038,88105
-0.8406850099563599,0.75,2,64,0,1.0,oracle_evidence,qasper,4986304940,1.0,qasper-1612.08205-692c9c5d9ff9cd3e0ce8b5e4fa68dda9bd23dec1,1612.08205,550222077,7340032,64,3119677440,91038,38456
-0.5612071752548218,0.875,4,128,0,1.0,base_topk,qasper,2910903426,1.0,qasper-1612.08205-692c9c5d9ff9cd3e0ce8b5e4fa68dda9bd23dec1,1612.08205,960202186,14680064,128,3119702016,91038,23626
-0.5612071752548218,0.875,4,128,0,1.0,budget_tuned_topk,qasper,2910903426,1.0,qasper-1612.08205-692c9c5d9ff9cd3e0ce8b5e4fa68dda9bd23dec1,1612.08205,960202186,14680064,128,3119702016,91038,62153
-0.5612071752548218,0.875,4,128,0,1.0,power_sharpen,qasper,2910903426,1.0,qasper-1612.08205-692c9c5d9ff9cd3e0ce8b5e4fa68dda9bd23dec1,1612.08205,960202186,14680064,128,3119702016,91038,71616
-0.5612071752548218,0.875,4,128,0,1.0,entropy_adaptive_sharpen,qasper,2910903426,1.0,qasper-1612.08205-692c9c5d9ff9cd3e0ce8b5e4fa68dda9bd23dec1,1612.08205,960202186,14680064,128,3119702016,91038,132640
-0.735686719417572,0.75,4,128,0,1.0,persistence,qasper,2256927075,1.0,qasper-1612.08205-692c9c5d9ff9cd3e0ce8b5e4fa68dda9bd23dec1,1612.08205,973137295,14680064,128,3119702016,91038,28322
-0.735686719417572,0.75,4,128,0,1.0,agreement,qasper,2256927075,1.0,qasper-1612.08205-692c9c5d9ff9cd3e0ce8b5e4fa68dda9bd23dec1,1612.08205,973137295,14680064,128,3119702016,91038,46634
-2.407564640045166,0.125,4,128,0,0.0,community,qasper,2251601359,0.0,qasper-1612.08205-692c9c5d9ff9cd3e0ce8b5e4fa68dda9bd23dec1,1612.08205,971900949,14680064,128,3119702016,91038,18096
-0.5612071752548218,0.875,4,128,0,1.0,bridge_preserving,qasper,2910903426,1.0,qasper-1612.08205-692c9c5d9ff9cd3e0ce8b5e4fa68dda9bd23dec1,1612.08205,960202186,14680064,128,3119702016,91038,76001
-0.735686719417572,0.75,4,128,0,1.0,combined_structural,qasper,2256927075,1.0,qasper-1612.08205-692c9c5d9ff9cd3e0ce8b5e4fa68dda9bd23dec1,1612.08205,973137295,14680064,128,3119702016,91038,70346
-0.5612071752548218,0.875,4,128,0,1.0,oracle_evidence,qasper,2910903426,1.0,qasper-1612.08205-692c9c5d9ff9cd3e0ce8b5e4fa68dda9bd23dec1,1612.08205,960202186,14680064,128,3119702016,91038,29884
-0.5843289494514465,0.875,6,192,0,1.0,base_topk,qasper,3120685253,1.0,qasper-1612.08205-692c9c5d9ff9cd3e0ce8b5e4fa68dda9bd23dec1,1612.08205,1055786586,22020096,192,3119718400,91038,18404
-0.5843289494514465,0.875,6,192,0,1.0,budget_tuned_topk,qasper,3120685253,1.0,qasper-1612.08205-692c9c5d9ff9cd3e0ce8b5e4fa68dda9bd23dec1,1612.08205,1055786586,22020096,192,3119718400,91038,63827
-0.5843289494514465,0.875,6,192,0,1.0,power_sharpen,qasper,3120685253,1.0,qasper-1612.08205-692c9c5d9ff9cd3e0ce8b5e4fa68dda9bd23dec1,1612.08205,1055786586,22020096,192,3119718400,91038,70954
-0.5843289494514465,0.875,6,192,0,1.0,entropy_adaptive_sharpen,qasper,3120685253,1.0,qasper-1612.08205-692c9c5d9ff9cd3e0ce8b5e4fa68dda9bd23dec1,1612.08205,1055786586,22020096,192,3119718400,91038,131544
-0.511019229888916,0.875,6,192,0,1.0,persistence,qasper,2458395872,1.0,qasper-1612.08205-692c9c5d9ff9cd3e0ce8b5e4fa68dda9bd23dec1,1612.08205,1057118872,22020096,192,3119718400,91038,47258
-0.7881308794021606,0.875,6,192,0,1.0,agreement,qasper,2461160283,1.0,qasper-1612.08205-692c9c5d9ff9cd3e0ce8b5e4fa68dda9bd23dec1,1612.08205,1055761591,22020096,192,3119718400,91038,56009
-2.474771738052368,0.125,6,192,0,0.0,community,qasper,2462621917,0.0,qasper-1612.08205-692c9c5d9ff9cd3e0ce8b5e4fa68dda9bd23dec1,1612.08205,1055331407,22020096,192,3119718400,91038,52863
-0.5843289494514465,0.875,6,192,0,1.0,bridge_preserving,qasper,3120685253,1.0,qasper-1612.08205-692c9c5d9ff9cd3e0ce8b5e4fa68dda9bd23dec1,1612.08205,1055786586,22020096,192,3119718400,91038,67729
-0.511019229888916,0.875,6,192,0,1.0,combined_structural,qasper,2458395872,1.0,qasper-1612.08205-692c9c5d9ff9cd3e0ce8b5e4fa68dda9bd23dec1,1612.08205,1057118872,22020096,192,3119718400,91038,60849
-0.5843289494514465,0.875,6,192,0,1.0,oracle_evidence,qasper,3120685253,1.0,qasper-1612.08205-692c9c5d9ff9cd3e0ce8b5e4fa68dda9bd23dec1,1612.08205,1055786586,22020096,192,3119718400,91038,24459
-5.836385726928711,0.0,2,64,0,0.0,base_topk,qasper,4588015544,0.3333333333333333,qasper-1704.04452-8e44c02c2d9fa56fb74ace35ee70a5add50b52ae,1704.04452,587553794,7340032,64,3119853568,91038,40408
-5.836385726928711,0.0,2,64,0,0.0,budget_tuned_topk,qasper,4588015544,0.3333333333333333,qasper-1704.04452-8e44c02c2d9fa56fb74ace35ee70a5add50b52ae,1704.04452,587553794,7340032,64,3119853568,91038,53552
-5.836385726928711,0.0,2,64,0,0.0,power_sharpen,qasper,4588015544,0.3333333333333333,qasper-1704.04452-8e44c02c2d9fa56fb74ace35ee70a5add50b52ae,1704.04452,587553794,7340032,64,3119853568,91038,56811
-5.836385726928711,0.0,2,64,0,0.0,entropy_adaptive_sharpen,qasper,4588015544,0.3333333333333333,qasper-1704.04452-8e44c02c2d9fa56fb74ace35ee70a5add50b52ae,1704.04452,587553794,7340032,64,3119853568,91038,116545
-4.714898586273193,0.0,2,64,0,0.0,persistence,qasper,1270743797,0.0,qasper-1704.04452-8e44c02c2d9fa56fb74ace35ee70a5add50b52ae,1704.04452,552220393,7340032,64,3113562112,91038,22353
-5.183804035186768,0.0,2,64,0,0.0,agreement,qasper,1267547194,0.3333333333333333,qasper-1704.04452-8e44c02c2d9fa56fb74ace35ee70a5add50b52ae,1704.04452,549119404,7340032,64,3113562112,91038,48835
-5.836385726928711,0.0,2,64,0,0.0,community,qasper,4588015544,0.3333333333333333,qasper-1704.04452-8e44c02c2d9fa56fb74ace35ee70a5add50b52ae,1704.04452,587553794,7340032,64,3119853568,91038,55077
-5.1119704246521,0.0,2,64,0,0.0,bridge_preserving,qasper,1268673800,0.6666666666666666,qasper-1704.04452-8e44c02c2d9fa56fb74ace35ee70a5add50b52ae,1704.04452,550958624,7340032,64,3113562112,91038,43752
-4.714898586273193,0.0,2,64,0,0.0,combined_structural,qasper,1270743797,0.0,qasper-1704.04452-8e44c02c2d9fa56fb74ace35ee70a5add50b52ae,1704.04452,552220393,7340032,64,3113562112,91038,120500
-5.1119704246521,0.0,2,64,0,0.0,oracle_evidence,qasper,1268673800,0.6666666666666666,qasper-1704.04452-8e44c02c2d9fa56fb74ace35ee70a5add50b52ae,1704.04452,550958624,7340032,64,3113562112,91038,42831
-5.434100151062012,0.0,4,128,0,0.0,base_topk,qasper,2376402858,0.6666666666666666,qasper-1704.04452-8e44c02c2d9fa56fb74ace35ee70a5add50b52ae,1704.04452,975579084,14680064,128,3113578496,91038,24889
-5.434100151062012,0.0,4,128,0,0.0,budget_tuned_topk,qasper,2376402858,0.6666666666666666,qasper-1704.04452-8e44c02c2d9fa56fb74ace35ee70a5add50b52ae,1704.04452,975579084,14680064,128,3113578496,91038,61855
-5.434100151062012,0.0,4,128,0,0.0,power_sharpen,qasper,2376402858,0.6666666666666666,qasper-1704.04452-8e44c02c2d9fa56fb74ace35ee70a5add50b52ae,1704.04452,975579084,14680064,128,3113578496,91038,79677
-5.434100151062012,0.0,4,128,0,0.0,entropy_adaptive_sharpen,qasper,2376402858,0.6666666666666666,qasper-1704.04452-8e44c02c2d9fa56fb74ace35ee70a5add50b52ae,1704.04452,975579084,14680064,128,3113578496,91038,130783
-6.06325101852417,0.0,4,128,0,0.0,persistence,qasper,1704299431,0.3333333333333333,qasper-1704.04452-8e44c02c2d9fa56fb74ace35ee70a5add50b52ae,1704.04452,972809068,14680064,128,3113578496,91038,28384
-5.43810510635376,0.0,4,128,0,0.0,agreement,qasper,1710717034,0.6666666666666666,qasper-1704.04452-8e44c02c2d9fa56fb74ace35ee70a5add50b52ae,1704.04452,981672686,14680064,128,3113578496,91038,57010
-5.434100151062012,0.0,4,128,0,0.0,community,qasper,2376402858,0.6666666666666666,qasper-1704.04452-8e44c02c2d9fa56fb74ace35ee70a5add50b52ae,1704.04452,975579084,14680064,128,3113578496,91038,47691
-5.434100151062012,0.0,4,128,0,0.0,bridge_preserving,qasper,2376402858,0.6666666666666666,qasper-1704.04452-8e44c02c2d9fa56fb74ace35ee70a5add50b52ae,1704.04452,975579084,14680064,128,3113578496,91038,34342
-5.434100151062012,0.0,4,128,0,0.0,combined_structural,qasper,2376402858,0.6666666666666666,qasper-1704.04452-8e44c02c2d9fa56fb74ace35ee70a5add50b52ae,1704.04452,975579084,14680064,128,3113578496,91038,55808
-5.124019145965576,0.0,4,128,0,1.0,oracle_evidence,qasper,1699125081,1.0,qasper-1704.04452-8e44c02c2d9fa56fb74ace35ee70a5add50b52ae,1704.04452,971050472,14680064,128,3113578496,91038,23361
-6.456325531005859,0.0,6,192,0,0.0,base_topk,qasper,2748796421,0.6666666666666666,qasper-1704.04452-8e44c02c2d9fa56fb74ace35ee70a5add50b52ae,1704.04452,1320117206,22020096,192,3113594880,91038,63229
-6.456325531005859,0.0,6,192,0,0.0,budget_tuned_topk,qasper,2748796421,0.6666666666666666,qasper-1704.04452-8e44c02c2d9fa56fb74ace35ee70a5add50b52ae,1704.04452,1320117206,22020096,192,3113594880,91038,43899
-6.456325531005859,0.0,6,192,0,0.0,power_sharpen,qasper,2748796421,0.6666666666666666,qasper-1704.04452-8e44c02c2d9fa56fb74ace35ee70a5add50b52ae,1704.04452,1320117206,22020096,192,3113594880,91038,46851
-6.456325531005859,0.0,6,192,0,0.0,entropy_adaptive_sharpen,qasper,2748796421,0.6666666666666666,qasper-1704.04452-8e44c02c2d9fa56fb74ace35ee70a5add50b52ae,1704.04452,1320117206,22020096,192,3113594880,91038,88010
-5.977928161621094,0.0,6,192,0,0.0,persistence,qasper,2046284235,0.6666666666666666,qasper-1704.04452-8e44c02c2d9fa56fb74ace35ee70a5add50b52ae,1704.04452,1308182850,22020096,192,3113594880,91038,18432
-6.108016014099121,0.0,6,192,0,1.0,agreement,qasper,2049015324,1.0,qasper-1704.04452-8e44c02c2d9fa56fb74ace35ee70a5add50b52ae,1704.04452,1311618130,22020096,192,3113594880,91038,55314
-6.108016014099121,0.0,6,192,0,1.0,community,qasper,2049015324,1.0,qasper-1704.04452-8e44c02c2d9fa56fb74ace35ee70a5add50b52ae,1704.04452,1311618130,22020096,192,3113594880,91038,55958
-6.108016014099121,0.0,6,192,0,1.0,bridge_preserving,qasper,2049015324,1.0,qasper-1704.04452-8e44c02c2d9fa56fb74ace35ee70a5add50b52ae,1704.04452,1311618130,22020096,192,3113594880,91038,45267
-5.977928161621094,0.0,6,192,0,0.0,combined_structural,qasper,2046284235,0.6666666666666666,qasper-1704.04452-8e44c02c2d9fa56fb74ace35ee70a5add50b52ae,1704.04452,1308182850,22020096,192,3113594880,91038,75211
-6.108016014099121,0.0,6,192,0,1.0,oracle_evidence,qasper,2049015324,1.0,qasper-1704.04452-8e44c02c2d9fa56fb74ace35ee70a5add50b52ae,1704.04452,1311618130,22020096,192,3113594880,91038,24988
-1.3485243320465088,0.6666666865348816,2,64,0,1.0,base_topk,qasper,4499796658,1.0,qasper-1705.05437-cf874cd9023d901e10aa8664b813d32501e7e4d2,1705.05437,550807722,7340032,64,3113730048,91038,45671
-1.3485243320465088,0.6666666865348816,2,64,0,1.0,budget_tuned_topk,qasper,4499796658,1.0,qasper-1705.05437-cf874cd9023d901e10aa8664b813d32501e7e4d2,1705.05437,550807722,7340032,64,3113730048,91038,59796
-1.3485243320465088,0.6666666865348816,2,64,0,1.0,power_sharpen,qasper,4499796658,1.0,qasper-1705.05437-cf874cd9023d901e10aa8664b813d32501e7e4d2,1705.05437,550807722,7340032,64,3113730048,91038,70795
-1.3485243320465088,0.6666666865348816,2,64,0,1.0,entropy_adaptive_sharpen,qasper,4499796658,1.0,qasper-1705.05437-cf874cd9023d901e10aa8664b813d32501e7e4d2,1705.05437,550807722,7340032,64,3113730048,91038,130808
-1.3485243320465088,0.6666666865348816,2,64,0,1.0,persistence,qasper,4499796658,1.0,qasper-1705.05437-cf874cd9023d901e10aa8664b813d32501e7e4d2,1705.05437,550807722,7340032,64,3113730048,91038,27577
-2.336393356323242,0.6666666865348816,2,64,0,0.0,agreement,qasper,1100500805,0.0,qasper-1705.05437-cf874cd9023d901e10aa8664b813d32501e7e4d2,1705.05437,550265134,7340032,64,3113730048,91038,23906
-1.312564492225647,0.6666666865348816,2,64,0,0.0,community,qasper,1099582640,0.5,qasper-1705.05437-cf874cd9023d901e10aa8664b813d32501e7e4d2,1705.05437,550144063,7340032,64,3113730048,91038,54698
-1.3485243320465088,0.6666666865348816,2,64,0,1.0,bridge_preserving,qasper,4499796658,1.0,qasper-1705.05437-cf874cd9023d901e10aa8664b813d32501e7e4d2,1705.05437,550807722,7340032,64,3113730048,91038,92633
-1.3485243320465088,0.6666666865348816,2,64,0,1.0,combined_structural,qasper,4499796658,1.0,qasper-1705.05437-cf874cd9023d901e10aa8664b813d32501e7e4d2,1705.05437,550807722,7340032,64,3113730048,91038,71208
-1.3485243320465088,0.6666666865348816,2,64,0,1.0,oracle_evidence,qasper,4499796658,1.0,qasper-1705.05437-cf874cd9023d901e10aa8664b813d32501e7e4d2,1705.05437,550807722,7340032,64,3113730048,91038,30114
-1.4789026975631714,0.6666666865348816,4,128,0,1.0,base_topk,qasper,2224347428,1.0,qasper-1705.05437-cf874cd9023d901e10aa8664b813d32501e7e4d2,1705.05437,979223392,14680064,128,3113746432,91038,18122
-1.4789026975631714,0.6666666865348816,4,128,0,1.0,budget_tuned_topk,qasper,2224347428,1.0,qasper-1705.05437-cf874cd9023d901e10aa8664b813d32501e7e4d2,1705.05437,979223392,14680064,128,3113746432,91038,54307
-1.4789026975631714,0.6666666865348816,4,128,0,1.0,power_sharpen,qasper,2224347428,1.0,qasper-1705.05437-cf874cd9023d901e10aa8664b813d32501e7e4d2,1705.05437,979223392,14680064,128,3113746432,91038,56799
-1.4789026975631714,0.6666666865348816,4,128,0,1.0,entropy_adaptive_sharpen,qasper,2224347428,1.0,qasper-1705.05437-cf874cd9023d901e10aa8664b813d32501e7e4d2,1705.05437,979223392,14680064,128,3113746432,91038,108204
-1.4789026975631714,0.6666666865348816,4,128,0,1.0,persistence,qasper,2224347428,1.0,qasper-1705.05437-cf874cd9023d901e10aa8664b813d32501e7e4d2,1705.05437,979223392,14680064,128,3113746432,91038,22477
-1.9183769226074219,0.6666666865348816,4,128,0,0.0,agreement,qasper,1545657160,0.5,qasper-1705.05437-cf874cd9023d901e10aa8664b813d32501e7e4d2,1705.05437,982384517,14680064,128,3113746432,91038,19629
-1.3475217819213867,0.6666666865348816,4,128,0,0.0,community,qasper,1546140569,0.5,qasper-1705.05437-cf874cd9023d901e10aa8664b813d32501e7e4d2,1705.05437,983374578,14680064,128,3113746432,91038,68984
-1.4789026975631714,0.6666666865348816,4,128,0,1.0,bridge_preserving,qasper,2224347428,1.0,qasper-1705.05437-cf874cd9023d901e10aa8664b813d32501e7e4d2,1705.05437,979223392,14680064,128,3113746432,91038,92807
-1.4789026975631714,0.6666666865348816,4,128,0,1.0,combined_structural,qasper,2224347428,1.0,qasper-1705.05437-cf874cd9023d901e10aa8664b813d32501e7e4d2,1705.05437,979223392,14680064,128,3113746432,91038,88933
-1.4789026975631714,0.6666666865348816,4,128,0,1.0,oracle_evidence,qasper,2224347428,1.0,qasper-1705.05437-cf874cd9023d901e10aa8664b813d32501e7e4d2,1705.05437,979223392,14680064,128,3113746432,91038,46893
-1.2748606204986572,0.6666666865348816,6,192,0,1.0,base_topk,qasper,2562254822,1.0,qasper-1705.05437-cf874cd9023d901e10aa8664b813d32501e7e4d2,1705.05437,1310336220,22020096,192,3113762816,91038,23920
-1.2748606204986572,0.6666666865348816,6,192,0,1.0,budget_tuned_topk,qasper,2562254822,1.0,qasper-1705.05437-cf874cd9023d901e10aa8664b813d32501e7e4d2,1705.05437,1310336220,22020096,192,3113762816,91038,43231
-1.2748606204986572,0.6666666865348816,6,192,0,1.0,power_sharpen,qasper,2562254822,1.0,qasper-1705.05437-cf874cd9023d901e10aa8664b813d32501e7e4d2,1705.05437,1310336220,22020096,192,3113762816,91038,45656
-1.2748606204986572,0.6666666865348816,6,192,0,1.0,entropy_adaptive_sharpen,qasper,2562254822,1.0,qasper-1705.05437-cf874cd9023d901e10aa8664b813d32501e7e4d2,1705.05437,1310336220,22020096,192,3113762816,91038,84063
-1.2949950695037842,0.6666666865348816,6,192,0,1.0,persistence,qasper,1890933792,1.0,qasper-1705.05437-cf874cd9023d901e10aa8664b813d32501e7e4d2,1705.05437,1322139328,22020096,192,3113762816,91038,16648
-2.0930213928222656,0.6666666865348816,6,192,0,0.0,agreement,qasper,1882571014,0.5,qasper-1705.05437-cf874cd9023d901e10aa8664b813d32501e7e4d2,1705.05437,1307260380,22020096,192,3113762816,91038,58047
-1.2748606204986572,0.6666666865348816,6,192,0,1.0,community,qasper,2562254822,1.0,qasper-1705.05437-cf874cd9023d901e10aa8664b813d32501e7e4d2,1705.05437,1310336220,22020096,192,3113762816,91038,56240
-1.2748606204986572,0.6666666865348816,6,192,0,1.0,bridge_preserving,qasper,2562254822,1.0,qasper-1705.05437-cf874cd9023d901e10aa8664b813d32501e7e4d2,1705.05437,1310336220,22020096,192,3113762816,91038,44015
-1.2949950695037842,0.6666666865348816,6,192,0,1.0,combined_structural,qasper,1890933792,1.0,qasper-1705.05437-cf874cd9023d901e10aa8664b813d32501e7e4d2,1705.05437,1322139328,22020096,192,3113762816,91038,69048
-1.2748606204986572,0.6666666865348816,6,192,0,1.0,oracle_evidence,qasper,2562254822,1.0,qasper-1705.05437-cf874cd9023d901e10aa8664b813d32501e7e4d2,1705.05437,1310336220,22020096,192,3113762816,91038,29069
-3.4255030155181885,0.4285714328289032,2,64,0,0.0,base_topk,qasper,1003107462,0.2,qasper-1706.06894-9ca447c8959a693a3f7bdd0a2c516f4b86f95718,1706.06894,549384061,7340032,64,3128492032,91038,56139
-3.4255030155181885,0.4285714328289032,2,64,0,0.0,budget_tuned_topk,qasper,1003107462,0.2,qasper-1706.06894-9ca447c8959a693a3f7bdd0a2c516f4b86f95718,1706.06894,549384061,7340032,64,3128492032,91038,38493
-3.4255030155181885,0.4285714328289032,2,64,0,0.0,power_sharpen,qasper,1003107462,0.2,qasper-1706.06894-9ca447c8959a693a3f7bdd0a2c516f4b86f95718,1706.06894,549384061,7340032,64,3128492032,91038,35617
-3.4255030155181885,0.4285714328289032,2,64,0,0.0,entropy_adaptive_sharpen,qasper,1003107462,0.2,qasper-1706.06894-9ca447c8959a693a3f7bdd0a2c516f4b86f95718,1706.06894,549384061,7340032,64,3128492032,91038,66329
-2.1575002670288086,0.6666666865348816,2,64,0,0.0,persistence,qasper,1003138279,0.2,qasper-1706.06894-9ca447c8959a693a3f7bdd0a2c516f4b86f95718,1706.06894,569990701,7340032,64,3128500224,91038,12031
-3.060718297958374,0.4761904776096344,2,64,0,0.0,agreement,qasper,892099332,0.2,qasper-1706.06894-9ca447c8959a693a3f7bdd0a2c516f4b86f95718,1706.06894,468321068,7340032,64,3128500224,91038,48127
-3.060718297958374,0.4761904776096344,2,64,0,0.0,community,qasper,892099332,0.2,qasper-1706.06894-9ca447c8959a693a3f7bdd0a2c516f4b86f95718,1706.06894,468321068,7340032,64,3128500224,91038,66969
-2.1575002670288086,0.6666666865348816,2,64,0,0.0,bridge_preserving,qasper,1003138279,0.2,qasper-1706.06894-9ca447c8959a693a3f7bdd0a2c516f4b86f95718,1706.06894,569990701,7340032,64,3128500224,91038,54662
-2.1575002670288086,0.6666666865348816,2,64,0,0.0,combined_structural,qasper,1003138279,0.2,qasper-1706.06894-9ca447c8959a693a3f7bdd0a2c516f4b86f95718,1706.06894,569990701,7340032,64,3128500224,91038,81595
-3.4255030155181885,0.4285714328289032,2,64,0,0.0,oracle_evidence,qasper,1003107462,0.2,qasper-1706.06894-9ca447c8959a693a3f7bdd0a2c516f4b86f95718,1706.06894,549384061,7340032,64,3128492032,91038,33734
-3.0997889041900635,0.4761904776096344,4,128,0,0.0,base_topk,qasper,1409459671,0.4,qasper-1706.06894-9ca447c8959a693a3f7bdd0a2c516f4b86f95718,1706.06894,962303570,14680064,128,3128500224,91038,22276
-3.0997889041900635,0.4761904776096344,4,128,0,0.0,budget_tuned_topk,qasper,1409459671,0.4,qasper-1706.06894-9ca447c8959a693a3f7bdd0a2c516f4b86f95718,1706.06894,962303570,14680064,128,3128500224,91038,52888
-3.0997889041900635,0.4761904776096344,4,128,0,0.0,power_sharpen,qasper,1409459671,0.4,qasper-1706.06894-9ca447c8959a693a3f7bdd0a2c516f4b86f95718,1706.06894,962303570,14680064,128,3128500224,91038,56373
-3.0997889041900635,0.4761904776096344,4,128,0,0.0,entropy_adaptive_sharpen,qasper,1409459671,0.4,qasper-1706.06894-9ca447c8959a693a3f7bdd0a2c516f4b86f95718,1706.06894,962303570,14680064,128,3128500224,91038,106855
-2.2315642833709717,0.5714285969734192,4,128,0,0.0,persistence,qasper,1426272515,0.4,qasper-1706.06894-9ca447c8959a693a3f7bdd0a2c516f4b86f95718,1706.06894,957299237,14680064,128,3128500224,91038,22260
-3.397394895553589,0.4285714328289032,4,128,0,0.0,agreement,qasper,1401953286,0.4,qasper-1706.06894-9ca447c8959a693a3f7bdd0a2c516f4b86f95718,1706.06894,957331627,14680064,128,3128500224,91038,69681
-3.0997889041900635,0.4761904776096344,4,128,0,0.0,community,qasper,1409459671,0.4,qasper-1706.06894-9ca447c8959a693a3f7bdd0a2c516f4b86f95718,1706.06894,962303570,14680064,128,3128500224,91038,60037
-2.1122803688049316,0.6666666865348816,4,128,0,0.0,bridge_preserving,qasper,1386987239,0.4,qasper-1706.06894-9ca447c8959a693a3f7bdd0a2c516f4b86f95718,1706.06894,952015664,14680064,128,3128500224,91038,44749
-2.2315642833709717,0.5714285969734192,4,128,0,0.0,combined_structural,qasper,1426272515,0.4,qasper-1706.06894-9ca447c8959a693a3f7bdd0a2c516f4b86f95718,1706.06894,957299237,14680064,128,3128500224,91038,103411
-3.0997889041900635,0.4761904776096344,4,128,0,0.0,oracle_evidence,qasper,1409459671,0.4,qasper-1706.06894-9ca447c8959a693a3f7bdd0a2c516f4b86f95718,1706.06894,962303570,14680064,128,3128500224,91038,35369
-3.018934488296509,0.4761904776096344,6,192,0,0.0,base_topk,qasper,1493941656,0.6,qasper-1706.06894-9ca447c8959a693a3f7bdd0a2c516f4b86f95718,1706.06894,1056668803,22020096,192,3128500224,91038,20397
-3.018934488296509,0.4761904776096344,6,192,0,0.0,budget_tuned_topk,qasper,1493941656,0.6,qasper-1706.06894-9ca447c8959a693a3f7bdd0a2c516f4b86f95718,1706.06894,1056668803,22020096,192,3128500224,91038,63506
-3.018934488296509,0.4761904776096344,6,192,0,0.0,power_sharpen,qasper,1493941656,0.6,qasper-1706.06894-9ca447c8959a693a3f7bdd0a2c516f4b86f95718,1706.06894,1056668803,22020096,192,3128500224,91038,92420
-3.018934488296509,0.4761904776096344,6,192,0,0.0,entropy_adaptive_sharpen,qasper,1493941656,0.6,qasper-1706.06894-9ca447c8959a693a3f7bdd0a2c516f4b86f95718,1706.06894,1056668803,22020096,192,3128500224,91038,107039
-2.0934314727783203,0.6190476417541504,6,192,0,0.0,persistence,qasper,1476534745,0.6,qasper-1706.06894-9ca447c8959a693a3f7bdd0a2c516f4b86f95718,1706.06894,1055102414,22020096,192,3128500224,91038,22684
-3.275221109390259,0.4761904776096344,6,192,0,0.0,agreement,qasper,1507605840,0.5,qasper-1706.06894-9ca447c8959a693a3f7bdd0a2c516f4b86f95718,1706.06894,1054876589,22020096,192,3128500224,91038,46743
-3.018934488296509,0.4761904776096344,6,192,0,0.0,community,qasper,1493941656,0.6,qasper-1706.06894-9ca447c8959a693a3f7bdd0a2c516f4b86f95718,1706.06894,1056668803,22020096,192,3128500224,91038,59444
-2.1485397815704346,0.6190476417541504,6,192,0,0.0,bridge_preserving,qasper,1490542761,0.6,qasper-1706.06894-9ca447c8959a693a3f7bdd0a2c516f4b86f95718,1706.06894,1056154556,22020096,192,3128500224,91038,44575
-2.1692919731140137,0.5714285969734192,6,192,0,0.0,combined_structural,qasper,1505068931,0.5,qasper-1706.06894-9ca447c8959a693a3f7bdd0a2c516f4b86f95718,1706.06894,1056962942,22020096,192,3128500224,91038,124200
-3.018934488296509,0.4761904776096344,6,192,0,0.0,oracle_evidence,qasper,1493941656,0.6,qasper-1706.06894-9ca447c8959a693a3f7bdd0a2c516f4b86f95718,1706.06894,1056668803,22020096,192,3128500224,91038,78257
-5.759537220001221,0.0,2,64,0,0.0,base_topk,qasper,4768857853,0.5,qasper-1712.05608-218bc82796eb8d91611996979a4a42500131a936,1712.05608,475868081,7340032,64,3128635392,91038,68892
-5.759537220001221,0.0,2,64,0,0.0,budget_tuned_topk,qasper,4768857853,0.5,qasper-1712.05608-218bc82796eb8d91611996979a4a42500131a936,1712.05608,475868081,7340032,64,3128635392,91038,42996
-5.759537220001221,0.0,2,64,0,0.0,power_sharpen,qasper,4768857853,0.5,qasper-1712.05608-218bc82796eb8d91611996979a4a42500131a936,1712.05608,475868081,7340032,64,3128635392,91038,40432
-5.759537220001221,0.0,2,64,0,0.0,entropy_adaptive_sharpen,qasper,4768857853,0.5,qasper-1712.05608-218bc82796eb8d91611996979a4a42500131a936,1712.05608,475868081,7340032,64,3128635392,91038,77218
-4.7065935134887695,0.0,2,64,0,0.0,persistence,qasper,1487539585,0.25,qasper-1712.05608-218bc82796eb8d91611996979a4a42500131a936,1712.05608,599738084,7340032,64,3113955328,91038,14865
-13.698702812194824,0.0,2,64,0,0.0,agreement,qasper,1439415736,0.25,qasper-1712.05608-218bc82796eb8d91611996979a4a42500131a936,1712.05608,555209368,7340032,64,3113955328,91038,58868
-5.759537220001221,0.0,2,64,0,0.0,community,qasper,4768857853,0.5,qasper-1712.05608-218bc82796eb8d91611996979a4a42500131a936,1712.05608,475868081,7340032,64,3128635392,91038,70448
-6.935376167297363,0.0,2,64,0,0.0,bridge_preserving,qasper,1439792882,0.25,qasper-1712.05608-218bc82796eb8d91611996979a4a42500131a936,1712.05608,552044927,7340032,64,3113955328,91038,55522
-4.7065935134887695,0.0,2,64,0,0.0,combined_structural,qasper,1487539585,0.25,qasper-1712.05608-218bc82796eb8d91611996979a4a42500131a936,1712.05608,599738084,7340032,64,3113955328,91038,99150
-5.759537220001221,0.0,2,64,0,0.0,oracle_evidence,qasper,4768857853,0.5,qasper-1712.05608-218bc82796eb8d91611996979a4a42500131a936,1712.05608,475868081,7340032,64,3128635392,91038,32692
-6.1399993896484375,0.0,4,128,0,0.0,base_topk,qasper,2556512230,0.75,qasper-1712.05608-218bc82796eb8d91611996979a4a42500131a936,1712.05608,975667047,14680064,128,3113971712,91038,19983
-6.1399993896484375,0.0,4,128,0,0.0,budget_tuned_topk,qasper,2556512230,0.75,qasper-1712.05608-218bc82796eb8d91611996979a4a42500131a936,1712.05608,975667047,14680064,128,3113971712,91038,63586
-6.1399993896484375,0.0,4,128,0,0.0,power_sharpen,qasper,2556512230,0.75,qasper-1712.05608-218bc82796eb8d91611996979a4a42500131a936,1712.05608,975667047,14680064,128,3113971712,91038,70966
-6.1399993896484375,0.0,4,128,0,0.0,entropy_adaptive_sharpen,qasper,2556512230,0.75,qasper-1712.05608-218bc82796eb8d91611996979a4a42500131a936,1712.05608,975667047,14680064,128,3113971712,91038,132231
-8.526389122009277,0.0,4,128,0,0.0,persistence,qasper,1870978800,0.5,qasper-1712.05608-218bc82796eb8d91611996979a4a42500131a936,1712.05608,977495918,14680064,128,3113971712,91038,28082
-9.302872657775879,0.0,4,128,0,0.0,agreement,qasper,1863618231,0.5,qasper-1712.05608-218bc82796eb8d91611996979a4a42500131a936,1712.05608,972876973,14680064,128,3113971712,91038,50096
-7.073087692260742,0.0,4,128,0,0.0,community,qasper,1863333969,0.75,qasper-1712.05608-218bc82796eb8d91611996979a4a42500131a936,1712.05608,967260526,14680064,128,3113971712,91038,44069
-8.858476638793945,0.0,4,128,0,0.0,bridge_preserving,qasper,1874787337,0.5,qasper-1712.05608-218bc82796eb8d91611996979a4a42500131a936,1712.05608,979692773,14680064,128,3113971712,91038,74983
-6.230218410491943,0.0,4,128,0,0.0,combined_structural,qasper,1870272420,0.5,qasper-1712.05608-218bc82796eb8d91611996979a4a42500131a936,1712.05608,978901364,14680064,128,3113971712,91038,102177
-6.107892990112305,0.0,4,128,0,1.0,oracle_evidence,qasper,1876729561,1.0,qasper-1712.05608-218bc82796eb8d91611996979a4a42500131a936,1712.05608,981801374,14680064,128,3113971712,91038,79597
-10.61429500579834,0.0,6,192,0,0.0,base_topk,qasper,2924839627,0.75,qasper-1712.05608-218bc82796eb8d91611996979a4a42500131a936,1712.05608,1315544347,22020096,192,3113988096,91038,53049
-10.61429500579834,0.0,6,192,0,0.0,budget_tuned_topk,qasper,2924839627,0.75,qasper-1712.05608-218bc82796eb8d91611996979a4a42500131a936,1712.05608,1315544347,22020096,192,3113988096,91038,64636
-10.61429500579834,0.0,6,192,0,0.0,power_sharpen,qasper,2924839627,0.75,qasper-1712.05608-218bc82796eb8d91611996979a4a42500131a936,1712.05608,1315544347,22020096,192,3113988096,91038,70679
-10.61429500579834,0.0,6,192,0,0.0,entropy_adaptive_sharpen,qasper,2924839627,0.75,qasper-1712.05608-218bc82796eb8d91611996979a4a42500131a936,1712.05608,1315544347,22020096,192,3113988096,91038,128164
-9.557821273803711,0.0,6,192,0,1.0,persistence,qasper,2219048233,1.0,qasper-1712.05608-218bc82796eb8d91611996979a4a42500131a936,1712.05608,1310770712,22020096,192,3113988096,91038,28114
-10.61429500579834,0.0,6,192,0,0.0,agreement,qasper,2924839627,0.75,qasper-1712.05608-218bc82796eb8d91611996979a4a42500131a936,1712.05608,1315544347,22020096,192,3113988096,91038,48334
-10.61429500579834,0.0,6,192,0,0.0,community,qasper,2924839627,0.75,qasper-1712.05608-218bc82796eb8d91611996979a4a42500131a936,1712.05608,1315544347,22020096,192,3113988096,91038,20606
-8.681373596191406,0.0,6,192,0,0.0,bridge_preserving,qasper,2230259696,0.75,qasper-1712.05608-218bc82796eb8d91611996979a4a42500131a936,1712.05608,1323991057,22020096,192,3113988096,91038,33990
-9.557821273803711,0.0,6,192,0,1.0,combined_structural,qasper,2219048233,1.0,qasper-1712.05608-218bc82796eb8d91611996979a4a42500131a936,1712.05608,1310770712,22020096,192,3113988096,91038,103094
-8.363031387329102,0.0,6,192,0,1.0,oracle_evidence,qasper,2220473069,1.0,qasper-1712.05608-218bc82796eb8d91611996979a4a42500131a936,1712.05608,1313358550,22020096,192,3113988096,91038,28626
-4.576773643493652,0.0,2,64,0,0.0,base_topk,qasper,5973697266,0.25,qasper-1801.02073-a9337636b52de375c852682a2561af2c1db5ec63,1801.02073,551389110,7340032,64,3114086400,91038,93045
-4.576773643493652,0.0,2,64,0,0.0,budget_tuned_topk,qasper,5973697266,0.25,qasper-1801.02073-a9337636b52de375c852682a2561af2c1db5ec63,1801.02073,551389110,7340032,64,3114086400,91038,55772
-4.576773643493652,0.0,2,64,0,0.0,power_sharpen,qasper,5973697266,0.25,qasper-1801.02073-a9337636b52de375c852682a2561af2c1db5ec63,1801.02073,551389110,7340032,64,3114086400,91038,57922
-4.576773643493652,0.0,2,64,0,0.0,entropy_adaptive_sharpen,qasper,5973697266,0.25,qasper-1801.02073-a9337636b52de375c852682a2561af2c1db5ec63,1801.02073,551389110,7340032,64,3114086400,91038,115021
-4.157620429992676,0.0,2,64,0,0.0,persistence,qasper,2587037401,0.5,qasper-1801.02073-a9337636b52de375c852682a2561af2c1db5ec63,1801.02073,549467220,7340032,64,3114086400,91038,17914
-5.749426364898682,0.0,2,64,0,0.0,agreement,qasper,2589118385,0.0,qasper-1801.02073-a9337636b52de375c852682a2561af2c1db5ec63,1801.02073,547840512,7340032,64,3114086400,91038,47483
-5.072699546813965,0.0,2,64,0,0.0,community,qasper,2596205761,0.25,qasper-1801.02073-a9337636b52de375c852682a2561af2c1db5ec63,1801.02073,553552811,7340032,64,3114086400,91038,57208
-4.576773643493652,0.0,2,64,0,0.0,bridge_preserving,qasper,5973697266,0.25,qasper-1801.02073-a9337636b52de375c852682a2561af2c1db5ec63,1801.02073,551389110,7340032,64,3114086400,91038,61428
-4.157620429992676,0.0,2,64,0,0.0,combined_structural,qasper,2587037401,0.5,qasper-1801.02073-a9337636b52de375c852682a2561af2c1db5ec63,1801.02073,549467220,7340032,64,3114086400,91038,54639
-3.8247454166412354,0.0,2,64,0,0.0,oracle_evidence,qasper,2593982980,0.5,qasper-1801.02073-a9337636b52de375c852682a2561af2c1db5ec63,1801.02073,549790696,7340032,64,3114086400,91038,22828
-4.195476531982422,0.0,4,128,0,0.0,base_topk,qasper,3838421606,0.75,qasper-1801.02073-a9337636b52de375c852682a2561af2c1db5ec63,1801.02073,978733973,14680064,128,3114102784,91038,63690
-4.195476531982422,0.0,4,128,0,0.0,budget_tuned_topk,qasper,3838421606,0.75,qasper-1801.02073-a9337636b52de375c852682a2561af2c1db5ec63,1801.02073,978733973,14680064,128,3114102784,91038,52496
-4.195476531982422,0.0,4,128,0,0.0,power_sharpen,qasper,3838421606,0.75,qasper-1801.02073-a9337636b52de375c852682a2561af2c1db5ec63,1801.02073,978733973,14680064,128,3114102784,91038,56444
-4.195476531982422,0.0,4,128,0,0.0,entropy_adaptive_sharpen,qasper,3838421606,0.75,qasper-1801.02073-a9337636b52de375c852682a2561af2c1db5ec63,1801.02073,978733973,14680064,128,3114102784,91038,104526
-3.3367350101470947,0.0,4,128,0,0.0,persistence,qasper,3144906702,0.75,qasper-1801.02073-a9337636b52de375c852682a2561af2c1db5ec63,1801.02073,976376986,14680064,128,3114102784,91038,21749
-5.721953392028809,0.0,4,128,0,0.0,agreement,qasper,3151927644,0.25,qasper-1801.02073-a9337636b52de375c852682a2561af2c1db5ec63,1801.02073,983615273,14680064,128,3114102784,91038,68551
-4.487308979034424,0.0,4,128,0,0.0,community,qasper,3137529279,0.5,qasper-1801.02073-a9337636b52de375c852682a2561af2c1db5ec63,1801.02073,974355311,14680064,128,3114102784,91038,57846
-4.195476531982422,0.0,4,128,0,0.0,bridge_preserving,qasper,3838421606,0.75,qasper-1801.02073-a9337636b52de375c852682a2561af2c1db5ec63,1801.02073,978733973,14680064,128,3114102784,91038,75697
-4.195476531982422,0.0,4,128,0,0.0,combined_structural,qasper,3838421606,0.75,qasper-1801.02073-a9337636b52de375c852682a2561af2c1db5ec63,1801.02073,978733973,14680064,128,3114102784,91038,69799
-4.093963623046875,0.0,4,128,0,1.0,oracle_evidence,qasper,3154290969,1.0,qasper-1801.02073-a9337636b52de375c852682a2561af2c1db5ec63,1801.02073,986114094,14680064,128,3114102784,91038,29917
-3.720672130584717,0.0,6,192,0,0.0,base_topk,qasper,4289550203,0.75,qasper-1801.02073-a9337636b52de375c852682a2561af2c1db5ec63,1801.02073,1308473611,22020096,192,3114119168,91038,50200
-3.720672130584717,0.0,6,192,0,0.0,budget_tuned_topk,qasper,4289550203,0.75,qasper-1801.02073-a9337636b52de375c852682a2561af2c1db5ec63,1801.02073,1308473611,22020096,192,3114119168,91038,54212
-3.720672130584717,0.0,6,192,0,0.0,power_sharpen,qasper,4289550203,0.75,qasper-1801.02073-a9337636b52de375c852682a2561af2c1db5ec63,1801.02073,1308473611,22020096,192,3114119168,91038,49856
-3.720672130584717,0.0,6,192,0,0.0,entropy_adaptive_sharpen,qasper,4289550203,0.75,qasper-1801.02073-a9337636b52de375c852682a2561af2c1db5ec63,1801.02073,1308473611,22020096,192,3114119168,91038,93679
-4.18248987197876,0.0,6,192,0,0.0,persistence,qasper,3612544877,0.75,qasper-1801.02073-a9337636b52de375c852682a2561af2c1db5ec63,1801.02073,1316180051,22020096,192,3114119168,91038,19660
-4.436305999755859,0.0,6,192,0,0.0,agreement,qasper,3607829107,0.5,qasper-1801.02073-a9337636b52de375c852682a2561af2c1db5ec63,1801.02073,1311648391,22020096,192,3114119168,91038,57278
-3.720672130584717,0.0,6,192,0,0.0,community,qasper,4289550203,0.75,qasper-1801.02073-a9337636b52de375c852682a2561af2c1db5ec63,1801.02073,1308473611,22020096,192,3114119168,91038,57445
-3.9529812335968018,0.0,6,192,0,1.0,bridge_preserving,qasper,3608547560,1.0,qasper-1801.02073-a9337636b52de375c852682a2561af2c1db5ec63,1801.02073,1314144032,22020096,192,3114119168,91038,45332
-4.18248987197876,0.0,6,192,0,0.0,combined_structural,qasper,3612544877,0.75,qasper-1801.02073-a9337636b52de375c852682a2561af2c1db5ec63,1801.02073,1316180051,22020096,192,3114119168,91038,99673
-3.9529812335968018,0.0,6,192,0,1.0,oracle_evidence,qasper,3608547560,1.0,qasper-1801.02073-a9337636b52de375c852682a2561af2c1db5ec63,1801.02073,1314144032,22020096,192,3114119168,91038,34603
-3.346825361251831,0.4166666865348816,2,64,0,0.0,base_topk,qasper,6358030487,0.16666666666666666,qasper-1802.06024-286078813136943dfafb5155ee15d2429e7601d9,1802.06024,552279903,7340032,64,3143630848,91038,59455
-3.346825361251831,0.4166666865348816,2,64,0,0.0,budget_tuned_topk,qasper,6358030487,0.16666666666666666,qasper-1802.06024-286078813136943dfafb5155ee15d2429e7601d9,1802.06024,552279903,7340032,64,3143630848,91038,46582
-3.346825361251831,0.4166666865348816,2,64,0,0.0,power_sharpen,qasper,6358030487,0.16666666666666666,qasper-1802.06024-286078813136943dfafb5155ee15d2429e7601d9,1802.06024,552279903,7340032,64,3143630848,91038,46083
-3.346825361251831,0.4166666865348816,2,64,0,0.0,entropy_adaptive_sharpen,qasper,6358030487,0.16666666666666666,qasper-1802.06024-286078813136943dfafb5155ee15d2429e7601d9,1802.06024,552279903,7340032,64,3143630848,91038,86334
-3.7383716106414795,0.375,2,64,0,0.0,persistence,qasper,2943893243,0.16666666666666666,qasper-1802.06024-286078813136943dfafb5155ee15d2429e7601d9,1802.06024,570323865,7340032,64,3143639040,91038,17021
-3.346825361251831,0.4166666865348816,2,64,0,0.0,agreement,qasper,6358030487,0.16666666666666666,qasper-1802.06024-286078813136943dfafb5155ee15d2429e7601d9,1802.06024,552279903,7340032,64,3143630848,91038,55895
-3.2004709243774414,0.3958333432674408,2,64,0,0.0,community,qasper,2856886697,0.16666666666666666,qasper-1802.06024-286078813136943dfafb5155ee15d2429e7601d9,1802.06024,487659716,7340032,64,3143639040,91038,24323
-3.1377830505371094,0.4166666865348816,2,64,0,0.0,bridge_preserving,qasper,2855249339,0.16666666666666666,qasper-1802.06024-286078813136943dfafb5155ee15d2429e7601d9,1802.06024,485804384,7340032,64,3143639040,91038,77331
-3.7383716106414795,0.375,2,64,0,0.0,combined_structural,qasper,2943893243,0.16666666666666666,qasper-1802.06024-286078813136943dfafb5155ee15d2429e7601d9,1802.06024,570323865,7340032,64,3143639040,91038,99232
-3.346825361251831,0.4166666865348816,2,64,0,0.0,oracle_evidence,qasper,6358030487,0.16666666666666666,qasper-1802.06024-286078813136943dfafb5155ee15d2429e7601d9,1802.06024,552279903,7340032,64,3143630848,91038,32397
-3.3136019706726074,0.3958333432674408,4,128,0,0.0,base_topk,qasper,4126969156,0.3333333333333333,qasper-1802.06024-286078813136943dfafb5155ee15d2429e7601d9,1802.06024,960574241,14680064,128,3143655424,91038,18397
-3.3136019706726074,0.3958333432674408,4,128,0,0.0,budget_tuned_topk,qasper,4126969156,0.3333333333333333,qasper-1802.06024-286078813136943dfafb5155ee15d2429e7601d9,1802.06024,960574241,14680064,128,3143655424,91038,64967
-3.3136019706726074,0.3958333432674408,4,128,0,0.0,power_sharpen,qasper,4126969156,0.3333333333333333,qasper-1802.06024-286078813136943dfafb5155ee15d2429e7601d9,1802.06024,960574241,14680064,128,3143655424,91038,73553
-3.3136019706726074,0.3958333432674408,4,128,0,0.0,entropy_adaptive_sharpen,qasper,4126969156,0.3333333333333333,qasper-1802.06024-286078813136943dfafb5155ee15d2429e7601d9,1802.06024,960574241,14680064,128,3143655424,91038,135859
-3.272747755050659,0.4166666865348816,4,128,0,0.0,persistence,qasper,3468974956,0.3333333333333333,qasper-1802.06024-286078813136943dfafb5155ee15d2429e7601d9,1802.06024,962599249,14680064,128,3143655424,91038,22043
-3.3358495235443115,0.4166666865348816,4,128,0,0.0,agreement,qasper,3460479977,0.3333333333333333,qasper-1802.06024-286078813136943dfafb5155ee15d2429e7601d9,1802.06024,959401523,14680064,128,3143655424,91038,69925
-3.3358495235443115,0.4166666865348816,4,128,0,0.0,community,qasper,3460479977,0.3333333333333333,qasper-1802.06024-286078813136943dfafb5155ee15d2429e7601d9,1802.06024,959401523,14680064,128,3143655424,91038,69343
-3.2777228355407715,0.3958333432674408,4,128,0,0.0,bridge_preserving,qasper,3466285833,0.3333333333333333,qasper-1802.06024-286078813136943dfafb5155ee15d2429e7601d9,1802.06024,959386329,14680064,128,3143655424,91038,55835
-3.272747755050659,0.4166666865348816,4,128,0,0.0,combined_structural,qasper,3468974956,0.3333333333333333,qasper-1802.06024-286078813136943dfafb5155ee15d2429e7601d9,1802.06024,962599249,14680064,128,3143655424,91038,84475
-3.3136019706726074,0.3958333432674408,4,128,0,0.0,oracle_evidence,qasper,4126969156,0.3333333333333333,qasper-1802.06024-286078813136943dfafb5155ee15d2429e7601d9,1802.06024,960574241,14680064,128,3143655424,91038,26857
-3.337414264678955,0.3958333432674408,6,192,0,0.0,base_topk,qasper,4377953328,0.5,qasper-1802.06024-286078813136943dfafb5155ee15d2429e7601d9,1802.06024,1055302733,22020096,192,3143671808,91038,15166
-3.337414264678955,0.3958333432674408,6,192,0,0.0,budget_tuned_topk,qasper,4377953328,0.5,qasper-1802.06024-286078813136943dfafb5155ee15d2429e7601d9,1802.06024,1055302733,22020096,192,3143671808,91038,64354
-3.337414264678955,0.3958333432674408,6,192,0,0.0,power_sharpen,qasper,4377953328,0.5,qasper-1802.06024-286078813136943dfafb5155ee15d2429e7601d9,1802.06024,1055302733,22020096,192,3143671808,91038,70784
-3.337414264678955,0.3958333432674408,6,192,0,0.0,entropy_adaptive_sharpen,qasper,4377953328,0.5,qasper-1802.06024-286078813136943dfafb5155ee15d2429e7601d9,1802.06024,1055302733,22020096,192,3143671808,91038,132907
-3.253711700439453,0.4166666865348816,6,192,0,0.0,persistence,qasper,3700966268,0.5,qasper-1802.06024-286078813136943dfafb5155ee15d2429e7601d9,1802.06024,1057183807,22020096,192,3143671808,91038,30008
-3.3770790100097656,0.4375,6,192,0,0.0,agreement,qasper,3701518026,0.5,qasper-1802.06024-286078813136943dfafb5155ee15d2429e7601d9,1802.06024,1055983318,22020096,192,3143671808,91038,68885
-3.2375218868255615,0.4583333432674408,6,192,0,0.0,community,qasper,3697617530,0.5,qasper-1802.06024-286078813136943dfafb5155ee15d2429e7601d9,1802.06024,1056199852,22020096,192,3143671808,91038,70173
-3.2097792625427246,0.3958333432674408,6,192,0,0.0,bridge_preserving,qasper,3697931091,0.5,qasper-1802.06024-286078813136943dfafb5155ee15d2429e7601d9,1802.06024,1056725403,22020096,192,3143671808,91038,78803
-3.2201125621795654,0.4166666865348816,6,192,0,0.0,combined_structural,qasper,3699768145,0.5,qasper-1802.06024-286078813136943dfafb5155ee15d2429e7601d9,1802.06024,1055513026,22020096,192,3143671808,91038,93275
-3.337414264678955,0.3958333432674408,6,192,0,0.0,oracle_evidence,qasper,4377953328,0.5,qasper-1802.06024-286078813136943dfafb5155ee15d2429e7601d9,1802.06024,1055302733,22020096,192,3143671808,91038,56373
-5.148955345153809,0.0,2,64,0,0.0,base_topk,qasper,2587605907,0.2,qasper-1802.07862-7cd22ca9e107d2b13a7cc94252aaa9007976b338,1802.07862,550379311,7340032,64,3143671808,91038,51013
-5.148955345153809,0.0,2,64,0,0.0,budget_tuned_topk,qasper,2587605907,0.2,qasper-1802.07862-7cd22ca9e107d2b13a7cc94252aaa9007976b338,1802.07862,550379311,7340032,64,3143671808,91038,63759
-5.148955345153809,0.0,2,64,0,0.0,power_sharpen,qasper,2587605907,0.2,qasper-1802.07862-7cd22ca9e107d2b13a7cc94252aaa9007976b338,1802.07862,550379311,7340032,64,3143671808,91038,68911
-5.148955345153809,0.0,2,64,0,0.0,entropy_adaptive_sharpen,qasper,2587605907,0.2,qasper-1802.07862-7cd22ca9e107d2b13a7cc94252aaa9007976b338,1802.07862,550379311,7340032,64,3143671808,91038,130620
-5.528056621551514,0.0,2,64,0,0.0,persistence,qasper,2587195617,0.4,qasper-1802.07862-7cd22ca9e107d2b13a7cc94252aaa9007976b338,1802.07862,551289703,7340032,64,3114311680,91038,27595
-5.33371639251709,0.0,2,64,0,0.0,agreement,qasper,2585387634,0.2,qasper-1802.07862-7cd22ca9e107d2b13a7cc94252aaa9007976b338,1802.07862,552126147,7340032,64,3114311680,91038,68947
-5.528056621551514,0.0,2,64,0,0.0,community,qasper,2587195617,0.4,qasper-1802.07862-7cd22ca9e107d2b13a7cc94252aaa9007976b338,1802.07862,551289703,7340032,64,3114311680,91038,59550
-4.701678276062012,0.0,2,64,0,0.0,bridge_preserving,qasper,2584711255,0.4,qasper-1802.07862-7cd22ca9e107d2b13a7cc94252aaa9007976b338,1802.07862,551155764,7340032,64,3114311680,91038,42878
-5.528056621551514,0.0,2,64,0,0.0,combined_structural,qasper,2587195617,0.4,qasper-1802.07862-7cd22ca9e107d2b13a7cc94252aaa9007976b338,1802.07862,551289703,7340032,64,3114311680,91038,99099
-4.701678276062012,0.0,2,64,0,0.0,oracle_evidence,qasper,2584711255,0.4,qasper-1802.07862-7cd22ca9e107d2b13a7cc94252aaa9007976b338,1802.07862,551155764,7340032,64,3114311680,91038,34021
-5.036868095397949,0.0,4,128,0,0.0,base_topk,qasper,3145644011,0.4,qasper-1802.07862-7cd22ca9e107d2b13a7cc94252aaa9007976b338,1802.07862,977381441,14680064,128,3114311680,91038,19384
-5.036868095397949,0.0,4,128,0,0.0,budget_tuned_topk,qasper,3145644011,0.4,qasper-1802.07862-7cd22ca9e107d2b13a7cc94252aaa9007976b338,1802.07862,977381441,14680064,128,3114311680,91038,69462
-5.036868095397949,0.0,4,128,0,0.0,power_sharpen,qasper,3145644011,0.4,qasper-1802.07862-7cd22ca9e107d2b13a7cc94252aaa9007976b338,1802.07862,977381441,14680064,128,3114311680,91038,74004
-5.036868095397949,0.0,4,128,0,0.0,entropy_adaptive_sharpen,qasper,3145644011,0.4,qasper-1802.07862-7cd22ca9e107d2b13a7cc94252aaa9007976b338,1802.07862,977381441,14680064,128,3114311680,91038,137965
-5.29552698135376,0.0,4,128,0,0.0,persistence,qasper,3140991441,0.6,qasper-1802.07862-7cd22ca9e107d2b13a7cc94252aaa9007976b338,1802.07862,977245912,14680064,128,3114311680,91038,38376
-6.470742225646973,0.0,4,128,0,0.0,agreement,qasper,3143233344,0.4,qasper-1802.07862-7cd22ca9e107d2b13a7cc94252aaa9007976b338,1802.07862,982888253,14680064,128,3114311680,91038,70051
-5.254167556762695,0.0,4,128,0,0.0,community,qasper,3128368903,0.4,qasper-1802.07862-7cd22ca9e107d2b13a7cc94252aaa9007976b338,1802.07862,974439977,14680064,128,3114311680,91038,66787
-5.036868095397949,0.0,4,128,0,0.0,bridge_preserving,qasper,3145644011,0.4,qasper-1802.07862-7cd22ca9e107d2b13a7cc94252aaa9007976b338,1802.07862,977381441,14680064,128,3114311680,91038,75219
-5.29552698135376,0.0,4,128,0,0.0,combined_structural,qasper,3140991441,0.6,qasper-1802.07862-7cd22ca9e107d2b13a7cc94252aaa9007976b338,1802.07862,977245912,14680064,128,3114311680,91038,71870
-5.384657859802246,0.0,4,128,0,0.0,oracle_evidence,qasper,3142904164,0.8,qasper-1802.07862-7cd22ca9e107d2b13a7cc94252aaa9007976b338,1802.07862,976959021,14680064,128,3114311680,91038,30244
-4.516855716705322,0.0,6,192,0,0.0,base_topk,qasper,3603287679,0.6,qasper-1802.07862-7cd22ca9e107d2b13a7cc94252aaa9007976b338,1802.07862,1308767612,22020096,192,3114311680,91038,43416
-4.516855716705322,0.0,6,192,0,0.0,budget_tuned_topk,qasper,3603287679,0.6,qasper-1802.07862-7cd22ca9e107d2b13a7cc94252aaa9007976b338,1802.07862,1308767612,22020096,192,3114311680,91038,44147
-4.516855716705322,0.0,6,192,0,0.0,power_sharpen,qasper,3603287679,0.6,qasper-1802.07862-7cd22ca9e107d2b13a7cc94252aaa9007976b338,1802.07862,1308767612,22020096,192,3114311680,91038,48256
-4.516855716705322,0.0,6,192,0,0.0,entropy_adaptive_sharpen,qasper,3603287679,0.6,qasper-1802.07862-7cd22ca9e107d2b13a7cc94252aaa9007976b338,1802.07862,1308767612,22020096,192,3114311680,91038,87601
-4.641676902770996,0.0,6,192,0,1.0,persistence,qasper,3605592816,1.0,qasper-1802.07862-7cd22ca9e107d2b13a7cc94252aaa9007976b338,1802.07862,1319524360,22020096,192,3114311680,91038,18347
-4.678542613983154,0.0,6,192,0,0.0,agreement,qasper,3596049118,0.6,qasper-1802.07862-7cd22ca9e107d2b13a7cc94252aaa9007976b338,1802.07862,1306802092,22020096,192,3114311680,91038,71113
-4.516855716705322,0.0,6,192,0,0.0,community,qasper,3603287679,0.6,qasper-1802.07862-7cd22ca9e107d2b13a7cc94252aaa9007976b338,1802.07862,1308767612,22020096,192,3114311680,91038,48530
-5.727700710296631,0.0,6,192,0,0.0,bridge_preserving,qasper,3602431844,0.8,qasper-1802.07862-7cd22ca9e107d2b13a7cc94252aaa9007976b338,1802.07862,1311483894,22020096,192,3114311680,91038,34533
-4.641676902770996,0.0,6,192,0,1.0,combined_structural,qasper,3605592816,1.0,qasper-1802.07862-7cd22ca9e107d2b13a7cc94252aaa9007976b338,1802.07862,1319524360,22020096,192,3114311680,91038,99222
-4.641676902770996,0.0,6,192,0,1.0,oracle_evidence,qasper,3605592816,1.0,qasper-1802.07862-7cd22ca9e107d2b13a7cc94252aaa9007976b338,1802.07862,1319524360,22020096,192,3114311680,91038,34262
-4.627034664154053,0.3333333432674408,2,64,0,0.0,base_topk,qasper,2547200265,0.18181818181818182,qasper-1804.05918-f17ca24b135f9fe6bb25dc5084b13e1637ec7744,1804.05918,550030933,7340032,64,3114311680,91038,62185
-4.627034664154053,0.3333333432674408,2,64,0,0.0,budget_tuned_topk,qasper,2547200265,0.18181818181818182,qasper-1804.05918-f17ca24b135f9fe6bb25dc5084b13e1637ec7744,1804.05918,550030933,7340032,64,3114311680,91038,52071
-4.627034664154053,0.3333333432674408,2,64,0,0.0,power_sharpen,qasper,2547200265,0.18181818181818182,qasper-1804.05918-f17ca24b135f9fe6bb25dc5084b13e1637ec7744,1804.05918,550030933,7340032,64,3114311680,91038,56489
-4.627034664154053,0.3333333432674408,2,64,0,0.0,entropy_adaptive_sharpen,qasper,2547200265,0.18181818181818182,qasper-1804.05918-f17ca24b135f9fe6bb25dc5084b13e1637ec7744,1804.05918,550030933,7340032,64,3114311680,91038,109702
-4.627034664154053,0.3333333432674408,2,64,0,0.0,persistence,qasper,2547200265,0.18181818181818182,qasper-1804.05918-f17ca24b135f9fe6bb25dc5084b13e1637ec7744,1804.05918,550030933,7340032,64,3114311680,91038,22364
-4.627034664154053,0.3333333432674408,2,64,0,0.0,agreement,qasper,2547200265,0.18181818181818182,qasper-1804.05918-f17ca24b135f9fe6bb25dc5084b13e1637ec7744,1804.05918,550030933,7340032,64,3114311680,91038,19507
-4.627034664154053,0.3333333432674408,2,64,0,0.0,community,qasper,2547200265,0.18181818181818182,qasper-1804.05918-f17ca24b135f9fe6bb25dc5084b13e1637ec7744,1804.05918,550030933,7340032,64,3114311680,91038,18026
-2.510390281677246,0.3333333432674408,2,64,0,0.0,bridge_preserving,qasper,2528717331,0.18181818181818182,qasper-1804.05918-f17ca24b135f9fe6bb25dc5084b13e1637ec7744,1804.05918,550533892,7340032,64,3114311680,91038,37250
-4.627034664154053,0.3333333432674408,2,64,0,0.0,combined_structural,qasper,2547200265,0.18181818181818182,qasper-1804.05918-f17ca24b135f9fe6bb25dc5084b13e1637ec7744,1804.05918,550030933,7340032,64,3114311680,91038,104756
-4.627034664154053,0.3333333432674408,2,64,0,0.0,oracle_evidence,qasper,2547200265,0.18181818181818182,qasper-1804.05918-f17ca24b135f9fe6bb25dc5084b13e1637ec7744,1804.05918,550030933,7340032,64,3114311680,91038,35949
-4.9715118408203125,0.3333333432674408,4,128,0,0.0,base_topk,qasper,3087154112,0.36363636363636365,qasper-1804.05918-f17ca24b135f9fe6bb25dc5084b13e1637ec7744,1804.05918,977922507,14680064,128,3114311680,91038,20418
-4.9715118408203125,0.3333333432674408,4,128,0,0.0,budget_tuned_topk,qasper,3087154112,0.36363636363636365,qasper-1804.05918-f17ca24b135f9fe6bb25dc5084b13e1637ec7744,1804.05918,977922507,14680064,128,3114311680,91038,54128
-4.9715118408203125,0.3333333432674408,4,128,0,0.0,power_sharpen,qasper,3087154112,0.36363636363636365,qasper-1804.05918-f17ca24b135f9fe6bb25dc5084b13e1637ec7744,1804.05918,977922507,14680064,128,3114311680,91038,56562
-4.9715118408203125,0.3333333432674408,4,128,0,0.0,entropy_adaptive_sharpen,qasper,3087154112,0.36363636363636365,qasper-1804.05918-f17ca24b135f9fe6bb25dc5084b13e1637ec7744,1804.05918,977922507,14680064,128,3114311680,91038,105660
-3.6726884841918945,0.3333333432674408,4,128,0,0.0,persistence,qasper,3079302099,0.36363636363636365,qasper-1804.05918-f17ca24b135f9fe6bb25dc5084b13e1637ec7744,1804.05918,982634642,14680064,128,3114311680,91038,21915
-4.306743621826172,0.3333333432674408,4,128,0,0.0,agreement,qasper,3073640529,0.36363636363636365,qasper-1804.05918-f17ca24b135f9fe6bb25dc5084b13e1637ec7744,1804.05918,973443436,14680064,128,3114311680,91038,56142
-4.9715118408203125,0.3333333432674408,4,128,0,0.0,community,qasper,3087154112,0.36363636363636365,qasper-1804.05918-f17ca24b135f9fe6bb25dc5084b13e1637ec7744,1804.05918,977922507,14680064,128,3114311680,91038,68386
-4.734306335449219,0.3333333432674408,4,128,0,0.0,bridge_preserving,qasper,3082799482,0.36363636363636365,qasper-1804.05918-f17ca24b135f9fe6bb25dc5084b13e1637ec7744,1804.05918,979038163,14680064,128,3114311680,91038,54454
-3.6726884841918945,0.3333333432674408,4,128,0,0.0,combined_structural,qasper,3079302099,0.36363636363636365,qasper-1804.05918-f17ca24b135f9fe6bb25dc5084b13e1637ec7744,1804.05918,982634642,14680064,128,3114311680,91038,125700
-4.9715118408203125,0.3333333432674408,4,128,0,0.0,oracle_evidence,qasper,3087154112,0.36363636363636365,qasper-1804.05918-f17ca24b135f9fe6bb25dc5084b13e1637ec7744,1804.05918,977922507,14680064,128,3114311680,91038,42498
-4.7283453941345215,0.3333333432674408,6,192,0,0.0,base_topk,qasper,3533910069,0.5454545454545454,qasper-1804.05918-f17ca24b135f9fe6bb25dc5084b13e1637ec7744,1804.05918,1309440515,22020096,192,3114311680,91038,18727
-4.7283453941345215,0.3333333432674408,6,192,0,0.0,budget_tuned_topk,qasper,3533910069,0.5454545454545454,qasper-1804.05918-f17ca24b135f9fe6bb25dc5084b13e1637ec7744,1804.05918,1309440515,22020096,192,3114311680,91038,43812
-4.7283453941345215,0.3333333432674408,6,192,0,0.0,power_sharpen,qasper,3533910069,0.5454545454545454,qasper-1804.05918-f17ca24b135f9fe6bb25dc5084b13e1637ec7744,1804.05918,1309440515,22020096,192,3114311680,91038,44967
-4.7283453941345215,0.3333333432674408,6,192,0,0.0,entropy_adaptive_sharpen,qasper,3533910069,0.5454545454545454,qasper-1804.05918-f17ca24b135f9fe6bb25dc5084b13e1637ec7744,1804.05918,1309440515,22020096,192,3114311680,91038,82935
-4.359948635101318,0.3333333432674408,6,192,0,0.0,persistence,qasper,3529865741,0.5454545454545454,qasper-1804.05918-f17ca24b135f9fe6bb25dc5084b13e1637ec7744,1804.05918,1310328264,22020096,192,3114311680,91038,15752
-3.8447017669677734,0.3333333432674408,6,192,0,0.0,agreement,qasper,3543756038,0.5454545454545454,qasper-1804.05918-f17ca24b135f9fe6bb25dc5084b13e1637ec7744,1804.05918,1312573189,22020096,192,3114311680,91038,55531
-4.626898765563965,0.3333333432674408,6,192,0,0.0,community,qasper,3537000598,0.5454545454545454,qasper-1804.05918-f17ca24b135f9fe6bb25dc5084b13e1637ec7744,1804.05918,1313158835,22020096,192,3114311680,91038,58266
-4.865586280822754,0.3333333432674408,6,192,0,0.0,bridge_preserving,qasper,3534739997,0.45454545454545453,qasper-1804.05918-f17ca24b135f9fe6bb25dc5084b13e1637ec7744,1804.05918,1309775512,22020096,192,3114311680,91038,82197
-4.359948635101318,0.3333333432674408,6,192,0,0.0,combined_structural,qasper,3529865741,0.5454545454545454,qasper-1804.05918-f17ca24b135f9fe6bb25dc5084b13e1637ec7744,1804.05918,1310328264,22020096,192,3114311680,91038,121828
-4.7283453941345215,0.3333333432674408,6,192,0,0.0,oracle_evidence,qasper,3533910069,0.5454545454545454,qasper-1804.05918-f17ca24b135f9fe6bb25dc5084b13e1637ec7744,1804.05918,1309440515,22020096,192,3114311680,91038,43456
-4.241646766662598,0.0,2,64,0,0.0,base_topk,qasper,5012085989,0.2222222222222222,qasper-1901.05287-d27438b11bc70e706431dda0af2b1c0b0d209f96,1901.05287,550694034,7340032,64,3114409984,91038,56079
-4.241646766662598,0.0,2,64,0,0.0,budget_tuned_topk,qasper,5012085989,0.2222222222222222,qasper-1901.05287-d27438b11bc70e706431dda0af2b1c0b0d209f96,1901.05287,550694034,7340032,64,3114409984,91038,51029
-4.241646766662598,0.0,2,64,0,0.0,power_sharpen,qasper,5012085989,0.2222222222222222,qasper-1901.05287-d27438b11bc70e706431dda0af2b1c0b0d209f96,1901.05287,550694034,7340032,64,3114409984,91038,57132
-4.241646766662598,0.0,2,64,0,0.0,entropy_adaptive_sharpen,qasper,5012085989,0.2222222222222222,qasper-1901.05287-d27438b11bc70e706431dda0af2b1c0b0d209f96,1901.05287,550694034,7340032,64,3114409984,91038,116635
-4.7932329177856445,0.0,2,64,0,0.0,persistence,qasper,1578896375,0.2222222222222222,qasper-1901.05287-d27438b11bc70e706431dda0af2b1c0b0d209f96,1901.05287,549349866,7340032,64,3114409984,91038,21916
-5.701895713806152,0.0,2,64,0,0.0,agreement,qasper,1587344465,0.2222222222222222,qasper-1901.05287-d27438b11bc70e706431dda0af2b1c0b0d209f96,1901.05287,551397939,7340032,64,3114409984,91038,55657
-5.701895713806152,0.0,2,64,0,0.0,community,qasper,1587344465,0.2222222222222222,qasper-1901.05287-d27438b11bc70e706431dda0af2b1c0b0d209f96,1901.05287,551397939,7340032,64,3114409984,91038,48955
-4.241646766662598,0.0,2,64,0,0.0,bridge_preserving,qasper,5012085989,0.2222222222222222,qasper-1901.05287-d27438b11bc70e706431dda0af2b1c0b0d209f96,1901.05287,550694034,7340032,64,3114409984,91038,35534
-4.7932329177856445,0.0,2,64,0,0.0,combined_structural,qasper,1578896375,0.2222222222222222,qasper-1901.05287-d27438b11bc70e706431dda0af2b1c0b0d209f96,1901.05287,549349866,7340032,64,3114409984,91038,58627
-4.241646766662598,0.0,2,64,0,0.0,oracle_evidence,qasper,5012085989,0.2222222222222222,qasper-1901.05287-d27438b11bc70e706431dda0af2b1c0b0d209f96,1901.05287,550694034,7340032,64,3114409984,91038,23184
-3.5965476036071777,0.0,4,128,0,0.0,base_topk,qasper,2808020238,0.4444444444444444,qasper-1901.05287-d27438b11bc70e706431dda0af2b1c0b0d209f96,1901.05287,977317017,14680064,128,3114426368,91038,14392
-3.5965476036071777,0.0,4,128,0,0.0,budget_tuned_topk,qasper,2808020238,0.4444444444444444,qasper-1901.05287-d27438b11bc70e706431dda0af2b1c0b0d209f96,1901.05287,977317017,14680064,128,3114426368,91038,65151
-3.5965476036071777,0.0,4,128,0,0.0,power_sharpen,qasper,2808020238,0.4444444444444444,qasper-1901.05287-d27438b11bc70e706431dda0af2b1c0b0d209f96,1901.05287,977317017,14680064,128,3114426368,91038,73980
-3.5965476036071777,0.0,4,128,0,0.0,entropy_adaptive_sharpen,qasper,2808020238,0.4444444444444444,qasper-1901.05287-d27438b11bc70e706431dda0af2b1c0b0d209f96,1901.05287,977317017,14680064,128,3114426368,91038,134757
-5.4612860679626465,0.0,4,128,0,0.0,persistence,qasper,2107765313,0.3333333333333333,qasper-1901.05287-d27438b11bc70e706431dda0af2b1c0b0d209f96,1901.05287,972575574,14680064,128,3114426368,91038,27644
-3.5965476036071777,0.0,4,128,0,0.0,agreement,qasper,2808020238,0.4444444444444444,qasper-1901.05287-d27438b11bc70e706431dda0af2b1c0b0d209f96,1901.05287,977317017,14680064,128,3114426368,91038,58834
-3.7413177490234375,0.0,4,128,0,0.0,community,qasper,2110827612,0.4444444444444444,qasper-1901.05287-d27438b11bc70e706431dda0af2b1c0b0d209f96,1901.05287,980179192,14680064,128,3114426368,91038,24151
-3.5965476036071777,0.0,4,128,0,0.0,bridge_preserving,qasper,2808020238,0.4444444444444444,qasper-1901.05287-d27438b11bc70e706431dda0af2b1c0b0d209f96,1901.05287,977317017,14680064,128,3114426368,91038,94408
-4.740744113922119,0.0,4,128,0,0.0,combined_structural,qasper,2102011706,0.4444444444444444,qasper-1901.05287-d27438b11bc70e706431dda0af2b1c0b0d209f96,1901.05287,969798097,14680064,128,3114426368,91038,88460
-3.5965476036071777,0.0,4,128,0,0.0,oracle_evidence,qasper,2808020238,0.4444444444444444,qasper-1901.05287-d27438b11bc70e706431dda0af2b1c0b0d209f96,1901.05287,977317017,14680064,128,3114426368,91038,63497
-3.8325443267822266,0.0,6,192,0,0.0,base_topk,qasper,3244226342,0.6666666666666666,qasper-1901.05287-d27438b11bc70e706431dda0af2b1c0b0d209f96,1901.05287,1312593751,22020096,192,3114442752,91038,22824
-3.8325443267822266,0.0,6,192,0,0.0,budget_tuned_topk,qasper,3244226342,0.6666666666666666,qasper-1901.05287-d27438b11bc70e706431dda0af2b1c0b0d209f96,1901.05287,1312593751,22020096,192,3114442752,91038,49112
-3.8325443267822266,0.0,6,192,0,0.0,power_sharpen,qasper,3244226342,0.6666666666666666,qasper-1901.05287-d27438b11bc70e706431dda0af2b1c0b0d209f96,1901.05287,1312593751,22020096,192,3114442752,91038,49972
-3.8325443267822266,0.0,6,192,0,0.0,entropy_adaptive_sharpen,qasper,3244226342,0.6666666666666666,qasper-1901.05287-d27438b11bc70e706431dda0af2b1c0b0d209f96,1901.05287,1312593751,22020096,192,3114442752,91038,92490
-4.326056957244873,0.0,6,192,0,0.0,persistence,qasper,2551090008,0.5555555555555556,qasper-1901.05287-d27438b11bc70e706431dda0af2b1c0b0d209f96,1901.05287,1321868748,22020096,192,3114442752,91038,18736
-4.3213958740234375,0.0,6,192,0,0.0,agreement,qasper,2554599256,0.5555555555555556,qasper-1901.05287-d27438b11bc70e706431dda0af2b1c0b0d209f96,1901.05287,1319753511,22020096,192,3114442752,91038,68390
-4.631695747375488,0.0,6,192,0,0.0,community,qasper,2543729393,0.5555555555555556,qasper-1901.05287-d27438b11bc70e706431dda0af2b1c0b0d209f96,1901.05287,1313003974,22020096,192,3114442752,91038,71298
-3.8325443267822266,0.0,6,192,0,0.0,bridge_preserving,qasper,3244226342,0.6666666666666666,qasper-1901.05287-d27438b11bc70e706431dda0af2b1c0b0d209f96,1901.05287,1312593751,22020096,192,3114442752,91038,75113
-4.326056957244873,0.0,6,192,0,0.0,combined_structural,qasper,2551090008,0.5555555555555556,qasper-1901.05287-d27438b11bc70e706431dda0af2b1c0b0d209f96,1901.05287,1321868748,22020096,192,3114442752,91038,91053
-3.8325443267822266,0.0,6,192,0,0.0,oracle_evidence,qasper,3244226342,0.6666666666666666,qasper-1901.05287-d27438b11bc70e706431dda0af2b1c0b0d209f96,1901.05287,1312593751,22020096,192,3114442752,91038,32944
-6.433032035827637,0.0,2,64,0,0.0,base_topk,qasper,1124995574,0.0,qasper-1901.08079-d98847340e46ffe381992f1a594e75d3fb8d385e,1901.08079,547939510,7340032,64,3114442752,91038,70293
-6.433032035827637,0.0,2,64,0,0.0,budget_tuned_topk,qasper,1124995574,0.0,qasper-1901.08079-d98847340e46ffe381992f1a594e75d3fb8d385e,1901.08079,547939510,7340032,64,3114442752,91038,51235
-6.433032035827637,0.0,2,64,0,0.0,power_sharpen,qasper,1124995574,0.0,qasper-1901.08079-d98847340e46ffe381992f1a594e75d3fb8d385e,1901.08079,547939510,7340032,64,3114442752,91038,58353
-6.433032035827637,0.0,2,64,0,0.0,entropy_adaptive_sharpen,qasper,1124995574,0.0,qasper-1901.08079-d98847340e46ffe381992f1a594e75d3fb8d385e,1901.08079,547939510,7340032,64,3114442752,91038,114707
-7.029885768890381,0.0,2,64,0,0.0,persistence,qasper,1124092696,0.0,qasper-1901.08079-d98847340e46ffe381992f1a594e75d3fb8d385e,1901.08079,549147908,7340032,64,3114442752,91038,20925
-6.5197577476501465,0.0,2,64,0,0.0,agreement,qasper,1121693503,0.0,qasper-1901.08079-d98847340e46ffe381992f1a594e75d3fb8d385e,1901.08079,550386153,7340032,64,3114442752,91038,67210
-6.433032035827637,0.0,2,64,0,0.0,community,qasper,1124995574,0.0,qasper-1901.08079-d98847340e46ffe381992f1a594e75d3fb8d385e,1901.08079,547939510,7340032,64,3114442752,91038,57077
-1.8965240716934204,0.5,2,64,0,0.0,bridge_preserving,qasper,1124307208,0.3333333333333333,qasper-1901.08079-d98847340e46ffe381992f1a594e75d3fb8d385e,1901.08079,550447157,7340032,64,3114442752,91038,42346
-7.029885768890381,0.0,2,64,0,0.0,combined_structural,qasper,1124092696,0.0,qasper-1901.08079-d98847340e46ffe381992f1a594e75d3fb8d385e,1901.08079,549147908,7340032,64,3114442752,91038,98788
-4.448155403137207,0.5,2,64,0,0.0,oracle_evidence,qasper,1122373345,0.6666666666666666,qasper-1901.08079-d98847340e46ffe381992f1a594e75d3fb8d385e,1901.08079,550262578,7340032,64,3114442752,91038,33187
-5.094143867492676,0.5,4,128,0,0.0,base_topk,qasper,1605771074,0.3333333333333333,qasper-1901.08079-d98847340e46ffe381992f1a594e75d3fb8d385e,1901.08079,980981242,14680064,128,3114442752,91038,64336
-5.094143867492676,0.5,4,128,0,0.0,budget_tuned_topk,qasper,1605771074,0.3333333333333333,qasper-1901.08079-d98847340e46ffe381992f1a594e75d3fb8d385e,1901.08079,980981242,14680064,128,3114442752,91038,52733
-5.094143867492676,0.5,4,128,0,0.0,power_sharpen,qasper,1605771074,0.3333333333333333,qasper-1901.08079-d98847340e46ffe381992f1a594e75d3fb8d385e,1901.08079,980981242,14680064,128,3114442752,91038,56372
-5.094143867492676,0.5,4,128,0,0.0,entropy_adaptive_sharpen,qasper,1605771074,0.3333333333333333,qasper-1901.08079-d98847340e46ffe381992f1a594e75d3fb8d385e,1901.08079,980981242,14680064,128,3114442752,91038,108221
-7.493776798248291,0.0,4,128,0,0.0,persistence,qasper,1604036426,0.0,qasper-1901.08079-d98847340e46ffe381992f1a594e75d3fb8d385e,1901.08079,980113492,14680064,128,3114442752,91038,21683
-5.094143867492676,0.5,4,128,0,0.0,agreement,qasper,1605771074,0.3333333333333333,qasper-1901.08079-d98847340e46ffe381992f1a594e75d3fb8d385e,1901.08079,980981242,14680064,128,3114442752,91038,54219
-7.568297386169434,0.0,4,128,0,0.0,community,qasper,1603978457,0.0,qasper-1901.08079-d98847340e46ffe381992f1a594e75d3fb8d385e,1901.08079,978204664,14680064,128,3114442752,91038,24290
-5.094143867492676,0.5,4,128,0,0.0,bridge_preserving,qasper,1605771074,0.3333333333333333,qasper-1901.08079-d98847340e46ffe381992f1a594e75d3fb8d385e,1901.08079,980981242,14680064,128,3114442752,91038,74506
-6.993039131164551,0.0,4,128,0,0.0,combined_structural,qasper,1593536786,0.0,qasper-1901.08079-d98847340e46ffe381992f1a594e75d3fb8d385e,1901.08079,971799915,14680064,128,3114442752,91038,70703
-4.474303722381592,0.5,4,128,0,1.0,oracle_evidence,qasper,1604924793,1.0,qasper-1901.08079-d98847340e46ffe381992f1a594e75d3fb8d385e,1901.08079,983282565,14680064,128,3114442752,91038,64684
-5.0552167892456055,0.5,6,192,0,0.0,base_topk,qasper,1994673626,0.6666666666666666,qasper-1901.08079-d98847340e46ffe381992f1a594e75d3fb8d385e,1901.08079,1314701617,22020096,192,3114442752,91038,51653
-5.0552167892456055,0.5,6,192,0,0.0,budget_tuned_topk,qasper,1994673626,0.6666666666666666,qasper-1901.08079-d98847340e46ffe381992f1a594e75d3fb8d385e,1901.08079,1314701617,22020096,192,3114442752,91038,51822
-5.0552167892456055,0.5,6,192,0,0.0,power_sharpen,qasper,1994673626,0.6666666666666666,qasper-1901.08079-d98847340e46ffe381992f1a594e75d3fb8d385e,1901.08079,1314701617,22020096,192,3114442752,91038,57367
-5.0552167892456055,0.5,6,192,0,0.0,entropy_adaptive_sharpen,qasper,1994673626,0.6666666666666666,qasper-1901.08079-d98847340e46ffe381992f1a594e75d3fb8d385e,1901.08079,1314701617,22020096,192,3114442752,91038,107534
-7.26976203918457,0.0,6,192,0,0.0,persistence,qasper,1994426687,0.0,qasper-1901.08079-d98847340e46ffe381992f1a594e75d3fb8d385e,1901.08079,1318279109,22020096,192,3114442752,91038,22969
-5.242675304412842,0.5,6,192,0,0.0,agreement,qasper,2001524172,0.3333333333333333,qasper-1901.08079-d98847340e46ffe381992f1a594e75d3fb8d385e,1901.08079,1321117023,22020096,192,3114442752,91038,68446
-5.615959644317627,0.5,6,192,0,0.0,community,qasper,1983486103,0.3333333333333333,qasper-1901.08079-d98847340e46ffe381992f1a594e75d3fb8d385e,1901.08079,1310673725,22020096,192,3114442752,91038,44542
-5.0552167892456055,0.5,6,192,0,0.0,bridge_preserving,qasper,1994673626,0.6666666666666666,qasper-1901.08079-d98847340e46ffe381992f1a594e75d3fb8d385e,1901.08079,1314701617,22020096,192,3114442752,91038,58971
-7.26976203918457,0.0,6,192,0,0.0,combined_structural,qasper,1994426687,0.0,qasper-1901.08079-d98847340e46ffe381992f1a594e75d3fb8d385e,1901.08079,1318279109,22020096,192,3114442752,91038,53633
-6.067691802978516,0.5,6,192,0,1.0,oracle_evidence,qasper,1988038906,1.0,qasper-1901.08079-d98847340e46ffe381992f1a594e75d3fb8d385e,1901.08079,1315580399,22020096,192,3114442752,91038,21239
-2.73742413520813,0.4390243887901306,2,64,0,0.0,base_topk,qasper,5644030452,0.4,qasper-1901.10133-559920ebe19e99e43418c2f0455a0ffdc8edaaa2,1901.10133,549049303,7340032,64,3139719168,91038,79635
-2.73742413520813,0.4390243887901306,2,64,0,0.0,budget_tuned_topk,qasper,5644030452,0.4,qasper-1901.10133-559920ebe19e99e43418c2f0455a0ffdc8edaaa2,1901.10133,549049303,7340032,64,3139719168,91038,68382
-2.73742413520813,0.4390243887901306,2,64,0,0.0,power_sharpen,qasper,5644030452,0.4,qasper-1901.10133-559920ebe19e99e43418c2f0455a0ffdc8edaaa2,1901.10133,549049303,7340032,64,3139719168,91038,57908
-2.73742413520813,0.4390243887901306,2,64,0,0.0,entropy_adaptive_sharpen,qasper,5644030452,0.4,qasper-1901.10133-559920ebe19e99e43418c2f0455a0ffdc8edaaa2,1901.10133,549049303,7340032,64,3139719168,91038,103808
-2.714397430419922,0.4390243887901306,2,64,0,0.0,persistence,qasper,2287878812,0.2,qasper-1901.10133-559920ebe19e99e43418c2f0455a0ffdc8edaaa2,1901.10133,571530848,7340032,64,3139764224,91038,18074
-2.7493252754211426,0.4146341383457184,2,64,0,0.0,agreement,qasper,2191949825,0.2,qasper-1901.10133-559920ebe19e99e43418c2f0455a0ffdc8edaaa2,1901.10133,486621305,7340032,64,3139764224,91038,69289
-2.664475917816162,0.4146341383457184,2,64,0,0.0,community,qasper,2182530512,0.2,qasper-1901.10133-559920ebe19e99e43418c2f0455a0ffdc8edaaa2,1901.10133,478499357,7340032,64,3139764224,91038,55188
-2.73742413520813,0.4390243887901306,2,64,0,0.0,bridge_preserving,qasper,5644030452,0.4,qasper-1901.10133-559920ebe19e99e43418c2f0455a0ffdc8edaaa2,1901.10133,549049303,7340032,64,3139719168,91038,77118
-2.714397430419922,0.4390243887901306,2,64,0,0.0,combined_structural,qasper,2287878812,0.2,qasper-1901.10133-559920ebe19e99e43418c2f0455a0ffdc8edaaa2,1901.10133,571530848,7340032,64,3139764224,91038,71726
-2.73742413520813,0.4390243887901306,2,64,0,0.0,oracle_evidence,qasper,5644030452,0.4,qasper-1901.10133-559920ebe19e99e43418c2f0455a0ffdc8edaaa2,1901.10133,549049303,7340032,64,3139719168,91038,30479
-2.5977773666381836,0.4146341383457184,4,128,0,0.0,base_topk,qasper,3432131116,0.4,qasper-1901.10133-559920ebe19e99e43418c2f0455a0ffdc8edaaa2,1901.10133,968336827,14680064,128,3139780608,91038,18480
-2.5977773666381836,0.4146341383457184,4,128,0,0.0,budget_tuned_topk,qasper,3432131116,0.4,qasper-1901.10133-559920ebe19e99e43418c2f0455a0ffdc8edaaa2,1901.10133,968336827,14680064,128,3139780608,91038,84620
-2.5977773666381836,0.4146341383457184,4,128,0,0.0,power_sharpen,qasper,3432131116,0.4,qasper-1901.10133-559920ebe19e99e43418c2f0455a0ffdc8edaaa2,1901.10133,968336827,14680064,128,3139780608,91038,54803
-2.5977773666381836,0.4146341383457184,4,128,0,0.0,entropy_adaptive_sharpen,qasper,3432131116,0.4,qasper-1901.10133-559920ebe19e99e43418c2f0455a0ffdc8edaaa2,1901.10133,968336827,14680064,128,3139780608,91038,105440
-2.5694918632507324,0.4390243887901306,4,128,0,0.0,persistence,qasper,2728627218,0.4,qasper-1901.10133-559920ebe19e99e43418c2f0455a0ffdc8edaaa2,1901.10133,962339773,14680064,128,3139780608,91038,20922
-2.5977773666381836,0.4146341383457184,4,128,0,0.0,agreement,qasper,3432131116,0.4,qasper-1901.10133-559920ebe19e99e43418c2f0455a0ffdc8edaaa2,1901.10133,968336827,14680064,128,3139780608,91038,69458
-2.5977773666381836,0.4146341383457184,4,128,0,0.0,community,qasper,3432131116,0.4,qasper-1901.10133-559920ebe19e99e43418c2f0455a0ffdc8edaaa2,1901.10133,968336827,14680064,128,3139780608,91038,32237
-2.5977773666381836,0.4146341383457184,4,128,0,0.0,bridge_preserving,qasper,3432131116,0.4,qasper-1901.10133-559920ebe19e99e43418c2f0455a0ffdc8edaaa2,1901.10133,968336827,14680064,128,3139780608,91038,50536
-2.5694918632507324,0.4390243887901306,4,128,0,0.0,combined_structural,qasper,2728627218,0.4,qasper-1901.10133-559920ebe19e99e43418c2f0455a0ffdc8edaaa2,1901.10133,962339773,14680064,128,3139780608,91038,81142
-2.6198654174804688,0.4146341383457184,4,128,0,0.0,oracle_evidence,qasper,2724217488,0.8,qasper-1901.10133-559920ebe19e99e43418c2f0455a0ffdc8edaaa2,1901.10133,959686435,14680064,128,3139780608,91038,34995
-2.55850887298584,0.4390243887901306,6,192,0,0.0,base_topk,qasper,3558596957,0.4,qasper-1901.10133-559920ebe19e99e43418c2f0455a0ffdc8edaaa2,1901.10133,1057749137,22020096,192,3139796992,91038,63206
-2.55850887298584,0.4390243887901306,6,192,0,0.0,budget_tuned_topk,qasper,3558596957,0.4,qasper-1901.10133-559920ebe19e99e43418c2f0455a0ffdc8edaaa2,1901.10133,1057749137,22020096,192,3139796992,91038,45696
-2.55850887298584,0.4390243887901306,6,192,0,0.0,power_sharpen,qasper,3558596957,0.4,qasper-1901.10133-559920ebe19e99e43418c2f0455a0ffdc8edaaa2,1901.10133,1057749137,22020096,192,3139796992,91038,47796
-2.55850887298584,0.4390243887901306,6,192,0,0.0,entropy_adaptive_sharpen,qasper,3558596957,0.4,qasper-1901.10133-559920ebe19e99e43418c2f0455a0ffdc8edaaa2,1901.10133,1057749137,22020096,192,3139796992,91038,89830
-2.5829455852508545,0.4390243887901306,6,192,0,0.0,persistence,qasper,2865847349,0.6,qasper-1901.10133-559920ebe19e99e43418c2f0455a0ffdc8edaaa2,1901.10133,1055767116,22020096,192,3139796992,91038,18861
-2.55532169342041,0.4390243887901306,6,192,0,0.0,agreement,qasper,2871520701,0.6,qasper-1901.10133-559920ebe19e99e43418c2f0455a0ffdc8edaaa2,1901.10133,1057621663,22020096,192,3139796992,91038,77168
-2.55850887298584,0.4390243887901306,6,192,0,0.0,community,qasper,3558596957,0.4,qasper-1901.10133-559920ebe19e99e43418c2f0455a0ffdc8edaaa2,1901.10133,1057749137,22020096,192,3139796992,91038,69677
-2.55532169342041,0.4390243887901306,6,192,0,0.0,bridge_preserving,qasper,2871520701,0.6,qasper-1901.10133-559920ebe19e99e43418c2f0455a0ffdc8edaaa2,1901.10133,1057621663,22020096,192,3139796992,91038,57148
-2.5829455852508545,0.4390243887901306,6,192,0,0.0,combined_structural,qasper,2865847349,0.6,qasper-1901.10133-559920ebe19e99e43418c2f0455a0ffdc8edaaa2,1901.10133,1055767116,22020096,192,3139796992,91038,89627
-2.5718460083007812,0.4390243887901306,6,192,0,1.0,oracle_evidence,qasper,2868286780,1.0,qasper-1901.10133-559920ebe19e99e43418c2f0455a0ffdc8edaaa2,1901.10133,1057547189,22020096,192,3139796992,91038,47169
-5.593762397766113,0.0,2,64,0,0.0,base_topk,qasper,1369990959,0.4,qasper-1906.07701-348886b4762db063711ef8b7a10952375fbdcb57,1906.07701,485439759,7340032,64,3139796992,91038,103575
-5.593762397766113,0.0,2,64,0,0.0,budget_tuned_topk,qasper,1369990959,0.4,qasper-1906.07701-348886b4762db063711ef8b7a10952375fbdcb57,1906.07701,485439759,7340032,64,3139796992,91038,44444
-5.593762397766113,0.0,2,64,0,0.0,power_sharpen,qasper,1369990959,0.4,qasper-1906.07701-348886b4762db063711ef8b7a10952375fbdcb57,1906.07701,485439759,7340032,64,3139796992,91038,45865
-5.593762397766113,0.0,2,64,0,0.0,entropy_adaptive_sharpen,qasper,1369990959,0.4,qasper-1906.07701-348886b4762db063711ef8b7a10952375fbdcb57,1906.07701,485439759,7340032,64,3139796992,91038,87150
-3.652416944503784,0.0,2,64,0,0.0,persistence,qasper,1438215905,0.2,qasper-1906.07701-348886b4762db063711ef8b7a10952375fbdcb57,1906.07701,549486032,7340032,64,3139796992,91038,17376
-5.055078506469727,0.0,2,64,0,0.0,agreement,qasper,1433457744,0.2,qasper-1906.07701-348886b4762db063711ef8b7a10952375fbdcb57,1906.07701,548486002,7340032,64,3139796992,91038,57712
-4.674746990203857,0.0,2,64,0,0.0,community,qasper,1436175000,0.4,qasper-1906.07701-348886b4762db063711ef8b7a10952375fbdcb57,1906.07701,548724820,7340032,64,3114631168,91038,55482
-5.593762397766113,0.0,2,64,0,0.0,bridge_preserving,qasper,1369990959,0.4,qasper-1906.07701-348886b4762db063711ef8b7a10952375fbdcb57,1906.07701,485439759,7340032,64,3139796992,91038,62668
-3.652416944503784,0.0,2,64,0,0.0,combined_structural,qasper,1438215905,0.2,qasper-1906.07701-348886b4762db063711ef8b7a10952375fbdcb57,1906.07701,549486032,7340032,64,3139796992,91038,58702
-5.593762397766113,0.0,2,64,0,0.0,oracle_evidence,qasper,1369990959,0.4,qasper-1906.07701-348886b4762db063711ef8b7a10952375fbdcb57,1906.07701,485439759,7340032,64,3139796992,91038,24176
-4.028616905212402,0.0,4,128,0,0.0,base_topk,qasper,1871584719,0.6,qasper-1906.07701-348886b4762db063711ef8b7a10952375fbdcb57,1906.07701,977475995,14680064,128,3114631168,91038,14821
-4.028616905212402,0.0,4,128,0,0.0,budget_tuned_topk,qasper,1871584719,0.6,qasper-1906.07701-348886b4762db063711ef8b7a10952375fbdcb57,1906.07701,977475995,14680064,128,3114631168,91038,54282
-4.028616905212402,0.0,4,128,0,0.0,power_sharpen,qasper,1871584719,0.6,qasper-1906.07701-348886b4762db063711ef8b7a10952375fbdcb57,1906.07701,977475995,14680064,128,3114631168,91038,61030
-4.028616905212402,0.0,4,128,0,0.0,entropy_adaptive_sharpen,qasper,1871584719,0.6,qasper-1906.07701-348886b4762db063711ef8b7a10952375fbdcb57,1906.07701,977475995,14680064,128,3114631168,91038,108762
-3.6895370483398438,0.0,4,128,0,0.0,persistence,qasper,1868865637,0.4,qasper-1906.07701-348886b4762db063711ef8b7a10952375fbdcb57,1906.07701,974603789,14680064,128,3114631168,91038,21939
-4.267703056335449,0.0,4,128,0,0.0,agreement,qasper,1877668371,0.4,qasper-1906.07701-348886b4762db063711ef8b7a10952375fbdcb57,1906.07701,981290071,14680064,128,3114631168,91038,50225
-4.196446418762207,0.0,4,128,0,0.0,community,qasper,1866118161,0.6,qasper-1906.07701-348886b4762db063711ef8b7a10952375fbdcb57,1906.07701,973272218,14680064,128,3114631168,91038,57787
-4.028616905212402,0.0,4,128,0,0.0,bridge_preserving,qasper,1871584719,0.6,qasper-1906.07701-348886b4762db063711ef8b7a10952375fbdcb57,1906.07701,977475995,14680064,128,3114631168,91038,89496
-3.7565877437591553,0.0,4,128,0,0.0,combined_structural,qasper,1865118465,0.4,qasper-1906.07701-348886b4762db063711ef8b7a10952375fbdcb57,1906.07701,977676858,14680064,128,3114631168,91038,86687
-4.532426834106445,0.0,4,128,0,0.0,oracle_evidence,qasper,1869799011,0.8,qasper-1906.07701-348886b4762db063711ef8b7a10952375fbdcb57,1906.07701,976998050,14680064,128,3114631168,91038,65856
-4.152613162994385,0.0,6,192,0,0.0,base_topk,qasper,2217471158,0.8,qasper-1906.07701-348886b4762db063711ef8b7a10952375fbdcb57,1906.07701,1311428897,22020096,192,3114631168,91038,61878
-4.152613162994385,0.0,6,192,0,0.0,budget_tuned_topk,qasper,2217471158,0.8,qasper-1906.07701-348886b4762db063711ef8b7a10952375fbdcb57,1906.07701,1311428897,22020096,192,3114631168,91038,36962
-4.152613162994385,0.0,6,192,0,0.0,power_sharpen,qasper,2217471158,0.8,qasper-1906.07701-348886b4762db063711ef8b7a10952375fbdcb57,1906.07701,1311428897,22020096,192,3114631168,91038,36306
-4.152613162994385,0.0,6,192,0,0.0,entropy_adaptive_sharpen,qasper,2217471158,0.8,qasper-1906.07701-348886b4762db063711ef8b7a10952375fbdcb57,1906.07701,1311428897,22020096,192,3114631168,91038,68071
-4.12205171585083,0.0,6,192,0,0.0,persistence,qasper,2232227035,0.8,qasper-1906.07701-348886b4762db063711ef8b7a10952375fbdcb57,1906.07701,1322730834,22020096,192,3114631168,91038,12837
-4.236574649810791,0.0,6,192,0,0.0,agreement,qasper,2202710855,0.6,qasper-1906.07701-348886b4762db063711ef8b7a10952375fbdcb57,1906.07701,1292853301,22020096,192,3114631168,91038,56169
-4.152613162994385,0.0,6,192,0,0.0,community,qasper,2217471158,0.8,qasper-1906.07701-348886b4762db063711ef8b7a10952375fbdcb57,1906.07701,1311428897,22020096,192,3114631168,91038,57155
-4.207878589630127,0.0,6,192,0,0.0,bridge_preserving,qasper,2230035146,0.8,qasper-1906.07701-348886b4762db063711ef8b7a10952375fbdcb57,1906.07701,1319942545,22020096,192,3114631168,91038,43091
-4.12205171585083,0.0,6,192,0,0.0,combined_structural,qasper,2232227035,0.8,qasper-1906.07701-348886b4762db063711ef8b7a10952375fbdcb57,1906.07701,1322730834,22020096,192,3114631168,91038,78769
-4.048943519592285,0.0,6,192,0,1.0,oracle_evidence,qasper,2224036563,1.0,qasper-1906.07701-348886b4762db063711ef8b7a10952375fbdcb57,1906.07701,1316046378,22020096,192,3114631168,91038,24240
-3.8976902961730957,0.5,2,64,0,0.0,base_topk,qasper,1487548635,0.6666666666666666,qasper-1906.10225-01f4a0a19467947a8f3bdd7ec9fac75b5222d710,1906.10225,600928629,7340032,64,3118825472,91038,83067
-3.8976902961730957,0.5,2,64,0,0.0,budget_tuned_topk,qasper,1487548635,0.6666666666666666,qasper-1906.10225-01f4a0a19467947a8f3bdd7ec9fac75b5222d710,1906.10225,600928629,7340032,64,3118825472,91038,40211
-3.8976902961730957,0.5,2,64,0,0.0,power_sharpen,qasper,1487548635,0.6666666666666666,qasper-1906.10225-01f4a0a19467947a8f3bdd7ec9fac75b5222d710,1906.10225,600928629,7340032,64,3118825472,91038,40023
-3.8976902961730957,0.5,2,64,0,0.0,entropy_adaptive_sharpen,qasper,1487548635,0.6666666666666666,qasper-1906.10225-01f4a0a19467947a8f3bdd7ec9fac75b5222d710,1906.10225,600928629,7340032,64,3118825472,91038,74481
-3.8976902961730957,0.5,2,64,0,0.0,persistence,qasper,1487548635,0.6666666666666666,qasper-1906.10225-01f4a0a19467947a8f3bdd7ec9fac75b5222d710,1906.10225,600928629,7340032,64,3118825472,91038,14834
-11.329449653625488,0.0,2,64,0,0.0,agreement,qasper,1436290868,0.0,qasper-1906.10225-01f4a0a19467947a8f3bdd7ec9fac75b5222d710,1906.10225,546868010,7340032,64,3118825472,91038,13167
-12.611124038696289,0.0,2,64,0,0.0,community,qasper,1438985838,0.6666666666666666,qasper-1906.10225-01f4a0a19467947a8f3bdd7ec9fac75b5222d710,1906.10225,550217221,7340032,64,3118825472,91038,48629
-3.8976902961730957,0.5,2,64,0,0.0,bridge_preserving,qasper,1487548635,0.6666666666666666,qasper-1906.10225-01f4a0a19467947a8f3bdd7ec9fac75b5222d710,1906.10225,600928629,7340032,64,3118825472,91038,74852
-3.8976902961730957,0.5,2,64,0,0.0,combined_structural,qasper,1487548635,0.6666666666666666,qasper-1906.10225-01f4a0a19467947a8f3bdd7ec9fac75b5222d710,1906.10225,600928629,7340032,64,3118825472,91038,70230
-3.8976902961730957,0.5,2,64,0,0.0,oracle_evidence,qasper,1487548635,0.6666666666666666,qasper-1906.10225-01f4a0a19467947a8f3bdd7ec9fac75b5222d710,1906.10225,600928629,7340032,64,3118825472,91038,31157
-3.7871572971343994,0.5,4,128,0,1.0,base_topk,qasper,1881486361,1.0,qasper-1906.10225-01f4a0a19467947a8f3bdd7ec9fac75b5222d710,1906.10225,985983335,14680064,128,3118825472,91038,17631
-3.7871572971343994,0.5,4,128,0,1.0,budget_tuned_topk,qasper,1881486361,1.0,qasper-1906.10225-01f4a0a19467947a8f3bdd7ec9fac75b5222d710,1906.10225,985983335,14680064,128,3118825472,91038,53882
-3.7871572971343994,0.5,4,128,0,1.0,power_sharpen,qasper,1881486361,1.0,qasper-1906.10225-01f4a0a19467947a8f3bdd7ec9fac75b5222d710,1906.10225,985983335,14680064,128,3118825472,91038,56197
-3.7871572971343994,0.5,4,128,0,1.0,entropy_adaptive_sharpen,qasper,1881486361,1.0,qasper-1906.10225-01f4a0a19467947a8f3bdd7ec9fac75b5222d710,1906.10225,985983335,14680064,128,3118825472,91038,105129
-3.94912052154541,0.5,4,128,0,1.0,persistence,qasper,1880542380,1.0,qasper-1906.10225-01f4a0a19467947a8f3bdd7ec9fac75b5222d710,1906.10225,985637330,14680064,128,3118825472,91038,21430
-3.7172865867614746,0.5,4,128,0,0.0,agreement,qasper,1866810268,0.6666666666666666,qasper-1906.10225-01f4a0a19467947a8f3bdd7ec9fac75b5222d710,1906.10225,975793563,14680064,128,3118825472,91038,49839
-3.7871572971343994,0.5,4,128,0,1.0,community,qasper,1881486361,1.0,qasper-1906.10225-01f4a0a19467947a8f3bdd7ec9fac75b5222d710,1906.10225,985983335,14680064,128,3118825472,91038,56803
-3.7871572971343994,0.5,4,128,0,1.0,bridge_preserving,qasper,1881486361,1.0,qasper-1906.10225-01f4a0a19467947a8f3bdd7ec9fac75b5222d710,1906.10225,985983335,14680064,128,3118825472,91038,42655
-4.189411640167236,0.5,4,128,0,1.0,combined_structural,qasper,1869526435,1.0,qasper-1906.10225-01f4a0a19467947a8f3bdd7ec9fac75b5222d710,1906.10225,976416063,14680064,128,3118825472,91038,68023
-3.7871572971343994,0.5,4,128,0,1.0,oracle_evidence,qasper,1881486361,1.0,qasper-1906.10225-01f4a0a19467947a8f3bdd7ec9fac75b5222d710,1906.10225,985983335,14680064,128,3118825472,91038,54293
-3.9300503730773926,0.75,6,192,0,1.0,base_topk,qasper,2217527686,1.0,qasper-1906.10225-01f4a0a19467947a8f3bdd7ec9fac75b5222d710,1906.10225,1309348935,22020096,192,3118825472,91038,17745
-3.9300503730773926,0.75,6,192,0,1.0,budget_tuned_topk,qasper,2217527686,1.0,qasper-1906.10225-01f4a0a19467947a8f3bdd7ec9fac75b5222d710,1906.10225,1309348935,22020096,192,3118825472,91038,52532
-3.9300503730773926,0.75,6,192,0,1.0,power_sharpen,qasper,2217527686,1.0,qasper-1906.10225-01f4a0a19467947a8f3bdd7ec9fac75b5222d710,1906.10225,1309348935,22020096,192,3118825472,91038,50513
-3.9300503730773926,0.75,6,192,0,1.0,entropy_adaptive_sharpen,qasper,2217527686,1.0,qasper-1906.10225-01f4a0a19467947a8f3bdd7ec9fac75b5222d710,1906.10225,1309348935,22020096,192,3118825472,91038,95052
-3.8846664428710938,0.75,6,192,0,1.0,persistence,qasper,2208939844,1.0,qasper-1906.10225-01f4a0a19467947a8f3bdd7ec9fac75b5222d710,1906.10225,1300469667,22020096,192,3118825472,91038,17607
-3.9300503730773926,0.75,6,192,0,1.0,agreement,qasper,2217527686,1.0,qasper-1906.10225-01f4a0a19467947a8f3bdd7ec9fac75b5222d710,1906.10225,1309348935,22020096,192,3118825472,91038,70215
-3.9300503730773926,0.75,6,192,0,1.0,community,qasper,2217527686,1.0,qasper-1906.10225-01f4a0a19467947a8f3bdd7ec9fac75b5222d710,1906.10225,1309348935,22020096,192,3118825472,91038,32680
-3.9300503730773926,0.75,6,192,0,1.0,bridge_preserving,qasper,2217527686,1.0,qasper-1906.10225-01f4a0a19467947a8f3bdd7ec9fac75b5222d710,1906.10225,1309348935,22020096,192,3118825472,91038,52317
-3.915482521057129,0.5,6,192,0,1.0,combined_structural,qasper,2211241779,1.0,qasper-1906.10225-01f4a0a19467947a8f3bdd7ec9fac75b5222d710,1906.10225,1303358429,22020096,192,3118825472,91038,85187
-3.9300503730773926,0.75,6,192,0,1.0,oracle_evidence,qasper,2217527686,1.0,qasper-1906.10225-01f4a0a19467947a8f3bdd7ec9fac75b5222d710,1906.10225,1309348935,22020096,192,3118825472,91038,82261
-14.503174781799316,0.0,2,64,0,0.0,base_topk,qasper,1102069550,0.6666666666666666,qasper-1908.05441-a3bb9a936f61bafb509fa12ac0a61f91abcc5106,1908.05441,553034187,7340032,64,3118825472,91038,81175
-14.503174781799316,0.0,2,64,0,0.0,budget_tuned_topk,qasper,1102069550,0.6666666666666666,qasper-1908.05441-a3bb9a936f61bafb509fa12ac0a61f91abcc5106,1908.05441,553034187,7340032,64,3118825472,91038,53697
-14.503174781799316,0.0,2,64,0,0.0,power_sharpen,qasper,1102069550,0.6666666666666666,qasper-1908.05441-a3bb9a936f61bafb509fa12ac0a61f91abcc5106,1908.05441,553034187,7340032,64,3118825472,91038,56181
-14.503174781799316,0.0,2,64,0,0.0,entropy_adaptive_sharpen,qasper,1102069550,0.6666666666666666,qasper-1908.05441-a3bb9a936f61bafb509fa12ac0a61f91abcc5106,1908.05441,553034187,7340032,64,3118825472,91038,187182
-11.596020698547363,0.0,2,64,0,0.0,persistence,qasper,1098215224,0.3333333333333333,qasper-1908.05441-a3bb9a936f61bafb509fa12ac0a61f91abcc5106,1908.05441,549794988,7340032,64,3118825472,91038,38623
-14.113978385925293,0.0,2,64,0,0.0,agreement,qasper,1099827471,0.0,qasper-1908.05441-a3bb9a936f61bafb509fa12ac0a61f91abcc5106,1908.05441,550540126,7340032,64,3118825472,91038,52941
-14.503174781799316,0.0,2,64,0,0.0,community,qasper,1102069550,0.6666666666666666,qasper-1908.05441-a3bb9a936f61bafb509fa12ac0a61f91abcc5106,1908.05441,553034187,7340032,64,3118825472,91038,56843
-14.503174781799316,0.0,2,64,0,0.0,bridge_preserving,qasper,1102069550,0.6666666666666666,qasper-1908.05441-a3bb9a936f61bafb509fa12ac0a61f91abcc5106,1908.05441,553034187,7340032,64,3118825472,91038,42524
-15.336043357849121,0.0,2,64,0,0.0,combined_structural,qasper,1096209464,0.3333333333333333,qasper-1908.05441-a3bb9a936f61bafb509fa12ac0a61f91abcc5106,1908.05441,548891262,7340032,64,3118825472,91038,74974
-14.503174781799316,0.0,2,64,0,0.0,oracle_evidence,qasper,1102069550,0.6666666666666666,qasper-1908.05441-a3bb9a936f61bafb509fa12ac0a61f91abcc5106,1908.05441,553034187,7340032,64,3118825472,91038,56562
-14.28869915008545,0.0,4,128,0,0.0,base_topk,qasper,1543012305,0.6666666666666666,qasper-1908.05441-a3bb9a936f61bafb509fa12ac0a61f91abcc5106,1908.05441,981843055,14680064,128,3114631168,91038,17254
-14.28869915008545,0.0,4,128,0,0.0,budget_tuned_topk,qasper,1543012305,0.6666666666666666,qasper-1908.05441-a3bb9a936f61bafb509fa12ac0a61f91abcc5106,1908.05441,981843055,14680064,128,3114631168,91038,53346
-14.28869915008545,0.0,4,128,0,0.0,power_sharpen,qasper,1543012305,0.6666666666666666,qasper-1908.05441-a3bb9a936f61bafb509fa12ac0a61f91abcc5106,1908.05441,981843055,14680064,128,3114631168,91038,57422
-14.28869915008545,0.0,4,128,0,0.0,entropy_adaptive_sharpen,qasper,1543012305,0.6666666666666666,qasper-1908.05441-a3bb9a936f61bafb509fa12ac0a61f91abcc5106,1908.05441,981843055,14680064,128,3114631168,91038,102903
-12.375287055969238,0.0,4,128,0,0.0,persistence,qasper,1542527656,0.6666666666666666,qasper-1908.05441-a3bb9a936f61bafb509fa12ac0a61f91abcc5106,1908.05441,981678043,14680064,128,3114631168,91038,21248
-9.53111457824707,0.0,4,128,0,0.0,agreement,qasper,1545318631,0.3333333333333333,qasper-1908.05441-a3bb9a936f61bafb509fa12ac0a61f91abcc5106,1908.05441,980909701,14680064,128,3114631168,91038,46997
-15.123982429504395,0.0,4,128,0,0.0,community,qasper,1543392326,0.6666666666666666,qasper-1908.05441-a3bb9a936f61bafb509fa12ac0a61f91abcc5106,1908.05441,979278237,14680064,128,3114631168,91038,55707
-14.28869915008545,0.0,4,128,0,0.0,bridge_preserving,qasper,1543012305,0.6666666666666666,qasper-1908.05441-a3bb9a936f61bafb509fa12ac0a61f91abcc5106,1908.05441,981843055,14680064,128,3114631168,91038,65169
-15.123982429504395,0.0,4,128,0,0.0,combined_structural,qasper,1543392326,0.6666666666666666,qasper-1908.05441-a3bb9a936f61bafb509fa12ac0a61f91abcc5106,1908.05441,979278237,14680064,128,3114631168,91038,60404
-11.699254989624023,0.0,4,128,0,1.0,oracle_evidence,qasper,1533065347,1.0,qasper-1908.05441-a3bb9a936f61bafb509fa12ac0a61f91abcc5106,1908.05441,966941702,14680064,128,3114631168,91038,25560
-13.891024589538574,0.0,6,192,0,1.0,base_topk,qasper,1884480658,1.0,qasper-1908.05441-a3bb9a936f61bafb509fa12ac0a61f91abcc5106,1908.05441,1310559377,22020096,192,3114631168,91038,51386
-13.891024589538574,0.0,6,192,0,1.0,budget_tuned_topk,qasper,1884480658,1.0,qasper-1908.05441-a3bb9a936f61bafb509fa12ac0a61f91abcc5106,1908.05441,1310559377,22020096,192,3114631168,91038,42975
-13.891024589538574,0.0,6,192,0,1.0,power_sharpen,qasper,1884480658,1.0,qasper-1908.05441-a3bb9a936f61bafb509fa12ac0a61f91abcc5106,1908.05441,1310559377,22020096,192,3114631168,91038,42755
-13.891024589538574,0.0,6,192,0,1.0,entropy_adaptive_sharpen,qasper,1884480658,1.0,qasper-1908.05441-a3bb9a936f61bafb509fa12ac0a61f91abcc5106,1908.05441,1310559377,22020096,192,3114631168,91038,76393
-13.891024589538574,0.0,6,192,0,1.0,persistence,qasper,1884480658,1.0,qasper-1908.05441-a3bb9a936f61bafb509fa12ac0a61f91abcc5106,1908.05441,1310559377,22020096,192,3114631168,91038,15338
-8.608574867248535,0.0,6,192,0,0.0,agreement,qasper,1887454231,0.3333333333333333,qasper-1908.05441-a3bb9a936f61bafb509fa12ac0a61f91abcc5106,1908.05441,1314260976,22020096,192,3114631168,91038,13584
-14.477550506591797,0.0,6,192,0,1.0,community,qasper,1886777289,1.0,qasper-1908.05441-a3bb9a936f61bafb509fa12ac0a61f91abcc5106,1908.05441,1314058514,22020096,192,3114631168,91038,50132
-13.891024589538574,0.0,6,192,0,1.0,bridge_preserving,qasper,1884480658,1.0,qasper-1908.05441-a3bb9a936f61bafb509fa12ac0a61f91abcc5106,1908.05441,1310559377,22020096,192,3114631168,91038,95756
-13.891024589538574,0.0,6,192,0,1.0,combined_structural,qasper,1884480658,1.0,qasper-1908.05441-a3bb9a936f61bafb509fa12ac0a61f91abcc5106,1908.05441,1310559377,22020096,192,3114631168,91038,90616
-13.891024589538574,0.0,6,192,0,1.0,oracle_evidence,qasper,1884480658,1.0,qasper-1908.05441-a3bb9a936f61bafb509fa12ac0a61f91abcc5106,1908.05441,1310559377,22020096,192,3114631168,91038,39296
-4.639033794403076,0.3333333432674408,2,64,0,0.0,base_topk,qasper,1904462334,0.0,qasper-1908.09246-0602a974a879e6eae223cdf048410b5a0111665e,1908.09246,548548526,7340032,64,3114631168,91038,76423
-4.639033794403076,0.3333333432674408,2,64,0,0.0,budget_tuned_topk,qasper,1904462334,0.0,qasper-1908.09246-0602a974a879e6eae223cdf048410b5a0111665e,1908.09246,548548526,7340032,64,3114631168,91038,68645
-4.639033794403076,0.3333333432674408,2,64,0,0.0,power_sharpen,qasper,1904462334,0.0,qasper-1908.09246-0602a974a879e6eae223cdf048410b5a0111665e,1908.09246,548548526,7340032,64,3114631168,91038,48137
-4.639033794403076,0.3333333432674408,2,64,0,0.0,entropy_adaptive_sharpen,qasper,1904462334,0.0,qasper-1908.09246-0602a974a879e6eae223cdf048410b5a0111665e,1908.09246,548548526,7340032,64,3114631168,91038,89051
-4.440505504608154,0.3333333432674408,2,64,0,0.0,persistence,qasper,1908843884,0.0,qasper-1908.09246-0602a974a879e6eae223cdf048410b5a0111665e,1908.09246,551705770,7340032,64,3114631168,91038,17136
-3.9413821697235107,0.3333333432674408,2,64,0,0.0,agreement,qasper,1902432290,0.3333333333333333,qasper-1908.09246-0602a974a879e6eae223cdf048410b5a0111665e,1908.09246,550412638,7340032,64,3114631168,91038,48311
-4.260119438171387,0.3333333432674408,2,64,0,0.0,community,qasper,1907434086,0.3333333333333333,qasper-1908.09246-0602a974a879e6eae223cdf048410b5a0111665e,1908.09246,551094877,7340032,64,3114631168,91038,56730
-2.083347797393799,0.6666666865348816,2,64,0,0.0,bridge_preserving,qasper,1903731665,0.3333333333333333,qasper-1908.09246-0602a974a879e6eae223cdf048410b5a0111665e,1908.09246,549369982,7340032,64,3114631168,91038,63443
-4.440505504608154,0.3333333432674408,2,64,0,0.0,combined_structural,qasper,1908843884,0.0,qasper-1908.09246-0602a974a879e6eae223cdf048410b5a0111665e,1908.09246,551705770,7340032,64,3114631168,91038,89186
-3.9685590267181396,0.3333333432674408,2,64,0,0.0,oracle_evidence,qasper,1906825684,0.6666666666666666,qasper-1908.09246-0602a974a879e6eae223cdf048410b5a0111665e,1908.09246,552730546,7340032,64,3114631168,91038,27745
-4.274221420288086,0.3333333432674408,4,128,0,0.0,base_topk,qasper,2384243487,0.3333333333333333,qasper-1908.09246-0602a974a879e6eae223cdf048410b5a0111665e,1908.09246,981745006,14680064,128,3114631168,91038,51432
-4.274221420288086,0.3333333432674408,4,128,0,0.0,budget_tuned_topk,qasper,2384243487,0.3333333333333333,qasper-1908.09246-0602a974a879e6eae223cdf048410b5a0111665e,1908.09246,981745006,14680064,128,3114631168,91038,66356
-4.274221420288086,0.3333333432674408,4,128,0,0.0,power_sharpen,qasper,2384243487,0.3333333333333333,qasper-1908.09246-0602a974a879e6eae223cdf048410b5a0111665e,1908.09246,981745006,14680064,128,3114631168,91038,72914
-4.274221420288086,0.3333333432674408,4,128,0,0.0,entropy_adaptive_sharpen,qasper,2384243487,0.3333333333333333,qasper-1908.09246-0602a974a879e6eae223cdf048410b5a0111665e,1908.09246,981745006,14680064,128,3114631168,91038,213501
-4.317009925842285,0.3333333432674408,4,128,0,0.0,persistence,qasper,2376778946,0.3333333333333333,qasper-1908.09246-0602a974a879e6eae223cdf048410b5a0111665e,1908.09246,978900550,14680064,128,3114631168,91038,39178
-4.098901271820068,0.3333333432674408,4,128,0,0.0,agreement,qasper,2369766451,0.6666666666666666,qasper-1908.09246-0602a974a879e6eae223cdf048410b5a0111665e,1908.09246,968832562,14680064,128,3114631168,91038,55480
-4.354687690734863,0.3333333432674408,4,128,0,0.0,community,qasper,2368954709,0.3333333333333333,qasper-1908.09246-0602a974a879e6eae223cdf048410b5a0111665e,1908.09246,972003264,14680064,128,3114631168,91038,48646
-2.4532108306884766,0.6666666865348816,4,128,0,0.0,bridge_preserving,qasper,2385820106,0.6666666666666666,qasper-1908.09246-0602a974a879e6eae223cdf048410b5a0111665e,1908.09246,983266719,14680064,128,3114631168,91038,66422
-4.6937150955200195,0.3333333432674408,4,128,0,0.0,combined_structural,qasper,2384257591,0.3333333333333333,qasper-1908.09246-0602a974a879e6eae223cdf048410b5a0111665e,1908.09246,983175564,14680064,128,3114631168,91038,102025
-2.3195126056671143,0.6666666865348816,4,128,0,1.0,oracle_evidence,qasper,2371391280,1.0,qasper-1908.09246-0602a974a879e6eae223cdf048410b5a0111665e,1908.09246,971636050,14680064,128,3114631168,91038,57767
-4.747859477996826,0.3333333432674408,6,192,0,0.0,base_topk,qasper,2769337669,0.3333333333333333,qasper-1908.09246-0602a974a879e6eae223cdf048410b5a0111665e,1908.09246,1318682243,22020096,192,3114631168,91038,47819
-4.747859477996826,0.3333333432674408,6,192,0,0.0,budget_tuned_topk,qasper,2769337669,0.3333333333333333,qasper-1908.09246-0602a974a879e6eae223cdf048410b5a0111665e,1908.09246,1318682243,22020096,192,3114631168,91038,54005
-4.747859477996826,0.3333333432674408,6,192,0,0.0,power_sharpen,qasper,2769337669,0.3333333333333333,qasper-1908.09246-0602a974a879e6eae223cdf048410b5a0111665e,1908.09246,1318682243,22020096,192,3114631168,91038,58582
-4.747859477996826,0.3333333432674408,6,192,0,0.0,entropy_adaptive_sharpen,qasper,2769337669,0.3333333333333333,qasper-1908.09246-0602a974a879e6eae223cdf048410b5a0111665e,1908.09246,1318682243,22020096,192,3114631168,91038,105037
-4.845981121063232,0.3333333432674408,6,192,0,0.0,persistence,qasper,2765850483,0.3333333333333333,qasper-1908.09246-0602a974a879e6eae223cdf048410b5a0111665e,1908.09246,1316233617,22020096,192,3114631168,91038,22112
-4.357761859893799,0.3333333432674408,6,192,0,0.0,agreement,qasper,2759552897,0.6666666666666666,qasper-1908.09246-0602a974a879e6eae223cdf048410b5a0111665e,1908.09246,1310064584,22020096,192,3114631168,91038,56385
-4.535743236541748,0.3333333432674408,6,192,0,0.0,community,qasper,2775028917,0.6666666666666666,qasper-1908.09246-0602a974a879e6eae223cdf048410b5a0111665e,1908.09246,1324062204,22020096,192,3114631168,91038,49317
-2.4896302223205566,0.6666666865348816,6,192,0,0.0,bridge_preserving,qasper,2767343681,0.6666666666666666,qasper-1908.09246-0602a974a879e6eae223cdf048410b5a0111665e,1908.09246,1319387892,22020096,192,3114631168,91038,70451
-4.845981121063232,0.3333333432674408,6,192,0,0.0,combined_structural,qasper,2765850483,0.3333333333333333,qasper-1908.09246-0602a974a879e6eae223cdf048410b5a0111665e,1908.09246,1316233617,22020096,192,3114631168,91038,105904
-2.390341281890869,0.6666666865348816,6,192,0,1.0,oracle_evidence,qasper,2764197807,1.0,qasper-1908.09246-0602a974a879e6eae223cdf048410b5a0111665e,1908.09246,1317421706,22020096,192,3114631168,91038,35435
-3.4771227836608887,0.3333333432674408,2,64,0,0.0,base_topk,qasper,2924116536,0.14285714285714285,qasper-1909.08089-de5b6c25e35b3a6c5e40e350fc5e52c160b33490,1909.08089,549401859,7340032,64,3143991296,91038,86133
-3.4771227836608887,0.3333333432674408,2,64,0,0.0,budget_tuned_topk,qasper,2924116536,0.14285714285714285,qasper-1909.08089-de5b6c25e35b3a6c5e40e350fc5e52c160b33490,1909.08089,549401859,7340032,64,3143991296,91038,67055
-3.4771227836608887,0.3333333432674408,2,64,0,0.0,power_sharpen,qasper,2924116536,0.14285714285714285,qasper-1909.08089-de5b6c25e35b3a6c5e40e350fc5e52c160b33490,1909.08089,549401859,7340032,64,3143991296,91038,64467
-3.4771227836608887,0.3333333432674408,2,64,0,0.0,entropy_adaptive_sharpen,qasper,2924116536,0.14285714285714285,qasper-1909.08089-de5b6c25e35b3a6c5e40e350fc5e52c160b33490,1909.08089,549401859,7340032,64,3143991296,91038,118123
-3.379485845565796,0.3541666865348816,2,64,0,0.0,persistence,qasper,2859269506,0.0,qasper-1909.08089-de5b6c25e35b3a6c5e40e350fc5e52c160b33490,1909.08089,490242709,7340032,64,3143991296,91038,22668
-3.3692965507507324,0.3333333432674408,2,64,0,0.0,agreement,qasper,2851689992,0.0,qasper-1909.08089-de5b6c25e35b3a6c5e40e350fc5e52c160b33490,1909.08089,483779968,7340032,64,3143991296,91038,61953
-3.409608840942383,0.2916666865348816,2,64,0,0.0,community,qasper,2848805051,0.14285714285714285,qasper-1909.08089-de5b6c25e35b3a6c5e40e350fc5e52c160b33490,1909.08089,479705026,7340032,64,3143991296,91038,80895
-3.4771227836608887,0.3333333432674408,2,64,0,0.0,bridge_preserving,qasper,2924116536,0.14285714285714285,qasper-1909.08089-de5b6c25e35b3a6c5e40e350fc5e52c160b33490,1909.08089,549401859,7340032,64,3143991296,91038,76977
-3.4771227836608887,0.3333333432674408,2,64,0,0.0,combined_structural,qasper,2924116536,0.14285714285714285,qasper-1909.08089-de5b6c25e35b3a6c5e40e350fc5e52c160b33490,1909.08089,549401859,7340032,64,3143991296,91038,69175
-3.702101469039917,0.2916666865348816,2,64,0,0.0,oracle_evidence,qasper,2851581206,0.2857142857142857,qasper-1909.08089-de5b6c25e35b3a6c5e40e350fc5e52c160b33490,1909.08089,477518141,7340032,64,3143991296,91038,29141
-3.423931121826172,0.3125,4,128,0,0.0,base_topk,qasper,3469792007,0.2857142857142857,qasper-1909.08089-de5b6c25e35b3a6c5e40e350fc5e52c160b33490,1909.08089,965172517,14680064,128,3143991296,91038,49009
-3.423931121826172,0.3125,4,128,0,0.0,budget_tuned_topk,qasper,3469792007,0.2857142857142857,qasper-1909.08089-de5b6c25e35b3a6c5e40e350fc5e52c160b33490,1909.08089,965172517,14680064,128,3143991296,91038,66864
-3.423931121826172,0.3125,4,128,0,0.0,power_sharpen,qasper,3469792007,0.2857142857142857,qasper-1909.08089-de5b6c25e35b3a6c5e40e350fc5e52c160b33490,1909.08089,965172517,14680064,128,3143991296,91038,57011
-3.423931121826172,0.3125,4,128,0,0.0,entropy_adaptive_sharpen,qasper,3469792007,0.2857142857142857,qasper-1909.08089-de5b6c25e35b3a6c5e40e350fc5e52c160b33490,1909.08089,965172517,14680064,128,3143991296,91038,115288
-3.436119556427002,0.2916666865348816,4,128,0,0.0,persistence,qasper,3460578465,0.2857142857142857,qasper-1909.08089-de5b6c25e35b3a6c5e40e350fc5e52c160b33490,1909.08089,958710543,14680064,128,3143991296,91038,22218
-3.35041880607605,0.3125,4,128,0,0.0,agreement,qasper,3464547125,0.2857142857142857,qasper-1909.08089-de5b6c25e35b3a6c5e40e350fc5e52c160b33490,1909.08089,960747060,14680064,128,3143991296,91038,56747
-3.3293075561523438,0.3333333432674408,4,128,0,0.0,community,qasper,3467809713,0.2857142857142857,qasper-1909.08089-de5b6c25e35b3a6c5e40e350fc5e52c160b33490,1909.08089,963587413,14680064,128,3143991296,91038,49494
-3.423931121826172,0.3125,4,128,0,0.0,bridge_preserving,qasper,3469792007,0.2857142857142857,qasper-1909.08089-de5b6c25e35b3a6c5e40e350fc5e52c160b33490,1909.08089,965172517,14680064,128,3143991296,91038,77120
-3.436119556427002,0.2916666865348816,4,128,0,0.0,combined_structural,qasper,3460578465,0.2857142857142857,qasper-1909.08089-de5b6c25e35b3a6c5e40e350fc5e52c160b33490,1909.08089,958710543,14680064,128,3143991296,91038,71551
-3.5310821533203125,0.2916666865348816,4,128,0,0.0,oracle_evidence,qasper,3460143354,0.5714285714285714,qasper-1909.08089-de5b6c25e35b3a6c5e40e350fc5e52c160b33490,1909.08089,955680069,14680064,128,3143991296,91038,30681
-3.3940415382385254,0.2916666865348816,6,192,0,0.0,base_topk,qasper,3703502370,0.42857142857142855,qasper-1909.08089-de5b6c25e35b3a6c5e40e350fc5e52c160b33490,1909.08089,1057693363,22020096,192,3143991296,91038,65711
-3.3940415382385254,0.2916666865348816,6,192,0,0.0,budget_tuned_topk,qasper,3703502370,0.42857142857142855,qasper-1909.08089-de5b6c25e35b3a6c5e40e350fc5e52c160b33490,1909.08089,1057693363,22020096,192,3143991296,91038,54175
-3.3940415382385254,0.2916666865348816,6,192,0,0.0,power_sharpen,qasper,3703502370,0.42857142857142855,qasper-1909.08089-de5b6c25e35b3a6c5e40e350fc5e52c160b33490,1909.08089,1057693363,22020096,192,3143991296,91038,57300
-3.3940415382385254,0.2916666865348816,6,192,0,0.0,entropy_adaptive_sharpen,qasper,3703502370,0.42857142857142855,qasper-1909.08089-de5b6c25e35b3a6c5e40e350fc5e52c160b33490,1909.08089,1057693363,22020096,192,3143991296,91038,107788
-3.401203155517578,0.2916666865348816,6,192,0,0.0,persistence,qasper,3698265603,0.5714285714285714,qasper-1909.08089-de5b6c25e35b3a6c5e40e350fc5e52c160b33490,1909.08089,1056692117,22020096,192,3143991296,91038,22078
-3.2742204666137695,0.375,6,192,0,0.0,agreement,qasper,3697469177,0.42857142857142855,qasper-1909.08089-de5b6c25e35b3a6c5e40e350fc5e52c160b33490,1909.08089,1055242414,22020096,192,3143991296,91038,74541
-3.2742204666137695,0.375,6,192,0,0.0,community,qasper,3697469177,0.42857142857142855,qasper-1909.08089-de5b6c25e35b3a6c5e40e350fc5e52c160b33490,1909.08089,1055242414,22020096,192,3143991296,91038,69714
-3.334439992904663,0.3125,6,192,0,0.0,bridge_preserving,qasper,3693675133,0.5714285714285714,qasper-1909.08089-de5b6c25e35b3a6c5e40e350fc5e52c160b33490,1909.08089,1054344261,22020096,192,3143991296,91038,77922
-3.401203155517578,0.2916666865348816,6,192,0,0.0,combined_structural,qasper,3698265603,0.5714285714285714,qasper-1909.08089-de5b6c25e35b3a6c5e40e350fc5e52c160b33490,1909.08089,1056692117,22020096,192,3143991296,91038,95218
-3.462212085723877,0.2916666865348816,6,192,0,0.0,oracle_evidence,qasper,3700088947,0.8571428571428571,qasper-1909.08089-de5b6c25e35b3a6c5e40e350fc5e52c160b33490,1909.08089,1056069977,22020096,192,3143991296,91038,30333
-5.4290947914123535,0.31578946113586426,2,64,0,0.0,base_topk,qasper,3370318394,0.16666666666666666,qasper-1910.12574-893ec40b678a72760b6802f6abf73b8f487ae639,1910.12574,479125145,7340032,64,3144019968,91038,87597
-5.4290947914123535,0.31578946113586426,2,64,0,0.0,budget_tuned_topk,qasper,3370318394,0.16666666666666666,qasper-1910.12574-893ec40b678a72760b6802f6abf73b8f487ae639,1910.12574,479125145,7340032,64,3144019968,91038,64346
-5.4290947914123535,0.31578946113586426,2,64,0,0.0,power_sharpen,qasper,3370318394,0.16666666666666666,qasper-1910.12574-893ec40b678a72760b6802f6abf73b8f487ae639,1910.12574,479125145,7340032,64,3144019968,91038,55281
-5.4290947914123535,0.31578946113586426,2,64,0,0.0,entropy_adaptive_sharpen,qasper,3370318394,0.16666666666666666,qasper-1910.12574-893ec40b678a72760b6802f6abf73b8f487ae639,1910.12574,479125145,7340032,64,3144019968,91038,104454
-5.4290947914123535,0.31578946113586426,2,64,0,0.0,persistence,qasper,3370318394,0.16666666666666666,qasper-1910.12574-893ec40b678a72760b6802f6abf73b8f487ae639,1910.12574,479125145,7340032,64,3144019968,91038,20167
-2.512342691421509,0.6315789222717285,2,64,0,0.0,agreement,qasper,2758620054,0.16666666666666666,qasper-1910.12574-893ec40b678a72760b6802f6abf73b8f487ae639,1910.12574,571668017,7340032,64,3144028160,91038,17850
-5.4290947914123535,0.31578946113586426,2,64,0,0.0,community,qasper,3370318394,0.16666666666666666,qasper-1910.12574-893ec40b678a72760b6802f6abf73b8f487ae639,1910.12574,479125145,7340032,64,3144019968,91038,58188
-5.653716087341309,0.31578946113586426,2,64,0,0.0,bridge_preserving,qasper,2645986615,0.16666666666666666,qasper-1910.12574-893ec40b678a72760b6802f6abf73b8f487ae639,1910.12574,468381251,7340032,64,3144028160,91038,43391
-5.4290947914123535,0.31578946113586426,2,64,0,0.0,combined_structural,qasper,3370318394,0.16666666666666666,qasper-1910.12574-893ec40b678a72760b6802f6abf73b8f487ae639,1910.12574,479125145,7340032,64,3144019968,91038,91004
-5.4290947914123535,0.31578946113586426,2,64,0,0.0,oracle_evidence,qasper,3370318394,0.16666666666666666,qasper-1910.12574-893ec40b678a72760b6802f6abf73b8f487ae639,1910.12574,479125145,7340032,64,3144019968,91038,29439
-2.4925408363342285,0.5789473652839661,4,128,0,0.0,base_topk,qasper,3989041255,0.3333333333333333,qasper-1910.12574-893ec40b678a72760b6802f6abf73b8f487ae639,1910.12574,964043893,14680064,128,3144044544,91038,15833
-2.4925408363342285,0.5789473652839661,4,128,0,0.0,budget_tuned_topk,qasper,3989041255,0.3333333333333333,qasper-1910.12574-893ec40b678a72760b6802f6abf73b8f487ae639,1910.12574,964043893,14680064,128,3144044544,91038,64757
-2.4925408363342285,0.5789473652839661,4,128,0,0.0,power_sharpen,qasper,3989041255,0.3333333333333333,qasper-1910.12574-893ec40b678a72760b6802f6abf73b8f487ae639,1910.12574,964043893,14680064,128,3144044544,91038,70121
-2.4925408363342285,0.5789473652839661,4,128,0,0.0,entropy_adaptive_sharpen,qasper,3989041255,0.3333333333333333,qasper-1910.12574-893ec40b678a72760b6802f6abf73b8f487ae639,1910.12574,964043893,14680064,128,3144044544,91038,131878
-2.4925408363342285,0.5789473652839661,4,128,0,0.0,persistence,qasper,3989041255,0.3333333333333333,qasper-1910.12574-893ec40b678a72760b6802f6abf73b8f487ae639,1910.12574,964043893,14680064,128,3144044544,91038,27547
-2.8128044605255127,0.5263158082962036,4,128,0,0.0,agreement,qasper,3274719349,0.3333333333333333,qasper-1910.12574-893ec40b678a72760b6802f6abf73b8f487ae639,1910.12574,971265618,14680064,128,3144044544,91038,23709
-2.4925408363342285,0.5789473652839661,4,128,0,0.0,community,qasper,3989041255,0.3333333333333333,qasper-1910.12574-893ec40b678a72760b6802f6abf73b8f487ae639,1910.12574,964043893,14680064,128,3144044544,91038,48109
-5.47071647644043,0.31578946113586426,4,128,0,0.0,bridge_preserving,qasper,3266473809,0.3333333333333333,qasper-1910.12574-893ec40b678a72760b6802f6abf73b8f487ae639,1910.12574,963869893,14680064,128,3144044544,91038,34154
-2.4925408363342285,0.5789473652839661,4,128,0,0.0,combined_structural,qasper,3989041255,0.3333333333333333,qasper-1910.12574-893ec40b678a72760b6802f6abf73b8f487ae639,1910.12574,964043893,14680064,128,3144044544,91038,105496
-2.4925408363342285,0.5789473652839661,4,128,0,0.0,oracle_evidence,qasper,3989041255,0.3333333333333333,qasper-1910.12574-893ec40b678a72760b6802f6abf73b8f487ae639,1910.12574,964043893,14680064,128,3144044544,91038,35526
-2.607001781463623,0.5263158082962036,6,192,0,0.0,base_topk,qasper,4190900955,0.5,qasper-1910.12574-893ec40b678a72760b6802f6abf73b8f487ae639,1910.12574,1056430694,22020096,192,3144060928,91038,19105
-2.607001781463623,0.5263158082962036,6,192,0,0.0,budget_tuned_topk,qasper,4190900955,0.5,qasper-1910.12574-893ec40b678a72760b6802f6abf73b8f487ae639,1910.12574,1056430694,22020096,192,3144060928,91038,64829
-2.607001781463623,0.5263158082962036,6,192,0,0.0,power_sharpen,qasper,4190900955,0.5,qasper-1910.12574-893ec40b678a72760b6802f6abf73b8f487ae639,1910.12574,1056430694,22020096,192,3144060928,91038,72339
-2.607001781463623,0.5263158082962036,6,192,0,0.0,entropy_adaptive_sharpen,qasper,4190900955,0.5,qasper-1910.12574-893ec40b678a72760b6802f6abf73b8f487ae639,1910.12574,1056430694,22020096,192,3144060928,91038,137647
-2.5521538257598877,0.5263158082962036,6,192,0,0.0,persistence,qasper,3471484664,0.5,qasper-1910.12574-893ec40b678a72760b6802f6abf73b8f487ae639,1910.12574,1057351487,22020096,192,3144060928,91038,29007
-2.7149534225463867,0.5789473652839661,6,192,0,0.0,agreement,qasper,3472397355,0.5,qasper-1910.12574-893ec40b678a72760b6802f6abf73b8f487ae639,1910.12574,1056178639,22020096,192,3144060928,91038,70840
-2.607001781463623,0.5263158082962036,6,192,0,0.0,community,qasper,4190900955,0.5,qasper-1910.12574-893ec40b678a72760b6802f6abf73b8f487ae639,1910.12574,1056430694,22020096,192,3144060928,91038,56835
-2.607001781463623,0.5263158082962036,6,192,0,0.0,bridge_preserving,qasper,4190900955,0.5,qasper-1910.12574-893ec40b678a72760b6802f6abf73b8f487ae639,1910.12574,1056430694,22020096,192,3144060928,91038,43231
-2.5521538257598877,0.5263158082962036,6,192,0,0.0,combined_structural,qasper,3471484664,0.5,qasper-1910.12574-893ec40b678a72760b6802f6abf73b8f487ae639,1910.12574,1057351487,22020096,192,3144060928,91038,68468
-2.607001781463623,0.5263158082962036,6,192,0,0.0,oracle_evidence,qasper,4190900955,0.5,qasper-1910.12574-893ec40b678a72760b6802f6abf73b8f487ae639,1910.12574,1056430694,22020096,192,3144060928,91038,28275
-1.4888471364974976,0.7777777910232544,2,64,0,0.0,base_topk,qasper,2514484858,0.25,qasper-1911.01371-051df74dc643498e95d16e58851701628fdfd43e,1911.01371,476862558,7340032,64,3150405632,91038,55830
-1.4888471364974976,0.7777777910232544,2,64,0,0.0,budget_tuned_topk,qasper,2514484858,0.25,qasper-1911.01371-051df74dc643498e95d16e58851701628fdfd43e,1911.01371,476862558,7340032,64,3150405632,91038,54330
-1.4888471364974976,0.7777777910232544,2,64,0,0.0,power_sharpen,qasper,2514484858,0.25,qasper-1911.01371-051df74dc643498e95d16e58851701628fdfd43e,1911.01371,476862558,7340032,64,3150405632,91038,69742
-1.4888471364974976,0.7777777910232544,2,64,0,0.0,entropy_adaptive_sharpen,qasper,2514484858,0.25,qasper-1911.01371-051df74dc643498e95d16e58851701628fdfd43e,1911.01371,476862558,7340032,64,3150405632,91038,102654
-5.481483459472656,0.2222222238779068,2,64,0,0.0,persistence,qasper,2614846030,0.25,qasper-1911.01371-051df74dc643498e95d16e58851701628fdfd43e,1911.01371,571789681,7340032,64,3121053696,91038,20667
-5.2256669998168945,0.3333333432674408,2,64,0,0.0,agreement,qasper,2515644224,0.25,qasper-1911.01371-051df74dc643498e95d16e58851701628fdfd43e,1911.01371,478637030,7340032,64,3121053696,91038,56584
-5.4079718589782715,0.2222222238779068,2,64,0,0.0,community,qasper,2519064157,0.0,qasper-1911.01371-051df74dc643498e95d16e58851701628fdfd43e,1911.01371,479959613,7340032,64,3121053696,91038,46431
-5.492092132568359,0.2222222238779068,2,64,0,0.0,bridge_preserving,qasper,2515250902,0.0,qasper-1911.01371-051df74dc643498e95d16e58851701628fdfd43e,1911.01371,476639647,7340032,64,3121053696,91038,95655
-5.4079718589782715,0.2222222238779068,2,64,0,0.0,combined_structural,qasper,2519064157,0.0,qasper-1911.01371-051df74dc643498e95d16e58851701628fdfd43e,1911.01371,479959613,7340032,64,3121053696,91038,127242
-1.5832931995391846,0.7777777910232544,2,64,0,0.0,oracle_evidence,qasper,2571095842,0.5,qasper-1911.01371-051df74dc643498e95d16e58851701628fdfd43e,1911.01371,533651622,7340032,64,3121053696,91038,32608
-1.6209226846694946,0.7777777910232544,4,128,0,0.0,base_topk,qasper,3126500882,0.25,qasper-1911.01371-051df74dc643498e95d16e58851701628fdfd43e,1911.01371,960255903,14680064,128,3121053696,91038,52479
-1.6209226846694946,0.7777777910232544,4,128,0,0.0,budget_tuned_topk,qasper,3126500882,0.25,qasper-1911.01371-051df74dc643498e95d16e58851701628fdfd43e,1911.01371,960255903,14680064,128,3121053696,91038,54548
-1.6209226846694946,0.7777777910232544,4,128,0,0.0,power_sharpen,qasper,3126500882,0.25,qasper-1911.01371-051df74dc643498e95d16e58851701628fdfd43e,1911.01371,960255903,14680064,128,3121053696,91038,55834
-1.6209226846694946,0.7777777910232544,4,128,0,0.0,entropy_adaptive_sharpen,qasper,3126500882,0.25,qasper-1911.01371-051df74dc643498e95d16e58851701628fdfd43e,1911.01371,960255903,14680064,128,3121053696,91038,109758
-1.5515068769454956,0.8888888955116272,4,128,0,0.0,persistence,qasper,3126111678,0.5,qasper-1911.01371-051df74dc643498e95d16e58851701628fdfd43e,1911.01371,960281797,14680064,128,3121053696,91038,21369
-1.5854458808898926,0.7777777910232544,4,128,0,0.0,agreement,qasper,3129327758,0.5,qasper-1911.01371-051df74dc643498e95d16e58851701628fdfd43e,1911.01371,964660109,14680064,128,3121053696,91038,68128
-1.7036164999008179,0.8888888955116272,4,128,0,0.0,community,qasper,3127558815,0.25,qasper-1911.01371-051df74dc643498e95d16e58851701628fdfd43e,1911.01371,961699008,14680064,128,3121053696,91038,55664
-1.6350237131118774,0.7777777910232544,4,128,0,0.0,bridge_preserving,qasper,3127062068,0.25,qasper-1911.01371-051df74dc643498e95d16e58851701628fdfd43e,1911.01371,965830615,14680064,128,3121053696,91038,68393
-1.5515068769454956,0.8888888955116272,4,128,0,0.0,combined_structural,qasper,3126111678,0.5,qasper-1911.01371-051df74dc643498e95d16e58851701628fdfd43e,1911.01371,960281797,14680064,128,3121053696,91038,102529
-1.6167247295379639,0.8888888955116272,4,128,0,1.0,oracle_evidence,qasper,3115421931,1.0,qasper-1911.01371-051df74dc643498e95d16e58851701628fdfd43e,1911.01371,948825721,14680064,128,3121053696,91038,33400
-1.8003427982330322,0.7777777910232544,6,192,0,0.0,base_topk,qasper,3340593865,0.5,qasper-1911.01371-051df74dc643498e95d16e58851701628fdfd43e,1911.01371,1056378572,22020096,192,3121053696,91038,54846
-1.8003427982330322,0.7777777910232544,6,192,0,0.0,budget_tuned_topk,qasper,3340593865,0.5,qasper-1911.01371-051df74dc643498e95d16e58851701628fdfd43e,1911.01371,1056378572,22020096,192,3121053696,91038,52163
-1.8003427982330322,0.7777777910232544,6,192,0,0.0,power_sharpen,qasper,3340593865,0.5,qasper-1911.01371-051df74dc643498e95d16e58851701628fdfd43e,1911.01371,1056378572,22020096,192,3121053696,91038,57063
-1.8003427982330322,0.7777777910232544,6,192,0,0.0,entropy_adaptive_sharpen,qasper,3340593865,0.5,qasper-1911.01371-051df74dc643498e95d16e58851701628fdfd43e,1911.01371,1056378572,22020096,192,3121053696,91038,105906
-1.7474614381790161,0.7777777910232544,6,192,0,0.0,persistence,qasper,3346065966,0.5,qasper-1911.01371-051df74dc643498e95d16e58851701628fdfd43e,1911.01371,1055853920,22020096,192,3121053696,91038,22268
-1.8517731428146362,0.7777777910232544,6,192,0,0.0,agreement,qasper,3344178945,0.5,qasper-1911.01371-051df74dc643498e95d16e58851701628fdfd43e,1911.01371,1056239296,22020096,192,3121053696,91038,59547
-1.853294849395752,0.7777777910232544,6,192,0,0.0,community,qasper,3344912940,0.25,qasper-1911.01371-051df74dc643498e95d16e58851701628fdfd43e,1911.01371,1055470513,22020096,192,3121053696,91038,68777
-1.602188229560852,0.7777777910232544,6,192,0,0.0,bridge_preserving,qasper,3349890422,0.25,qasper-1911.01371-051df74dc643498e95d16e58851701628fdfd43e,1911.01371,1056990463,22020096,192,3121053696,91038,111609
-1.8617322444915771,0.7777777910232544,6,192,0,0.0,combined_structural,qasper,3343005630,0.5,qasper-1911.01371-051df74dc643498e95d16e58851701628fdfd43e,1911.01371,1056066540,22020096,192,3121053696,91038,88290
-1.6791114807128906,0.8888888955116272,6,192,0,1.0,oracle_evidence,qasper,3345684285,1.0,qasper-1911.01371-051df74dc643498e95d16e58851701628fdfd43e,1911.01371,1056256693,22020096,192,3121053696,91038,72554
-1.9973511695861816,0.5,2,64,0,0.0,base_topk,qasper,4434006907,0.2857142857142857,qasper-1912.08904-78a5546e87d4d88e3d9638a0a8cd0b7debf1f09d,1912.08904,471482603,7340032,64,3121152000,91038,89526
-1.9973511695861816,0.5,2,64,0,0.0,budget_tuned_topk,qasper,4434006907,0.2857142857142857,qasper-1912.08904-78a5546e87d4d88e3d9638a0a8cd0b7debf1f09d,1912.08904,471482603,7340032,64,3121152000,91038,57959
-1.9973511695861816,0.5,2,64,0,0.0,power_sharpen,qasper,4434006907,0.2857142857142857,qasper-1912.08904-78a5546e87d4d88e3d9638a0a8cd0b7debf1f09d,1912.08904,471482603,7340032,64,3121152000,91038,59148
-1.9973511695861816,0.5,2,64,0,0.0,entropy_adaptive_sharpen,qasper,4434006907,0.2857142857142857,qasper-1912.08904-78a5546e87d4d88e3d9638a0a8cd0b7debf1f09d,1912.08904,471482603,7340032,64,3121152000,91038,111241
-2.4428796768188477,0.75,2,64,0,0.0,persistence,qasper,988644638,0.2857142857142857,qasper-1912.08904-78a5546e87d4d88e3d9638a0a8cd0b7debf1f09d,1912.08904,548483707,7340032,64,3121152000,91038,21855
-8.050718307495117,0.0,2,64,0,0.0,agreement,qasper,977770862,0.2857142857142857,qasper-1912.08904-78a5546e87d4d88e3d9638a0a8cd0b7debf1f09d,1912.08904,550440191,7340032,64,3121152000,91038,57232
-2.4428796768188477,0.75,2,64,0,0.0,community,qasper,988644638,0.2857142857142857,qasper-1912.08904-78a5546e87d4d88e3d9638a0a8cd0b7debf1f09d,1912.08904,548483707,7340032,64,3121152000,91038,75665
-1.9973511695861816,0.5,2,64,0,0.0,bridge_preserving,qasper,4434006907,0.2857142857142857,qasper-1912.08904-78a5546e87d4d88e3d9638a0a8cd0b7debf1f09d,1912.08904,471482603,7340032,64,3121152000,91038,53080
-2.4428796768188477,0.75,2,64,0,0.0,combined_structural,qasper,988644638,0.2857142857142857,qasper-1912.08904-78a5546e87d4d88e3d9638a0a8cd0b7debf1f09d,1912.08904,548483707,7340032,64,3121152000,91038,83136
-1.9973511695861816,0.5,2,64,0,0.0,oracle_evidence,qasper,4434006907,0.2857142857142857,qasper-1912.08904-78a5546e87d4d88e3d9638a0a8cd0b7debf1f09d,1912.08904,471482603,7340032,64,3121152000,91038,34662
-2.339174509048462,0.75,4,128,0,0.0,base_topk,qasper,2088298052,0.5714285714285714,qasper-1912.08904-78a5546e87d4d88e3d9638a0a8cd0b7debf1f09d,1912.08904,974312407,14680064,128,3121168384,91038,21394
-2.339174509048462,0.75,4,128,0,0.0,budget_tuned_topk,qasper,2088298052,0.5714285714285714,qasper-1912.08904-78a5546e87d4d88e3d9638a0a8cd0b7debf1f09d,1912.08904,974312407,14680064,128,3121168384,91038,66469
-2.339174509048462,0.75,4,128,0,0.0,power_sharpen,qasper,2088298052,0.5714285714285714,qasper-1912.08904-78a5546e87d4d88e3d9638a0a8cd0b7debf1f09d,1912.08904,974312407,14680064,128,3121168384,91038,71381
-2.339174509048462,0.75,4,128,0,0.0,entropy_adaptive_sharpen,qasper,2088298052,0.5714285714285714,qasper-1912.08904-78a5546e87d4d88e3d9638a0a8cd0b7debf1f09d,1912.08904,974312407,14680064,128,3121168384,91038,134204
-2.2438857555389404,0.75,4,128,0,0.0,persistence,qasper,1419823843,0.5714285714285714,qasper-1912.08904-78a5546e87d4d88e3d9638a0a8cd0b7debf1f09d,1912.08904,986101512,14680064,128,3121168384,91038,28400
-7.464528560638428,0.0,4,128,0,0.0,agreement,qasper,1416618476,0.42857142857142855,qasper-1912.08904-78a5546e87d4d88e3d9638a0a8cd0b7debf1f09d,1912.08904,975684376,14680064,128,3121168384,91038,58304
-2.0440354347229004,0.75,4,128,0,0.0,community,qasper,1401718511,0.42857142857142855,qasper-1912.08904-78a5546e87d4d88e3d9638a0a8cd0b7debf1f09d,1912.08904,964375038,14680064,128,3121168384,91038,70053
-2.339174509048462,0.75,4,128,0,0.0,bridge_preserving,qasper,2088298052,0.5714285714285714,qasper-1912.08904-78a5546e87d4d88e3d9638a0a8cd0b7debf1f09d,1912.08904,974312407,14680064,128,3121168384,91038,78584
-2.5208466053009033,0.75,4,128,0,0.0,combined_structural,qasper,1422932047,0.5714285714285714,qasper-1912.08904-78a5546e87d4d88e3d9638a0a8cd0b7debf1f09d,1912.08904,982802512,14680064,128,3121168384,91038,72284
-2.339174509048462,0.75,4,128,0,0.0,oracle_evidence,qasper,2088298052,0.5714285714285714,qasper-1912.08904-78a5546e87d4d88e3d9638a0a8cd0b7debf1f09d,1912.08904,974312407,14680064,128,3121168384,91038,63615
-2.2879514694213867,0.75,6,192,0,0.0,base_topk,qasper,2462895236,0.5714285714285714,qasper-1912.08904-78a5546e87d4d88e3d9638a0a8cd0b7debf1f09d,1912.08904,1328736313,22020096,192,3121184768,91038,22814
-2.2879514694213867,0.75,6,192,0,0.0,budget_tuned_topk,qasper,2462895236,0.5714285714285714,qasper-1912.08904-78a5546e87d4d88e3d9638a0a8cd0b7debf1f09d,1912.08904,1328736313,22020096,192,3121184768,91038,60302
-2.2879514694213867,0.75,6,192,0,0.0,power_sharpen,qasper,2462895236,0.5714285714285714,qasper-1912.08904-78a5546e87d4d88e3d9638a0a8cd0b7debf1f09d,1912.08904,1328736313,22020096,192,3121184768,91038,71783
-2.2879514694213867,0.75,6,192,0,0.0,entropy_adaptive_sharpen,qasper,2462895236,0.5714285714285714,qasper-1912.08904-78a5546e87d4d88e3d9638a0a8cd0b7debf1f09d,1912.08904,1328736313,22020096,192,3121184768,91038,109082
-2.6054608821868896,0.5,6,192,0,0.0,persistence,qasper,1782403191,0.7142857142857143,qasper-1912.08904-78a5546e87d4d88e3d9638a0a8cd0b7debf1f09d,1912.08904,1324187259,22020096,192,3121184768,91038,22988
-7.731494903564453,0.0,6,192,0,0.0,agreement,qasper,1743279609,0.5714285714285714,qasper-1912.08904-78a5546e87d4d88e3d9638a0a8cd0b7debf1f09d,1912.08904,1304471888,22020096,192,3121184768,91038,62573
-2.209158182144165,0.75,6,192,0,0.0,community,qasper,1759059661,0.5714285714285714,qasper-1912.08904-78a5546e87d4d88e3d9638a0a8cd0b7debf1f09d,1912.08904,1314726483,22020096,192,3121184768,91038,50712
-2.2879514694213867,0.75,6,192,0,0.0,bridge_preserving,qasper,2462895236,0.5714285714285714,qasper-1912.08904-78a5546e87d4d88e3d9638a0a8cd0b7debf1f09d,1912.08904,1328736313,22020096,192,3121184768,91038,75818
-2.465919256210327,0.5,6,192,0,0.0,combined_structural,qasper,1767606902,0.8571428571428571,qasper-1912.08904-78a5546e87d4d88e3d9638a0a8cd0b7debf1f09d,1912.08904,1315578593,22020096,192,3121184768,91038,72307
-2.30057692527771,0.75,6,192,0,0.0,oracle_evidence,qasper,1759773757,0.8571428571428571,qasper-1912.08904-78a5546e87d4d88e3d9638a0a8cd0b7debf1f09d,1912.08904,1308377233,22020096,192,3121184768,91038,64108
-5.735325336456299,0.1666666716337204,2,64,0,0.0,base_topk,qasper,2096228610,0.4,qasper-1912.10011-d915b401bb96c9f104a0353bef9254672e6f5a47,1912.10011,551940077,7340032,64,3133779968,91038,87254
-5.735325336456299,0.1666666716337204,2,64,0,0.0,budget_tuned_topk,qasper,2096228610,0.4,qasper-1912.10011-d915b401bb96c9f104a0353bef9254672e6f5a47,1912.10011,551940077,7340032,64,3133779968,91038,43273
-5.735325336456299,0.1666666716337204,2,64,0,0.0,power_sharpen,qasper,2096228610,0.4,qasper-1912.10011-d915b401bb96c9f104a0353bef9254672e6f5a47,1912.10011,551940077,7340032,64,3133779968,91038,38552
-5.735325336456299,0.1666666716337204,2,64,0,0.0,entropy_adaptive_sharpen,qasper,2096228610,0.4,qasper-1912.10011-d915b401bb96c9f104a0353bef9254672e6f5a47,1912.10011,551940077,7340032,64,3133779968,91038,72147
-5.394377708435059,0.1666666716337204,2,64,0,0.0,persistence,qasper,2081857564,0.4,qasper-1912.10011-d915b401bb96c9f104a0353bef9254672e6f5a47,1912.10011,571704975,7340032,64,3133825024,91038,13932
-6.285252571105957,0.2222222238779068,2,64,0,0.0,agreement,qasper,1974724398,0.2,qasper-1912.10011-d915b401bb96c9f104a0353bef9254672e6f5a47,1912.10011,479126309,7340032,64,3127533568,91038,54737
-6.357936859130859,0.1666666716337204,2,64,0,0.0,community,qasper,2119923700,0.4,qasper-1912.10011-d915b401bb96c9f104a0353bef9254672e6f5a47,1912.10011,612487495,7340032,64,3127533568,91038,47678
-5.394377708435059,0.1666666716337204,2,64,0,0.0,bridge_preserving,qasper,2081857564,0.4,qasper-1912.10011-d915b401bb96c9f104a0353bef9254672e6f5a47,1912.10011,571704975,7340032,64,3133825024,91038,92002
-5.394377708435059,0.1666666716337204,2,64,0,0.0,combined_structural,qasper,2081857564,0.4,qasper-1912.10011-d915b401bb96c9f104a0353bef9254672e6f5a47,1912.10011,571704975,7340032,64,3133825024,91038,71485
-5.735325336456299,0.1666666716337204,2,64,0,0.0,oracle_evidence,qasper,2096228610,0.4,qasper-1912.10011-d915b401bb96c9f104a0353bef9254672e6f5a47,1912.10011,551940077,7340032,64,3133779968,91038,27344
-5.933041095733643,0.1111111119389534,4,128,0,0.0,base_topk,qasper,2531648769,0.6,qasper-1912.10011-d915b401bb96c9f104a0353bef9254672e6f5a47,1912.10011,965529307,14680064,128,3127533568,91038,15096
-5.933041095733643,0.1111111119389534,4,128,0,0.0,budget_tuned_topk,qasper,2531648769,0.6,qasper-1912.10011-d915b401bb96c9f104a0353bef9254672e6f5a47,1912.10011,965529307,14680064,128,3127533568,91038,56834
-5.933041095733643,0.1111111119389534,4,128,0,0.0,power_sharpen,qasper,2531648769,0.6,qasper-1912.10011-d915b401bb96c9f104a0353bef9254672e6f5a47,1912.10011,965529307,14680064,128,3127533568,91038,61958
-5.933041095733643,0.1111111119389534,4,128,0,0.0,entropy_adaptive_sharpen,qasper,2531648769,0.6,qasper-1912.10011-d915b401bb96c9f104a0353bef9254672e6f5a47,1912.10011,965529307,14680064,128,3127533568,91038,95516
-5.606902122497559,0.1666666716337204,4,128,0,0.0,persistence,qasper,2516016960,0.8,qasper-1912.10011-d915b401bb96c9f104a0353bef9254672e6f5a47,1912.10011,953856619,14680064,128,3127533568,91038,18533
-5.973294734954834,0.1111111119389534,4,128,0,0.0,agreement,qasper,2512203738,0.4,qasper-1912.10011-d915b401bb96c9f104a0353bef9254672e6f5a47,1912.10011,951990705,14680064,128,3127533568,91038,59136
-6.093412399291992,0.1666666716337204,4,128,0,0.0,community,qasper,2524027958,0.6,qasper-1912.10011-d915b401bb96c9f104a0353bef9254672e6f5a47,1912.10011,963140617,14680064,128,3127533568,91038,57872
-5.592386722564697,0.1666666716337204,4,128,0,0.0,bridge_preserving,qasper,2519431422,0.8,qasper-1912.10011-d915b401bb96c9f104a0353bef9254672e6f5a47,1912.10011,957440320,14680064,128,3127533568,91038,62293
-5.606902122497559,0.1666666716337204,4,128,0,0.0,combined_structural,qasper,2516016960,0.8,qasper-1912.10011-d915b401bb96c9f104a0353bef9254672e6f5a47,1912.10011,953856619,14680064,128,3127533568,91038,126368
-5.592386722564697,0.1666666716337204,4,128,0,0.0,oracle_evidence,qasper,2519431422,0.8,qasper-1912.10011-d915b401bb96c9f104a0353bef9254672e6f5a47,1912.10011,957440320,14680064,128,3127533568,91038,62652
-5.909719944000244,0.1111111119389534,6,192,0,1.0,base_topk,qasper,2668562728,1.0,qasper-1912.10011-d915b401bb96c9f104a0353bef9254672e6f5a47,1912.10011,1056397668,22020096,192,3127533568,91038,19868
-5.909719944000244,0.1111111119389534,6,192,0,1.0,budget_tuned_topk,qasper,2668562728,1.0,qasper-1912.10011-d915b401bb96c9f104a0353bef9254672e6f5a47,1912.10011,1056397668,22020096,192,3127533568,91038,46432
-5.909719944000244,0.1111111119389534,6,192,0,1.0,power_sharpen,qasper,2668562728,1.0,qasper-1912.10011-d915b401bb96c9f104a0353bef9254672e6f5a47,1912.10011,1056397668,22020096,192,3127533568,91038,45203
-5.909719944000244,0.1111111119389534,6,192,0,1.0,entropy_adaptive_sharpen,qasper,2668562728,1.0,qasper-1912.10011-d915b401bb96c9f104a0353bef9254672e6f5a47,1912.10011,1056397668,22020096,192,3127533568,91038,87119
-5.856634616851807,0.2222222238779068,6,192,0,1.0,persistence,qasper,2662416699,1.0,qasper-1912.10011-d915b401bb96c9f104a0353bef9254672e6f5a47,1912.10011,1055360857,22020096,192,3127533568,91038,17588
-5.79188871383667,0.1666666716337204,6,192,0,0.0,agreement,qasper,2661386057,0.8,qasper-1912.10011-d915b401bb96c9f104a0353bef9254672e6f5a47,1912.10011,1055544190,22020096,192,3127533568,91038,58367
-5.991571426391602,0.1666666716337204,6,192,0,1.0,community,qasper,2666260824,1.0,qasper-1912.10011-d915b401bb96c9f104a0353bef9254672e6f5a47,1912.10011,1056047477,22020096,192,3127533568,91038,61554
-5.909719944000244,0.1111111119389534,6,192,0,1.0,bridge_preserving,qasper,2668562728,1.0,qasper-1912.10011-d915b401bb96c9f104a0353bef9254672e6f5a47,1912.10011,1056397668,22020096,192,3127533568,91038,77623
-5.51902437210083,0.2222222238779068,6,192,0,0.0,combined_structural,qasper,2659676540,0.8,qasper-1912.10011-d915b401bb96c9f104a0353bef9254672e6f5a47,1912.10011,1056311365,22020096,192,3127533568,91038,71325
-5.909719944000244,0.1111111119389534,6,192,0,1.0,oracle_evidence,qasper,2668562728,1.0,qasper-1912.10011-d915b401bb96c9f104a0353bef9254672e6f5a47,1912.10011,1056397668,22020096,192,3127533568,91038,79484
-5.010873317718506,0.4000000059604645,2,64,0,0.0,base_topk,qasper,1807630593,0.16666666666666666,qasper-2002.12612-dd20d93166c14f1e57644cd7fa7b5e5738025cd0,2002.12612,465119859,7340032,64,3127533568,91038,72005
-5.010873317718506,0.4000000059604645,2,64,0,0.0,budget_tuned_topk,qasper,1807630593,0.16666666666666666,qasper-2002.12612-dd20d93166c14f1e57644cd7fa7b5e5738025cd0,2002.12612,465119859,7340032,64,3127533568,91038,50901
-5.010873317718506,0.4000000059604645,2,64,0,0.0,power_sharpen,qasper,1807630593,0.16666666666666666,qasper-2002.12612-dd20d93166c14f1e57644cd7fa7b5e5738025cd0,2002.12612,465119859,7340032,64,3127533568,91038,54474
-5.010873317718506,0.4000000059604645,2,64,0,0.0,entropy_adaptive_sharpen,qasper,1807630593,0.16666666666666666,qasper-2002.12612-dd20d93166c14f1e57644cd7fa7b5e5738025cd0,2002.12612,465119859,7340032,64,3127533568,91038,102785
-3.943585157394409,0.6000000238418579,2,64,0,0.0,persistence,qasper,1904260047,0.16666666666666666,qasper-2002.12612-dd20d93166c14f1e57644cd7fa7b5e5738025cd0,2002.12612,550265383,7340032,64,3127533568,91038,20883
-4.718268871307373,0.4000000059604645,2,64,0,0.0,agreement,qasper,1908968306,0.16666666666666666,qasper-2002.12612-dd20d93166c14f1e57644cd7fa7b5e5738025cd0,2002.12612,554099320,7340032,64,3127533568,91038,47200
-4.718268871307373,0.4000000059604645,2,64,0,0.0,community,qasper,1908968306,0.16666666666666666,qasper-2002.12612-dd20d93166c14f1e57644cd7fa7b5e5738025cd0,2002.12612,554099320,7340032,64,3127533568,91038,72718
-4.715744972229004,0.4000000059604645,2,64,0,0.0,bridge_preserving,qasper,1904221201,0.16666666666666666,qasper-2002.12612-dd20d93166c14f1e57644cd7fa7b5e5738025cd0,2002.12612,551284488,7340032,64,3127533568,91038,57320
-3.943585157394409,0.6000000238418579,2,64,0,0.0,combined_structural,qasper,1904260047,0.16666666666666666,qasper-2002.12612-dd20d93166c14f1e57644cd7fa7b5e5738025cd0,2002.12612,550265383,7340032,64,3127533568,91038,122336
-5.010873317718506,0.4000000059604645,2,64,0,0.0,oracle_evidence,qasper,1807630593,0.16666666666666666,qasper-2002.12612-dd20d93166c14f1e57644cd7fa7b5e5738025cd0,2002.12612,465119859,7340032,64,3127533568,91038,41815
-4.19818639755249,0.6000000238418579,4,128,0,0.0,base_topk,qasper,2376502856,0.3333333333333333,qasper-2002.12612-dd20d93166c14f1e57644cd7fa7b5e5738025cd0,2002.12612,977392044,14680064,128,3127533568,91038,23747
-4.19818639755249,0.6000000238418579,4,128,0,0.0,budget_tuned_topk,qasper,2376502856,0.3333333333333333,qasper-2002.12612-dd20d93166c14f1e57644cd7fa7b5e5738025cd0,2002.12612,977392044,14680064,128,3127533568,91038,54425
-4.19818639755249,0.6000000238418579,4,128,0,0.0,power_sharpen,qasper,2376502856,0.3333333333333333,qasper-2002.12612-dd20d93166c14f1e57644cd7fa7b5e5738025cd0,2002.12612,977392044,14680064,128,3127533568,91038,55287
-4.19818639755249,0.6000000238418579,4,128,0,0.0,entropy_adaptive_sharpen,qasper,2376502856,0.3333333333333333,qasper-2002.12612-dd20d93166c14f1e57644cd7fa7b5e5738025cd0,2002.12612,977392044,14680064,128,3127533568,91038,103240
-2.605302333831787,0.6000000238418579,4,128,0,0.0,persistence,qasper,2376686826,0.3333333333333333,qasper-2002.12612-dd20d93166c14f1e57644cd7fa7b5e5738025cd0,2002.12612,972059468,14680064,128,3127533568,91038,21715
-3.6940536499023438,0.4000000059604645,4,128,0,0.0,agreement,qasper,2383460821,0.3333333333333333,qasper-2002.12612-dd20d93166c14f1e57644cd7fa7b5e5738025cd0,2002.12612,981254437,14680064,128,3127533568,91038,59441
-4.816806793212891,0.4000000059604645,4,128,0,0.0,community,qasper,2377605222,0.3333333333333333,qasper-2002.12612-dd20d93166c14f1e57644cd7fa7b5e5738025cd0,2002.12612,974605783,14680064,128,3127533568,91038,78999
-4.738568305969238,0.4000000059604645,4,128,0,0.0,bridge_preserving,qasper,2379965525,0.3333333333333333,qasper-2002.12612-dd20d93166c14f1e57644cd7fa7b5e5738025cd0,2002.12612,977699284,14680064,128,3127533568,91038,102435
-2.605302333831787,0.6000000238418579,4,128,0,0.0,combined_structural,qasper,2376686826,0.3333333333333333,qasper-2002.12612-dd20d93166c14f1e57644cd7fa7b5e5738025cd0,2002.12612,972059468,14680064,128,3127533568,91038,98839
-4.19818639755249,0.6000000238418579,4,128,0,0.0,oracle_evidence,qasper,2376502856,0.3333333333333333,qasper-2002.12612-dd20d93166c14f1e57644cd7fa7b5e5738025cd0,2002.12612,977392044,14680064,128,3127533568,91038,28389
-3.870370626449585,0.4000000059604645,6,192,0,0.0,base_topk,qasper,2767497213,0.5,qasper-2002.12612-dd20d93166c14f1e57644cd7fa7b5e5738025cd0,2002.12612,1317947314,22020096,192,3127533568,91038,15157
-3.870370626449585,0.4000000059604645,6,192,0,0.0,budget_tuned_topk,qasper,2767497213,0.5,qasper-2002.12612-dd20d93166c14f1e57644cd7fa7b5e5738025cd0,2002.12612,1317947314,22020096,192,3127533568,91038,54258
-3.870370626449585,0.4000000059604645,6,192,0,0.0,power_sharpen,qasper,2767497213,0.5,qasper-2002.12612-dd20d93166c14f1e57644cd7fa7b5e5738025cd0,2002.12612,1317947314,22020096,192,3127533568,91038,55466
-3.870370626449585,0.4000000059604645,6,192,0,0.0,entropy_adaptive_sharpen,qasper,2767497213,0.5,qasper-2002.12612-dd20d93166c14f1e57644cd7fa7b5e5738025cd0,2002.12612,1317947314,22020096,192,3127533568,91038,104947
-2.3673503398895264,0.6000000238418579,6,192,0,0.0,persistence,qasper,2759240353,0.5,qasper-2002.12612-dd20d93166c14f1e57644cd7fa7b5e5738025cd0,2002.12612,1309133652,22020096,192,3127533568,91038,22167
-1.5702852010726929,0.4000000059604645,6,192,0,0.0,agreement,qasper,2498104838,0.5,qasper-2002.12612-dd20d93166c14f1e57644cd7fa7b5e5738025cd0,2002.12612,1055734741,22020096,192,3127533568,91038,49883
-1.8845652341842651,0.6000000238418579,6,192,0,0.0,community,qasper,2755210675,0.5,qasper-2002.12612-dd20d93166c14f1e57644cd7fa7b5e5738025cd0,2002.12612,1309770977,22020096,192,3127533568,91038,49190
-4.4998908042907715,0.6000000238418579,6,192,0,0.0,bridge_preserving,qasper,2775333632,0.5,qasper-2002.12612-dd20d93166c14f1e57644cd7fa7b5e5738025cd0,2002.12612,1323541206,22020096,192,3127533568,91038,90620
-2.068202257156372,0.6000000238418579,6,192,0,0.0,combined_structural,qasper,2764716420,0.5,qasper-2002.12612-dd20d93166c14f1e57644cd7fa7b5e5738025cd0,2002.12612,1318352038,22020096,192,3127533568,91038,124882
-3.870370626449585,0.4000000059604645,6,192,0,0.0,oracle_evidence,qasper,2767497213,0.5,qasper-2002.12612-dd20d93166c14f1e57644cd7fa7b5e5738025cd0,2002.12612,1317947314,22020096,192,3127533568,91038,56908
