R_between_within,between_family_JS_bits,boundary,covariance_trace,effective_rank,generator_family,model_seed,n,nuisance_count,nuisance_type,within_family_JS_bits
0.0,-4.336808689942018e-19,embedding,1.9216294703811614e-06,2.417861564819684,balanced_pair,11,128,0,N0,2.8927742796655553e-11
0.0,-2.168404344971009e-19,embedding,1.9216294703811614e-06,2.417861564819684,balanced_pair,11,128,2,N2,2.8927742796655553e-11
0.0,-2.168404344971009e-19,embedding,1.9216294703811614e-06,2.417861564819684,balanced_pair,11,128,4,N2,2.8814006519314872e-11
0.0,-2.168404344971009e-19,embedding,1.9216294703811614e-06,2.417861564819684,balanced_pair,11,128,2,N3,2.8814006519314872e-11
0.0,-2.168404344971009e-19,embedding,1.9216294703811614e-06,2.417861564819684,balanced_pair,11,128,4,N3,2.8927742796655553e-11
0.0,-4.336808689942018e-19,embedding,1.9216294703811614e-06,2.417861564819684,balanced_pair,11,128,2,N4,2.8927742796655553e-11
0.0,-2.168404344971009e-19,embedding,1.9216294703811614e-06,2.417861564819684,balanced_pair,11,128,4,N4,2.8814006519314872e-11
4.038322178134217,0.7092804568739361,layer_0_sa,35.03770300890837,1.3416823132436912,balanced_pair,11,128,0,N0,1.0210858071156137
0.5922908177324299,0.2633169993626632,layer_0_sa,18.338660411113736,1.8577315797361251,balanced_pair,11,128,2,N2,0.7316225658054021
0.5184335715901971,0.24743112588182603,layer_0_sa,18.65684212409052,1.7641728811035466,balanced_pair,11,128,4,N2,0.6945535667076672
0.7966774590424821,0.3604708203902387,layer_0_sa,17.14181552420105,1.8696965699109918,balanced_pair,11,128,2,N3,0.7646551488745992
0.5862749900094241,0.29100246104723126,layer_0_sa,16.512715881110783,1.9677473119711884,balanced_pair,11,128,4,N3,0.6970978036951898
0.6073306554391982,0.24099761558561283,layer_0_sa,16.590800599463243,1.986302193815581,balanced_pair,11,128,2,N4,0.6946014899087616
0.2988143649032107,0.11067029790831118,layer_0_sa,11.87957661005568,2.474204027681941,balanced_pair,11,128,4,N4,0.49146464831320924
4.406762100391191,0.570137881787532,layer_0_ff,40.395424876031875,1.327017160376328,balanced_pair,11,128,0,N0,0.8216237198726959
0.6259387082982325,0.17863999879745251,layer_0_ff,20.80273020607032,1.7792611160675407,balanced_pair,11,128,2,N2,0.6285151224545538
0.5363853998067175,0.16929418216581027,layer_0_ff,21.168562092502576,1.6840781498503776,balanced_pair,11,128,4,N2,0.5981534853687558
0.8242113422905845,0.30474132339504,layer_0_ff,19.02245352338777,1.828170496426298,balanced_pair,11,128,2,N3,0.6840022231463481
0.5810854226010981,0.19032709985997887,layer_0_ff,17.871664697035513,1.9192396041413864,balanced_pair,11,128,4,N3,0.6487479861755823
0.6342485735989533,0.20291321402022322,layer_0_ff,18.518661517982526,1.8639570663220748,balanced_pair,11,128,2,N4,0.6198887041969305
0.3267840647259567,0.135848253005193,layer_0_ff,12.808737690941143,2.344281443449651,balanced_pair,11,128,4,N4,0.5293618366922441
0.7362869225995922,0.3978417087028363,layer_1_sa,72.97466113563164,2.4825419717207073,balanced_pair,11,128,0,N0,0.7973211780704672
0.21589486823179868,0.29303050933576413,layer_1_sa,60.8136964909356,2.2555468241885945,balanced_pair,11,128,2,N2,0.8386308881344242
0.1810885816015466,0.27163735295136493,layer_1_sa,57.20783153409468,2.1980096995430394,balanced_pair,11,128,4,N2,0.7777684584033158
0.21672229584292624,0.276893549300683,layer_1_sa,56.10518483964599,2.2629910275390843,balanced_pair,11,128,2,N3,0.7671138575247398
0.1811599686898527,0.3095934321194278,layer_1_sa,56.660239417184954,2.2150270391036355,balanced_pair,11,128,4,N3,0.7881470255088783
0.24728764749395393,0.3380929684065692,layer_1_sa,53.84378952077633,2.293473415027687,balanced_pair,11,128,2,N4,0.7475974666172192
0.14348081368760074,0.26780377762923324,layer_1_sa,49.80955016993297,2.025484094591698,balanced_pair,11,128,4,N4,0.6760822618364009
0.67318575229735,0.3754633064449777,layer_1_ff,79.82938459864151,2.402326452460035,balanced_pair,11,128,0,N0,0.7176724430277952
0.19412833366540028,0.2550671976378227,layer_1_ff,68.71219799317208,2.0519742681473367,balanced_pair,11,128,2,N2,0.7469689919326621
0.16060692578698738,0.24266619340017304,layer_1_ff,65.09170667869844,1.9804283165125236,balanced_pair,11,128,4,N2,0.6906297937099359
0.19269932544271817,0.2537397287461951,layer_1_ff,63.126001531913886,2.057107557316981,balanced_pair,11,128,2,N3,0.7062314644392378
0.1537563541139779,0.2860181129295416,layer_1_ff,63.33481265504223,2.000354067995354,balanced_pair,11,128,4,N3,0.7190994131156645
0.2141128899769422,0.2970559796855552,layer_1_ff,61.56720227233671,2.034565651861069,balanced_pair,11,128,2,N4,0.6631309078323826
0.12737250693615979,0.24052119921296655,layer_1_ff,56.84420331815038,1.8259045174519055,balanced_pair,11,128,4,N4,0.6222263161810366
1.0389533889802351,0.9777180165995886,layer_2_sa,235.21105526023734,2.770963539451281,balanced_pair,11,128,0,N0,1.3871605864010945
0.6002917353023094,0.7910077138613938,layer_2_sa,201.68490849803806,2.981962375905558,balanced_pair,11,128,2,N2,1.2950327110583326
0.5322320855553487,0.6554652501227738,layer_2_sa,200.82418811670783,2.951244081316824,balanced_pair,11,128,4,N2,1.2479327762618166
0.656621140212135,0.8187912641581137,layer_2_sa,191.68966015607643,3.0630860038342522,balanced_pair,11,128,2,N3,1.3209355442847734
0.5912864879863401,0.7465473472537425,layer_2_sa,197.55827884023216,2.9643675636090174,balanced_pair,11,128,4,N3,1.2963434168653363
0.6412760279857205,0.7751505285180662,layer_2_sa,192.1699215434431,2.9876517528236146,balanced_pair,11,128,2,N4,1.3061097215917168
0.5414093493271714,0.7233272695585644,layer_2_sa,180.14574266611785,2.9779633258107565,balanced_pair,11,128,4,N4,1.3000803175296267
0.9969360569557548,0.999827412884238,layer_2_ff,290.18581848375896,2.776967946273484,balanced_pair,11,128,0,N0,1.4302700983979255
0.5964534755476092,0.8021570517613403,layer_2_ff,248.26154397996305,2.969349662285071,balanced_pair,11,128,2,N2,1.3243444495324632
0.534237351186335,0.6681486706084165,layer_2_ff,249.95932982267166,2.907319982015116,balanced_pair,11,128,4,N2,1.2782516725660773
0.65087583971784,0.8473750997113088,layer_2_ff,235.3955281768109,3.0646797520271107,balanced_pair,11,128,2,N3,1.3655863921277347
0.5736640853002462,0.761951362597868,layer_2_ff,243.72333494014387,2.953151464595592,balanced_pair,11,128,4,N3,1.316137233255787
0.6398018766517211,0.7838729150368986,layer_2_ff,237.86452080842716,2.948760610965975,balanced_pair,11,128,2,N4,1.3281998065284482
0.5360433092910329,0.7250587856521569,layer_2_ff,222.9055312166266,2.9429695087301773,balanced_pair,11,128,4,N4,1.3063144259492279
0.8850363224858327,0.9551485734788467,layer_3_sa,324.65573653445847,3.015152742379879,balanced_pair,11,128,0,N0,1.3567766582126415
0.5262821203444009,0.7389856248867621,layer_3_sa,288.1734099152598,3.0175270292992713,balanced_pair,11,128,2,N2,1.2260747745691798
0.48326968249920055,0.6431123072010094,layer_3_sa,290.2354588237833,2.941950240075978,balanced_pair,11,128,4,N2,1.1897348226586506
0.5903986716300547,0.7826393483848229,layer_3_sa,277.24424301898193,3.126074098471123,balanced_pair,11,128,2,N3,1.2806298762689492
0.5084236281816551,0.7139299770460343,layer_3_sa,287.73020950967896,3.0130134771926245,balanced_pair,11,128,4,N3,1.2280459440993843
0.5867469077938487,0.7458535776340465,layer_3_sa,276.40674134286127,3.046959819455866,balanced_pair,11,128,2,N4,1.2580328681091755
0.49921326646193637,0.6794900972272897,layer_3_sa,266.0484259238916,3.022206054916625,balanced_pair,11,128,4,N4,1.221707956105819
0.7819874030566372,0.9401735356555578,layer_3_ff,388.1135573264246,2.9682826500345714,balanced_pair,11,128,0,N0,1.3488594863525107
0.46847396277454406,0.7264585156580963,layer_3_ff,348.6412322787086,2.860210873956941,balanced_pair,11,128,2,N2,1.214824825505313
0.44770384083118603,0.6339349171973714,layer_3_ff,354.2317759591014,2.7896949292279407,balanced_pair,11,128,4,N2,1.177157270992855
0.5380982231766674,0.7698183810249175,layer_3_ff,337.03215251327856,2.9721465334355024,balanced_pair,11,128,2,N3,1.2656495502668945
0.4597674743385616,0.7065337710455621,layer_3_ff,351.20377060942616,2.8628134339071143,balanced_pair,11,128,4,N3,1.2172685562764305
0.5329068720890208,0.7437895099820593,layer_3_ff,339.5105737160339,2.851632409050239,balanced_pair,11,128,2,N4,1.2493263561172945
0.4549715339558501,0.6652318091962601,layer_3_ff,327.7306584895004,2.8270287161031398,balanced_pair,11,128,4,N4,1.2000375845472666
0.0,2.168404344971009e-19,embedding,1.9216294703811614e-06,2.417861564819684,balanced_ngram3,11,512,0,N0,2.8870875091666082e-11
0.0,2.168404344971009e-19,embedding,1.9216294703811614e-06,2.417861564819684,balanced_ngram3,11,512,2,N2,2.8870875091666082e-11
0.0,2.168404344971009e-19,embedding,1.9216294703811614e-06,2.417861564819684,balanced_ngram3,11,512,4,N2,2.8870875091666082e-11
0.0,2.168404344971009e-19,embedding,1.9216294703811614e-06,2.417861564819684,balanced_ngram3,11,512,2,N3,2.8870875091666082e-11
0.0,2.168404344971009e-19,embedding,1.9216294703811614e-06,2.417861564819684,balanced_ngram3,11,512,4,N3,2.8870875091666082e-11
0.0,2.168404344971009e-19,embedding,1.9216294703811614e-06,2.417861564819684,balanced_ngram3,11,512,2,N4,2.8870875091666082e-11
0.0,2.168404344971009e-19,embedding,1.9216294703811614e-06,2.417861564819684,balanced_ngram3,11,512,4,N4,2.8870875091666082e-11
1.9861332299146652,0.5409233182153266,layer_0_sa,22.647014967024106,1.6535013809140244,balanced_ngram3,11,512,0,N0,0.7572610178885537
0.8980499487796549,0.36156675397726,layer_0_sa,21.1247319618797,1.771348331191232,balanced_ngram3,11,512,2,N2,0.680814366303161
0.7267386131921991,0.29729090304513495,layer_0_sa,20.070892164151836,1.8337164142803577,balanced_ngram3,11,512,4,N2,0.6240647392164764
0.8215875859733722,0.3318566886146983,layer_0_sa,19.058112455102105,1.8730494401622555,balanced_ngram3,11,512,2,N3,0.6260929120564547
0.6519987571477346,0.26782876522422416,layer_0_sa,17.913683831014133,1.938419778952257,balanced_ngram3,11,512,4,N3,0.5796203339098418
0.8127303440215472,0.3092278273947304,layer_0_sa,18.987095560836547,1.8897486666885135,balanced_ngram3,11,512,2,N4,0.5925387510292603
0.7344536558931969,0.2954451302990433,layer_0_sa,18.28527919321533,1.9181972045587616,balanced_ngram3,11,512,4,N4,0.5741449087552892
1.9940096715383777,0.49900577016831416,layer_0_ff,25.830927042484475,1.5820821198611275,balanced_ngram3,11,512,0,N0,0.8419283384523104
0.8926933492064859,0.3626589523087722,layer_0_ff,23.94770267448939,1.6647550542530003,balanced_ngram3,11,512,2,N2,0.82085319013887
0.7193167234033754,0.31925129207228187,layer_0_ff,22.694071790233707,1.704383743024593,balanced_ngram3,11,512,4,N2,0.7992204676471797
0.8040973051460922,0.3196085925790275,layer_0_ff,21.488625189106177,1.7483481216908967,balanced_ngram3,11,512,2,N3,0.7665320954775496
0.6408241837741002,0.2689208800610694,layer_0_ff,20.057921589079886,1.795685565951154,balanced_ngram3,11,512,4,N3,0.7348260661821762
0.8101795715696073,0.31672490640754636,layer_0_ff,21.386008704560584,1.7444759021456402,balanced_ngram3,11,512,2,N4,0.7597843240991544
0.7489801831566507,0.3206593300122167,layer_0_ff,20.464728213642076,1.7568129844806013,balanced_ngram3,11,512,4,N4,0.7717428075226129
0.5708518853520888,0.4374488886726118,layer_1_sa,70.72578667103166,2.6543605075083723,balanced_ngram3,11,512,0,N0,0.8187869059826487
0.4052460221691538,0.3673141279332124,layer_1_sa,67.2829004104421,2.691208227341947,balanced_ngram3,11,512,2,N2,0.7938216933582294
0.3948707796876405,0.37852679405563583,layer_1_sa,65.85160386567685,2.6804362498805077,balanced_ngram3,11,512,4,N2,0.8022595707214053
0.38162215949039696,0.360006348247522,layer_1_sa,64.06435474159153,2.672995414328815,balanced_ngram3,11,512,2,N3,0.7641090614415522
0.3527503057069109,0.35472472313318315,layer_1_sa,61.54494039330058,2.699535787775615,balanced_ngram3,11,512,4,N3,0.7831154693535352
0.4058346314083463,0.35373761665789605,layer_1_sa,63.880663153179086,2.732072874442971,balanced_ngram3,11,512,2,N4,0.7525725723339041
0.4339264486770174,0.382476978949581,layer_1_sa,61.42045597867605,2.721426339322579,balanced_ngram3,11,512,4,N4,0.7689973190375456
0.5145695366134769,0.37026847659585194,layer_1_ff,79.78527700034329,2.4378184560794787,balanced_ngram3,11,512,0,N0,0.7210978299056743
0.3652612338671146,0.3033251619625963,layer_1_ff,75.6240369206618,2.4539613187846094,balanced_ngram3,11,512,2,N2,0.694799609800725
0.352556895189135,0.3106067885634123,layer_1_ff,73.99619125103358,2.4329486864910255,balanced_ngram3,11,512,4,N2,0.6934336360669646
0.3362854627009862,0.3023329789641023,layer_1_ff,72.18781466032495,2.425460471480268,balanced_ngram3,11,512,2,N3,0.6752984987821464
0.3127946414501058,0.2928697537486531,layer_1_ff,68.89366632868696,2.461215899086972,balanced_ngram3,11,512,4,N3,0.685137108854529
0.3617496673482889,0.29815708703655175,layer_1_ff,71.53858568613875,2.48875382340638,balanced_ngram3,11,512,2,N4,0.6654294249473613
0.4004116474464246,0.3089537111656131,layer_1_ff,67.73753531574138,2.5213851844219364,balanced_ngram3,11,512,4,N4,0.6633077916513772
0.6616157121635697,0.7086079845434439,layer_2_sa,198.94259858010562,2.867857728394735,balanced_ngram3,11,512,0,N0,1.2438885814486262
0.5297316030863404,0.5835002168522694,layer_2_sa,187.64202567486987,2.937083850649291,balanced_ngram3,11,512,2,N2,1.1888524241900775
0.49388678910231093,0.5306087114886944,layer_2_sa,186.95147514411303,2.9330553302897706,balanced_ngram3,11,512,4,N2,1.1841517971454025
0.5252487927301736,0.6207500251373728,layer_2_sa,186.56451829346895,2.934800259909528,balanced_ngram3,11,512,2,N3,1.2127510703134972
0.49069609162175626,0.555640293031378,layer_2_sa,179.33562929697092,2.965734923648232,balanced_ngram3,11,512,4,N3,1.1707118824198344
0.5570886524115982,0.6081258113838868,layer_2_sa,185.21000477122973,2.9654811111035273,balanced_ngram3,11,512,2,N4,1.191279898539402
0.5825056953905624,0.5966489224293494,layer_2_sa,181.1551942791488,3.00942715935915,balanced_ngram3,11,512,4,N4,1.2027197241520604
0.6493681006333621,0.7311465039503373,layer_2_ff,244.2821869523781,2.828600734578704,balanced_ngram3,11,512,0,N0,1.2866849051484446
0.5209353977755112,0.5950861740060023,layer_2_ff,229.15539342479636,2.9121293103476025,balanced_ngram3,11,512,2,N2,1.2214977297381575
0.48808505053417767,0.5485669107996498,layer_2_ff,228.4968236479968,2.8984256146103777,balanced_ngram3,11,512,4,N2,1.2133027661491358
0.5144385222921293,0.6362325347111193,layer_2_ff,228.27528091563448,2.9089973105652027,balanced_ngram3,11,512,2,N3,1.2428907556146165
0.484264284587755,0.5658161950603944,layer_2_ff,218.84191974934316,2.931306882902629,balanced_ngram3,11,512,4,N3,1.1959558662463872
0.5521191589921453,0.6262456095760238,layer_2_ff,226.64162306134716,2.930266269333665,balanced_ngram3,11,512,2,N4,1.2213088075893737
0.5744918718518934,0.6129256434207788,layer_2_ff,221.2431979383691,2.9838914435599215,balanced_ngram3,11,512,4,N4,1.2341930831416126
0.5272189815353319,0.6968545091193259,layer_3_sa,298.07079156839785,2.7219028340077314,balanced_ngram3,11,512,0,N0,1.2399691564204824
0.43443739791864605,0.5889473535353806,layer_3_sa,287.5385335334316,2.731990140040318,balanced_ngram3,11,512,2,N2,1.1843372661810307
0.40154259803372516,0.5545524176469416,layer_3_sa,287.34790048295037,2.7406359786686423,balanced_ngram3,11,512,4,N2,1.1721851011498596
0.42185115202618306,0.6047702689837593,layer_3_sa,286.4326381407871,2.7431304732669384,balanced_ngram3,11,512,2,N3,1.1908500733002214
0.39512628262216315,0.5562487875583322,layer_3_sa,275.5330594679193,2.773494250077837,balanced_ngram3,11,512,4,N3,1.1457512877446157
0.4640400623826345,0.6101959234309307,layer_3_sa,285.0910341027792,2.802922483567315,balanced_ngram3,11,512,2,N4,1.181710507435801
0.4781868013430349,0.6062501844832637,layer_3_sa,280.60080285366894,2.872223727114263,balanced_ngram3,11,512,4,N4,1.1963373308467526
0.4745506587184584,0.684563427953542,layer_3_ff,351.8784133280112,2.5894824289361265,balanced_ngram3,11,512,0,N0,1.2238280367176642
0.3883434075383982,0.5810083175679008,layer_3_ff,337.8550293921687,2.6007615257445815,balanced_ngram3,11,512,2,N2,1.1683327375146435
0.3674607340993902,0.5504111232909084,layer_3_ff,339.37255768887564,2.598334490653863,balanced_ngram3,11,512,4,N2,1.1560824764143243
0.38211673947932046,0.5969875104328335,layer_3_ff,337.68584546252447,2.6061164970089297,balanced_ngram3,11,512,2,N3,1.1750330292562519
0.36295904820621055,0.5493786056474383,layer_3_ff,325.5554291334533,2.627451230406142,balanced_ngram3,11,512,4,N3,1.1298346636226826
0.41828051045014686,0.6047099879656963,layer_3_ff,335.6340237856603,2.674437382998943,balanced_ngram3,11,512,2,N4,1.1680526127056503
0.4354261366951936,0.6031419759681915,layer_3_ff,328.60008393355236,2.75341215243685,balanced_ngram3,11,512,4,N4,1.1834023756624832
0.0,-4.336808689942018e-19,embedding,1.9216294703811614e-06,2.417861564819684,sparse_pair,11,128,0,N0,2.8814006519314872e-11
0.0,0.0,embedding,1.9216294703811614e-06,2.417861564819684,sparse_pair,11,128,2,N2,2.8814006519314872e-11
0.0,-4.336808689942018e-19,embedding,1.9216294703811614e-06,2.417861564819684,sparse_pair,11,128,4,N2,2.8927742796655553e-11
0.0,-4.336808689942018e-19,embedding,1.9216294703811614e-06,2.417861564819684,sparse_pair,11,128,2,N3,2.8927742796655553e-11
0.0,-2.168404344971009e-19,embedding,1.9216294703811614e-06,2.417861564819684,sparse_pair,11,128,4,N3,2.8814006519314872e-11
0.0,-2.168404344971009e-19,embedding,1.9216294703811614e-06,2.417861564819684,sparse_pair,11,128,2,N4,2.8814006519314872e-11
0.0,-2.168404344971009e-19,embedding,1.9216294703811614e-06,2.417861564819684,sparse_pair,11,128,4,N4,2.8927742796655553e-11
1.7750149914787097,0.5077187099729761,layer_0_sa,23.76472240615415,1.5253928272800024,sparse_pair,11,128,0,N0,0.8626612290118789
1.0086991217573194,0.38699486091587,layer_0_sa,16.91311325386359,1.7161428652187203,sparse_pair,11,128,2,N2,0.7128757630506655
0.7057037455063919,0.2930449750770967,layer_0_sa,17.357045131467945,1.8997010445434492,sparse_pair,11,128,4,N2,0.7048156256538618
0.8324670631417068,0.32919723204890405,layer_0_sa,18.0265828323282,1.7905802264111352,sparse_pair,11,128,2,N3,0.7299802964945847
0.792496553588919,0.2862834643776655,layer_0_sa,14.962715436765066,2.0617723449859353,sparse_pair,11,128,4,N3,0.6181691077689935
0.7698113048899546,0.2593152307033699,layer_0_sa,15.399528759731638,1.9688022948258457,sparse_pair,11,128,2,N4,0.6313333223803039
0.6714827841096358,0.23300462173089564,layer_0_sa,13.251389802325287,1.9746837186842436,sparse_pair,11,128,4,N4,0.5703284512505666
1.929281427260633,0.4348096860125732,layer_0_ff,26.226170816296083,1.507403765750086,sparse_pair,11,128,0,N0,0.7434357269470064
1.0028611899802786,0.2713948572301035,layer_0_ff,18.2010479429259,1.7052235418995174,sparse_pair,11,128,2,N2,0.6148895926572995
0.730548099204588,0.25755428102243183,layer_0_ff,18.762116224236845,1.8391981478933002,sparse_pair,11,128,4,N2,0.6661140686634259
0.8345899375929626,0.2350864028774391,layer_0_ff,19.606587665693198,1.766299021234217,sparse_pair,11,128,2,N3,0.6219013989872741
0.8280480511058581,0.1994554640604309,layer_0_ff,15.948545696775351,1.9789925361463576,sparse_pair,11,128,4,N3,0.5551372198348528
0.7712288016418898,0.1981576147812838,layer_0_ff,16.415251331544752,1.9209316721524348,sparse_pair,11,128,2,N4,0.5419285069784499
0.6820280834083,0.1717239414711793,layer_0_ff,14.07882619625247,1.9609592872822985,sparse_pair,11,128,4,N4,0.4933398651948879
0.7329561143930542,0.45930196381549515,layer_1_sa,53.1743060772102,2.7131447729728078,sparse_pair,11,128,0,N0,0.9236085505410665
0.5340603657652626,0.3666949144617919,layer_1_sa,44.64410507115146,2.633023130075249,sparse_pair,11,128,2,N2,0.9096149073237962
0.518165403638423,0.3706435277162712,layer_1_sa,45.18103150828641,2.7128274387523343,sparse_pair,11,128,4,N2,0.9185367610017074
0.5227309775455395,0.38306714544932685,layer_1_sa,48.13098782981462,2.6474659262648843,sparse_pair,11,128,2,N3,0.940617115470584
0.518485902102238,0.3769415604691473,layer_1_sa,41.70820156776124,2.744816004765343,sparse_pair,11,128,4,N3,0.8880906102231989
0.4571125525986722,0.35264661940671993,layer_1_sa,42.495886809882194,2.744990799252888,sparse_pair,11,128,2,N4,0.8976398907014849
0.5243573342914233,0.32707847532640866,layer_1_sa,38.42814890743791,2.563348570028154,sparse_pair,11,128,4,N4,0.8648984491720828
0.6680377072907554,0.4237740443700524,layer_1_ff,56.501086826934056,2.7131614423704558,sparse_pair,11,128,0,N0,0.8656368461706856
0.47612076264717174,0.33755828582329883,layer_1_ff,47.59965852084038,2.5879506417949476,sparse_pair,11,128,2,N2,0.8402253374847222
0.46847585693852095,0.3407182395203372,layer_1_ff,47.92813181114072,2.6491153792296918,sparse_pair,11,128,4,N2,0.8504467403302811
0.46757154916608934,0.3486981640073714,layer_1_ff,51.2003033835278,2.630071514848182,sparse_pair,11,128,2,N3,0.8707009563929862
0.47208370877627226,0.3427292155927286,layer_1_ff,44.15714112268426,2.678932856918808,sparse_pair,11,128,4,N3,0.8139257820841828
0.41741837516864183,0.3236376240891392,layer_1_ff,44.97002128091684,2.6853962453937132,sparse_pair,11,128,2,N4,0.8309883000858809
0.4872569388672849,0.3052593608985814,layer_1_ff,40.05735103584987,2.561207863222741,sparse_pair,11,128,4,N4,0.8054378721220756
0.8737537574062528,0.8873971366693871,layer_2_sa,143.9669677687885,3.204024867498198,sparse_pair,11,128,0,N0,1.3036019759902613
0.6644328231467663,0.7062311040313376,layer_2_sa,132.38313351072108,3.3740267437378106,sparse_pair,11,128,2,N2,1.2279725876446639
0.5984079717810987,0.643171805776634,layer_2_sa,131.87855879564165,3.285382706984689,sparse_pair,11,128,4,N2,1.2424888809308796
0.7255683321363938,0.7655698502818329,layer_2_sa,138.41358109754847,3.3495505745549687,sparse_pair,11,128,2,N3,1.2756587567644726
0.584378597559424,0.670693407343878,layer_2_sa,129.77411457186398,3.3076381201447944,sparse_pair,11,128,4,N3,1.2142579348568863
0.5485957119671386,0.5563306748891985,layer_2_sa,125.5256831515311,3.3844881501789956,sparse_pair,11,128,2,N4,1.1948210731145157
0.6947102209414883,0.6766262153747835,layer_2_sa,116.0248041288537,3.504318552449898,sparse_pair,11,128,4,N4,1.2250249831897904
0.8688632287876927,0.8964818436374196,layer_2_ff,172.90385564058658,3.0588986706329693,sparse_pair,11,128,0,N0,1.3135861342159927
0.6571615288053766,0.7239912190318751,layer_2_ff,158.33868472304087,3.241085698868569,sparse_pair,11,128,2,N2,1.241542836933268
0.5948922229265926,0.6530168818510884,layer_2_ff,156.70672185153734,3.1448687512455824,sparse_pair,11,128,4,N2,1.256024982019098
0.7406528174341599,0.7842473128307048,layer_2_ff,165.42440705939248,3.207888438685488,sparse_pair,11,128,2,N3,1.2947131036302624
0.5876651695519686,0.6735930251507776,layer_2_ff,156.17694464962585,3.1730091475825817,sparse_pair,11,128,4,N3,1.2214002155028107
0.543714996102222,0.5638238196743781,layer_2_ff,150.20148090900108,3.2320560313559836,sparse_pair,11,128,2,N4,1.2026317824319872
0.7149983456555091,0.6875273560576534,layer_2_ff,137.7446796364169,3.3797200388135935,sparse_pair,11,128,4,N4,1.2329356165280834
0.8261046732334731,0.843671165167764,layer_3_sa,195.2176007849677,3.3109353016832457,sparse_pair,11,128,0,N0,1.251932514569595
0.6101521895407749,0.6679400183024169,layer_3_sa,183.49151551921298,3.392189208794223,sparse_pair,11,128,2,N2,1.1648788893844053
0.5615541933958532,0.6235671482089014,layer_3_sa,186.78708901592896,3.3122468305681845,sparse_pair,11,128,4,N2,1.1859394372149776
0.7046741771524536,0.7212879445088285,layer_3_sa,194.22169845874987,3.44865950629919,sparse_pair,11,128,2,N3,1.2179042352407976
0.5795719150869877,0.6516249599760553,layer_3_sa,186.64703779165563,3.3816960644294882,sparse_pair,11,128,4,N3,1.1518785327269585
0.5183039071365949,0.5680410544038779,layer_3_sa,183.06539406911827,3.3706011051111773,sparse_pair,11,128,2,N4,1.1366195906668282
0.6659263672972996,0.6413631112334708,layer_3_sa,169.0170907606468,3.599907573499786,sparse_pair,11,128,4,N4,1.1303688310309437
0.7712600621288206,0.8243264742656471,layer_3_ff,229.8761525544353,3.07959344836784,sparse_pair,11,128,0,N0,1.2285670671191995
0.5901658323938318,0.6562845997328397,layer_3_ff,216.59607381802547,3.117466153405126,sparse_pair,11,128,2,N2,1.143481023439357
0.5447929738716544,0.6106401089914044,layer_3_ff,219.04957980525296,3.0634720739144283,sparse_pair,11,128,4,N2,1.1593653655739617
0.6921762135830252,0.7105876766314903,layer_3_ff,229.30395947588136,3.148155636781089,sparse_pair,11,128,2,N3,1.1973862030741815
0.5596217303863791,0.6338786598543875,layer_3_ff,220.23011196549425,3.1368519738393474,sparse_pair,11,128,4,N3,1.1240531814735877
0.49784537117738525,0.5591029475184313,layer_3_ff,214.998580177296,3.114824968924928,sparse_pair,11,128,2,N4,1.1120783453954093
0.6488937928463083,0.6240793310820485,layer_3_ff,198.69038439307778,3.295698594796301,sparse_pair,11,128,4,N4,1.1010706259856526
0.0,6.505213034913027e-19,embedding,1.9216294703811614e-06,2.417861564819684,functor,11,256,0,N0,2.8870875091666082e-11
0.0,4.336808689942018e-19,embedding,1.9216294703811614e-06,2.417861564819684,functor,11,256,2,N2,2.8870875091666082e-11
0.0,6.505213034913027e-19,embedding,1.9216294703811614e-06,2.417861564819684,functor,11,256,4,N2,2.8870875091666082e-11
0.0,6.505213034913027e-19,embedding,1.9216294703811614e-06,2.417861564819684,functor,11,256,2,N3,2.8870875091666082e-11
0.0,6.505213034913027e-19,embedding,1.9216294703811614e-06,2.417861564819684,functor,11,256,4,N3,2.8870875091666082e-11
0.0,6.505213034913027e-19,embedding,1.9216294703811614e-06,2.417861564819684,functor,11,256,2,N4,2.8870875091666082e-11
0.0,4.336808689942018e-19,embedding,1.9216294703811614e-06,2.417861564819684,functor,11,256,4,N4,2.8870875091666082e-11
3.062379936028197,0.5871976077333154,layer_0_sa,30.37142222972384,1.4390043178644936,functor,11,256,0,N0,0.9717509527841819
0.9982002876437868,0.3546269881301949,layer_0_sa,22.296961467774693,1.6925371420126176,functor,11,256,2,N2,0.7882222898828433
0.7836907125319891,0.31260425020704896,layer_0_sa,21.600524123917427,1.7005291224244516,functor,11,256,4,N2,0.7751377716975147
0.9759422242565962,0.3476232247591535,layer_0_sa,22.05025160666952,1.6231298887662018,functor,11,256,2,N3,0.8184809832987967
0.8289957245569523,0.3034016548978815,layer_0_sa,18.51175518152511,1.8177900823139947,functor,11,256,4,N3,0.7125770240625218
1.154102491770347,0.39563270975021414,layer_0_sa,22.96445627770215,1.6394444807557034,functor,11,256,2,N4,0.8033876057663321
0.8941802122727847,0.3497720064562748,layer_0_sa,20.625120883218372,1.7683713448400298,functor,11,256,4,N4,0.7674704298287596
3.3632567528080632,0.5379666492045392,layer_0_ff,34.595788255382786,1.4272829458200091,functor,11,256,0,N0,0.8378924398241181
1.0425531721413324,0.2937844436731385,layer_0_ff,25.44346802707623,1.6421888891365308,functor,11,256,2,N2,0.7077542892653179
0.80937812345743,0.2499064276900731,layer_0_ff,24.459100304183035,1.6361087541019077,functor,11,256,4,N2,0.7171619278438959
1.0368397970793768,0.3016502457404835,layer_0_ff,24.806086690479905,1.5942836849909292,functor,11,256,2,N3,0.728519679506769
0.8762282944689977,0.2630637042828816,layer_0_ff,20.769411638993876,1.7493441579276068,functor,11,256,4,N3,0.6404256292095571
1.2237485181918977,0.3232191602792107,layer_0_ff,25.934473171457867,1.5743508105587134,functor,11,256,2,N4,0.6919773912122995
0.9470826852491634,0.30172246040691775,layer_0_ff,22.84732159120827,1.6940374127535451,functor,11,256,4,N4,0.740072223307386
0.6930050602211336,0.46423027781234905,layer_1_sa,67.45706995179073,2.6212487444255483,functor,11,256,0,N0,0.8542662009976529
0.37537393340337094,0.36615918775354106,layer_1_sa,58.53575783622666,2.558762478269014,functor,11,256,2,N2,0.7635505303436632
0.3035466125436668,0.33337886925082794,layer_1_sa,56.12629416465444,2.5748509241663653,functor,11,256,4,N2,0.7729322243409658
0.367775823473358,0.36966068601892843,layer_1_sa,56.535952805802125,2.6609305130226617,functor,11,256,2,N3,0.8037160278248614
0.2998649735033338,0.29377849035476866,layer_1_sa,52.987183315764106,2.4647668250127763,functor,11,256,4,N3,0.7263753472289223
0.3755702079736937,0.35186595561979805,layer_1_sa,59.049257514928094,2.5381451244665647,functor,11,256,2,N4,0.7705738207916188
0.3963478581005076,0.34395969802419324,layer_1_sa,53.108893778586236,2.7667942000764767,functor,11,256,4,N4,0.7446005857748152
0.6107157435196507,0.43895690689342226,layer_1_ff,75.31256886453734,2.4658880337244975,functor,11,256,0,N0,0.7930283996906167
0.33135939947438037,0.3392368464182032,layer_1_ff,67.13565696934316,2.2518941814784785,functor,11,256,2,N2,0.7057949688771727
0.266577993895717,0.30932512113176003,layer_1_ff,64.07335800656575,2.2618605289682168,functor,11,256,4,N2,0.7129904312555282
0.32518087371162413,0.3463576697075279,layer_1_ff,63.94612456964586,2.374030866226783,functor,11,256,2,N3,0.7458275722735448
0.2661662223872811,0.27693149494219726,layer_1_ff,60.50433430780721,2.161402017097128,functor,11,256,4,N3,0.6728032857378483
0.3323962525314561,0.3288935549340988,layer_1_ff,67.23888742705546,2.2652056738854243,functor,11,256,2,N4,0.7160086969979238
0.35535205471334536,0.32088915605290236,layer_1_ff,59.32831067087523,2.4776931875885215,functor,11,256,4,N4,0.6944372414742079
1.071989134995961,1.0941145767004725,layer_2_sa,223.2277985653984,2.8851106315489927,functor,11,256,0,N0,1.4544408890970044
0.7075810068484554,0.7964953714168397,layer_2_sa,210.833578599676,2.9185892406768685,functor,11,256,2,N2,1.3446139361517915
0.6859905958084233,0.7508952074047763,layer_2_sa,205.2021873576667,2.9372390611410495,functor,11,256,4,N2,1.3215697957409442
0.7861561008975133,0.8387636519366226,layer_2_sa,200.15091700173062,3.0179511657027462,functor,11,256,2,N3,1.3347664120137213
0.7612557314110575,0.758386868754479,layer_2_sa,198.3560975049442,2.969573035023186,functor,11,256,4,N3,1.3088850859566905
0.7463414032858618,0.8006301217184704,layer_2_sa,206.89952363426855,2.9263627192798234,functor,11,256,2,N4,1.346996811010065
0.8812089351165008,0.7740872415360831,layer_2_sa,202.26589254784312,2.935502162929955,functor,11,256,4,N4,1.360847262929126
1.0303883747061982,1.1118090119428694,layer_2_ff,275.5252354182768,2.8485098934642163,functor,11,256,0,N0,1.4823416118193748
0.6973375897894882,0.805863219618324,layer_2_ff,261.32383323442093,2.858977628138913,functor,11,256,2,N2,1.364236754421676
0.6789986908949284,0.7634768923198199,layer_2_ff,253.90813293658957,2.8835171212605086,functor,11,256,4,N2,1.333445769736216
0.7702506465337305,0.8599905280355169,layer_2_ff,247.19486613285287,2.9678619663516437,functor,11,256,2,N3,1.3617829603908966
0.7421046106644842,0.7684054079474809,layer_2_ff,243.86988994584655,2.934695791298007,functor,11,256,4,N3,1.3292053460247568
0.7274443987765954,0.8096261118962831,layer_2_ff,255.43621510981842,2.883305439103936,functor,11,256,2,N4,1.367501313345059
0.885522577737694,0.7812061205932388,layer_2_ff,249.42797564052816,2.9029480508523817,functor,11,256,4,N4,1.3750535848894074
0.9248461260705998,1.0315274188208607,layer_3_sa,309.54413791733236,3.040726090243973,functor,11,256,0,N0,1.3937814544161513
0.62707118220698,0.7212133858000691,layer_3_sa,300.5808077727085,2.948326658789653,functor,11,256,2,N2,1.2442118031024143
0.5851113570555219,0.7131948627133,layer_3_sa,295.1160584355398,2.965214054226156,functor,11,256,4,N2,1.2417115634447244
0.7031960486306413,0.8013681062700933,layer_3_sa,288.4362189465254,3.0400461197518274,functor,11,256,2,N3,1.270265613688826
0.6368925370065841,0.731664729816407,layer_3_sa,282.2414619520488,3.062774108106426,functor,11,256,4,N3,1.255996800120299
0.6381638987043078,0.7291321450956452,layer_3_sa,293.4184721394048,2.977580365671047,functor,11,256,2,N4,1.2707292930856506
0.8053334818083452,0.7515598058913933,layer_3_sa,286.66945840866794,3.0732334863135087,functor,11,256,4,N4,1.303144149236598
0.8179778400523774,1.006377372471972,layer_3_ff,372.8382196406692,2.985538037264342,functor,11,256,0,N0,1.3703905849284388
0.5608662401300594,0.7044952834530103,layer_3_ff,363.45565335294265,2.859514002300259,functor,11,256,2,N2,1.2187620349013142
0.5339945145849708,0.6966813409467689,layer_3_ff,357.4078194897571,2.869592086749849,functor,11,256,4,N2,1.21539123229038
0.6244675359180574,0.7834157361875456,layer_3_ff,347.0251472371976,2.9671022139268386,functor,11,256,2,N3,1.2481766044329148
0.5673268177187017,0.719850357536322,layer_3_ff,341.06424218216745,2.9679959388887953,functor,11,256,4,N3,1.2384863597850335
0.5692363163749958,0.7099000010811385,layer_3_ff,353.15993093807725,2.918434143044931,functor,11,256,2,N4,1.245805233762169
0.7394916661321497,0.7421556162349441,layer_3_ff,346.1178506414983,3.0409897025637442,functor,11,256,4,N4,1.2822479618912697
0.0,2.168404344971009e-19,embedding,1.9216294703811614e-06,2.417861564819684,nested_override,11,512,0,N0,2.8870875091666082e-11
0.0,2.168404344971009e-19,embedding,1.9216294703811614e-06,2.417861564819684,nested_override,11,512,2,N2,2.8870875091666082e-11
0.0,2.168404344971009e-19,embedding,1.9216294703811614e-06,2.417861564819684,nested_override,11,512,4,N2,2.8870875091666082e-11
0.0,2.168404344971009e-19,embedding,1.9216294703811614e-06,2.417861564819684,nested_override,11,512,2,N3,2.8870875091666082e-11
0.0,2.168404344971009e-19,embedding,1.9216294703811614e-06,2.417861564819684,nested_override,11,512,4,N3,2.8870875091666082e-11
0.0,2.168404344971009e-19,embedding,1.9216294703811614e-06,2.417861564819684,nested_override,11,512,2,N4,2.8870875091666082e-11
0.0,2.168404344971009e-19,embedding,1.9216294703811614e-06,2.417861564819684,nested_override,11,512,4,N4,2.8870875091666082e-11
1.885302438718981,0.5249234917256878,layer_0_sa,23.083426537978756,1.6784805390245008,nested_override,11,512,0,N0,0.7371778911252764
0.9393445142476065,0.365027195275643,layer_0_sa,20.757656824594225,1.809396103225212,nested_override,11,512,2,N2,0.6607525892553052
0.8141072222176977,0.34732885587914386,layer_0_sa,20.547498754096452,1.8222848888735654,nested_override,11,512,4,N2,0.6427408606354885
0.866535467982491,0.36206697932367193,layer_0_sa,19.423412996648153,1.8428443776389642,nested_override,11,512,2,N3,0.6372190379396732
0.8506504558686688,0.33343724261343266,layer_0_sa,19.378132706716556,1.8256605199376685,nested_override,11,512,4,N3,0.6255822448429083
0.8509520221804068,0.32137366490805963,layer_0_sa,18.18854684814178,1.8997280516646766,nested_override,11,512,2,N4,0.6032217677145189
0.811245701069725,0.29636016310691016,layer_0_sa,18.96969542637953,1.8681097379604592,nested_override,11,512,4,N4,0.5625417572740361
1.9059877599178998,0.48182517938783986,layer_0_ff,26.293349038381955,1.6055909825478356,nested_override,11,512,0,N0,0.8336372115258399
0.9236210917190341,0.3599741999198738,layer_0_ff,23.515969929932037,1.6921648391995177,nested_override,11,512,2,N2,0.7987968989343375
0.8123115862299181,0.3357573765563562,layer_0_ff,23.18319598259626,1.6918235317918555,nested_override,11,512,4,N2,0.7981649889448228
0.8468097674557059,0.3305303756275588,layer_0_ff,21.912583092142494,1.7265644889751655,nested_override,11,512,2,N3,0.7700860952420432
0.8353613718665972,0.30337417622506435,layer_0_ff,21.895985212807723,1.7000690764813078,nested_override,11,512,4,N3,0.7572839988727686
0.8498140319191761,0.32377310676379345,layer_0_ff,20.411673841198166,1.762676957660032,nested_override,11,512,2,N4,0.7539804812073574
0.8256746192548667,0.30936245600187395,layer_0_ff,21.316547643036927,1.7295572513147561,nested_override,11,512,4,N4,0.766434919927601
0.5695422740910173,0.44214795885857816,layer_1_sa,71.95840708299875,2.663998283274353,nested_override,11,512,0,N0,0.8180572492840876
0.40797679721318997,0.37653201440499307,layer_1_sa,66.65944991194895,2.655318326062559,nested_override,11,512,2,N2,0.7728266152007852
0.42631159468419416,0.4022599432464724,layer_1_sa,65.59753576477733,2.777315200849416,nested_override,11,512,4,N2,0.8088394542378801
0.38336116480277665,0.3687857899254079,layer_1_sa,64.96950040507053,2.686684664772196,nested_override,11,512,2,N3,0.767642382031287
0.43482098853248496,0.39045000345357583,layer_1_sa,63.761433214613064,2.7889774200143997,nested_override,11,512,4,N3,0.8101928572869996
0.3999091167828311,0.3567030443491961,layer_1_sa,62.95774745008788,2.7540681268001403,nested_override,11,512,2,N4,0.7681547350966411
0.4388709381122888,0.37789261885357983,layer_1_sa,60.34828966863523,2.821363975566688,nested_override,11,512,4,N4,0.7707136704081741
0.5112885832316167,0.3796240292106039,layer_1_ff,81.11072919898159,2.450535565066034,nested_override,11,512,0,N0,0.7227547812419379
0.3645974047423063,0.31203863674842136,layer_1_ff,75.2269584967473,2.403761689655852,nested_override,11,512,2,N2,0.6746499082503172
0.38218387412094124,0.34193625033244235,layer_1_ff,73.55674604829281,2.525261870960352,nested_override,11,512,4,N2,0.7095865592747186
0.3431061422645595,0.31225472564992374,layer_1_ff,72.73847090959572,2.452327274493962,nested_override,11,512,2,N3,0.6786162771372712
0.3908841653971526,0.3237207210635902,layer_1_ff,71.18121226427179,2.5508392970410103,nested_override,11,512,4,N3,0.7084454184474736
0.35423721786929596,0.29281532276829014,layer_1_ff,70.29326856469172,2.5241076662879673,nested_override,11,512,2,N4,0.6711040682109284
0.3957633469018851,0.30583982345333993,layer_1_ff,66.31226999916736,2.6133115849160045,nested_override,11,512,4,N4,0.6638072192520772
0.6798065467704146,0.750079427142252,layer_2_sa,200.02571421218582,2.87468000627687,nested_override,11,512,0,N0,1.2526247577421
0.5282562357175818,0.615258402692769,layer_2_sa,192.0185084280991,2.9287518577313985,nested_override,11,512,2,N2,1.2143717118740633
0.5437725315328761,0.6323060809367076,layer_2_sa,189.65486443905274,2.9507930863897722,nested_override,11,512,4,N2,1.221409242526161
0.5245207216024883,0.5776182214568244,layer_2_sa,187.26481325677443,2.9506321907242703,nested_override,11,512,2,N3,1.180834908276317
0.5723025152138564,0.5995465711725032,layer_2_sa,184.54586067728883,3.0126735296273646,nested_override,11,512,4,N3,1.1857970344457924
0.5360047583315691,0.6086678687681106,layer_2_sa,181.27526646944813,3.00588420499873,nested_override,11,512,2,N4,1.2041872235112154
0.6243363838167706,0.6010883623442413,layer_2_sa,184.30676199789133,2.9844346015413956,nested_override,11,512,4,N4,1.2145784830337236
0.6600256841310745,0.7720315735482992,layer_2_ff,244.70514616594104,2.845790038874347,nested_override,11,512,0,N0,1.2928877163507382
0.5202619404454186,0.6301349772676565,layer_2_ff,235.26775995095497,2.895896674419308,nested_override,11,512,2,N2,1.2454608393726978
0.5384469364399138,0.6450844721184805,layer_2_ff,232.22485775696174,2.9169330634633592,nested_override,11,512,4,N2,1.2466739953649129
0.5148751346120964,0.5964879136898733,layer_2_ff,229.23675342497077,2.9215771238687043,nested_override,11,512,2,N3,1.2149835159561684
0.5663081611543307,0.6229562919001292,layer_2_ff,226.02478861886803,2.9737742993369323,nested_override,11,512,4,N3,1.2221370053909004
0.5287346898217598,0.6209208206743448,layer_2_ff,222.09069876779748,2.9795844956511006,nested_override,11,512,2,N4,1.2330631444620093
0.6128141381149373,0.618274479105597,layer_2_ff,225.25465338258923,2.9472170283054178,nested_override,11,512,4,N4,1.2408862955532458
0.5414847089546777,0.7450188176632659,layer_3_sa,300.22366282972723,2.7363682829432086,nested_override,11,512,0,N0,1.2628629366950759
0.4361679737311022,0.613273942344579,layer_3_sa,293.1294120197099,2.744505104392343,nested_override,11,512,2,N2,1.1970833510692884
0.45891521975880545,0.6309384199430068,layer_3_sa,291.2015020872807,2.7904865157095773,nested_override,11,512,4,N2,1.210588213985074
0.4257376306490845,0.5806660042751013,layer_3_sa,287.9650135257167,2.764590745221614,nested_override,11,512,2,N3,1.1660877329014194
0.4659566851523583,0.6171951982238166,layer_3_sa,282.9399626099401,2.8398637800655084,nested_override,11,512,4,N3,1.1876127229847164
0.44138392223481904,0.593378769563768,layer_3_sa,280.672137851097,2.8286795160953586,nested_override,11,512,2,N4,1.177424258150403
0.5033067490308635,0.609115734039809,layer_3_sa,281.0265699627363,2.8751852025403672,nested_override,11,512,4,N4,1.191142003256891
0.481579249246109,0.7295441078833786,layer_3_ff,353.0019185467715,2.614773237472126,nested_override,11,512,0,N0,1.2459107110576162
0.3927049256165832,0.605797545991476,layer_3_ff,345.5203645288526,2.608817699124187,nested_override,11,512,2,N2,1.180817427250608
0.41444345727435034,0.6224908858090887,layer_3_ff,343.0025271514475,2.6615881203370733,nested_override,11,512,4,N2,1.1934433330326157
0.3830842755377975,0.575637553782087,layer_3_ff,339.32612441741685,2.628375649889371,nested_override,11,512,2,N3,1.1530724127708192
0.4200948512042256,0.6107814259518722,layer_3_ff,332.3124167891821,2.70877511288988,nested_override,11,512,4,N3,1.1744413233821593
0.3969891120702619,0.5872511123578581,layer_3_ff,331.3304646712146,2.688433019166015,nested_override,11,512,2,N4,1.1626375080132052
0.4586944928615618,0.6052693704618246,layer_3_ff,330.8636552612728,2.7597322285748938,nested_override,11,512,4,N4,1.1772902752883683
0.0,-4.336808689942018e-19,embedding,1.9216294703811614e-06,2.417861564819684,nested_short,11,128,0,N0,2.8927742796655553e-11
0.0,-2.168404344971009e-19,embedding,1.9216294703811614e-06,2.417861564819684,nested_short,11,128,2,N2,2.904147929083667e-11
0.0,-2.168404344971009e-19,embedding,1.9216294703811614e-06,2.417861564819684,nested_short,11,128,4,N2,2.8814006519314872e-11
0.0,-4.336808689942018e-19,embedding,1.9216294703811614e-06,2.417861564819684,nested_short,11,128,2,N3,2.8927742796655553e-11
0.0,-2.168404344971009e-19,embedding,1.9216294703811614e-06,2.417861564819684,nested_short,11,128,4,N3,2.8927742796655553e-11
0.0,-4.336808689942018e-19,embedding,1.9216294703811614e-06,2.417861564819684,nested_short,11,128,2,N4,2.8927742796655553e-11
0.0,-2.168404344971009e-19,embedding,1.9216294703811614e-06,2.417861564819684,nested_short,11,128,4,N4,2.8814006519314872e-11
4.270496451413183,0.649567318342839,layer_0_sa,39.192331923997195,1.329446156447099,nested_short,11,128,0,N0,0.9105084137798989
0.6355844480283898,0.2518706448870296,layer_0_sa,21.558661700511937,1.7295640751542767,nested_short,11,128,2,N2,0.6883992093878264
0.36291016321037084,0.20056894349243426,layer_0_sa,13.914555361945215,2.3501700666902035,nested_short,11,128,4,N2,0.6111451498719107
0.4563615984850757,0.1911025787966545,layer_0_sa,19.947237195878365,1.7787044239884118,nested_short,11,128,2,N3,0.6491551552676049
0.4010166644268802,0.1552098638593764,layer_0_sa,19.65981421690141,1.8377801097108892,nested_short,11,128,4,N3,0.6750444062163674
0.2592526051252435,0.16946906157962793,layer_0_sa,15.391912340909998,2.1727800955527905,nested_short,11,128,2,N4,0.6873613743413522
0.3043441848430516,0.11615095296901634,layer_0_sa,14.3005453814496,2.08491920786941,nested_short,11,128,4,N4,0.5549091611182217
4.749016341754788,0.6477099436466014,layer_0_ff,44.638333707738084,1.3098036467661502,nested_short,11,128,0,N0,0.8313113093634243
0.6447640283063562,0.21057444330057096,layer_0_ff,23.96036366516035,1.653306933179106,nested_short,11,128,2,N2,0.6402254869333954
0.37820136183113195,0.1577289845509331,layer_0_ff,14.23210602065305,2.295864082099526,nested_short,11,128,4,N2,0.5444119339724447
0.469150452290663,0.14634502884055056,layer_0_ff,22.05087426539424,1.7182144813276756,nested_short,11,128,2,N3,0.6599232193345279
0.40541693104810494,0.11507159486676244,layer_0_ff,21.87307931925503,1.7408300420065084,nested_short,11,128,4,N3,0.6686430180802647
0.2616158086165569,0.11876500258423328,layer_0_ff,16.23560104336037,2.110777337646672,nested_short,11,128,2,N4,0.6119277363717184
0.3217374165934132,0.12895194425681966,layer_0_ff,14.92803224111177,2.038462877462643,nested_short,11,128,4,N4,0.5714908095329654
0.7340489544841157,0.44519514720808884,layer_1_sa,84.79090982604492,2.4030439327787305,nested_short,11,128,0,N0,0.8422615062686585
0.2136680926917675,0.27042324066181345,layer_1_sa,65.83351419397101,2.3102099816288306,nested_short,11,128,2,N2,0.8553658290672255
0.1731864925620992,0.26162113833785283,layer_1_sa,57.59016782164825,2.1097070225503307,nested_short,11,128,4,N2,0.842600437914063
0.19331169083399166,0.2669649717695668,layer_1_sa,64.38445120696754,2.4099731003908045,nested_short,11,128,2,N3,0.8723281186516088
0.189199780066133,0.35565263667114055,layer_1_sa,62.00365779298947,2.3140483996694274,nested_short,11,128,4,N3,0.8978482952066869
0.18521718730438633,0.24285892072392623,layer_1_sa,59.6153854329335,2.2328189169546415,nested_short,11,128,2,N4,0.8551562064690179
0.1859185947556778,0.2781116417150551,layer_1_sa,53.77148588658543,2.274657119424557,nested_short,11,128,4,N4,0.7862406395132266
0.6921938024692033,0.40154709279524003,layer_1_ff,90.74201045320073,2.3622163828633624,nested_short,11,128,0,N0,0.7382446154533846
0.19614016327202566,0.18324968741503755,layer_1_ff,70.87458509144858,2.1682113957206894,nested_short,11,128,2,N2,0.6719808569249193
0.1556062232043949,0.2156626985106247,layer_1_ff,62.00663359955374,1.9811898359215552,nested_short,11,128,4,N2,0.7112456559496363
0.17935466763635544,0.21256180739153052,layer_1_ff,69.27721575334049,2.28527893419542,nested_short,11,128,2,N3,0.719432251023953
0.16848242355903037,0.2894746794022067,layer_1_ff,67.49037223705106,2.1461686790185563,nested_short,11,128,4,N3,0.7431834989370432
0.1736918025243901,0.20405592633156489,layer_1_ff,64.65162686372607,2.0954953800020224,nested_short,11,128,2,N4,0.7472023924705882
0.1638898970301691,0.23955695490029227,layer_1_ff,58.15307252363104,2.134355283461442,nested_short,11,128,4,N4,0.6991936119346793
0.7698035455836243,0.744775858787087,layer_2_sa,263.8038730098776,2.570835230289944,nested_short,11,128,0,N0,1.2487944489955862
0.5613735999242568,0.6205246492154683,layer_2_sa,235.03748082014204,2.65961514332416,nested_short,11,128,2,N2,1.2662277558646433
0.48902322035040824,0.6352919567186084,layer_2_sa,208.9538569040187,2.7433806468932382,nested_short,11,128,4,N2,1.225110661867168
0.5004763862961212,0.6024937711051821,layer_2_sa,215.4341774562178,2.7814360177277493,nested_short,11,128,2,N3,1.2551421475889002
0.458563221597567,0.575754064253591,layer_2_sa,209.39518155285174,2.8361432119345067,nested_short,11,128,4,N3,1.2125869334470103
0.5002638701000464,0.6408203760245776,layer_2_sa,201.86959643359904,2.8999460461101667,nested_short,11,128,2,N4,1.2689395521526348
0.5397791828320755,0.6420405346826363,layer_2_sa,206.28677292180876,2.7437668874824697,nested_short,11,128,4,N4,1.2479960066348674
0.738090385714553,0.7505133312376908,layer_2_ff,322.5997144935353,2.6156406177171845,nested_short,11,128,0,N0,1.2620950059740599
0.569258523612446,0.6194131776647587,layer_2_ff,292.2559032223875,2.6759362574416103,nested_short,11,128,2,N2,1.2814460068898148
0.48210662636138113,0.6468499829842593,layer_2_ff,254.11809643772017,2.804112104380237,nested_short,11,128,4,N2,1.2377068736482437
0.4896481547682764,0.6038942108680048,layer_2_ff,263.7801582973345,2.815503607557334,nested_short,11,128,2,N3,1.2702024339945985
0.45400537754612447,0.5844234743046299,layer_2_ff,256.93939434168203,2.879431185838271,nested_short,11,128,4,N3,1.218749702337639
0.4947382226410998,0.6466251488583643,layer_2_ff,244.7365919009002,2.9406138819048486,nested_short,11,128,2,N4,1.2771410282709803
0.5367009261342783,0.6458212657464517,layer_2_ff,251.7911496654601,2.801822223353594,nested_short,11,128,4,N4,1.2524695564028268
0.6495246830591745,0.7519696780429221,layer_3_sa,374.8421180738952,2.8497790435340074,nested_short,11,128,0,N0,1.264954342912031
0.4848661479170063,0.6230662326209484,layer_3_sa,351.45015741850625,2.8651979917817627,nested_short,11,128,2,N2,1.2364682514875422
0.41637644748661823,0.6313427878843885,layer_3_sa,319.44561104755337,2.9013724541434343,nested_short,11,128,4,N2,1.1946536930720928
0.4319533846578131,0.5989480076207911,layer_3_sa,323.83734747696815,2.9381226835593752,nested_short,11,128,2,N3,1.2160293697882312
0.4056929094849204,0.5699455201893044,layer_3_sa,320.4112919834367,2.9599694947839152,nested_short,11,128,4,N3,1.1857600148030045
0.46004534191758234,0.625578622803521,layer_3_sa,314.692290158017,3.004091738033611,nested_short,11,128,2,N4,1.230352195636183
0.4695630911761495,0.6106175536689695,layer_3_sa,316.6111819760561,2.984200726107962,nested_short,11,128,4,N4,1.1972006182448225
0.561710537096158,0.7324142943898293,layer_3_ff,441.8790776564372,2.840155581617912,nested_short,11,128,0,N0,1.2438284892672202
0.4555393864126786,0.6125233994902035,layer_3_ff,424.55182742687333,2.7345729722711996,nested_short,11,128,2,N2,1.2141510241952764
0.3767595272411583,0.6174801263019754,layer_3_ff,382.7126280171321,2.7830843500331155,nested_short,11,128,4,N2,1.1732316413580959
0.3881910694677641,0.5899495323328352,layer_3_ff,386.32029379445197,2.832613700451902,nested_short,11,128,2,N3,1.198917675718885
0.37126651076105205,0.5617388006808226,layer_3_ff,383.97723168141795,2.838516374515464,nested_short,11,128,4,N3,1.168543281966603
0.4271082271876905,0.6204461728348467,layer_3_ff,377.01359804483303,2.869789156665753,nested_short,11,128,2,N4,1.2094600241537736
0.43531492016826967,0.6014333162879579,layer_3_ff,379.28945685280223,2.8947196940207243,nested_short,11,128,4,N4,1.1774442898289348
0.0,5.421010862427522e-18,embedding,1.9216294703811614e-06,2.417861564819684,nested_override_control,11,48,0,N6,2.8548622016746905e-11
140604612.36970767,0.7160572930673408,layer_0_sa,20.649289875906867,1.5372989843385523,nested_override_control,11,48,0,N6,0.7160572920547801
23280982828.209156,0.9509356330283765,layer_0_ff,23.28098274628376,1.5214743659104644,nested_override_control,11,48,0,N6,0.9509356168864611
131678505.39310323,0.9750444552888178,layer_1_sa,56.21973582741454,2.602389207640795,nested_override_control,11,48,0,N6,0.9750444518138004
59184956259.41252,0.8946330485045404,layer_1_ff,59.18495590234995,2.678278145353436,nested_override_control,11,48,0,N6,0.8946330561498927
644420241.1202662,1.7175188757985953,layer_2_sa,186.68502349358025,2.5125780395698754,nested_override_control,11,48,0,N6,1.717518876483632
274741830.9897032,1.8230994107042013,layer_2_ff,230.76556021324438,2.501613271680833,nested_override_control,11,48,0,N6,1.8230994123822712
256282009828.9095,1.923995938648231,layer_3_sa,256.282009325274,2.681535162746228,nested_override_control,11,48,0,N6,1.9239959397951496
936718879.4007311,1.9423538733723542,layer_3_ff,286.51325832683716,3.0379960117560243,nested_override_control,11,48,0,N6,1.9423538760827135
0.0,1.0842021724855044e-19,embedding,2.5444872988151915e-06,2.881290053601727,balanced_pair,23,128,0,N0,2.0088120728477266e-11
0.0,1.0842021724855044e-19,embedding,2.5444872988151915e-06,2.881290053601727,balanced_pair,23,128,2,N2,2.0088120728477266e-11
0.0,5.421010862427522e-20,embedding,2.5444872988151915e-06,2.881290053601727,balanced_pair,23,128,4,N2,1.9990389823077576e-11
0.0,5.421010862427522e-20,embedding,2.5444872988151915e-06,2.881290053601727,balanced_pair,23,128,2,N3,1.9990389823077576e-11
0.0,1.0842021724855044e-19,embedding,2.5444872988151915e-06,2.881290053601727,balanced_pair,23,128,4,N3,2.0088120728477266e-11
0.0,1.0842021724855044e-19,embedding,2.5444872988151915e-06,2.881290053601727,balanced_pair,23,128,2,N4,2.0088120728477266e-11
0.0,5.421010862427522e-20,embedding,2.5444872988151915e-06,2.881290053601727,balanced_pair,23,128,4,N4,1.9990389823077576e-11
0.5352919982848791,0.00037388051832988774,layer_0_sa,6.494854423212082,2.045294949529023,balanced_pair,23,128,0,N0,0.0006615438397857224
0.3582922672398141,0.0002945594421634532,layer_0_sa,6.273652202984682,2.1202804953397036,balanced_pair,23,128,2,N2,0.0005607040199353784
0.34404946192836766,0.0002929756811310205,layer_0_sa,6.43974978315538,2.3587174116944984,balanced_pair,23,128,4,N2,0.0005359414635680276
0.4366906281075197,0.0003414675968798058,layer_0_sa,6.385332305039952,2.137808141848197,balanced_pair,23,128,2,N3,0.0006270690020541685
0.4163218845220518,0.00030777547170723375,layer_0_sa,6.290820771554345,2.134641750906199,balanced_pair,23,128,4,N3,0.0005564202727918934
0.45130927698938256,0.00039191636568594937,layer_0_sa,6.079134899784792,2.170228417187879,balanced_pair,23,128,2,N4,0.0006785892574913341
0.4366641912794692,0.0003252378988216958,layer_0_sa,6.058364233971615,2.3047296503856582,balanced_pair,23,128,4,N4,0.0005968648199804437
0.3762016850959043,0.0022713015108783152,layer_0_ff,10.65576602495904,1.625216087845191,balanced_pair,23,128,0,N0,0.024634140050668496
0.24369251061428085,0.0011563788995241908,layer_0_ff,10.073694785417391,1.6801454109254668,balanced_pair,23,128,2,N2,0.015741887419760958
0.24620369880986798,0.0008345056657971806,layer_0_ff,9.71277608918748,1.8556564006273537,balanced_pair,23,128,4,N2,0.011021170264641944
0.29818275561560476,0.001780538877340393,layer_0_ff,10.338443066993012,1.6824610805894662,balanced_pair,23,128,2,N3,0.018022185913041916
0.2872353818516171,0.0009591525740183515,layer_0_ff,9.928055099001496,1.6968808114423093,balanced_pair,23,128,4,N3,0.012656652492134296
0.31545563848714586,0.0007857373041273291,layer_0_ff,9.586147416880314,1.717914771287316,balanced_pair,23,128,2,N4,0.011762820562965515
0.3237368622088843,0.0005830953903313424,layer_0_ff,9.177631433967754,1.7995944136686504,balanced_pair,23,128,4,N4,0.006640873262775987
5.544332724250269,1.129657300115802,layer_1_sa,78.47207453232433,3.0937393358189063,balanced_pair,23,128,0,N0,1.436607820409726
4.971772404753157,1.1170861908211784,layer_1_sa,75.94871593987317,3.2380470160365866,balanced_pair,23,128,2,N2,1.4333537491545356
4.928334039688827,1.1245496770902406,layer_1_sa,76.99977809322974,3.1760472225253036,balanced_pair,23,128,4,N2,1.4274561997078958
5.423390763867592,1.1280169567362233,layer_1_sa,79.55901032626485,3.2218958231593136,balanced_pair,23,128,2,N3,1.433779096046801
4.95061437376057,1.1089979236756993,layer_1_sa,76.05034621707269,3.24163521207943,balanced_pair,23,128,4,N3,1.423500359297305
5.724147339213426,1.1693080975260501,layer_1_sa,79.07486671068041,3.082124243042184,balanced_pair,23,128,2,N4,1.4714625871563278
6.2269531752602365,1.1463383838415528,layer_1_sa,78.16065758884109,3.2325400951282877,balanced_pair,23,128,4,N4,1.4455948925862754
5.359440182058011,1.0956099935187757,layer_1_ff,76.55040163700421,3.2380747032394672,balanced_pair,23,128,0,N0,1.4051554579192436
4.771492564829951,1.0764997482646586,layer_1_ff,74.10567922402439,3.39446123276017,balanced_pair,23,128,2,N2,1.3858574617020367
4.752285097347963,1.085931957888454,layer_1_ff,74.68246164486513,3.345295780474838,balanced_pair,23,128,4,N2,1.389247789040946
5.3130752593536,1.0991138053468954,layer_1_ff,77.47371881471388,3.356123828408494,balanced_pair,23,128,2,N3,1.396803617228914
4.764311939359388,1.0740456997383503,layer_1_ff,73.66640592591014,3.405505205204015,balanced_pair,23,128,4,N3,1.3730266349133484
5.542432426220872,1.1266201277690264,layer_1_ff,76.99104279871814,3.2075242998136373,balanced_pair,23,128,2,N4,1.423649504028107
6.0692418350328525,1.0817450540168685,layer_1_ff,75.97346348926955,3.4198888608794156,balanced_pair,23,128,4,N4,1.3769076824529707
6.968582963255998,1.6024113759695142,layer_2_sa,269.18035939573167,2.9048959283771576,balanced_pair,23,128,0,N0,1.744980941315679
7.483398109534674,1.6255498246701414,layer_2_sa,265.24725051273117,2.9234008226198624,balanced_pair,23,128,2,N2,1.7270395317965355
7.553972797905402,1.5908896317874048,layer_2_sa,260.28676028878493,2.985491173304427,balanced_pair,23,128,4,N2,1.71251667773434
8.34329231761179,1.640887523109436,layer_2_sa,270.31352852738576,2.9207319954451805,balanced_pair,23,128,2,N3,1.7170663519586644
8.149117268041667,1.6101101064206633,layer_2_sa,268.2407637576884,2.9091536874615906,balanced_pair,23,128,4,N3,1.7384029253652238
9.02697196870348,1.6661893240568768,layer_2_sa,269.0748675102934,2.8881730404529824,balanced_pair,23,128,2,N4,1.7358036545301567
8.73228349681295,1.6180101451040712,layer_2_sa,261.2130811299523,3.0064929432370753,balanced_pair,23,128,4,N4,1.7181496688543263
7.421136408498687,1.6344345192299323,layer_2_ff,288.28916461590666,2.743591091960468,balanced_pair,23,128,0,N0,1.7400735382798302
7.9210578529043465,1.6592871664884168,layer_2_ff,283.4695796647284,2.7605890315840385,balanced_pair,23,128,2,N2,1.74465811948051
7.958040524890696,1.6303016820346306,layer_2_ff,278.0192967457141,2.824384203105672,balanced_pair,23,128,4,N2,1.7247670742668273
8.801510491654044,1.6852461286115914,layer_2_ff,289.2952906994862,2.7608901965432247,balanced_pair,23,128,2,N3,1.7400016522685087
8.720202923541837,1.6442556782784945,layer_2_ff,287.71307789826045,2.76196070604482,balanced_pair,23,128,4,N3,1.7573948021550387
9.499471208608437,1.6914314750948805,layer_2_ff,288.2193606142206,2.728891867827024,balanced_pair,23,128,2,N4,1.755329033538817
9.15407553430187,1.6625153604599185,layer_2_ff,279.9913677272577,2.8420748933338444,balanced_pair,23,128,4,N4,1.7476067790695977
6.9623235355687765,1.9243091441585223,layer_3_sa,260.8609998937669,3.4410539638258215,balanced_pair,23,128,0,N0,1.9745081863553429
7.194474114891757,1.9699447064376518,layer_3_sa,261.8110016009839,3.4397151123023133,balanced_pair,23,128,2,N2,1.9762764651567997
7.161002485260937,1.951800651616804,layer_3_sa,257.4028542520179,3.541161374352737,balanced_pair,23,128,4,N2,1.971031201938338
7.706179131146401,1.9681965462411473,layer_3_sa,268.92663376733464,3.400971584495121,balanced_pair,23,128,2,N3,1.9737669970121812
7.546651026400065,1.9461388582926384,layer_3_sa,265.0965764306406,3.3733776683071084,balanced_pair,23,128,4,N3,1.9643889696761252
8.380880790246646,1.9650475050902574,layer_3_sa,263.8908477185546,3.397306575490118,balanced_pair,23,128,2,N4,1.9700556655470751
8.522272900767396,1.963859961834756,layer_3_sa,261.6301098910026,3.440922277607287,balanced_pair,23,128,4,N4,1.973111847085089
7.460901125891355,1.9367012807648611,layer_3_ff,292.3222084593899,3.3284689096786764,balanced_pair,23,128,0,N0,1.9852727541668629
7.8246436992623645,1.9896371239322228,layer_3_ff,293.91099728066104,3.3106949187099435,balanced_pair,23,128,2,N2,1.9912779195263095
7.7181864058850485,1.973664456839649,layer_3_ff,288.1803039330521,3.4269905118348984,balanced_pair,23,128,4,N2,1.9824319773784747
8.31693764914093,1.9869688461751558,layer_3_ff,301.7484115898337,3.292208175910401,balanced_pair,23,128,2,N3,1.9891129278874753
8.227896889736579,1.968060346272327,layer_3_ff,297.84390897300716,3.259639039650765,balanced_pair,23,128,4,N3,1.9792820415967407
9.029210367067895,1.9820819838597894,layer_3_ff,297.4864885870984,3.2884799878474085,balanced_pair,23,128,2,N4,1.9848331529531933
9.12685380563816,1.983806046238399,layer_3_ff,294.89208860397537,3.3208744547371127,balanced_pair,23,128,4,N4,1.9877332827831258
0.0,-3.2526065174565133e-19,embedding,2.5444872988151915e-06,2.881290053601727,balanced_ngram3,23,512,0,N0,2.0039255248672366e-11
0.0,-3.2526065174565133e-19,embedding,2.5444872988151915e-06,2.881290053601727,balanced_ngram3,23,512,2,N2,2.0039255248672366e-11
0.0,-3.2526065174565133e-19,embedding,2.5444872988151915e-06,2.881290053601727,balanced_ngram3,23,512,4,N2,2.0039255248672366e-11
0.0,-3.2526065174565133e-19,embedding,2.5444872988151915e-06,2.881290053601727,balanced_ngram3,23,512,2,N3,2.0039255248672366e-11
0.0,-3.2526065174565133e-19,embedding,2.5444872988151915e-06,2.881290053601727,balanced_ngram3,23,512,4,N3,2.0039255248672366e-11
0.0,-3.2526065174565133e-19,embedding,2.5444872988151915e-06,2.881290053601727,balanced_ngram3,23,512,2,N4,2.0039255248672366e-11
0.0,-3.2526065174565133e-19,embedding,2.5444872988151915e-06,2.881290053601727,balanced_ngram3,23,512,4,N4,2.0039255248672366e-11
0.3105209644942016,4.521535232805511e-05,layer_0_sa,5.393924327027742,1.4621598547750296,balanced_ngram3,23,512,0,N0,0.00013762428740800216
0.2765678317755488,4.202609920989e-05,layer_0_sa,5.476300464055303,1.4997619621791127,balanced_ngram3,23,512,2,N2,0.00013031101461448858
0.28806197241917925,3.7343146041758125e-05,layer_0_sa,5.2944222258517515,1.523488758998967,balanced_ngram3,23,512,4,N2,0.0001147370031522937
0.2807008632495185,4.3726803847770473e-05,layer_0_sa,5.30231755500251,1.5075669135421272,balanced_ngram3,23,512,2,N3,0.000134185157498563
0.2659532350520315,3.5916636063075894e-05,layer_0_sa,5.1491688909308335,1.5241244671831848,balanced_ngram3,23,512,4,N3,0.00011854948269810622
0.26474670140692097,3.568421143178811e-05,layer_0_sa,5.266187609575718,1.5248251304305351,balanced_ngram3,23,512,2,N4,0.00011572961908435774
0.3365221233702503,4.045424303179314e-05,layer_0_sa,5.05559823766608,1.6741880232293085,balanced_ngram3,23,512,4,N4,0.00012725322801547274
0.22837690896349844,0.00417976354341193,layer_0_ff,9.202055953338657,1.291758183037188,balanced_ngram3,23,512,0,N0,0.019417886576152815
0.20807745165780644,0.00281076216029838,layer_0_ff,8.882787951980518,1.3321259195228536,balanced_ngram3,23,512,2,N2,0.013232516777290149
0.22206948825787856,0.002110794614886377,layer_0_ff,8.271183736424657,1.3607143367307664,balanced_ngram3,23,512,4,N2,0.009268681632015774
0.20910630836396468,0.003153750620015716,layer_0_ff,8.742754628151848,1.3296425779641607,balanced_ngram3,23,512,2,N3,0.01333508070993969
0.19803127712485913,0.0017518329808892258,layer_0_ff,8.31093682887432,1.3429959004416092,balanced_ngram3,23,512,4,N3,0.0091129632285461
0.19662296272074722,0.0020504933036507716,layer_0_ff,8.534985326088952,1.3436269891585373,balanced_ngram3,23,512,2,N4,0.010175283176550115
0.25845576948253374,0.0011613892314635277,layer_0_ff,7.8388418483072995,1.4343561034878327,balanced_ngram3,23,512,4,N4,0.005376231835334158
2.357810165506462,0.8697774010991302,layer_1_sa,58.07426149845869,4.593053981619317,balanced_ngram3,23,512,0,N0,1.2837291487367075
2.5006064145346723,0.8866076282727082,layer_1_sa,57.61232359192308,4.598825202856789,balanced_ngram3,23,512,2,N2,1.2867101971923658
2.504510726275682,0.8846302164874684,layer_1_sa,56.38174556538854,4.68127155048188,balanced_ngram3,23,512,4,N2,1.2692910680816532
2.3149117020657335,0.883461796305141,layer_1_sa,56.684152527271976,4.725996750858675,balanced_ngram3,23,512,2,N3,1.2903626543822164
2.4914835648958658,0.8776380958848897,layer_1_sa,55.87394466111708,4.682050881673736,balanced_ngram3,23,512,4,N3,1.2672049514608381
2.545841558234883,0.9129695538134812,layer_1_sa,56.607152062784564,4.7396614671372,balanced_ngram3,23,512,2,N4,1.2964561779235901
2.5630557422349676,0.9197796889268908,layer_1_sa,55.58943265656124,4.726222912523754,balanced_ngram3,23,512,4,N4,1.311091602420066
2.43046468278621,0.7765471387859071,layer_1_ff,60.411580243429384,4.588681951777252,balanced_ngram3,23,512,0,N0,1.1685470989312212
2.569196964334725,0.7881592576984473,layer_1_ff,59.78208660544736,4.643055046115073,balanced_ngram3,23,512,2,N2,1.168594741844847
2.5889244778010796,0.7814763703626433,layer_1_ff,58.27255889553453,4.762362394825602,balanced_ngram3,23,512,4,N2,1.1486135157954167
2.3978654290392516,0.779222603630872,layer_1_ff,58.913060729129256,4.765049265699221,balanced_ngram3,23,512,2,N3,1.1736896378755146
2.5646050344927263,0.7778139356401823,layer_1_ff,58.136326072982946,4.729986179101199,balanced_ngram3,23,512,4,N3,1.148397560682648
2.6184730323029033,0.804238940962706,layer_1_ff,58.79449622936091,4.81298902696285,balanced_ngram3,23,512,2,N4,1.1715543278463443
2.618296236399384,0.7992425633927105,layer_1_ff,57.98733002517711,4.800200960033123,balanced_ngram3,23,512,4,N4,1.1755247686183705
4.4975579031433455,1.4020485287011322,layer_2_sa,238.74775281686354,3.7533912013322728,balanced_ngram3,23,512,0,N0,1.6076993599605582
4.965020319269007,1.4593851052829334,layer_2_sa,239.14972819223644,3.7019362148958144,balanced_ngram3,23,512,2,N2,1.6032116733593555
4.784663377259964,1.4373790616323963,layer_2_sa,237.97598929546552,3.6900251975235836,balanced_ngram3,23,512,4,N2,1.610065936300538
4.815254652183766,1.476519915496754,layer_2_sa,239.26627576560173,3.680605582219679,balanced_ngram3,23,512,2,N3,1.624227819753852
4.6314663971780075,1.4251942672666917,layer_2_sa,237.85749271601213,3.676943891748882,balanced_ngram3,23,512,4,N3,1.6083533691022738
5.042191039548611,1.4487214562568118,layer_2_sa,242.1084568011715,3.6144258276847445,balanced_ngram3,23,512,2,N4,1.6045756986249333
4.94301025711224,1.433864591908214,layer_2_sa,239.01905647531856,3.6399917077278734,balanced_ngram3,23,512,4,N4,1.6019467900267461
4.82016106759378,1.4635045354451615,layer_2_ff,250.91508441356896,3.6085821664606836,balanced_ngram3,23,512,0,N0,1.688774240500712
5.322478378010244,1.5469632643653184,layer_2_ff,251.47671317183935,3.5571000116795832,balanced_ngram3,23,512,2,N2,1.7120884556177085
5.143896832938447,1.5063266855082351,layer_2_ff,250.3722529213104,3.548205420573106,balanced_ngram3,23,512,4,N2,1.7081572070964097
5.160542063176808,1.555788844264474,layer_2_ff,251.75206264880342,3.5411347585013258,balanced_ngram3,23,512,2,N3,1.7175045606445718
4.986029303379828,1.5019128875476433,layer_2_ff,250.43994601132889,3.5343236724988727,balanced_ngram3,23,512,4,N3,1.710765054170583
5.427437859380641,1.5406040072801648,layer_2_ff,254.71752654581337,3.488033616894584,balanced_ngram3,23,512,2,N4,1.7114229075220906
5.280168796017193,1.5179988013375705,layer_2_ff,252.09319422098005,3.5180748026579907,balanced_ngram3,23,512,4,N4,1.7033192411844704
4.933494276048273,1.8200647478089442,layer_3_sa,271.46939917016806,4.008898885935707,balanced_ngram3,23,512,0,N0,1.8890130144882793
5.4256420309672375,1.8605409790136862,layer_3_sa,270.5291769951641,3.934584396018977,balanced_ngram3,23,512,2,N2,1.9008246901062082
5.3200716759022,1.8657368348148944,layer_3_sa,269.14349298099853,3.8734463325835935,balanced_ngram3,23,512,4,N2,1.9040144524645726
5.241682450845691,1.8402105402619533,layer_3_sa,270.18929878793136,3.922920485463225,balanced_ngram3,23,512,2,N3,1.8951078512159052
5.1098636407206,1.8468918461113515,layer_3_sa,267.8488431803025,3.902590163023051,balanced_ngram3,23,512,4,N3,1.8966820690584902
5.475013778121432,1.8572756298706055,layer_3_sa,271.9668432807764,3.875936168113722,balanced_ngram3,23,512,2,N4,1.900670640475329
5.431545473734552,1.8565242199000582,layer_3_sa,271.40730863732193,3.820155071821229,balanced_ngram3,23,512,4,N4,1.8936730102792922
5.30812596016546,1.8773018556451353,layer_3_ff,308.4825085292599,3.793632192071049,balanced_ngram3,23,512,0,N0,1.9446389113089975
5.846803796568577,1.922256002099677,layer_3_ff,307.73751036904093,3.722106736763061,balanced_ngram3,23,512,2,N2,1.9545640649542957
5.749664600985405,1.9324914026012894,layer_3_ff,306.8867778333588,3.6751226132900445,balanced_ngram3,23,512,4,N2,1.959530332145973
5.674918121941267,1.8996624734345042,layer_3_ff,308.06486892523316,3.7152064769212405,balanced_ngram3,23,512,2,N3,1.9452593095027426
5.498569578009757,1.907612359461536,layer_3_ff,305.2457940013575,3.704916999059455,balanced_ngram3,23,512,4,N3,1.947098698054853
5.9279571281834835,1.9203485099403421,layer_3_ff,310.3269432218233,3.6802282161490765,balanced_ngram3,23,512,2,N4,1.9526465506645643
5.83757038816987,1.9300664152581932,layer_3_ff,310.23588120989507,3.6406703252211914,balanced_ngram3,23,512,4,N4,1.9534561529877204
0.0,5.421010862427522e-20,embedding,2.5444872988151915e-06,2.881290053601727,sparse_pair,23,128,0,N0,1.9990389823077576e-11
0.0,5.421010862427522e-20,embedding,2.5444872988151915e-06,2.881290053601727,sparse_pair,23,128,2,N2,1.9990389823077576e-11
0.0,1.0842021724855044e-19,embedding,2.5444872988151915e-06,2.881290053601727,sparse_pair,23,128,4,N2,2.0088120728477266e-11
0.0,1.0842021724855044e-19,embedding,2.5444872988151915e-06,2.881290053601727,sparse_pair,23,128,2,N3,2.0088120728477266e-11
0.0,5.421010862427522e-20,embedding,2.5444872988151915e-06,2.881290053601727,sparse_pair,23,128,4,N3,1.9990389823077576e-11
0.0,5.421010862427522e-20,embedding,2.5444872988151915e-06,2.881290053601727,sparse_pair,23,128,2,N4,1.9990389823077576e-11
0.0,1.0842021724855044e-19,embedding,2.5444872988151915e-06,2.881290053601727,sparse_pair,23,128,4,N4,2.0088120728477266e-11
0.43407759793436157,0.0006793005867902907,layer_0_sa,7.092646737369858,2.122813637731653,sparse_pair,23,128,0,N0,0.0011626569666808445
0.5066119127050465,0.0006506402585635136,layer_0_sa,7.530499277894807,2.1975693127515754,sparse_pair,23,128,2,N2,0.001057033702563633
0.46540506558165384,0.000633023350410513,layer_0_sa,7.133346804568723,2.3989704358203543,sparse_pair,23,128,4,N2,0.001011744118808262
0.4878780839023037,0.0006947510573402059,layer_0_sa,7.289334717704048,2.2028118177742924,sparse_pair,23,128,2,N3,0.0011245179255120006
0.5264597971499952,0.000678512005271751,layer_0_sa,7.191516795390237,2.217193190354327,sparse_pair,23,128,4,N3,0.001085117943296264
0.49001099567543094,0.0006155833738148622,layer_0_sa,7.006954696054858,2.222758516567522,sparse_pair,23,128,2,N4,0.001023797277646529
0.46602285757019996,0.0005686252170621162,layer_0_sa,6.860006161266378,2.364873594820283,sparse_pair,23,128,4,N4,0.0009360226456096663
0.3006187570952036,0.0024805164917227063,layer_0_ff,11.150249614220549,1.730805692576519,sparse_pair,23,128,0,N0,0.0238250200107247
0.3795831422608778,0.002970601148718527,layer_0_ff,11.442609893121436,1.8136862652033423,sparse_pair,23,128,2,N2,0.01857261730768664
0.3376484673605379,0.0017518487057432697,layer_0_ff,10.226763109812655,1.9701595409851038,sparse_pair,23,128,4,N2,0.011756831554463346
0.34951212865464815,0.002232819754460047,layer_0_ff,11.211397263522427,1.7999556646309764,sparse_pair,23,128,2,N3,0.019450994530918198
0.3824772617668557,0.0011668945168570033,layer_0_ff,10.827179130631961,1.8312667460630179,sparse_pair,23,128,4,N3,0.012317516973589848
0.356896044194004,0.0009362317302244877,layer_0_ff,10.407879260715625,1.8368782312755674,sparse_pair,23,128,2,N4,0.011326415469952306
0.33912390949786275,0.0008763072790322346,layer_0_ff,10.023028803722164,1.9327174388628665,sparse_pair,23,128,4,N4,0.0068349061176718184
4.995873631579108,1.1182313795764323,layer_1_sa,75.72482590339224,3.0662540900234427,sparse_pair,23,128,0,N0,1.423589939964586
5.796916470568033,1.1594888407084811,layer_1_sa,75.34484435514129,3.1590478016075076,sparse_pair,23,128,2,N2,1.4373158179158554
5.378559208226698,1.1321188993944702,layer_1_sa,75.23036260494182,3.0617148684670634,sparse_pair,23,128,4,N2,1.391099540244325
5.437043151445817,1.1508078983391532,layer_1_sa,74.92106963333357,3.133629828656561,sparse_pair,23,128,2,N3,1.430483655282111
5.754261775084018,1.1400680103775216,layer_1_sa,75.41176224627138,3.0619062299989515,sparse_pair,23,128,4,N3,1.4166259927455753
5.541733407929256,1.1279701088818836,layer_1_sa,73.4881030379733,3.0420712316529843,sparse_pair,23,128,2,N4,1.4221200785218588
6.227281884729688,1.178185851223074,layer_1_sa,75.71754514464715,3.0737158019498523,sparse_pair,23,128,4,N4,1.435005078673564
4.756047740021713,1.0855484987024016,layer_1_ff,74.43023416673164,3.194774692425494,sparse_pair,23,128,0,N0,1.3597226180040063
5.479199224875376,1.1254391222635074,layer_1_ff,73.86476739593498,3.3060270693907365,sparse_pair,23,128,2,N2,1.3658452871259623
4.998126093745398,1.0858117382356363,layer_1_ff,72.94469906012355,3.2456736238995485,sparse_pair,23,128,4,N2,1.3154262693960952
5.129328971919219,1.1062877141923964,layer_1_ff,73.43190281497586,3.295253966758577,sparse_pair,23,128,2,N3,1.3628959873670525
5.462275345013344,1.1055556063953176,layer_1_ff,73.33600292889443,3.2191610135872724,sparse_pair,23,128,4,N3,1.3495806105006332
5.115387569640383,1.0862283889412983,layer_1_ff,71.95026954020736,3.1966822495202183,sparse_pair,23,128,2,N4,1.362760252111015
5.810704626943481,1.1105943684714632,layer_1_ff,74.03903709044198,3.2537223515851417,sparse_pair,23,128,4,N4,1.3554511515657843
9.360748349275877,1.570292736430356,layer_2_sa,241.46255636037455,2.939459774101312,sparse_pair,23,128,0,N0,1.660115656805266
9.9609087144681,1.6210875969378575,layer_2_sa,243.64884544138906,2.956639862050458,sparse_pair,23,128,2,N2,1.7000517327396576
10.024021501291914,1.6133279326384673,layer_2_sa,241.93171564914752,2.9368912822382462,sparse_pair,23,128,4,N2,1.692815718813318
10.197757246510525,1.5773013819178303,layer_2_sa,243.5530611282257,2.962045170155701,sparse_pair,23,128,2,N3,1.660812840229739
10.456493971826118,1.59790064850596,layer_2_sa,242.46485036652243,2.949964733110727,sparse_pair,23,128,4,N3,1.701936350410316
10.680099820120665,1.5821304626940658,layer_2_sa,244.3207504669433,2.87220636053091,sparse_pair,23,128,2,N4,1.6806349412500439
10.539875963964521,1.6299486873179836,layer_2_sa,243.41055706061573,2.9253863014178543,sparse_pair,23,128,4,N4,1.6988387666865639
9.9241991630019,1.6028492547351907,layer_2_ff,257.8152940583872,2.7642952213895646,sparse_pair,23,128,0,N0,1.6899101608536005
10.603050398963257,1.6682330500217089,layer_2_ff,260.2121164871917,2.7822782995647644,sparse_pair,23,128,2,N2,1.7453936170510327
10.725546533745101,1.669578615577787,layer_2_ff,258.0391657998207,2.752983592871307,sparse_pair,23,128,4,N2,1.7399748067683172
10.903621041063577,1.6189586477885256,layer_2_ff,260.34592178867433,2.7869751827298272,sparse_pair,23,128,2,N3,1.7087117103259808
11.20336796907314,1.6453487177848234,layer_2_ff,258.99003842918813,2.787441407281313,sparse_pair,23,128,4,N3,1.746877883607102
11.355248049923471,1.6280653363667628,layer_2_ff,261.11410562560957,2.701571374898191,sparse_pair,23,128,2,N4,1.725813159509696
11.24471030594661,1.680101526870836,layer_2_ff,260.43763422115467,2.7542682185501337,sparse_pair,23,128,4,N4,1.7484772201979342
9.343295334595192,1.9685480134522362,layer_3_sa,239.84051449385453,3.532502316270865,sparse_pair,23,128,0,N0,1.973668579639372
9.48611172338056,1.9629047644694557,layer_3_sa,241.12406733610806,3.527535993632007,sparse_pair,23,128,2,N2,1.9693911414424377
9.614602948093102,1.939701215672744,layer_3_sa,237.4651513250128,3.4731872003285824,sparse_pair,23,128,4,N2,1.959163345253637
9.697299267014586,1.9743237247413539,layer_3_sa,237.84999891337074,3.5219889248919047,sparse_pair,23,128,2,N3,1.977501772516777
10.464334230276895,1.9690025127734228,layer_3_sa,242.43171934649075,3.4703931986098686,sparse_pair,23,128,4,N3,1.9727473316729167
10.436254204805117,1.9653967955025315,layer_3_sa,240.53192530699042,3.3906109032455714,sparse_pair,23,128,2,N4,1.9714323195538186
10.44689553798882,1.966584067805836,layer_3_sa,243.95823564300747,3.4076670526295483,sparse_pair,23,128,4,N4,1.9708248947420128
10.480113176293187,1.9861107150658366,layer_3_ff,269.08088249047734,3.383573901056316,sparse_pair,23,128,0,N0,1.988510145346404
10.578376389918471,1.9858506840615984,layer_3_ff,270.51956085708855,3.382388342882561,sparse_pair,23,128,2,N2,1.9880898092506687
10.68924781953898,1.9454954480594076,layer_3_ff,266.39105808301116,3.3283931881065825,sparse_pair,23,128,4,N2,1.9771227227019255
10.819926066343626,1.9877524763319303,layer_3_ff,267.2179707252633,3.3776743716256417,sparse_pair,23,128,2,N3,1.989675799958364
11.649387760302039,1.9872125903219695,layer_3_ff,271.55923208166234,3.330176130491959,sparse_pair,23,128,4,N3,1.9885432121043203
11.548536609528721,1.9833536465425252,layer_3_ff,269.91007169111117,3.256241273272394,sparse_pair,23,128,2,N4,1.986423520665749
11.503681960086885,1.9866575503785782,layer_3_ff,273.6858963144771,3.277068883721159,sparse_pair,23,128,4,N4,1.988317070835243
0.0,1.6263032587282567e-19,embedding,2.5444872988151915e-06,2.881290053601727,functor,23,256,0,N0,2.0039255248672366e-11
0.0,1.6263032587282567e-19,embedding,2.5444872988151915e-06,2.881290053601727,functor,23,256,2,N2,2.0039255248672366e-11
0.0,1.6263032587282567e-19,embedding,2.5444872988151915e-06,2.881290053601727,functor,23,256,4,N2,2.0039255248672366e-11
0.0,1.6263032587282567e-19,embedding,2.5444872988151915e-06,2.881290053601727,functor,23,256,2,N3,2.0039255248672366e-11
0.0,1.6263032587282567e-19,embedding,2.5444872988151915e-06,2.881290053601727,functor,23,256,4,N3,2.0039255248672366e-11
0.0,1.6263032587282567e-19,embedding,2.5444872988151915e-06,2.881290053601727,functor,23,256,2,N4,2.0039255248672366e-11
0.0,1.6263032587282567e-19,embedding,2.5444872988151915e-06,2.881290053601727,functor,23,256,4,N4,2.0039255248672366e-11
1.1107444841625298,0.0005143991515510222,layer_0_sa,9.298506610267284,2.911502424169916,functor,23,256,0,N0,0.0008368803713008563
0.9128966401815332,0.0004862011175068076,layer_0_sa,8.74390329042158,2.99478988368518,functor,23,256,2,N2,0.0007904624927069902
0.8898591561416934,0.0003761358064529154,layer_0_sa,8.127861316356894,3.054967552228959,functor,23,256,4,N2,0.0006382524330740338
0.9652663421282978,0.000447694222755075,layer_0_sa,9.027276451772417,2.927744491926564,functor,23,256,2,N3,0.0007510653346282465
0.9432506538379,0.0004063317080842798,layer_0_sa,8.577999542279398,3.0516636334952514,functor,23,256,4,N3,0.0006749103281611527
0.9621806903914434,0.00043014482422055154,layer_0_sa,8.760768775011021,2.9100459940139065,functor,23,256,2,N4,0.0006919451223932251
0.8926594912143746,0.00041489377292266115,layer_0_sa,8.013311629010234,3.270703056639534,functor,23,256,4,N4,0.0007063470186174569
1.0714998045412858,0.011972922471570752,layer_0_ff,13.134353069849292,2.339055946009837,functor,23,256,0,N0,0.02316432825748714
0.862843852651584,0.007560013095566781,layer_0_ff,12.069749930138483,2.4340325422179756,functor,23,256,2,N2,0.01580908895157336
0.864734668548005,0.003907340342561592,layer_0_ff,10.808585972368036,2.567129143877122,functor,23,256,4,N2,0.008374166575336427
0.9117773459329013,0.008425161787454685,layer_0_ff,12.62650880541648,2.356367105242283,functor,23,256,2,N3,0.01705889364242069
0.9058930823758004,0.0053615381969263284,layer_0_ff,11.758241610009774,2.47725936928594,functor,23,256,4,N3,0.010656542476774354
0.9038902188160621,0.005966288583934137,layer_0_ff,12.086943655622726,2.399292264286884,functor,23,256,2,N4,0.011846887697763146
0.8641833569895429,0.002910570629799651,layer_0_ff,10.586854700575879,2.698634179982424,functor,23,256,4,N4,0.0057915003777485735
5.301147754804542,1.45906241099112,layer_1_sa,89.10305055606557,4.233034065679292,functor,23,256,0,N0,1.7829466988672649
5.842846447769114,1.5047546748409748,layer_1_sa,86.89019480676075,4.209431003215608,functor,23,256,2,N2,1.7871677501321992
6.371359648937099,1.476192949049444,layer_1_sa,86.59145851250445,4.111109626464975,functor,23,256,4,N2,1.7379343019345832
5.834315531516604,1.4935560553410854,layer_1_sa,89.2066845527379,4.208279633355746,functor,23,256,2,N3,1.7805012444132684
6.422306226831701,1.5295807253365288,layer_1_sa,87.57174299904216,4.112681322088778,functor,23,256,4,N3,1.786415639764777
5.934161542894945,1.526779178788353,layer_1_sa,87.61409183389313,4.153276043926607,functor,23,256,2,N4,1.8028599741864473
6.555487023873826,1.5346636774943656,layer_1_sa,87.19176579155382,4.0946867495933414,functor,23,256,4,N4,1.777520653510141
5.053931840499606,1.309186476504752,layer_1_ff,85.36055290472854,4.477865391472063,functor,23,256,0,N0,1.6624131267717983
5.486545742784249,1.3510150109772254,layer_1_ff,82.86894760319164,4.478445793146303,functor,23,256,2,N2,1.6638976085190538
6.049111746855662,1.3446423382802979,layer_1_ff,82.70276471761228,4.361425307862843,functor,23,256,4,N2,1.6517265667106114
5.463541820609696,1.3547356004626026,layer_1_ff,85.27237812817938,4.483158348703169,functor,23,256,2,N3,1.6746216964822267
5.978045850888357,1.3518182358929351,layer_1_ff,83.49111768827487,4.3838508474505495,functor,23,256,4,N3,1.6521131744109714
5.579709576588557,1.3471678792403963,layer_1_ff,83.5580065986597,4.394280053092256,functor,23,256,2,N4,1.6603914259310906
6.147691817252458,1.390120370516891,layer_1_ff,83.57389341924907,4.378244394047965,functor,23,256,4,N4,1.6683894741800391
6.5183621221025625,1.436915401372577,layer_2_sa,238.2922384914708,3.461080685676526,functor,23,256,0,N0,1.6652585576783476
7.270236007057747,1.4441988130188959,layer_2_sa,238.56109890041088,3.43034805211851,functor,23,256,2,N2,1.6664843847927102
7.713679036680666,1.5003686059327044,layer_2_sa,236.71522731578608,3.42578376497546,functor,23,256,4,N2,1.6900743690682445
7.420859154172422,1.5063474064359998,layer_2_sa,241.8257789018093,3.4509304246022445,functor,23,256,2,N3,1.6916232575454044
7.714256444671991,1.4789582653814726,layer_2_sa,241.52372796567607,3.341658551435119,functor,23,256,4,N3,1.68934367782391
7.797655926051389,1.4887762135057963,layer_2_sa,240.84888867714687,3.3669143907874726,functor,23,256,2,N4,1.6913503411168005
7.605052926487988,1.50295146146206,layer_2_sa,237.1821763204097,3.4315834618521817,functor,23,256,4,N4,1.6965249322626268
6.8064028404558545,1.4680615327104016,layer_2_ff,252.8393367258568,3.1808621446930463,functor,23,256,0,N0,1.6916802937184727
7.789907077554021,1.480286049719294,layer_2_ff,253.90039520681853,3.140518622006904,functor,23,256,2,N2,1.6937187676092806
8.116588605248284,1.5357162512670484,layer_2_ff,251.7393924555427,3.154508648519165,functor,23,256,4,N2,1.7245241472009514
7.850308329908231,1.5247222796067437,layer_2_ff,257.3658393682913,3.162245794475685,functor,23,256,2,N3,1.7098010435351498
8.120818794833383,1.4939837478397344,layer_2_ff,257.2729579345154,3.065679727693838,functor,23,256,4,N3,1.7050831313105705
8.287855913608052,1.519461758619246,layer_2_ff,256.05195819939007,3.091726909557967,functor,23,256,2,N4,1.7259618167640023
7.974729078976984,1.5431815858306923,layer_2_ff,252.60714507786355,3.1555575837227647,functor,23,256,4,N4,1.733552796381607
6.681890672522508,1.8651162740251157,layer_3_sa,248.19898948538497,4.0483038286789625,functor,23,256,0,N0,1.9465802604858498
7.2126384352847435,1.8583753645269696,layer_3_sa,248.31420155745235,3.9936435608395473,functor,23,256,2,N2,1.9255608287487997
7.742333034203881,1.9075152875448826,layer_3_sa,246.89436310968966,3.984962249234768,functor,23,256,4,N2,1.9500100383415804
7.568002202472602,1.921444735117672,layer_3_sa,251.08073734405474,4.039673374112956,functor,23,256,2,N3,1.9678009314066864
7.881297748509894,1.8738070059270395,layer_3_sa,252.29519822613125,3.89638632322684,functor,23,256,4,N3,1.945985014111554
7.68834525651957,1.8914029020352556,layer_3_sa,249.4774280305345,3.9368371920690697,functor,23,256,2,N4,1.9427311606433193
8.073009177752349,1.884792707141048,layer_3_sa,249.76686822395357,3.943156689171437,functor,23,256,4,N4,1.9380869414397313
6.905922670467934,1.8865724098740686,layer_3_ff,277.00456294341006,3.850157376342481,functor,23,256,0,N0,1.9556342901839208
7.6323501691768065,1.8867979554171521,layer_3_ff,277.67128814794853,3.778883429590143,functor,23,256,2,N2,1.94383343023005
8.172630292958434,1.9286356180011783,layer_3_ff,276.48139047993556,3.7833113379295775,functor,23,256,4,N2,1.9665185408473809
8.052955739242378,1.9369076372283456,layer_3_ff,281.3735634393242,3.8284276781317197,functor,23,256,2,N3,1.9734478878325707
8.263948726987731,1.887347403136999,layer_3_ff,282.6172003838137,3.7089311235118165,functor,23,256,4,N3,1.9576103214738332
8.140917957988368,1.9056724544597134,layer_3_ff,279.52808773911454,3.73832293195218,functor,23,256,2,N4,1.9554978594456935
8.476016593585507,1.9197494573551366,layer_3_ff,280.1718542244433,3.753294413048224,functor,23,256,4,N4,1.9631847416461552
0.0,-3.2526065174565133e-19,embedding,2.5444872988151915e-06,2.881290053601727,nested_override,23,512,0,N0,2.0039255248672366e-11
0.0,-3.2526065174565133e-19,embedding,2.5444872988151915e-06,2.881290053601727,nested_override,23,512,2,N2,2.0039255248672366e-11
0.0,-3.2526065174565133e-19,embedding,2.5444872988151915e-06,2.881290053601727,nested_override,23,512,4,N2,2.0039255248672366e-11
0.0,-3.2526065174565133e-19,embedding,2.5444872988151915e-06,2.881290053601727,nested_override,23,512,2,N3,2.0039255248672366e-11
0.0,-3.2526065174565133e-19,embedding,2.5444872988151915e-06,2.881290053601727,nested_override,23,512,4,N3,2.0039255248672366e-11
0.0,-3.2526065174565133e-19,embedding,2.5444872988151915e-06,2.881290053601727,nested_override,23,512,2,N4,2.0039255248672366e-11
0.0,-3.2526065174565133e-19,embedding,2.5444872988151915e-06,2.881290053601727,nested_override,23,512,4,N4,2.0039255248672366e-11
0.3527915625856046,4.883122300962817e-05,layer_0_sa,5.549461028197437,1.4603424594761518,nested_override,23,512,0,N0,0.0001415765103689624
0.2701566151954329,4.0350816316350215e-05,layer_0_sa,5.517573979431089,1.5221101390162755,nested_override,23,512,2,N2,0.00012872327811992625
0.30765931175834643,3.8090846565332764e-05,layer_0_sa,5.271283335853464,1.57160118276469,nested_override,23,512,4,N2,0.00011798778251559221
0.2777795416860235,4.150119968069233e-05,layer_0_sa,5.3873125510663735,1.4925190489118567,nested_override,23,512,2,N3,0.00012850772253663375
0.3336092564580324,3.8460796394269685e-05,layer_0_sa,5.255750745828633,1.5177326379318703,nested_override,23,512,4,N3,0.00011807490735928506
0.26691492318282517,3.573087594380218e-05,layer_0_sa,5.2920886742644,1.5137027413898019,nested_override,23,512,2,N4,0.00011669134829472329
0.28413772984992486,3.817390625367005e-05,layer_0_sa,4.995351063897,1.6678246083310122,nested_override,23,512,4,N4,0.00012401556059458627
0.263111269070604,0.00510977004653651,layer_0_ff,9.529258354498031,1.2904815517842907,nested_override,23,512,0,N0,0.021303761993198334
0.20393524013139758,0.002513938838228952,layer_0_ff,8.91137896375702,1.3441734155090344,nested_override,23,512,2,N2,0.01307125826058432
0.23575612871269042,0.0020441744929505443,layer_0_ff,8.180790131458142,1.3925204571234666,nested_override,23,512,4,N2,0.009311964358218822
0.20416807741474646,0.002761314832914946,layer_0_ff,8.941110850991292,1.316764935010035,nested_override,23,512,2,N3,0.013327603864513773
0.25504846734020725,0.0018732612703917934,layer_0_ff,8.39302104917514,1.3458255792276246,nested_override,23,512,4,N3,0.008618917251219937
0.20201975062705516,0.002180179912747951,layer_0_ff,8.568545360640165,1.337895581153855,nested_override,23,512,2,N4,0.01032201709574071
0.21214524644472538,0.0007663589766673598,layer_0_ff,7.711405714153354,1.4332599416802532,nested_override,23,512,4,N4,0.004846707373599074
2.4677423617275647,0.8702240889574613,layer_1_sa,57.706855022099745,4.58322077233366,nested_override,23,512,0,N0,1.2730544278874012
2.3411139733066264,0.8720026651336974,layer_1_sa,57.16506075092191,4.67136346362372,nested_override,23,512,2,N2,1.2928712763348043
2.556947765666393,0.8978790571848705,layer_1_sa,55.82589375424061,4.816845317345077,nested_override,23,512,4,N2,1.277331605910215
2.410908897841881,0.8949023440177837,layer_1_sa,57.501475642299425,4.698436116208348,nested_override,23,512,2,N3,1.2885501653822486
2.4854899760229747,0.9012565217582731,layer_1_sa,57.080978889860006,4.574869321496923,nested_override,23,512,4,N3,1.3023486434254967
2.4691911249033685,0.9016943529163091,layer_1_sa,57.01828218405335,4.670874225020829,nested_override,23,512,2,N4,1.2945911501916556
2.4362306627219574,0.9064103286451466,layer_1_sa,55.71356584122114,4.736176014845446,nested_override,23,512,4,N4,1.3068862813317441
2.550826036009792,0.7864598204222089,layer_1_ff,60.050971926690316,4.588315129118001,nested_override,23,512,0,N0,1.169537767444301
2.407320695680455,0.7699220259904926,layer_1_ff,59.336703661707254,4.701882903398442,nested_override,23,512,2,N2,1.170983500212731
2.632330215429615,0.7881554195020981,layer_1_ff,58.071621459684295,4.842586070718829,nested_override,23,512,4,N2,1.1491228490546819
2.4861690947319737,0.7943242817433214,layer_1_ff,59.83236378551538,4.726201432998803,nested_override,23,512,2,N3,1.1734742817275183
2.557824967435396,0.8018798303743904,layer_1_ff,59.40179520292956,4.626253992633253,nested_override,23,512,4,N3,1.1799140886324349
2.537093229177684,0.7948137018958168,layer_1_ff,59.29979394974083,4.732232702987733,nested_override,23,512,2,N4,1.1696880924878195
2.500637447704874,0.7907648330806547,layer_1_ff,57.85104399303209,4.84831423387375,nested_override,23,512,4,N4,1.1766937239515904
4.790385080861174,1.4173243907346247,layer_2_sa,243.39090404986038,3.669765167885451,nested_override,23,512,0,N0,1.6131832775098838
4.822212189771674,1.441602621659189,layer_2_sa,240.63500128785535,3.6773669978495747,nested_override,23,512,2,N2,1.5997969388523319
4.816647282460823,1.4215711497306085,layer_2_sa,237.28188031384192,3.693140522936288,nested_override,23,512,4,N2,1.6090240770958553
4.768601629982081,1.4413415673651935,layer_2_sa,238.4343658633462,3.7210156092151205,nested_override,23,512,2,N3,1.6081186110850398
4.844871684678276,1.4481337047471854,layer_2_sa,238.39407119126375,3.6972534298015387,nested_override,23,512,4,N3,1.6121072321709653
4.849850501993736,1.4556322248664482,layer_2_sa,237.7991749010967,3.701512515568686,nested_override,23,512,2,N4,1.5985603006603755
4.880478794726755,1.446052377920913,layer_2_sa,236.11466923658384,3.683359178894658,nested_override,23,512,4,N4,1.6249873814996818
5.109689600602504,1.484614920014273,layer_2_ff,255.76917086659637,3.5349066484526,nested_override,23,512,0,N0,1.69509181389993
5.172618709720182,1.5162217665465447,layer_2_ff,253.11856083712888,3.5390801180251708,nested_override,23,512,2,N2,1.694798070070753
5.1634577023183255,1.5130078206386206,layer_2_ff,249.58642081284842,3.5617249271182643,nested_override,23,512,4,N2,1.7116411405950476
5.122153315347868,1.5171676726840855,layer_2_ff,250.72942028210463,3.579734882263486,nested_override,23,512,2,N3,1.7064596722348142
5.177304343717465,1.5250158273578702,layer_2_ff,251.27240023307195,3.546720490160075,nested_override,23,512,4,N3,1.7153272335755365
5.209700764292132,1.5396375271941172,layer_2_ff,249.9796556367578,3.5761771368019613,nested_override,23,512,2,N4,1.70194915707674
5.227393455384827,1.532533392401398,layer_2_ff,249.1261392187277,3.5412553703465224,nested_override,23,512,4,N4,1.7229542853099542
5.170336660878319,1.8431862442969393,layer_3_sa,275.78071489905744,3.9045570776774996,nested_override,23,512,0,N0,1.8968059102318158
5.275728101908941,1.8570264348746346,layer_3_sa,272.2938845019213,3.8913862362924028,nested_override,23,512,2,N2,1.9019910632236843
5.392983459215993,1.8421255338781155,layer_3_sa,271.53483726097494,3.891124699892253,nested_override,23,512,4,N2,1.8953010476208534
5.278236954736564,1.8378722751861716,layer_3_sa,270.2276029789424,3.9170130664410365,nested_override,23,512,2,N3,1.898088258564378
5.236100358687509,1.8318348044142045,layer_3_sa,270.76322545747996,3.88664077395651,nested_override,23,512,4,N3,1.897811948883814
5.251004006608512,1.8766678346842331,layer_3_sa,267.29773822320215,3.9369895596808595,nested_override,23,512,2,N4,1.9090427353922501
5.481766097210854,1.8365956885380663,layer_3_sa,269.85299717545234,3.816862722997987,nested_override,23,512,4,N4,1.8962733602732063
5.5490188711965915,1.9115756777209676,layer_3_ff,313.4532642429973,3.7119461788508437,nested_override,23,512,0,N0,1.9517848128682398
5.718031654906216,1.918720684523041,layer_3_ff,309.9213369662037,3.693384134902762,nested_override,23,512,2,N2,1.9547264057902805
5.8181800112589706,1.9083112051651834,layer_3_ff,309.48325533667537,3.6964652519934544,nested_override,23,512,4,N2,1.9503988384948503
5.692977305400202,1.8964847131640339,layer_3_ff,308.00501882048655,3.7209230695085482,nested_override,23,512,2,N3,1.9484904045734157
5.589672713036827,1.8984516017847073,layer_3_ff,308.665216081152,3.6966811988055412,nested_override,23,512,4,N3,1.951491485516759
5.6745498582243945,1.9268169517492033,layer_3_ff,304.54030333016703,3.733684336034654,nested_override,23,512,2,N4,1.9582369315297234
5.865045772677282,1.9119592960549643,layer_3_ff,308.449392157864,3.634876812731387,nested_override,23,512,4,N4,1.9515394300110915
0.0,1.0842021724855044e-19,embedding,2.5444872988151915e-06,2.881290053601727,nested_short,23,128,0,N0,2.0088120728477266e-11
0.0,0.0,embedding,2.5444872988151915e-06,2.881290053601727,nested_short,23,128,2,N2,2.018585147124663e-11
0.0,5.421010862427522e-20,embedding,2.5444872988151915e-06,2.881290053601727,nested_short,23,128,4,N2,1.9990389823077576e-11
0.0,1.0842021724855044e-19,embedding,2.5444872988151915e-06,2.881290053601727,nested_short,23,128,2,N3,2.0088120728477266e-11
0.0,1.0842021724855044e-19,embedding,2.5444872988151915e-06,2.881290053601727,nested_short,23,128,4,N3,2.0088120728477266e-11
0.0,1.0842021724855044e-19,embedding,2.5444872988151915e-06,2.881290053601727,nested_short,23,128,2,N4,2.0088120728477266e-11
0.0,5.421010862427522e-20,embedding,2.5444872988151915e-06,2.881290053601727,nested_short,23,128,4,N4,1.9990389823077576e-11
0.2613600877068358,3.8964311140859444e-05,layer_0_sa,5.094528965298522,1.3964504926256682,nested_short,23,128,0,N0,0.0001353250898167655
0.2748862684295367,4.120610233063725e-05,layer_0_sa,5.351489730885222,1.478875403020574,nested_short,23,128,2,N2,0.0001375079595411586
0.23953521881405154,3.761733269818171e-05,layer_0_sa,4.98105559757548,1.4655620294251148,nested_short,23,128,4,N2,0.00013191160470898012
0.34396876425081524,4.5228741143296496e-05,layer_0_sa,5.258579925655405,1.4714105810963314,nested_short,23,128,2,N3,0.00015113933254392708
0.27838038453814784,3.707102544494353e-05,layer_0_sa,5.095493030649869,1.4502403440658982,nested_short,23,128,4,N3,0.00012847446951899568
0.3618129351208122,4.35674323519316e-05,layer_0_sa,5.12283233021134,1.4901572202066833,nested_short,23,128,2,N4,0.0001284995379386136
0.23117445388041163,3.755052653813505e-05,layer_0_sa,4.695949028320386,1.6415810222121565,nested_short,23,128,4,N4,0.00012865691301376658
0.18573589291954629,0.004909503352030858,layer_0_ff,9.101760481710018,1.2440297805362357,nested_short,23,128,0,N0,0.02411428820127917
0.20523552170456014,0.003704187225161082,layer_0_ff,9.005971694936184,1.308434264697634,nested_short,23,128,2,N2,0.017384203602658937
0.17774264237652637,0.002599845347268523,layer_0_ff,8.193307378987004,1.3056666587079542,nested_short,23,128,4,N2,0.011562501174280843
0.25369205595767613,0.003339398011814279,layer_0_ff,8.76906523559351,1.302916470450285,nested_short,23,128,2,N3,0.01474936877520562
0.20514982926840178,0.002622447647144366,layer_0_ff,8.565682762031791,1.294767947966677,nested_short,23,128,4,N3,0.011885422511185975
0.26391414414938524,0.0026378435576894926,layer_0_ff,8.459425808969176,1.3220751399636586,nested_short,23,128,2,N4,0.011134514889480862
0.1666758617677613,0.001013280671052684,layer_0_ff,7.385408494356284,1.4019539379455315,nested_short,23,128,4,N4,0.005415195645684032
2.1571269997461266,0.7772364362452131,layer_1_sa,62.42791645232647,3.7667848934850543,nested_short,23,128,0,N0,1.254437708279069
2.007469475912176,0.7614893812941383,layer_1_sa,61.171063574259556,3.9063949508142963,nested_short,23,128,2,N2,1.2615835018752515
2.3581171627252258,0.7836200939977522,layer_1_sa,60.97535027473461,3.832118995496826,nested_short,23,128,4,N2,1.28281440256742
2.1641382214715623,0.7425266580844769,layer_1_sa,62.96057813114801,3.7706827772402387,nested_short,23,128,2,N3,1.2519480608123352
2.315177816296367,0.8178207790578977,layer_1_sa,60.76273316277897,3.9283112059252208,nested_short,23,128,4,N3,1.3167399955667092
2.236473853880271,0.6962515725622889,layer_1_sa,60.40827842999746,3.9051683148284724,nested_short,23,128,2,N4,1.201822198726381
2.2781121877506845,0.8064603849240211,layer_1_sa,58.543652965248214,3.9744939167980733,nested_short,23,128,4,N4,1.3235391499416083
2.195660476065279,0.7563561594092583,layer_1_ff,65.68434611591395,3.7426218666453024,nested_short,23,128,0,N0,1.2175185986918442
2.0305201940805344,0.7032275891552371,layer_1_ff,64.19633472972028,3.884494032712994,nested_short,23,128,2,N2,1.1987702901621917
2.390805737647442,0.7417792386727491,layer_1_ff,63.52813071655321,3.852387979465826,nested_short,23,128,4,N2,1.2062430606623322
2.192243384641763,0.7198966741143895,layer_1_ff,66.0592748356575,3.7489462556743054,nested_short,23,128,2,N3,1.2056749310344377
2.3469786909391828,0.77396928553745,layer_1_ff,63.51918563664126,3.9223461502568244,nested_short,23,128,4,N3,1.248316067167742
2.2790193709733337,0.659863769027824,layer_1_ff,63.5920604390157,3.8752344261875695,nested_short,23,128,2,N4,1.1467008244953956
2.299670381451689,0.7527429723073018,layer_1_ff,61.07809295514705,4.0122299605948415,nested_short,23,128,4,N4,1.2282817004242315
4.896327546916859,1.5305688535343216,layer_2_sa,289.8000533670163,3.2285124728690353,nested_short,23,128,0,N0,1.6786219465872962
4.813987078380455,1.5108620238903006,layer_2_sa,292.1183056939586,3.2355696314414124,nested_short,23,128,2,N2,1.6995350661193047
5.008723810636114,1.5245998840121624,layer_2_sa,289.69040964759193,3.233537787792547,nested_short,23,128,4,N2,1.7082160280191092
4.585396880238335,1.5105689295579432,layer_2_sa,289.37004522190375,3.270913873663247,nested_short,23,128,2,N3,1.682847006295394
4.587809181338788,1.5119654563290459,layer_2_sa,284.4791860476778,3.2724486828784656,nested_short,23,128,4,N3,1.7023950707183302
4.776109315599679,1.5152138840562097,layer_2_sa,289.09356249970284,3.2515769398671233,nested_short,23,128,2,N4,1.6919625554357611
4.720570296282589,1.5322384194937846,layer_2_sa,282.68400765977754,3.2343657675142543,nested_short,23,128,4,N4,1.705472765108868
5.127064242418295,1.6188291643879311,layer_2_ff,306.5818278255455,3.1931789647210045,nested_short,23,128,0,N0,1.7805943732600453
5.044422059843889,1.5798045462090287,layer_2_ff,309.46610820198543,3.200090082576191,nested_short,23,128,2,N2,1.8088593653752265
5.222956800697125,1.6013782922816697,layer_2_ff,307.05792607531055,3.196523077666328,nested_short,23,128,4,N2,1.8189459260341116
4.816853424479895,1.611611867938094,layer_2_ff,305.4577632191882,3.2348681946227464,nested_short,23,128,2,N3,1.8072350416196716
4.789944044437709,1.606596929643116,layer_2_ff,301.3876536764613,3.2241987813680755,nested_short,23,128,4,N3,1.8098418389179904
4.981742971177912,1.6059318311001354,layer_2_ff,305.5140840273165,3.2110700334661257,nested_short,23,128,2,N4,1.819634913222113
4.915778216512236,1.6226907129101489,layer_2_ff,300.2703507295784,3.184589707266341,nested_short,23,128,4,N4,1.8007138167035084
4.328412327582986,1.9114719292834748,layer_3_sa,263.3125322182753,3.9120615760321744,nested_short,23,128,0,N0,1.9329635446170381
4.218462766072036,1.8614407519224476,layer_3_sa,265.8785814059355,3.8931554297807263,nested_short,23,128,2,N2,1.921380445215854
4.346190808907474,1.874177666938434,layer_3_sa,260.85795281325386,3.8504707362795774,nested_short,23,128,4,N2,1.922427439658748
4.085268772718953,1.8948215654891027,layer_3_sa,260.2922345340449,3.929109071008096,nested_short,23,128,2,N3,1.9300341818084243
4.068061083913,1.8950933050621679,layer_3_sa,255.00887217965757,3.8882154433127525,nested_short,23,128,4,N3,1.9278522313660127
4.26328461632715,1.8970870271117881,layer_3_sa,259.0194194611977,3.867105902237019,nested_short,23,128,2,N4,1.9276981719801038
4.327721857288451,1.8464873428691313,layer_3_sa,255.84040508709106,3.786369479728095,nested_short,23,128,4,N4,1.9127271009137434
4.726745341506378,1.9521441845544834,layer_3_ff,298.0685783530642,3.7879657172656294,nested_short,23,128,0,N0,1.9626185873179942
4.570246913034345,1.902658458722466,layer_3_ff,300.6395309638755,3.7753713031530616,nested_short,23,128,2,N2,1.9494325733867686
4.669082290901702,1.915250660442768,layer_3_ff,296.02584475825074,3.726336757978576,nested_short,23,128,4,N2,1.9482070874606676
4.420740383128378,1.9380215128969849,layer_3_ff,294.9132107835523,3.8131557033246146,nested_short,23,128,2,N3,1.9565924193192181
4.388648999867516,1.9431079755647929,layer_3_ff,288.2344489388948,3.775487392846987,nested_short,23,128,4,N3,1.959686723419121
4.596558920847233,1.944396222397719,layer_3_ff,293.7958290067961,3.7508510782086586,nested_short,23,128,2,N4,1.9595386392029268
4.586553833496149,1.8876156575055516,layer_3_ff,290.56972963750036,3.6734926064226365,nested_short,23,128,4,N4,1.9412967005229103
0.0,9.215718466126788e-19,embedding,2.5444872988151915e-06,2.881290053601727,nested_override_control,23,48,0,N6,1.9762351314862175e-11
14306816.567673674,9.668999206342583e-05,layer_0_sa,3.2143458333715365,2.3322850207548744,nested_override_control,23,48,0,N6,9.669001584797915e-05
18798749.716160674,0.0008383403708719234,layer_0_ff,3.7998452484063163,2.251750412243225,nested_override_control,23,48,0,N6,0.0008383401685647298
45230103134.454056,1.1596509440950704,layer_1_sa,45.230102739642724,4.458410147745841,nested_override_control,23,48,0,N6,1.1596509466079516
387321462.93549955,1.0160297884043554,layer_1_ff,48.13095442701632,4.313891485526023,nested_override_control,23,48,0,N6,1.0160298080530676
1098561838.0406678,1.5403639335333714,layer_2_sa,244.15036290825145,3.1136206082819338,nested_override_control,23,48,0,N6,1.5403639364721817
258099729172.54416,1.710115150664,layer_2_ff,258.09972898887844,3.0317036010311718,nested_override_control,23,48,0,N6,1.7101151472234957
760431321.8222626,1.8877917787734657,layer_3_sa,307.5596273353668,3.0527347401172715,nested_override_control,23,48,0,N6,1.8877917752761268
2272663701.128188,1.9691658194866728,layer_3_ff,358.21632539580685,2.975741354024483,nested_override_control,23,48,0,N6,1.9691658202049391
0.0,8.881784197001252e-16,embedding,2.3301960627803927e-06,3.0590503980933286,balanced_pair,37,128,0,N0,7.445377236958706e-08
0.0,8.881784197001252e-16,embedding,2.3301960627803927e-06,3.0590503980933286,balanced_pair,37,128,2,N2,7.445377236958706e-08
0.0,1.4432899320127035e-15,embedding,2.3301960627803927e-06,3.0590503980933286,balanced_pair,37,128,4,N2,7.455602646366799e-08
0.0,1.4432899320127035e-15,embedding,2.3301960627803927e-06,3.0590503980933286,balanced_pair,37,128,2,N3,7.455602646366799e-08
0.0,8.881784197001252e-16,embedding,2.3301960627803927e-06,3.0590503980933286,balanced_pair,37,128,4,N3,7.445377236958706e-08
0.0,8.881784197001252e-16,embedding,2.3301960627803927e-06,3.0590503980933286,balanced_pair,37,128,2,N4,7.445377236958706e-08
0.0,1.4432899320127035e-15,embedding,2.3301960627803927e-06,3.0590503980933286,balanced_pair,37,128,4,N4,7.455602646366799e-08
1.828578985197635,0.29435530442712143,layer_0_sa,4.466349146314327,3.7403835974045805,balanced_pair,37,128,0,N0,0.4839033187936679
0.8350838056225591,0.23467416553706677,layer_0_sa,4.418179300606334,4.514165259952012,balanced_pair,37,128,2,N2,0.5693034699303687
0.6574228212860577,0.2169074531272086,layer_0_sa,4.21519355592889,4.4503140537462285,balanced_pair,37,128,4,N2,0.5610217097694141
0.8238680437901722,0.2146431544229117,layer_0_sa,4.608207282506751,4.31312022833419,balanced_pair,37,128,2,N3,0.5812477330530372
0.5644780345510483,0.21892426068323156,layer_0_sa,4.029961215754812,4.510035854603206,balanced_pair,37,128,4,N3,0.5900242965662337
0.7505877966317945,0.18739140277421207,layer_0_sa,3.804540671153192,4.3147079209554455,balanced_pair,37,128,2,N4,0.5080287772159993
0.5198054448671766,0.160070886456267,layer_0_sa,3.8919452880378413,4.139560820191897,balanced_pair,37,128,4,N4,0.5033364235154851
1.5280497589436357,0.2795860834669963,layer_0_ff,4.846810867146872,4.223033654513791,balanced_pair,37,128,0,N0,0.38835970493036176
0.6644653235686088,0.1736698357579023,layer_0_ff,4.909888408693851,4.590526355409876,balanced_pair,37,128,2,N2,0.3396441594096167
0.5384569825722059,0.14839642489445515,layer_0_ff,4.924334155378597,4.232286326556288,balanced_pair,37,128,4,N2,0.318464445297733
0.6050049800259852,0.17833343535147628,layer_0_ff,5.48134570764912,3.960365693064436,balanced_pair,37,128,2,N3,0.35534625631160566
0.3940806960234723,0.13660688089513262,layer_0_ff,4.958592158690705,3.8170322159164645,balanced_pair,37,128,4,N3,0.33150949653640316
0.5625916652787657,0.13557813063888724,layer_0_ff,4.668358631722432,3.6910872831316888,balanced_pair,37,128,2,N4,0.3231447760388202
0.37752337716539724,0.10992144192093423,layer_0_ff,5.162648020539843,2.91921192951859,balanced_pair,37,128,4,N4,0.3163120929734844
17.198323911204003,1.7653965927181592,layer_1_sa,224.58852098116697,3.3241718683839885,balanced_pair,37,128,0,N0,1.911866585120673
12.5510772533356,1.803909884636543,layer_1_sa,216.81148580126526,3.4073076840909335,balanced_pair,37,128,2,N2,1.9046039306705365
12.804300423492698,1.7542840631988017,layer_1_sa,212.17755919183332,3.433663415816266,balanced_pair,37,128,4,N2,1.9177109278169415
14.448769204812914,1.796009813136395,layer_1_sa,220.17013558371895,3.418718233612937,balanced_pair,37,128,2,N3,1.9111893940270925
15.081830832402954,1.7789416098994293,layer_1_sa,214.4516465546613,3.420018813747155,balanced_pair,37,128,4,N3,1.9031842026012837
15.493620171012637,1.7987042333597754,layer_1_sa,220.08960150690825,3.3182136623873166,balanced_pair,37,128,2,N4,1.9060925898604335
15.895945660020919,1.780324604691085,layer_1_sa,217.47014000468516,3.3474350259105834,balanced_pair,37,128,4,N4,1.8858279513056306
17.674822719468864,1.7916891558342778,layer_1_ff,272.9593497002906,3.1540691734562993,balanced_pair,37,128,0,N0,1.8854158698810046
12.965094582864946,1.8064027470898694,layer_1_ff,260.59085158550073,3.2634598143129168,balanced_pair,37,128,2,N2,1.8959107327529279
12.805895324812965,1.764949441022279,layer_1_ff,253.9954756114991,3.286865482771332,balanced_pair,37,128,4,N2,1.9118587298884915
15.154807884448859,1.8360254700095804,layer_1_ff,266.0395004241169,3.251557921364054,balanced_pair,37,128,2,N3,1.9159929949280512
15.47801011281511,1.8143425389402121,layer_1_ff,257.5708745480647,3.2760791294295126,balanced_pair,37,128,4,N3,1.9160193928584008
15.6486405834303,1.8450086902139218,layer_1_ff,265.46353043636606,3.1803191377523525,balanced_pair,37,128,2,N4,1.940066586523744
16.012014849631473,1.8076221524064202,layer_1_ff,261.9262506394245,3.2207884493635075,balanced_pair,37,128,4,N4,1.8881081875976897
11.206967617286566,1.9113349606324728,layer_2_sa,260.8094589222997,3.5580673748131786,balanced_pair,37,128,0,N0,2.0365033654855287
9.356319925635855,2.0025835121886297,layer_2_sa,248.78336729045944,3.73682584697099,balanced_pair,37,128,2,N2,2.0753243348129162
8.75157621213337,1.8661544616987633,layer_2_sa,240.17463394122953,3.848142057002518,balanced_pair,37,128,4,N2,2.03043102222015
10.466975706429693,1.9393252840312982,layer_2_sa,254.08444526540956,3.6682624273890814,balanced_pair,37,128,2,N3,2.0489427680969414
10.736424453623972,1.9631437790956219,layer_2_sa,242.76240521866913,3.7619594709073763,balanced_pair,37,128,4,N3,2.069957930928937
10.827184562003406,1.931370385270514,layer_2_sa,253.10376849102067,3.614921667088797,balanced_pair,37,128,2,N4,2.043257577194525
11.176884438018813,1.996308126240948,layer_2_sa,245.97636126551345,3.661413985544652,balanced_pair,37,128,4,N4,2.0784741742701476
12.645213934145987,1.939494774573131,layer_2_ff,367.2808742218431,3.45276658881073,balanced_pair,37,128,0,N0,1.9588289726328783
10.601281789620053,1.9604207444370676,layer_2_ff,346.2250198128871,3.607631189871563,balanced_pair,37,128,2,N2,1.9784285005348918
9.251101933227213,1.923051908736562,layer_2_ff,334.2139720355647,3.700946596346852,balanced_pair,37,128,4,N2,1.9761087920602125
11.98275170185363,1.9764845939011382,layer_2_ff,356.3716792793141,3.5456961628342825,balanced_pair,37,128,2,N3,1.9830626138188294
12.038908839165495,1.970197618928651,layer_2_ff,339.7619268379002,3.5840662319187984,balanced_pair,37,128,4,N3,1.9802021248265111
12.24876023193156,1.9603833197381348,layer_2_ff,354.6999869953925,3.4993293102690823,balanced_pair,37,128,2,N4,1.9732720601068365
12.199023774835393,1.9555610348610248,layer_2_ff,343.3839500162138,3.528245076337921,balanced_pair,37,128,4,N4,1.9830384908494967
8.731630585967709,1.9944604521003848,layer_3_sa,281.8825806576474,4.476436397687372,balanced_pair,37,128,0,N0,1.9997769756110277
6.987342034624807,1.9997069284196944,layer_3_sa,268.74469230854686,4.763196435789546,balanced_pair,37,128,2,N2,2.0053806568935553
6.3999755409130215,1.932115832972066,layer_3_sa,261.62493609710185,5.00908840475041,balanced_pair,37,128,4,N2,2.001517950040076
8.145598928433582,2.0104465153084283,layer_3_sa,277.524071628491,4.655444330841602,balanced_pair,37,128,2,N3,2.034410607063381
7.732678204686687,1.9978762566766195,layer_3_sa,262.74448057060926,4.912424443932941,balanced_pair,37,128,4,N3,2.0019885521308387
8.328710879072013,2.004163286807982,layer_3_sa,272.5102552216015,4.688263952789516,balanced_pair,37,128,2,N4,2.02496622723214
8.36838542186524,2.039183896657283,layer_3_sa,265.410911554352,4.915357865510467,balanced_pair,37,128,4,N4,2.0794690627706447
9.312849496902295,1.9890022138743166,layer_3_ff,298.6991775967848,4.323071336975654,balanced_pair,37,128,0,N0,1.9932547010916748
7.42304528110038,1.9921272572976159,layer_3_ff,283.2202427961115,4.575107356045376,balanced_pair,37,128,2,N2,1.9942425917290145
6.763609540291251,1.919442255651709,layer_3_ff,274.54348384187364,4.79076734899961,balanced_pair,37,128,4,N2,1.982910904619367
8.631466378105399,1.9918322051652946,layer_3_ff,294.1766605639442,4.464558368164224,balanced_pair,37,128,2,N3,1.9953108200181333
8.291910223348212,1.9935762122847753,layer_3_ff,277.85241799591495,4.668732276819281,balanced_pair,37,128,4,N3,1.9953707030184584
9.018557040323664,1.992415808927465,layer_3_ff,288.85326632534816,4.488753322558514,balanced_pair,37,128,2,N4,1.9948956859355729
8.933657928897594,1.993316685494616,layer_3_ff,279.23600974042915,4.679938046004227,balanced_pair,37,128,4,N4,1.9950897574725288
0.0,1.2212453270876722e-15,embedding,2.3301960627803927e-06,3.0590503980933286,balanced_ngram3,37,512,0,N0,7.450489947213867e-08
0.0,1.3322676295501878e-15,embedding,2.3301960627803927e-06,3.0590503980933286,balanced_ngram3,37,512,2,N2,7.450489947213867e-08
0.0,1.3322676295501878e-15,embedding,2.3301960627803927e-06,3.0590503980933286,balanced_ngram3,37,512,4,N2,7.450489947213867e-08
0.0,1.3322676295501878e-15,embedding,2.3301960627803927e-06,3.0590503980933286,balanced_ngram3,37,512,2,N3,7.450489947213867e-08
0.0,1.3322676295501878e-15,embedding,2.3301960627803927e-06,3.0590503980933286,balanced_ngram3,37,512,4,N3,7.450489947213867e-08
0.0,1.2212453270876722e-15,embedding,2.3301960627803927e-06,3.0590503980933286,balanced_ngram3,37,512,2,N4,7.450489947213867e-08
0.0,1.3322676295501878e-15,embedding,2.3301960627803927e-06,3.0590503980933286,balanced_ngram3,37,512,4,N4,7.450489947213867e-08
1.5651225623575107,0.33513395442736926,layer_0_sa,6.932213472274681,3.145364714481033,balanced_ngram3,37,512,0,N0,0.49968737028896726
1.000965089848647,0.2883676340961958,layer_0_sa,6.02839733948805,3.1132121477477446,balanced_ngram3,37,512,2,N2,0.47602004265667963
1.0723690882826487,0.23624758686929592,layer_0_sa,5.2897284220257,2.8415460333581675,balanced_ngram3,37,512,4,N2,0.4342054974396612
1.1121420763069598,0.27590263907255874,layer_0_sa,5.838786138778515,3.031575107608525,balanced_ngram3,37,512,2,N3,0.4723749981792178
1.1362907037941847,0.2534979164039959,layer_0_sa,5.3362801337355705,2.8692429057114524,balanced_ngram3,37,512,4,N3,0.4561854867589381
1.1316100749779026,0.24329272750413922,layer_0_sa,5.318001425811129,2.859489504998562,balanced_ngram3,37,512,2,N4,0.44410098805496
0.9346960253650648,0.23034801329196797,layer_0_sa,5.235052422307978,2.696773997457291,balanced_ngram3,37,512,4,N4,0.4305494677391377
1.0922351874439422,0.2861797766503933,layer_0_ff,8.802578987399007,3.306195286410409,balanced_ngram3,37,512,0,N0,0.4233712296982919
0.7526048723163601,0.20803771112527802,layer_0_ff,7.655894161877207,3.274400464052815,balanced_ngram3,37,512,2,N2,0.3564553156493193
0.8505306326201514,0.16151624798432396,layer_0_ff,6.422995043570668,3.199395954880644,balanced_ngram3,37,512,4,N2,0.30382355211995593
0.8632106434692132,0.20531158477247402,layer_0_ff,7.366695052828436,3.2478408638082277,balanced_ngram3,37,512,2,N3,0.3505357448480111
0.9259935173572477,0.17255188773951402,layer_0_ff,6.349029463813819,3.2920154790683442,balanced_ngram3,37,512,4,N3,0.31817508497448155
0.944618858276117,0.16940711032524502,layer_0_ff,6.365722499220062,3.2566835272362056,balanced_ngram3,37,512,2,N4,0.32056902061466674
0.8051498895951897,0.1449141916034562,layer_0_ff,6.140909344993073,3.1280777849142356,balanced_ngram3,37,512,4,N4,0.29355132018214425
8.526874804490983,1.4509972528369022,layer_1_sa,128.9234199145248,4.718648766866011,balanced_ngram3,37,512,0,N0,1.7091574225674804
8.688482601417359,1.4890982481265027,layer_1_sa,123.88997198552886,4.700931608571394,balanced_ngram3,37,512,2,N2,1.7073349111775764
9.651755335094057,1.4800729179060443,layer_1_sa,121.72338409359439,4.606259510881549,balanced_ngram3,37,512,4,N2,1.7033373285895919
9.694192610591145,1.523936148066574,layer_1_sa,126.45557647136556,4.6505978753101065,balanced_ngram3,37,512,2,N3,1.7472496082785187
9.612115759200972,1.4888748837150618,layer_1_sa,122.82813768320665,4.527875210916572,balanced_ngram3,37,512,4,N3,1.7131245118317544
10.118419979445523,1.5221479330277257,layer_1_sa,123.25256926775,4.567499315687705,balanced_ngram3,37,512,2,N4,1.721244147931797
10.72049325418673,1.535122177970976,layer_1_sa,122.07918740633622,4.51085374920384,balanced_ngram3,37,512,4,N4,1.7444440388107223
9.819602073986747,1.353765119156841,layer_1_ff,147.54197929303987,4.5059903182409435,balanced_ngram3,37,512,0,N0,1.5703981251071863
9.815334145107396,1.3874190042762868,layer_1_ff,141.34764271545765,4.496331851561017,balanced_ngram3,37,512,2,N2,1.5737696927569838
10.76181858147004,1.3874059208288063,layer_1_ff,138.36453591125345,4.443052487292276,balanced_ngram3,37,512,4,N2,1.5727951292964804
10.886827679613113,1.3988443186744592,layer_1_ff,144.51145868108017,4.446470950569628,balanced_ngram3,37,512,2,N3,1.5853027289360613
10.752625063761116,1.3943911611000475,layer_1_ff,141.20993668299792,4.320344804575083,balanced_ngram3,37,512,4,N3,1.5677571708171607
11.429681395642968,1.4115697143604877,layer_1_ff,141.9114612772813,4.35475223487044,balanced_ngram3,37,512,2,N4,1.5698293573789979
11.891399698066275,1.419874713285664,layer_1_ff,140.80323562993186,4.324765943890101,balanced_ngram3,37,512,4,N4,1.5895998581296813
8.13294860931345,1.8414969029148354,layer_2_sa,164.4849648161064,6.127225104255948,balanced_ngram3,37,512,0,N0,2.0564272253592857
7.7923427408060775,1.8558908555147995,layer_2_sa,158.29590128472842,6.204597397265766,balanced_ngram3,37,512,2,N2,2.053543888691508
8.236362385796072,1.821575598666024,layer_2_sa,156.1257200730866,6.199207644894533,balanced_ngram3,37,512,4,N2,2.0653670515039955
8.441235647752974,1.8346128243147009,layer_2_sa,160.82210883647846,6.133228589566295,balanced_ngram3,37,512,2,N3,2.050288462396526
8.378522592269462,1.8144225008848143,layer_2_sa,156.3567259599454,6.062905895977736,balanced_ngram3,37,512,4,N3,2.060111508297066
8.749985934951813,1.8484671297378876,layer_2_sa,157.0569427513203,6.050476289020343,balanced_ngram3,37,512,2,N4,2.081305906180112
9.326327446165887,1.8578361400810008,layer_2_sa,155.19994600056108,6.004674747386471,balanced_ngram3,37,512,4,N4,2.0852821847974736
9.342693899051008,1.77340142103732,layer_2_ff,208.64059422720086,5.648446766557473,balanced_ngram3,37,512,0,N0,1.9350140476418685
8.823232428551187,1.7736148672534213,layer_2_ff,200.56592187914583,5.7394712136288835,balanced_ngram3,37,512,2,N2,1.9269371581072812
9.04418024727133,1.7413409449640342,layer_2_ff,196.596885102824,5.782639652710308,balanced_ngram3,37,512,4,N2,1.9382636234417356
9.65383170540021,1.7782939965386686,layer_2_ff,204.49550055698998,5.674372662275965,balanced_ngram3,37,512,2,N3,1.934413755924238
9.33016562030739,1.7449711273855704,layer_2_ff,198.7940484236882,5.617601900064398,balanced_ngram3,37,512,4,N3,1.930712408709629
9.828367023216314,1.74783794474798,layer_2_ff,200.2941901974483,5.601242404548625,balanced_ngram3,37,512,2,N4,1.9329201491612893
10.410310189985537,1.7341565689542084,layer_2_ff,198.93401457624182,5.539227054447713,balanced_ngram3,37,512,4,N4,1.9219608275868247
9.13024165176814,1.9654285199935724,layer_3_sa,273.67137163571476,5.355566247919311,balanced_ngram3,37,512,0,N0,2.007687747079597
8.794932791147891,1.9628861605825119,layer_3_sa,266.19419073284064,5.39054509040267,balanced_ngram3,37,512,2,N2,2.0203481706686057
9.073829567618,1.9722529404491276,layer_3_sa,261.4978636028145,5.394214198179128,balanced_ngram3,37,512,4,N2,2.0248339247536915
9.44734450715577,1.9853865486861693,layer_3_sa,269.28947263756976,5.376787848739582,balanced_ngram3,37,512,2,N3,2.0133104341170016
9.299482268902304,1.9695092405079642,layer_3_sa,263.6620056446564,5.319612145824705,balanced_ngram3,37,512,4,N3,2.008239493865913
9.552647751384457,1.965031043241301,layer_3_sa,266.9320530430781,5.325628103710085,balanced_ngram3,37,512,2,N4,2.021257968852496
10.508951278158838,1.9621890610431063,layer_3_sa,262.95999132202326,5.363132462669536,balanced_ngram3,37,512,4,N4,2.0302692852456614
9.66418703792559,1.940252699957505,layer_3_ff,292.6306672771084,4.89505514281703,balanced_ngram3,37,512,0,N0,1.9767000000240573
9.352439650132608,1.9468331602508535,layer_3_ff,283.8610931122019,4.923325127505269,balanced_ngram3,37,512,2,N2,1.978820131923309
9.623276065425,1.9372924391878745,layer_3_ff,279.5618375418471,4.878040029151166,balanced_ngram3,37,512,4,N2,1.974212814304324
10.105545456546192,1.9598124577222882,layer_3_ff,288.19462571736705,4.9059431464948995,balanced_ngram3,37,512,2,N3,1.9758155359539067
9.979989527499871,1.9594276160697093,layer_3_ff,282.2908509376866,4.832768989284047,balanced_ngram3,37,512,4,N3,1.9798033362567824
10.225199414070909,1.9430177034379446,layer_3_ff,285.68055953121336,4.840495442463372,balanced_ngram3,37,512,2,N4,1.9736204871127434
11.238463666076978,1.9374436326939262,layer_3_ff,281.4531830322343,4.864393339452284,balanced_ngram3,37,512,4,N4,1.9706982150689552
0.0,1.4432899320127035e-15,embedding,2.3301960627803927e-06,3.0590503980933286,sparse_pair,37,128,0,N0,7.455602646366799e-08
0.0,1.4432899320127035e-15,embedding,2.3301960627803927e-06,3.0590503980933286,sparse_pair,37,128,2,N2,7.455602646366799e-08
0.0,8.881784197001252e-16,embedding,2.3301960627803927e-06,3.0590503980933286,sparse_pair,37,128,4,N2,7.445377236958706e-08
0.0,8.881784197001252e-16,embedding,2.3301960627803927e-06,3.0590503980933286,sparse_pair,37,128,2,N3,7.445377236958706e-08
0.0,1.4432899320127035e-15,embedding,2.3301960627803927e-06,3.0590503980933286,sparse_pair,37,128,4,N3,7.455602646366799e-08
0.0,1.4432899320127035e-15,embedding,2.3301960627803927e-06,3.0590503980933286,sparse_pair,37,128,2,N4,7.455602646366799e-08
0.0,8.881784197001252e-16,embedding,2.3301960627803927e-06,3.0590503980933286,sparse_pair,37,128,4,N4,7.445377236958706e-08
2.097354702214919,0.44077178453847954,layer_0_sa,5.8162999197643614,3.025026940853548,sparse_pair,37,128,0,N0,0.5716251582245904
1.37507678947247,0.34298879076936606,layer_0_sa,4.976714234973549,3.2048051133638933,sparse_pair,37,128,2,N2,0.545690023178826
1.3136891132297774,0.36144341136049807,layer_0_sa,4.696783782323645,3.0843867638349285,sparse_pair,37,128,4,N2,0.5568927128298844
1.7891303267623542,0.4048404829093091,layer_0_sa,5.092200116632735,3.0249158228826936,sparse_pair,37,128,2,N3,0.5505584212336472
1.1130658479059743,0.3053646160014447,layer_0_sa,4.418628696711149,2.917870947060295,sparse_pair,37,128,4,N3,0.5227528560657777
1.3426037471825096,0.2950205082063717,layer_0_sa,4.244831122403708,3.0518072358205197,sparse_pair,37,128,2,N4,0.4853390471686594
0.8687059211721796,0.24562115145108776,layer_0_sa,3.747529311869075,2.956289174527392,sparse_pair,37,128,4,N4,0.4684143065875275
1.4025796756574802,0.37345226410497045,layer_0_ff,6.568602937790888,3.479255084177908,sparse_pair,37,128,0,N0,0.5066945874374296
1.1069766833597185,0.2862131022355441,layer_0_ff,5.40887591021413,3.8947750360575277,sparse_pair,37,128,2,N2,0.4605748019055771
1.131828193111604,0.28494065273278335,layer_0_ff,4.929776774637281,3.585239263577361,sparse_pair,37,128,4,N2,0.4373159722965694
1.3647594299485812,0.3197041945236463,layer_0_ff,5.496580275642885,3.6156269266294743,sparse_pair,37,128,2,N3,0.44335248888100254
0.9977974806737208,0.2315958435731693,layer_0_ff,4.571064136009949,3.3348168927416797,sparse_pair,37,128,4,N3,0.41575982864001126
1.1468777339930263,0.228035710829116,layer_0_ff,4.442819953543544,3.5786525098315813,sparse_pair,37,128,2,N4,0.39074538376543955
0.7913001512564092,0.17488826352160114,layer_0_ff,3.9509935618420737,3.397124038488811,sparse_pair,37,128,4,N4,0.37068336891138687
17.640874298610598,1.7794357018021876,layer_1_sa,212.96675451236143,3.365460113247367,sparse_pair,37,128,0,N0,1.9087693474904888
20.558583449753115,1.7754436740901647,layer_1_sa,211.19160585605758,3.2818756416296795,sparse_pair,37,128,2,N2,1.911941510180009
14.894628387056606,1.7583445160195765,layer_1_sa,205.1162275324422,3.366767439089844,sparse_pair,37,128,4,N2,1.9532759988132518
18.166933015122797,1.7826342426963762,layer_1_sa,208.704601267027,3.333175159097628,sparse_pair,37,128,2,N3,1.9140543195238093
18.69186971365868,1.8668590899807138,layer_1_sa,209.09149310013757,3.301141239650937,sparse_pair,37,128,4,N3,1.9536131851593836
18.404068890247174,1.8301833272466057,layer_1_sa,205.91360232671454,3.283889175530079,sparse_pair,37,128,2,N4,1.968688833094916
17.353195245829653,1.8021244902764293,layer_1_sa,199.66886729511634,3.2657006743743473,sparse_pair,37,128,4,N4,1.9462080240574422
18.571550293689903,1.7608399222698647,layer_1_ff,257.37157463966184,3.2340255053440634,sparse_pair,37,128,0,N0,1.8595149146934644
21.278767369529078,1.7490309280448737,layer_1_ff,253.38102468019423,3.172504755795065,sparse_pair,37,128,2,N2,1.8626427296988792
15.087436009790162,1.741168903805144,layer_1_ff,247.2844770347437,3.247342493139017,sparse_pair,37,128,4,N2,1.9211536089869323
18.691597169622614,1.7552823997965774,layer_1_ff,251.8703129038468,3.2174266119127064,sparse_pair,37,128,2,N3,1.8771609640565172
19.249648570845622,1.8476377835939068,layer_1_ff,252.46723056974756,3.1885584616019607,sparse_pair,37,128,4,N3,1.9051118594708951
18.372588970825188,1.7940268547176395,layer_1_ff,247.66652746160815,3.186488768598466,sparse_pair,37,128,2,N4,1.9130078937450374
17.639378233119878,1.8208319117654503,layer_1_ff,240.94094879072333,3.1724721537212863,sparse_pair,37,128,4,N4,1.938670547245609
13.616153996611153,1.8655045341906291,layer_2_sa,235.99070623183633,3.7147727200335963,sparse_pair,37,128,0,N0,1.9724054820260122
14.833161766110718,1.898804966260189,layer_2_sa,233.20110005118403,3.6602427479541513,sparse_pair,37,128,2,N2,1.9888518156686605
11.303035999234515,1.8893705537876784,layer_2_sa,226.21910745859572,3.7696066798499115,sparse_pair,37,128,4,N2,2.010438876452799
13.85724813640391,1.8534609573429615,layer_2_sa,228.74461267295106,3.7321485409508597,sparse_pair,37,128,2,N3,1.9757707102320987
13.487348980795606,1.9415269193944071,layer_2_sa,229.77421396147247,3.6435427658060577,sparse_pair,37,128,4,N3,2.0338613961495735
13.664588092396276,1.8780529475083467,layer_2_sa,226.52853893141452,3.637391458937023,sparse_pair,37,128,2,N4,1.9883636567701655
13.249917350492785,1.9003114823277434,layer_2_sa,220.64605504903287,3.678662393580414,sparse_pair,37,128,4,N4,2.0122075916483664
14.92010415062114,1.9488916983305657,layer_2_ff,327.2381044253576,3.5235896291461404,sparse_pair,37,128,0,N0,1.9744553568993428
16.318486088469214,1.9521687997651869,layer_2_ff,325.49617520985583,3.48082529846387,sparse_pair,37,128,2,N2,1.984146650302625
12.65466510220699,1.9215006057994537,layer_2_ff,316.5655345685289,3.5563191764802307,sparse_pair,37,128,4,N2,1.9758104992836794
15.302846354485737,1.9566981195415463,layer_2_ff,319.66725941707875,3.5494102685237423,sparse_pair,37,128,2,N3,1.9857771068229817
14.819287639195252,1.967046439555347,layer_2_ff,322.1999169821762,3.4707979712208723,sparse_pair,37,128,4,N3,1.9921074170918853
14.810178655143671,1.9792791915775867,layer_2_ff,316.7258242662008,3.458950978356297,sparse_pair,37,128,2,N4,1.986380064182196
14.57389777494665,1.965769586196789,layer_2_ff,308.749529598015,3.511143406506125,sparse_pair,37,128,4,N4,1.9837847992491562
9.252223035963558,1.9905640612680606,layer_3_sa,250.47064610308104,4.8653527936448375,sparse_pair,37,128,0,N0,2.010920443844747
9.957253149005442,1.9980940579011404,layer_3_sa,243.98202898888252,4.7978284909315185,sparse_pair,37,128,2,N2,2.017543917298589
8.493291285726013,1.9612385340445664,layer_3_sa,239.4559729392018,4.9923927355689,sparse_pair,37,128,4,N2,1.9902935715169057
9.92233322430664,2.003540642032712,layer_3_sa,244.92721309958938,4.89067228907081,sparse_pair,37,128,2,N3,2.026967712932031
9.898906152077762,1.9921376234217778,layer_3_sa,246.03600191661633,4.8270147566825585,sparse_pair,37,128,4,N3,1.9988196937965634
9.102552218288242,1.9787717719295885,layer_3_sa,241.8219619487257,4.845354433670186,sparse_pair,37,128,2,N4,1.9869585641546514
9.0532116114056,1.9790505312502398,layer_3_sa,234.729831342689,4.929488804156677,sparse_pair,37,128,4,N4,1.9979212401416904
9.74629776279689,1.9469144015606155,layer_3_ff,266.1995510832165,4.640263202930531,sparse_pair,37,128,0,N0,1.9599629850040907
10.5028371174957,1.9699365434901879,layer_3_ff,259.8145517216894,4.528046127077773,sparse_pair,37,128,2,N2,1.9807878951721083
8.811344643125615,1.9459953589072685,layer_3_ff,254.21206525046028,4.7159245753133865,sparse_pair,37,128,4,N2,1.9752691986775286
10.43726000395341,1.9683528912224864,layer_3_ff,260.8706125424535,4.654262790232211,sparse_pair,37,128,2,N3,1.978030286661494
10.54105456329458,1.9771184015216838,layer_3_ff,262.2015188313502,4.58163785735077,sparse_pair,37,128,4,N3,1.9866599689876865
9.662712202985357,1.9782970870260754,layer_3_ff,256.82990674014735,4.583262973545881,sparse_pair,37,128,2,N4,1.9851690070538837
9.43887412680472,1.9772694630934036,layer_3_ff,249.08151450407456,4.643704562925837,sparse_pair,37,128,4,N4,1.9837114093571793
0.0,1.2212453270876722e-15,embedding,2.3301960627803927e-06,3.0590503980933286,functor,37,256,0,N0,7.450489947213867e-08
0.0,1.2212453270876722e-15,embedding,2.3301960627803927e-06,3.0590503980933286,functor,37,256,2,N2,7.450489947213867e-08
0.0,1.2212453270876722e-15,embedding,2.3301960627803927e-06,3.0590503980933286,functor,37,256,4,N2,7.450489947213867e-08
0.0,1.2212453270876722e-15,embedding,2.3301960627803927e-06,3.0590503980933286,functor,37,256,2,N3,7.450489947213867e-08
0.0,1.2212453270876722e-15,embedding,2.3301960627803927e-06,3.0590503980933286,functor,37,256,4,N3,7.450489947213867e-08
0.0,1.2212453270876722e-15,embedding,2.3301960627803927e-06,3.0590503980933286,functor,37,256,2,N4,7.450489947213867e-08
0.0,1.2212453270876722e-15,embedding,2.3301960627803927e-06,3.0590503980933286,functor,37,256,4,N4,7.450489947213867e-08
1.0808044877594454,0.28316463811186554,layer_0_sa,5.571963760235901,3.8041798861744107,functor,37,256,0,N0,0.4773814241779779
0.7079159153810842,0.2520787789939989,layer_0_sa,5.061866669639163,4.063314888510306,functor,37,256,2,N2,0.4960689833286085
0.6701875153585168,0.2194535330913061,layer_0_sa,4.270338158485913,4.471801954742492,functor,37,256,4,N2,0.49644919913786323
0.8373706463625579,0.23778708890685918,layer_0_sa,4.5902737191050464,4.026707136438085,functor,37,256,2,N3,0.47386130323654174
0.8789471155193176,0.2612140883108336,layer_0_sa,3.9898913603091373,3.9298631120371272,functor,37,256,4,N3,0.516085276506794
0.6891732518215246,0.2121592130283898,layer_0_sa,3.905737187827924,4.233407025698975,functor,37,256,2,N4,0.4840961886854218
0.7602150226797374,0.2410831559871185,layer_0_sa,3.8607052544601617,3.983523239965778,functor,37,256,4,N4,0.501987493547319
0.7235571721629968,0.27828797901479074,layer_0_ff,7.31558003232744,3.1589130159916787,functor,37,256,0,N0,0.4176146442358193
0.5091401025493212,0.20842350056842518,layer_0_ff,6.709473439976306,3.2551820197581027,functor,37,256,2,N2,0.40329942881624237
0.4984711343198201,0.1745668182722011,layer_0_ff,5.44890743505729,3.692899186569154,functor,37,256,4,N2,0.3742852379136532
0.5702841049203791,0.20679615528682427,layer_0_ff,6.042397186874125,3.2351132969843377,functor,37,256,2,N3,0.3793335740434376
0.7061834893433879,0.22979128182496855,layer_0_ff,4.821143179330302,3.8367168434212493,functor,37,256,4,N3,0.3865096104625816
0.5430284907135027,0.16245487361700728,layer_0_ff,4.851030596521599,3.809259172329006,functor,37,256,2,N4,0.357866610189866
0.5714913841855125,0.1829161399067083,layer_0_ff,4.828326201047618,3.6615565406456,functor,37,256,4,N4,0.3836475031055868
12.66644187803651,1.8606263731224135,layer_1_sa,218.17223441845735,3.3403545887768837,functor,37,256,0,N0,1.945596633592213
12.040050166972902,1.8894884566190582,layer_1_sa,208.7369220986397,3.3536330988910517,functor,37,256,2,N2,1.9715189830787274
12.069565552887491,1.869652368582337,layer_1_sa,208.79831902998149,3.386668907091499,functor,37,256,4,N2,1.9704499511836238
13.879985731810464,1.8810200709431228,layer_1_sa,215.97788331060647,3.334510335830089,functor,37,256,2,N3,1.9751005808365285
12.897181845391916,1.8727670431463788,layer_1_sa,207.8603159321235,3.355118813086974,functor,37,256,4,N3,1.9703527034230777
13.699067010122922,1.898698188037304,layer_1_sa,210.5450110766292,3.3007515704154624,functor,37,256,2,N4,1.9920432324771213
15.302804483412553,1.8722004731477586,layer_1_sa,210.1393491715511,3.3480350374466097,functor,37,256,4,N4,1.991302211537628
14.131122919370059,1.871876296418312,layer_1_ff,263.11352360517503,3.189899521416682,functor,37,256,0,N0,1.9317030599564475
13.134484671777793,1.8795682620924556,layer_1_ff,251.1302989171641,3.2227458318266557,functor,37,256,2,N2,1.9380305588114677
12.622402985418018,1.8678149521075493,layer_1_ff,250.1993069864073,3.2613150024196425,functor,37,256,4,N2,1.9441102767232379
14.604457044957043,1.8735778301000534,layer_1_ff,259.5112343889447,3.203362044263474,functor,37,256,2,N3,1.9339001064752237
13.763046777043211,1.8681448980377813,layer_1_ff,250.74806456792183,3.225897852534552,functor,37,256,4,N3,1.9419877887611028
14.391668677219204,1.9017384308313607,layer_1_ff,253.89598600596898,3.177252261542591,functor,37,256,2,N4,1.9607980439668693
16.220451503272574,1.8633898345547977,layer_1_ff,256.0040576021372,3.2068810491195863,functor,37,256,4,N4,1.960511559240877
9.455465453747383,1.766361507150801,layer_2_sa,254.37928473766354,3.6018997738156435,functor,37,256,0,N0,1.9269750103008123
8.881139774120559,1.7894626102670241,layer_2_sa,244.08203222964255,3.7225846746651525,functor,37,256,2,N2,1.955761557058413
8.524001833884732,1.7820676862035003,layer_2_sa,242.82499012667736,3.7545103083392197,functor,37,256,4,N2,1.9805237040891641
9.743460822808183,1.8148460114034854,layer_2_sa,249.38991731162687,3.637588801561316,functor,37,256,2,N3,1.9719704255394275
9.58683832262502,1.8279730526875748,layer_2_sa,242.9264849146926,3.664808676640481,functor,37,256,4,N3,1.9698573499621475
9.847943577482503,1.8329169859760368,layer_2_sa,245.60264041514552,3.6353404926158883,functor,37,256,2,N4,2.0002810971069387
10.877042608766384,1.862520573476957,layer_2_sa,245.90893828727712,3.643557007574417,functor,37,256,4,N4,2.0174110370651186
11.10654533438844,1.8198845976075544,layer_2_ff,351.82118734334824,3.40679957704848,functor,37,256,0,N0,1.9235484004871548
10.1952425983327,1.8065907944231665,layer_2_ff,336.24182631977743,3.5160955577368975,functor,37,256,2,N2,1.903714833266473
9.649788676299659,1.8114448440968425,layer_2_ff,335.78282929342276,3.5450573056879495,functor,37,256,4,N2,1.9110536327291148
11.18706063514102,1.8431725346976116,layer_2_ff,344.90730436694565,3.445085521507429,functor,37,256,2,N3,1.921464668968973
10.99813283209132,1.8574578143846976,layer_2_ff,337.59358878420244,3.4656182457150844,functor,37,256,4,N3,1.9229225877656835
11.321753367956012,1.850108737056363,layer_2_ff,340.9400075671051,3.442767507170303,functor,37,256,2,N4,1.9346042898901312
12.443807047944453,1.845657792138588,layer_2_ff,343.17494944667317,3.438257253944815,functor,37,256,4,N4,1.9246889479603078
7.469582813055937,1.967259349730906,layer_3_sa,280.3239371777946,4.5678820356668135,functor,37,256,0,N0,1.9997271679814657
6.87769204949601,1.9565919828397178,layer_3_sa,269.0147424345282,4.8085277664188,functor,37,256,2,N2,1.9930096175361527
6.645415266758277,1.9608767807698317,layer_3_sa,270.64773359561366,4.83903817529916,functor,37,256,4,N2,2.000895613301129
7.481870787243286,1.9894762430277946,layer_3_sa,275.61482568231514,4.676238996292614,functor,37,256,2,N3,2.007489413632661
7.595643251640221,1.9659564559306364,layer_3_sa,269.70097262585256,4.769845953243106,functor,37,256,4,N3,1.9899962157008875
7.403798508966837,1.9860981994287468,layer_3_sa,273.37646269329105,4.671103008509415,functor,37,256,2,N4,2.01687055068223
8.39878722860054,1.9752413257361268,layer_3_sa,273.79017794656386,4.725071644652631,functor,37,256,4,N4,2.020080835877395
7.81902493435195,1.9630398360650803,layer_3_ff,297.9108478669812,4.39620737403087,functor,37,256,0,N0,1.9813256377487538
7.248426020052192,1.9266021164496705,layer_3_ff,283.81781004115345,4.613765744763539,functor,37,256,2,N2,1.971019754812994
6.936820358147639,1.9331199589186119,layer_3_ff,285.2682469843225,4.619349392136004,functor,37,256,4,N2,1.9713595443639664
7.823574399764139,1.9902713668523477,layer_3_ff,292.3086588173543,4.487681446158389,functor,37,256,2,N3,1.9927768414255493
7.933245282938603,1.9510084288108391,layer_3_ff,284.31117944380907,4.569006887562417,functor,37,256,4,N3,1.973880706310223
7.763381592573048,1.9803171069197962,layer_3_ff,289.45753851229,4.463884206418997,functor,37,256,2,N4,1.9876760595145706
8.810581758913788,1.9436791747433388,layer_3_ff,289.36108214754495,4.516901619376621,functor,37,256,4,N4,1.983163331225497
0.0,1.2212453270876722e-15,embedding,2.3301960627803927e-06,3.0590503980933286,nested_override,37,512,0,N0,7.450489947213867e-08
0.0,1.3322676295501878e-15,embedding,2.3301960627803927e-06,3.0590503980933286,nested_override,37,512,2,N2,7.450489947213867e-08
0.0,1.3322676295501878e-15,embedding,2.3301960627803927e-06,3.0590503980933286,nested_override,37,512,4,N2,7.450489947213867e-08
0.0,1.2212453270876722e-15,embedding,2.3301960627803927e-06,3.0590503980933286,nested_override,37,512,2,N3,7.450489947213867e-08
0.0,1.3322676295501878e-15,embedding,2.3301960627803927e-06,3.0590503980933286,nested_override,37,512,4,N3,7.450489947213867e-08
0.0,1.2212453270876722e-15,embedding,2.3301960627803927e-06,3.0590503980933286,nested_override,37,512,2,N4,7.450489947213867e-08
0.0,1.3322676295501878e-15,embedding,2.3301960627803927e-06,3.0590503980933286,nested_override,37,512,4,N4,7.450489947213867e-08
1.5192349286022377,0.3336856957776344,layer_0_sa,7.026405072558528,3.11156088889223,nested_override,37,512,0,N0,0.4900269250735314
1.1172168108053397,0.25667528307084386,layer_0_sa,5.720481747444653,2.9710985014051903,nested_override,37,512,2,N2,0.4554419127567073
1.0912711047226455,0.24499815449426787,layer_0_sa,5.207816769381758,2.8140141941982884,nested_override,37,512,4,N2,0.4312203464279085
1.2698079209643618,0.28692389019902853,layer_0_sa,6.0504541601398465,3.0893775463604833,nested_override,37,512,2,N3,0.4877988143201304
1.3195020435077192,0.27932878720087895,layer_0_sa,5.334034192906914,2.6982925833479725,nested_override,37,512,4,N3,0.4714835560637183
1.1558404940189089,0.2658420825537413,layer_0_sa,5.302263080704243,2.8789654746102857,nested_override,37,512,2,N4,0.4423349132989993
1.0107093013921316,0.23950204023602062,layer_0_sa,5.124300210962103,2.7159388281211236,nested_override,37,512,4,N4,0.43505791407503924
1.030010485158248,0.2753092773757888,layer_0_ff,9.03362415857928,3.231357011809089,nested_override,37,512,0,N0,0.41521867947242797
0.8428718874941808,0.19295744550647131,layer_0_ff,7.216916677855873,3.196909598880166,nested_override,37,512,2,N2,0.34296590005603766
0.8892269441379272,0.16942455137141144,layer_0_ff,6.245844367104484,3.2004671140246623,nested_override,37,512,4,N2,0.3023380447930579
0.9673360517375434,0.21326272648004485,layer_0_ff,7.441289594422692,3.3554984417656,nested_override,37,512,2,N3,0.362437069282354
1.093689172096965,0.19053489602271223,layer_0_ff,6.287711374646623,3.1414142896734365,nested_override,37,512,4,N3,0.324523376422275
0.9605322109138448,0.1940642025993049,layer_0_ff,6.365897627933811,3.2786071048090606,nested_override,37,512,2,N4,0.3207888091033584
0.8682259081916469,0.14899249682182125,layer_0_ff,6.040578837852184,3.167460403187313,nested_override,37,512,4,N4,0.28961357573975066
8.88384311264522,1.5124348229381717,layer_1_sa,129.1236919214339,4.736066868601731,nested_override,37,512,0,N0,1.7212772817124704
8.888641251324646,1.4800315238947772,layer_1_sa,124.09104404119668,4.712135084113958,nested_override,37,512,2,N2,1.724137151426731
9.687220104308658,1.5197357441181232,layer_1_sa,122.0223006567542,4.625345742601676,nested_override,37,512,4,N2,1.7247985405506645
10.096095568397152,1.4796666725906824,layer_1_sa,125.91240549389025,4.676384837734959,nested_override,37,512,2,N3,1.7139827782109083
11.046931557608765,1.524989411303368,layer_1_sa,124.72277783229184,4.572141738350454,nested_override,37,512,4,N3,1.7420565139320234
10.44705712094005,1.4987848379271607,layer_1_sa,122.37743955384286,4.6120370354866385,nested_override,37,512,2,N4,1.7069108332023304
10.491250041477302,1.524923915753018,layer_1_sa,122.46296580679467,4.508696459314685,nested_override,37,512,4,N4,1.7228221167857072
10.17736261439592,1.411669509644832,layer_1_ff,147.89475799607237,4.527074290704764,nested_override,37,512,0,N0,1.5852463949677835
9.971618946011606,1.37979442350413,layer_1_ff,141.80864362475052,4.50405668873689,nested_override,37,512,2,N2,1.581192017021697
10.741055398802246,1.4013953950728628,layer_1_ff,139.59146857648614,4.425793373962127,nested_override,37,512,4,N2,1.5693915772585658
11.45385336547265,1.36726639332606,layer_1_ff,144.50527585634117,4.451029199897597,nested_override,37,512,2,N3,1.5578698541117992
12.391811671401776,1.4021177118976924,layer_1_ff,143.32142404246926,4.362241985868798,nested_override,37,512,4,N3,1.5740286677982507
11.835509292380273,1.393615116274896,layer_1_ff,140.7538195433296,4.407705790469283,nested_override,37,512,2,N4,1.5626137056507985
11.6204745424897,1.397879457034073,layer_1_ff,140.79937150591468,4.329890140359502,nested_override,37,512,4,N4,1.5643072135976714
8.102717343067063,1.9062395292240835,layer_2_sa,165.3615723437492,6.15610891782756,nested_override,37,512,0,N0,2.1038326761043415
7.928256351274234,1.8851326256699346,layer_2_sa,160.21324882663458,6.233646669520076,nested_override,37,512,2,N2,2.0861460831738485
8.201452620082707,1.8463582532553735,layer_2_sa,155.82819580271553,6.182043172755329,nested_override,37,512,4,N2,2.0676560576888696
8.839607765435325,1.845629544507342,layer_2_sa,161.615093031543,6.14168914855581,nested_override,37,512,2,N3,2.0694972295512306
9.757638877642352,1.8901216656643034,layer_2_sa,159.14331725595355,6.067673262497548,nested_override,37,512,4,N3,2.102143990600169
9.005814117497849,1.8466547026178577,layer_2_sa,156.82426045704563,6.164119071362901,nested_override,37,512,2,N4,2.0716683223419787
8.91565717424446,1.8138243195430106,layer_2_sa,155.76634135496738,6.040607192697328,nested_override,37,512,4,N4,2.073017868889417
9.203832112403274,1.7869552609148718,layer_2_ff,209.24325748359448,5.692763009735165,nested_override,37,512,0,N0,1.9426865891690275
8.938040443260151,1.8193120537654728,layer_2_ff,202.68010223204436,5.754293866680315,nested_override,37,512,2,N2,1.9692103056856456
8.946919126803932,1.7645304704978628,layer_2_ff,197.21731119762632,5.749558632090788,nested_override,37,512,4,N2,1.9435382325527382
10.099155931454927,1.7467655939509474,layer_2_ff,206.3720692222461,5.641997505431707,nested_override,37,512,2,N3,1.9346328771369015
10.883505589103144,1.8186890075793374,layer_2_ff,203.29994930585687,5.61680688113259,nested_override,37,512,4,N3,1.974947505480099
10.037823830499637,1.7327442352742122,layer_2_ff,199.75849714790542,5.661020142585472,nested_override,37,512,2,N4,1.9236574656954728
9.808161632352512,1.7212768947992778,layer_2_ff,198.7847419485474,5.5962876524220135,nested_override,37,512,4,N4,1.9248845745214327
9.16720352703549,1.9706554471257025,layer_3_sa,276.1529423317687,5.355220968860652,nested_override,37,512,0,N0,2.001271206841501
8.809632713966582,1.9657303181432726,layer_3_sa,267.5049217284885,5.394983572392132,nested_override,37,512,2,N2,2.0126024311811577
9.568108776974466,1.9570304147616777,layer_3_sa,262.08890647058155,5.350300060695679,nested_override,37,512,4,N2,2.004362128905833
9.492274699393343,1.9735654182130715,layer_3_sa,269.3770696602575,5.394177928434951,nested_override,37,512,2,N3,2.0115963528761034
10.635490469860994,1.9875651346626735,layer_3_sa,268.33505376482975,5.289467339448045,nested_override,37,512,4,N3,2.0235113681335255
9.871458407836013,1.9623086279473276,layer_3_sa,261.1328424029075,5.321198637354812,nested_override,37,512,2,N4,2.0193206343209114
9.571314360657768,1.9464142165755645,layer_3_sa,261.2221551776415,5.361935182475848,nested_override,37,512,4,N4,2.009607953342069
9.686456325672685,1.9613166475167212,layer_3_ff,295.74487518970284,4.892501870414048,nested_override,37,512,0,N0,1.9770136982131752
9.355889815505366,1.948458541182845,layer_3_ff,286.3898801416377,4.905880981360435,nested_override,37,512,2,N2,1.9764470551288724
10.158062770938958,1.9543852768284093,layer_3_ff,280.8410975550639,4.851144759175754,nested_override,37,512,4,N2,1.9724235051266374
10.127311423336781,1.9604363765526143,layer_3_ff,288.5128895426864,4.918018876592953,nested_override,37,512,2,N3,1.981409051371966
11.31183863038382,1.9670178600369073,layer_3_ff,287.17871067802895,4.8013226646524565,nested_override,37,512,4,N3,1.978484978727114
10.541121977144611,1.9343597398334398,layer_3_ff,279.8734060521439,4.840582483968671,nested_override,37,512,2,N4,1.9762512070496003
10.27154399222528,1.9282349320605174,layer_3_ff,279.9100442253397,4.873102473771746,nested_override,37,512,4,N4,1.9698462152363765
0.0,8.881784197001252e-16,embedding,2.3301960627803927e-06,3.0590503980933286,nested_short,37,128,0,N0,7.445377236958706e-08
0.0,5.551115123125783e-16,embedding,2.3301960627803927e-06,3.0590503980933286,nested_short,37,128,2,N2,7.435151849755073e-08
0.0,1.4432899320127035e-15,embedding,2.3301960627803927e-06,3.0590503980933286,nested_short,37,128,4,N2,7.455602646366799e-08
0.0,8.881784197001252e-16,embedding,2.3301960627803927e-06,3.0590503980933286,nested_short,37,128,2,N3,7.445377236958706e-08
0.0,8.881784197001252e-16,embedding,2.3301960627803927e-06,3.0590503980933286,nested_short,37,128,4,N3,7.445377236958706e-08
0.0,8.881784197001252e-16,embedding,2.3301960627803927e-06,3.0590503980933286,nested_short,37,128,2,N4,7.445377236958706e-08
0.0,1.4432899320127035e-15,embedding,2.3301960627803927e-06,3.0590503980933286,nested_short,37,128,4,N4,7.455602646366799e-08
3.2163100754747598,0.37564015133928264,layer_0_sa,6.849984983587751,2.5920751690226984,nested_short,37,128,0,N0,0.583582685029203
1.2804070067587994,0.29224463393767053,layer_0_sa,5.973489156896598,3.272827492671167,nested_short,37,128,2,N2,0.5850372505348438
0.9560879035076139,0.26318908154893905,layer_0_sa,5.6391745736216,3.169842390310471,nested_short,37,128,4,N2,0.6287498943243093
1.2972065021907242,0.3724281893337251,layer_0_sa,6.857539344390954,3.096408428617571,nested_short,37,128,2,N3,0.6974901521479584
1.0765158631041205,0.2582680458185205,layer_0_sa,5.8917530768268875,2.8992973885072715,nested_short,37,128,4,N3,0.6303323972343704
1.5216700757355264,0.31790179052456224,layer_0_sa,5.961329046081422,2.839309593784013,nested_short,37,128,2,N4,0.5941591517855542
0.8080339127656275,0.27942055976215774,layer_0_sa,5.806525912215415,3.280403417880519,nested_short,37,128,4,N4,0.5846911077625156
2.820273213550897,0.375128308078452,layer_0_ff,7.449235409121905,2.7947945589228618,nested_short,37,128,0,N0,0.5283612455295357
1.0227802984930379,0.2630920998669144,layer_0_ff,6.860487385373254,3.5591743028460856,nested_short,37,128,2,N2,0.4865307846153657
0.7794856859664644,0.24374713863714548,layer_0_ff,6.476956664373456,3.5698210994960675,nested_short,37,128,4,N2,0.5156241703107924
1.0146360128096958,0.32601780861327634,layer_0_ff,8.096425268314212,3.409910802366303,nested_short,37,128,2,N3,0.5595138641339696
0.8496690646479884,0.23264806551786066,layer_0_ff,6.740753800204079,3.233891408973109,nested_short,37,128,4,N3,0.5232774930698127
1.1269546621708324,0.3044152791539785,layer_0_ff,7.076271498648178,3.1078151386873394,nested_short,37,128,2,N4,0.5471640544371392
0.5308636831319814,0.23452264227035702,layer_0_ff,7.566993023732657,3.105002914733149,nested_short,37,128,4,N4,0.5442306173124494
7.445614430588757,1.4377442028006924,layer_1_sa,128.22722916043423,4.576797979694777,nested_short,37,128,0,N0,1.8323508196553266
5.721271244823509,1.3884956223966916,layer_1_sa,123.17570537427358,4.452021247869499,nested_short,37,128,2,N2,1.7924543126649035
6.224274361642291,1.359670976838004,layer_1_sa,124.53093158630821,4.207735052599488,nested_short,37,128,4,N2,1.8327671315625014
6.590504796767361,1.4532574676289247,layer_1_sa,130.12197303878466,4.5109816511681595,nested_short,37,128,2,N3,1.9117547441718727
5.7669129634353355,1.3277674769696108,layer_1_sa,126.74593412936399,4.383820716255958,nested_short,37,128,4,N3,1.8203065418528674
6.781592488309269,1.4341533029492362,layer_1_sa,130.32867279965387,4.2764353795351315,nested_short,37,128,2,N4,1.8616415337899679
5.898974282296303,1.4541534998550634,layer_1_sa,125.38597912158863,4.4307177491880045,nested_short,37,128,4,N4,1.8357904596807244
8.242434564669423,1.4407782036618355,layer_1_ff,157.68864572036583,4.180397197872151,nested_short,37,128,0,N0,1.7772945069648727
6.775969776357003,1.3563888589356128,layer_1_ff,152.82589651588074,3.9966024402925027,nested_short,37,128,2,N2,1.7345631990763204
7.199532653961822,1.3286050318320495,layer_1_ff,151.63336218751843,3.85856631824258,nested_short,37,128,4,N2,1.7514731473881056
7.506490204026299,1.4120484319585729,layer_1_ff,156.84737676760932,4.1584307361734,nested_short,37,128,2,N3,1.8415187887323503
6.684020801633818,1.2973631778656678,layer_1_ff,154.40521025914757,3.984780994998424,nested_short,37,128,4,N3,1.7519244457515275
7.867611075090086,1.3961531588170941,layer_1_ff,159.7433849355747,3.9066163150261457,nested_short,37,128,2,N4,1.787769176967057
6.934992025012381,1.5041462438474826,layer_1_ff,151.76959686401483,4.073461814133046,nested_short,37,128,4,N4,1.8268970203526926
5.567623874440632,1.4959668439062856,layer_2_sa,165.5772403092505,5.146077226068934,nested_short,37,128,0,N0,1.6986394377937826
4.657635002060605,1.5078259791991895,layer_2_sa,159.61456036011649,5.184394578571156,nested_short,37,128,2,N2,1.7929311460807424
4.924347269418279,1.5713917640051114,layer_2_sa,156.3860406230826,5.103267965685411,nested_short,37,128,4,N2,1.778654167299055
5.293605257003914,1.5355146353799207,layer_2_sa,162.90425085692235,5.2186045854211,nested_short,37,128,2,N3,1.754858903102663
4.7364703782612345,1.5363022412330438,layer_2_sa,158.4267680234228,5.205325647299619,nested_short,37,128,4,N3,1.8010342879464294
5.464808436355461,1.568090015805434,layer_2_sa,164.1299170754681,5.050963006460674,nested_short,37,128,2,N4,1.780264772145883
4.830966136986196,1.5416413581238242,layer_2_sa,157.76336830250503,5.237679381805315,nested_short,37,128,4,N4,1.808576589201627
5.980959669534947,1.5495745277395798,layer_2_ff,206.81806179616567,4.885311652314057,nested_short,37,128,0,N0,1.7720613280166853
5.040553615244195,1.5179643256692577,layer_2_ff,199.34880530243868,4.790346924772025,nested_short,37,128,2,N2,1.796791467676556
5.372359525389791,1.5811664824553997,layer_2_ff,194.11367628503598,4.737400477501606,nested_short,37,128,4,N2,1.7777856360905329
5.82483616836163,1.622712062105428,layer_2_ff,202.5200096538062,4.858371248695784,nested_short,37,128,2,N3,1.817558039518937
5.207007247955431,1.5800905718672311,layer_2_ff,197.91373976339494,4.768574819708353,nested_short,37,128,4,N3,1.8224147013310708
5.930030067960871,1.5798015065996749,layer_2_ff,207.50587981502446,4.621328715135318,nested_short,37,128,2,N4,1.8165286710636486
5.566783318946407,1.5706889648202491,layer_2_ff,195.02175178024277,4.7704299591818895,nested_short,37,128,4,N4,1.7959202291319492
7.283661113288321,1.8881507176819623,layer_3_sa,268.79650051340224,5.170451884422504,nested_short,37,128,0,N0,1.944209150674979
7.1759747706870005,1.8742968360645802,layer_3_sa,264.63324906461247,5.144168481481204,nested_short,37,128,2,N2,1.9820427523234807
7.012234937837617,1.934470778364912,layer_3_sa,255.04536279509702,4.9865699040397296,nested_short,37,128,4,N2,2.015192089780258
7.252488611437079,1.9020625631449917,layer_3_sa,269.1377016788612,5.146280505437217,nested_short,37,128,2,N3,2.0116023602812447
7.272892103851962,1.9169721255318444,layer_3_sa,255.41542594751064,5.126632390747369,nested_short,37,128,4,N3,1.966139015622136
8.21400764695913,1.8689100139323775,layer_3_sa,265.3864065842551,4.943382630525592,nested_short,37,128,2,N4,1.9258416251145838
8.200320254801102,1.9133921106683551,layer_3_sa,268.38995956148756,5.021113124436932,nested_short,37,128,4,N4,1.9693025016180439
7.329589714932539,1.9103419822878789,layer_3_ff,277.45614773721127,5.0279518139048065,nested_short,37,128,0,N0,1.9537143636423
7.039708801768576,1.8706910919628035,layer_3_ff,274.3834841520792,4.950863619098432,nested_short,37,128,2,N2,1.9469060075915339
7.095604906027222,1.8960839324098835,layer_3_ff,263.1774068298324,4.726056391204422,nested_short,37,128,4,N2,1.9503669664931436
7.1044763250535885,1.8345677287795705,layer_3_ff,277.7605775157196,4.9755924236864555,nested_short,37,128,2,N3,1.941433532843397
7.311011534650236,1.9250799913270933,layer_3_ff,264.7948507762861,4.888743055605355,nested_short,37,128,4,N3,1.9595168477525617
8.223047854050808,1.920185104167694,layer_3_ff,276.24013120297974,4.747486118124911,nested_short,37,128,2,N4,1.9496111293766965
8.408005124553686,1.9294726001900684,layer_3_ff,276.21530425213894,4.821804762752371,nested_short,37,128,4,N4,1.970597343317472
0.0,2.475797344914099e-14,embedding,2.3301960627803927e-06,3.0590503980933286,nested_override_control,37,48,0,N6,7.479461860970815e-08
63525987.088781625,0.5354014334443962,layer_0_sa,6.52168714010089,1.8098952758324125,nested_override_control,37,48,0,N6,0.5354014485983731
7341745691.30878,0.4612299749862765,layer_0_ff,7.341745634753442,1.856442783924712,nested_override_control,37,48,0,N6,0.46122998253295244
121743630413.50134,1.7052541778568675,layer_1_sa,121.74363037667484,4.158959969574767,nested_override_control,37,48,0,N6,1.7052541797553524
770706841.8573287,1.5547007699060904,layer_1_ff,135.61870747351392,4.151432244847383,nested_override_control,37,48,0,N6,1.5547007629810352
1795633713.3197536,2.223921044380838,layer_2_sa,164.49877239068041,5.209190790763329,nested_override_control,37,48,0,N6,2.2239210490607313
217769130321.37872,2.0289733478566174,layer_2_ff,217.769130288974,4.867145272386505,nested_override_control,37,48,0,N6,2.028973357855138
1646663189.2468853,2.041026673848741,layer_3_sa,284.9918872474624,4.806710011557751,nested_override_control,37,48,0,N6,2.0410266732631035
2903238382.2436094,1.9984286911670555,layer_3_ff,309.0492277714393,4.439550642707807,nested_override_control,37,48,0,N6,1.9984286911907667
