answer_logprob,answer_token_accuracy,budget_chunks,budget_tokens,budget_violation,complete_evidence,condition,dataset,end_to_end_time_ns,evidence_recall,example_id,identity_id,materialization_time_ns,materialized_kv_bytes,materialized_tokens,peak_device_bytes,pid,selection_time_ns
-0.16414254903793335,0.9166666865348816,2,64,0,0.0,base_topk,hotpotqa,6382815727,0.16666666666666666,hotpotqa-5a77309d55429972597f1487,5a77309d55429972597f1487,2365279792,7340032,64,3182764032,90313,26952
-0.16414254903793335,0.9166666865348816,2,64,0,0.0,budget_tuned_topk,hotpotqa,6382815727,0.16666666666666666,hotpotqa-5a77309d55429972597f1487,5a77309d55429972597f1487,2365279792,7340032,64,3182764032,90313,101847
-0.16414254903793335,0.9166666865348816,2,64,0,0.0,power_sharpen,hotpotqa,6382815727,0.16666666666666666,hotpotqa-5a77309d55429972597f1487,5a77309d55429972597f1487,2365279792,7340032,64,3182764032,90313,118422
-0.16414254903793335,0.9166666865348816,2,64,0,0.0,entropy_adaptive_sharpen,hotpotqa,6382815727,0.16666666666666666,hotpotqa-5a77309d55429972597f1487,5a77309d55429972597f1487,2365279792,7340032,64,3182764032,90313,160754
-0.326236367225647,0.9166666865348816,2,64,0,0.0,persistence,hotpotqa,2763777461,0.0,hotpotqa-5a77309d55429972597f1487,5a77309d55429972597f1487,575484013,7340032,64,3182772224,90313,26792
-0.45654141902923584,0.9166666865348816,2,64,0,0.0,agreement,hotpotqa,2655451477,0.0,hotpotqa-5a77309d55429972597f1487,5a77309d55429972597f1487,476133541,7340032,64,3182772224,90313,61112
-0.377755343914032,0.9166666865348816,2,64,0,0.0,community,hotpotqa,2660898116,0.16666666666666666,hotpotqa-5a77309d55429972597f1487,5a77309d55429972597f1487,477467809,7340032,64,3182772224,90313,42417
-0.28837794065475464,0.9166666865348816,2,64,0,0.0,bridge_preserving,hotpotqa,2654032640,0.3333333333333333,hotpotqa-5a77309d55429972597f1487,5a77309d55429972597f1487,475863332,7340032,64,3182772224,90313,108103
-0.326236367225647,0.9166666865348816,2,64,0,0.0,combined_structural,hotpotqa,2763777461,0.0,hotpotqa-5a77309d55429972597f1487,5a77309d55429972597f1487,575484013,7340032,64,3182772224,90313,99803
-0.28837794065475464,0.9166666865348816,2,64,0,0.0,oracle_evidence,hotpotqa,2654032640,0.3333333333333333,hotpotqa-5a77309d55429972597f1487,5a77309d55429972597f1487,475863332,7340032,64,3182772224,90313,27694
-0.36304908990859985,0.9166666865348816,4,128,0,0.0,base_topk,hotpotqa,5433871913,0.16666666666666666,hotpotqa-5a77309d55429972597f1487,5a77309d55429972597f1487,2748469833,14680064,128,3182882816,90313,15750
-0.36304908990859985,0.9166666865348816,4,128,0,0.0,budget_tuned_topk,hotpotqa,5433871913,0.16666666666666666,hotpotqa-5a77309d55429972597f1487,5a77309d55429972597f1487,2748469833,14680064,128,3182882816,90313,37213
-0.36304908990859985,0.9166666865348816,4,128,0,0.0,power_sharpen,hotpotqa,5433871913,0.16666666666666666,hotpotqa-5a77309d55429972597f1487,5a77309d55429972597f1487,2748469833,14680064,128,3182882816,90313,36010
-0.36304908990859985,0.9166666865348816,4,128,0,0.0,entropy_adaptive_sharpen,hotpotqa,5433871913,0.16666666666666666,hotpotqa-5a77309d55429972597f1487,5a77309d55429972597f1487,2748469833,14680064,128,3182882816,90313,66308
-0.23271410167217255,0.9166666865348816,4,128,0,0.0,persistence,hotpotqa,3246375609,0.3333333333333333,hotpotqa-5a77309d55429972597f1487,5a77309d55429972597f1487,946162751,14680064,128,3182882816,90313,12717
-0.3310215473175049,0.9166666865348816,4,128,0,0.0,agreement,hotpotqa,3270190913,0.0,hotpotqa-5a77309d55429972597f1487,5a77309d55429972597f1487,965207628,14680064,128,3182882816,90313,50461
-0.36304908990859985,0.9166666865348816,4,128,0,0.0,community,hotpotqa,5433871913,0.16666666666666666,hotpotqa-5a77309d55429972597f1487,5a77309d55429972597f1487,2748469833,14680064,128,3182882816,90313,56829
-0.23271410167217255,0.9166666865348816,4,128,0,0.0,bridge_preserving,hotpotqa,3246375609,0.3333333333333333,hotpotqa-5a77309d55429972597f1487,5a77309d55429972597f1487,946162751,14680064,128,3182882816,90313,44547
-0.23271410167217255,0.9166666865348816,4,128,0,0.0,combined_structural,hotpotqa,3246375609,0.3333333333333333,hotpotqa-5a77309d55429972597f1487,5a77309d55429972597f1487,946162751,14680064,128,3182882816,90313,70060
-0.92711341381073,0.9166666865348816,4,128,0,0.0,oracle_evidence,hotpotqa,3261932290,0.6666666666666666,hotpotqa-5a77309d55429972597f1487,5a77309d55429972597f1487,957248926,14680064,128,3182882816,90313,29364
-0.502669095993042,0.9166666865348816,6,192,0,0.0,base_topk,hotpotqa,5929204985,0.3333333333333333,hotpotqa-5a77309d55429972597f1487,5a77309d55429972597f1487,3122104542,22020096,192,3182993408,90313,47221
-0.502669095993042,0.9166666865348816,6,192,0,0.0,budget_tuned_topk,hotpotqa,5929204985,0.3333333333333333,hotpotqa-5a77309d55429972597f1487,5a77309d55429972597f1487,3122104542,22020096,192,3182993408,90313,44702
-0.502669095993042,0.9166666865348816,6,192,0,0.0,power_sharpen,hotpotqa,5929204985,0.3333333333333333,hotpotqa-5a77309d55429972597f1487,5a77309d55429972597f1487,3122104542,22020096,192,3182993408,90313,46708
-0.502669095993042,0.9166666865348816,6,192,0,0.0,entropy_adaptive_sharpen,hotpotqa,5929204985,0.3333333333333333,hotpotqa-5a77309d55429972597f1487,5a77309d55429972597f1487,3122104542,22020096,192,3182993408,90313,86754
-0.6867743730545044,0.9166666865348816,6,192,0,0.0,persistence,hotpotqa,3471877124,0.6666666666666666,hotpotqa-5a77309d55429972597f1487,5a77309d55429972597f1487,1055153218,22020096,192,3182993408,90313,18243
-0.4259927272796631,0.9166666865348816,6,192,0,0.0,agreement,hotpotqa,3472240361,0.3333333333333333,hotpotqa-5a77309d55429972597f1487,5a77309d55429972597f1487,1055795886,22020096,192,3182993408,90313,62559
-0.6528729796409607,0.9166666865348816,6,192,0,0.0,community,hotpotqa,3475730869,0.5,hotpotqa-5a77309d55429972597f1487,5a77309d55429972597f1487,1055880829,22020096,192,3182993408,90313,71082
-0.6528729796409607,0.9166666865348816,6,192,0,0.0,bridge_preserving,hotpotqa,3475730869,0.5,hotpotqa-5a77309d55429972597f1487,5a77309d55429972597f1487,1055880829,22020096,192,3182993408,90313,70315
-0.27423644065856934,0.9166666865348816,6,192,0,0.0,combined_structural,hotpotqa,3470644060,0.3333333333333333,hotpotqa-5a77309d55429972597f1487,5a77309d55429972597f1487,1056446387,22020096,192,3182993408,90313,64167
-0.6520634293556213,0.9166666865348816,6,192,0,1.0,oracle_evidence,hotpotqa,3467203087,1.0,hotpotqa-5a77309d55429972597f1487,5a77309d55429972597f1487,1056099439,22020096,192,3182993408,90313,81780
-6.6891584396362305,0.0,2,64,0,0.0,base_topk,hotpotqa,4078475912,0.1111111111111111,hotpotqa-5a77d3f555429967ab1052c5,5a77d3f555429967ab1052c5,479381218,7340032,64,3183108096,90313,68988
-6.6891584396362305,0.0,2,64,0,0.0,budget_tuned_topk,hotpotqa,4078475912,0.1111111111111111,hotpotqa-5a77d3f555429967ab1052c5,5a77d3f555429967ab1052c5,479381218,7340032,64,3183108096,90313,46348
-6.6891584396362305,0.0,2,64,0,0.0,power_sharpen,hotpotqa,4078475912,0.1111111111111111,hotpotqa-5a77d3f555429967ab1052c5,5a77d3f555429967ab1052c5,479381218,7340032,64,3183108096,90313,48470
-6.6891584396362305,0.0,2,64,0,0.0,entropy_adaptive_sharpen,hotpotqa,4078475912,0.1111111111111111,hotpotqa-5a77d3f555429967ab1052c5,5a77d3f555429967ab1052c5,479381218,7340032,64,3183108096,90313,91388
-1.5458629131317139,0.6666666865348816,2,64,0,0.0,persistence,hotpotqa,1729563574,0.2222222222222222,hotpotqa-5a77d3f555429967ab1052c5,5a77d3f555429967ab1052c5,569276115,7340032,64,3174764544,90313,18022
-4.085725784301758,0.3333333432674408,2,64,0,0.0,agreement,hotpotqa,1708598021,0.2222222222222222,hotpotqa-5a77d3f555429967ab1052c5,5a77d3f555429967ab1052c5,550852416,7340032,64,3174764544,90313,67960
-1.3483688831329346,0.6666666865348816,2,64,0,0.0,community,hotpotqa,1712708803,0.1111111111111111,hotpotqa-5a77d3f555429967ab1052c5,5a77d3f555429967ab1052c5,550963893,7340032,64,3174764544,90313,49782
-6.926034927368164,0.0,2,64,0,0.0,bridge_preserving,hotpotqa,1712005811,0.0,hotpotqa-5a77d3f555429967ab1052c5,5a77d3f555429967ab1052c5,550240202,7340032,64,3174764544,90313,89702
-6.926034927368164,0.0,2,64,0,0.0,combined_structural,hotpotqa,1712005811,0.0,hotpotqa-5a77d3f555429967ab1052c5,5a77d3f555429967ab1052c5,550240202,7340032,64,3174764544,90313,120276
-4.675215721130371,0.3333333432674408,2,64,0,0.0,oracle_evidence,hotpotqa,1709096523,0.2222222222222222,hotpotqa-5a77d3f555429967ab1052c5,5a77d3f555429967ab1052c5,550054930,7340032,64,3174764544,90313,41399
-1.2042347192764282,0.6666666865348816,4,128,0,0.0,base_topk,hotpotqa,2648571820,0.3333333333333333,hotpotqa-5a77d3f555429967ab1052c5,5a77d3f555429967ab1052c5,969643753,14680064,128,3174780928,90313,47648
-1.2042347192764282,0.6666666865348816,4,128,0,0.0,budget_tuned_topk,hotpotqa,2648571820,0.3333333333333333,hotpotqa-5a77d3f555429967ab1052c5,5a77d3f555429967ab1052c5,969643753,14680064,128,3174780928,90313,64059
-1.2042347192764282,0.6666666865348816,4,128,0,0.0,power_sharpen,hotpotqa,2648571820,0.3333333333333333,hotpotqa-5a77d3f555429967ab1052c5,5a77d3f555429967ab1052c5,969643753,14680064,128,3174780928,90313,71041
-1.2042347192764282,0.6666666865348816,4,128,0,0.0,entropy_adaptive_sharpen,hotpotqa,2648571820,0.3333333333333333,hotpotqa-5a77d3f555429967ab1052c5,5a77d3f555429967ab1052c5,969643753,14680064,128,3174780928,90313,129453
-1.8985795974731445,0.6666666865348816,4,128,0,0.0,persistence,hotpotqa,2259258565,0.3333333333333333,hotpotqa-5a77d3f555429967ab1052c5,5a77d3f555429967ab1052c5,976995073,14680064,128,3174780928,90313,21810
-4.391912460327148,0.3333333432674408,4,128,0,0.0,agreement,hotpotqa,2254257625,0.4444444444444444,hotpotqa-5a77d3f555429967ab1052c5,5a77d3f555429967ab1052c5,968430021,14680064,128,3174780928,90313,62520
-1.5832839012145996,0.6666666865348816,4,128,0,0.0,community,hotpotqa,2260763769,0.3333333333333333,hotpotqa-5a77d3f555429967ab1052c5,5a77d3f555429967ab1052c5,978044298,14680064,128,3174780928,90313,58862
-4.607762813568115,0.3333333432674408,4,128,0,0.0,bridge_preserving,hotpotqa,2248273570,0.2222222222222222,hotpotqa-5a77d3f555429967ab1052c5,5a77d3f555429967ab1052c5,969093933,14680064,128,3174780928,90313,77659
-1.2556588649749756,0.6666666865348816,4,128,0,0.0,combined_structural,hotpotqa,2267461162,0.1111111111111111,hotpotqa-5a77d3f555429967ab1052c5,5a77d3f555429967ab1052c5,982689502,14680064,128,3174780928,90313,105071
-0.814903974533081,0.6666666865348816,4,128,0,0.0,oracle_evidence,hotpotqa,2257312201,0.4444444444444444,hotpotqa-5a77d3f555429967ab1052c5,5a77d3f555429967ab1052c5,971203160,14680064,128,3174780928,90313,65270
-1.2852482795715332,0.6666666865348816,6,192,0,0.0,base_topk,hotpotqa,3121356896,0.5555555555555556,hotpotqa-5a77d3f555429967ab1052c5,5a77d3f555429967ab1052c5,1311194118,22020096,192,3174797312,90313,62955
-1.2852482795715332,0.6666666865348816,6,192,0,0.0,budget_tuned_topk,hotpotqa,3121356896,0.5555555555555556,hotpotqa-5a77d3f555429967ab1052c5,5a77d3f555429967ab1052c5,1311194118,22020096,192,3174797312,90313,54082
-1.2852482795715332,0.6666666865348816,6,192,0,0.0,power_sharpen,hotpotqa,3121356896,0.5555555555555556,hotpotqa-5a77d3f555429967ab1052c5,5a77d3f555429967ab1052c5,1311194118,22020096,192,3174797312,90313,46102
-1.2852482795715332,0.6666666865348816,6,192,0,0.0,entropy_adaptive_sharpen,hotpotqa,3121356896,0.5555555555555556,hotpotqa-5a77d3f555429967ab1052c5,5a77d3f555429967ab1052c5,1311194118,22020096,192,3174797312,90313,80967
-1.8524740934371948,0.6666666865348816,6,192,0,0.0,persistence,hotpotqa,2729770494,0.4444444444444444,hotpotqa-5a77d3f555429967ab1052c5,5a77d3f555429967ab1052c5,1316383916,22020096,192,3174797312,90313,15884
-2.279552698135376,0.6666666865348816,6,192,0,0.0,agreement,hotpotqa,2727703540,0.6666666666666666,hotpotqa-5a77d3f555429967ab1052c5,5a77d3f555429967ab1052c5,1312874672,22020096,192,3174797312,90313,56614
-1.2852482795715332,0.6666666865348816,6,192,0,0.0,community,hotpotqa,3121356896,0.5555555555555556,hotpotqa-5a77d3f555429967ab1052c5,5a77d3f555429967ab1052c5,1311194118,22020096,192,3174797312,90313,54905
-0.8962723016738892,0.6666666865348816,6,192,0,0.0,bridge_preserving,hotpotqa,2720214023,0.4444444444444444,hotpotqa-5a77d3f555429967ab1052c5,5a77d3f555429967ab1052c5,1312848932,22020096,192,3174797312,90313,35867
-1.7189033031463623,0.6666666865348816,6,192,0,0.0,combined_structural,hotpotqa,2736118132,0.3333333333333333,hotpotqa-5a77d3f555429967ab1052c5,5a77d3f555429967ab1052c5,1324005891,22020096,192,3174797312,90313,105634
-1.3608124256134033,0.6666666865348816,6,192,0,0.0,oracle_evidence,hotpotqa,2721972890,0.6666666666666666,hotpotqa-5a77d3f555429967ab1052c5,5a77d3f555429967ab1052c5,1313598218,22020096,192,3174797312,90313,80909
-7.700514316558838,0.5,2,64,0,0.0,base_topk,hotpotqa,4547825411,0.5,hotpotqa-5a7b681b554299042af8f767,5a7b681b554299042af8f767,552727539,7340032,64,3174912000,90313,44075
-7.700514316558838,0.5,2,64,0,0.0,budget_tuned_topk,hotpotqa,4547825411,0.5,hotpotqa-5a7b681b554299042af8f767,5a7b681b554299042af8f767,552727539,7340032,64,3174912000,90313,58074
-7.700514316558838,0.5,2,64,0,0.0,power_sharpen,hotpotqa,4547825411,0.5,hotpotqa-5a7b681b554299042af8f767,5a7b681b554299042af8f767,552727539,7340032,64,3174912000,90313,48230
-7.700514316558838,0.5,2,64,0,0.0,entropy_adaptive_sharpen,hotpotqa,4547825411,0.5,hotpotqa-5a7b681b554299042af8f767,5a7b681b554299042af8f767,552727539,7340032,64,3174912000,90313,85704
-8.466730117797852,0.0,2,64,0,0.0,persistence,hotpotqa,2610339408,0.5,hotpotqa-5a7b681b554299042af8f767,5a7b681b554299042af8f767,571626799,7340032,64,3174920192,90313,16801
-6.21604061126709,0.5,2,64,0,0.0,agreement,hotpotqa,2586622761,0.25,hotpotqa-5a7b681b554299042af8f767,5a7b681b554299042af8f767,552751059,7340032,64,3174920192,90313,65993
-7.700514316558838,0.5,2,64,0,0.0,community,hotpotqa,4547825411,0.5,hotpotqa-5a7b681b554299042af8f767,5a7b681b554299042af8f767,552727539,7340032,64,3174912000,90313,55741
-4.9123053550720215,0.5,2,64,0,0.0,bridge_preserving,hotpotqa,2588445849,0.25,hotpotqa-5a7b681b554299042af8f767,5a7b681b554299042af8f767,551574155,7340032,64,3174920192,90313,42257
-7.29432487487793,0.5,2,64,0,0.0,combined_structural,hotpotqa,2587435205,0.25,hotpotqa-5a7b681b554299042af8f767,5a7b681b554299042af8f767,551043957,7340032,64,3174920192,90313,99110
-7.700514316558838,0.5,2,64,0,0.0,oracle_evidence,hotpotqa,4547825411,0.5,hotpotqa-5a7b681b554299042af8f767,5a7b681b554299042af8f767,552727539,7340032,64,3174912000,90313,66206
-6.892739295959473,0.5,4,128,0,0.0,base_topk,hotpotqa,3544963423,0.5,hotpotqa-5a7b681b554299042af8f767,5a7b681b554299042af8f767,980198558,14680064,128,3174936576,90313,22389
-6.892739295959473,0.5,4,128,0,0.0,budget_tuned_topk,hotpotqa,3544963423,0.5,hotpotqa-5a7b681b554299042af8f767,5a7b681b554299042af8f767,980198558,14680064,128,3174936576,90313,63504
-6.892739295959473,0.5,4,128,0,0.0,power_sharpen,hotpotqa,3544963423,0.5,hotpotqa-5a7b681b554299042af8f767,5a7b681b554299042af8f767,980198558,14680064,128,3174936576,90313,69092
-6.892739295959473,0.5,4,128,0,0.0,entropy_adaptive_sharpen,hotpotqa,3544963423,0.5,hotpotqa-5a7b681b554299042af8f767,5a7b681b554299042af8f767,980198558,14680064,128,3174936576,90313,137123
-7.901994705200195,0.0,4,128,0,0.0,persistence,hotpotqa,3134474959,0.5,hotpotqa-5a7b681b554299042af8f767,5a7b681b554299042af8f767,975554338,14680064,128,3174936576,90313,21827
-7.327812671661377,0.5,4,128,0,0.0,agreement,hotpotqa,3135285516,0.5,hotpotqa-5a7b681b554299042af8f767,5a7b681b554299042af8f767,971733995,14680064,128,3174936576,90313,52258
-6.892739295959473,0.5,4,128,0,0.0,community,hotpotqa,3544963423,0.5,hotpotqa-5a7b681b554299042af8f767,5a7b681b554299042af8f767,980198558,14680064,128,3174936576,90313,76648
-6.892739295959473,0.5,4,128,0,0.0,bridge_preserving,hotpotqa,3544963423,0.5,hotpotqa-5a7b681b554299042af8f767,5a7b681b554299042af8f767,980198558,14680064,128,3174936576,90313,56759
-6.87265157699585,0.0,4,128,0,0.0,combined_structural,hotpotqa,3139388848,0.75,hotpotqa-5a7b681b554299042af8f767,5a7b681b554299042af8f767,980219779,14680064,128,3174936576,90313,90344
-5.244077682495117,0.5,4,128,0,1.0,oracle_evidence,hotpotqa,3129450118,1.0,hotpotqa-5a7b681b554299042af8f767,5a7b681b554299042af8f767,970369502,14680064,128,3174936576,90313,66548
-6.947334289550781,0.5,6,192,0,0.0,base_topk,hotpotqa,4013135428,0.75,hotpotqa-5a7b681b554299042af8f767,5a7b681b554299042af8f767,1324987964,22020096,192,3174952960,90313,47346
-6.947334289550781,0.5,6,192,0,0.0,budget_tuned_topk,hotpotqa,4013135428,0.75,hotpotqa-5a7b681b554299042af8f767,5a7b681b554299042af8f767,1324987964,22020096,192,3174952960,90313,59781
-6.947334289550781,0.5,6,192,0,0.0,power_sharpen,hotpotqa,4013135428,0.75,hotpotqa-5a7b681b554299042af8f767,5a7b681b554299042af8f767,1324987964,22020096,192,3174952960,90313,59978
-6.947334289550781,0.5,6,192,0,0.0,entropy_adaptive_sharpen,hotpotqa,4013135428,0.75,hotpotqa-5a7b681b554299042af8f767,5a7b681b554299042af8f767,1324987964,22020096,192,3174952960,90313,106922
-8.384659767150879,0.0,6,192,0,0.0,persistence,hotpotqa,3602783516,0.5,hotpotqa-5a7b681b554299042af8f767,5a7b681b554299042af8f767,1315061157,22020096,192,3174952960,90313,22547
-7.162538051605225,0.0,6,192,0,0.0,agreement,hotpotqa,3605743625,0.5,hotpotqa-5a7b681b554299042af8f767,5a7b681b554299042af8f767,1315685893,22020096,192,3174952960,90313,46216
-6.947334289550781,0.5,6,192,0,0.0,community,hotpotqa,4013135428,0.75,hotpotqa-5a7b681b554299042af8f767,5a7b681b554299042af8f767,1324987964,22020096,192,3174952960,90313,49376
-5.67875862121582,0.5,6,192,0,1.0,bridge_preserving,hotpotqa,3609653325,1.0,hotpotqa-5a7b681b554299042af8f767,5a7b681b554299042af8f767,1318181452,22020096,192,3174952960,90313,36946
-6.651162624359131,0.5,6,192,0,1.0,combined_structural,hotpotqa,3598914591,1.0,hotpotqa-5a7b681b554299042af8f767,5a7b681b554299042af8f767,1312729745,22020096,192,3174952960,90313,85546
-5.67875862121582,0.5,6,192,0,1.0,oracle_evidence,hotpotqa,3609653325,1.0,hotpotqa-5a7b681b554299042af8f767,5a7b681b554299042af8f767,1318181452,22020096,192,3174952960,90313,55257
-2.487297773361206,0.6666666865348816,2,64,0,0.0,base_topk,hotpotqa,4721005312,0.3333333333333333,hotpotqa-5a7f5f655542994857a7670b,5a7f5f655542994857a7670b,592773561,7340032,64,3175051264,90313,16837
-2.487297773361206,0.6666666865348816,2,64,0,0.0,budget_tuned_topk,hotpotqa,4721005312,0.3333333333333333,hotpotqa-5a7f5f655542994857a7670b,5a7f5f655542994857a7670b,592773561,7340032,64,3175051264,90313,40494
-2.487297773361206,0.6666666865348816,2,64,0,0.0,power_sharpen,hotpotqa,4721005312,0.3333333333333333,hotpotqa-5a7f5f655542994857a7670b,5a7f5f655542994857a7670b,592773561,7340032,64,3175051264,90313,46112
-2.487297773361206,0.6666666865348816,2,64,0,0.0,entropy_adaptive_sharpen,hotpotqa,4721005312,0.3333333333333333,hotpotqa-5a7f5f655542994857a7670b,5a7f5f655542994857a7670b,592773561,7340032,64,3175051264,90313,77363
-2.951120138168335,0.6666666865348816,2,64,0,0.0,persistence,hotpotqa,2217711055,0.16666666666666666,hotpotqa-5a7f5f655542994857a7670b,5a7f5f655542994857a7670b,549103504,7340032,64,3175051264,90313,15442
-2.8079423904418945,0.6666666865348816,2,64,0,0.0,agreement,hotpotqa,2233051954,0.16666666666666666,hotpotqa-5a7f5f655542994857a7670b,5a7f5f655542994857a7670b,562470384,7340032,64,3175051264,90313,46116
-2.8849101066589355,0.6666666865348816,2,64,0,0.0,community,hotpotqa,2215327331,0.16666666666666666,hotpotqa-5a7f5f655542994857a7670b,5a7f5f655542994857a7670b,549065585,7340032,64,3175051264,90313,70762
-3.2660880088806152,0.6666666865348816,2,64,0,0.0,bridge_preserving,hotpotqa,2216280931,0.3333333333333333,hotpotqa-5a7f5f655542994857a7670b,5a7f5f655542994857a7670b,548590848,7340032,64,3175051264,90313,75514
-2.487297773361206,0.6666666865348816,2,64,0,0.0,combined_structural,hotpotqa,4721005312,0.3333333333333333,hotpotqa-5a7f5f655542994857a7670b,5a7f5f655542994857a7670b,592773561,7340032,64,3175051264,90313,142115
-2.487297773361206,0.6666666865348816,2,64,0,0.0,oracle_evidence,hotpotqa,4721005312,0.3333333333333333,hotpotqa-5a7f5f655542994857a7670b,5a7f5f655542994857a7670b,592773561,7340032,64,3175051264,90313,43734
-2.7419955730438232,0.6666666865348816,4,128,0,0.0,base_topk,hotpotqa,3224596657,0.3333333333333333,hotpotqa-5a7f5f655542994857a7670b,5a7f5f655542994857a7670b,973147400,14680064,128,3175067648,90313,25037
-2.7419955730438232,0.6666666865348816,4,128,0,0.0,budget_tuned_topk,hotpotqa,3224596657,0.3333333333333333,hotpotqa-5a7f5f655542994857a7670b,5a7f5f655542994857a7670b,973147400,14680064,128,3175067648,90313,63217
-2.7419955730438232,0.6666666865348816,4,128,0,0.0,power_sharpen,hotpotqa,3224596657,0.3333333333333333,hotpotqa-5a7f5f655542994857a7670b,5a7f5f655542994857a7670b,973147400,14680064,128,3175067648,90313,70102
-2.7419955730438232,0.6666666865348816,4,128,0,0.0,entropy_adaptive_sharpen,hotpotqa,3224596657,0.3333333333333333,hotpotqa-5a7f5f655542994857a7670b,5a7f5f655542994857a7670b,973147400,14680064,128,3175067648,90313,133724
-2.690345287322998,0.6666666865348816,4,128,0,0.0,persistence,hotpotqa,2696882085,0.5,hotpotqa-5a7f5f655542994857a7670b,5a7f5f655542994857a7670b,977355735,14680064,128,3175067648,90313,28179
-3.339521884918213,0.6666666865348816,4,128,0,0.0,agreement,hotpotqa,2685062858,0.3333333333333333,hotpotqa-5a7f5f655542994857a7670b,5a7f5f655542994857a7670b,970923653,14680064,128,3175067648,90313,64551
-2.7419955730438232,0.6666666865348816,4,128,0,0.0,community,hotpotqa,3224596657,0.3333333333333333,hotpotqa-5a7f5f655542994857a7670b,5a7f5f655542994857a7670b,973147400,14680064,128,3175067648,90313,72494
-2.67319393157959,0.6666666865348816,4,128,0,0.0,bridge_preserving,hotpotqa,2698742269,0.5,hotpotqa-5a7f5f655542994857a7670b,5a7f5f655542994857a7670b,978536224,14680064,128,3175067648,90313,55180
-2.690345287322998,0.6666666865348816,4,128,0,0.0,combined_structural,hotpotqa,2696882085,0.5,hotpotqa-5a7f5f655542994857a7670b,5a7f5f655542994857a7670b,977355735,14680064,128,3175067648,90313,120289
-3.066514015197754,0.6666666865348816,4,128,0,0.0,oracle_evidence,hotpotqa,2688772259,0.6666666666666666,hotpotqa-5a7f5f655542994857a7670b,5a7f5f655542994857a7670b,971619699,14680064,128,3175067648,90313,36250
-2.9553821086883545,0.6666666865348816,6,192,0,0.0,base_topk,hotpotqa,3613858176,0.3333333333333333,hotpotqa-5a7f5f655542994857a7670b,5a7f5f655542994857a7670b,1308014527,22020096,192,3175084032,90313,45491
-2.9553821086883545,0.6666666865348816,6,192,0,0.0,budget_tuned_topk,hotpotqa,3613858176,0.3333333333333333,hotpotqa-5a7f5f655542994857a7670b,5a7f5f655542994857a7670b,1308014527,22020096,192,3175084032,90313,64759
-2.9553821086883545,0.6666666865348816,6,192,0,0.0,power_sharpen,hotpotqa,3613858176,0.3333333333333333,hotpotqa-5a7f5f655542994857a7670b,5a7f5f655542994857a7670b,1308014527,22020096,192,3175084032,90313,87185
-2.9553821086883545,0.6666666865348816,6,192,0,0.0,entropy_adaptive_sharpen,hotpotqa,3613858176,0.3333333333333333,hotpotqa-5a7f5f655542994857a7670b,5a7f5f655542994857a7670b,1308014527,22020096,192,3175084032,90313,104267
-3.1362924575805664,0.6666666865348816,6,192,0,0.0,persistence,hotpotqa,3088550442,0.5,hotpotqa-5a7f5f655542994857a7670b,5a7f5f655542994857a7670b,1318426847,22020096,192,3175084032,90313,22643
-3.322359800338745,0.6666666865348816,6,192,0,0.0,agreement,hotpotqa,3078345475,0.5,hotpotqa-5a7f5f655542994857a7670b,5a7f5f655542994857a7670b,1311658136,22020096,192,3175084032,90313,77127
-2.9553821086883545,0.6666666865348816,6,192,0,0.0,community,hotpotqa,3613858176,0.3333333333333333,hotpotqa-5a7f5f655542994857a7670b,5a7f5f655542994857a7670b,1308014527,22020096,192,3175084032,90313,57986
-2.9931116104125977,0.6666666865348816,6,192,0,0.0,bridge_preserving,hotpotqa,3085180027,0.5,hotpotqa-5a7f5f655542994857a7670b,5a7f5f655542994857a7670b,1317022421,22020096,192,3175084032,90313,44474
-3.0190114974975586,0.6666666865348816,6,192,0,0.0,combined_structural,hotpotqa,3068807087,0.5,hotpotqa-5a7f5f655542994857a7670b,5a7f5f655542994857a7670b,1300460513,22020096,192,3175084032,90313,87638
-3.4115614891052246,0.6666666865348816,6,192,0,1.0,oracle_evidence,hotpotqa,3085835202,1.0,hotpotqa-5a7f5f655542994857a7670b,5a7f5f655542994857a7670b,1318382423,22020096,192,3175084032,90313,80535
-6.500945568084717,0.0,2,64,0,0.0,base_topk,hotpotqa,4679483289,0.3333333333333333,hotpotqa-5a87aa135542996e4f3088b8,5a87aa135542996e4f3088b8,548167042,7340032,64,3175305216,90313,41058
-6.500945568084717,0.0,2,64,0,0.0,budget_tuned_topk,hotpotqa,4679483289,0.3333333333333333,hotpotqa-5a87aa135542996e4f3088b8,5a87aa135542996e4f3088b8,548167042,7340032,64,3175305216,90313,48776
-6.500945568084717,0.0,2,64,0,0.0,power_sharpen,hotpotqa,4679483289,0.3333333333333333,hotpotqa-5a87aa135542996e4f3088b8,5a87aa135542996e4f3088b8,548167042,7340032,64,3175305216,90313,51917
-6.500945568084717,0.0,2,64,0,0.0,entropy_adaptive_sharpen,hotpotqa,4679483289,0.3333333333333333,hotpotqa-5a87aa135542996e4f3088b8,5a87aa135542996e4f3088b8,548167042,7340032,64,3175305216,90313,109534
-5.636197090148926,0.0,2,64,0,0.0,persistence,hotpotqa,1958752607,0.3333333333333333,hotpotqa-5a87aa135542996e4f3088b8,5a87aa135542996e4f3088b8,570865208,7340032,64,3175313408,90313,18116
-6.500945568084717,0.0,2,64,0,0.0,agreement,hotpotqa,4679483289,0.3333333333333333,hotpotqa-5a87aa135542996e4f3088b8,5a87aa135542996e4f3088b8,548167042,7340032,64,3175305216,90313,65769
-6.500945568084717,0.0,2,64,0,0.0,community,hotpotqa,4679483289,0.3333333333333333,hotpotqa-5a87aa135542996e4f3088b8,5a87aa135542996e4f3088b8,548167042,7340032,64,3175305216,90313,29752
-6.500945568084717,0.0,2,64,0,0.0,bridge_preserving,hotpotqa,4679483289,0.3333333333333333,hotpotqa-5a87aa135542996e4f3088b8,5a87aa135542996e4f3088b8,548167042,7340032,64,3175305216,90313,50031
-5.636197090148926,0.0,2,64,0,0.0,combined_structural,hotpotqa,1958752607,0.3333333333333333,hotpotqa-5a87aa135542996e4f3088b8,5a87aa135542996e4f3088b8,570865208,7340032,64,3175313408,90313,81237
-2.077831268310547,0.0,2,64,0,0.0,oracle_evidence,hotpotqa,1942874819,0.6666666666666666,hotpotqa-5a87aa135542996e4f3088b8,5a87aa135542996e4f3088b8,552358949,7340032,64,3175313408,90313,36544
-1.763143539428711,0.0,4,128,0,0.0,base_topk,hotpotqa,2964706343,0.6666666666666666,hotpotqa-5a87aa135542996e4f3088b8,5a87aa135542996e4f3088b8,978666882,14680064,128,3175329792,90313,44072
-1.763143539428711,0.0,4,128,0,0.0,budget_tuned_topk,hotpotqa,2964706343,0.6666666666666666,hotpotqa-5a87aa135542996e4f3088b8,5a87aa135542996e4f3088b8,978666882,14680064,128,3175329792,90313,63826
-1.763143539428711,0.0,4,128,0,0.0,power_sharpen,hotpotqa,2964706343,0.6666666666666666,hotpotqa-5a87aa135542996e4f3088b8,5a87aa135542996e4f3088b8,978666882,14680064,128,3175329792,90313,69505
-1.763143539428711,0.0,4,128,0,0.0,entropy_adaptive_sharpen,hotpotqa,2964706343,0.6666666666666666,hotpotqa-5a87aa135542996e4f3088b8,5a87aa135542996e4f3088b8,978666882,14680064,128,3175329792,90313,130178
-2.0174570083618164,0.0,4,128,0,0.0,persistence,hotpotqa,2419554728,0.6666666666666666,hotpotqa-5a87aa135542996e4f3088b8,5a87aa135542996e4f3088b8,983410353,14680064,128,3175329792,90313,27740
-5.850058555603027,0.0,4,128,0,0.0,agreement,hotpotqa,2404798206,0.3333333333333333,hotpotqa-5a87aa135542996e4f3088b8,5a87aa135542996e4f3088b8,969394808,14680064,128,3175329792,90313,55294
-1.763143539428711,0.0,4,128,0,0.0,community,hotpotqa,2964706343,0.6666666666666666,hotpotqa-5a87aa135542996e4f3088b8,5a87aa135542996e4f3088b8,978666882,14680064,128,3175329792,90313,53170
-1.763143539428711,0.0,4,128,0,0.0,bridge_preserving,hotpotqa,2964706343,0.6666666666666666,hotpotqa-5a87aa135542996e4f3088b8,5a87aa135542996e4f3088b8,978666882,14680064,128,3175329792,90313,33692
-2.0174570083618164,0.0,4,128,0,0.0,combined_structural,hotpotqa,2419554728,0.6666666666666666,hotpotqa-5a87aa135542996e4f3088b8,5a87aa135542996e4f3088b8,983410353,14680064,128,3175329792,90313,58740
-3.263528347015381,0.0,4,128,0,1.0,oracle_evidence,hotpotqa,2415723179,1.0,hotpotqa-5a87aa135542996e4f3088b8,5a87aa135542996e4f3088b8,979693935,14680064,128,3175329792,90313,21614
-1.782761812210083,0.0,6,192,0,0.0,base_topk,hotpotqa,3375301364,0.6666666666666666,hotpotqa-5a87aa135542996e4f3088b8,5a87aa135542996e4f3088b8,1321731142,22020096,192,3175346176,90313,41873
-1.782761812210083,0.0,6,192,0,0.0,budget_tuned_topk,hotpotqa,3375301364,0.6666666666666666,hotpotqa-5a87aa135542996e4f3088b8,5a87aa135542996e4f3088b8,1321731142,22020096,192,3175346176,90313,52837
-1.782761812210083,0.0,6,192,0,0.0,power_sharpen,hotpotqa,3375301364,0.6666666666666666,hotpotqa-5a87aa135542996e4f3088b8,5a87aa135542996e4f3088b8,1321731142,22020096,192,3175346176,90313,57860
-1.782761812210083,0.0,6,192,0,0.0,entropy_adaptive_sharpen,hotpotqa,3375301364,0.6666666666666666,hotpotqa-5a87aa135542996e4f3088b8,5a87aa135542996e4f3088b8,1321731142,22020096,192,3175346176,90313,108037
-1.7436070442199707,0.0,6,192,0,0.0,persistence,hotpotqa,2802896782,0.6666666666666666,hotpotqa-5a87aa135542996e4f3088b8,5a87aa135542996e4f3088b8,1313744021,22020096,192,3175346176,90313,22889
-6.478618621826172,0.0,6,192,0,0.0,agreement,hotpotqa,2790897288,0.3333333333333333,hotpotqa-5a87aa135542996e4f3088b8,5a87aa135542996e4f3088b8,1302416150,22020096,192,3175346176,90313,57064
-2.270742416381836,0.0,6,192,0,0.0,community,hotpotqa,2806698581,0.6666666666666666,hotpotqa-5a87aa135542996e4f3088b8,5a87aa135542996e4f3088b8,1317298313,22020096,192,3175346176,90313,49942
-2.4154839515686035,0.0,6,192,0,1.0,bridge_preserving,hotpotqa,2812565995,1.0,hotpotqa-5a87aa135542996e4f3088b8,5a87aa135542996e4f3088b8,1319539902,22020096,192,3175346176,90313,75261
-1.782761812210083,0.0,6,192,0,0.0,combined_structural,hotpotqa,3375301364,0.6666666666666666,hotpotqa-5a87aa135542996e4f3088b8,5a87aa135542996e4f3088b8,1321731142,22020096,192,3175346176,90313,103025
-2.4154839515686035,0.0,6,192,0,1.0,oracle_evidence,hotpotqa,2812565995,1.0,hotpotqa-5a87aa135542996e4f3088b8,5a87aa135542996e4f3088b8,1319539902,22020096,192,3175346176,90313,35464
-3.769379138946533,0.0,2,64,0,0.0,base_topk,hotpotqa,4840912919,0.0,hotpotqa-5a88451655429938390d3f12,5a88451655429938390d3f12,549743683,7340032,64,3179655168,90313,20269
-3.769379138946533,0.0,2,64,0,0.0,budget_tuned_topk,hotpotqa,4840912919,0.0,hotpotqa-5a88451655429938390d3f12,5a88451655429938390d3f12,549743683,7340032,64,3179655168,90313,47897
-3.769379138946533,0.0,2,64,0,0.0,power_sharpen,hotpotqa,4840912919,0.0,hotpotqa-5a88451655429938390d3f12,5a88451655429938390d3f12,549743683,7340032,64,3179655168,90313,50488
-3.769379138946533,0.0,2,64,0,0.0,entropy_adaptive_sharpen,hotpotqa,4840912919,0.0,hotpotqa-5a88451655429938390d3f12,5a88451655429938390d3f12,549743683,7340032,64,3179655168,90313,95446
-3.1496310234069824,0.25,2,64,0,0.0,persistence,hotpotqa,2175654983,0.14285714285714285,hotpotqa-5a88451655429938390d3f12,5a88451655429938390d3f12,572936899,7340032,64,3179700224,90313,18284
-2.196627616882324,0.25,2,64,0,0.0,agreement,hotpotqa,2147144497,0.14285714285714285,hotpotqa-5a88451655429938390d3f12,5a88451655429938390d3f12,550078980,7340032,64,3179700224,90313,48197
-2.196627616882324,0.25,2,64,0,0.0,community,hotpotqa,2147144497,0.14285714285714285,hotpotqa-5a88451655429938390d3f12,5a88451655429938390d3f12,550078980,7340032,64,3179700224,90313,51889
-4.456340312957764,0.0,2,64,0,0.0,bridge_preserving,hotpotqa,2154331074,0.14285714285714285,hotpotqa-5a88451655429938390d3f12,5a88451655429938390d3f12,551931411,7340032,64,3179700224,90313,36654
-3.1496310234069824,0.25,2,64,0,0.0,combined_structural,hotpotqa,2175654983,0.14285714285714285,hotpotqa-5a88451655429938390d3f12,5a88451655429938390d3f12,572936899,7340032,64,3179700224,90313,83675
-3.2258570194244385,0.25,2,64,0,0.0,oracle_evidence,hotpotqa,2146793795,0.2857142857142857,hotpotqa-5a88451655429938390d3f12,5a88451655429938390d3f12,551871422,7340032,64,3179700224,90313,26847
-2.316009998321533,0.25,4,128,0,0.0,base_topk,hotpotqa,3163562320,0.14285714285714285,hotpotqa-5a88451655429938390d3f12,5a88451655429938390d3f12,974007338,14680064,128,3179716608,90313,64251
-2.316009998321533,0.25,4,128,0,0.0,budget_tuned_topk,hotpotqa,3163562320,0.14285714285714285,hotpotqa-5a88451655429938390d3f12,5a88451655429938390d3f12,974007338,14680064,128,3179716608,90313,43810
-2.316009998321533,0.25,4,128,0,0.0,power_sharpen,hotpotqa,3163562320,0.14285714285714285,hotpotqa-5a88451655429938390d3f12,5a88451655429938390d3f12,974007338,14680064,128,3179716608,90313,47156
-2.316009998321533,0.25,4,128,0,0.0,entropy_adaptive_sharpen,hotpotqa,3163562320,0.14285714285714285,hotpotqa-5a88451655429938390d3f12,5a88451655429938390d3f12,974007338,14680064,128,3179716608,90313,78799
-3.471869468688965,0.25,4,128,0,0.0,persistence,hotpotqa,2618920637,0.42857142857142855,hotpotqa-5a88451655429938390d3f12,5a88451655429938390d3f12,977878152,14680064,128,3179716608,90313,14973
-2.316009998321533,0.25,4,128,0,0.0,agreement,hotpotqa,3163562320,0.14285714285714285,hotpotqa-5a88451655429938390d3f12,5a88451655429938390d3f12,974007338,14680064,128,3179716608,90313,68352
-3.217205762863159,0.0,4,128,0,0.0,community,hotpotqa,2614154917,0.2857142857142857,hotpotqa-5a88451655429938390d3f12,5a88451655429938390d3f12,972230815,14680064,128,3179716608,90313,29883
-2.2551662921905518,0.25,4,128,0,0.0,bridge_preserving,hotpotqa,2620406571,0.2857142857142857,hotpotqa-5a88451655429938390d3f12,5a88451655429938390d3f12,973448207,14680064,128,3179716608,90313,55601
-3.471869468688965,0.25,4,128,0,0.0,combined_structural,hotpotqa,2618920637,0.42857142857142855,hotpotqa-5a88451655429938390d3f12,5a88451655429938390d3f12,977878152,14680064,128,3179716608,90313,87559
-3.432711601257324,0.25,4,128,0,0.0,oracle_evidence,hotpotqa,2625199692,0.5714285714285714,hotpotqa-5a88451655429938390d3f12,5a88451655429938390d3f12,981123612,14680064,128,3179716608,90313,27299
-3.2930679321289062,0.25,6,192,0,0.0,base_topk,hotpotqa,3554827882,0.42857142857142855,hotpotqa-5a88451655429938390d3f12,5a88451655429938390d3f12,1318123111,22020096,192,3179732992,90313,40699
-3.2930679321289062,0.25,6,192,0,0.0,budget_tuned_topk,hotpotqa,3554827882,0.42857142857142855,hotpotqa-5a88451655429938390d3f12,5a88451655429938390d3f12,1318123111,22020096,192,3179732992,90313,55521
-3.2930679321289062,0.25,6,192,0,0.0,power_sharpen,hotpotqa,3554827882,0.42857142857142855,hotpotqa-5a88451655429938390d3f12,5a88451655429938390d3f12,1318123111,22020096,192,3179732992,90313,56680
-3.2930679321289062,0.25,6,192,0,0.0,entropy_adaptive_sharpen,hotpotqa,3554827882,0.42857142857142855,hotpotqa-5a88451655429938390d3f12,5a88451655429938390d3f12,1318123111,22020096,192,3179732992,90313,110216
-3.629228115081787,0.25,6,192,0,0.0,persistence,hotpotqa,3009704240,0.42857142857142855,hotpotqa-5a88451655429938390d3f12,5a88451655429938390d3f12,1319674366,22020096,192,3179732992,90313,22454
-3.6231272220611572,0.25,6,192,0,0.0,agreement,hotpotqa,3006957312,0.42857142857142855,hotpotqa-5a88451655429938390d3f12,5a88451655429938390d3f12,1316816691,22020096,192,3179732992,90313,60384
-3.2930679321289062,0.25,6,192,0,0.0,community,hotpotqa,3554827882,0.42857142857142855,hotpotqa-5a88451655429938390d3f12,5a88451655429938390d3f12,1318123111,22020096,192,3179732992,90313,49512
-2.5978641510009766,0.25,6,192,0,0.0,bridge_preserving,hotpotqa,3005040616,0.42857142857142855,hotpotqa-5a88451655429938390d3f12,5a88451655429938390d3f12,1312943810,22020096,192,3179732992,90313,37211
-3.2930679321289062,0.25,6,192,0,0.0,combined_structural,hotpotqa,3554827882,0.42857142857142855,hotpotqa-5a88451655429938390d3f12,5a88451655429938390d3f12,1318123111,22020096,192,3179732992,90313,103728
-3.619697093963623,0.25,6,192,0,0.0,oracle_evidence,hotpotqa,3007114447,0.8571428571428571,hotpotqa-5a88451655429938390d3f12,5a88451655429938390d3f12,1320550157,22020096,192,3179732992,90313,35196
-1.7037971019744873,0.75,2,64,0,0.0,base_topk,hotpotqa,5596439259,0.2857142857142857,hotpotqa-5a89f90a5542992e4fca84be,5a89f90a5542992e4fca84be,552306240,7340032,64,3179831296,90313,60077
-1.7037971019744873,0.75,2,64,0,0.0,budget_tuned_topk,hotpotqa,5596439259,0.2857142857142857,hotpotqa-5a89f90a5542992e4fca84be,5a89f90a5542992e4fca84be,552306240,7340032,64,3179831296,90313,66979
-1.7037971019744873,0.75,2,64,0,0.0,power_sharpen,hotpotqa,5596439259,0.2857142857142857,hotpotqa-5a89f90a5542992e4fca84be,5a89f90a5542992e4fca84be,552306240,7340032,64,3179831296,90313,45642
-1.7037971019744873,0.75,2,64,0,0.0,entropy_adaptive_sharpen,hotpotqa,5596439259,0.2857142857142857,hotpotqa-5a89f90a5542992e4fca84be,5a89f90a5542992e4fca84be,552306240,7340032,64,3179831296,90313,80531
-4.143914222717285,0.5,2,64,0,0.0,persistence,hotpotqa,2846550526,0.2857142857142857,hotpotqa-5a89f90a5542992e4fca84be,5a89f90a5542992e4fca84be,593744170,7340032,64,3179831296,90313,15751
-3.135633707046509,0.5,2,64,0,0.0,agreement,hotpotqa,2797859409,0.14285714285714285,hotpotqa-5a89f90a5542992e4fca84be,5a89f90a5542992e4fca84be,550193966,7340032,64,3179831296,90313,58626
-1.7037971019744873,0.75,2,64,0,0.0,community,hotpotqa,5596439259,0.2857142857142857,hotpotqa-5a89f90a5542992e4fca84be,5a89f90a5542992e4fca84be,552306240,7340032,64,3179831296,90313,68618
-1.7037971019744873,0.75,2,64,0,0.0,bridge_preserving,hotpotqa,5596439259,0.2857142857142857,hotpotqa-5a89f90a5542992e4fca84be,5a89f90a5542992e4fca84be,552306240,7340032,64,3179831296,90313,53920
-3.659564971923828,0.5,2,64,0,0.0,combined_structural,hotpotqa,2804171354,0.2857142857142857,hotpotqa-5a89f90a5542992e4fca84be,5a89f90a5542992e4fca84be,550552866,7340032,64,3179831296,90313,85602
-1.7037971019744873,0.75,2,64,0,0.0,oracle_evidence,hotpotqa,5596439259,0.2857142857142857,hotpotqa-5a89f90a5542992e4fca84be,5a89f90a5542992e4fca84be,552306240,7340032,64,3179831296,90313,82807
-2.8116567134857178,0.5,4,128,0,0.0,base_topk,hotpotqa,3889006362,0.42857142857142855,hotpotqa-5a89f90a5542992e4fca84be,5a89f90a5542992e4fca84be,969961827,14680064,128,3179847680,90313,17905
-2.8116567134857178,0.5,4,128,0,0.0,budget_tuned_topk,hotpotqa,3889006362,0.42857142857142855,hotpotqa-5a89f90a5542992e4fca84be,5a89f90a5542992e4fca84be,969961827,14680064,128,3179847680,90313,48971
-2.8116567134857178,0.5,4,128,0,0.0,power_sharpen,hotpotqa,3889006362,0.42857142857142855,hotpotqa-5a89f90a5542992e4fca84be,5a89f90a5542992e4fca84be,969961827,14680064,128,3179847680,90313,52851
-2.8116567134857178,0.5,4,128,0,0.0,entropy_adaptive_sharpen,hotpotqa,3889006362,0.42857142857142855,hotpotqa-5a89f90a5542992e4fca84be,5a89f90a5542992e4fca84be,969961827,14680064,128,3179847680,90313,124351
-3.314497232437134,0.5,4,128,0,0.0,persistence,hotpotqa,3352571905,0.42857142857142855,hotpotqa-5a89f90a5542992e4fca84be,5a89f90a5542992e4fca84be,979194558,14680064,128,3179847680,90313,20250
-2.165935754776001,0.75,4,128,0,0.0,agreement,hotpotqa,3349601866,0.2857142857142857,hotpotqa-5a89f90a5542992e4fca84be,5a89f90a5542992e4fca84be,975093911,14680064,128,3179847680,90313,71732
-2.8116567134857178,0.5,4,128,0,0.0,community,hotpotqa,3889006362,0.42857142857142855,hotpotqa-5a89f90a5542992e4fca84be,5a89f90a5542992e4fca84be,969961827,14680064,128,3179847680,90313,57079
-2.8116567134857178,0.5,4,128,0,0.0,bridge_preserving,hotpotqa,3889006362,0.42857142857142855,hotpotqa-5a89f90a5542992e4fca84be,5a89f90a5542992e4fca84be,969961827,14680064,128,3179847680,90313,43650
-2.240250587463379,0.5,4,128,0,0.0,combined_structural,hotpotqa,3346897230,0.5714285714285714,hotpotqa-5a89f90a5542992e4fca84be,5a89f90a5542992e4fca84be,974991487,14680064,128,3179847680,90313,70364
-2.2037651538848877,0.75,4,128,0,0.0,oracle_evidence,hotpotqa,3364808738,0.5714285714285714,hotpotqa-5a89f90a5542992e4fca84be,5a89f90a5542992e4fca84be,982628277,14680064,128,3179847680,90313,80040
-1.8110158443450928,0.75,6,192,0,0.0,base_topk,hotpotqa,4376815390,0.7142857142857143,hotpotqa-5a89f90a5542992e4fca84be,5a89f90a5542992e4fca84be,1322138466,22020096,192,3179864064,90313,63820
-1.8110158443450928,0.75,6,192,0,0.0,budget_tuned_topk,hotpotqa,4376815390,0.7142857142857143,hotpotqa-5a89f90a5542992e4fca84be,5a89f90a5542992e4fca84be,1322138466,22020096,192,3179864064,90313,40942
-1.8110158443450928,0.75,6,192,0,0.0,power_sharpen,hotpotqa,4376815390,0.7142857142857143,hotpotqa-5a89f90a5542992e4fca84be,5a89f90a5542992e4fca84be,1322138466,22020096,192,3179864064,90313,42271
-1.8110158443450928,0.75,6,192,0,0.0,entropy_adaptive_sharpen,hotpotqa,4376815390,0.7142857142857143,hotpotqa-5a89f90a5542992e4fca84be,5a89f90a5542992e4fca84be,1322138466,22020096,192,3179864064,90313,87330
-1.8518273830413818,0.75,6,192,0,0.0,persistence,hotpotqa,3803263313,0.7142857142857143,hotpotqa-5a89f90a5542992e4fca84be,5a89f90a5542992e4fca84be,1307300279,22020096,192,3179864064,90313,16406
-2.1567554473876953,0.75,6,192,0,0.0,agreement,hotpotqa,3803445863,0.5714285714285714,hotpotqa-5a89f90a5542992e4fca84be,5a89f90a5542992e4fca84be,1313313576,22020096,192,3179864064,90313,68623
-1.3161799907684326,0.75,6,192,0,0.0,community,hotpotqa,3821214971,0.7142857142857143,hotpotqa-5a89f90a5542992e4fca84be,5a89f90a5542992e4fca84be,1325931342,22020096,192,3179864064,90313,57913
-1.3161799907684326,0.75,6,192,0,0.0,bridge_preserving,hotpotqa,3821214971,0.7142857142857143,hotpotqa-5a89f90a5542992e4fca84be,5a89f90a5542992e4fca84be,1325931342,22020096,192,3179864064,90313,82130
-1.9401965141296387,0.5,6,192,0,0.0,combined_structural,hotpotqa,3790238028,0.7142857142857143,hotpotqa-5a89f90a5542992e4fca84be,5a89f90a5542992e4fca84be,1303762688,22020096,192,3179864064,90313,59701
-1.618662714958191,0.75,6,192,0,0.0,oracle_evidence,hotpotqa,3800160711,0.8571428571428571,hotpotqa-5a89f90a5542992e4fca84be,5a89f90a5542992e4fca84be,1307086355,22020096,192,3179864064,90313,66756
-4.993342876434326,0.4000000059604645,2,64,0,1.0,base_topk,hotpotqa,5283316132,1.0,hotpotqa-5a8a3e745542996c9b8d5e70,5a8a3e745542996c9b8d5e70,549583232,7340032,64,3179978752,90313,49272
-4.993342876434326,0.4000000059604645,2,64,0,1.0,budget_tuned_topk,hotpotqa,5283316132,1.0,hotpotqa-5a8a3e745542996c9b8d5e70,5a8a3e745542996c9b8d5e70,549583232,7340032,64,3179978752,90313,54004
-4.993342876434326,0.4000000059604645,2,64,0,1.0,power_sharpen,hotpotqa,5283316132,1.0,hotpotqa-5a8a3e745542996c9b8d5e70,5a8a3e745542996c9b8d5e70,549583232,7340032,64,3179978752,90313,53978
-4.993342876434326,0.4000000059604645,2,64,0,1.0,entropy_adaptive_sharpen,hotpotqa,5283316132,1.0,hotpotqa-5a8a3e745542996c9b8d5e70,5a8a3e745542996c9b8d5e70,549583232,7340032,64,3179978752,90313,99570
-4.454125881195068,0.4000000059604645,2,64,0,0.0,persistence,hotpotqa,2547377491,0.5,hotpotqa-5a8a3e745542996c9b8d5e70,5a8a3e745542996c9b8d5e70,572969071,7340032,64,3179986944,90313,19190
-5.279733180999756,0.4000000059604645,2,64,0,0.0,agreement,hotpotqa,2521983285,0.5,hotpotqa-5a8a3e745542996c9b8d5e70,5a8a3e745542996c9b8d5e70,549325777,7340032,64,3179986944,90313,48290
-4.993342876434326,0.4000000059604645,2,64,0,1.0,community,hotpotqa,5283316132,1.0,hotpotqa-5a8a3e745542996c9b8d5e70,5a8a3e745542996c9b8d5e70,549583232,7340032,64,3179978752,90313,89887
-4.993342876434326,0.4000000059604645,2,64,0,1.0,bridge_preserving,hotpotqa,5283316132,1.0,hotpotqa-5a8a3e745542996c9b8d5e70,5a8a3e745542996c9b8d5e70,549583232,7340032,64,3179978752,90313,43756
-4.993342876434326,0.4000000059604645,2,64,0,1.0,combined_structural,hotpotqa,5283316132,1.0,hotpotqa-5a8a3e745542996c9b8d5e70,5a8a3e745542996c9b8d5e70,549583232,7340032,64,3179978752,90313,70621
-4.993342876434326,0.4000000059604645,2,64,0,1.0,oracle_evidence,hotpotqa,5283316132,1.0,hotpotqa-5a8a3e745542996c9b8d5e70,5a8a3e745542996c9b8d5e70,549583232,7340032,64,3179978752,90313,39626
-5.0212931632995605,0.4000000059604645,4,128,0,1.0,base_topk,hotpotqa,3630956127,1.0,hotpotqa-5a8a3e745542996c9b8d5e70,5a8a3e745542996c9b8d5e70,973527649,14680064,128,3180003328,90313,19167
-5.0212931632995605,0.4000000059604645,4,128,0,1.0,budget_tuned_topk,hotpotqa,3630956127,1.0,hotpotqa-5a8a3e745542996c9b8d5e70,5a8a3e745542996c9b8d5e70,973527649,14680064,128,3180003328,90313,43874
-5.0212931632995605,0.4000000059604645,4,128,0,1.0,power_sharpen,hotpotqa,3630956127,1.0,hotpotqa-5a8a3e745542996c9b8d5e70,5a8a3e745542996c9b8d5e70,973527649,14680064,128,3180003328,90313,44407
-5.0212931632995605,0.4000000059604645,4,128,0,1.0,entropy_adaptive_sharpen,hotpotqa,3630956127,1.0,hotpotqa-5a8a3e745542996c9b8d5e70,5a8a3e745542996c9b8d5e70,973527649,14680064,128,3180003328,90313,83901
-4.843621253967285,0.4000000059604645,4,128,0,1.0,persistence,hotpotqa,3062582697,1.0,hotpotqa-5a8a3e745542996c9b8d5e70,5a8a3e745542996c9b8d5e70,976225409,14680064,128,3180003328,90313,16275
-4.909984588623047,0.4000000059604645,4,128,0,0.0,agreement,hotpotqa,3057790026,0.5,hotpotqa-5a8a3e745542996c9b8d5e70,5a8a3e745542996c9b8d5e70,975118108,14680064,128,3180003328,90313,69691
-4.963441848754883,0.4000000059604645,4,128,0,1.0,community,hotpotqa,3055698006,1.0,hotpotqa-5a8a3e745542996c9b8d5e70,5a8a3e745542996c9b8d5e70,975229442,14680064,128,3180003328,90313,67636
-5.0212931632995605,0.4000000059604645,4,128,0,1.0,bridge_preserving,hotpotqa,3630956127,1.0,hotpotqa-5a8a3e745542996c9b8d5e70,5a8a3e745542996c9b8d5e70,973527649,14680064,128,3180003328,90313,75958
-5.029088497161865,0.4000000059604645,4,128,0,1.0,combined_structural,hotpotqa,3056126976,1.0,hotpotqa-5a8a3e745542996c9b8d5e70,5a8a3e745542996c9b8d5e70,978816836,14680064,128,3180003328,90313,72604
-5.0212931632995605,0.4000000059604645,4,128,0,1.0,oracle_evidence,hotpotqa,3630956127,1.0,hotpotqa-5a8a3e745542996c9b8d5e70,5a8a3e745542996c9b8d5e70,973527649,14680064,128,3180003328,90313,78295
-4.9129958152771,0.4000000059604645,6,192,0,1.0,base_topk,hotpotqa,4060475459,1.0,hotpotqa-5a8a3e745542996c9b8d5e70,5a8a3e745542996c9b8d5e70,1307239605,22020096,192,3180019712,90313,27487
-4.9129958152771,0.4000000059604645,6,192,0,1.0,budget_tuned_topk,hotpotqa,4060475459,1.0,hotpotqa-5a8a3e745542996c9b8d5e70,5a8a3e745542996c9b8d5e70,1307239605,22020096,192,3180019712,90313,64054
-4.9129958152771,0.4000000059604645,6,192,0,1.0,power_sharpen,hotpotqa,4060475459,1.0,hotpotqa-5a8a3e745542996c9b8d5e70,5a8a3e745542996c9b8d5e70,1307239605,22020096,192,3180019712,90313,90249
-4.9129958152771,0.4000000059604645,6,192,0,1.0,entropy_adaptive_sharpen,hotpotqa,4060475459,1.0,hotpotqa-5a8a3e745542996c9b8d5e70,5a8a3e745542996c9b8d5e70,1307239605,22020096,192,3180019712,90313,105418
-4.977433681488037,0.4000000059604645,6,192,0,1.0,persistence,hotpotqa,3515890982,1.0,hotpotqa-5a8a3e745542996c9b8d5e70,5a8a3e745542996c9b8d5e70,1319514340,22020096,192,3180019712,90313,20978
-4.9129958152771,0.4000000059604645,6,192,0,1.0,agreement,hotpotqa,4060475459,1.0,hotpotqa-5a8a3e745542996c9b8d5e70,5a8a3e745542996c9b8d5e70,1307239605,22020096,192,3180019712,90313,57269
-4.801168441772461,0.4000000059604645,6,192,0,1.0,community,hotpotqa,3501406931,1.0,hotpotqa-5a8a3e745542996c9b8d5e70,5a8a3e745542996c9b8d5e70,1305737761,22020096,192,3180019712,90313,24821
-4.9129958152771,0.4000000059604645,6,192,0,1.0,bridge_preserving,hotpotqa,4060475459,1.0,hotpotqa-5a8a3e745542996c9b8d5e70,5a8a3e745542996c9b8d5e70,1307239605,22020096,192,3180019712,90313,76852
-4.977433681488037,0.4000000059604645,6,192,0,1.0,combined_structural,hotpotqa,3515890982,1.0,hotpotqa-5a8a3e745542996c9b8d5e70,5a8a3e745542996c9b8d5e70,1319514340,22020096,192,3180019712,90313,70918
-4.9129958152771,0.4000000059604645,6,192,0,1.0,oracle_evidence,hotpotqa,4060475459,1.0,hotpotqa-5a8a3e745542996c9b8d5e70,5a8a3e745542996c9b8d5e70,1307239605,22020096,192,3180019712,90313,29698
-0.1974368840456009,1.0,2,64,0,0.0,base_topk,hotpotqa,3852185014,0.1111111111111111,hotpotqa-5a8c92dd554299653c1aa0c4,5a8c92dd554299653c1aa0c4,554089984,7340032,64,3180118016,90313,17829
-0.1974368840456009,1.0,2,64,0,0.0,budget_tuned_topk,hotpotqa,3852185014,0.1111111111111111,hotpotqa-5a8c92dd554299653c1aa0c4,5a8c92dd554299653c1aa0c4,554089984,7340032,64,3180118016,90313,52581
-0.1974368840456009,1.0,2,64,0,0.0,power_sharpen,hotpotqa,3852185014,0.1111111111111111,hotpotqa-5a8c92dd554299653c1aa0c4,5a8c92dd554299653c1aa0c4,554089984,7340032,64,3180118016,90313,54719
-0.1974368840456009,1.0,2,64,0,0.0,entropy_adaptive_sharpen,hotpotqa,3852185014,0.1111111111111111,hotpotqa-5a8c92dd554299653c1aa0c4,5a8c92dd554299653c1aa0c4,554089984,7340032,64,3180118016,90313,107533
-0.2609422504901886,1.0,2,64,0,0.0,persistence,hotpotqa,989371904,0.1111111111111111,hotpotqa-5a8c92dd554299653c1aa0c4,5a8c92dd554299653c1aa0c4,551492612,7340032,64,3180118016,90313,21370
-0.3065252900123596,1.0,2,64,0,0.0,agreement,hotpotqa,967547659,0.2222222222222222,hotpotqa-5a8c92dd554299653c1aa0c4,5a8c92dd554299653c1aa0c4,550812979,7340032,64,3175923712,90313,65897
-0.1974368840456009,1.0,2,64,0,0.0,community,hotpotqa,3852185014,0.1111111111111111,hotpotqa-5a8c92dd554299653c1aa0c4,5a8c92dd554299653c1aa0c4,554089984,7340032,64,3180118016,90313,59644
-1.2234951257705688,0.5,2,64,0,0.0,bridge_preserving,hotpotqa,973472263,0.0,hotpotqa-5a8c92dd554299653c1aa0c4,5a8c92dd554299653c1aa0c4,549090730,7340032,64,3175923712,90313,42591
-0.41211843490600586,1.0,2,64,0,0.0,combined_structural,hotpotqa,986683922,0.0,hotpotqa-5a8c92dd554299653c1aa0c4,5a8c92dd554299653c1aa0c4,550363168,7340032,64,3175923712,90313,107846
-0.28226250410079956,1.0,2,64,0,0.0,oracle_evidence,hotpotqa,989938799,0.2222222222222222,hotpotqa-5a8c92dd554299653c1aa0c4,5a8c92dd554299653c1aa0c4,551051057,7340032,64,3175923712,90313,54980
-0.3426719307899475,1.0,4,128,0,0.0,base_topk,hotpotqa,1998159548,0.3333333333333333,hotpotqa-5a8c92dd554299653c1aa0c4,5a8c92dd554299653c1aa0c4,980066114,14680064,128,3175940096,90313,62273
-0.3426719307899475,1.0,4,128,0,0.0,budget_tuned_topk,hotpotqa,1998159548,0.3333333333333333,hotpotqa-5a8c92dd554299653c1aa0c4,5a8c92dd554299653c1aa0c4,980066114,14680064,128,3175940096,90313,63113
-0.3426719307899475,1.0,4,128,0,0.0,power_sharpen,hotpotqa,1998159548,0.3333333333333333,hotpotqa-5a8c92dd554299653c1aa0c4,5a8c92dd554299653c1aa0c4,980066114,14680064,128,3175940096,90313,58333
-0.3426719307899475,1.0,4,128,0,0.0,entropy_adaptive_sharpen,hotpotqa,1998159548,0.3333333333333333,hotpotqa-5a8c92dd554299653c1aa0c4,5a8c92dd554299653c1aa0c4,980066114,14680064,128,3175940096,90313,111107
-0.6788457632064819,1.0,4,128,0,0.0,persistence,hotpotqa,1406452632,0.3333333333333333,hotpotqa-5a8c92dd554299653c1aa0c4,5a8c92dd554299653c1aa0c4,971263351,14680064,128,3175940096,90313,22016
-0.24689646065235138,1.0,4,128,0,0.0,agreement,hotpotqa,1423104621,0.3333333333333333,hotpotqa-5a8c92dd554299653c1aa0c4,5a8c92dd554299653c1aa0c4,971454566,14680064,128,3175940096,90313,68686
-0.3426719307899475,1.0,4,128,0,0.0,community,hotpotqa,1998159548,0.3333333333333333,hotpotqa-5a8c92dd554299653c1aa0c4,5a8c92dd554299653c1aa0c4,980066114,14680064,128,3175940096,90313,56722
-0.20878395438194275,1.0,4,128,0,0.0,bridge_preserving,hotpotqa,1406531904,0.2222222222222222,hotpotqa-5a8c92dd554299653c1aa0c4,5a8c92dd554299653c1aa0c4,974009096,14680064,128,3175940096,90313,44240
-0.414016991853714,1.0,4,128,0,0.0,combined_structural,hotpotqa,1433332252,0.1111111111111111,hotpotqa-5a8c92dd554299653c1aa0c4,5a8c92dd554299653c1aa0c4,974143683,14680064,128,3175940096,90313,103430
-0.24030254781246185,1.0,4,128,0,0.0,oracle_evidence,hotpotqa,1422730129,0.4444444444444444,hotpotqa-5a8c92dd554299653c1aa0c4,5a8c92dd554299653c1aa0c4,981408105,14680064,128,3175940096,90313,67958
-0.6276155114173889,0.5,6,192,0,0.0,base_topk,hotpotqa,2308673962,0.4444444444444444,hotpotqa-5a8c92dd554299653c1aa0c4,5a8c92dd554299653c1aa0c4,1319573245,22020096,192,3175956480,90313,65897
-0.6276155114173889,0.5,6,192,0,0.0,budget_tuned_topk,hotpotqa,2308673962,0.4444444444444444,hotpotqa-5a8c92dd554299653c1aa0c4,5a8c92dd554299653c1aa0c4,1319573245,22020096,192,3175956480,90313,46693
-0.6276155114173889,0.5,6,192,0,0.0,power_sharpen,hotpotqa,2308673962,0.4444444444444444,hotpotqa-5a8c92dd554299653c1aa0c4,5a8c92dd554299653c1aa0c4,1319573245,22020096,192,3175956480,90313,47515
-0.6276155114173889,0.5,6,192,0,0.0,entropy_adaptive_sharpen,hotpotqa,2308673962,0.4444444444444444,hotpotqa-5a8c92dd554299653c1aa0c4,5a8c92dd554299653c1aa0c4,1319573245,22020096,192,3175956480,90313,89043
-0.3173961937427521,1.0,6,192,0,0.0,persistence,hotpotqa,1745871729,0.4444444444444444,hotpotqa-5a8c92dd554299653c1aa0c4,5a8c92dd554299653c1aa0c4,1310484037,22020096,192,3175956480,90313,40641
-0.4801115095615387,0.5,6,192,0,0.0,agreement,hotpotqa,1754786530,0.5555555555555556,hotpotqa-5a8c92dd554299653c1aa0c4,5a8c92dd554299653c1aa0c4,1322936946,22020096,192,3175956480,90313,68632
-0.4801115095615387,0.5,6,192,0,0.0,community,hotpotqa,1754786530,0.5555555555555556,hotpotqa-5a8c92dd554299653c1aa0c4,5a8c92dd554299653c1aa0c4,1322936946,22020096,192,3175956480,90313,58720
-0.6276155114173889,0.5,6,192,0,0.0,bridge_preserving,hotpotqa,2308673962,0.4444444444444444,hotpotqa-5a8c92dd554299653c1aa0c4,5a8c92dd554299653c1aa0c4,1319573245,22020096,192,3175956480,90313,44560
-0.4613780379295349,1.0,6,192,0,0.0,combined_structural,hotpotqa,1743190887,0.3333333333333333,hotpotqa-5a8c92dd554299653c1aa0c4,5a8c92dd554299653c1aa0c4,1303720221,22020096,192,3175956480,90313,69524
-0.5856207609176636,1.0,6,192,0,0.0,oracle_evidence,hotpotqa,1756067139,0.6666666666666666,hotpotqa-5a8c92dd554299653c1aa0c4,5a8c92dd554299653c1aa0c4,1323364932,22020096,192,3175956480,90313,66058
-4.154586315155029,0.0,2,64,0,0.0,base_topk,hotpotqa,3888963531,0.2222222222222222,hotpotqa-5ab2b2a7554299295394681d,5ab2b2a7554299295394681d,551813759,7340032,64,3176054784,90313,50877
-4.154586315155029,0.0,2,64,0,0.0,budget_tuned_topk,hotpotqa,3888963531,0.2222222222222222,hotpotqa-5ab2b2a7554299295394681d,5ab2b2a7554299295394681d,551813759,7340032,64,3176054784,90313,83110
-4.154586315155029,0.0,2,64,0,0.0,power_sharpen,hotpotqa,3888963531,0.2222222222222222,hotpotqa-5ab2b2a7554299295394681d,5ab2b2a7554299295394681d,551813759,7340032,64,3176054784,90313,69543
-4.154586315155029,0.0,2,64,0,0.0,entropy_adaptive_sharpen,hotpotqa,3888963531,0.2222222222222222,hotpotqa-5ab2b2a7554299295394681d,5ab2b2a7554299295394681d,551813759,7340032,64,3176054784,90313,134164
-4.234292030334473,0.0,2,64,0,0.0,persistence,hotpotqa,984680526,0.2222222222222222,hotpotqa-5ab2b2a7554299295394681d,5ab2b2a7554299295394681d,550541920,7340032,64,3176054784,90313,20710
-4.207472324371338,0.0,2,64,0,0.0,agreement,hotpotqa,1001888229,0.2222222222222222,hotpotqa-5ab2b2a7554299295394681d,5ab2b2a7554299295394681d,552760590,7340032,64,3176054784,90313,55548
-4.207472324371338,0.0,2,64,0,0.0,community,hotpotqa,1001888229,0.2222222222222222,hotpotqa-5ab2b2a7554299295394681d,5ab2b2a7554299295394681d,552760590,7340032,64,3176054784,90313,55373
-4.023705005645752,0.0,2,64,0,0.0,bridge_preserving,hotpotqa,1018794951,0.2222222222222222,hotpotqa-5ab2b2a7554299295394681d,5ab2b2a7554299295394681d,550752852,7340032,64,3176054784,90313,42753
-4.234292030334473,0.0,2,64,0,0.0,combined_structural,hotpotqa,984680526,0.2222222222222222,hotpotqa-5ab2b2a7554299295394681d,5ab2b2a7554299295394681d,550541920,7340032,64,3176054784,90313,104452
-4.154586315155029,0.0,2,64,0,0.0,oracle_evidence,hotpotqa,3888963531,0.2222222222222222,hotpotqa-5ab2b2a7554299295394681d,5ab2b2a7554299295394681d,551813759,7340032,64,3176054784,90313,34788
-4.01140022277832,0.0,4,128,0,0.0,base_topk,hotpotqa,1985579409,0.4444444444444444,hotpotqa-5ab2b2a7554299295394681d,5ab2b2a7554299295394681d,972430788,14680064,128,3176071168,90313,18704
-4.01140022277832,0.0,4,128,0,0.0,budget_tuned_topk,hotpotqa,1985579409,0.4444444444444444,hotpotqa-5ab2b2a7554299295394681d,5ab2b2a7554299295394681d,972430788,14680064,128,3176071168,90313,50176
-4.01140022277832,0.0,4,128,0,0.0,power_sharpen,hotpotqa,1985579409,0.4444444444444444,hotpotqa-5ab2b2a7554299295394681d,5ab2b2a7554299295394681d,972430788,14680064,128,3176071168,90313,41656
-4.01140022277832,0.0,4,128,0,0.0,entropy_adaptive_sharpen,hotpotqa,1985579409,0.4444444444444444,hotpotqa-5ab2b2a7554299295394681d,5ab2b2a7554299295394681d,972430788,14680064,128,3176071168,90313,74992
-4.090298652648926,0.0,4,128,0,0.0,persistence,hotpotqa,1462463502,0.4444444444444444,hotpotqa-5ab2b2a7554299295394681d,5ab2b2a7554299295394681d,984697365,14680064,128,3176071168,90313,15339
-3.310960054397583,0.0,4,128,0,0.0,agreement,hotpotqa,1497275881,0.3333333333333333,hotpotqa-5ab2b2a7554299295394681d,5ab2b2a7554299295394681d,971300536,14680064,128,3176071168,90313,46847
-4.01140022277832,0.0,4,128,0,0.0,community,hotpotqa,1985579409,0.4444444444444444,hotpotqa-5ab2b2a7554299295394681d,5ab2b2a7554299295394681d,972430788,14680064,128,3176071168,90313,44725
-4.01140022277832,0.0,4,128,0,0.0,bridge_preserving,hotpotqa,1985579409,0.4444444444444444,hotpotqa-5ab2b2a7554299295394681d,5ab2b2a7554299295394681d,972430788,14680064,128,3176071168,90313,32870
-4.090298652648926,0.0,4,128,0,0.0,combined_structural,hotpotqa,1462463502,0.4444444444444444,hotpotqa-5ab2b2a7554299295394681d,5ab2b2a7554299295394681d,984697365,14680064,128,3176071168,90313,61345
-4.01140022277832,0.0,4,128,0,0.0,oracle_evidence,hotpotqa,1985579409,0.4444444444444444,hotpotqa-5ab2b2a7554299295394681d,5ab2b2a7554299295394681d,972430788,14680064,128,3176071168,90313,22057
-4.045830726623535,0.0,6,192,0,0.0,base_topk,hotpotqa,2402624587,0.6666666666666666,hotpotqa-5ab2b2a7554299295394681d,5ab2b2a7554299295394681d,1309783310,22020096,192,3176087552,90313,13241
-4.045830726623535,0.0,6,192,0,0.0,budget_tuned_topk,hotpotqa,2402624587,0.6666666666666666,hotpotqa-5ab2b2a7554299295394681d,5ab2b2a7554299295394681d,1309783310,22020096,192,3176087552,90313,46898
-4.045830726623535,0.0,6,192,0,0.0,power_sharpen,hotpotqa,2402624587,0.6666666666666666,hotpotqa-5ab2b2a7554299295394681d,5ab2b2a7554299295394681d,1309783310,22020096,192,3176087552,90313,46744
-4.045830726623535,0.0,6,192,0,0.0,entropy_adaptive_sharpen,hotpotqa,2402624587,0.6666666666666666,hotpotqa-5ab2b2a7554299295394681d,5ab2b2a7554299295394681d,1309783310,22020096,192,3176087552,90313,84165
-3.6914007663726807,0.0,6,192,0,0.0,persistence,hotpotqa,1858591233,0.5555555555555556,hotpotqa-5ab2b2a7554299295394681d,5ab2b2a7554299295394681d,1313800340,22020096,192,3176087552,90313,21283
-3.442669153213501,0.0,6,192,0,0.0,agreement,hotpotqa,1756274705,0.5555555555555556,hotpotqa-5ab2b2a7554299295394681d,5ab2b2a7554299295394681d,1323021890,22020096,192,3176087552,90313,56989
-3.442669153213501,0.0,6,192,0,0.0,community,hotpotqa,1756274705,0.5555555555555556,hotpotqa-5ab2b2a7554299295394681d,5ab2b2a7554299295394681d,1323021890,22020096,192,3176087552,90313,70577
-3.644847869873047,0.0,6,192,0,0.0,bridge_preserving,hotpotqa,1749594094,0.6666666666666666,hotpotqa-5ab2b2a7554299295394681d,5ab2b2a7554299295394681d,1308295939,22020096,192,3176087552,90313,60713
-4.039431571960449,0.0,6,192,0,0.0,combined_structural,hotpotqa,1773512197,0.6666666666666666,hotpotqa-5ab2b2a7554299295394681d,5ab2b2a7554299295394681d,1322838325,22020096,192,3176087552,90313,103808
-4.045830726623535,0.0,6,192,0,0.0,oracle_evidence,hotpotqa,2402624587,0.6666666666666666,hotpotqa-5ab2b2a7554299295394681d,5ab2b2a7554299295394681d,1309783310,22020096,192,3176087552,90313,75791
-4.568398952484131,0.6666666865348816,2,64,0,0.0,base_topk,hotpotqa,3939577323,0.2,hotpotqa-5ab5574b554299488d4d994e,5ab5574b554299488d4d994e,551016413,7340032,64,3176185856,90313,23240
-4.568398952484131,0.6666666865348816,2,64,0,0.0,budget_tuned_topk,hotpotqa,3939577323,0.2,hotpotqa-5ab5574b554299488d4d994e,5ab5574b554299488d4d994e,551016413,7340032,64,3176185856,90313,59384
-4.568398952484131,0.6666666865348816,2,64,0,0.0,power_sharpen,hotpotqa,3939577323,0.2,hotpotqa-5ab5574b554299488d4d994e,5ab5574b554299488d4d994e,551016413,7340032,64,3176185856,90313,56235
-4.568398952484131,0.6666666865348816,2,64,0,0.0,entropy_adaptive_sharpen,hotpotqa,3939577323,0.2,hotpotqa-5ab5574b554299488d4d994e,5ab5574b554299488d4d994e,551016413,7340032,64,3176185856,90313,106401
-4.698819160461426,0.3333333432674408,2,64,0,0.0,persistence,hotpotqa,1064381441,0.2,hotpotqa-5ab5574b554299488d4d994e,5ab5574b554299488d4d994e,551235822,7340032,64,3176185856,90313,20976
-5.518758773803711,0.3333333432674408,2,64,0,0.0,agreement,hotpotqa,917639085,0.0,hotpotqa-5ab5574b554299488d4d994e,5ab5574b554299488d4d994e,474674589,7340032,64,3176185856,90313,56600
-4.568398952484131,0.6666666865348816,2,64,0,0.0,community,hotpotqa,3939577323,0.2,hotpotqa-5ab5574b554299488d4d994e,5ab5574b554299488d4d994e,551016413,7340032,64,3176185856,90313,49492
-4.607100486755371,0.6666666865348816,2,64,0,0.0,bridge_preserving,hotpotqa,917723215,0.4,hotpotqa-5ab5574b554299488d4d994e,5ab5574b554299488d4d994e,459035550,7340032,64,3176185856,90313,35507
-4.607100486755371,0.6666666865348816,2,64,0,0.0,combined_structural,hotpotqa,917723215,0.4,hotpotqa-5ab5574b554299488d4d994e,5ab5574b554299488d4d994e,459035550,7340032,64,3176185856,90313,95199
-4.607100486755371,0.6666666865348816,2,64,0,0.0,oracle_evidence,hotpotqa,917723215,0.4,hotpotqa-5ab5574b554299488d4d994e,5ab5574b554299488d4d994e,459035550,7340032,64,3176185856,90313,29967
-4.564448356628418,0.6666666865348816,4,128,0,0.0,base_topk,hotpotqa,2049211917,0.4,hotpotqa-5ab5574b554299488d4d994e,5ab5574b554299488d4d994e,953846549,14680064,128,3176202240,90313,16044
-4.564448356628418,0.6666666865348816,4,128,0,0.0,budget_tuned_topk,hotpotqa,2049211917,0.4,hotpotqa-5ab5574b554299488d4d994e,5ab5574b554299488d4d994e,953846549,14680064,128,3176202240,90313,54696
-4.564448356628418,0.6666666865348816,4,128,0,0.0,power_sharpen,hotpotqa,2049211917,0.4,hotpotqa-5ab5574b554299488d4d994e,5ab5574b554299488d4d994e,953846549,14680064,128,3176202240,90313,68096
-4.564448356628418,0.6666666865348816,4,128,0,0.0,entropy_adaptive_sharpen,hotpotqa,2049211917,0.4,hotpotqa-5ab5574b554299488d4d994e,5ab5574b554299488d4d994e,953846549,14680064,128,3176202240,90313,111239
-4.267282485961914,0.6666666865348816,4,128,0,0.0,persistence,hotpotqa,1515303797,0.6,hotpotqa-5ab5574b554299488d4d994e,5ab5574b554299488d4d994e,975328562,14680064,128,3176202240,90313,22430
-5.181365013122559,0.6666666865348816,4,128,0,0.0,agreement,hotpotqa,1516906397,0.2,hotpotqa-5ab5574b554299488d4d994e,5ab5574b554299488d4d994e,976196586,14680064,128,3176202240,90313,56292
-4.564448356628418,0.6666666865348816,4,128,0,0.0,community,hotpotqa,2049211917,0.4,hotpotqa-5ab5574b554299488d4d994e,5ab5574b554299488d4d994e,953846549,14680064,128,3176202240,90313,77554
-4.564448356628418,0.6666666865348816,4,128,0,0.0,bridge_preserving,hotpotqa,2049211917,0.4,hotpotqa-5ab5574b554299488d4d994e,5ab5574b554299488d4d994e,953846549,14680064,128,3176202240,90313,42057
-4.544124126434326,0.6666666865348816,4,128,0,0.0,combined_structural,hotpotqa,1513819955,0.4,hotpotqa-5ab5574b554299488d4d994e,5ab5574b554299488d4d994e,971247650,14680064,128,3176202240,90313,70269
-4.810846328735352,0.3333333432674408,4,128,0,0.0,oracle_evidence,hotpotqa,1510198530,0.8,hotpotqa-5ab5574b554299488d4d994e,5ab5574b554299488d4d994e,969780584,14680064,128,3176202240,90313,52209
-5.206545829772949,0.6666666865348816,6,192,0,0.0,base_topk,hotpotqa,2474689012,0.6,hotpotqa-5ab5574b554299488d4d994e,5ab5574b554299488d4d994e,1325597750,22020096,192,3176218624,90313,55971
-5.206545829772949,0.6666666865348816,6,192,0,0.0,budget_tuned_topk,hotpotqa,2474689012,0.6,hotpotqa-5ab5574b554299488d4d994e,5ab5574b554299488d4d994e,1325597750,22020096,192,3176218624,90313,53500
-5.206545829772949,0.6666666865348816,6,192,0,0.0,power_sharpen,hotpotqa,2474689012,0.6,hotpotqa-5ab5574b554299488d4d994e,5ab5574b554299488d4d994e,1325597750,22020096,192,3176218624,90313,55919
-5.206545829772949,0.6666666865348816,6,192,0,0.0,entropy_adaptive_sharpen,hotpotqa,2474689012,0.6,hotpotqa-5ab5574b554299488d4d994e,5ab5574b554299488d4d994e,1325597750,22020096,192,3176218624,90313,104331
-4.582076549530029,0.6666666865348816,6,192,0,0.0,persistence,hotpotqa,1883664887,0.6,hotpotqa-5ab5574b554299488d4d994e,5ab5574b554299488d4d994e,1320111141,22020096,192,3176218624,90313,21958
-5.021834373474121,0.6666666865348816,6,192,0,0.0,agreement,hotpotqa,1883565592,0.4,hotpotqa-5ab5574b554299488d4d994e,5ab5574b554299488d4d994e,1320184605,22020096,192,3176218624,90313,57773
-5.028366565704346,0.6666666865348816,6,192,0,0.0,community,hotpotqa,1873310801,0.6,hotpotqa-5ab5574b554299488d4d994e,5ab5574b554299488d4d994e,1311962085,22020096,192,3176218624,90313,56731
-5.028366565704346,0.6666666865348816,6,192,0,0.0,bridge_preserving,hotpotqa,1873310801,0.6,hotpotqa-5ab5574b554299488d4d994e,5ab5574b554299488d4d994e,1311962085,22020096,192,3176218624,90313,92497
-4.458436012268066,0.6666666865348816,6,192,0,0.0,combined_structural,hotpotqa,1863692702,0.6,hotpotqa-5ab5574b554299488d4d994e,5ab5574b554299488d4d994e,1301683992,22020096,192,3176218624,90313,89107
-4.244574546813965,0.6666666865348816,6,192,0,1.0,oracle_evidence,hotpotqa,1869423179,1.0,hotpotqa-5ab5574b554299488d4d994e,5ab5574b554299488d4d994e,1307862574,22020096,192,3176218624,90313,97419
-6.351188659667969,0.0,2,64,0,0.0,base_topk,hotpotqa,3918335829,0.2,hotpotqa-5ab9fe1255429939ce03dc40,5ab9fe1255429939ce03dc40,551874931,7340032,64,3180511232,90313,51625
-6.351188659667969,0.0,2,64,0,0.0,budget_tuned_topk,hotpotqa,3918335829,0.2,hotpotqa-5ab9fe1255429939ce03dc40,5ab9fe1255429939ce03dc40,551874931,7340032,64,3180511232,90313,64342
-6.351188659667969,0.0,2,64,0,0.0,power_sharpen,hotpotqa,3918335829,0.2,hotpotqa-5ab9fe1255429939ce03dc40,5ab9fe1255429939ce03dc40,551874931,7340032,64,3180511232,90313,70617
-6.351188659667969,0.0,2,64,0,0.0,entropy_adaptive_sharpen,hotpotqa,3918335829,0.2,hotpotqa-5ab9fe1255429939ce03dc40,5ab9fe1255429939ce03dc40,551874931,7340032,64,3180511232,90313,128873
-6.270397663116455,0.0,2,64,0,0.0,persistence,hotpotqa,983510232,0.0,hotpotqa-5ab9fe1255429939ce03dc40,5ab9fe1255429939ce03dc40,551451603,7340032,64,3180511232,90313,27502
-5.1000590324401855,0.0,2,64,0,0.0,agreement,hotpotqa,976879763,0.2,hotpotqa-5ab9fe1255429939ce03dc40,5ab9fe1255429939ce03dc40,547805346,7340032,64,3180511232,90313,70184
-6.351188659667969,0.0,2,64,0,0.0,community,hotpotqa,3918335829,0.2,hotpotqa-5ab9fe1255429939ce03dc40,5ab9fe1255429939ce03dc40,551874931,7340032,64,3180511232,90313,56088
-6.351188659667969,0.0,2,64,0,0.0,bridge_preserving,hotpotqa,3918335829,0.2,hotpotqa-5ab9fe1255429939ce03dc40,5ab9fe1255429939ce03dc40,551874931,7340032,64,3180511232,90313,43844
-6.270397663116455,0.0,2,64,0,0.0,combined_structural,hotpotqa,983510232,0.0,hotpotqa-5ab9fe1255429939ce03dc40,5ab9fe1255429939ce03dc40,551451603,7340032,64,3180511232,90313,69431
-7.473102569580078,0.25,2,64,0,0.0,oracle_evidence,hotpotqa,986797767,0.4,hotpotqa-5ab9fe1255429939ce03dc40,5ab9fe1255429939ce03dc40,551118396,7340032,64,3180511232,90313,28727
-5.892216205596924,0.0,4,128,0,0.0,base_topk,hotpotqa,1979769717,0.2,hotpotqa-5ab9fe1255429939ce03dc40,5ab9fe1255429939ce03dc40,971070970,14680064,128,3180527616,90313,42885
-5.892216205596924,0.0,4,128,0,0.0,budget_tuned_topk,hotpotqa,1979769717,0.2,hotpotqa-5ab9fe1255429939ce03dc40,5ab9fe1255429939ce03dc40,971070970,14680064,128,3180527616,90313,56937
-5.892216205596924,0.0,4,128,0,0.0,power_sharpen,hotpotqa,1979769717,0.2,hotpotqa-5ab9fe1255429939ce03dc40,5ab9fe1255429939ce03dc40,971070970,14680064,128,3180527616,90313,58440
-5.892216205596924,0.0,4,128,0,0.0,entropy_adaptive_sharpen,hotpotqa,1979769717,0.2,hotpotqa-5ab9fe1255429939ce03dc40,5ab9fe1255429939ce03dc40,971070970,14680064,128,3180527616,90313,106639
-5.898862361907959,0.0,4,128,0,0.0,persistence,hotpotqa,1413714475,0.0,hotpotqa-5ab9fe1255429939ce03dc40,5ab9fe1255429939ce03dc40,980986703,14680064,128,3180527616,90313,22033
-5.892216205596924,0.0,4,128,0,0.0,agreement,hotpotqa,1979769717,0.2,hotpotqa-5ab9fe1255429939ce03dc40,5ab9fe1255429939ce03dc40,971070970,14680064,128,3180527616,90313,57872
-7.144063472747803,0.25,4,128,0,0.0,community,hotpotqa,1410246174,0.4,hotpotqa-5ab9fe1255429939ce03dc40,5ab9fe1255429939ce03dc40,971409055,14680064,128,3180527616,90313,24570
-5.892216205596924,0.0,4,128,0,0.0,bridge_preserving,hotpotqa,1979769717,0.2,hotpotqa-5ab9fe1255429939ce03dc40,5ab9fe1255429939ce03dc40,971070970,14680064,128,3180527616,90313,81960
-5.898862361907959,0.0,4,128,0,0.0,combined_structural,hotpotqa,1413714475,0.0,hotpotqa-5ab9fe1255429939ce03dc40,5ab9fe1255429939ce03dc40,980986703,14680064,128,3180527616,90313,76270
-1.573520302772522,0.75,4,128,0,0.0,oracle_evidence,hotpotqa,1422052858,0.8,hotpotqa-5ab9fe1255429939ce03dc40,5ab9fe1255429939ce03dc40,975425999,14680064,128,3180527616,90313,31917
-7.9488525390625,0.25,6,192,0,0.0,base_topk,hotpotqa,2373603334,0.4,hotpotqa-5ab9fe1255429939ce03dc40,5ab9fe1255429939ce03dc40,1318856690,22020096,192,3180544000,90313,47197
-7.9488525390625,0.25,6,192,0,0.0,budget_tuned_topk,hotpotqa,2373603334,0.4,hotpotqa-5ab9fe1255429939ce03dc40,5ab9fe1255429939ce03dc40,1318856690,22020096,192,3180544000,90313,39707
-7.9488525390625,0.25,6,192,0,0.0,power_sharpen,hotpotqa,2373603334,0.4,hotpotqa-5ab9fe1255429939ce03dc40,5ab9fe1255429939ce03dc40,1318856690,22020096,192,3180544000,90313,41492
-7.9488525390625,0.25,6,192,0,0.0,entropy_adaptive_sharpen,hotpotqa,2373603334,0.4,hotpotqa-5ab9fe1255429939ce03dc40,5ab9fe1255429939ce03dc40,1318856690,22020096,192,3180544000,90313,83810
-6.127486228942871,0.0,6,192,0,0.0,persistence,hotpotqa,1755955933,0.2,hotpotqa-5ab9fe1255429939ce03dc40,5ab9fe1255429939ce03dc40,1321729938,22020096,192,3180544000,90313,15380
-6.8752031326293945,0.25,6,192,0,0.0,agreement,hotpotqa,1757873234,0.6,hotpotqa-5ab9fe1255429939ce03dc40,5ab9fe1255429939ce03dc40,1317162365,22020096,192,3180544000,90313,43628
-7.9488525390625,0.25,6,192,0,0.0,community,hotpotqa,2373603334,0.4,hotpotqa-5ab9fe1255429939ce03dc40,5ab9fe1255429939ce03dc40,1318856690,22020096,192,3180544000,90313,57950
-6.098174571990967,0.0,6,192,0,0.0,bridge_preserving,hotpotqa,1774276880,0.4,hotpotqa-5ab9fe1255429939ce03dc40,5ab9fe1255429939ce03dc40,1320972005,22020096,192,3180544000,90313,43660
-6.127486228942871,0.0,6,192,0,0.0,combined_structural,hotpotqa,1755955933,0.2,hotpotqa-5ab9fe1255429939ce03dc40,5ab9fe1255429939ce03dc40,1321729938,22020096,192,3180544000,90313,103316
-1.8419872522354126,0.5,6,192,0,1.0,oracle_evidence,hotpotqa,1779111381,1.0,hotpotqa-5ab9fe1255429939ce03dc40,5ab9fe1255429939ce03dc40,1318031120,22020096,192,3180544000,90313,34072
-5.499805450439453,0.0,2,64,0,0.0,base_topk,hotpotqa,5594367573,0.25,hotpotqa-5aba7c7155429955dce3ee58,5aba7c7155429955dce3ee58,550067893,7340032,64,3180642304,90313,87259
-5.499805450439453,0.0,2,64,0,0.0,budget_tuned_topk,hotpotqa,5594367573,0.25,hotpotqa-5aba7c7155429955dce3ee58,5aba7c7155429955dce3ee58,550067893,7340032,64,3180642304,90313,52175
-5.499805450439453,0.0,2,64,0,0.0,power_sharpen,hotpotqa,5594367573,0.25,hotpotqa-5aba7c7155429955dce3ee58,5aba7c7155429955dce3ee58,550067893,7340032,64,3180642304,90313,49846
-5.499805450439453,0.0,2,64,0,0.0,entropy_adaptive_sharpen,hotpotqa,5594367573,0.25,hotpotqa-5aba7c7155429955dce3ee58,5aba7c7155429955dce3ee58,550067893,7340032,64,3180642304,90313,87689
-2.051022529602051,0.5,2,64,0,0.0,persistence,hotpotqa,2746064413,0.25,hotpotqa-5aba7c7155429955dce3ee58,5aba7c7155429955dce3ee58,617351755,7340032,64,3180642304,90313,16729
-5.315271854400635,0.0,2,64,0,0.0,agreement,hotpotqa,2677962335,0.125,hotpotqa-5aba7c7155429955dce3ee58,5aba7c7155429955dce3ee58,550602597,7340032,64,3180642304,90313,69285
-5.499805450439453,0.0,2,64,0,0.0,community,hotpotqa,5594367573,0.25,hotpotqa-5aba7c7155429955dce3ee58,5aba7c7155429955dce3ee58,550067893,7340032,64,3180642304,90313,47740
-5.007806777954102,0.25,2,64,0,0.0,bridge_preserving,hotpotqa,2675731244,0.25,hotpotqa-5aba7c7155429955dce3ee58,5aba7c7155429955dce3ee58,548530759,7340032,64,3180642304,90313,34263
-4.592772006988525,0.5,2,64,0,0.0,combined_structural,hotpotqa,2678522249,0.25,hotpotqa-5aba7c7155429955dce3ee58,5aba7c7155429955dce3ee58,551135613,7340032,64,3180642304,90313,107977
-5.499805450439453,0.0,2,64,0,0.0,oracle_evidence,hotpotqa,5594367573,0.25,hotpotqa-5aba7c7155429955dce3ee58,5aba7c7155429955dce3ee58,550067893,7340032,64,3180642304,90313,79365
-1.5739115476608276,0.75,4,128,0,0.0,base_topk,hotpotqa,3818931212,0.375,hotpotqa-5aba7c7155429955dce3ee58,5aba7c7155429955dce3ee58,977146056,14680064,128,3180658688,90313,29898
-1.5739115476608276,0.75,4,128,0,0.0,budget_tuned_topk,hotpotqa,3818931212,0.375,hotpotqa-5aba7c7155429955dce3ee58,5aba7c7155429955dce3ee58,977146056,14680064,128,3180658688,90313,41103
-1.5739115476608276,0.75,4,128,0,0.0,power_sharpen,hotpotqa,3818931212,0.375,hotpotqa-5aba7c7155429955dce3ee58,5aba7c7155429955dce3ee58,977146056,14680064,128,3180658688,90313,41512
-1.5739115476608276,0.75,4,128,0,0.0,entropy_adaptive_sharpen,hotpotqa,3818931212,0.375,hotpotqa-5aba7c7155429955dce3ee58,5aba7c7155429955dce3ee58,977146056,14680064,128,3180658688,90313,76378
-1.7355899810791016,0.5,4,128,0,0.0,persistence,hotpotqa,3233928733,0.5,hotpotqa-5aba7c7155429955dce3ee58,5aba7c7155429955dce3ee58,973381912,14680064,128,3180658688,90313,15578
-4.836395740509033,0.0,4,128,0,0.0,agreement,hotpotqa,3229044594,0.375,hotpotqa-5aba7c7155429955dce3ee58,5aba7c7155429955dce3ee58,976504308,14680064,128,3180658688,90313,57718
-1.5739115476608276,0.75,4,128,0,0.0,community,hotpotqa,3818931212,0.375,hotpotqa-5aba7c7155429955dce3ee58,5aba7c7155429955dce3ee58,977146056,14680064,128,3180658688,90313,57223
-5.0210371017456055,0.0,4,128,0,0.0,bridge_preserving,hotpotqa,3234423974,0.375,hotpotqa-5aba7c7155429955dce3ee58,5aba7c7155429955dce3ee58,973072561,14680064,128,3180658688,90313,44444
-2.126481771469116,0.5,4,128,0,0.0,combined_structural,hotpotqa,3236567360,0.5,hotpotqa-5aba7c7155429955dce3ee58,5aba7c7155429955dce3ee58,977440398,14680064,128,3180658688,90313,99907
-1.607793927192688,0.75,4,128,0,0.0,oracle_evidence,hotpotqa,3246045424,0.5,hotpotqa-5aba7c7155429955dce3ee58,5aba7c7155429955dce3ee58,986706174,14680064,128,3180658688,90313,77226
-1.248373031616211,0.75,6,192,0,0.0,base_topk,hotpotqa,4270348621,0.625,hotpotqa-5aba7c7155429955dce3ee58,5aba7c7155429955dce3ee58,1301060168,22020096,192,3180675072,90313,53837
-1.248373031616211,0.75,6,192,0,0.0,budget_tuned_topk,hotpotqa,4270348621,0.625,hotpotqa-5aba7c7155429955dce3ee58,5aba7c7155429955dce3ee58,1301060168,22020096,192,3180675072,90313,48643
-1.248373031616211,0.75,6,192,0,0.0,power_sharpen,hotpotqa,4270348621,0.625,hotpotqa-5aba7c7155429955dce3ee58,5aba7c7155429955dce3ee58,1301060168,22020096,192,3180675072,90313,50377
-1.248373031616211,0.75,6,192,0,0.0,entropy_adaptive_sharpen,hotpotqa,4270348621,0.625,hotpotqa-5aba7c7155429955dce3ee58,5aba7c7155429955dce3ee58,1301060168,22020096,192,3180675072,90313,90920
-1.7421910762786865,0.5,6,192,0,0.0,persistence,hotpotqa,3715881606,0.5,hotpotqa-5aba7c7155429955dce3ee58,5aba7c7155429955dce3ee58,1327708687,22020096,192,3180675072,90313,18701
-4.90335750579834,0.0,6,192,0,0.0,agreement,hotpotqa,3704146852,0.5,hotpotqa-5aba7c7155429955dce3ee58,5aba7c7155429955dce3ee58,1314972317,22020096,192,3180675072,90313,57602
-1.40682053565979,0.75,6,192,0,0.0,community,hotpotqa,3703598079,0.625,hotpotqa-5aba7c7155429955dce3ee58,5aba7c7155429955dce3ee58,1318613199,22020096,192,3180675072,90313,78748
-1.629819393157959,0.75,6,192,0,0.0,bridge_preserving,hotpotqa,3695741774,0.625,hotpotqa-5aba7c7155429955dce3ee58,5aba7c7155429955dce3ee58,1311577218,22020096,192,3180675072,90313,95905
-1.8064931631088257,0.5,6,192,0,0.0,combined_structural,hotpotqa,3683731729,0.75,hotpotqa-5aba7c7155429955dce3ee58,5aba7c7155429955dce3ee58,1298974010,22020096,192,3180675072,90313,131694
-1.3789918422698975,0.75,6,192,0,0.0,oracle_evidence,hotpotqa,3706585005,0.75,hotpotqa-5aba7c7155429955dce3ee58,5aba7c7155429955dce3ee58,1319188316,22020096,192,3180675072,90313,80849
-6.805794715881348,0.0,2,64,0,0.0,base_topk,hotpotqa,4940007000,0.0,hotpotqa-5abb7ff15542996cc5e4a015,5abb7ff15542996cc5e4a015,552232657,7340032,64,3180773376,90313,52784
-6.805794715881348,0.0,2,64,0,0.0,budget_tuned_topk,hotpotqa,4940007000,0.0,hotpotqa-5abb7ff15542996cc5e4a015,5abb7ff15542996cc5e4a015,552232657,7340032,64,3180773376,90313,43529
-6.805794715881348,0.0,2,64,0,0.0,power_sharpen,hotpotqa,4940007000,0.0,hotpotqa-5abb7ff15542996cc5e4a015,5abb7ff15542996cc5e4a015,552232657,7340032,64,3180773376,90313,40392
-6.805794715881348,0.0,2,64,0,0.0,entropy_adaptive_sharpen,hotpotqa,4940007000,0.0,hotpotqa-5abb7ff15542996cc5e4a015,5abb7ff15542996cc5e4a015,552232657,7340032,64,3180773376,90313,133193
-8.013063430786133,0.0,2,64,0,0.0,persistence,hotpotqa,2054542042,0.0,hotpotqa-5abb7ff15542996cc5e4a015,5abb7ff15542996cc5e4a015,591444659,7340032,64,3176579072,90313,19903
-7.77687406539917,0.0,2,64,0,0.0,agreement,hotpotqa,2054850198,0.0,hotpotqa-5abb7ff15542996cc5e4a015,5abb7ff15542996cc5e4a015,596888258,7340032,64,3176579072,90313,53402
-6.805794715881348,0.0,2,64,0,0.0,community,hotpotqa,4940007000,0.0,hotpotqa-5abb7ff15542996cc5e4a015,5abb7ff15542996cc5e4a015,552232657,7340032,64,3180773376,90313,59957
-7.838513374328613,0.0,2,64,0,0.0,bridge_preserving,hotpotqa,2017006552,0.0,hotpotqa-5abb7ff15542996cc5e4a015,5abb7ff15542996cc5e4a015,550637921,7340032,64,3176579072,90313,36551
-7.39453649520874,0.0,2,64,0,0.0,combined_structural,hotpotqa,2019421420,0.0,hotpotqa-5abb7ff15542996cc5e4a015,5abb7ff15542996cc5e4a015,552923371,7340032,64,3176579072,90313,94298
-1.501210331916809,1.0,2,64,0,0.0,oracle_evidence,hotpotqa,2013347728,0.5,hotpotqa-5abb7ff15542996cc5e4a015,5abb7ff15542996cc5e4a015,548898761,7340032,64,3176579072,90313,64169
-7.777414321899414,0.0,4,128,0,0.0,base_topk,hotpotqa,3092683751,0.0,hotpotqa-5abb7ff15542996cc5e4a015,5abb7ff15542996cc5e4a015,977872005,14680064,128,3176595456,90313,53578
-7.777414321899414,0.0,4,128,0,0.0,budget_tuned_topk,hotpotqa,3092683751,0.0,hotpotqa-5abb7ff15542996cc5e4a015,5abb7ff15542996cc5e4a015,977872005,14680064,128,3176595456,90313,55195
-7.777414321899414,0.0,4,128,0,0.0,power_sharpen,hotpotqa,3092683751,0.0,hotpotqa-5abb7ff15542996cc5e4a015,5abb7ff15542996cc5e4a015,977872005,14680064,128,3176595456,90313,56206
-7.777414321899414,0.0,4,128,0,0.0,entropy_adaptive_sharpen,hotpotqa,3092683751,0.0,hotpotqa-5abb7ff15542996cc5e4a015,5abb7ff15542996cc5e4a015,977872005,14680064,128,3176595456,90313,106108
-4.802525043487549,0.5,4,128,0,0.0,persistence,hotpotqa,2487113139,0.25,hotpotqa-5abb7ff15542996cc5e4a015,5abb7ff15542996cc5e4a015,972775296,14680064,128,3176595456,90313,21395
-7.808261871337891,0.0,4,128,0,0.0,agreement,hotpotqa,2487850093,0.0,hotpotqa-5abb7ff15542996cc5e4a015,5abb7ff15542996cc5e4a015,976675732,14680064,128,3176595456,90313,57061
-7.493861675262451,0.0,4,128,0,0.0,community,hotpotqa,2486004309,0.0,hotpotqa-5abb7ff15542996cc5e4a015,5abb7ff15542996cc5e4a015,971952630,14680064,128,3176595456,90313,67979
-7.7707133293151855,0.0,4,128,0,0.0,bridge_preserving,hotpotqa,2483008217,0.0,hotpotqa-5abb7ff15542996cc5e4a015,5abb7ff15542996cc5e4a015,969213655,14680064,128,3176595456,90313,100196
-7.711012840270996,0.0,4,128,0,0.0,combined_structural,hotpotqa,2493918802,0.0,hotpotqa-5abb7ff15542996cc5e4a015,5abb7ff15542996cc5e4a015,974264282,14680064,128,3176595456,90313,99652
-0.99750816822052,0.5,4,128,0,1.0,oracle_evidence,hotpotqa,2487968212,1.0,hotpotqa-5abb7ff15542996cc5e4a015,5abb7ff15542996cc5e4a015,974443429,14680064,128,3176595456,90313,95050
-7.421320915222168,0.0,6,192,0,0.0,base_topk,hotpotqa,3482774487,0.0,hotpotqa-5abb7ff15542996cc5e4a015,5abb7ff15542996cc5e4a015,1328056219,22020096,192,3176611840,90313,52078
-7.421320915222168,0.0,6,192,0,0.0,budget_tuned_topk,hotpotqa,3482774487,0.0,hotpotqa-5abb7ff15542996cc5e4a015,5abb7ff15542996cc5e4a015,1328056219,22020096,192,3176611840,90313,64142
-7.421320915222168,0.0,6,192,0,0.0,power_sharpen,hotpotqa,3482774487,0.0,hotpotqa-5abb7ff15542996cc5e4a015,5abb7ff15542996cc5e4a015,1328056219,22020096,192,3176611840,90313,74101
-7.421320915222168,0.0,6,192,0,0.0,entropy_adaptive_sharpen,hotpotqa,3482774487,0.0,hotpotqa-5abb7ff15542996cc5e4a015,5abb7ff15542996cc5e4a015,1328056219,22020096,192,3176611840,90313,132272
-5.1273088455200195,0.5,6,192,0,0.0,persistence,hotpotqa,2887229833,0.25,hotpotqa-5abb7ff15542996cc5e4a015,5abb7ff15542996cc5e4a015,1320527866,22020096,192,3176611840,90313,28930
-7.719029426574707,0.0,6,192,0,0.0,agreement,hotpotqa,2898445092,0.25,hotpotqa-5abb7ff15542996cc5e4a015,5abb7ff15542996cc5e4a015,1330510304,22020096,192,3176611840,90313,57784
-7.421320915222168,0.0,6,192,0,0.0,community,hotpotqa,3482774487,0.0,hotpotqa-5abb7ff15542996cc5e4a015,5abb7ff15542996cc5e4a015,1328056219,22020096,192,3176611840,90313,67760
-7.342577934265137,0.0,6,192,0,0.0,bridge_preserving,hotpotqa,2892645140,0.0,hotpotqa-5abb7ff15542996cc5e4a015,5abb7ff15542996cc5e4a015,1327568940,22020096,192,3176611840,90313,61769
-4.647302150726318,0.5,6,192,0,0.0,combined_structural,hotpotqa,2886108980,0.25,hotpotqa-5abb7ff15542996cc5e4a015,5abb7ff15542996cc5e4a015,1321633324,22020096,192,3176611840,90313,122727
-1.6213324069976807,0.5,6,192,0,1.0,oracle_evidence,hotpotqa,2876311051,1.0,hotpotqa-5abb7ff15542996cc5e4a015,5abb7ff15542996cc5e4a015,1310557691,22020096,192,3176611840,90313,65989
-0.20261485874652863,1.0,2,64,0,0.0,base_topk,hotpotqa,4736062085,0.16666666666666666,hotpotqa-5abd85375542993062266cba,5abd85375542993062266cba,552687233,7340032,64,3183054848,90313,49522
-0.20261485874652863,1.0,2,64,0,0.0,budget_tuned_topk,hotpotqa,4736062085,0.16666666666666666,hotpotqa-5abd85375542993062266cba,5abd85375542993062266cba,552687233,7340032,64,3183054848,90313,51835
-0.20261485874652863,1.0,2,64,0,0.0,power_sharpen,hotpotqa,4736062085,0.16666666666666666,hotpotqa-5abd85375542993062266cba,5abd85375542993062266cba,552687233,7340032,64,3183054848,90313,52387
-0.20261485874652863,1.0,2,64,0,0.0,entropy_adaptive_sharpen,hotpotqa,4736062085,0.16666666666666666,hotpotqa-5abd85375542993062266cba,5abd85375542993062266cba,552687233,7340032,64,3183054848,90313,99006
-1.970342755317688,0.4285714626312256,2,64,0,0.0,persistence,hotpotqa,1800556324,0.16666666666666666,hotpotqa-5abd85375542993062266cba,5abd85375542993062266cba,571910875,7340032,64,3183063040,90313,19450
-0.5142886638641357,0.8571429252624512,2,64,0,0.0,agreement,hotpotqa,1712764804,0.16666666666666666,hotpotqa-5abd85375542993062266cba,5abd85375542993062266cba,485068956,7340032,64,3183063040,90313,47877
-0.20261485874652863,1.0,2,64,0,0.0,community,hotpotqa,4736062085,0.16666666666666666,hotpotqa-5abd85375542993062266cba,5abd85375542993062266cba,552687233,7340032,64,3183054848,90313,55464
-0.4256017506122589,0.8571429252624512,2,64,0,0.0,bridge_preserving,hotpotqa,1698864947,0.16666666666666666,hotpotqa-5abd85375542993062266cba,5abd85375542993062266cba,475228269,7340032,64,3183063040,90313,44183
-0.5047927498817444,0.8571429252624512,2,64,0,0.0,combined_structural,hotpotqa,1714755580,0.16666666666666666,hotpotqa-5abd85375542993062266cba,5abd85375542993062266cba,490675662,7340032,64,3183063040,90313,98632
-0.20261485874652863,1.0,2,64,0,0.0,oracle_evidence,hotpotqa,4736062085,0.16666666666666666,hotpotqa-5abd85375542993062266cba,5abd85375542993062266cba,552687233,7340032,64,3183054848,90313,74515
-0.5279949903488159,0.8571429252624512,4,128,0,0.0,base_topk,hotpotqa,2924446168,0.3333333333333333,hotpotqa-5abd85375542993062266cba,5abd85375542993062266cba,963606857,14680064,128,3183079424,90313,21847
-0.5279949903488159,0.8571429252624512,4,128,0,0.0,budget_tuned_topk,hotpotqa,2924446168,0.3333333333333333,hotpotqa-5abd85375542993062266cba,5abd85375542993062266cba,963606857,14680064,128,3183079424,90313,44667
-0.5279949903488159,0.8571429252624512,4,128,0,0.0,power_sharpen,hotpotqa,2924446168,0.3333333333333333,hotpotqa-5abd85375542993062266cba,5abd85375542993062266cba,963606857,14680064,128,3183079424,90313,44868
-0.5279949903488159,0.8571429252624512,4,128,0,0.0,entropy_adaptive_sharpen,hotpotqa,2924446168,0.3333333333333333,hotpotqa-5abd85375542993062266cba,5abd85375542993062266cba,963606857,14680064,128,3183079424,90313,90678
-0.78403639793396,0.8571429252624512,4,128,0,0.0,persistence,hotpotqa,2331195111,0.3333333333333333,hotpotqa-5abd85375542993062266cba,5abd85375542993062266cba,978272957,14680064,128,3183079424,90313,17282
-0.6530726552009583,0.8571429252624512,4,128,0,0.0,agreement,hotpotqa,2310089254,0.3333333333333333,hotpotqa-5abd85375542993062266cba,5abd85375542993062266cba,961567621,14680064,128,3183079424,90313,45635
-0.5398576259613037,0.8571429252624512,4,128,0,0.0,community,hotpotqa,2330320164,0.3333333333333333,hotpotqa-5abd85375542993062266cba,5abd85375542993062266cba,975243630,14680064,128,3183079424,90313,56314
-0.3839062452316284,0.8571429252624512,4,128,0,0.0,bridge_preserving,hotpotqa,2324565691,0.3333333333333333,hotpotqa-5abd85375542993062266cba,5abd85375542993062266cba,969644013,14680064,128,3183079424,90313,77015
-0.6177051067352295,0.8571429252624512,4,128,0,0.0,combined_structural,hotpotqa,2317049867,0.3333333333333333,hotpotqa-5abd85375542993062266cba,5abd85375542993062266cba,963722327,14680064,128,3183079424,90313,102338
-0.5279949903488159,0.8571429252624512,4,128,0,0.0,oracle_evidence,hotpotqa,2924446168,0.3333333333333333,hotpotqa-5abd85375542993062266cba,5abd85375542993062266cba,963606857,14680064,128,3183079424,90313,64922
-0.30035948753356934,0.8571429252624512,6,192,0,0.0,base_topk,hotpotqa,3139243886,0.5,hotpotqa-5abd85375542993062266cba,5abd85375542993062266cba,1056074859,22020096,192,3183095808,90313,22589
-0.30035948753356934,0.8571429252624512,6,192,0,0.0,budget_tuned_topk,hotpotqa,3139243886,0.5,hotpotqa-5abd85375542993062266cba,5abd85375542993062266cba,1056074859,22020096,192,3183095808,90313,41191
-0.30035948753356934,0.8571429252624512,6,192,0,0.0,power_sharpen,hotpotqa,3139243886,0.5,hotpotqa-5abd85375542993062266cba,5abd85375542993062266cba,1056074859,22020096,192,3183095808,90313,41621
-0.30035948753356934,0.8571429252624512,6,192,0,0.0,entropy_adaptive_sharpen,hotpotqa,3139243886,0.5,hotpotqa-5abd85375542993062266cba,5abd85375542993062266cba,1056074859,22020096,192,3183095808,90313,77047
-0.5459885597229004,0.8571429252624512,6,192,0,0.0,persistence,hotpotqa,2537235337,0.5,hotpotqa-5abd85375542993062266cba,5abd85375542993062266cba,1055097920,22020096,192,3183095808,90313,15397
-0.676240861415863,0.8571429252624512,6,192,0,0.0,agreement,hotpotqa,2540641868,0.5,hotpotqa-5abd85375542993062266cba,5abd85375542993062266cba,1056168973,22020096,192,3183095808,90313,67546
-0.5028161406517029,0.8571429252624512,6,192,0,0.0,community,hotpotqa,2537435694,0.5,hotpotqa-5abd85375542993062266cba,5abd85375542993062266cba,1055775249,22020096,192,3183095808,90313,45837
-0.30035948753356934,0.8571429252624512,6,192,0,0.0,bridge_preserving,hotpotqa,3139243886,0.5,hotpotqa-5abd85375542993062266cba,5abd85375542993062266cba,1056074859,22020096,192,3183095808,90313,79208
-0.5766637325286865,0.8571429252624512,6,192,0,0.0,combined_structural,hotpotqa,2537778184,0.5,hotpotqa-5abd85375542993062266cba,5abd85375542993062266cba,1055879332,22020096,192,3183095808,90313,73946
-0.30035948753356934,0.8571429252624512,6,192,0,0.0,oracle_evidence,hotpotqa,3139243886,0.5,hotpotqa-5abd85375542993062266cba,5abd85375542993062266cba,1056074859,22020096,192,3183095808,90313,64869
-2.4417221546173096,0.0,2,64,0,0.0,base_topk,hotpotqa,2457974896,0.18181818181818182,hotpotqa-5abdf72055429976d4830a37,5abdf72055429976d4830a37,492496251,7340032,64,3183095808,90313,22476
-2.4417221546173096,0.0,2,64,0,0.0,budget_tuned_topk,hotpotqa,2457974896,0.18181818181818182,hotpotqa-5abdf72055429976d4830a37,5abdf72055429976d4830a37,492496251,7340032,64,3183095808,90313,47660
-2.4417221546173096,0.0,2,64,0,0.0,power_sharpen,hotpotqa,2457974896,0.18181818181818182,hotpotqa-5abdf72055429976d4830a37,5abdf72055429976d4830a37,492496251,7340032,64,3183095808,90313,48379
-2.4417221546173096,0.0,2,64,0,0.0,entropy_adaptive_sharpen,hotpotqa,2457974896,0.18181818181818182,hotpotqa-5abdf72055429976d4830a37,5abdf72055429976d4830a37,492496251,7340032,64,3183095808,90313,89206
-2.4417221546173096,0.0,2,64,0,0.0,persistence,hotpotqa,2457974896,0.18181818181818182,hotpotqa-5abdf72055429976d4830a37,5abdf72055429976d4830a37,492496251,7340032,64,3183095808,90313,17613
-2.142162322998047,0.0,2,64,0,0.0,agreement,hotpotqa,2520108244,0.18181818181818182,hotpotqa-5abdf72055429976d4830a37,5abdf72055429976d4830a37,551015656,7340032,64,3183095808,90313,15577
-2.4417221546173096,0.0,2,64,0,0.0,community,hotpotqa,2457974896,0.18181818181818182,hotpotqa-5abdf72055429976d4830a37,5abdf72055429976d4830a37,492496251,7340032,64,3183095808,90313,55102
-3.678946018218994,0.0,2,64,0,0.0,bridge_preserving,hotpotqa,2517407611,0.18181818181818182,hotpotqa-5abdf72055429976d4830a37,5abdf72055429976d4830a37,548477188,7340032,64,3176804352,90313,44791
-3.678946018218994,0.0,2,64,0,0.0,combined_structural,hotpotqa,2517407611,0.18181818181818182,hotpotqa-5abdf72055429976d4830a37,5abdf72055429976d4830a37,548477188,7340032,64,3176804352,90313,143430
-2.4417221546173096,0.0,2,64,0,0.0,oracle_evidence,hotpotqa,2457974896,0.18181818181818182,hotpotqa-5abdf72055429976d4830a37,5abdf72055429976d4830a37,492496251,7340032,64,3183095808,90313,33829
-2.880046844482422,0.0,4,128,0,0.0,base_topk,hotpotqa,3061056869,0.36363636363636365,hotpotqa-5abdf72055429976d4830a37,5abdf72055429976d4830a37,979092291,14680064,128,3176804352,90313,18549
-2.880046844482422,0.0,4,128,0,0.0,budget_tuned_topk,hotpotqa,3061056869,0.36363636363636365,hotpotqa-5abdf72055429976d4830a37,5abdf72055429976d4830a37,979092291,14680064,128,3176804352,90313,49761
-2.880046844482422,0.0,4,128,0,0.0,power_sharpen,hotpotqa,3061056869,0.36363636363636365,hotpotqa-5abdf72055429976d4830a37,5abdf72055429976d4830a37,979092291,14680064,128,3176804352,90313,56745
-2.880046844482422,0.0,4,128,0,0.0,entropy_adaptive_sharpen,hotpotqa,3061056869,0.36363636363636365,hotpotqa-5abdf72055429976d4830a37,5abdf72055429976d4830a37,979092291,14680064,128,3176804352,90313,105110
-1.4985305070877075,0.0,4,128,0,0.0,persistence,hotpotqa,3062715342,0.36363636363636365,hotpotqa-5abdf72055429976d4830a37,5abdf72055429976d4830a37,978289640,14680064,128,3176804352,90313,21857
-2.880046844482422,0.0,4,128,0,0.0,agreement,hotpotqa,3061056869,0.36363636363636365,hotpotqa-5abdf72055429976d4830a37,5abdf72055429976d4830a37,979092291,14680064,128,3176804352,90313,67996
-2.880046844482422,0.0,4,128,0,0.0,community,hotpotqa,3061056869,0.36363636363636365,hotpotqa-5abdf72055429976d4830a37,5abdf72055429976d4830a37,979092291,14680064,128,3176804352,90313,32117
-1.435223937034607,0.0,4,128,0,0.0,bridge_preserving,hotpotqa,3065035826,0.36363636363636365,hotpotqa-5abdf72055429976d4830a37,5abdf72055429976d4830a37,976871415,14680064,128,3176804352,90313,51027
-1.4985305070877075,0.0,4,128,0,0.0,combined_structural,hotpotqa,3062715342,0.36363636363636365,hotpotqa-5abdf72055429976d4830a37,5abdf72055429976d4830a37,978289640,14680064,128,3176804352,90313,85940
-2.880046844482422,0.0,4,128,0,0.0,oracle_evidence,hotpotqa,3061056869,0.36363636363636365,hotpotqa-5abdf72055429976d4830a37,5abdf72055429976d4830a37,979092291,14680064,128,3176804352,90313,27868
-3.0149757862091064,0.0,6,192,0,0.0,base_topk,hotpotqa,3512552678,0.5454545454545454,hotpotqa-5abdf72055429976d4830a37,5abdf72055429976d4830a37,1315445582,22020096,192,3176804352,90313,15586
-3.0149757862091064,0.0,6,192,0,0.0,budget_tuned_topk,hotpotqa,3512552678,0.5454545454545454,hotpotqa-5abdf72055429976d4830a37,5abdf72055429976d4830a37,1315445582,22020096,192,3176804352,90313,61021
-3.0149757862091064,0.0,6,192,0,0.0,power_sharpen,hotpotqa,3512552678,0.5454545454545454,hotpotqa-5abdf72055429976d4830a37,5abdf72055429976d4830a37,1315445582,22020096,192,3176804352,90313,60745
-3.0149757862091064,0.0,6,192,0,0.0,entropy_adaptive_sharpen,hotpotqa,3512552678,0.5454545454545454,hotpotqa-5abdf72055429976d4830a37,5abdf72055429976d4830a37,1315445582,22020096,192,3176804352,90313,113223
-1.1666381359100342,1.0,6,192,0,0.0,persistence,hotpotqa,3497728360,0.45454545454545453,hotpotqa-5abdf72055429976d4830a37,5abdf72055429976d4830a37,1302392410,22020096,192,3176804352,90313,24075
-3.492271900177002,0.0,6,192,0,0.0,agreement,hotpotqa,3493272512,0.5454545454545454,hotpotqa-5abdf72055429976d4830a37,5abdf72055429976d4830a37,1296942220,22020096,192,3176804352,90313,64739
-2.3987083435058594,0.0,6,192,0,0.0,community,hotpotqa,3516957319,0.5454545454545454,hotpotqa-5abdf72055429976d4830a37,5abdf72055429976d4830a37,1322007781,22020096,192,3176804352,90313,49121
-2.055227041244507,0.0,6,192,0,0.0,bridge_preserving,hotpotqa,3508084894,0.5454545454545454,hotpotqa-5abdf72055429976d4830a37,5abdf72055429976d4830a37,1314338665,22020096,192,3176804352,90313,75587
-1.2783784866333008,0.0,6,192,0,0.0,combined_structural,hotpotqa,3511727121,0.45454545454545453,hotpotqa-5abdf72055429976d4830a37,5abdf72055429976d4830a37,1312424710,22020096,192,3176804352,90313,89339
-3.0149757862091064,0.0,6,192,0,0.0,oracle_evidence,hotpotqa,3512552678,0.5454545454545454,hotpotqa-5abdf72055429976d4830a37,5abdf72055429976d4830a37,1315445582,22020096,192,3176804352,90313,65695
-6.927340030670166,0.0,2,64,0,0.0,base_topk,hotpotqa,2148460925,0.125,hotpotqa-5abeab375542990832d3a091,5abeab375542990832d3a091,550390827,7340032,64,3183095808,90313,22838
-6.927340030670166,0.0,2,64,0,0.0,budget_tuned_topk,hotpotqa,2148460925,0.125,hotpotqa-5abeab375542990832d3a091,5abeab375542990832d3a091,550390827,7340032,64,3183095808,90313,41305
-6.927340030670166,0.0,2,64,0,0.0,power_sharpen,hotpotqa,2148460925,0.125,hotpotqa-5abeab375542990832d3a091,5abeab375542990832d3a091,550390827,7340032,64,3183095808,90313,40680
-6.927340030670166,0.0,2,64,0,0.0,entropy_adaptive_sharpen,hotpotqa,2148460925,0.125,hotpotqa-5abeab375542990832d3a091,5abeab375542990832d3a091,550390827,7340032,64,3183095808,90313,76817
-6.1550374031066895,0.1428571492433548,2,64,0,0.0,persistence,hotpotqa,2122906796,0.25,hotpotqa-5abeab375542990832d3a091,5abeab375542990832d3a091,526429304,7340032,64,3183095808,90313,14890
-6.718526840209961,0.0,2,64,0,0.0,agreement,hotpotqa,2214887223,0.125,hotpotqa-5abeab375542990832d3a091,5abeab375542990832d3a091,617861630,7340032,64,3183095808,90313,47350
-6.718526840209961,0.0,2,64,0,0.0,community,hotpotqa,2214887223,0.125,hotpotqa-5abeab375542990832d3a091,5abeab375542990832d3a091,617861630,7340032,64,3183095808,90313,56485
-1.8351585865020752,0.7142857313156128,2,64,0,0.0,bridge_preserving,hotpotqa,2042486116,0.25,hotpotqa-5abeab375542990832d3a091,5abeab375542990832d3a091,453254140,7340032,64,3183095808,90313,44046
-6.1550374031066895,0.1428571492433548,2,64,0,0.0,combined_structural,hotpotqa,2122906796,0.25,hotpotqa-5abeab375542990832d3a091,5abeab375542990832d3a091,526429304,7340032,64,3183095808,90313,90898
-6.445374965667725,0.1428571492433548,2,64,0,0.0,oracle_evidence,hotpotqa,2060360915,0.25,hotpotqa-5abeab375542990832d3a091,5abeab375542990832d3a091,467155348,7340032,64,3183095808,90313,25924
-6.658299446105957,0.1428571492433548,4,128,0,0.0,base_topk,hotpotqa,2620482953,0.25,hotpotqa-5abeab375542990832d3a091,5abeab375542990832d3a091,973561233,14680064,128,3183095808,90313,62038
-6.658299446105957,0.1428571492433548,4,128,0,0.0,budget_tuned_topk,hotpotqa,2620482953,0.25,hotpotqa-5abeab375542990832d3a091,5abeab375542990832d3a091,973561233,14680064,128,3183095808,90313,64633
-6.658299446105957,0.1428571492433548,4,128,0,0.0,power_sharpen,hotpotqa,2620482953,0.25,hotpotqa-5abeab375542990832d3a091,5abeab375542990832d3a091,973561233,14680064,128,3183095808,90313,69976
-6.658299446105957,0.1428571492433548,4,128,0,0.0,entropy_adaptive_sharpen,hotpotqa,2620482953,0.25,hotpotqa-5abeab375542990832d3a091,5abeab375542990832d3a091,973561233,14680064,128,3183095808,90313,130324
-6.454575061798096,0.2857142984867096,4,128,0,0.0,persistence,hotpotqa,2612646273,0.5,hotpotqa-5abeab375542990832d3a091,5abeab375542990832d3a091,968856096,14680064,128,3183095808,90313,36892
-7.122520446777344,0.1428571492433548,4,128,0,0.0,agreement,hotpotqa,2608366391,0.125,hotpotqa-5abeab375542990832d3a091,5abeab375542990832d3a091,961739537,14680064,128,3183095808,90313,70367
-6.658299446105957,0.1428571492433548,4,128,0,0.0,community,hotpotqa,2620482953,0.25,hotpotqa-5abeab375542990832d3a091,5abeab375542990832d3a091,973561233,14680064,128,3183095808,90313,52668
-1.7226430177688599,0.7142857313156128,4,128,0,0.0,bridge_preserving,hotpotqa,2612847379,0.25,hotpotqa-5abeab375542990832d3a091,5abeab375542990832d3a091,968292053,14680064,128,3183095808,90313,37967
-6.459760665893555,0.2857142984867096,4,128,0,0.0,combined_structural,hotpotqa,2606297407,0.375,hotpotqa-5abeab375542990832d3a091,5abeab375542990832d3a091,963293976,14680064,128,3183095808,90313,103296
-6.292881965637207,0.2857142984867096,4,128,0,0.0,oracle_evidence,hotpotqa,2605911162,0.5,hotpotqa-5abeab375542990832d3a091,5abeab375542990832d3a091,964576051,14680064,128,3183095808,90313,65728
-6.343447208404541,0.2857142984867096,6,192,0,0.0,base_topk,hotpotqa,2740090395,0.5,hotpotqa-5abeab375542990832d3a091,5abeab375542990832d3a091,1056520449,22020096,192,3183095808,90313,69720
-6.343447208404541,0.2857142984867096,6,192,0,0.0,budget_tuned_topk,hotpotqa,2740090395,0.5,hotpotqa-5abeab375542990832d3a091,5abeab375542990832d3a091,1056520449,22020096,192,3183095808,90313,65224
-6.343447208404541,0.2857142984867096,6,192,0,0.0,power_sharpen,hotpotqa,2740090395,0.5,hotpotqa-5abeab375542990832d3a091,5abeab375542990832d3a091,1056520449,22020096,192,3183095808,90313,71947
-6.343447208404541,0.2857142984867096,6,192,0,0.0,entropy_adaptive_sharpen,hotpotqa,2740090395,0.5,hotpotqa-5abeab375542990832d3a091,5abeab375542990832d3a091,1056520449,22020096,192,3183095808,90313,136534
-6.919748783111572,0.2857142984867096,6,192,0,0.0,persistence,hotpotqa,2737165564,0.625,hotpotqa-5abeab375542990832d3a091,5abeab375542990832d3a091,1057334900,22020096,192,3183095808,90313,28582
-6.912102222442627,0.1428571492433548,6,192,0,0.0,agreement,hotpotqa,2736898011,0.375,hotpotqa-5abeab375542990832d3a091,5abeab375542990832d3a091,1057432587,22020096,192,3183095808,90313,98638
-6.912102222442627,0.1428571492433548,6,192,0,0.0,community,hotpotqa,2736898011,0.375,hotpotqa-5abeab375542990832d3a091,5abeab375542990832d3a091,1057432587,22020096,192,3183095808,90313,77718
-1.3903931379318237,0.8571429252624512,6,192,0,0.0,bridge_preserving,hotpotqa,2740466250,0.5,hotpotqa-5abeab375542990832d3a091,5abeab375542990832d3a091,1056049362,22020096,192,3183095808,90313,37100
-6.326385021209717,0.1428571492433548,6,192,0,0.0,combined_structural,hotpotqa,2735618840,0.5,hotpotqa-5abeab375542990832d3a091,5abeab375542990832d3a091,1056225940,22020096,192,3183095808,90313,127168
-6.338892459869385,0.2857142984867096,6,192,0,0.0,oracle_evidence,hotpotqa,2737440827,0.75,hotpotqa-5abeab375542990832d3a091,5abeab375542990832d3a091,1056559891,22020096,192,3183095808,90313,66431
-3.7478671073913574,0.5,2,64,0,0.0,base_topk,hotpotqa,4489436566,0.2,hotpotqa-5abf8ae85542990832d3a14b,5abf8ae85542990832d3a14b,474682332,7340032,64,3183194112,90313,75421
-3.7478671073913574,0.5,2,64,0,0.0,budget_tuned_topk,hotpotqa,4489436566,0.2,hotpotqa-5abf8ae85542990832d3a14b,5abf8ae85542990832d3a14b,474682332,7340032,64,3183194112,90313,51372
-3.7478671073913574,0.5,2,64,0,0.0,power_sharpen,hotpotqa,4489436566,0.2,hotpotqa-5abf8ae85542990832d3a14b,5abf8ae85542990832d3a14b,474682332,7340032,64,3183194112,90313,57479
-3.7478671073913574,0.5,2,64,0,0.0,entropy_adaptive_sharpen,hotpotqa,4489436566,0.2,hotpotqa-5abf8ae85542990832d3a14b,5abf8ae85542990832d3a14b,474682332,7340032,64,3183194112,90313,106293
-3.5501091480255127,0.5,2,64,0,0.0,persistence,hotpotqa,1580909830,0.0,hotpotqa-5abf8ae85542990832d3a14b,5abf8ae85542990832d3a14b,548698615,7340032,64,3176902656,90313,21398
-3.7022593021392822,0.5,2,64,0,0.0,agreement,hotpotqa,1588013920,0.0,hotpotqa-5abf8ae85542990832d3a14b,5abf8ae85542990832d3a14b,550942787,7340032,64,3176902656,90313,67643
-2.6843435764312744,0.5,2,64,0,0.0,community,hotpotqa,1582137069,0.2,hotpotqa-5abf8ae85542990832d3a14b,5abf8ae85542990832d3a14b,548532296,7340032,64,3176902656,90313,55910
-3.073277235031128,0.5,2,64,0,0.0,bridge_preserving,hotpotqa,1581571946,0.2,hotpotqa-5abf8ae85542990832d3a14b,5abf8ae85542990832d3a14b,550547959,7340032,64,3176902656,90313,77738
-3.182530164718628,0.5,2,64,0,0.0,combined_structural,hotpotqa,1583936279,0.4,hotpotqa-5abf8ae85542990832d3a14b,5abf8ae85542990832d3a14b,549393007,7340032,64,3176902656,90313,104242
-2.8554742336273193,0.5,2,64,0,0.0,oracle_evidence,hotpotqa,1583883129,0.4,hotpotqa-5abf8ae85542990832d3a14b,5abf8ae85542990832d3a14b,548571441,7340032,64,3176902656,90313,63574
-4.170141696929932,0.5,4,128,0,0.0,base_topk,hotpotqa,2732251680,0.2,hotpotqa-5abf8ae85542990832d3a14b,5abf8ae85542990832d3a14b,971551455,14680064,128,3176919040,90313,56748
-4.170141696929932,0.5,4,128,0,0.0,budget_tuned_topk,hotpotqa,2732251680,0.2,hotpotqa-5abf8ae85542990832d3a14b,5abf8ae85542990832d3a14b,971551455,14680064,128,3176919040,90313,52936
-4.170141696929932,0.5,4,128,0,0.0,power_sharpen,hotpotqa,2732251680,0.2,hotpotqa-5abf8ae85542990832d3a14b,5abf8ae85542990832d3a14b,971551455,14680064,128,3176919040,90313,57498
-4.170141696929932,0.5,4,128,0,0.0,entropy_adaptive_sharpen,hotpotqa,2732251680,0.2,hotpotqa-5abf8ae85542990832d3a14b,5abf8ae85542990832d3a14b,971551455,14680064,128,3176919040,90313,105679
-2.8128390312194824,0.5,4,128,0,0.0,persistence,hotpotqa,2102745064,0.0,hotpotqa-5abf8ae85542990832d3a14b,5abf8ae85542990832d3a14b,972395286,14680064,128,3176919040,90313,22789
-3.633836030960083,0.5,4,128,0,0.0,agreement,hotpotqa,2096556842,0.2,hotpotqa-5abf8ae85542990832d3a14b,5abf8ae85542990832d3a14b,968800179,14680064,128,3176919040,90313,67646
-3.568117618560791,0.5,4,128,0,0.0,community,hotpotqa,2108217894,0.2,hotpotqa-5abf8ae85542990832d3a14b,5abf8ae85542990832d3a14b,977101194,14680064,128,3176919040,90313,56902
-3.5283775329589844,0.5,4,128,0,0.0,bridge_preserving,hotpotqa,2098901887,0.4,hotpotqa-5abf8ae85542990832d3a14b,5abf8ae85542990832d3a14b,967246339,14680064,128,3176919040,90313,66293
-2.753465175628662,0.5,4,128,0,0.0,combined_structural,hotpotqa,2103783975,0.8,hotpotqa-5abf8ae85542990832d3a14b,5abf8ae85542990832d3a14b,973067091,14680064,128,3176919040,90313,79174
-3.6035330295562744,0.5,4,128,0,0.0,oracle_evidence,hotpotqa,2114190909,0.8,hotpotqa-5abf8ae85542990832d3a14b,5abf8ae85542990832d3a14b,980468244,14680064,128,3176919040,90313,78094
-3.8592448234558105,0.5,6,192,0,0.0,base_topk,hotpotqa,3134695314,0.4,hotpotqa-5abf8ae85542990832d3a14b,5abf8ae85542990832d3a14b,1299693645,22020096,192,3176935424,90313,54759
-3.8592448234558105,0.5,6,192,0,0.0,budget_tuned_topk,hotpotqa,3134695314,0.4,hotpotqa-5abf8ae85542990832d3a14b,5abf8ae85542990832d3a14b,1299693645,22020096,192,3176935424,90313,60685
-3.8592448234558105,0.5,6,192,0,0.0,power_sharpen,hotpotqa,3134695314,0.4,hotpotqa-5abf8ae85542990832d3a14b,5abf8ae85542990832d3a14b,1299693645,22020096,192,3176935424,90313,59509
-3.8592448234558105,0.5,6,192,0,0.0,entropy_adaptive_sharpen,hotpotqa,3134695314,0.4,hotpotqa-5abf8ae85542990832d3a14b,5abf8ae85542990832d3a14b,1299693645,22020096,192,3176935424,90313,105066
-3.6188642978668213,0.5,6,192,0,0.0,persistence,hotpotqa,2554044352,0.0,hotpotqa-5abf8ae85542990832d3a14b,5abf8ae85542990832d3a14b,1321093205,22020096,192,3176935424,90313,22721
-3.1164777278900146,0.5,6,192,0,0.0,agreement,hotpotqa,2540377745,0.4,hotpotqa-5abf8ae85542990832d3a14b,5abf8ae85542990832d3a14b,1309852206,22020096,192,3176935424,90313,56020
-4.193609237670898,0.5,6,192,0,0.0,community,hotpotqa,2541634152,0.4,hotpotqa-5abf8ae85542990832d3a14b,5abf8ae85542990832d3a14b,1311596482,22020096,192,3176935424,90313,70292
-3.8853747844696045,0.5,6,192,0,0.0,bridge_preserving,hotpotqa,2556909724,0.6,hotpotqa-5abf8ae85542990832d3a14b,5abf8ae85542990832d3a14b,1327249376,22020096,192,3176935424,90313,76555
-3.1365506649017334,0.5,6,192,0,0.0,combined_structural,hotpotqa,2553064817,0.8,hotpotqa-5abf8ae85542990832d3a14b,5abf8ae85542990832d3a14b,1322817992,22020096,192,3176935424,90313,124928
-3.1783273220062256,0.5,6,192,0,1.0,oracle_evidence,hotpotqa,2548622273,1.0,hotpotqa-5abf8ae85542990832d3a14b,5abf8ae85542990832d3a14b,1315160674,22020096,192,3176935424,90313,61039
-3.083873748779297,0.625,2,64,0,0.0,base_topk,hotpotqa,2519155140,0.0,hotpotqa-5ac2cb09554299657fa29066,5ac2cb09554299657fa29066,550235173,7340032,64,3183243264,90313,49835
-3.083873748779297,0.625,2,64,0,0.0,budget_tuned_topk,hotpotqa,2519155140,0.0,hotpotqa-5ac2cb09554299657fa29066,5ac2cb09554299657fa29066,550235173,7340032,64,3183243264,90313,53998
-3.083873748779297,0.625,2,64,0,0.0,power_sharpen,hotpotqa,2519155140,0.0,hotpotqa-5ac2cb09554299657fa29066,5ac2cb09554299657fa29066,550235173,7340032,64,3183243264,90313,57968
-3.083873748779297,0.625,2,64,0,0.0,entropy_adaptive_sharpen,hotpotqa,2519155140,0.0,hotpotqa-5ac2cb09554299657fa29066,5ac2cb09554299657fa29066,550235173,7340032,64,3183243264,90313,103864
-3.6936795711517334,0.625,2,64,0,0.0,persistence,hotpotqa,2548424160,0.0,hotpotqa-5ac2cb09554299657fa29066,5ac2cb09554299657fa29066,574330605,7340032,64,3183288320,90313,20993
-3.1861023902893066,0.625,2,64,0,0.0,agreement,hotpotqa,2440406184,0.0,hotpotqa-5ac2cb09554299657fa29066,5ac2cb09554299657fa29066,471302619,7340032,64,3183288320,90313,48219
-3.083873748779297,0.625,2,64,0,0.0,community,hotpotqa,2519155140,0.0,hotpotqa-5ac2cb09554299657fa29066,5ac2cb09554299657fa29066,550235173,7340032,64,3183243264,90313,55530
-1.1568076610565186,0.75,2,64,0,0.0,bridge_preserving,hotpotqa,2429181575,0.2,hotpotqa-5ac2cb09554299657fa29066,5ac2cb09554299657fa29066,463304972,7340032,64,3183288320,90313,35969
-2.8210017681121826,0.625,2,64,0,0.0,combined_structural,hotpotqa,2446189822,0.4,hotpotqa-5ac2cb09554299657fa29066,5ac2cb09554299657fa29066,480499766,7340032,64,3183288320,90313,101483
-2.8210017681121826,0.625,2,64,0,0.0,oracle_evidence,hotpotqa,2446189822,0.4,hotpotqa-5ac2cb09554299657fa29066,5ac2cb09554299657fa29066,480499766,7340032,64,3183288320,90313,78617
-2.5515801906585693,0.625,4,128,0,0.0,base_topk,hotpotqa,3044037922,0.0,hotpotqa-5ac2cb09554299657fa29066,5ac2cb09554299657fa29066,960492426,14680064,128,3183288320,90313,28383
-2.5515801906585693,0.625,4,128,0,0.0,budget_tuned_topk,hotpotqa,3044037922,0.0,hotpotqa-5ac2cb09554299657fa29066,5ac2cb09554299657fa29066,960492426,14680064,128,3183288320,90313,55140
-2.5515801906585693,0.625,4,128,0,0.0,power_sharpen,hotpotqa,3044037922,0.0,hotpotqa-5ac2cb09554299657fa29066,5ac2cb09554299657fa29066,960492426,14680064,128,3183288320,90313,56529
-2.5515801906585693,0.625,4,128,0,0.0,entropy_adaptive_sharpen,hotpotqa,3044037922,0.0,hotpotqa-5ac2cb09554299657fa29066,5ac2cb09554299657fa29066,960492426,14680064,128,3183288320,90313,106135
-3.281435966491699,0.625,4,128,0,0.0,persistence,hotpotqa,3056922128,0.2,hotpotqa-5ac2cb09554299657fa29066,5ac2cb09554299657fa29066,969639117,14680064,128,3183288320,90313,21892
-2.7528676986694336,0.625,4,128,0,0.0,agreement,hotpotqa,3045694610,0.0,hotpotqa-5ac2cb09554299657fa29066,5ac2cb09554299657fa29066,962267342,14680064,128,3183288320,90313,67953
-2.5515801906585693,0.625,4,128,0,0.0,community,hotpotqa,3044037922,0.0,hotpotqa-5ac2cb09554299657fa29066,5ac2cb09554299657fa29066,960492426,14680064,128,3183288320,90313,100169
-1.0055246353149414,0.75,4,128,0,0.0,bridge_preserving,hotpotqa,3041305823,0.2,hotpotqa-5ac2cb09554299657fa29066,5ac2cb09554299657fa29066,959231285,14680064,128,3183288320,90313,45924
-2.894386053085327,0.625,4,128,0,0.0,combined_structural,hotpotqa,3042103696,0.6,hotpotqa-5ac2cb09554299657fa29066,5ac2cb09554299657fa29066,966625266,14680064,128,3183288320,90313,125018
-1.0967930555343628,0.75,4,128,0,0.0,oracle_evidence,hotpotqa,3037772475,0.8,hotpotqa-5ac2cb09554299657fa29066,5ac2cb09554299657fa29066,953056336,14680064,128,3183288320,90313,69076
-2.282335042953491,0.625,6,192,0,0.0,base_topk,hotpotqa,3248289671,0.4,hotpotqa-5ac2cb09554299657fa29066,5ac2cb09554299657fa29066,1055931428,22020096,192,3183288320,90313,51578
-2.282335042953491,0.625,6,192,0,0.0,budget_tuned_topk,hotpotqa,3248289671,0.4,hotpotqa-5ac2cb09554299657fa29066,5ac2cb09554299657fa29066,1055931428,22020096,192,3183288320,90313,55749
-2.282335042953491,0.625,6,192,0,0.0,power_sharpen,hotpotqa,3248289671,0.4,hotpotqa-5ac2cb09554299657fa29066,5ac2cb09554299657fa29066,1055931428,22020096,192,3183288320,90313,59247
-2.282335042953491,0.625,6,192,0,0.0,entropy_adaptive_sharpen,hotpotqa,3248289671,0.4,hotpotqa-5ac2cb09554299657fa29066,5ac2cb09554299657fa29066,1055931428,22020096,192,3183288320,90313,105746
-3.0185608863830566,0.625,6,192,0,0.0,persistence,hotpotqa,3245269555,0.6,hotpotqa-5ac2cb09554299657fa29066,5ac2cb09554299657fa29066,1057384178,22020096,192,3183288320,90313,22146
-2.860994338989258,0.625,6,192,0,0.0,agreement,hotpotqa,3238697666,0.2,hotpotqa-5ac2cb09554299657fa29066,5ac2cb09554299657fa29066,1055931324,22020096,192,3183288320,90313,59488
-2.9113922119140625,0.625,6,192,0,0.0,community,hotpotqa,3250205710,0.0,hotpotqa-5ac2cb09554299657fa29066,5ac2cb09554299657fa29066,1056174463,22020096,192,3183288320,90313,48110
-1.1140083074569702,0.75,6,192,0,0.0,bridge_preserving,hotpotqa,3241822793,0.4,hotpotqa-5ac2cb09554299657fa29066,5ac2cb09554299657fa29066,1055630756,22020096,192,3183288320,90313,102000
-2.4949228763580322,0.625,6,192,0,0.0,combined_structural,hotpotqa,3245149648,0.8,hotpotqa-5ac2cb09554299657fa29066,5ac2cb09554299657fa29066,1056981403,22020096,192,3183288320,90313,137346
-1.2188968658447266,0.75,6,192,0,1.0,oracle_evidence,hotpotqa,3246104859,1.0,hotpotqa-5ac2cb09554299657fa29066,5ac2cb09554299657fa29066,1058359513,22020096,192,3183288320,90313,79034
-4.524020671844482,0.20000000298023224,2,64,0,0.0,base_topk,hotpotqa,945113473,0.4,hotpotqa-5ae12f16554299422ee9961f,5ae12f16554299422ee9961f,477642020,7340032,64,3183288320,90313,87581
-4.524020671844482,0.20000000298023224,2,64,0,0.0,budget_tuned_topk,hotpotqa,945113473,0.4,hotpotqa-5ae12f16554299422ee9961f,5ae12f16554299422ee9961f,477642020,7340032,64,3183288320,90313,53204
-4.524020671844482,0.20000000298023224,2,64,0,0.0,power_sharpen,hotpotqa,945113473,0.4,hotpotqa-5ae12f16554299422ee9961f,5ae12f16554299422ee9961f,477642020,7340032,64,3183288320,90313,56316
-4.524020671844482,0.20000000298023224,2,64,0,0.0,entropy_adaptive_sharpen,hotpotqa,945113473,0.4,hotpotqa-5ae12f16554299422ee9961f,5ae12f16554299422ee9961f,477642020,7340032,64,3183288320,90313,105082
-4.318986892700195,0.20000000298023224,2,64,0,0.0,persistence,hotpotqa,924155826,0.0,hotpotqa-5ae12f16554299422ee9961f,5ae12f16554299422ee9961f,472103842,7340032,64,3183288320,90313,20620
-4.524020671844482,0.20000000298023224,2,64,0,0.0,agreement,hotpotqa,945113473,0.4,hotpotqa-5ae12f16554299422ee9961f,5ae12f16554299422ee9961f,477642020,7340032,64,3183288320,90313,48865
-4.524020671844482,0.20000000298023224,2,64,0,0.0,community,hotpotqa,945113473,0.4,hotpotqa-5ae12f16554299422ee9961f,5ae12f16554299422ee9961f,477642020,7340032,64,3183288320,90313,20992
-4.059593200683594,0.20000000298023224,2,64,0,0.0,bridge_preserving,hotpotqa,927541001,0.4,hotpotqa-5ae12f16554299422ee9961f,5ae12f16554299422ee9961f,469091090,7340032,64,3183288320,90313,33272
-4.580568313598633,0.20000000298023224,2,64,0,0.0,combined_structural,hotpotqa,951343673,0.2,hotpotqa-5ae12f16554299422ee9961f,5ae12f16554299422ee9961f,475817771,7340032,64,3183288320,90313,100541
-4.524020671844482,0.20000000298023224,2,64,0,0.0,oracle_evidence,hotpotqa,945113473,0.4,hotpotqa-5ae12f16554299422ee9961f,5ae12f16554299422ee9961f,477642020,7340032,64,3183288320,90313,64905
-4.75610876083374,0.20000000298023224,4,128,0,0.0,base_topk,hotpotqa,1498303619,0.4,hotpotqa-5ae12f16554299422ee9961f,5ae12f16554299422ee9961f,959209227,14680064,128,3183288320,90313,21363
-4.75610876083374,0.20000000298023224,4,128,0,0.0,budget_tuned_topk,hotpotqa,1498303619,0.4,hotpotqa-5ae12f16554299422ee9961f,5ae12f16554299422ee9961f,959209227,14680064,128,3183288320,90313,47008
-4.75610876083374,0.20000000298023224,4,128,0,0.0,power_sharpen,hotpotqa,1498303619,0.4,hotpotqa-5ae12f16554299422ee9961f,5ae12f16554299422ee9961f,959209227,14680064,128,3183288320,90313,48170
-4.75610876083374,0.20000000298023224,4,128,0,0.0,entropy_adaptive_sharpen,hotpotqa,1498303619,0.4,hotpotqa-5ae12f16554299422ee9961f,5ae12f16554299422ee9961f,959209227,14680064,128,3183288320,90313,85819
-4.753955841064453,0.20000000298023224,4,128,0,0.0,persistence,hotpotqa,1516478031,0.2,hotpotqa-5ae12f16554299422ee9961f,5ae12f16554299422ee9961f,977587346,14680064,128,3183288320,90313,17103
-4.946094036102295,0.20000000298023224,4,128,0,0.0,agreement,hotpotqa,1512658476,0.4,hotpotqa-5ae12f16554299422ee9961f,5ae12f16554299422ee9961f,972985990,14680064,128,3183288320,90313,58368
-4.968526840209961,0.20000000298023224,4,128,0,0.0,community,hotpotqa,1515240698,0.6,hotpotqa-5ae12f16554299422ee9961f,5ae12f16554299422ee9961f,973879814,14680064,128,3183288320,90313,58495
-4.748866558074951,0.20000000298023224,4,128,0,0.0,bridge_preserving,hotpotqa,1516416283,0.6,hotpotqa-5ae12f16554299422ee9961f,5ae12f16554299422ee9961f,972253183,14680064,128,3183288320,90313,76553
-4.390203475952148,0.20000000298023224,4,128,0,0.0,combined_structural,hotpotqa,1510366236,0.2,hotpotqa-5ae12f16554299422ee9961f,5ae12f16554299422ee9961f,968906847,14680064,128,3183288320,90313,110673
-3.9123151302337646,0.20000000298023224,4,128,0,0.0,oracle_evidence,hotpotqa,1519606295,0.8,hotpotqa-5ae12f16554299422ee9961f,5ae12f16554299422ee9961f,978356636,14680064,128,3183288320,90313,96130
-4.778911590576172,0.20000000298023224,6,192,0,0.0,base_topk,hotpotqa,1881849349,0.6,hotpotqa-5ae12f16554299422ee9961f,5ae12f16554299422ee9961f,1318833379,22020096,192,3183288320,90313,72688
-4.778911590576172,0.20000000298023224,6,192,0,0.0,budget_tuned_topk,hotpotqa,1881849349,0.6,hotpotqa-5ae12f16554299422ee9961f,5ae12f16554299422ee9961f,1318833379,22020096,192,3183288320,90313,66285
-4.778911590576172,0.20000000298023224,6,192,0,0.0,power_sharpen,hotpotqa,1881849349,0.6,hotpotqa-5ae12f16554299422ee9961f,5ae12f16554299422ee9961f,1318833379,22020096,192,3183288320,90313,71728
-4.778911590576172,0.20000000298023224,6,192,0,0.0,entropy_adaptive_sharpen,hotpotqa,1881849349,0.6,hotpotqa-5ae12f16554299422ee9961f,5ae12f16554299422ee9961f,1318833379,22020096,192,3183288320,90313,107061
-4.8106608390808105,0.20000000298023224,6,192,0,0.0,persistence,hotpotqa,1876299143,0.4,hotpotqa-5ae12f16554299422ee9961f,5ae12f16554299422ee9961f,1313543950,22020096,192,3183288320,90313,23119
-4.646487712860107,0.20000000298023224,6,192,0,0.0,agreement,hotpotqa,1869872616,0.4,hotpotqa-5ae12f16554299422ee9961f,5ae12f16554299422ee9961f,1309498671,22020096,192,3183288320,90313,57046
-4.778911590576172,0.20000000298023224,6,192,0,0.0,community,hotpotqa,1881849349,0.6,hotpotqa-5ae12f16554299422ee9961f,5ae12f16554299422ee9961f,1318833379,22020096,192,3183288320,90313,57702
-4.871732234954834,0.20000000298023224,6,192,0,0.0,bridge_preserving,hotpotqa,1882179736,0.6,hotpotqa-5ae12f16554299422ee9961f,5ae12f16554299422ee9961f,1319461692,22020096,192,3183288320,90313,45286
-4.8106608390808105,0.20000000298023224,6,192,0,0.0,combined_structural,hotpotqa,1876299143,0.4,hotpotqa-5ae12f16554299422ee9961f,5ae12f16554299422ee9961f,1313543950,22020096,192,3183288320,90313,123229
-4.5970330238342285,0.20000000298023224,6,192,0,1.0,oracle_evidence,hotpotqa,1874724088,1.0,hotpotqa-5ae12f16554299422ee9961f,5ae12f16554299422ee9961f,1311476926,22020096,192,3183288320,90313,42149
-1.253732442855835,0.6666666865348816,2,64,0,0.0,base_topk,hotpotqa,4879562913,0.25,hotpotqa-5ae1b1aa5542997283cd223f,5ae1b1aa5542997283cd223f,549626345,7340032,64,3183386624,90313,51665
-1.253732442855835,0.6666666865348816,2,64,0,0.0,budget_tuned_topk,hotpotqa,4879562913,0.25,hotpotqa-5ae1b1aa5542997283cd223f,5ae1b1aa5542997283cd223f,549626345,7340032,64,3183386624,90313,63916
-1.253732442855835,0.6666666865348816,2,64,0,0.0,power_sharpen,hotpotqa,4879562913,0.25,hotpotqa-5ae1b1aa5542997283cd223f,5ae1b1aa5542997283cd223f,549626345,7340032,64,3183386624,90313,69213
-1.253732442855835,0.6666666865348816,2,64,0,0.0,entropy_adaptive_sharpen,hotpotqa,4879562913,0.25,hotpotqa-5ae1b1aa5542997283cd223f,5ae1b1aa5542997283cd223f,549626345,7340032,64,3183386624,90313,128274
-1.253732442855835,0.6666666865348816,2,64,0,0.0,persistence,hotpotqa,4879562913,0.25,hotpotqa-5ae1b1aa5542997283cd223f,5ae1b1aa5542997283cd223f,549626345,7340032,64,3183386624,90313,26533
-1.6318705081939697,0.6666666865348816,2,64,0,0.0,agreement,hotpotqa,1883696922,0.25,hotpotqa-5ae1b1aa5542997283cd223f,5ae1b1aa5542997283cd223f,550676464,7340032,64,3177095168,90313,22443
-1.253732442855835,0.6666666865348816,2,64,0,0.0,community,hotpotqa,4879562913,0.25,hotpotqa-5ae1b1aa5542997283cd223f,5ae1b1aa5542997283cd223f,549626345,7340032,64,3183386624,90313,81686
-1.1429202556610107,0.6666666865348816,2,64,0,0.0,bridge_preserving,hotpotqa,1879922141,0.25,hotpotqa-5ae1b1aa5542997283cd223f,5ae1b1aa5542997283cd223f,548327895,7340032,64,3177095168,90313,64842
-1.253732442855835,0.6666666865348816,2,64,0,0.0,combined_structural,hotpotqa,4879562913,0.25,hotpotqa-5ae1b1aa5542997283cd223f,5ae1b1aa5542997283cd223f,549626345,7340032,64,3183386624,90313,100549
-1.253732442855835,0.6666666865348816,2,64,0,0.0,oracle_evidence,hotpotqa,4879562913,0.25,hotpotqa-5ae1b1aa5542997283cd223f,5ae1b1aa5542997283cd223f,549626345,7340032,64,3183386624,90313,34157
-0.7916048765182495,0.6666666865348816,4,128,0,0.0,base_topk,hotpotqa,2964902488,0.375,hotpotqa-5ae1b1aa5542997283cd223f,5ae1b1aa5542997283cd223f,974149426,14680064,128,3177111552,90313,19520
-0.7916048765182495,0.6666666865348816,4,128,0,0.0,budget_tuned_topk,hotpotqa,2964902488,0.375,hotpotqa-5ae1b1aa5542997283cd223f,5ae1b1aa5542997283cd223f,974149426,14680064,128,3177111552,90313,52785
-0.7916048765182495,0.6666666865348816,4,128,0,0.0,power_sharpen,hotpotqa,2964902488,0.375,hotpotqa-5ae1b1aa5542997283cd223f,5ae1b1aa5542997283cd223f,974149426,14680064,128,3177111552,90313,57071
-0.7916048765182495,0.6666666865348816,4,128,0,0.0,entropy_adaptive_sharpen,hotpotqa,2964902488,0.375,hotpotqa-5ae1b1aa5542997283cd223f,5ae1b1aa5542997283cd223f,974149426,14680064,128,3177111552,90313,107341
-1.0685439109802246,0.6666666865348816,4,128,0,0.0,persistence,hotpotqa,2366706424,0.375,hotpotqa-5ae1b1aa5542997283cd223f,5ae1b1aa5542997283cd223f,978271922,14680064,128,3177111552,90313,22468
-1.2187504768371582,0.3333333432674408,4,128,0,0.0,agreement,hotpotqa,2362933105,0.375,hotpotqa-5ae1b1aa5542997283cd223f,5ae1b1aa5542997283cd223f,983072029,14680064,128,3177111552,90313,56557
-0.7093130350112915,0.6666666865348816,4,128,0,0.0,community,hotpotqa,2350676920,0.5,hotpotqa-5ae1b1aa5542997283cd223f,5ae1b1aa5542997283cd223f,968858352,14680064,128,3177111552,90313,69546
-0.7749276161193848,0.6666666865348816,4,128,0,0.0,bridge_preserving,hotpotqa,2347321587,0.375,hotpotqa-5ae1b1aa5542997283cd223f,5ae1b1aa5542997283cd223f,968377722,14680064,128,3177111552,90313,66156
-1.1722326278686523,0.6666666865348816,4,128,0,0.0,combined_structural,hotpotqa,2361208166,0.375,hotpotqa-5ae1b1aa5542997283cd223f,5ae1b1aa5542997283cd223f,978723772,14680064,128,3177111552,90313,77850
-0.7093130350112915,0.6666666865348816,4,128,0,0.0,oracle_evidence,hotpotqa,2350676920,0.5,hotpotqa-5ae1b1aa5542997283cd223f,5ae1b1aa5542997283cd223f,968858352,14680064,128,3177111552,90313,93584
-0.5750750303268433,0.6666666865348816,6,192,0,0.0,base_topk,hotpotqa,3311756943,0.5,hotpotqa-5ae1b1aa5542997283cd223f,5ae1b1aa5542997283cd223f,1313071463,22020096,192,3177127936,90313,34170
-0.5750750303268433,0.6666666865348816,6,192,0,0.0,budget_tuned_topk,hotpotqa,3311756943,0.5,hotpotqa-5ae1b1aa5542997283cd223f,5ae1b1aa5542997283cd223f,1313071463,22020096,192,3177127936,90313,45181
-0.5750750303268433,0.6666666865348816,6,192,0,0.0,power_sharpen,hotpotqa,3311756943,0.5,hotpotqa-5ae1b1aa5542997283cd223f,5ae1b1aa5542997283cd223f,1313071463,22020096,192,3177127936,90313,45852
-0.5750750303268433,0.6666666865348816,6,192,0,0.0,entropy_adaptive_sharpen,hotpotqa,3311756943,0.5,hotpotqa-5ae1b1aa5542997283cd223f,5ae1b1aa5542997283cd223f,1313071463,22020096,192,3177127936,90313,84556
-1.2081443071365356,0.6666666865348816,6,192,0,0.0,persistence,hotpotqa,2740374786,0.375,hotpotqa-5ae1b1aa5542997283cd223f,5ae1b1aa5542997283cd223f,1314522334,22020096,192,3177127936,90313,16617
-0.6674992442131042,0.6666666865348816,6,192,0,0.0,agreement,hotpotqa,2741634248,0.625,hotpotqa-5ae1b1aa5542997283cd223f,5ae1b1aa5542997283cd223f,1310787771,22020096,192,3177127936,90313,51444
-0.6860341429710388,0.6666666865348816,6,192,0,0.0,community,hotpotqa,2748526819,0.5,hotpotqa-5ae1b1aa5542997283cd223f,5ae1b1aa5542997283cd223f,1322461640,22020096,192,3177127936,90313,57526
-0.5939069986343384,0.6666666865348816,6,192,0,0.0,bridge_preserving,hotpotqa,2738237226,0.5,hotpotqa-5ae1b1aa5542997283cd223f,5ae1b1aa5542997283cd223f,1309126242,22020096,192,3177127936,90313,94016
-1.1006927490234375,0.6666666865348816,6,192,0,0.0,combined_structural,hotpotqa,2744136203,0.5,hotpotqa-5ae1b1aa5542997283cd223f,5ae1b1aa5542997283cd223f,1319065151,22020096,192,3177127936,90313,125068
-0.8321908712387085,0.6666666865348816,6,192,0,0.0,oracle_evidence,hotpotqa,2744222469,0.75,hotpotqa-5ae1b1aa5542997283cd223f,5ae1b1aa5542997283cd223f,1318421398,22020096,192,3177127936,90313,100845
-1.8912560939788818,0.6666666865348816,2,64,0,0.0,base_topk,hotpotqa,1073707080,0.25,hotpotqa-5ae1c2d8554299234fd042ee,5ae1c2d8554299234fd042ee,550164685,7340032,64,3181338624,90313,68549
-1.8912560939788818,0.6666666865348816,2,64,0,0.0,budget_tuned_topk,hotpotqa,1073707080,0.25,hotpotqa-5ae1c2d8554299234fd042ee,5ae1c2d8554299234fd042ee,550164685,7340032,64,3181338624,90313,61217
-1.8912560939788818,0.6666666865348816,2,64,0,0.0,power_sharpen,hotpotqa,1073707080,0.25,hotpotqa-5ae1c2d8554299234fd042ee,5ae1c2d8554299234fd042ee,550164685,7340032,64,3181338624,90313,56475
-1.8912560939788818,0.6666666865348816,2,64,0,0.0,entropy_adaptive_sharpen,hotpotqa,1073707080,0.25,hotpotqa-5ae1c2d8554299234fd042ee,5ae1c2d8554299234fd042ee,550164685,7340032,64,3181338624,90313,98474
-2.1271355152130127,0.6666666865348816,2,64,0,0.0,persistence,hotpotqa,1097689133,0.25,hotpotqa-5ae1c2d8554299234fd042ee,5ae1c2d8554299234fd042ee,572895143,7340032,64,3181346816,90313,19514
-1.8114738464355469,0.6666666865348816,2,64,0,0.0,agreement,hotpotqa,1072586115,0.25,hotpotqa-5ae1c2d8554299234fd042ee,5ae1c2d8554299234fd042ee,550589814,7340032,64,3181346816,90313,68377
-1.8912560939788818,0.6666666865348816,2,64,0,0.0,community,hotpotqa,1073707080,0.25,hotpotqa-5ae1c2d8554299234fd042ee,5ae1c2d8554299234fd042ee,550164685,7340032,64,3181338624,90313,43654
-1.7460155487060547,0.6666666865348816,2,64,0,0.0,bridge_preserving,hotpotqa,1072207435,0.25,hotpotqa-5ae1c2d8554299234fd042ee,5ae1c2d8554299234fd042ee,548982788,7340032,64,3181346816,90313,28851
-1.9803826808929443,0.6666666865348816,2,64,0,0.0,combined_structural,hotpotqa,1071797585,0.25,hotpotqa-5ae1c2d8554299234fd042ee,5ae1c2d8554299234fd042ee,550387465,7340032,64,3181346816,90313,122889
-1.8912560939788818,0.6666666865348816,2,64,0,0.0,oracle_evidence,hotpotqa,1073707080,0.25,hotpotqa-5ae1c2d8554299234fd042ee,5ae1c2d8554299234fd042ee,550164685,7340032,64,3181338624,90313,65294
-1.8443797826766968,0.6666666865348816,4,128,0,0.0,base_topk,hotpotqa,1520718555,0.375,hotpotqa-5ae1c2d8554299234fd042ee,5ae1c2d8554299234fd042ee,973791218,14680064,128,3181346816,90313,23253
-1.8443797826766968,0.6666666865348816,4,128,0,0.0,budget_tuned_topk,hotpotqa,1520718555,0.375,hotpotqa-5ae1c2d8554299234fd042ee,5ae1c2d8554299234fd042ee,973791218,14680064,128,3181346816,90313,54046
-1.8443797826766968,0.6666666865348816,4,128,0,0.0,power_sharpen,hotpotqa,1520718555,0.375,hotpotqa-5ae1c2d8554299234fd042ee,5ae1c2d8554299234fd042ee,973791218,14680064,128,3181346816,90313,55242
-1.8443797826766968,0.6666666865348816,4,128,0,0.0,entropy_adaptive_sharpen,hotpotqa,1520718555,0.375,hotpotqa-5ae1c2d8554299234fd042ee,5ae1c2d8554299234fd042ee,973791218,14680064,128,3181346816,90313,106285
-2.260448455810547,0.6666666865348816,4,128,0,0.0,persistence,hotpotqa,1514047796,0.5,hotpotqa-5ae1c2d8554299234fd042ee,5ae1c2d8554299234fd042ee,973671716,14680064,128,3181346816,90313,22383
-1.9601835012435913,0.6666666865348816,4,128,0,0.0,agreement,hotpotqa,1521049669,0.375,hotpotqa-5ae1c2d8554299234fd042ee,5ae1c2d8554299234fd042ee,973909236,14680064,128,3181346816,90313,50060
-1.9638986587524414,0.6666666865348816,4,128,0,0.0,community,hotpotqa,1519127875,0.5,hotpotqa-5ae1c2d8554299234fd042ee,5ae1c2d8554299234fd042ee,976121755,14680064,128,3181346816,90313,69444
-1.8443797826766968,0.6666666865348816,4,128,0,0.0,bridge_preserving,hotpotqa,1520718555,0.375,hotpotqa-5ae1c2d8554299234fd042ee,5ae1c2d8554299234fd042ee,973791218,14680064,128,3181346816,90313,106752
-1.9638986587524414,0.6666666865348816,4,128,0,0.0,combined_structural,hotpotqa,1519127875,0.5,hotpotqa-5ae1c2d8554299234fd042ee,5ae1c2d8554299234fd042ee,976121755,14680064,128,3181346816,90313,94394
-1.9638986587524414,0.6666666865348816,4,128,0,0.0,oracle_evidence,hotpotqa,1519127875,0.5,hotpotqa-5ae1c2d8554299234fd042ee,5ae1c2d8554299234fd042ee,976121755,14680064,128,3181346816,90313,40317
-1.939149260520935,0.6666666865348816,6,192,0,0.0,base_topk,hotpotqa,1521258495,0.5,hotpotqa-5ae1c2d8554299234fd042ee,5ae1c2d8554299234fd042ee,1056442608,22020096,192,3181346816,90313,24170
-1.939149260520935,0.6666666865348816,6,192,0,0.0,budget_tuned_topk,hotpotqa,1521258495,0.5,hotpotqa-5ae1c2d8554299234fd042ee,5ae1c2d8554299234fd042ee,1056442608,22020096,192,3181346816,90313,46114
-1.939149260520935,0.6666666865348816,6,192,0,0.0,power_sharpen,hotpotqa,1521258495,0.5,hotpotqa-5ae1c2d8554299234fd042ee,5ae1c2d8554299234fd042ee,1056442608,22020096,192,3181346816,90313,46631
-1.939149260520935,0.6666666865348816,6,192,0,0.0,entropy_adaptive_sharpen,hotpotqa,1521258495,0.5,hotpotqa-5ae1c2d8554299234fd042ee,5ae1c2d8554299234fd042ee,1056442608,22020096,192,3181346816,90313,88387
-2.1076836585998535,0.6666666865348816,6,192,0,0.0,persistence,hotpotqa,1521177481,0.625,hotpotqa-5ae1c2d8554299234fd042ee,5ae1c2d8554299234fd042ee,1055386330,22020096,192,3181346816,90313,17936
-1.9989352226257324,0.6666666865348816,6,192,0,0.0,agreement,hotpotqa,1515711482,0.5,hotpotqa-5ae1c2d8554299234fd042ee,5ae1c2d8554299234fd042ee,1055616773,22020096,192,3181346816,90313,56707
-1.97879159450531,0.6666666865348816,6,192,0,0.0,community,hotpotqa,1512974545,0.625,hotpotqa-5ae1c2d8554299234fd042ee,5ae1c2d8554299234fd042ee,1055239240,22020096,192,3181346816,90313,69798
-2.1076836585998535,0.6666666865348816,6,192,0,0.0,bridge_preserving,hotpotqa,1521177481,0.625,hotpotqa-5ae1c2d8554299234fd042ee,5ae1c2d8554299234fd042ee,1055386330,22020096,192,3181346816,90313,95583
-2.1076836585998535,0.6666666865348816,6,192,0,0.0,combined_structural,hotpotqa,1521177481,0.625,hotpotqa-5ae1c2d8554299234fd042ee,5ae1c2d8554299234fd042ee,1055386330,22020096,192,3181346816,90313,88324
-1.9989174604415894,0.6666666865348816,6,192,0,0.0,oracle_evidence,hotpotqa,1506031672,0.75,hotpotqa-5ae1c2d8554299234fd042ee,5ae1c2d8554299234fd042ee,1055740902,22020096,192,3181346816,90313,38391
-7.2841620445251465,0.25,2,64,0,0.0,base_topk,hotpotqa,2502179764,0.0,hotpotqa-5ae1d4e75542997f29b3c143,5ae1d4e75542997f29b3c143,471310105,7340032,64,3181346816,90313,50127
-7.2841620445251465,0.25,2,64,0,0.0,budget_tuned_topk,hotpotqa,2502179764,0.0,hotpotqa-5ae1d4e75542997f29b3c143,5ae1d4e75542997f29b3c143,471310105,7340032,64,3181346816,90313,49305
-7.2841620445251465,0.25,2,64,0,0.0,power_sharpen,hotpotqa,2502179764,0.0,hotpotqa-5ae1d4e75542997f29b3c143,5ae1d4e75542997f29b3c143,471310105,7340032,64,3181346816,90313,49864
-7.2841620445251465,0.25,2,64,0,0.0,entropy_adaptive_sharpen,hotpotqa,2502179764,0.0,hotpotqa-5ae1d4e75542997f29b3c143,5ae1d4e75542997f29b3c143,471310105,7340032,64,3181346816,90313,88382
-1.8253306150436401,0.5,2,64,0,0.0,persistence,hotpotqa,2578462843,0.5,hotpotqa-5ae1d4e75542997f29b3c143,5ae1d4e75542997f29b3c143,548889348,7340032,64,3181346816,90313,16986
-7.391366958618164,0.0,2,64,0,0.0,agreement,hotpotqa,2584633382,0.0,hotpotqa-5ae1d4e75542997f29b3c143,5ae1d4e75542997f29b3c143,550717512,7340032,64,3181346816,90313,56636
-7.2841620445251465,0.25,2,64,0,0.0,community,hotpotqa,2502179764,0.0,hotpotqa-5ae1d4e75542997f29b3c143,5ae1d4e75542997f29b3c143,471310105,7340032,64,3181346816,90313,75655
-6.84776496887207,0.25,2,64,0,0.0,bridge_preserving,hotpotqa,2588760647,0.25,hotpotqa-5ae1d4e75542997f29b3c143,5ae1d4e75542997f29b3c143,551830861,7340032,64,3181346816,90313,45360
-6.660478591918945,0.25,2,64,0,0.0,combined_structural,hotpotqa,2583620876,0.25,hotpotqa-5ae1d4e75542997f29b3c143,5ae1d4e75542997f29b3c143,551807656,7340032,64,3181346816,90313,86568
-0.21560557186603546,1.0,2,64,0,0.0,oracle_evidence,hotpotqa,2587111590,0.5,hotpotqa-5ae1d4e75542997f29b3c143,5ae1d4e75542997f29b3c143,550298633,7340032,64,3181346816,90313,56510
-0.6489636898040771,0.5,4,128,0,0.0,base_topk,hotpotqa,3128274726,0.5,hotpotqa-5ae1d4e75542997f29b3c143,5ae1d4e75542997f29b3c143,969275466,14680064,128,3181346816,90313,52555
-0.6489636898040771,0.5,4,128,0,0.0,budget_tuned_topk,hotpotqa,3128274726,0.5,hotpotqa-5ae1d4e75542997f29b3c143,5ae1d4e75542997f29b3c143,969275466,14680064,128,3181346816,90313,66666
-0.6489636898040771,0.5,4,128,0,0.0,power_sharpen,hotpotqa,3128274726,0.5,hotpotqa-5ae1d4e75542997f29b3c143,5ae1d4e75542997f29b3c143,969275466,14680064,128,3181346816,90313,69981
-0.6489636898040771,0.5,4,128,0,0.0,entropy_adaptive_sharpen,hotpotqa,3128274726,0.5,hotpotqa-5ae1d4e75542997f29b3c143,5ae1d4e75542997f29b3c143,969275466,14680064,128,3181346816,90313,138247
-2.417008638381958,0.75,4,128,0,0.0,persistence,hotpotqa,3139971702,0.5,hotpotqa-5ae1d4e75542997f29b3c143,5ae1d4e75542997f29b3c143,977893441,14680064,128,3181346816,90313,27329
-0.24217963218688965,1.0,4,128,0,0.0,agreement,hotpotqa,3138830920,0.25,hotpotqa-5ae1d4e75542997f29b3c143,5ae1d4e75542997f29b3c143,978912683,14680064,128,3181346816,90313,55623
-0.24217963218688965,1.0,4,128,0,0.0,community,hotpotqa,3138830920,0.25,hotpotqa-5ae1d4e75542997f29b3c143,5ae1d4e75542997f29b3c143,978912683,14680064,128,3181346816,90313,69921
-0.6489636898040771,0.5,4,128,0,0.0,bridge_preserving,hotpotqa,3128274726,0.5,hotpotqa-5ae1d4e75542997f29b3c143,5ae1d4e75542997f29b3c143,969275466,14680064,128,3181346816,90313,56685
-6.3833417892456055,0.25,4,128,0,0.0,combined_structural,hotpotqa,3133877402,0.25,hotpotqa-5ae1d4e75542997f29b3c143,5ae1d4e75542997f29b3c143,979166637,14680064,128,3181346816,90313,102971
-0.15725013613700867,1.0,4,128,0,1.0,oracle_evidence,hotpotqa,3134675486,1.0,hotpotqa-5ae1d4e75542997f29b3c143,5ae1d4e75542997f29b3c143,972610831,14680064,128,3181346816,90313,60446
-0.5305582284927368,0.75,6,192,0,0.0,base_topk,hotpotqa,3599976142,0.5,hotpotqa-5ae1d4e75542997f29b3c143,5ae1d4e75542997f29b3c143,1309341161,22020096,192,3181346816,90313,46338
-0.5305582284927368,0.75,6,192,0,0.0,budget_tuned_topk,hotpotqa,3599976142,0.5,hotpotqa-5ae1d4e75542997f29b3c143,5ae1d4e75542997f29b3c143,1309341161,22020096,192,3181346816,90313,65499
-0.5305582284927368,0.75,6,192,0,0.0,power_sharpen,hotpotqa,3599976142,0.5,hotpotqa-5ae1d4e75542997f29b3c143,5ae1d4e75542997f29b3c143,1309341161,22020096,192,3181346816,90313,70534
-0.5305582284927368,0.75,6,192,0,0.0,entropy_adaptive_sharpen,hotpotqa,3599976142,0.5,hotpotqa-5ae1d4e75542997f29b3c143,5ae1d4e75542997f29b3c143,1309341161,22020096,192,3181346816,90313,130670
-2.3712103366851807,0.75,6,192,0,0.0,persistence,hotpotqa,3610010602,0.75,hotpotqa-5ae1d4e75542997f29b3c143,5ae1d4e75542997f29b3c143,1320989830,22020096,192,3181346816,90313,44987
-0.5305582284927368,0.75,6,192,0,0.0,agreement,hotpotqa,3599976142,0.5,hotpotqa-5ae1d4e75542997f29b3c143,5ae1d4e75542997f29b3c143,1309341161,22020096,192,3181346816,90313,70563
-0.5305582284927368,0.75,6,192,0,0.0,community,hotpotqa,3599976142,0.5,hotpotqa-5ae1d4e75542997f29b3c143,5ae1d4e75542997f29b3c143,1309341161,22020096,192,3181346816,90313,31761
-0.5676199197769165,0.75,6,192,0,0.0,bridge_preserving,hotpotqa,3609707705,0.75,hotpotqa-5ae1d4e75542997f29b3c143,5ae1d4e75542997f29b3c143,1318814449,22020096,192,3181346816,90313,52810
-2.5391952991485596,0.75,6,192,0,0.0,combined_structural,hotpotqa,3602280460,0.75,hotpotqa-5ae1d4e75542997f29b3c143,5ae1d4e75542997f29b3c143,1313844541,22020096,192,3181346816,90313,103954
-0.5212496519088745,1.0,6,192,0,1.0,oracle_evidence,hotpotqa,3616854075,1.0,hotpotqa-5ae1d4e75542997f29b3c143,5ae1d4e75542997f29b3c143,1322280201,22020096,192,3181346816,90313,66871
-1.1279338598251343,0.6000000238418579,2,64,0,0.0,base_topk,hotpotqa,4169088425,0.14285714285714285,hotpotqa-5ae731c4554299572ea54781,5ae731c4554299572ea54781,550559871,7340032,64,3181445120,90313,87240
-1.1279338598251343,0.6000000238418579,2,64,0,0.0,budget_tuned_topk,hotpotqa,4169088425,0.14285714285714285,hotpotqa-5ae731c4554299572ea54781,5ae731c4554299572ea54781,550559871,7340032,64,3181445120,90313,63811
-1.1279338598251343,0.6000000238418579,2,64,0,0.0,power_sharpen,hotpotqa,4169088425,0.14285714285714285,hotpotqa-5ae731c4554299572ea54781,5ae731c4554299572ea54781,550559871,7340032,64,3181445120,90313,79941
-1.1279338598251343,0.6000000238418579,2,64,0,0.0,entropy_adaptive_sharpen,hotpotqa,4169088425,0.14285714285714285,hotpotqa-5ae731c4554299572ea54781,5ae731c4554299572ea54781,550559871,7340032,64,3181445120,90313,131439
-1.3334001302719116,0.4000000059604645,2,64,0,0.0,persistence,hotpotqa,1153022853,0.14285714285714285,hotpotqa-5ae731c4554299572ea54781,5ae731c4554299572ea54781,547587909,7340032,64,3181445120,90313,26784
-1.4196642637252808,0.4000000059604645,2,64,0,0.0,agreement,hotpotqa,1155054937,0.2857142857142857,hotpotqa-5ae731c4554299572ea54781,5ae731c4554299572ea54781,551471620,7340032,64,3181445120,90313,48065
-1.1279338598251343,0.6000000238418579,2,64,0,0.0,community,hotpotqa,4169088425,0.14285714285714285,hotpotqa-5ae731c4554299572ea54781,5ae731c4554299572ea54781,550559871,7340032,64,3181445120,90313,57007
-1.6817392110824585,0.4000000059604645,2,64,0,0.0,bridge_preserving,hotpotqa,1156445809,0.2857142857142857,hotpotqa-5ae731c4554299572ea54781,5ae731c4554299572ea54781,550806106,7340032,64,3181445120,90313,43651
-1.1521135568618774,0.800000011920929,2,64,0,0.0,combined_structural,hotpotqa,1154919946,0.2857142857142857,hotpotqa-5ae731c4554299572ea54781,5ae731c4554299572ea54781,550870462,7340032,64,3181445120,90313,122623
-1.4196642637252808,0.4000000059604645,2,64,0,0.0,oracle_evidence,hotpotqa,1155054937,0.2857142857142857,hotpotqa-5ae731c4554299572ea54781,5ae731c4554299572ea54781,551471620,7340032,64,3181445120,90313,67923
-0.07335177809000015,1.0,4,128,0,0.0,base_topk,hotpotqa,2254360082,0.42857142857142855,hotpotqa-5ae731c4554299572ea54781,5ae731c4554299572ea54781,974164140,14680064,128,3181461504,90313,22042
-0.07335177809000015,1.0,4,128,0,0.0,budget_tuned_topk,hotpotqa,2254360082,0.42857142857142855,hotpotqa-5ae731c4554299572ea54781,5ae731c4554299572ea54781,974164140,14680064,128,3181461504,90313,92813
-0.07335177809000015,1.0,4,128,0,0.0,power_sharpen,hotpotqa,2254360082,0.42857142857142855,hotpotqa-5ae731c4554299572ea54781,5ae731c4554299572ea54781,974164140,14680064,128,3181461504,90313,58579
-0.07335177809000015,1.0,4,128,0,0.0,entropy_adaptive_sharpen,hotpotqa,2254360082,0.42857142857142855,hotpotqa-5ae731c4554299572ea54781,5ae731c4554299572ea54781,974164140,14680064,128,3181461504,90313,107027
-1.2590696811676025,0.6000000238418579,4,128,0,0.0,persistence,hotpotqa,1628458989,0.14285714285714285,hotpotqa-5ae731c4554299572ea54781,5ae731c4554299572ea54781,974104927,14680064,128,3181461504,90313,22250
-1.4664567708969116,0.6000000238418579,4,128,0,0.0,agreement,hotpotqa,1622658998,0.42857142857142855,hotpotqa-5ae731c4554299572ea54781,5ae731c4554299572ea54781,968428908,14680064,128,3181461504,90313,56842
-0.07335177809000015,1.0,4,128,0,0.0,community,hotpotqa,2254360082,0.42857142857142855,hotpotqa-5ae731c4554299572ea54781,5ae731c4554299572ea54781,974164140,14680064,128,3181461504,90313,54074
-1.0670145750045776,0.6000000238418579,4,128,0,0.0,bridge_preserving,hotpotqa,1633536979,0.42857142857142855,hotpotqa-5ae731c4554299572ea54781,5ae731c4554299572ea54781,975231037,14680064,128,3181461504,90313,37346
-1.0670145750045776,0.6000000238418579,4,128,0,0.0,combined_structural,hotpotqa,1633536979,0.42857142857142855,hotpotqa-5ae731c4554299572ea54781,5ae731c4554299572ea54781,975231037,14680064,128,3181461504,90313,89092
-0.17531214654445648,1.0,4,128,0,0.0,oracle_evidence,hotpotqa,1625810450,0.5714285714285714,hotpotqa-5ae731c4554299572ea54781,5ae731c4554299572ea54781,972479544,14680064,128,3181461504,90313,29981
-0.16017548739910126,1.0,6,192,0,0.0,base_topk,hotpotqa,2641467042,0.7142857142857143,hotpotqa-5ae731c4554299572ea54781,5ae731c4554299572ea54781,1313050321,22020096,192,3181477888,90313,64002
-0.16017548739910126,1.0,6,192,0,0.0,budget_tuned_topk,hotpotqa,2641467042,0.7142857142857143,hotpotqa-5ae731c4554299572ea54781,5ae731c4554299572ea54781,1313050321,22020096,192,3181477888,90313,64916
-0.16017548739910126,1.0,6,192,0,0.0,power_sharpen,hotpotqa,2641467042,0.7142857142857143,hotpotqa-5ae731c4554299572ea54781,5ae731c4554299572ea54781,1313050321,22020096,192,3181477888,90313,72263
-0.16017548739910126,1.0,6,192,0,0.0,entropy_adaptive_sharpen,hotpotqa,2641467042,0.7142857142857143,hotpotqa-5ae731c4554299572ea54781,5ae731c4554299572ea54781,1313050321,22020096,192,3181477888,90313,131100
-1.7161403894424438,0.4000000059604645,6,192,0,0.0,persistence,hotpotqa,2040834106,0.42857142857142855,hotpotqa-5ae731c4554299572ea54781,5ae731c4554299572ea54781,1327380165,22020096,192,3181477888,90313,21899
-0.24854500591754913,1.0,6,192,0,0.0,agreement,hotpotqa,2035347708,0.5714285714285714,hotpotqa-5ae731c4554299572ea54781,5ae731c4554299572ea54781,1322273796,22020096,192,3181477888,90313,57431
-0.16017548739910126,1.0,6,192,0,0.0,community,hotpotqa,2641467042,0.7142857142857143,hotpotqa-5ae731c4554299572ea54781,5ae731c4554299572ea54781,1313050321,22020096,192,3181477888,90313,59883
-0.06482977420091629,1.0,6,192,0,0.0,bridge_preserving,hotpotqa,2022006512,0.7142857142857143,hotpotqa-5ae731c4554299572ea54781,5ae731c4554299572ea54781,1310005993,22020096,192,3181477888,90313,45366
-1.0527924299240112,0.6000000238418579,6,192,0,0.0,combined_structural,hotpotqa,2023630390,0.42857142857142855,hotpotqa-5ae731c4554299572ea54781,5ae731c4554299572ea54781,1313825558,22020096,192,3181477888,90313,101299
-0.08152872323989868,1.0,6,192,0,0.0,oracle_evidence,hotpotqa,2021400308,0.8571428571428571,hotpotqa-5ae731c4554299572ea54781,5ae731c4554299572ea54781,1309738436,22020096,192,3181477888,90313,81154
-5.9704413414001465,0.0,2,64,0,0.0,base_topk,qasper,1668031050,0.3333333333333333,qasper-1604.00727-784ce5a983c5f2cc95a2c60ce66f2a8a50f3636f,1604.00727,605326651,7340032,64,3182354432,90313,315898
-5.9704413414001465,0.0,2,64,0,0.0,budget_tuned_topk,qasper,1668031050,0.3333333333333333,qasper-1604.00727-784ce5a983c5f2cc95a2c60ce66f2a8a50f3636f,1604.00727,605326651,7340032,64,3182354432,90313,54424
-5.9704413414001465,0.0,2,64,0,0.0,power_sharpen,qasper,1668031050,0.3333333333333333,qasper-1604.00727-784ce5a983c5f2cc95a2c60ce66f2a8a50f3636f,1604.00727,605326651,7340032,64,3182354432,90313,165019
-5.9704413414001465,0.0,2,64,0,0.0,entropy_adaptive_sharpen,qasper,1668031050,0.3333333333333333,qasper-1604.00727-784ce5a983c5f2cc95a2c60ce66f2a8a50f3636f,1604.00727,605326651,7340032,64,3182354432,90313,541641
-5.785696029663086,0.0,2,64,0,0.0,persistence,qasper,1583395889,0.0,qasper-1604.00727-784ce5a983c5f2cc95a2c60ce66f2a8a50f3636f,1604.00727,549445085,7340032,64,3182354432,90313,25196
-7.301964282989502,0.0,2,64,0,0.0,agreement,qasper,1586365513,0.3333333333333333,qasper-1604.00727-784ce5a983c5f2cc95a2c60ce66f2a8a50f3636f,1604.00727,552785935,7340032,64,3178160128,90313,49798
-5.9704413414001465,0.0,2,64,0,0.0,community,qasper,1668031050,0.3333333333333333,qasper-1604.00727-784ce5a983c5f2cc95a2c60ce66f2a8a50f3636f,1604.00727,605326651,7340032,64,3182354432,90313,49068
-7.301964282989502,0.0,2,64,0,0.0,bridge_preserving,qasper,1586365513,0.3333333333333333,qasper-1604.00727-784ce5a983c5f2cc95a2c60ce66f2a8a50f3636f,1604.00727,552785935,7340032,64,3178160128,90313,56858
-5.1168317794799805,0.0,2,64,0,0.0,combined_structural,qasper,1582984879,0.3333333333333333,qasper-1604.00727-784ce5a983c5f2cc95a2c60ce66f2a8a50f3636f,1604.00727,551640977,7340032,64,3178160128,90313,85608
-5.378727912902832,0.0,2,64,0,0.0,oracle_evidence,qasper,1589493653,0.6666666666666666,qasper-1604.00727-784ce5a983c5f2cc95a2c60ce66f2a8a50f3636f,1604.00727,555313025,7340032,64,3178160128,90313,56728
-5.724401473999023,0.0,4,128,0,1.0,base_topk,qasper,2143078564,1.0,qasper-1604.00727-784ce5a983c5f2cc95a2c60ce66f2a8a50f3636f,1604.00727,1006331959,14680064,128,3178160128,90313,81674
-5.724401473999023,0.0,4,128,0,1.0,budget_tuned_topk,qasper,2143078564,1.0,qasper-1604.00727-784ce5a983c5f2cc95a2c60ce66f2a8a50f3636f,1604.00727,1006331959,14680064,128,3178160128,90313,46243
-5.724401473999023,0.0,4,128,0,1.0,power_sharpen,qasper,2143078564,1.0,qasper-1604.00727-784ce5a983c5f2cc95a2c60ce66f2a8a50f3636f,1604.00727,1006331959,14680064,128,3178160128,90313,48568
-5.724401473999023,0.0,4,128,0,1.0,entropy_adaptive_sharpen,qasper,2143078564,1.0,qasper-1604.00727-784ce5a983c5f2cc95a2c60ce66f2a8a50f3636f,1604.00727,1006331959,14680064,128,3178160128,90313,89320
-6.036264896392822,0.0,4,128,0,0.0,persistence,qasper,2118305414,0.3333333333333333,qasper-1604.00727-784ce5a983c5f2cc95a2c60ce66f2a8a50f3636f,1604.00727,982360140,14680064,128,3178160128,90313,17520
-5.522493362426758,0.0,4,128,0,0.0,agreement,qasper,2117869698,0.3333333333333333,qasper-1604.00727-784ce5a983c5f2cc95a2c60ce66f2a8a50f3636f,1604.00727,982193320,14680064,128,3178160128,90313,73060
-5.724401473999023,0.0,4,128,0,1.0,community,qasper,2143078564,1.0,qasper-1604.00727-784ce5a983c5f2cc95a2c60ce66f2a8a50f3636f,1604.00727,1006331959,14680064,128,3178160128,90313,45481
-5.724401473999023,0.0,4,128,0,1.0,bridge_preserving,qasper,2143078564,1.0,qasper-1604.00727-784ce5a983c5f2cc95a2c60ce66f2a8a50f3636f,1604.00727,1006331959,14680064,128,3178160128,90313,33097
-6.036264896392822,0.0,4,128,0,0.0,combined_structural,qasper,2118305414,0.3333333333333333,qasper-1604.00727-784ce5a983c5f2cc95a2c60ce66f2a8a50f3636f,1604.00727,982360140,14680064,128,3178160128,90313,51358
-5.724401473999023,0.0,4,128,0,1.0,oracle_evidence,qasper,2143078564,1.0,qasper-1604.00727-784ce5a983c5f2cc95a2c60ce66f2a8a50f3636f,1604.00727,1006331959,14680064,128,3178160128,90313,20496
-5.888584613800049,0.0,6,192,0,1.0,base_topk,qasper,2567611264,1.0,qasper-1604.00727-784ce5a983c5f2cc95a2c60ce66f2a8a50f3636f,1604.00727,1329670503,22020096,192,3178160128,90313,11775
-5.888584613800049,0.0,6,192,0,1.0,budget_tuned_topk,qasper,2567611264,1.0,qasper-1604.00727-784ce5a983c5f2cc95a2c60ce66f2a8a50f3636f,1604.00727,1329670503,22020096,192,3178160128,90313,65908
-5.888584613800049,0.0,6,192,0,1.0,power_sharpen,qasper,2567611264,1.0,qasper-1604.00727-784ce5a983c5f2cc95a2c60ce66f2a8a50f3636f,1604.00727,1329670503,22020096,192,3178160128,90313,71055
-5.888584613800049,0.0,6,192,0,1.0,entropy_adaptive_sharpen,qasper,2567611264,1.0,qasper-1604.00727-784ce5a983c5f2cc95a2c60ce66f2a8a50f3636f,1604.00727,1329670503,22020096,192,3178160128,90313,135817
-4.7189860343933105,0.0,6,192,0,0.0,persistence,qasper,2539080733,0.3333333333333333,qasper-1604.00727-784ce5a983c5f2cc95a2c60ce66f2a8a50f3636f,1604.00727,1309242223,22020096,192,3178160128,90313,28223
-5.273420333862305,0.0,6,192,0,0.0,agreement,qasper,2538924467,0.6666666666666666,qasper-1604.00727-784ce5a983c5f2cc95a2c60ce66f2a8a50f3636f,1604.00727,1308524268,22020096,192,3178160128,90313,50644
-5.888584613800049,0.0,6,192,0,1.0,community,qasper,2567611264,1.0,qasper-1604.00727-784ce5a983c5f2cc95a2c60ce66f2a8a50f3636f,1604.00727,1329670503,22020096,192,3178160128,90313,57421
-5.888584613800049,0.0,6,192,0,1.0,bridge_preserving,qasper,2567611264,1.0,qasper-1604.00727-784ce5a983c5f2cc95a2c60ce66f2a8a50f3636f,1604.00727,1329670503,22020096,192,3178160128,90313,37695
-4.7189860343933105,0.0,6,192,0,0.0,combined_structural,qasper,2539080733,0.3333333333333333,qasper-1604.00727-784ce5a983c5f2cc95a2c60ce66f2a8a50f3636f,1604.00727,1309242223,22020096,192,3178160128,90313,60447
-5.888584613800049,0.0,6,192,0,1.0,oracle_evidence,qasper,2567611264,1.0,qasper-1604.00727-784ce5a983c5f2cc95a2c60ce66f2a8a50f3636f,1604.00727,1329670503,22020096,192,3178160128,90313,24273
-2.395189046859741,0.46666669845581055,2,64,0,1.0,base_topk,qasper,2598856513,1.0,qasper-1605.07333-6cd8bad8a031ce6d802ded90f9754088e0c8d653,1605.07333,604232630,7340032,64,3188699136,90313,48631
-2.395189046859741,0.46666669845581055,2,64,0,1.0,budget_tuned_topk,qasper,2598856513,1.0,qasper-1605.07333-6cd8bad8a031ce6d802ded90f9754088e0c8d653,1605.07333,604232630,7340032,64,3188699136,90313,51608
-2.395189046859741,0.46666669845581055,2,64,0,1.0,power_sharpen,qasper,2598856513,1.0,qasper-1605.07333-6cd8bad8a031ce6d802ded90f9754088e0c8d653,1605.07333,604232630,7340032,64,3188699136,90313,50374
-2.395189046859741,0.46666669845581055,2,64,0,1.0,entropy_adaptive_sharpen,qasper,2598856513,1.0,qasper-1605.07333-6cd8bad8a031ce6d802ded90f9754088e0c8d653,1605.07333,604232630,7340032,64,3188699136,90313,97912
-2.6144957542419434,0.46666669845581055,2,64,0,0.0,persistence,qasper,2542543082,0.0,qasper-1605.07333-6cd8bad8a031ce6d802ded90f9754088e0c8d653,1605.07333,572643245,7340032,64,3188707328,90313,19181
-2.640005350112915,0.46666669845581055,2,64,0,0.0,agreement,qasper,2428052922,0.0,qasper-1605.07333-6cd8bad8a031ce6d802ded90f9754088e0c8d653,1605.07333,459492468,7340032,64,3188707328,90313,46347
-2.395189046859741,0.46666669845581055,2,64,0,1.0,community,qasper,2598856513,1.0,qasper-1605.07333-6cd8bad8a031ce6d802ded90f9754088e0c8d653,1605.07333,604232630,7340032,64,3188699136,90313,56246
-2.4721388816833496,0.46666669845581055,2,64,0,0.0,bridge_preserving,qasper,2443373344,0.5,qasper-1605.07333-6cd8bad8a031ce6d802ded90f9754088e0c8d653,1605.07333,470088498,7340032,64,3188707328,90313,42265
-2.395189046859741,0.46666669845581055,2,64,0,1.0,combined_structural,qasper,2598856513,1.0,qasper-1605.07333-6cd8bad8a031ce6d802ded90f9754088e0c8d653,1605.07333,604232630,7340032,64,3188699136,90313,126663
-2.395189046859741,0.46666669845581055,2,64,0,1.0,oracle_evidence,qasper,2598856513,1.0,qasper-1605.07333-6cd8bad8a031ce6d802ded90f9754088e0c8d653,1605.07333,604232630,7340032,64,3188699136,90313,42565
-2.4776933193206787,0.46666669845581055,4,128,0,1.0,base_topk,qasper,3045799141,1.0,qasper-1605.07333-6cd8bad8a031ce6d802ded90f9754088e0c8d653,1605.07333,956918137,14680064,128,3188707328,90313,23552
-2.4776933193206787,0.46666669845581055,4,128,0,1.0,budget_tuned_topk,qasper,3045799141,1.0,qasper-1605.07333-6cd8bad8a031ce6d802ded90f9754088e0c8d653,1605.07333,956918137,14680064,128,3188707328,90313,43683
-2.4776933193206787,0.46666669845581055,4,128,0,1.0,power_sharpen,qasper,3045799141,1.0,qasper-1605.07333-6cd8bad8a031ce6d802ded90f9754088e0c8d653,1605.07333,956918137,14680064,128,3188707328,90313,44734
-2.4776933193206787,0.46666669845581055,4,128,0,1.0,entropy_adaptive_sharpen,qasper,3045799141,1.0,qasper-1605.07333-6cd8bad8a031ce6d802ded90f9754088e0c8d653,1605.07333,956918137,14680064,128,3188707328,90313,80762
-2.500765323638916,0.46666669845581055,4,128,0,0.0,persistence,qasper,3049610936,0.5,qasper-1605.07333-6cd8bad8a031ce6d802ded90f9754088e0c8d653,1605.07333,964420818,14680064,128,3188707328,90313,16575
-2.6575891971588135,0.46666669845581055,4,128,0,0.0,agreement,qasper,3037870016,0.0,qasper-1605.07333-6cd8bad8a031ce6d802ded90f9754088e0c8d653,1605.07333,959208091,14680064,128,3188707328,90313,59655
-2.487478494644165,0.46666669845581055,4,128,0,1.0,community,qasper,3041954603,1.0,qasper-1605.07333-6cd8bad8a031ce6d802ded90f9754088e0c8d653,1605.07333,958946746,14680064,128,3188707328,90313,58504
-2.4691665172576904,0.46666669845581055,4,128,0,1.0,bridge_preserving,qasper,3043721656,1.0,qasper-1605.07333-6cd8bad8a031ce6d802ded90f9754088e0c8d653,1605.07333,954353905,14680064,128,3188707328,90313,96575
-2.434302806854248,0.46666669845581055,4,128,0,1.0,combined_structural,qasper,3063139220,1.0,qasper-1605.07333-6cd8bad8a031ce6d802ded90f9754088e0c8d653,1605.07333,968997344,14680064,128,3188707328,90313,103307
-2.4776933193206787,0.46666669845581055,4,128,0,1.0,oracle_evidence,qasper,3045799141,1.0,qasper-1605.07333-6cd8bad8a031ce6d802ded90f9754088e0c8d653,1605.07333,956918137,14680064,128,3188707328,90313,55632
-2.468261480331421,0.46666669845581055,6,192,0,1.0,base_topk,qasper,3250909434,1.0,qasper-1605.07333-6cd8bad8a031ce6d802ded90f9754088e0c8d653,1605.07333,1055776146,22020096,192,3188707328,90313,18281
-2.468261480331421,0.46666669845581055,6,192,0,1.0,budget_tuned_topk,qasper,3250909434,1.0,qasper-1605.07333-6cd8bad8a031ce6d802ded90f9754088e0c8d653,1605.07333,1055776146,22020096,192,3188707328,90313,57534
-2.468261480331421,0.46666669845581055,6,192,0,1.0,power_sharpen,qasper,3250909434,1.0,qasper-1605.07333-6cd8bad8a031ce6d802ded90f9754088e0c8d653,1605.07333,1055776146,22020096,192,3188707328,90313,58360
-2.468261480331421,0.46666669845581055,6,192,0,1.0,entropy_adaptive_sharpen,qasper,3250909434,1.0,qasper-1605.07333-6cd8bad8a031ce6d802ded90f9754088e0c8d653,1605.07333,1055776146,22020096,192,3188707328,90313,107010
-2.4330193996429443,0.46666669845581055,6,192,0,1.0,persistence,qasper,3244425373,1.0,qasper-1605.07333-6cd8bad8a031ce6d802ded90f9754088e0c8d653,1605.07333,1056750373,22020096,192,3188707328,90313,22497
-2.5737311840057373,0.46666669845581055,6,192,0,0.0,agreement,qasper,3247208701,0.0,qasper-1605.07333-6cd8bad8a031ce6d802ded90f9754088e0c8d653,1605.07333,1056822826,22020096,192,3188707328,90313,87923
-2.484649181365967,0.46666669845581055,6,192,0,1.0,community,qasper,3250318586,1.0,qasper-1605.07333-6cd8bad8a031ce6d802ded90f9754088e0c8d653,1605.07333,1059842903,22020096,192,3188707328,90313,58607
-2.42572283744812,0.46666669845581055,6,192,0,1.0,bridge_preserving,qasper,3241253658,1.0,qasper-1605.07333-6cd8bad8a031ce6d802ded90f9754088e0c8d653,1605.07333,1056255815,22020096,192,3188707328,90313,96389
-2.4330193996429443,0.46666669845581055,6,192,0,1.0,combined_structural,qasper,3244425373,1.0,qasper-1605.07333-6cd8bad8a031ce6d802ded90f9754088e0c8d653,1605.07333,1056750373,22020096,192,3188707328,90313,125240
-2.468261480331421,0.46666669845581055,6,192,0,1.0,oracle_evidence,qasper,3250909434,1.0,qasper-1605.07333-6cd8bad8a031ce6d802ded90f9754088e0c8d653,1605.07333,1055776146,22020096,192,3188707328,90313,44321
-4.922937870025635,0.0,2,64,0,0.0,base_topk,qasper,1731637565,0.4,qasper-1612.06685-8d4ac4afbf5b14f412171729ceb5e822afcfa3f4,1612.06685,473371771,7340032,64,3188707328,90313,76620
-4.922937870025635,0.0,2,64,0,0.0,budget_tuned_topk,qasper,1731637565,0.4,qasper-1612.06685-8d4ac4afbf5b14f412171729ceb5e822afcfa3f4,1612.06685,473371771,7340032,64,3188707328,90313,47451
-4.922937870025635,0.0,2,64,0,0.0,power_sharpen,qasper,1731637565,0.4,qasper-1612.06685-8d4ac4afbf5b14f412171729ceb5e822afcfa3f4,1612.06685,473371771,7340032,64,3188707328,90313,47875
-4.922937870025635,0.0,2,64,0,0.0,entropy_adaptive_sharpen,qasper,1731637565,0.4,qasper-1612.06685-8d4ac4afbf5b14f412171729ceb5e822afcfa3f4,1612.06685,473371771,7340032,64,3188707328,90313,87402
-4.576263427734375,0.0,2,64,0,0.0,persistence,qasper,1777651285,0.4,qasper-1612.06685-8d4ac4afbf5b14f412171729ceb5e822afcfa3f4,1612.06685,551740392,7340032,64,3188707328,90313,16713
-4.922937870025635,0.0,2,64,0,0.0,agreement,qasper,1731637565,0.4,qasper-1612.06685-8d4ac4afbf5b14f412171729ceb5e822afcfa3f4,1612.06685,473371771,7340032,64,3188707328,90313,56557
-4.92949104309082,0.0,2,64,0,0.0,community,qasper,1778357718,0.2,qasper-1612.06685-8d4ac4afbf5b14f412171729ceb5e822afcfa3f4,1612.06685,551417752,7340032,64,3188707328,90313,23924
-5.632059574127197,0.0,2,64,0,0.0,bridge_preserving,qasper,1775298861,0.4,qasper-1612.06685-8d4ac4afbf5b14f412171729ceb5e822afcfa3f4,1612.06685,548553977,7340032,64,3178221568,90313,74958
-4.709444046020508,0.0,2,64,0,0.0,combined_structural,qasper,1777528386,0.4,qasper-1612.06685-8d4ac4afbf5b14f412171729ceb5e822afcfa3f4,1612.06685,550495893,7340032,64,3178221568,90313,105252
-4.922937870025635,0.0,2,64,0,0.0,oracle_evidence,qasper,1731637565,0.4,qasper-1612.06685-8d4ac4afbf5b14f412171729ceb5e822afcfa3f4,1612.06685,473371771,7340032,64,3188707328,90313,90042
-4.070436477661133,0.0,4,128,0,0.0,base_topk,qasper,2332214123,0.6,qasper-1612.06685-8d4ac4afbf5b14f412171729ceb5e822afcfa3f4,1612.06685,970707140,14680064,128,3178221568,90313,22087
-4.070436477661133,0.0,4,128,0,0.0,budget_tuned_topk,qasper,2332214123,0.6,qasper-1612.06685-8d4ac4afbf5b14f412171729ceb5e822afcfa3f4,1612.06685,970707140,14680064,128,3178221568,90313,64556
-4.070436477661133,0.0,4,128,0,0.0,power_sharpen,qasper,2332214123,0.6,qasper-1612.06685-8d4ac4afbf5b14f412171729ceb5e822afcfa3f4,1612.06685,970707140,14680064,128,3178221568,90313,69922
-4.070436477661133,0.0,4,128,0,0.0,entropy_adaptive_sharpen,qasper,2332214123,0.6,qasper-1612.06685-8d4ac4afbf5b14f412171729ceb5e822afcfa3f4,1612.06685,970707140,14680064,128,3178221568,90313,131268
-5.037164688110352,0.0,4,128,0,0.0,persistence,qasper,2331896974,0.8,qasper-1612.06685-8d4ac4afbf5b14f412171729ceb5e822afcfa3f4,1612.06685,980833464,14680064,128,3178221568,90313,37985
-4.583791255950928,0.0,4,128,0,0.0,agreement,qasper,2334479228,0.4,qasper-1612.06685-8d4ac4afbf5b14f412171729ceb5e822afcfa3f4,1612.06685,977274452,14680064,128,3178221568,90313,60563
-4.954626560211182,0.0,4,128,0,0.0,community,qasper,2326482495,0.4,qasper-1612.06685-8d4ac4afbf5b14f412171729ceb5e822afcfa3f4,1612.06685,979729261,14680064,128,3178221568,90313,71136
-4.070436477661133,0.0,4,128,0,0.0,bridge_preserving,qasper,2332214123,0.6,qasper-1612.06685-8d4ac4afbf5b14f412171729ceb5e822afcfa3f4,1612.06685,970707140,14680064,128,3178221568,90313,64172
-5.037164688110352,0.0,4,128,0,0.0,combined_structural,qasper,2331896974,0.8,qasper-1612.06685-8d4ac4afbf5b14f412171729ceb5e822afcfa3f4,1612.06685,980833464,14680064,128,3178221568,90313,53571
-3.7525949478149414,0.0,4,128,0,0.0,oracle_evidence,qasper,2329994720,0.8,qasper-1612.06685-8d4ac4afbf5b14f412171729ceb5e822afcfa3f4,1612.06685,975661998,14680064,128,3178221568,90313,20332
-4.417750358581543,0.0,6,192,0,0.0,base_topk,qasper,2795093294,0.8,qasper-1612.06685-8d4ac4afbf5b14f412171729ceb5e822afcfa3f4,1612.06685,1302447141,22020096,192,3178221568,90313,46570
-4.417750358581543,0.0,6,192,0,0.0,budget_tuned_topk,qasper,2795093294,0.8,qasper-1612.06685-8d4ac4afbf5b14f412171729ceb5e822afcfa3f4,1612.06685,1302447141,22020096,192,3178221568,90313,46870
-4.417750358581543,0.0,6,192,0,0.0,power_sharpen,qasper,2795093294,0.8,qasper-1612.06685-8d4ac4afbf5b14f412171729ceb5e822afcfa3f4,1612.06685,1302447141,22020096,192,3178221568,90313,45646
-4.417750358581543,0.0,6,192,0,0.0,entropy_adaptive_sharpen,qasper,2795093294,0.8,qasper-1612.06685-8d4ac4afbf5b14f412171729ceb5e822afcfa3f4,1612.06685,1302447141,22020096,192,3178221568,90313,84837
-5.1042633056640625,0.0,6,192,0,0.0,persistence,qasper,2794877688,0.8,qasper-1612.06685-8d4ac4afbf5b14f412171729ceb5e822afcfa3f4,1612.06685,1315331079,22020096,192,3178221568,90313,17205
-4.764946937561035,0.0,6,192,0,0.0,agreement,qasper,2793970012,0.6,qasper-1612.06685-8d4ac4afbf5b14f412171729ceb5e822afcfa3f4,1612.06685,1310958951,22020096,192,3178221568,90313,59773
-4.417750358581543,0.0,6,192,0,0.0,community,qasper,2795093294,0.8,qasper-1612.06685-8d4ac4afbf5b14f412171729ceb5e822afcfa3f4,1612.06685,1302447141,22020096,192,3178221568,90313,49477
-4.417750358581543,0.0,6,192,0,0.0,bridge_preserving,qasper,2795093294,0.8,qasper-1612.06685-8d4ac4afbf5b14f412171729ceb5e822afcfa3f4,1612.06685,1302447141,22020096,192,3178221568,90313,36290
-5.1042633056640625,0.0,6,192,0,0.0,combined_structural,qasper,2794877688,0.8,qasper-1612.06685-8d4ac4afbf5b14f412171729ceb5e822afcfa3f4,1612.06685,1315331079,22020096,192,3178221568,90313,58518
-4.8956685066223145,0.0,6,192,0,1.0,oracle_evidence,qasper,2799453323,1.0,qasper-1612.06685-8d4ac4afbf5b14f412171729ceb5e822afcfa3f4,1612.06685,1318704685,22020096,192,3178221568,90313,23829
-5.836385726928711,0.0,2,64,0,0.0,base_topk,qasper,4501904135,0.3333333333333333,qasper-1704.04452-8e44c02c2d9fa56fb74ace35ee70a5add50b52ae,1704.04452,549917098,7340032,64,3178356736,90313,130339
-5.836385726928711,0.0,2,64,0,0.0,budget_tuned_topk,qasper,4501904135,0.3333333333333333,qasper-1704.04452-8e44c02c2d9fa56fb74ace35ee70a5add50b52ae,1704.04452,549917098,7340032,64,3178356736,90313,54478
-5.836385726928711,0.0,2,64,0,0.0,power_sharpen,qasper,4501904135,0.3333333333333333,qasper-1704.04452-8e44c02c2d9fa56fb74ace35ee70a5add50b52ae,1704.04452,549917098,7340032,64,3178356736,90313,53898
-5.836385726928711,0.0,2,64,0,0.0,entropy_adaptive_sharpen,qasper,4501904135,0.3333333333333333,qasper-1704.04452-8e44c02c2d9fa56fb74ace35ee70a5add50b52ae,1704.04452,549917098,7340032,64,3178356736,90313,103720
-4.714898586273193,0.0,2,64,0,0.0,persistence,qasper,1268788630,0.0,qasper-1704.04452-8e44c02c2d9fa56fb74ace35ee70a5add50b52ae,1704.04452,548585302,7340032,64,3178356736,90313,21238
-5.183804035186768,0.0,2,64,0,0.0,agreement,qasper,1270537235,0.3333333333333333,qasper-1704.04452-8e44c02c2d9fa56fb74ace35ee70a5add50b52ae,1704.04452,550750178,7340032,64,3178356736,90313,70992
-5.836385726928711,0.0,2,64,0,0.0,community,qasper,4501904135,0.3333333333333333,qasper-1704.04452-8e44c02c2d9fa56fb74ace35ee70a5add50b52ae,1704.04452,549917098,7340032,64,3178356736,90313,48991
-5.1119704246521,0.0,2,64,0,0.0,bridge_preserving,qasper,1271738129,0.6666666666666666,qasper-1704.04452-8e44c02c2d9fa56fb74ace35ee70a5add50b52ae,1704.04452,550723629,7340032,64,3178356736,90313,37832
-4.714898586273193,0.0,2,64,0,0.0,combined_structural,qasper,1268788630,0.0,qasper-1704.04452-8e44c02c2d9fa56fb74ace35ee70a5add50b52ae,1704.04452,548585302,7340032,64,3178356736,90313,124548
-5.1119704246521,0.0,2,64,0,0.0,oracle_evidence,qasper,1271738129,0.6666666666666666,qasper-1704.04452-8e44c02c2d9fa56fb74ace35ee70a5add50b52ae,1704.04452,550723629,7340032,64,3178356736,90313,43038
-5.434100151062012,0.0,4,128,0,0.0,base_topk,qasper,2441803309,0.6666666666666666,qasper-1704.04452-8e44c02c2d9fa56fb74ace35ee70a5add50b52ae,1704.04452,969882139,14680064,128,3178373120,90313,24796
-5.434100151062012,0.0,4,128,0,0.0,budget_tuned_topk,qasper,2441803309,0.6666666666666666,qasper-1704.04452-8e44c02c2d9fa56fb74ace35ee70a5add50b52ae,1704.04452,969882139,14680064,128,3178373120,90313,53803
-5.434100151062012,0.0,4,128,0,0.0,power_sharpen,qasper,2441803309,0.6666666666666666,qasper-1704.04452-8e44c02c2d9fa56fb74ace35ee70a5add50b52ae,1704.04452,969882139,14680064,128,3178373120,90313,56361
-5.434100151062012,0.0,4,128,0,0.0,entropy_adaptive_sharpen,qasper,2441803309,0.6666666666666666,qasper-1704.04452-8e44c02c2d9fa56fb74ace35ee70a5add50b52ae,1704.04452,969882139,14680064,128,3178373120,90313,106039
-6.06325101852417,0.0,4,128,0,0.0,persistence,qasper,1700679038,0.3333333333333333,qasper-1704.04452-8e44c02c2d9fa56fb74ace35ee70a5add50b52ae,1704.04452,969049372,14680064,128,3178373120,90313,21675
-5.43810510635376,0.0,4,128,0,0.0,agreement,qasper,1709600397,0.6666666666666666,qasper-1704.04452-8e44c02c2d9fa56fb74ace35ee70a5add50b52ae,1704.04452,976367080,14680064,128,3178373120,90313,71182
-5.434100151062012,0.0,4,128,0,0.0,community,qasper,2441803309,0.6666666666666666,qasper-1704.04452-8e44c02c2d9fa56fb74ace35ee70a5add50b52ae,1704.04452,969882139,14680064,128,3178373120,90313,70168
-5.434100151062012,0.0,4,128,0,0.0,bridge_preserving,qasper,2441803309,0.6666666666666666,qasper-1704.04452-8e44c02c2d9fa56fb74ace35ee70a5add50b52ae,1704.04452,969882139,14680064,128,3178373120,90313,55790
-6.06325101852417,0.0,4,128,0,0.0,combined_structural,qasper,1700679038,0.3333333333333333,qasper-1704.04452-8e44c02c2d9fa56fb74ace35ee70a5add50b52ae,1704.04452,969049372,14680064,128,3178373120,90313,86107
-5.124019145965576,0.0,4,128,0,1.0,oracle_evidence,qasper,1705806849,1.0,qasper-1704.04452-8e44c02c2d9fa56fb74ace35ee70a5add50b52ae,1704.04452,973439636,14680064,128,3178373120,90313,37371
-6.456325531005859,0.0,6,192,0,0.0,base_topk,qasper,2697749526,0.6666666666666666,qasper-1704.04452-8e44c02c2d9fa56fb74ace35ee70a5add50b52ae,1704.04452,1300075658,22020096,192,3178389504,90313,54591
-6.456325531005859,0.0,6,192,0,0.0,budget_tuned_topk,qasper,2697749526,0.6666666666666666,qasper-1704.04452-8e44c02c2d9fa56fb74ace35ee70a5add50b52ae,1704.04452,1300075658,22020096,192,3178389504,90313,63691
-6.456325531005859,0.0,6,192,0,0.0,power_sharpen,qasper,2697749526,0.6666666666666666,qasper-1704.04452-8e44c02c2d9fa56fb74ace35ee70a5add50b52ae,1704.04452,1300075658,22020096,192,3178389504,90313,71664
-6.456325531005859,0.0,6,192,0,0.0,entropy_adaptive_sharpen,qasper,2697749526,0.6666666666666666,qasper-1704.04452-8e44c02c2d9fa56fb74ace35ee70a5add50b52ae,1704.04452,1300075658,22020096,192,3178389504,90313,104174
-5.977928161621094,0.0,6,192,0,0.0,persistence,qasper,2050289460,0.6666666666666666,qasper-1704.04452-8e44c02c2d9fa56fb74ace35ee70a5add50b52ae,1704.04452,1312223973,22020096,192,3178389504,90313,21508
-6.108016014099121,0.0,6,192,0,1.0,agreement,qasper,2055928579,1.0,qasper-1704.04452-8e44c02c2d9fa56fb74ace35ee70a5add50b52ae,1704.04452,1318582944,22020096,192,3178389504,90313,56940
-6.108016014099121,0.0,6,192,0,1.0,community,qasper,2055928579,1.0,qasper-1704.04452-8e44c02c2d9fa56fb74ace35ee70a5add50b52ae,1704.04452,1318582944,22020096,192,3178389504,90313,56075
-6.108016014099121,0.0,6,192,0,1.0,bridge_preserving,qasper,2055928579,1.0,qasper-1704.04452-8e44c02c2d9fa56fb74ace35ee70a5add50b52ae,1704.04452,1318582944,22020096,192,3178389504,90313,43875
-5.977928161621094,0.0,6,192,0,0.0,combined_structural,qasper,2050289460,0.6666666666666666,qasper-1704.04452-8e44c02c2d9fa56fb74ace35ee70a5add50b52ae,1704.04452,1312223973,22020096,192,3178389504,90313,69460
-6.108016014099121,0.0,6,192,0,1.0,oracle_evidence,qasper,2055928579,1.0,qasper-1704.04452-8e44c02c2d9fa56fb74ace35ee70a5add50b52ae,1704.04452,1318582944,22020096,192,3178389504,90313,29157
-4.627034664154053,0.3333333432674408,2,64,0,0.0,base_topk,qasper,5702625389,0.18181818181818182,qasper-1804.05918-f17ca24b135f9fe6bb25dc5084b13e1637ec7744,1804.05918,549150281,7340032,64,3178487808,90313,57566
-4.627034664154053,0.3333333432674408,2,64,0,0.0,budget_tuned_topk,qasper,5702625389,0.18181818181818182,qasper-1804.05918-f17ca24b135f9fe6bb25dc5084b13e1637ec7744,1804.05918,549150281,7340032,64,3178487808,90313,47384
-4.627034664154053,0.3333333432674408,2,64,0,0.0,power_sharpen,qasper,5702625389,0.18181818181818182,qasper-1804.05918-f17ca24b135f9fe6bb25dc5084b13e1637ec7744,1804.05918,549150281,7340032,64,3178487808,90313,46267
-4.627034664154053,0.3333333432674408,2,64,0,0.0,entropy_adaptive_sharpen,qasper,5702625389,0.18181818181818182,qasper-1804.05918-f17ca24b135f9fe6bb25dc5084b13e1637ec7744,1804.05918,549150281,7340032,64,3178487808,90313,87315
-4.627034664154053,0.3333333432674408,2,64,0,0.0,persistence,qasper,5702625389,0.18181818181818182,qasper-1804.05918-f17ca24b135f9fe6bb25dc5084b13e1637ec7744,1804.05918,549150281,7340032,64,3178487808,90313,17160
-4.627034664154053,0.3333333432674408,2,64,0,0.0,agreement,qasper,5702625389,0.18181818181818182,qasper-1804.05918-f17ca24b135f9fe6bb25dc5084b13e1637ec7744,1804.05918,549150281,7340032,64,3178487808,90313,14957
-4.627034664154053,0.3333333432674408,2,64,0,0.0,community,qasper,5702625389,0.18181818181818182,qasper-1804.05918-f17ca24b135f9fe6bb25dc5084b13e1637ec7744,1804.05918,549150281,7340032,64,3178487808,90313,14279
-2.510390281677246,0.3333333432674408,2,64,0,0.0,bridge_preserving,qasper,2530880933,0.18181818181818182,qasper-1804.05918-f17ca24b135f9fe6bb25dc5084b13e1637ec7744,1804.05918,550086983,7340032,64,3178487808,90313,29615
-4.627034664154053,0.3333333432674408,2,64,0,0.0,combined_structural,qasper,5702625389,0.18181818181818182,qasper-1804.05918-f17ca24b135f9fe6bb25dc5084b13e1637ec7744,1804.05918,549150281,7340032,64,3178487808,90313,105450
-4.627034664154053,0.3333333432674408,2,64,0,0.0,oracle_evidence,qasper,5702625389,0.18181818181818182,qasper-1804.05918-f17ca24b135f9fe6bb25dc5084b13e1637ec7744,1804.05918,549150281,7340032,64,3178487808,90313,35026
-4.9715118408203125,0.3333333432674408,4,128,0,0.0,base_topk,qasper,3716784927,0.36363636363636365,qasper-1804.05918-f17ca24b135f9fe6bb25dc5084b13e1637ec7744,1804.05918,975835714,14680064,128,3178504192,90313,19517
-4.9715118408203125,0.3333333432674408,4,128,0,0.0,budget_tuned_topk,qasper,3716784927,0.36363636363636365,qasper-1804.05918-f17ca24b135f9fe6bb25dc5084b13e1637ec7744,1804.05918,975835714,14680064,128,3178504192,90313,58269
-4.9715118408203125,0.3333333432674408,4,128,0,0.0,power_sharpen,qasper,3716784927,0.36363636363636365,qasper-1804.05918-f17ca24b135f9fe6bb25dc5084b13e1637ec7744,1804.05918,975835714,14680064,128,3178504192,90313,57032
-4.9715118408203125,0.3333333432674408,4,128,0,0.0,entropy_adaptive_sharpen,qasper,3716784927,0.36363636363636365,qasper-1804.05918-f17ca24b135f9fe6bb25dc5084b13e1637ec7744,1804.05918,975835714,14680064,128,3178504192,90313,106723
-3.6726884841918945,0.3333333432674408,4,128,0,0.0,persistence,qasper,3069473134,0.36363636363636365,qasper-1804.05918-f17ca24b135f9fe6bb25dc5084b13e1637ec7744,1804.05918,975534075,14680064,128,3178504192,90313,21565
-4.306743621826172,0.3333333432674408,4,128,0,0.0,agreement,qasper,3087163731,0.36363636363636365,qasper-1804.05918-f17ca24b135f9fe6bb25dc5084b13e1637ec7744,1804.05918,978598478,14680064,128,3178504192,90313,56860
-4.9715118408203125,0.3333333432674408,4,128,0,0.0,community,qasper,3716784927,0.36363636363636365,qasper-1804.05918-f17ca24b135f9fe6bb25dc5084b13e1637ec7744,1804.05918,975835714,14680064,128,3178504192,90313,58930
-4.734306335449219,0.3333333432674408,4,128,0,0.0,bridge_preserving,qasper,3071881242,0.36363636363636365,qasper-1804.05918-f17ca24b135f9fe6bb25dc5084b13e1637ec7744,1804.05918,966685205,14680064,128,3178504192,90313,43851
-4.0119171142578125,0.6666666865348816,4,128,0,0.0,combined_structural,qasper,3070891353,0.36363636363636365,qasper-1804.05918-f17ca24b135f9fe6bb25dc5084b13e1637ec7744,1804.05918,970708015,14680064,128,3178504192,90313,95440
-4.9715118408203125,0.3333333432674408,4,128,0,0.0,oracle_evidence,qasper,3716784927,0.36363636363636365,qasper-1804.05918-f17ca24b135f9fe6bb25dc5084b13e1637ec7744,1804.05918,975835714,14680064,128,3178504192,90313,64462
-4.7283453941345215,0.3333333432674408,6,192,0,0.0,base_topk,qasper,4167725181,0.5454545454545454,qasper-1804.05918-f17ca24b135f9fe6bb25dc5084b13e1637ec7744,1804.05918,1311592289,22020096,192,3178520576,90313,21708
-4.7283453941345215,0.3333333432674408,6,192,0,0.0,budget_tuned_topk,qasper,4167725181,0.5454545454545454,qasper-1804.05918-f17ca24b135f9fe6bb25dc5084b13e1637ec7744,1804.05918,1311592289,22020096,192,3178520576,90313,40773
-4.7283453941345215,0.3333333432674408,6,192,0,0.0,power_sharpen,qasper,4167725181,0.5454545454545454,qasper-1804.05918-f17ca24b135f9fe6bb25dc5084b13e1637ec7744,1804.05918,1311592289,22020096,192,3178520576,90313,40192
-4.7283453941345215,0.3333333432674408,6,192,0,0.0,entropy_adaptive_sharpen,qasper,4167725181,0.5454545454545454,qasper-1804.05918-f17ca24b135f9fe6bb25dc5084b13e1637ec7744,1804.05918,1311592289,22020096,192,3178520576,90313,76132
-4.359948635101318,0.3333333432674408,6,192,0,0.0,persistence,qasper,3537732778,0.5454545454545454,qasper-1804.05918-f17ca24b135f9fe6bb25dc5084b13e1637ec7744,1804.05918,1315098642,22020096,192,3178520576,90313,15524
-3.8447017669677734,0.3333333432674408,6,192,0,0.0,agreement,qasper,3533987838,0.5454545454545454,qasper-1804.05918-f17ca24b135f9fe6bb25dc5084b13e1637ec7744,1804.05918,1306600323,22020096,192,3178520576,90313,58397
-4.626898765563965,0.3333333432674408,6,192,0,0.0,community,qasper,3544213146,0.5454545454545454,qasper-1804.05918-f17ca24b135f9fe6bb25dc5084b13e1637ec7744,1804.05918,1319281443,22020096,192,3178520576,90313,47265
-4.865586280822754,0.3333333432674408,6,192,0,0.0,bridge_preserving,qasper,3543714002,0.45454545454545453,qasper-1804.05918-f17ca24b135f9fe6bb25dc5084b13e1637ec7744,1804.05918,1318824506,22020096,192,3178520576,90313,63150
-4.5319108963012695,0.3333333432674408,6,192,0,0.0,combined_structural,qasper,3532901557,0.45454545454545453,qasper-1804.05918-f17ca24b135f9fe6bb25dc5084b13e1637ec7744,1804.05918,1304872106,22020096,192,3178520576,90313,90701
-4.7283453941345215,0.3333333432674408,6,192,0,0.0,oracle_evidence,qasper,4167725181,0.5454545454545454,qasper-1804.05918-f17ca24b135f9fe6bb25dc5084b13e1637ec7744,1804.05918,1311592289,22020096,192,3178520576,90313,65174
-6.367879867553711,0.0,2,64,0,0.0,base_topk,qasper,4349334965,0.0,qasper-1805.01445-22744c3bc68f120669fc69490f8e539b09e34b94,1805.01445,551120035,7340032,64,3178618880,90313,71124
-6.367879867553711,0.0,2,64,0,0.0,budget_tuned_topk,qasper,4349334965,0.0,qasper-1805.01445-22744c3bc68f120669fc69490f8e539b09e34b94,1805.01445,551120035,7340032,64,3178618880,90313,54271
-6.367879867553711,0.0,2,64,0,0.0,power_sharpen,qasper,4349334965,0.0,qasper-1805.01445-22744c3bc68f120669fc69490f8e539b09e34b94,1805.01445,551120035,7340032,64,3178618880,90313,57861
-6.367879867553711,0.0,2,64,0,0.0,entropy_adaptive_sharpen,qasper,4349334965,0.0,qasper-1805.01445-22744c3bc68f120669fc69490f8e539b09e34b94,1805.01445,551120035,7340032,64,3178618880,90313,106972
-6.508277893066406,0.0,2,64,0,0.0,persistence,qasper,1121291581,0.3333333333333333,qasper-1805.01445-22744c3bc68f120669fc69490f8e539b09e34b94,1805.01445,548886825,7340032,64,3178618880,90313,21206
-5.243016719818115,0.0,2,64,0,0.0,agreement,qasper,1120188852,0.3333333333333333,qasper-1805.01445-22744c3bc68f120669fc69490f8e539b09e34b94,1805.01445,548642615,7340032,64,3178618880,90313,56791
-5.035262107849121,0.0,2,64,0,0.0,community,qasper,1126572628,0.3333333333333333,qasper-1805.01445-22744c3bc68f120669fc69490f8e539b09e34b94,1805.01445,554341046,7340032,64,3178618880,90313,57320
-5.137685775756836,0.0,2,64,0,0.0,bridge_preserving,qasper,1124826179,0.3333333333333333,qasper-1805.01445-22744c3bc68f120669fc69490f8e539b09e34b94,1805.01445,550500563,7340032,64,3178618880,90313,76171
-6.508277893066406,0.0,2,64,0,0.0,combined_structural,qasper,1121291581,0.3333333333333333,qasper-1805.01445-22744c3bc68f120669fc69490f8e539b09e34b94,1805.01445,548886825,7340032,64,3178618880,90313,101764
-5.339919090270996,0.0,2,64,0,0.0,oracle_evidence,qasper,1127644194,0.6666666666666666,qasper-1805.01445-22744c3bc68f120669fc69490f8e539b09e34b94,1805.01445,550797299,7340032,64,3178618880,90313,54484
-5.645414352416992,0.0,4,128,0,0.0,base_topk,qasper,2242835907,0.3333333333333333,qasper-1805.01445-22744c3bc68f120669fc69490f8e539b09e34b94,1805.01445,973550227,14680064,128,3178635264,90313,43348
-5.645414352416992,0.0,4,128,0,0.0,budget_tuned_topk,qasper,2242835907,0.3333333333333333,qasper-1805.01445-22744c3bc68f120669fc69490f8e539b09e34b94,1805.01445,973550227,14680064,128,3178635264,90313,39840
-5.645414352416992,0.0,4,128,0,0.0,power_sharpen,qasper,2242835907,0.3333333333333333,qasper-1805.01445-22744c3bc68f120669fc69490f8e539b09e34b94,1805.01445,973550227,14680064,128,3178635264,90313,42638
-5.645414352416992,0.0,4,128,0,0.0,entropy_adaptive_sharpen,qasper,2242835907,0.3333333333333333,qasper-1805.01445-22744c3bc68f120669fc69490f8e539b09e34b94,1805.01445,973550227,14680064,128,3178635264,90313,76687
-5.708974838256836,0.0,4,128,0,0.0,persistence,qasper,1597935161,0.6666666666666666,qasper-1805.01445-22744c3bc68f120669fc69490f8e539b09e34b94,1805.01445,971232080,14680064,128,3178635264,90313,14926
-5.361065864562988,0.0,4,128,0,0.0,agreement,qasper,1598948854,0.6666666666666666,qasper-1805.01445-22744c3bc68f120669fc69490f8e539b09e34b94,1805.01445,976692795,14680064,128,3178635264,90313,53045
-5.645414352416992,0.0,4,128,0,0.0,community,qasper,2242835907,0.3333333333333333,qasper-1805.01445-22744c3bc68f120669fc69490f8e539b09e34b94,1805.01445,973550227,14680064,128,3178635264,90313,50430
-5.602761268615723,0.0,4,128,0,0.0,bridge_preserving,qasper,1606910173,0.6666666666666666,qasper-1805.01445-22744c3bc68f120669fc69490f8e539b09e34b94,1805.01445,982572845,14680064,128,3178635264,90313,36659
-5.645414352416992,0.0,4,128,0,0.0,combined_structural,qasper,2242835907,0.3333333333333333,qasper-1805.01445-22744c3bc68f120669fc69490f8e539b09e34b94,1805.01445,973550227,14680064,128,3178635264,90313,98045
-5.205665111541748,0.0,4,128,0,1.0,oracle_evidence,qasper,1596622208,1.0,qasper-1805.01445-22744c3bc68f120669fc69490f8e539b09e34b94,1805.01445,973564497,14680064,128,3178635264,90313,35704
-5.916859149932861,0.0,6,192,0,0.0,base_topk,qasper,2622655432,0.3333333333333333,qasper-1805.01445-22744c3bc68f120669fc69490f8e539b09e34b94,1805.01445,1312517794,22020096,192,3178651648,90313,53843
-5.916859149932861,0.0,6,192,0,0.0,budget_tuned_topk,qasper,2622655432,0.3333333333333333,qasper-1805.01445-22744c3bc68f120669fc69490f8e539b09e34b94,1805.01445,1312517794,22020096,192,3178651648,90313,53943
-5.916859149932861,0.0,6,192,0,0.0,power_sharpen,qasper,2622655432,0.3333333333333333,qasper-1805.01445-22744c3bc68f120669fc69490f8e539b09e34b94,1805.01445,1312517794,22020096,192,3178651648,90313,58370
-5.916859149932861,0.0,6,192,0,0.0,entropy_adaptive_sharpen,qasper,2622655432,0.3333333333333333,qasper-1805.01445-22744c3bc68f120669fc69490f8e539b09e34b94,1805.01445,1312517794,22020096,192,3178651648,90313,107562
-5.551004886627197,0.0,6,192,0,0.0,persistence,qasper,1987162410,0.6666666666666666,qasper-1805.01445-22744c3bc68f120669fc69490f8e539b09e34b94,1805.01445,1314634170,22020096,192,3178651648,90313,22423
-6.081042289733887,0.0,6,192,0,0.0,agreement,qasper,1989114337,0.6666666666666666,qasper-1805.01445-22744c3bc68f120669fc69490f8e539b09e34b94,1805.01445,1313951221,22020096,192,3178651648,90313,69837
-5.9438042640686035,0.0,6,192,0,0.0,community,qasper,1991316705,0.3333333333333333,qasper-1805.01445-22744c3bc68f120669fc69490f8e539b09e34b94,1805.01445,1310738387,22020096,192,3178651648,90313,56736
-5.395485877990723,0.0,6,192,0,0.0,bridge_preserving,qasper,1999457828,0.6666666666666666,qasper-1805.01445-22744c3bc68f120669fc69490f8e539b09e34b94,1805.01445,1325283783,22020096,192,3178651648,90313,78040
-5.551004886627197,0.0,6,192,0,0.0,combined_structural,qasper,1987162410,0.6666666666666666,qasper-1805.01445-22744c3bc68f120669fc69490f8e539b09e34b94,1805.01445,1314634170,22020096,192,3178651648,90313,89699
-4.9683756828308105,0.0,6,192,0,1.0,oracle_evidence,qasper,1991924216,1.0,qasper-1805.01445-22744c3bc68f120669fc69490f8e539b09e34b94,1805.01445,1316375992,22020096,192,3178651648,90313,28862
-1.8711150884628296,0.6458333730697632,2,64,0,0.0,base_topk,qasper,1666241880,0.2857142857142857,qasper-1805.04508-cc354c952b5aaed2d4d1e932175e008ff2d801dd,1805.04508,549379052,7340032,64,3208077312,90313,82252
-1.8711150884628296,0.6458333730697632,2,64,0,0.0,budget_tuned_topk,qasper,1666241880,0.2857142857142857,qasper-1805.04508-cc354c952b5aaed2d4d1e932175e008ff2d801dd,1805.04508,549379052,7340032,64,3208077312,90313,53158
-1.8711150884628296,0.6458333730697632,2,64,0,0.0,power_sharpen,qasper,1666241880,0.2857142857142857,qasper-1805.04508-cc354c952b5aaed2d4d1e932175e008ff2d801dd,1805.04508,549379052,7340032,64,3208077312,90313,54532
-1.8711150884628296,0.6458333730697632,2,64,0,0.0,entropy_adaptive_sharpen,qasper,1666241880,0.2857142857142857,qasper-1805.04508-cc354c952b5aaed2d4d1e932175e008ff2d801dd,1805.04508,549379052,7340032,64,3208077312,90313,117366
-3.116698741912842,0.4791666865348816,2,64,0,0.0,persistence,qasper,1147492469,0.14285714285714285,qasper-1805.04508-cc354c952b5aaed2d4d1e932175e008ff2d801dd,1805.04508,570641977,7340032,64,3208085504,90313,22382
-3.2083241939544678,0.4583333432674408,2,64,0,0.0,agreement,qasper,961039862,0.2857142857142857,qasper-1805.04508-cc354c952b5aaed2d4d1e932175e008ff2d801dd,1805.04508,491529681,7340032,64,3208085504,90313,67196
-1.8711150884628296,0.6458333730697632,2,64,0,0.0,community,qasper,1666241880,0.2857142857142857,qasper-1805.04508-cc354c952b5aaed2d4d1e932175e008ff2d801dd,1805.04508,549379052,7340032,64,3208077312,90313,61875
-2.152857780456543,0.625,2,64,0,0.0,bridge_preserving,qasper,952180660,0.14285714285714285,qasper-1805.04508-cc354c952b5aaed2d4d1e932175e008ff2d801dd,1805.04508,480197050,7340032,64,3208085504,90313,43250
-3.116698741912842,0.4791666865348816,2,64,0,0.0,combined_structural,qasper,1147492469,0.14285714285714285,qasper-1805.04508-cc354c952b5aaed2d4d1e932175e008ff2d801dd,1805.04508,570641977,7340032,64,3208085504,90313,124943
-1.8711150884628296,0.6458333730697632,2,64,0,0.0,oracle_evidence,qasper,1666241880,0.2857142857142857,qasper-1805.04508-cc354c952b5aaed2d4d1e932175e008ff2d801dd,1805.04508,549379052,7340032,64,3208077312,90313,33273
-1.8619039058685303,0.6041666865348816,4,128,0,0.0,base_topk,qasper,2103883365,0.2857142857142857,qasper-1805.04508-cc354c952b5aaed2d4d1e932175e008ff2d801dd,1805.04508,958101557,14680064,128,3208097792,90313,18867
-1.8619039058685303,0.6041666865348816,4,128,0,0.0,budget_tuned_topk,qasper,2103883365,0.2857142857142857,qasper-1805.04508-cc354c952b5aaed2d4d1e932175e008ff2d801dd,1805.04508,958101557,14680064,128,3208097792,90313,54042
-1.8619039058685303,0.6041666865348816,4,128,0,0.0,power_sharpen,qasper,2103883365,0.2857142857142857,qasper-1805.04508-cc354c952b5aaed2d4d1e932175e008ff2d801dd,1805.04508,958101557,14680064,128,3208097792,90313,57364
-1.8619039058685303,0.6041666865348816,4,128,0,0.0,entropy_adaptive_sharpen,qasper,2103883365,0.2857142857142857,qasper-1805.04508-cc354c952b5aaed2d4d1e932175e008ff2d801dd,1805.04508,958101557,14680064,128,3208097792,90313,107534
-2.9307608604431152,0.4583333432674408,4,128,0,0.0,persistence,qasper,1545763562,0.42857142857142855,qasper-1805.04508-cc354c952b5aaed2d4d1e932175e008ff2d801dd,1805.04508,953904502,14680064,128,3208097792,90313,22966
-1.738401174545288,0.6875,4,128,0,0.0,agreement,qasper,1551953386,0.42857142857142855,qasper-1805.04508-cc354c952b5aaed2d4d1e932175e008ff2d801dd,1805.04508,960144331,14680064,128,3208097792,90313,47656
-1.9223965406417847,0.625,4,128,0,0.0,community,qasper,1547119937,0.5714285714285714,qasper-1805.04508-cc354c952b5aaed2d4d1e932175e008ff2d801dd,1805.04508,957073053,14680064,128,3208097792,90313,70074
-1.912093997001648,0.625,4,128,0,0.0,bridge_preserving,qasper,1544684775,0.2857142857142857,qasper-1805.04508-cc354c952b5aaed2d4d1e932175e008ff2d801dd,1805.04508,954385976,14680064,128,3208097792,90313,65881
-2.9307608604431152,0.4583333432674408,4,128,0,0.0,combined_structural,qasper,1545763562,0.42857142857142855,qasper-1805.04508-cc354c952b5aaed2d4d1e932175e008ff2d801dd,1805.04508,953904502,14680064,128,3208097792,90313,92238
-1.4700143337249756,0.75,4,128,0,0.0,oracle_evidence,qasper,1548707705,0.5714285714285714,qasper-1805.04508-cc354c952b5aaed2d4d1e932175e008ff2d801dd,1805.04508,955108968,14680064,128,3208097792,90313,25636
-1.3388338088989258,0.7708333730697632,6,192,0,0.0,base_topk,qasper,2313454461,0.5714285714285714,qasper-1805.04508-cc354c952b5aaed2d4d1e932175e008ff2d801dd,1805.04508,1053338904,22020096,192,3208114176,90313,42224
-1.3388338088989258,0.7708333730697632,6,192,0,0.0,budget_tuned_topk,qasper,2313454461,0.5714285714285714,qasper-1805.04508-cc354c952b5aaed2d4d1e932175e008ff2d801dd,1805.04508,1053338904,22020096,192,3208114176,90313,55143
-1.3388338088989258,0.7708333730697632,6,192,0,0.0,power_sharpen,qasper,2313454461,0.5714285714285714,qasper-1805.04508-cc354c952b5aaed2d4d1e932175e008ff2d801dd,1805.04508,1053338904,22020096,192,3208114176,90313,57413
-1.3388338088989258,0.7708333730697632,6,192,0,0.0,entropy_adaptive_sharpen,qasper,2313454461,0.5714285714285714,qasper-1805.04508-cc354c952b5aaed2d4d1e932175e008ff2d801dd,1805.04508,1053338904,22020096,192,3208114176,90313,105843
-1.4167951345443726,0.7708333730697632,6,192,0,0.0,persistence,qasper,1536829877,0.7142857142857143,qasper-1805.04508-cc354c952b5aaed2d4d1e932175e008ff2d801dd,1805.04508,1055600590,22020096,192,3208114176,90313,22909
-1.452253818511963,0.7083333730697632,6,192,0,0.0,agreement,qasper,1541990725,0.7142857142857143,qasper-1805.04508-cc354c952b5aaed2d4d1e932175e008ff2d801dd,1805.04508,1056472243,22020096,192,3208114176,90313,57798
-2.055516004562378,0.6666666865348816,6,192,0,0.0,community,qasper,1542089179,0.8571428571428571,qasper-1805.04508-cc354c952b5aaed2d4d1e932175e008ff2d801dd,1805.04508,1055507010,22020096,192,3208114176,90313,47813
-1.9189214706420898,0.6458333730697632,6,192,0,0.0,bridge_preserving,qasper,1544839086,0.42857142857142855,qasper-1805.04508-cc354c952b5aaed2d4d1e932175e008ff2d801dd,1805.04508,1055849482,22020096,192,3208114176,90313,110482
-1.4167951345443726,0.7708333730697632,6,192,0,0.0,combined_structural,qasper,1536829877,0.7142857142857143,qasper-1805.04508-cc354c952b5aaed2d4d1e932175e008ff2d801dd,1805.04508,1055600590,22020096,192,3208114176,90313,123428
-1.557326078414917,0.7291666865348816,6,192,0,0.0,oracle_evidence,qasper,1539037187,0.8571428571428571,qasper-1805.04508-cc354c952b5aaed2d4d1e932175e008ff2d801dd,1805.04508,1056230373,22020096,192,3208114176,90313,51295
-1.4103527069091797,0.6666666865348816,2,64,0,0.0,base_topk,qasper,1051088342,0.16666666666666666,qasper-1808.03738-27dbbd63c86d6ca82f251d4f2f030ed3e88f58fa,1808.03738,484777849,7340032,64,3212308480,90313,73738
-1.4103527069091797,0.6666666865348816,2,64,0,0.0,budget_tuned_topk,qasper,1051088342,0.16666666666666666,qasper-1808.03738-27dbbd63c86d6ca82f251d4f2f030ed3e88f58fa,1808.03738,484777849,7340032,64,3212308480,90313,47564
-1.4103527069091797,0.6666666865348816,2,64,0,0.0,power_sharpen,qasper,1051088342,0.16666666666666666,qasper-1808.03738-27dbbd63c86d6ca82f251d4f2f030ed3e88f58fa,1808.03738,484777849,7340032,64,3212308480,90313,47470
-1.4103527069091797,0.6666666865348816,2,64,0,0.0,entropy_adaptive_sharpen,qasper,1051088342,0.16666666666666666,qasper-1808.03738-27dbbd63c86d6ca82f251d4f2f030ed3e88f58fa,1808.03738,484777849,7340032,64,3212308480,90313,89250
-2.8161263465881348,0.3333333432674408,2,64,0,0.0,persistence,qasper,1047644524,0.16666666666666666,qasper-1808.03738-27dbbd63c86d6ca82f251d4f2f030ed3e88f58fa,1808.03738,477560607,7340032,64,3212308480,90313,16949
-0.9588844776153564,0.6666666865348816,2,64,0,0.0,agreement,qasper,1127420634,0.16666666666666666,qasper-1808.03738-27dbbd63c86d6ca82f251d4f2f030ed3e88f58fa,1808.03738,549767770,7340032,64,3212308480,90313,57047
-1.4254562854766846,0.6666666865348816,2,64,0,0.0,community,qasper,1120443194,0.16666666666666666,qasper-1808.03738-27dbbd63c86d6ca82f251d4f2f030ed3e88f58fa,1808.03738,550165878,7340032,64,3212308480,90313,81465
-1.4103527069091797,0.6666666865348816,2,64,0,0.0,bridge_preserving,qasper,1051088342,0.16666666666666666,qasper-1808.03738-27dbbd63c86d6ca82f251d4f2f030ed3e88f58fa,1808.03738,484777849,7340032,64,3212308480,90313,93831
-2.8161263465881348,0.3333333432674408,2,64,0,0.0,combined_structural,qasper,1047644524,0.16666666666666666,qasper-1808.03738-27dbbd63c86d6ca82f251d4f2f030ed3e88f58fa,1808.03738,477560607,7340032,64,3212308480,90313,95210
-1.4103527069091797,0.6666666865348816,2,64,0,0.0,oracle_evidence,qasper,1051088342,0.16666666666666666,qasper-1808.03738-27dbbd63c86d6ca82f251d4f2f030ed3e88f58fa,1808.03738,484777849,7340032,64,3212308480,90313,29771
-1.4870494604110718,0.6666666865348816,4,128,0,0.0,base_topk,qasper,1598731206,0.3333333333333333,qasper-1808.03738-27dbbd63c86d6ca82f251d4f2f030ed3e88f58fa,1808.03738,975565151,14680064,128,3182948352,90313,17340
-1.4870494604110718,0.6666666865348816,4,128,0,0.0,budget_tuned_topk,qasper,1598731206,0.3333333333333333,qasper-1808.03738-27dbbd63c86d6ca82f251d4f2f030ed3e88f58fa,1808.03738,975565151,14680064,128,3182948352,90313,53243
-1.4870494604110718,0.6666666865348816,4,128,0,0.0,power_sharpen,qasper,1598731206,0.3333333333333333,qasper-1808.03738-27dbbd63c86d6ca82f251d4f2f030ed3e88f58fa,1808.03738,975565151,14680064,128,3182948352,90313,55175
-1.4870494604110718,0.6666666865348816,4,128,0,0.0,entropy_adaptive_sharpen,qasper,1598731206,0.3333333333333333,qasper-1808.03738-27dbbd63c86d6ca82f251d4f2f030ed3e88f58fa,1808.03738,975565151,14680064,128,3182948352,90313,104906
-2.1787824630737305,0.5,4,128,0,0.0,persistence,qasper,1601146235,0.3333333333333333,qasper-1808.03738-27dbbd63c86d6ca82f251d4f2f030ed3e88f58fa,1808.03738,978380440,14680064,128,3182948352,90313,21163
-1.4870494604110718,0.6666666865348816,4,128,0,0.0,agreement,qasper,1598731206,0.3333333333333333,qasper-1808.03738-27dbbd63c86d6ca82f251d4f2f030ed3e88f58fa,1808.03738,975565151,14680064,128,3182948352,90313,43158
-1.4870494604110718,0.6666666865348816,4,128,0,0.0,community,qasper,1598731206,0.3333333333333333,qasper-1808.03738-27dbbd63c86d6ca82f251d4f2f030ed3e88f58fa,1808.03738,975565151,14680064,128,3182948352,90313,17141
-1.4870494604110718,0.6666666865348816,4,128,0,0.0,bridge_preserving,qasper,1598731206,0.3333333333333333,qasper-1808.03738-27dbbd63c86d6ca82f251d4f2f030ed3e88f58fa,1808.03738,975565151,14680064,128,3182948352,90313,28472
-2.1787824630737305,0.5,4,128,0,0.0,combined_structural,qasper,1601146235,0.3333333333333333,qasper-1808.03738-27dbbd63c86d6ca82f251d4f2f030ed3e88f58fa,1808.03738,978380440,14680064,128,3182948352,90313,50538
-1.4870494604110718,0.6666666865348816,4,128,0,0.0,oracle_evidence,qasper,1598731206,0.3333333333333333,qasper-1808.03738-27dbbd63c86d6ca82f251d4f2f030ed3e88f58fa,1808.03738,975565151,14680064,128,3182948352,90313,20447
-1.5135377645492554,0.6666666865348816,6,192,0,0.0,base_topk,qasper,1722390995,0.5,qasper-1808.03738-27dbbd63c86d6ca82f251d4f2f030ed3e88f58fa,1808.03738,1054174174,22020096,192,3182948352,90313,12496
-1.5135377645492554,0.6666666865348816,6,192,0,0.0,budget_tuned_topk,qasper,1722390995,0.5,qasper-1808.03738-27dbbd63c86d6ca82f251d4f2f030ed3e88f58fa,1808.03738,1054174174,22020096,192,3182948352,90313,50025
-1.5135377645492554,0.6666666865348816,6,192,0,0.0,power_sharpen,qasper,1722390995,0.5,qasper-1808.03738-27dbbd63c86d6ca82f251d4f2f030ed3e88f58fa,1808.03738,1054174174,22020096,192,3182948352,90313,49264
-1.5135377645492554,0.6666666865348816,6,192,0,0.0,entropy_adaptive_sharpen,qasper,1722390995,0.5,qasper-1808.03738-27dbbd63c86d6ca82f251d4f2f030ed3e88f58fa,1808.03738,1054174174,22020096,192,3182948352,90313,91492
-1.6282901763916016,0.6666666865348816,6,192,0,0.0,persistence,qasper,1728921921,0.5,qasper-1808.03738-27dbbd63c86d6ca82f251d4f2f030ed3e88f58fa,1808.03738,1057175991,22020096,192,3182948352,90313,18061
-1.6732391119003296,0.6666666865348816,6,192,0,0.0,agreement,qasper,1727486311,0.5,qasper-1808.03738-27dbbd63c86d6ca82f251d4f2f030ed3e88f58fa,1808.03738,1056320371,22020096,192,3182948352,90313,69283
-1.5643543004989624,0.6666666865348816,6,192,0,0.0,community,qasper,1724327717,0.5,qasper-1808.03738-27dbbd63c86d6ca82f251d4f2f030ed3e88f58fa,1808.03738,1055110535,22020096,192,3182948352,90313,43109
-1.3927491903305054,0.6666666865348816,6,192,0,0.0,bridge_preserving,qasper,1720471504,0.5,qasper-1808.03738-27dbbd63c86d6ca82f251d4f2f030ed3e88f58fa,1808.03738,1055938523,22020096,192,3182948352,90313,81217
-1.6282901763916016,0.6666666865348816,6,192,0,0.0,combined_structural,qasper,1728921921,0.5,qasper-1808.03738-27dbbd63c86d6ca82f251d4f2f030ed3e88f58fa,1808.03738,1057175991,22020096,192,3182948352,90313,113959
-1.5135377645492554,0.6666666865348816,6,192,0,0.0,oracle_evidence,qasper,1722390995,0.5,qasper-1808.03738-27dbbd63c86d6ca82f251d4f2f030ed3e88f58fa,1808.03738,1054174174,22020096,192,3182948352,90313,34466
-2.715681552886963,0.0,2,64,0,0.0,base_topk,qasper,1585777800,0.18181818181818182,qasper-1810.12085-c2cb6c4500d9e02fc9a1bdffd22c3df69655189f,1810.12085,551683644,7340032,64,3182948352,90313,58351
-2.715681552886963,0.0,2,64,0,0.0,budget_tuned_topk,qasper,1585777800,0.18181818181818182,qasper-1810.12085-c2cb6c4500d9e02fc9a1bdffd22c3df69655189f,1810.12085,551683644,7340032,64,3182948352,90313,41898
-2.715681552886963,0.0,2,64,0,0.0,power_sharpen,qasper,1585777800,0.18181818181818182,qasper-1810.12085-c2cb6c4500d9e02fc9a1bdffd22c3df69655189f,1810.12085,551683644,7340032,64,3182948352,90313,41293
-2.715681552886963,0.0,2,64,0,0.0,entropy_adaptive_sharpen,qasper,1585777800,0.18181818181818182,qasper-1810.12085-c2cb6c4500d9e02fc9a1bdffd22c3df69655189f,1810.12085,551683644,7340032,64,3182948352,90313,78412
-3.8230361938476562,0.0,2,64,0,0.0,persistence,qasper,1582918862,0.18181818181818182,qasper-1810.12085-c2cb6c4500d9e02fc9a1bdffd22c3df69655189f,1810.12085,548182904,7340032,64,3182948352,90313,15135
-2.6058835983276367,0.0,2,64,0,0.0,agreement,qasper,1584586742,0.18181818181818182,qasper-1810.12085-c2cb6c4500d9e02fc9a1bdffd22c3df69655189f,1810.12085,549348741,7340032,64,3182948352,90313,58777
-2.715681552886963,0.0,2,64,0,0.0,community,qasper,1585777800,0.18181818181818182,qasper-1810.12085-c2cb6c4500d9e02fc9a1bdffd22c3df69655189f,1810.12085,551683644,7340032,64,3182948352,90313,58315
-4.2267255783081055,0.0,2,64,0,0.0,bridge_preserving,qasper,1586196771,0.18181818181818182,qasper-1810.12085-c2cb6c4500d9e02fc9a1bdffd22c3df69655189f,1810.12085,552441465,7340032,64,3178754048,90313,42699
-3.8230361938476562,0.0,2,64,0,0.0,combined_structural,qasper,1582918862,0.18181818181818182,qasper-1810.12085-c2cb6c4500d9e02fc9a1bdffd22c3df69655189f,1810.12085,548182904,7340032,64,3182948352,90313,87285
-2.715681552886963,0.0,2,64,0,0.0,oracle_evidence,qasper,1585777800,0.18181818181818182,qasper-1810.12085-c2cb6c4500d9e02fc9a1bdffd22c3df69655189f,1810.12085,551683644,7340032,64,3182948352,90313,27808
-4.115981578826904,0.0,4,128,0,0.0,base_topk,qasper,2104818077,0.36363636363636365,qasper-1810.12085-c2cb6c4500d9e02fc9a1bdffd22c3df69655189f,1810.12085,975421686,14680064,128,3178754048,90313,15152
-4.115981578826904,0.0,4,128,0,0.0,budget_tuned_topk,qasper,2104818077,0.36363636363636365,qasper-1810.12085-c2cb6c4500d9e02fc9a1bdffd22c3df69655189f,1810.12085,975421686,14680064,128,3178754048,90313,73919
-4.115981578826904,0.0,4,128,0,0.0,power_sharpen,qasper,2104818077,0.36363636363636365,qasper-1810.12085-c2cb6c4500d9e02fc9a1bdffd22c3df69655189f,1810.12085,975421686,14680064,128,3178754048,90313,70501
-4.115981578826904,0.0,4,128,0,0.0,entropy_adaptive_sharpen,qasper,2104818077,0.36363636363636365,qasper-1810.12085-c2cb6c4500d9e02fc9a1bdffd22c3df69655189f,1810.12085,975421686,14680064,128,3178754048,90313,127557
-3.963416814804077,0.0,4,128,0,0.0,persistence,qasper,2108234977,0.36363636363636365,qasper-1810.12085-c2cb6c4500d9e02fc9a1bdffd22c3df69655189f,1810.12085,977264587,14680064,128,3178754048,90313,26621
-4.115981578826904,0.0,4,128,0,0.0,agreement,qasper,2104818077,0.36363636363636365,qasper-1810.12085-c2cb6c4500d9e02fc9a1bdffd22c3df69655189f,1810.12085,975421686,14680064,128,3178754048,90313,69077
-4.115981578826904,0.0,4,128,0,0.0,community,qasper,2104818077,0.36363636363636365,qasper-1810.12085-c2cb6c4500d9e02fc9a1bdffd22c3df69655189f,1810.12085,975421686,14680064,128,3178754048,90313,29643
-3.3464035987854004,0.0,4,128,0,0.0,bridge_preserving,qasper,2109464027,0.36363636363636365,qasper-1810.12085-c2cb6c4500d9e02fc9a1bdffd22c3df69655189f,1810.12085,976491683,14680064,128,3178754048,90313,50250
-4.15684700012207,0.0,4,128,0,0.0,combined_structural,qasper,2111870484,0.36363636363636365,qasper-1810.12085-c2cb6c4500d9e02fc9a1bdffd22c3df69655189f,1810.12085,978601521,14680064,128,3178754048,90313,105821
-4.115981578826904,0.0,4,128,0,0.0,oracle_evidence,qasper,2104818077,0.36363636363636365,qasper-1810.12085-c2cb6c4500d9e02fc9a1bdffd22c3df69655189f,1810.12085,975421686,14680064,128,3178754048,90313,73504
-3.9816737174987793,0.0,6,192,0,0.0,base_topk,qasper,2545508735,0.5454545454545454,qasper-1810.12085-c2cb6c4500d9e02fc9a1bdffd22c3df69655189f,1810.12085,1311862581,22020096,192,3178754048,90313,22661
-3.9816737174987793,0.0,6,192,0,0.0,budget_tuned_topk,qasper,2545508735,0.5454545454545454,qasper-1810.12085-c2cb6c4500d9e02fc9a1bdffd22c3df69655189f,1810.12085,1311862581,22020096,192,3178754048,90313,45219
-3.9816737174987793,0.0,6,192,0,0.0,power_sharpen,qasper,2545508735,0.5454545454545454,qasper-1810.12085-c2cb6c4500d9e02fc9a1bdffd22c3df69655189f,1810.12085,1311862581,22020096,192,3178754048,90313,47668
-3.9816737174987793,0.0,6,192,0,0.0,entropy_adaptive_sharpen,qasper,2545508735,0.5454545454545454,qasper-1810.12085-c2cb6c4500d9e02fc9a1bdffd22c3df69655189f,1810.12085,1311862581,22020096,192,3178754048,90313,88432
-3.275252342224121,0.0,6,192,0,0.0,persistence,qasper,2550813469,0.5454545454545454,qasper-1810.12085-c2cb6c4500d9e02fc9a1bdffd22c3df69655189f,1810.12085,1316461565,22020096,192,3178754048,90313,18424
-4.587613105773926,0.0,6,192,0,0.0,agreement,qasper,2544328307,0.5454545454545454,qasper-1810.12085-c2cb6c4500d9e02fc9a1bdffd22c3df69655189f,1810.12085,1313006724,22020096,192,3178754048,90313,53313
-3.9910082817077637,0.0,6,192,0,0.0,community,qasper,2556895647,0.5454545454545454,qasper-1810.12085-c2cb6c4500d9e02fc9a1bdffd22c3df69655189f,1810.12085,1324022967,22020096,192,3178754048,90313,51125
-3.7850046157836914,0.0,6,192,0,0.0,bridge_preserving,qasper,2554765215,0.45454545454545453,qasper-1810.12085-c2cb6c4500d9e02fc9a1bdffd22c3df69655189f,1810.12085,1321905662,22020096,192,3178754048,90313,80260
-3.275252342224121,0.0,6,192,0,0.0,combined_structural,qasper,2550813469,0.5454545454545454,qasper-1810.12085-c2cb6c4500d9e02fc9a1bdffd22c3df69655189f,1810.12085,1316461565,22020096,192,3178754048,90313,89104
-3.9816737174987793,0.0,6,192,0,0.0,oracle_evidence,qasper,2545508735,0.5454545454545454,qasper-1810.12085-c2cb6c4500d9e02fc9a1bdffd22c3df69655189f,1810.12085,1311862581,22020096,192,3178754048,90313,29080
-9.18438720703125,0.0,2,64,0,0.0,base_topk,qasper,4758874376,0.16666666666666666,qasper-1902.09666-8c852fc29bda014d28c3ee5b5a7e449ab9152d35,1902.09666,550412336,7340032,64,3178885120,90313,43757
-9.18438720703125,0.0,2,64,0,0.0,budget_tuned_topk,qasper,4758874376,0.16666666666666666,qasper-1902.09666-8c852fc29bda014d28c3ee5b5a7e449ab9152d35,1902.09666,550412336,7340032,64,3178885120,90313,45424
-9.18438720703125,0.0,2,64,0,0.0,power_sharpen,qasper,4758874376,0.16666666666666666,qasper-1902.09666-8c852fc29bda014d28c3ee5b5a7e449ab9152d35,1902.09666,550412336,7340032,64,3178885120,90313,55099
-9.18438720703125,0.0,2,64,0,0.0,entropy_adaptive_sharpen,qasper,4758874376,0.16666666666666666,qasper-1902.09666-8c852fc29bda014d28c3ee5b5a7e449ab9152d35,1902.09666,550412336,7340032,64,3178885120,90313,83486
-9.18438720703125,0.0,2,64,0,0.0,persistence,qasper,4758874376,0.16666666666666666,qasper-1902.09666-8c852fc29bda014d28c3ee5b5a7e449ab9152d35,1902.09666,550412336,7340032,64,3178885120,90313,16626
-9.18438720703125,0.0,2,64,0,0.0,agreement,qasper,4758874376,0.16666666666666666,qasper-1902.09666-8c852fc29bda014d28c3ee5b5a7e449ab9152d35,1902.09666,550412336,7340032,64,3178885120,90313,14503
-9.18438720703125,0.0,2,64,0,0.0,community,qasper,4758874376,0.16666666666666666,qasper-1902.09666-8c852fc29bda014d28c3ee5b5a7e449ab9152d35,1902.09666,550412336,7340032,64,3178885120,90313,14119
-2.2851805686950684,0.5,2,64,0,0.0,bridge_preserving,qasper,1440053004,0.16666666666666666,qasper-1902.09666-8c852fc29bda014d28c3ee5b5a7e449ab9152d35,1902.09666,552316769,7340032,64,3178885120,90313,29585
-9.18438720703125,0.0,2,64,0,0.0,combined_structural,qasper,4758874376,0.16666666666666666,qasper-1902.09666-8c852fc29bda014d28c3ee5b5a7e449ab9152d35,1902.09666,550412336,7340032,64,3178885120,90313,139677
-8.504945755004883,0.0,2,64,0,0.0,oracle_evidence,qasper,1438697383,0.3333333333333333,qasper-1902.09666-8c852fc29bda014d28c3ee5b5a7e449ab9152d35,1902.09666,551765354,7340032,64,3178885120,90313,33166
-9.911208152770996,0.0,4,128,0,0.0,base_topk,qasper,2571262352,0.3333333333333333,qasper-1902.09666-8c852fc29bda014d28c3ee5b5a7e449ab9152d35,1902.09666,975879452,14680064,128,3178901504,90313,41248
-9.911208152770996,0.0,4,128,0,0.0,budget_tuned_topk,qasper,2571262352,0.3333333333333333,qasper-1902.09666-8c852fc29bda014d28c3ee5b5a7e449ab9152d35,1902.09666,975879452,14680064,128,3178901504,90313,50157
-9.911208152770996,0.0,4,128,0,0.0,power_sharpen,qasper,2571262352,0.3333333333333333,qasper-1902.09666-8c852fc29bda014d28c3ee5b5a7e449ab9152d35,1902.09666,975879452,14680064,128,3178901504,90313,46570
-9.911208152770996,0.0,4,128,0,0.0,entropy_adaptive_sharpen,qasper,2571262352,0.3333333333333333,qasper-1902.09666-8c852fc29bda014d28c3ee5b5a7e449ab9152d35,1902.09666,975879452,14680064,128,3178901504,90313,84259
-9.091482162475586,0.0,4,128,0,0.0,persistence,qasper,1865623714,0.16666666666666666,qasper-1902.09666-8c852fc29bda014d28c3ee5b5a7e449ab9152d35,1902.09666,975573531,14680064,128,3178901504,90313,16277
-9.911208152770996,0.0,4,128,0,0.0,agreement,qasper,2571262352,0.3333333333333333,qasper-1902.09666-8c852fc29bda014d28c3ee5b5a7e449ab9152d35,1902.09666,975879452,14680064,128,3178901504,90313,53471
-9.911208152770996,0.0,4,128,0,0.0,community,qasper,2571262352,0.3333333333333333,qasper-1902.09666-8c852fc29bda014d28c3ee5b5a7e449ab9152d35,1902.09666,975879452,14680064,128,3178901504,90313,20236
-4.012235164642334,0.5,4,128,0,0.0,bridge_preserving,qasper,1874675514,0.5,qasper-1902.09666-8c852fc29bda014d28c3ee5b5a7e449ab9152d35,1902.09666,979070543,14680064,128,3178901504,90313,33379
-9.091482162475586,0.0,4,128,0,0.0,combined_structural,qasper,1865623714,0.16666666666666666,qasper-1902.09666-8c852fc29bda014d28c3ee5b5a7e449ab9152d35,1902.09666,975573531,14680064,128,3178901504,90313,107600
-8.835601806640625,0.0,4,128,0,0.0,oracle_evidence,qasper,1867033361,0.6666666666666666,qasper-1902.09666-8c852fc29bda014d28c3ee5b5a7e449ab9152d35,1902.09666,972501160,14680064,128,3178901504,90313,34141
-9.85698127746582,0.0,6,192,0,0.0,base_topk,qasper,2907655495,0.5,qasper-1902.09666-8c852fc29bda014d28c3ee5b5a7e449ab9152d35,1902.09666,1323468064,22020096,192,3178917888,90313,48820
-9.85698127746582,0.0,6,192,0,0.0,budget_tuned_topk,qasper,2907655495,0.5,qasper-1902.09666-8c852fc29bda014d28c3ee5b5a7e449ab9152d35,1902.09666,1323468064,22020096,192,3178917888,90313,55486
-9.85698127746582,0.0,6,192,0,0.0,power_sharpen,qasper,2907655495,0.5,qasper-1902.09666-8c852fc29bda014d28c3ee5b5a7e449ab9152d35,1902.09666,1323468064,22020096,192,3178917888,90313,59936
-9.85698127746582,0.0,6,192,0,0.0,entropy_adaptive_sharpen,qasper,2907655495,0.5,qasper-1902.09666-8c852fc29bda014d28c3ee5b5a7e449ab9152d35,1902.09666,1323468064,22020096,192,3178917888,90313,105740
-9.172958374023438,0.0,6,192,0,0.0,persistence,qasper,2227579972,0.3333333333333333,qasper-1902.09666-8c852fc29bda014d28c3ee5b5a7e449ab9152d35,1902.09666,1316821804,22020096,192,3178917888,90313,24408
-9.566556930541992,0.0,6,192,0,0.0,agreement,qasper,2219559166,0.5,qasper-1902.09666-8c852fc29bda014d28c3ee5b5a7e449ab9152d35,1902.09666,1307733311,22020096,192,3178917888,90313,57194
-9.566556930541992,0.0,6,192,0,0.0,community,qasper,2219559166,0.5,qasper-1902.09666-8c852fc29bda014d28c3ee5b5a7e449ab9152d35,1902.09666,1307733311,22020096,192,3178917888,90313,84862
-3.9742279052734375,0.5,6,192,0,0.0,bridge_preserving,qasper,2212793279,0.6666666666666666,qasper-1902.09666-8c852fc29bda014d28c3ee5b5a7e449ab9152d35,1902.09666,1307178193,22020096,192,3178917888,90313,45484
-9.589839935302734,0.0,6,192,0,0.0,combined_structural,qasper,2233681177,0.5,qasper-1902.09666-8c852fc29bda014d28c3ee5b5a7e449ab9152d35,1902.09666,1324784286,22020096,192,3178917888,90313,80025
-3.790297508239746,0.5,6,192,0,1.0,oracle_evidence,qasper,2226438840,1.0,qasper-1902.09666-8c852fc29bda014d28c3ee5b5a7e449ab9152d35,1902.09666,1316374278,22020096,192,3178917888,90313,64739
-0.3681046962738037,0.8461538553237915,2,64,0,0.0,base_topk,qasper,2152347794,0.3333333333333333,qasper-1903.03530-1b1a30e9e68a9ae76af467e60cefb180d135e285,1903.03530,549198354,7340032,64,3195744256,90313,72059
-0.3681046962738037,0.8461538553237915,2,64,0,0.0,budget_tuned_topk,qasper,2152347794,0.3333333333333333,qasper-1903.03530-1b1a30e9e68a9ae76af467e60cefb180d135e285,1903.03530,549198354,7340032,64,3195744256,90313,53282
-0.3681046962738037,0.8461538553237915,2,64,0,0.0,power_sharpen,qasper,2152347794,0.3333333333333333,qasper-1903.03530-1b1a30e9e68a9ae76af467e60cefb180d135e285,1903.03530,549198354,7340032,64,3195744256,90313,44039
-0.3681046962738037,0.8461538553237915,2,64,0,0.0,entropy_adaptive_sharpen,qasper,2152347794,0.3333333333333333,qasper-1903.03530-1b1a30e9e68a9ae76af467e60cefb180d135e285,1903.03530,549198354,7340032,64,3195744256,90313,86849
-3.1327526569366455,0.3461538553237915,2,64,0,0.0,persistence,qasper,2169973231,0.3333333333333333,qasper-1903.03530-1b1a30e9e68a9ae76af467e60cefb180d135e285,1903.03530,570471985,7340032,64,3195752448,90313,15830
-3.1327526569366455,0.3461538553237915,2,64,0,0.0,agreement,qasper,2169973231,0.3333333333333333,qasper-1903.03530-1b1a30e9e68a9ae76af467e60cefb180d135e285,1903.03530,570471985,7340032,64,3195752448,90313,55687
-0.3681046962738037,0.8461538553237915,2,64,0,0.0,community,qasper,2152347794,0.3333333333333333,qasper-1903.03530-1b1a30e9e68a9ae76af467e60cefb180d135e285,1903.03530,549198354,7340032,64,3195744256,90313,23989
-0.5284308195114136,0.8076923489570618,2,64,0,0.0,bridge_preserving,qasper,2050907736,0.3333333333333333,qasper-1903.03530-1b1a30e9e68a9ae76af467e60cefb180d135e285,1903.03530,466169187,7340032,64,3195752448,90313,40767
-3.0923798084259033,0.3461538553237915,2,64,0,0.0,combined_structural,qasper,2061432566,0.3333333333333333,qasper-1903.03530-1b1a30e9e68a9ae76af467e60cefb180d135e285,1903.03530,472559960,7340032,64,3195752448,90313,119421
-0.3681046962738037,0.8461538553237915,2,64,0,0.0,oracle_evidence,qasper,2152347794,0.3333333333333333,qasper-1903.03530-1b1a30e9e68a9ae76af467e60cefb180d135e285,1903.03530,549198354,7340032,64,3195744256,90313,67689
-0.26758909225463867,0.884615421295166,4,128,0,0.0,base_topk,qasper,2608827875,0.6666666666666666,qasper-1903.03530-1b1a30e9e68a9ae76af467e60cefb180d135e285,1903.03530,959939028,14680064,128,3195752448,90313,23030
-0.26758909225463867,0.884615421295166,4,128,0,0.0,budget_tuned_topk,qasper,2608827875,0.6666666666666666,qasper-1903.03530-1b1a30e9e68a9ae76af467e60cefb180d135e285,1903.03530,959939028,14680064,128,3195752448,90313,46709
-0.26758909225463867,0.884615421295166,4,128,0,0.0,power_sharpen,qasper,2608827875,0.6666666666666666,qasper-1903.03530-1b1a30e9e68a9ae76af467e60cefb180d135e285,1903.03530,959939028,14680064,128,3195752448,90313,47793
-0.26758909225463867,0.884615421295166,4,128,0,0.0,entropy_adaptive_sharpen,qasper,2608827875,0.6666666666666666,qasper-1903.03530-1b1a30e9e68a9ae76af467e60cefb180d135e285,1903.03530,959939028,14680064,128,3195752448,90313,89899
-3.1959424018859863,0.3461538553237915,4,128,0,0.0,persistence,qasper,2607598330,0.5,qasper-1903.03530-1b1a30e9e68a9ae76af467e60cefb180d135e285,1903.03530,960933060,14680064,128,3195752448,90313,17182
-0.3256232738494873,0.8076923489570618,4,128,0,0.0,agreement,qasper,2605182818,0.5,qasper-1903.03530-1b1a30e9e68a9ae76af467e60cefb180d135e285,1903.03530,962941637,14680064,128,3195752448,90313,73429
-0.35630491375923157,0.8461538553237915,4,128,0,0.0,community,qasper,2600172364,0.5,qasper-1903.03530-1b1a30e9e68a9ae76af467e60cefb180d135e285,1903.03530,959467693,14680064,128,3195752448,90313,59764
-0.26758909225463867,0.884615421295166,4,128,0,0.0,bridge_preserving,qasper,2608827875,0.6666666666666666,qasper-1903.03530-1b1a30e9e68a9ae76af467e60cefb180d135e285,1903.03530,959939028,14680064,128,3195752448,90313,105079
-2.9785168170928955,0.3461538553237915,4,128,0,0.0,combined_structural,qasper,2604115174,0.6666666666666666,qasper-1903.03530-1b1a30e9e68a9ae76af467e60cefb180d135e285,1903.03530,961679557,14680064,128,3195752448,90313,74544
-0.26758909225463867,0.884615421295166,4,128,0,0.0,oracle_evidence,qasper,2608827875,0.6666666666666666,qasper-1903.03530-1b1a30e9e68a9ae76af467e60cefb180d135e285,1903.03530,959939028,14680064,128,3195752448,90313,65007
-0.33178240060806274,0.884615421295166,6,192,0,0.0,base_topk,qasper,2737804379,0.8333333333333334,qasper-1903.03530-1b1a30e9e68a9ae76af467e60cefb180d135e285,1903.03530,1055784888,22020096,192,3195752448,90313,22528
-0.33178240060806274,0.884615421295166,6,192,0,0.0,budget_tuned_topk,qasper,2737804379,0.8333333333333334,qasper-1903.03530-1b1a30e9e68a9ae76af467e60cefb180d135e285,1903.03530,1055784888,22020096,192,3195752448,90313,55311
-0.33178240060806274,0.884615421295166,6,192,0,0.0,power_sharpen,qasper,2737804379,0.8333333333333334,qasper-1903.03530-1b1a30e9e68a9ae76af467e60cefb180d135e285,1903.03530,1055784888,22020096,192,3195752448,90313,56635
-0.33178240060806274,0.884615421295166,6,192,0,0.0,entropy_adaptive_sharpen,qasper,2737804379,0.8333333333333334,qasper-1903.03530-1b1a30e9e68a9ae76af467e60cefb180d135e285,1903.03530,1055784888,22020096,192,3195752448,90313,104326
-2.821972608566284,0.23076924681663513,6,192,0,0.0,persistence,qasper,2736364291,0.5,qasper-1903.03530-1b1a30e9e68a9ae76af467e60cefb180d135e285,1903.03530,1055835397,22020096,192,3195752448,90313,21726
-0.31504130363464355,0.8461538553237915,6,192,0,0.0,agreement,qasper,2736741928,0.5,qasper-1903.03530-1b1a30e9e68a9ae76af467e60cefb180d135e285,1903.03530,1056504102,22020096,192,3195752448,90313,62939
-0.31889960169792175,0.884615421295166,6,192,0,0.0,community,qasper,2738985116,0.6666666666666666,qasper-1903.03530-1b1a30e9e68a9ae76af467e60cefb180d135e285,1903.03530,1057215440,22020096,192,3195752448,90313,62352
-0.33008167147636414,0.884615421295166,6,192,0,0.0,bridge_preserving,qasper,2738314713,0.8333333333333334,qasper-1903.03530-1b1a30e9e68a9ae76af467e60cefb180d135e285,1903.03530,1054898905,22020096,192,3195752448,90313,67493
-0.35181891918182373,0.884615421295166,6,192,0,0.0,combined_structural,qasper,2737816345,0.8333333333333334,qasper-1903.03530-1b1a30e9e68a9ae76af467e60cefb180d135e285,1903.03530,1055652502,22020096,192,3195752448,90313,89667
-0.2931275963783264,0.884615421295166,6,192,0,1.0,oracle_evidence,qasper,2733149851,1.0,qasper-1903.03530-1b1a30e9e68a9ae76af467e60cefb180d135e285,1903.03530,1056215114,22020096,192,3195752448,90313,66881
-2.520359992980957,0.3913043439388275,2,64,0,0.0,base_topk,qasper,4867982407,0.6666666666666666,qasper-1903.11437-87bb3105e03ed6ac5abfde0a7ca9b8de8985663c,1903.11437,624724651,7340032,64,3195867136,90313,75527
-2.520359992980957,0.3913043439388275,2,64,0,0.0,budget_tuned_topk,qasper,4867982407,0.6666666666666666,qasper-1903.11437-87bb3105e03ed6ac5abfde0a7ca9b8de8985663c,1903.11437,624724651,7340032,64,3195867136,90313,42563
-2.520359992980957,0.3913043439388275,2,64,0,0.0,power_sharpen,qasper,4867982407,0.6666666666666666,qasper-1903.11437-87bb3105e03ed6ac5abfde0a7ca9b8de8985663c,1903.11437,624724651,7340032,64,3195867136,90313,39244
-2.520359992980957,0.3913043439388275,2,64,0,0.0,entropy_adaptive_sharpen,qasper,4867982407,0.6666666666666666,qasper-1903.11437-87bb3105e03ed6ac5abfde0a7ca9b8de8985663c,1903.11437,624724651,7340032,64,3195867136,90313,72877
-5.036624908447266,0.21739131212234497,2,64,0,0.0,persistence,qasper,1268061565,0.0,qasper-1903.11437-87bb3105e03ed6ac5abfde0a7ca9b8de8985663c,1903.11437,568413423,7340032,64,3195912192,90313,14010
-4.6709699630737305,0.17391304671764374,2,64,0,0.0,agreement,qasper,1034337332,0.3333333333333333,qasper-1903.11437-87bb3105e03ed6ac5abfde0a7ca9b8de8985663c,1903.11437,470830011,7340032,64,3195912192,90313,56834
-2.520359992980957,0.3913043439388275,2,64,0,0.0,community,qasper,4867982407,0.6666666666666666,qasper-1903.11437-87bb3105e03ed6ac5abfde0a7ca9b8de8985663c,1903.11437,624724651,7340032,64,3195867136,90313,55786
-2.520359992980957,0.3913043439388275,2,64,0,0.0,bridge_preserving,qasper,4867982407,0.6666666666666666,qasper-1903.11437-87bb3105e03ed6ac5abfde0a7ca9b8de8985663c,1903.11437,624724651,7340032,64,3195867136,90313,42218
-5.036624908447266,0.21739131212234497,2,64,0,0.0,combined_structural,qasper,1268061565,0.0,qasper-1903.11437-87bb3105e03ed6ac5abfde0a7ca9b8de8985663c,1903.11437,568413423,7340032,64,3195912192,90313,70009
-2.520359992980957,0.3913043439388275,2,64,0,0.0,oracle_evidence,qasper,4867982407,0.6666666666666666,qasper-1903.11437-87bb3105e03ed6ac5abfde0a7ca9b8de8985663c,1903.11437,624724651,7340032,64,3195867136,90313,28746
-2.6601059436798096,0.43478262424468994,4,128,0,0.0,base_topk,qasper,2359885514,0.6666666666666666,qasper-1903.11437-87bb3105e03ed6ac5abfde0a7ca9b8de8985663c,1903.11437,954458936,14680064,128,3195928576,90313,17210
-2.6601059436798096,0.43478262424468994,4,128,0,0.0,budget_tuned_topk,qasper,2359885514,0.6666666666666666,qasper-1903.11437-87bb3105e03ed6ac5abfde0a7ca9b8de8985663c,1903.11437,954458936,14680064,128,3195928576,90313,48899
-2.6601059436798096,0.43478262424468994,4,128,0,0.0,power_sharpen,qasper,2359885514,0.6666666666666666,qasper-1903.11437-87bb3105e03ed6ac5abfde0a7ca9b8de8985663c,1903.11437,954458936,14680064,128,3195928576,90313,43101
-2.6601059436798096,0.43478262424468994,4,128,0,0.0,entropy_adaptive_sharpen,qasper,2359885514,0.6666666666666666,qasper-1903.11437-87bb3105e03ed6ac5abfde0a7ca9b8de8985663c,1903.11437,954458936,14680064,128,3195928576,90313,81682
-1.7525044679641724,0.5652173757553101,4,128,0,0.0,persistence,qasper,1701329004,0.6666666666666666,qasper-1903.11437-87bb3105e03ed6ac5abfde0a7ca9b8de8985663c,1903.11437,952047796,14680064,128,3195928576,90313,15241
-2.8804361820220947,0.3913043439388275,4,128,0,0.0,agreement,qasper,1710555560,0.6666666666666666,qasper-1903.11437-87bb3105e03ed6ac5abfde0a7ca9b8de8985663c,1903.11437,960984608,14680064,128,3195928576,90313,72268
-2.6601059436798096,0.43478262424468994,4,128,0,0.0,community,qasper,2359885514,0.6666666666666666,qasper-1903.11437-87bb3105e03ed6ac5abfde0a7ca9b8de8985663c,1903.11437,954458936,14680064,128,3195928576,90313,62628
-2.6601059436798096,0.43478262424468994,4,128,0,0.0,bridge_preserving,qasper,2359885514,0.6666666666666666,qasper-1903.11437-87bb3105e03ed6ac5abfde0a7ca9b8de8985663c,1903.11437,954458936,14680064,128,3195928576,90313,44339
-1.7525044679641724,0.5652173757553101,4,128,0,0.0,combined_structural,qasper,1701329004,0.6666666666666666,qasper-1903.11437-87bb3105e03ed6ac5abfde0a7ca9b8de8985663c,1903.11437,952047796,14680064,128,3195928576,90313,77869
-1.7332830429077148,0.5652173757553101,4,128,0,1.0,oracle_evidence,qasper,1704669624,1.0,qasper-1903.11437-87bb3105e03ed6ac5abfde0a7ca9b8de8985663c,1903.11437,958125702,14680064,128,3195928576,90313,30910
-2.594411849975586,0.47826087474823,6,192,0,0.0,base_topk,qasper,2532265235,0.6666666666666666,qasper-1903.11437-87bb3105e03ed6ac5abfde0a7ca9b8de8985663c,1903.11437,1055290669,22020096,192,3195944960,90313,40842
-2.594411849975586,0.47826087474823,6,192,0,0.0,budget_tuned_topk,qasper,2532265235,0.6666666666666666,qasper-1903.11437-87bb3105e03ed6ac5abfde0a7ca9b8de8985663c,1903.11437,1055290669,22020096,192,3195944960,90313,78126
-2.594411849975586,0.47826087474823,6,192,0,0.0,power_sharpen,qasper,2532265235,0.6666666666666666,qasper-1903.11437-87bb3105e03ed6ac5abfde0a7ca9b8de8985663c,1903.11437,1055290669,22020096,192,3195944960,90313,57612
-2.594411849975586,0.47826087474823,6,192,0,0.0,entropy_adaptive_sharpen,qasper,2532265235,0.6666666666666666,qasper-1903.11437-87bb3105e03ed6ac5abfde0a7ca9b8de8985663c,1903.11437,1055290669,22020096,192,3195944960,90313,110130
-1.7426923513412476,0.6086956858634949,6,192,0,0.0,persistence,qasper,1695532449,0.6666666666666666,qasper-1903.11437-87bb3105e03ed6ac5abfde0a7ca9b8de8985663c,1903.11437,1055476995,22020096,192,3195944960,90313,23067
-2.808229684829712,0.3913043439388275,6,192,0,0.0,agreement,qasper,1694270800,0.6666666666666666,qasper-1903.11437-87bb3105e03ed6ac5abfde0a7ca9b8de8985663c,1903.11437,1056231121,22020096,192,3195944960,90313,69034
-2.594411849975586,0.47826087474823,6,192,0,0.0,community,qasper,2532265235,0.6666666666666666,qasper-1903.11437-87bb3105e03ed6ac5abfde0a7ca9b8de8985663c,1903.11437,1055290669,22020096,192,3195944960,90313,62418
-2.594411849975586,0.47826087474823,6,192,0,0.0,bridge_preserving,qasper,2532265235,0.6666666666666666,qasper-1903.11437-87bb3105e03ed6ac5abfde0a7ca9b8de8985663c,1903.11437,1055290669,22020096,192,3195944960,90313,55132
-1.7426923513412476,0.6086956858634949,6,192,0,0.0,combined_structural,qasper,1695532449,0.6666666666666666,qasper-1903.11437-87bb3105e03ed6ac5abfde0a7ca9b8de8985663c,1903.11437,1055476995,22020096,192,3195944960,90313,72519
-1.7182163000106812,0.5652173757553101,6,192,0,1.0,oracle_evidence,qasper,1784704349,1.0,qasper-1903.11437-87bb3105e03ed6ac5abfde0a7ca9b8de8985663c,1903.11437,1056031035,22020096,192,3195944960,90313,30275
-5.579188823699951,0.125,2,64,0,0.0,base_topk,qasper,6033922133,0.16666666666666666,qasper-1904.01548-7d2f812cb345bb3ab91eb8cbbdeefd4b58f65569,1904.01548,524094489,7340032,64,3208626176,90313,76213
-5.579188823699951,0.125,2,64,0,0.0,budget_tuned_topk,qasper,6033922133,0.16666666666666666,qasper-1904.01548-7d2f812cb345bb3ab91eb8cbbdeefd4b58f65569,1904.01548,524094489,7340032,64,3208626176,90313,63022
-5.579188823699951,0.125,2,64,0,0.0,power_sharpen,qasper,6033922133,0.16666666666666666,qasper-1904.01548-7d2f812cb345bb3ab91eb8cbbdeefd4b58f65569,1904.01548,524094489,7340032,64,3208626176,90313,70368
-5.579188823699951,0.125,2,64,0,0.0,entropy_adaptive_sharpen,qasper,6033922133,0.16666666666666666,qasper-1904.01548-7d2f812cb345bb3ab91eb8cbbdeefd4b58f65569,1904.01548,524094489,7340032,64,3208626176,90313,135425
-5.704782009124756,0.1458333432674408,2,64,0,0.0,persistence,qasper,2689784142,0.16666666666666666,qasper-1904.01548-7d2f812cb345bb3ab91eb8cbbdeefd4b58f65569,1904.01548,464224195,7340032,64,3208626176,90313,27505
-5.704782009124756,0.1458333432674408,2,64,0,0.0,agreement,qasper,2689784142,0.16666666666666666,qasper-1904.01548-7d2f812cb345bb3ab91eb8cbbdeefd4b58f65569,1904.01548,464224195,7340032,64,3208626176,90313,70257
-5.748991966247559,0.125,2,64,0,0.0,community,qasper,2691629849,0.16666666666666666,qasper-1904.01548-7d2f812cb345bb3ab91eb8cbbdeefd4b58f65569,1904.01548,467657227,7340032,64,3208626176,90313,30413
-5.579188823699951,0.125,2,64,0,0.0,bridge_preserving,qasper,6033922133,0.16666666666666666,qasper-1904.01548-7d2f812cb345bb3ab91eb8cbbdeefd4b58f65569,1904.01548,524094489,7340032,64,3208626176,90313,65444
-5.704782009124756,0.1458333432674408,2,64,0,0.0,combined_structural,qasper,2689784142,0.16666666666666666,qasper-1904.01548-7d2f812cb345bb3ab91eb8cbbdeefd4b58f65569,1904.01548,464224195,7340032,64,3208626176,90313,62066
-5.579188823699951,0.125,2,64,0,0.0,oracle_evidence,qasper,6033922133,0.16666666666666666,qasper-1904.01548-7d2f812cb345bb3ab91eb8cbbdeefd4b58f65569,1904.01548,524094489,7340032,64,3208626176,90313,25658
-5.734057903289795,0.125,4,128,0,0.0,base_topk,qasper,3966362267,0.3333333333333333,qasper-1904.01548-7d2f812cb345bb3ab91eb8cbbdeefd4b58f65569,1904.01548,955081152,14680064,128,3208642560,90313,14547
-5.734057903289795,0.125,4,128,0,0.0,budget_tuned_topk,qasper,3966362267,0.3333333333333333,qasper-1904.01548-7d2f812cb345bb3ab91eb8cbbdeefd4b58f65569,1904.01548,955081152,14680064,128,3208642560,90313,64365
-5.734057903289795,0.125,4,128,0,0.0,power_sharpen,qasper,3966362267,0.3333333333333333,qasper-1904.01548-7d2f812cb345bb3ab91eb8cbbdeefd4b58f65569,1904.01548,955081152,14680064,128,3208642560,90313,72470
-5.734057903289795,0.125,4,128,0,0.0,entropy_adaptive_sharpen,qasper,3966362267,0.3333333333333333,qasper-1904.01548-7d2f812cb345bb3ab91eb8cbbdeefd4b58f65569,1904.01548,955081152,14680064,128,3208642560,90313,132983
-5.653398036956787,0.1458333432674408,4,128,0,0.0,persistence,qasper,3312865234,0.3333333333333333,qasper-1904.01548-7d2f812cb345bb3ab91eb8cbbdeefd4b58f65569,1904.01548,961959020,14680064,128,3208642560,90313,28525
-5.697620391845703,0.1458333432674408,4,128,0,0.0,agreement,qasper,3320957161,0.3333333333333333,qasper-1904.01548-7d2f812cb345bb3ab91eb8cbbdeefd4b58f65569,1904.01548,966825774,14680064,128,3208642560,90313,69007
-5.717258453369141,0.1666666716337204,4,128,0,0.0,community,qasper,3295366730,0.3333333333333333,qasper-1904.01548-7d2f812cb345bb3ab91eb8cbbdeefd4b58f65569,1904.01548,951780456,14680064,128,3208642560,90313,67106
-5.734057903289795,0.125,4,128,0,0.0,bridge_preserving,qasper,3966362267,0.3333333333333333,qasper-1904.01548-7d2f812cb345bb3ab91eb8cbbdeefd4b58f65569,1904.01548,955081152,14680064,128,3208642560,90313,109444
-5.653398036956787,0.1458333432674408,4,128,0,0.0,combined_structural,qasper,3312865234,0.3333333333333333,qasper-1904.01548-7d2f812cb345bb3ab91eb8cbbdeefd4b58f65569,1904.01548,961959020,14680064,128,3208642560,90313,75968
-5.734057903289795,0.125,4,128,0,0.0,oracle_evidence,qasper,3966362267,0.3333333333333333,qasper-1904.01548-7d2f812cb345bb3ab91eb8cbbdeefd4b58f65569,1904.01548,955081152,14680064,128,3208642560,90313,27526
-5.589202880859375,0.1458333432674408,6,192,0,0.0,base_topk,qasper,4186788587,0.5,qasper-1904.01548-7d2f812cb345bb3ab91eb8cbbdeefd4b58f65569,1904.01548,1056178683,22020096,192,3208658944,90313,14555
-5.589202880859375,0.1458333432674408,6,192,0,0.0,budget_tuned_topk,qasper,4186788587,0.5,qasper-1904.01548-7d2f812cb345bb3ab91eb8cbbdeefd4b58f65569,1904.01548,1056178683,22020096,192,3208658944,90313,53396
-5.589202880859375,0.1458333432674408,6,192,0,0.0,power_sharpen,qasper,4186788587,0.5,qasper-1904.01548-7d2f812cb345bb3ab91eb8cbbdeefd4b58f65569,1904.01548,1056178683,22020096,192,3208658944,90313,55493
-5.589202880859375,0.1458333432674408,6,192,0,0.0,entropy_adaptive_sharpen,qasper,4186788587,0.5,qasper-1904.01548-7d2f812cb345bb3ab91eb8cbbdeefd4b58f65569,1904.01548,1056178683,22020096,192,3208658944,90313,105586
-5.708632946014404,0.1458333432674408,6,192,0,0.0,persistence,qasper,3527567471,0.5,qasper-1904.01548-7d2f812cb345bb3ab91eb8cbbdeefd4b58f65569,1904.01548,1057738369,22020096,192,3208658944,90313,22140
-5.668448448181152,0.1458333432674408,6,192,0,0.0,agreement,qasper,3524167048,0.5,qasper-1904.01548-7d2f812cb345bb3ab91eb8cbbdeefd4b58f65569,1904.01548,1057436127,22020096,192,3208658944,90313,70542
-5.615527153015137,0.1666666716337204,6,192,0,0.0,community,qasper,3519844866,0.5,qasper-1904.01548-7d2f812cb345bb3ab91eb8cbbdeefd4b58f65569,1904.01548,1056833106,22020096,192,3208658944,90313,49359
-5.589202880859375,0.1458333432674408,6,192,0,0.0,bridge_preserving,qasper,4186788587,0.5,qasper-1904.01548-7d2f812cb345bb3ab91eb8cbbdeefd4b58f65569,1904.01548,1056178683,22020096,192,3208658944,90313,58220
-5.708632946014404,0.1458333432674408,6,192,0,0.0,combined_structural,qasper,3527567471,0.5,qasper-1904.01548-7d2f812cb345bb3ab91eb8cbbdeefd4b58f65569,1904.01548,1057738369,22020096,192,3208658944,90313,52232
-5.589202880859375,0.1458333432674408,6,192,0,0.0,oracle_evidence,qasper,4186788587,0.5,qasper-1904.01548-7d2f812cb345bb3ab91eb8cbbdeefd4b58f65569,1904.01548,1056178683,22020096,192,3208658944,90313,41982
-5.091908931732178,0.3333333432674408,2,64,0,0.0,base_topk,qasper,2588974807,0.2,qasper-1904.09535-2ea4347f1992b0b3958c4844681ff0fe4d0dd1dd,1904.09535,601281766,7340032,64,3208658944,90313,51001
-5.091908931732178,0.3333333432674408,2,64,0,0.0,budget_tuned_topk,qasper,2588974807,0.2,qasper-1904.09535-2ea4347f1992b0b3958c4844681ff0fe4d0dd1dd,1904.09535,601281766,7340032,64,3208658944,90313,54435
-5.091908931732178,0.3333333432674408,2,64,0,0.0,power_sharpen,qasper,2588974807,0.2,qasper-1904.09535-2ea4347f1992b0b3958c4844681ff0fe4d0dd1dd,1904.09535,601281766,7340032,64,3208658944,90313,46268
-5.091908931732178,0.3333333432674408,2,64,0,0.0,entropy_adaptive_sharpen,qasper,2588974807,0.2,qasper-1904.09535-2ea4347f1992b0b3958c4844681ff0fe4d0dd1dd,1904.09535,601281766,7340032,64,3208658944,90313,89814
-4.931545257568359,0.3333333432674408,2,64,0,0.0,persistence,qasper,2568483925,0.4,qasper-1904.09535-2ea4347f1992b0b3958c4844681ff0fe4d0dd1dd,1904.09535,593582579,7340032,64,3208658944,90313,16530
-5.091908931732178,0.3333333432674408,2,64,0,0.0,agreement,qasper,2588974807,0.2,qasper-1904.09535-2ea4347f1992b0b3958c4844681ff0fe4d0dd1dd,1904.09535,601281766,7340032,64,3208658944,90313,52015
-5.091908931732178,0.3333333432674408,2,64,0,0.0,community,qasper,2588974807,0.2,qasper-1904.09535-2ea4347f1992b0b3958c4844681ff0fe4d0dd1dd,1904.09535,601281766,7340032,64,3208658944,90313,19041
-5.440505504608154,0.3333333432674408,2,64,0,0.0,bridge_preserving,qasper,2524158297,0.2,qasper-1904.09535-2ea4347f1992b0b3958c4844681ff0fe4d0dd1dd,1904.09535,548688795,7340032,64,3179298816,90313,31748
-4.931545257568359,0.3333333432674408,2,64,0,0.0,combined_structural,qasper,2568483925,0.4,qasper-1904.09535-2ea4347f1992b0b3958c4844681ff0fe4d0dd1dd,1904.09535,593582579,7340032,64,3208658944,90313,102840
-4.620269298553467,0.3333333432674408,2,64,0,0.0,oracle_evidence,qasper,2529008993,0.4,qasper-1904.09535-2ea4347f1992b0b3958c4844681ff0fe4d0dd1dd,1904.09535,548541697,7340032,64,3179298816,90313,32938
-4.821619033813477,0.3333333432674408,4,128,0,0.0,base_topk,qasper,3075350214,0.6,qasper-1904.09535-2ea4347f1992b0b3958c4844681ff0fe4d0dd1dd,1904.09535,973777442,14680064,128,3179298816,90313,52106
-4.821619033813477,0.3333333432674408,4,128,0,0.0,budget_tuned_topk,qasper,3075350214,0.6,qasper-1904.09535-2ea4347f1992b0b3958c4844681ff0fe4d0dd1dd,1904.09535,973777442,14680064,128,3179298816,90313,54211
-4.821619033813477,0.3333333432674408,4,128,0,0.0,power_sharpen,qasper,3075350214,0.6,qasper-1904.09535-2ea4347f1992b0b3958c4844681ff0fe4d0dd1dd,1904.09535,973777442,14680064,128,3179298816,90313,57166
-4.821619033813477,0.3333333432674408,4,128,0,0.0,entropy_adaptive_sharpen,qasper,3075350214,0.6,qasper-1904.09535-2ea4347f1992b0b3958c4844681ff0fe4d0dd1dd,1904.09535,973777442,14680064,128,3179298816,90313,105051
-4.925880432128906,0.3333333432674408,4,128,0,0.0,persistence,qasper,3064269680,0.6,qasper-1904.09535-2ea4347f1992b0b3958c4844681ff0fe4d0dd1dd,1904.09535,967565598,14680064,128,3179298816,90313,21174
-5.121711730957031,0.3333333432674408,4,128,0,0.0,agreement,qasper,3080087085,0.2,qasper-1904.09535-2ea4347f1992b0b3958c4844681ff0fe4d0dd1dd,1904.09535,976353685,14680064,128,3179298816,90313,48961
-4.821619033813477,0.3333333432674408,4,128,0,0.0,community,qasper,3075350214,0.6,qasper-1904.09535-2ea4347f1992b0b3958c4844681ff0fe4d0dd1dd,1904.09535,973777442,14680064,128,3179298816,90313,55804
-4.788409233093262,0.3333333432674408,4,128,0,0.0,bridge_preserving,qasper,3079213089,0.6,qasper-1904.09535-2ea4347f1992b0b3958c4844681ff0fe4d0dd1dd,1904.09535,972884956,14680064,128,3179298816,90313,43096
-4.925880432128906,0.3333333432674408,4,128,0,0.0,combined_structural,qasper,3064269680,0.6,qasper-1904.09535-2ea4347f1992b0b3958c4844681ff0fe4d0dd1dd,1904.09535,967565598,14680064,128,3179298816,90313,105289
-4.707643508911133,0.6666666865348816,4,128,0,0.0,oracle_evidence,qasper,3075054776,0.8,qasper-1904.09535-2ea4347f1992b0b3958c4844681ff0fe4d0dd1dd,1904.09535,975669205,14680064,128,3179298816,90313,33115
-5.005883693695068,0.3333333432674408,6,192,0,0.0,base_topk,qasper,3533590413,0.6,qasper-1904.09535-2ea4347f1992b0b3958c4844681ff0fe4d0dd1dd,1904.09535,1312224613,22020096,192,3179298816,90313,63324
-5.005883693695068,0.3333333432674408,6,192,0,0.0,budget_tuned_topk,qasper,3533590413,0.6,qasper-1904.09535-2ea4347f1992b0b3958c4844681ff0fe4d0dd1dd,1904.09535,1312224613,22020096,192,3179298816,90313,86366
-5.005883693695068,0.3333333432674408,6,192,0,0.0,power_sharpen,qasper,3533590413,0.6,qasper-1904.09535-2ea4347f1992b0b3958c4844681ff0fe4d0dd1dd,1904.09535,1312224613,22020096,192,3179298816,90313,58017
-5.005883693695068,0.3333333432674408,6,192,0,0.0,entropy_adaptive_sharpen,qasper,3533590413,0.6,qasper-1904.09535-2ea4347f1992b0b3958c4844681ff0fe4d0dd1dd,1904.09535,1312224613,22020096,192,3179298816,90313,108649
-5.014185905456543,0.3333333432674408,6,192,0,0.0,persistence,qasper,3547150764,0.6,qasper-1904.09535-2ea4347f1992b0b3958c4844681ff0fe4d0dd1dd,1904.09535,1324846849,22020096,192,3179298816,90313,22726
-4.726778030395508,0.3333333432674408,6,192,0,0.0,agreement,qasper,3534265376,0.4,qasper-1904.09535-2ea4347f1992b0b3958c4844681ff0fe4d0dd1dd,1904.09535,1302960753,22020096,192,3179298816,90313,53995
-5.005883693695068,0.3333333432674408,6,192,0,0.0,community,qasper,3533590413,0.6,qasper-1904.09535-2ea4347f1992b0b3958c4844681ff0fe4d0dd1dd,1904.09535,1312224613,22020096,192,3179298816,90313,56822
-5.042812824249268,0.3333333432674408,6,192,0,1.0,bridge_preserving,qasper,3536364999,1.0,qasper-1904.09535-2ea4347f1992b0b3958c4844681ff0fe4d0dd1dd,1904.09535,1315653106,22020096,192,3179298816,90313,42346
-5.285802841186523,0.3333333432674408,6,192,0,0.0,combined_structural,qasper,3547100470,0.8,qasper-1904.09535-2ea4347f1992b0b3958c4844681ff0fe4d0dd1dd,1904.09535,1321331491,22020096,192,3179298816,90313,105523
-5.042812824249268,0.3333333432674408,6,192,0,1.0,oracle_evidence,qasper,3536364999,1.0,qasper-1904.09535-2ea4347f1992b0b3958c4844681ff0fe4d0dd1dd,1904.09535,1315653106,22020096,192,3179298816,90313,65009
-3.504042863845825,0.3199999928474426,2,64,0,0.0,base_topk,qasper,2146522808,0.16666666666666666,qasper-1906.01040-70148c8d0f345ea36200d5ba19d021924d98e759,1906.01040,549745003,7340032,64,3196088320,90313,59440
-3.504042863845825,0.3199999928474426,2,64,0,0.0,budget_tuned_topk,qasper,2146522808,0.16666666666666666,qasper-1906.01040-70148c8d0f345ea36200d5ba19d021924d98e759,1906.01040,549745003,7340032,64,3196088320,90313,63095
-3.504042863845825,0.3199999928474426,2,64,0,0.0,power_sharpen,qasper,2146522808,0.16666666666666666,qasper-1906.01040-70148c8d0f345ea36200d5ba19d021924d98e759,1906.01040,549745003,7340032,64,3196088320,90313,58504
-3.504042863845825,0.3199999928474426,2,64,0,0.0,entropy_adaptive_sharpen,qasper,2146522808,0.16666666666666666,qasper-1906.01040-70148c8d0f345ea36200d5ba19d021924d98e759,1906.01040,549745003,7340032,64,3196088320,90313,105608
-3.1781609058380127,0.4399999976158142,2,64,0,0.0,persistence,qasper,2169415808,0.16666666666666666,qasper-1906.01040-70148c8d0f345ea36200d5ba19d021924d98e759,1906.01040,575387398,7340032,64,3196096512,90313,20211
-3.504042863845825,0.3199999928474426,2,64,0,0.0,agreement,qasper,2146522808,0.16666666666666666,qasper-1906.01040-70148c8d0f345ea36200d5ba19d021924d98e759,1906.01040,549745003,7340032,64,3196088320,90313,58032
-3.504042863845825,0.3199999928474426,2,64,0,0.0,community,qasper,2146522808,0.16666666666666666,qasper-1906.01040-70148c8d0f345ea36200d5ba19d021924d98e759,1906.01040,549745003,7340032,64,3196088320,90313,23546
-3.403748035430908,0.2800000011920929,2,64,0,0.0,bridge_preserving,qasper,2072292518,0.16666666666666666,qasper-1906.01040-70148c8d0f345ea36200d5ba19d021924d98e759,1906.01040,477352486,7340032,64,3196096512,90313,39082
-3.1781609058380127,0.4399999976158142,2,64,0,0.0,combined_structural,qasper,2169415808,0.16666666666666666,qasper-1906.01040-70148c8d0f345ea36200d5ba19d021924d98e759,1906.01040,575387398,7340032,64,3196096512,90313,125487
-3.504042863845825,0.3199999928474426,2,64,0,0.0,oracle_evidence,qasper,2146522808,0.16666666666666666,qasper-1906.01040-70148c8d0f345ea36200d5ba19d021924d98e759,1906.01040,549745003,7340032,64,3196088320,90313,44068
-3.269238233566284,0.3999999761581421,4,128,0,0.0,base_topk,qasper,2598828878,0.3333333333333333,qasper-1906.01040-70148c8d0f345ea36200d5ba19d021924d98e759,1906.01040,956204052,14680064,128,3196096512,90313,25274
-3.269238233566284,0.3999999761581421,4,128,0,0.0,budget_tuned_topk,qasper,2598828878,0.3333333333333333,qasper-1906.01040-70148c8d0f345ea36200d5ba19d021924d98e759,1906.01040,956204052,14680064,128,3196096512,90313,78518
-3.269238233566284,0.3999999761581421,4,128,0,0.0,power_sharpen,qasper,2598828878,0.3333333333333333,qasper-1906.01040-70148c8d0f345ea36200d5ba19d021924d98e759,1906.01040,956204052,14680064,128,3196096512,90313,55598
-3.269238233566284,0.3999999761581421,4,128,0,0.0,entropy_adaptive_sharpen,qasper,2598828878,0.3333333333333333,qasper-1906.01040-70148c8d0f345ea36200d5ba19d021924d98e759,1906.01040,956204052,14680064,128,3196096512,90313,103151
-3.210787534713745,0.4399999976158142,4,128,0,0.0,persistence,qasper,2592531003,0.3333333333333333,qasper-1906.01040-70148c8d0f345ea36200d5ba19d021924d98e759,1906.01040,952006110,14680064,128,3196096512,90313,20689
-3.2385520935058594,0.35999998450279236,4,128,0,0.0,agreement,qasper,2601692002,0.3333333333333333,qasper-1906.01040-70148c8d0f345ea36200d5ba19d021924d98e759,1906.01040,956629009,14680064,128,3196096512,90313,69852
-3.269238233566284,0.3999999761581421,4,128,0,0.0,community,qasper,2598828878,0.3333333333333333,qasper-1906.01040-70148c8d0f345ea36200d5ba19d021924d98e759,1906.01040,956204052,14680064,128,3196096512,90313,60428
-3.2406206130981445,0.3999999761581421,4,128,0,0.0,bridge_preserving,qasper,2600135373,0.3333333333333333,qasper-1906.01040-70148c8d0f345ea36200d5ba19d021924d98e759,1906.01040,957463772,14680064,128,3196096512,90313,43857
-3.2406206130981445,0.3999999761581421,4,128,0,0.0,combined_structural,qasper,2600135373,0.3333333333333333,qasper-1906.01040-70148c8d0f345ea36200d5ba19d021924d98e759,1906.01040,957463772,14680064,128,3196096512,90313,102407
-3.269238233566284,0.3999999761581421,4,128,0,0.0,oracle_evidence,qasper,2598828878,0.3333333333333333,qasper-1906.01040-70148c8d0f345ea36200d5ba19d021924d98e759,1906.01040,956204052,14680064,128,3196096512,90313,33295
-3.4032561779022217,0.3999999761581421,6,192,0,0.0,base_topk,qasper,2733090808,0.5,qasper-1906.01040-70148c8d0f345ea36200d5ba19d021924d98e759,1906.01040,1055339990,22020096,192,3196096512,90313,18885
-3.4032561779022217,0.3999999761581421,6,192,0,0.0,budget_tuned_topk,qasper,2733090808,0.5,qasper-1906.01040-70148c8d0f345ea36200d5ba19d021924d98e759,1906.01040,1055339990,22020096,192,3196096512,90313,42066
-3.4032561779022217,0.3999999761581421,6,192,0,0.0,power_sharpen,qasper,2733090808,0.5,qasper-1906.01040-70148c8d0f345ea36200d5ba19d021924d98e759,1906.01040,1055339990,22020096,192,3196096512,90313,40398
-3.4032561779022217,0.3999999761581421,6,192,0,0.0,entropy_adaptive_sharpen,qasper,2733090808,0.5,qasper-1906.01040-70148c8d0f345ea36200d5ba19d021924d98e759,1906.01040,1055339990,22020096,192,3196096512,90313,74167
-3.3349833488464355,0.3999999761581421,6,192,0,0.0,persistence,qasper,2733337769,0.5,qasper-1906.01040-70148c8d0f345ea36200d5ba19d021924d98e759,1906.01040,1053656149,22020096,192,3196096512,90313,14930
-3.435868263244629,0.3999999761581421,6,192,0,0.0,agreement,qasper,2741915462,0.5,qasper-1906.01040-70148c8d0f345ea36200d5ba19d021924d98e759,1906.01040,1057318618,22020096,192,3196096512,90313,54054
-3.3583366870880127,0.3999999761581421,6,192,0,0.0,community,qasper,2739211911,0.5,qasper-1906.01040-70148c8d0f345ea36200d5ba19d021924d98e759,1906.01040,1056836656,22020096,192,3196096512,90313,71238
-3.290079355239868,0.3999999761581421,6,192,0,0.0,bridge_preserving,qasper,2739766313,0.5,qasper-1906.01040-70148c8d0f345ea36200d5ba19d021924d98e759,1906.01040,1056019364,22020096,192,3196096512,90313,76886
-3.3164806365966797,0.3999999761581421,6,192,0,0.0,combined_structural,qasper,2737846630,0.5,qasper-1906.01040-70148c8d0f345ea36200d5ba19d021924d98e759,1906.01040,1055727253,22020096,192,3196096512,90313,124292
-3.4032561779022217,0.3999999761581421,6,192,0,0.0,oracle_evidence,qasper,2733090808,0.5,qasper-1906.01040-70148c8d0f345ea36200d5ba19d021924d98e759,1906.01040,1055339990,22020096,192,3196096512,90313,82292
-1.79732084274292,0.8333333730697632,2,64,0,1.0,base_topk,qasper,1978738560,1.0,qasper-1909.01383-126ff22bfcc14a2f7e1a06a91ba7b646003e9cf0,1909.01383,487090478,7340032,64,3196096512,90313,94942
-1.79732084274292,0.8333333730697632,2,64,0,1.0,budget_tuned_topk,qasper,1978738560,1.0,qasper-1909.01383-126ff22bfcc14a2f7e1a06a91ba7b646003e9cf0,1909.01383,487090478,7340032,64,3196096512,90313,67010
-1.79732084274292,0.8333333730697632,2,64,0,1.0,power_sharpen,qasper,1978738560,1.0,qasper-1909.01383-126ff22bfcc14a2f7e1a06a91ba7b646003e9cf0,1909.01383,487090478,7340032,64,3196096512,90313,70479
-1.79732084274292,0.8333333730697632,2,64,0,1.0,entropy_adaptive_sharpen,qasper,1978738560,1.0,qasper-1909.01383-126ff22bfcc14a2f7e1a06a91ba7b646003e9cf0,1909.01383,487090478,7340032,64,3196096512,90313,140719
-1.42869234085083,0.8333333730697632,2,64,0,0.0,persistence,qasper,1934910419,0.5,qasper-1909.01383-126ff22bfcc14a2f7e1a06a91ba7b646003e9cf0,1909.01383,474485069,7340032,64,3196096512,90313,28124
-1.349860668182373,0.8333333730697632,2,64,0,0.0,agreement,qasper,1940146122,0.5,qasper-1909.01383-126ff22bfcc14a2f7e1a06a91ba7b646003e9cf0,1909.01383,481045936,7340032,64,3196096512,90313,58842
-1.42869234085083,0.8333333730697632,2,64,0,0.0,community,qasper,1934910419,0.5,qasper-1909.01383-126ff22bfcc14a2f7e1a06a91ba7b646003e9cf0,1909.01383,474485069,7340032,64,3196096512,90313,59665
-1.79732084274292,0.8333333730697632,2,64,0,1.0,bridge_preserving,qasper,1978738560,1.0,qasper-1909.01383-126ff22bfcc14a2f7e1a06a91ba7b646003e9cf0,1909.01383,487090478,7340032,64,3196096512,90313,45388
-1.42869234085083,0.8333333730697632,2,64,0,0.0,combined_structural,qasper,1934910419,0.5,qasper-1909.01383-126ff22bfcc14a2f7e1a06a91ba7b646003e9cf0,1909.01383,474485069,7340032,64,3196096512,90313,70181
-1.79732084274292,0.8333333730697632,2,64,0,1.0,oracle_evidence,qasper,1978738560,1.0,qasper-1909.01383-126ff22bfcc14a2f7e1a06a91ba7b646003e9cf0,1909.01383,487090478,7340032,64,3196096512,90313,27721
-1.6515066623687744,0.8333333730697632,4,128,0,1.0,base_topk,qasper,2476423604,1.0,qasper-1909.01383-126ff22bfcc14a2f7e1a06a91ba7b646003e9cf0,1909.01383,956844931,14680064,128,3196096512,90313,17243
-1.6515066623687744,0.8333333730697632,4,128,0,1.0,budget_tuned_topk,qasper,2476423604,1.0,qasper-1909.01383-126ff22bfcc14a2f7e1a06a91ba7b646003e9cf0,1909.01383,956844931,14680064,128,3196096512,90313,68049
-1.6515066623687744,0.8333333730697632,4,128,0,1.0,power_sharpen,qasper,2476423604,1.0,qasper-1909.01383-126ff22bfcc14a2f7e1a06a91ba7b646003e9cf0,1909.01383,956844931,14680064,128,3196096512,90313,60383
-1.6515066623687744,0.8333333730697632,4,128,0,1.0,entropy_adaptive_sharpen,qasper,2476423604,1.0,qasper-1909.01383-126ff22bfcc14a2f7e1a06a91ba7b646003e9cf0,1909.01383,956844931,14680064,128,3196096512,90313,110838
-1.7000579833984375,0.8333333730697632,4,128,0,1.0,persistence,qasper,2472506366,1.0,qasper-1909.01383-126ff22bfcc14a2f7e1a06a91ba7b646003e9cf0,1909.01383,958123872,14680064,128,3196096512,90313,23083
-1.4064267873764038,0.8333333730697632,4,128,0,0.0,agreement,qasper,2469756100,0.5,qasper-1909.01383-126ff22bfcc14a2f7e1a06a91ba7b646003e9cf0,1909.01383,960164218,14680064,128,3196096512,90313,57620
-1.6515066623687744,0.8333333730697632,4,128,0,1.0,community,qasper,2476423604,1.0,qasper-1909.01383-126ff22bfcc14a2f7e1a06a91ba7b646003e9cf0,1909.01383,956844931,14680064,128,3196096512,90313,58813
-1.6515066623687744,0.8333333730697632,4,128,0,1.0,bridge_preserving,qasper,2476423604,1.0,qasper-1909.01383-126ff22bfcc14a2f7e1a06a91ba7b646003e9cf0,1909.01383,956844931,14680064,128,3196096512,90313,42474
-1.7000579833984375,0.8333333730697632,4,128,0,1.0,combined_structural,qasper,2472506366,1.0,qasper-1909.01383-126ff22bfcc14a2f7e1a06a91ba7b646003e9cf0,1909.01383,958123872,14680064,128,3196096512,90313,80112
-1.6515066623687744,0.8333333730697632,4,128,0,1.0,oracle_evidence,qasper,2476423604,1.0,qasper-1909.01383-126ff22bfcc14a2f7e1a06a91ba7b646003e9cf0,1909.01383,956844931,14680064,128,3196096512,90313,29192
-1.5500388145446777,0.8333333730697632,6,192,0,1.0,base_topk,qasper,2620453529,1.0,qasper-1909.01383-126ff22bfcc14a2f7e1a06a91ba7b646003e9cf0,1909.01383,1056660027,22020096,192,3196096512,90313,17100
-1.5500388145446777,0.8333333730697632,6,192,0,1.0,budget_tuned_topk,qasper,2620453529,1.0,qasper-1909.01383-126ff22bfcc14a2f7e1a06a91ba7b646003e9cf0,1909.01383,1056660027,22020096,192,3196096512,90313,56302
-1.5500388145446777,0.8333333730697632,6,192,0,1.0,power_sharpen,qasper,2620453529,1.0,qasper-1909.01383-126ff22bfcc14a2f7e1a06a91ba7b646003e9cf0,1909.01383,1056660027,22020096,192,3196096512,90313,56481
-1.5500388145446777,0.8333333730697632,6,192,0,1.0,entropy_adaptive_sharpen,qasper,2620453529,1.0,qasper-1909.01383-126ff22bfcc14a2f7e1a06a91ba7b646003e9cf0,1909.01383,1056660027,22020096,192,3196096512,90313,104387
-1.5008151531219482,0.8333333730697632,6,192,0,1.0,persistence,qasper,2613003573,1.0,qasper-1909.01383-126ff22bfcc14a2f7e1a06a91ba7b646003e9cf0,1909.01383,1056013628,22020096,192,3196096512,90313,22224
-1.312599539756775,0.8333333730697632,6,192,0,0.0,agreement,qasper,2614527666,0.5,qasper-1909.01383-126ff22bfcc14a2f7e1a06a91ba7b646003e9cf0,1909.01383,1055499074,22020096,192,3196096512,90313,67783
-1.6245875358581543,0.8333333730697632,6,192,0,1.0,community,qasper,2617233538,1.0,qasper-1909.01383-126ff22bfcc14a2f7e1a06a91ba7b646003e9cf0,1909.01383,1057961252,22020096,192,3196096512,90313,64094
-1.5500388145446777,0.8333333730697632,6,192,0,1.0,bridge_preserving,qasper,2620453529,1.0,qasper-1909.01383-126ff22bfcc14a2f7e1a06a91ba7b646003e9cf0,1909.01383,1056660027,22020096,192,3196096512,90313,77449
-1.5008151531219482,0.8333333730697632,6,192,0,1.0,combined_structural,qasper,2613003573,1.0,qasper-1909.01383-126ff22bfcc14a2f7e1a06a91ba7b646003e9cf0,1909.01383,1056013628,22020096,192,3196096512,90313,71775
-1.5500388145446777,0.8333333730697632,6,192,0,1.0,oracle_evidence,qasper,2620453529,1.0,qasper-1909.01383-126ff22bfcc14a2f7e1a06a91ba7b646003e9cf0,1909.01383,1056660027,22020096,192,3196096512,90313,30532
-8.223089218139648,0.3333333432674408,2,64,0,0.0,base_topk,qasper,4366927647,0.16666666666666666,qasper-1909.06200-5c3e98e3cebaecd5d3e75ec2c9fc3dd267ac3c83,1909.06200,474875142,7340032,64,3196231680,90313,55670
-8.223089218139648,0.3333333432674408,2,64,0,0.0,budget_tuned_topk,qasper,4366927647,0.16666666666666666,qasper-1909.06200-5c3e98e3cebaecd5d3e75ec2c9fc3dd267ac3c83,1909.06200,474875142,7340032,64,3196231680,90313,60232
-8.223089218139648,0.3333333432674408,2,64,0,0.0,power_sharpen,qasper,4366927647,0.16666666666666666,qasper-1909.06200-5c3e98e3cebaecd5d3e75ec2c9fc3dd267ac3c83,1909.06200,474875142,7340032,64,3196231680,90313,48250
-8.223089218139648,0.3333333432674408,2,64,0,0.0,entropy_adaptive_sharpen,qasper,4366927647,0.16666666666666666,qasper-1909.06200-5c3e98e3cebaecd5d3e75ec2c9fc3dd267ac3c83,1909.06200,474875142,7340032,64,3196231680,90313,91780
-7.931491851806641,0.3333333432674408,2,64,0,0.0,persistence,qasper,1100886847,0.16666666666666666,qasper-1909.06200-5c3e98e3cebaecd5d3e75ec2c9fc3dd267ac3c83,1909.06200,551953336,7340032,64,3179454464,90313,16680
-6.992223739624023,0.3333333432674408,2,64,0,0.0,agreement,qasper,1101509651,0.16666666666666666,qasper-1909.06200-5c3e98e3cebaecd5d3e75ec2c9fc3dd267ac3c83,1909.06200,551138821,7340032,64,3179454464,90313,77635
-8.223089218139648,0.3333333432674408,2,64,0,0.0,community,qasper,4366927647,0.16666666666666666,qasper-1909.06200-5c3e98e3cebaecd5d3e75ec2c9fc3dd267ac3c83,1909.06200,474875142,7340032,64,3196231680,90313,57719
-3.8380532264709473,0.6666666865348816,2,64,0,0.0,bridge_preserving,qasper,1099377822,0.3333333333333333,qasper-1909.06200-5c3e98e3cebaecd5d3e75ec2c9fc3dd267ac3c83,1909.06200,551319551,7340032,64,3179454464,90313,41510
-7.931491851806641,0.3333333432674408,2,64,0,0.0,combined_structural,qasper,1100886847,0.16666666666666666,qasper-1909.06200-5c3e98e3cebaecd5d3e75ec2c9fc3dd267ac3c83,1909.06200,551953336,7340032,64,3179454464,90313,101472
-3.8380532264709473,0.6666666865348816,2,64,0,0.0,oracle_evidence,qasper,1099377822,0.3333333333333333,qasper-1909.06200-5c3e98e3cebaecd5d3e75ec2c9fc3dd267ac3c83,1909.06200,551319551,7340032,64,3179454464,90313,33334
-4.180891513824463,0.6666666865348816,4,128,0,0.0,base_topk,qasper,2224500986,0.5,qasper-1909.06200-5c3e98e3cebaecd5d3e75ec2c9fc3dd267ac3c83,1909.06200,974468984,14680064,128,3179470848,90313,19573
-4.180891513824463,0.6666666865348816,4,128,0,0.0,budget_tuned_topk,qasper,2224500986,0.5,qasper-1909.06200-5c3e98e3cebaecd5d3e75ec2c9fc3dd267ac3c83,1909.06200,974468984,14680064,128,3179470848,90313,46391
-4.180891513824463,0.6666666865348816,4,128,0,0.0,power_sharpen,qasper,2224500986,0.5,qasper-1909.06200-5c3e98e3cebaecd5d3e75ec2c9fc3dd267ac3c83,1909.06200,974468984,14680064,128,3179470848,90313,50138
-4.180891513824463,0.6666666865348816,4,128,0,0.0,entropy_adaptive_sharpen,qasper,2224500986,0.5,qasper-1909.06200-5c3e98e3cebaecd5d3e75ec2c9fc3dd267ac3c83,1909.06200,974468984,14680064,128,3179470848,90313,88932
-9.94653034210205,0.3333333432674408,4,128,0,0.0,persistence,qasper,1534165162,0.16666666666666666,qasper-1909.06200-5c3e98e3cebaecd5d3e75ec2c9fc3dd267ac3c83,1909.06200,971276947,14680064,128,3179470848,90313,17778
-4.23499870300293,0.6666666865348816,4,128,0,0.0,agreement,qasper,1536506178,0.5,qasper-1909.06200-5c3e98e3cebaecd5d3e75ec2c9fc3dd267ac3c83,1909.06200,974780143,14680064,128,3179470848,90313,49339
-4.180891513824463,0.6666666865348816,4,128,0,0.0,community,qasper,2224500986,0.5,qasper-1909.06200-5c3e98e3cebaecd5d3e75ec2c9fc3dd267ac3c83,1909.06200,974468984,14680064,128,3179470848,90313,57650
-4.180891513824463,0.6666666865348816,4,128,0,0.0,bridge_preserving,qasper,2224500986,0.5,qasper-1909.06200-5c3e98e3cebaecd5d3e75ec2c9fc3dd267ac3c83,1909.06200,974468984,14680064,128,3179470848,90313,43458
-9.94653034210205,0.3333333432674408,4,128,0,0.0,combined_structural,qasper,1534165162,0.16666666666666666,qasper-1909.06200-5c3e98e3cebaecd5d3e75ec2c9fc3dd267ac3c83,1909.06200,971276947,14680064,128,3179470848,90313,69659
-3.654590606689453,0.6666666865348816,4,128,0,0.0,oracle_evidence,qasper,1540475791,0.6666666666666666,qasper-1909.06200-5c3e98e3cebaecd5d3e75ec2c9fc3dd267ac3c83,1909.06200,976197277,14680064,128,3179470848,90313,43421
-4.622966289520264,0.3333333432674408,6,192,0,0.0,base_topk,qasper,2548349048,0.6666666666666666,qasper-1909.06200-5c3e98e3cebaecd5d3e75ec2c9fc3dd267ac3c83,1909.06200,1318211056,22020096,192,3179487232,90313,55755
-4.622966289520264,0.3333333432674408,6,192,0,0.0,budget_tuned_topk,qasper,2548349048,0.6666666666666666,qasper-1909.06200-5c3e98e3cebaecd5d3e75ec2c9fc3dd267ac3c83,1909.06200,1318211056,22020096,192,3179487232,90313,47695
-4.622966289520264,0.3333333432674408,6,192,0,0.0,power_sharpen,qasper,2548349048,0.6666666666666666,qasper-1909.06200-5c3e98e3cebaecd5d3e75ec2c9fc3dd267ac3c83,1909.06200,1318211056,22020096,192,3179487232,90313,48519
-4.622966289520264,0.3333333432674408,6,192,0,0.0,entropy_adaptive_sharpen,qasper,2548349048,0.6666666666666666,qasper-1909.06200-5c3e98e3cebaecd5d3e75ec2c9fc3dd267ac3c83,1909.06200,1318211056,22020096,192,3179487232,90313,94017
-4.635139465332031,0.6666666865348816,6,192,0,0.0,persistence,qasper,1889408384,0.5,qasper-1909.06200-5c3e98e3cebaecd5d3e75ec2c9fc3dd267ac3c83,1909.06200,1317787754,22020096,192,3179487232,90313,18327
-4.412904739379883,0.6666666865348816,6,192,0,0.0,agreement,qasper,1891662554,0.6666666666666666,qasper-1909.06200-5c3e98e3cebaecd5d3e75ec2c9fc3dd267ac3c83,1909.06200,1316908832,22020096,192,3179487232,90313,59063
-4.594356536865234,0.3333333432674408,6,192,0,0.0,community,qasper,1893746002,0.8333333333333334,qasper-1909.06200-5c3e98e3cebaecd5d3e75ec2c9fc3dd267ac3c83,1909.06200,1320201093,22020096,192,3179487232,90313,61251
-4.594356536865234,0.3333333432674408,6,192,0,0.0,bridge_preserving,qasper,1893746002,0.8333333333333334,qasper-1909.06200-5c3e98e3cebaecd5d3e75ec2c9fc3dd267ac3c83,1909.06200,1320201093,22020096,192,3179487232,90313,81478
-4.635139465332031,0.6666666865348816,6,192,0,0.0,combined_structural,qasper,1889408384,0.5,qasper-1909.06200-5c3e98e3cebaecd5d3e75ec2c9fc3dd267ac3c83,1909.06200,1317787754,22020096,192,3179487232,90313,74448
-4.294405937194824,0.3333333432674408,6,192,0,1.0,oracle_evidence,qasper,1889684126,1.0,qasper-1909.06200-5c3e98e3cebaecd5d3e75ec2c9fc3dd267ac3c83,1909.06200,1318706381,22020096,192,3179487232,90313,33055
-3.4771227836608887,0.3333333432674408,2,64,0,0.0,base_topk,qasper,6475556178,0.14285714285714285,qasper-1909.08089-de5b6c25e35b3a6c5e40e350fc5e52c160b33490,1909.08089,558437627,7340032,64,3208945664,90313,126043
-3.4771227836608887,0.3333333432674408,2,64,0,0.0,budget_tuned_topk,qasper,6475556178,0.14285714285714285,qasper-1909.08089-de5b6c25e35b3a6c5e40e350fc5e52c160b33490,1909.08089,558437627,7340032,64,3208945664,90313,59174
-3.4771227836608887,0.3333333432674408,2,64,0,0.0,power_sharpen,qasper,6475556178,0.14285714285714285,qasper-1909.08089-de5b6c25e35b3a6c5e40e350fc5e52c160b33490,1909.08089,558437627,7340032,64,3208945664,90313,60666
-3.4771227836608887,0.3333333432674408,2,64,0,0.0,entropy_adaptive_sharpen,qasper,6475556178,0.14285714285714285,qasper-1909.08089-de5b6c25e35b3a6c5e40e350fc5e52c160b33490,1909.08089,558437627,7340032,64,3208945664,90313,118315
-3.379485845565796,0.3541666865348816,2,64,0,0.0,persistence,qasper,2834159376,0.0,qasper-1909.08089-de5b6c25e35b3a6c5e40e350fc5e52c160b33490,1909.08089,465828187,7340032,64,3208945664,90313,22700
-3.3692965507507324,0.3333333432674408,2,64,0,0.0,agreement,qasper,2872786077,0.0,qasper-1909.08089-de5b6c25e35b3a6c5e40e350fc5e52c160b33490,1909.08089,503333949,7340032,64,3208945664,90313,69300
-3.409608840942383,0.2916666865348816,2,64,0,0.0,community,qasper,2855993134,0.14285714285714285,qasper-1909.08089-de5b6c25e35b3a6c5e40e350fc5e52c160b33490,1909.08089,482606418,7340032,64,3208945664,90313,68181
-3.4771227836608887,0.3333333432674408,2,64,0,0.0,bridge_preserving,qasper,6475556178,0.14285714285714285,qasper-1909.08089-de5b6c25e35b3a6c5e40e350fc5e52c160b33490,1909.08089,558437627,7340032,64,3208945664,90313,77734
-3.4771227836608887,0.3333333432674408,2,64,0,0.0,combined_structural,qasper,6475556178,0.14285714285714285,qasper-1909.08089-de5b6c25e35b3a6c5e40e350fc5e52c160b33490,1909.08089,558437627,7340032,64,3208945664,90313,71683
-3.702101469039917,0.2916666865348816,2,64,0,0.0,oracle_evidence,qasper,2859354908,0.2857142857142857,qasper-1909.08089-de5b6c25e35b3a6c5e40e350fc5e52c160b33490,1909.08089,487585942,7340032,64,3208945664,90313,29479
-3.423931121826172,0.3125,4,128,0,0.0,base_topk,qasper,4093018697,0.2857142857142857,qasper-1909.08089-de5b6c25e35b3a6c5e40e350fc5e52c160b33490,1909.08089,955532452,14680064,128,3208962048,90313,65304
-3.423931121826172,0.3125,4,128,0,0.0,budget_tuned_topk,qasper,4093018697,0.2857142857142857,qasper-1909.08089-de5b6c25e35b3a6c5e40e350fc5e52c160b33490,1909.08089,955532452,14680064,128,3208962048,90313,66642
-3.423931121826172,0.3125,4,128,0,0.0,power_sharpen,qasper,4093018697,0.2857142857142857,qasper-1909.08089-de5b6c25e35b3a6c5e40e350fc5e52c160b33490,1909.08089,955532452,14680064,128,3208962048,90313,70088
-3.423931121826172,0.3125,4,128,0,0.0,entropy_adaptive_sharpen,qasper,4093018697,0.2857142857142857,qasper-1909.08089-de5b6c25e35b3a6c5e40e350fc5e52c160b33490,1909.08089,955532452,14680064,128,3208962048,90313,135016
-3.436119556427002,0.2916666865348816,4,128,0,0.0,persistence,qasper,3461385308,0.2857142857142857,qasper-1909.08089-de5b6c25e35b3a6c5e40e350fc5e52c160b33490,1909.08089,957873241,14680064,128,3208962048,90313,28563
-3.35041880607605,0.3125,4,128,0,0.0,agreement,qasper,3461581550,0.2857142857142857,qasper-1909.08089-de5b6c25e35b3a6c5e40e350fc5e52c160b33490,1909.08089,955980974,14680064,128,3208962048,90313,60792
-3.3293075561523438,0.3333333432674408,4,128,0,0.0,community,qasper,3468577926,0.2857142857142857,qasper-1909.08089-de5b6c25e35b3a6c5e40e350fc5e52c160b33490,1909.08089,964145537,14680064,128,3208962048,90313,58822
-3.423931121826172,0.3125,4,128,0,0.0,bridge_preserving,qasper,4093018697,0.2857142857142857,qasper-1909.08089-de5b6c25e35b3a6c5e40e350fc5e52c160b33490,1909.08089,955532452,14680064,128,3208962048,90313,68558
-3.436119556427002,0.2916666865348816,4,128,0,0.0,combined_structural,qasper,3461385308,0.2857142857142857,qasper-1909.08089-de5b6c25e35b3a6c5e40e350fc5e52c160b33490,1909.08089,957873241,14680064,128,3208962048,90313,64104
-3.5310821533203125,0.2916666865348816,4,128,0,0.0,oracle_evidence,qasper,3463515247,0.5714285714285714,qasper-1909.08089-de5b6c25e35b3a6c5e40e350fc5e52c160b33490,1909.08089,962887238,14680064,128,3208962048,90313,25136
-3.3940415382385254,0.2916666865348816,6,192,0,0.0,base_topk,qasper,4335291438,0.42857142857142855,qasper-1909.08089-de5b6c25e35b3a6c5e40e350fc5e52c160b33490,1909.08089,1056803063,22020096,192,3208978432,90313,65970
-3.3940415382385254,0.2916666865348816,6,192,0,0.0,budget_tuned_topk,qasper,4335291438,0.42857142857142855,qasper-1909.08089-de5b6c25e35b3a6c5e40e350fc5e52c160b33490,1909.08089,1056803063,22020096,192,3208978432,90313,65989
-3.3940415382385254,0.2916666865348816,6,192,0,0.0,power_sharpen,qasper,4335291438,0.42857142857142855,qasper-1909.08089-de5b6c25e35b3a6c5e40e350fc5e52c160b33490,1909.08089,1056803063,22020096,192,3208978432,90313,74283
-3.3940415382385254,0.2916666865348816,6,192,0,0.0,entropy_adaptive_sharpen,qasper,4335291438,0.42857142857142855,qasper-1909.08089-de5b6c25e35b3a6c5e40e350fc5e52c160b33490,1909.08089,1056803063,22020096,192,3208978432,90313,136981
-3.401203155517578,0.2916666865348816,6,192,0,0.0,persistence,qasper,3694783280,0.5714285714285714,qasper-1909.08089-de5b6c25e35b3a6c5e40e350fc5e52c160b33490,1909.08089,1057351853,22020096,192,3208978432,90313,29024
-3.2742204666137695,0.375,6,192,0,0.0,agreement,qasper,3696772252,0.42857142857142855,qasper-1909.08089-de5b6c25e35b3a6c5e40e350fc5e52c160b33490,1909.08089,1054902610,22020096,192,3208978432,90313,48461
-3.2742204666137695,0.375,6,192,0,0.0,community,qasper,3696772252,0.42857142857142855,qasper-1909.08089-de5b6c25e35b3a6c5e40e350fc5e52c160b33490,1909.08089,1054902610,22020096,192,3208978432,90313,80662
-3.334439992904663,0.3125,6,192,0,0.0,bridge_preserving,qasper,3699380480,0.5714285714285714,qasper-1909.08089-de5b6c25e35b3a6c5e40e350fc5e52c160b33490,1909.08089,1057330280,22020096,192,3208978432,90313,55609
-3.401203155517578,0.2916666865348816,6,192,0,0.0,combined_structural,qasper,3694783280,0.5714285714285714,qasper-1909.08089-de5b6c25e35b3a6c5e40e350fc5e52c160b33490,1909.08089,1057351853,22020096,192,3208978432,90313,127954
-3.462212085723877,0.2916666865348816,6,192,0,0.0,oracle_evidence,qasper,3700109474,0.8571428571428571,qasper-1909.08089-de5b6c25e35b3a6c5e40e350fc5e52c160b33490,1909.08089,1057420971,22020096,192,3208978432,90313,43556
-5.4290947914123535,0.31578946113586426,2,64,0,0.0,base_topk,qasper,2660224196,0.16666666666666666,qasper-1910.12574-893ec40b678a72760b6802f6abf73b8f487ae639,1910.12574,477140649,7340032,64,3209027584,90313,101240
-5.4290947914123535,0.31578946113586426,2,64,0,0.0,budget_tuned_topk,qasper,2660224196,0.16666666666666666,qasper-1910.12574-893ec40b678a72760b6802f6abf73b8f487ae639,1910.12574,477140649,7340032,64,3209027584,90313,44219
-5.4290947914123535,0.31578946113586426,2,64,0,0.0,power_sharpen,qasper,2660224196,0.16666666666666666,qasper-1910.12574-893ec40b678a72760b6802f6abf73b8f487ae639,1910.12574,477140649,7340032,64,3209027584,90313,39280
-5.4290947914123535,0.31578946113586426,2,64,0,0.0,entropy_adaptive_sharpen,qasper,2660224196,0.16666666666666666,qasper-1910.12574-893ec40b678a72760b6802f6abf73b8f487ae639,1910.12574,477140649,7340032,64,3209027584,90313,77044
-5.4290947914123535,0.31578946113586426,2,64,0,0.0,persistence,qasper,2660224196,0.16666666666666666,qasper-1910.12574-893ec40b678a72760b6802f6abf73b8f487ae639,1910.12574,477140649,7340032,64,3209027584,90313,14116
-2.512342691421509,0.6315789222717285,2,64,0,0.0,agreement,qasper,2753329108,0.16666666666666666,qasper-1910.12574-893ec40b678a72760b6802f6abf73b8f487ae639,1910.12574,569757169,7340032,64,3209035776,90313,12376
-5.4290947914123535,0.31578946113586426,2,64,0,0.0,community,qasper,2660224196,0.16666666666666666,qasper-1910.12574-893ec40b678a72760b6802f6abf73b8f487ae639,1910.12574,477140649,7340032,64,3209027584,90313,62502
-5.653716087341309,0.31578946113586426,2,64,0,0.0,bridge_preserving,qasper,2655089109,0.16666666666666666,qasper-1910.12574-893ec40b678a72760b6802f6abf73b8f487ae639,1910.12574,474589603,7340032,64,3209035776,90313,43499
-5.4290947914123535,0.31578946113586426,2,64,0,0.0,combined_structural,qasper,2660224196,0.16666666666666666,qasper-1910.12574-893ec40b678a72760b6802f6abf73b8f487ae639,1910.12574,477140649,7340032,64,3209027584,90313,103805
-5.4290947914123535,0.31578946113586426,2,64,0,0.0,oracle_evidence,qasper,2660224196,0.16666666666666666,qasper-1910.12574-893ec40b678a72760b6802f6abf73b8f487ae639,1910.12574,477140649,7340032,64,3209027584,90313,33290
-2.4925408363342285,0.5789473652839661,4,128,0,0.0,base_topk,qasper,3257350253,0.3333333333333333,qasper-1910.12574-893ec40b678a72760b6802f6abf73b8f487ae639,1910.12574,955068795,14680064,128,3209035776,90313,18830
-2.4925408363342285,0.5789473652839661,4,128,0,0.0,budget_tuned_topk,qasper,3257350253,0.3333333333333333,qasper-1910.12574-893ec40b678a72760b6802f6abf73b8f487ae639,1910.12574,955068795,14680064,128,3209035776,90313,41924
-2.4925408363342285,0.5789473652839661,4,128,0,0.0,power_sharpen,qasper,3257350253,0.3333333333333333,qasper-1910.12574-893ec40b678a72760b6802f6abf73b8f487ae639,1910.12574,955068795,14680064,128,3209035776,90313,41445
-2.4925408363342285,0.5789473652839661,4,128,0,0.0,entropy_adaptive_sharpen,qasper,3257350253,0.3333333333333333,qasper-1910.12574-893ec40b678a72760b6802f6abf73b8f487ae639,1910.12574,955068795,14680064,128,3209035776,90313,77212
-2.4925408363342285,0.5789473652839661,4,128,0,0.0,persistence,qasper,3257350253,0.3333333333333333,qasper-1910.12574-893ec40b678a72760b6802f6abf73b8f487ae639,1910.12574,955068795,14680064,128,3209035776,90313,14871
-2.8128044605255127,0.5263158082962036,4,128,0,0.0,agreement,qasper,3257535724,0.3333333333333333,qasper-1910.12574-893ec40b678a72760b6802f6abf73b8f487ae639,1910.12574,953197165,14680064,128,3209035776,90313,12726
-2.4925408363342285,0.5789473652839661,4,128,0,0.0,community,qasper,3257350253,0.3333333333333333,qasper-1910.12574-893ec40b678a72760b6802f6abf73b8f487ae639,1910.12574,955068795,14680064,128,3209035776,90313,58853
-5.47071647644043,0.31578946113586426,4,128,0,0.0,bridge_preserving,qasper,3259522106,0.3333333333333333,qasper-1910.12574-893ec40b678a72760b6802f6abf73b8f487ae639,1910.12574,956713371,14680064,128,3209035776,90313,45375
-2.4925408363342285,0.5789473652839661,4,128,0,0.0,combined_structural,qasper,3257350253,0.3333333333333333,qasper-1910.12574-893ec40b678a72760b6802f6abf73b8f487ae639,1910.12574,955068795,14680064,128,3209035776,90313,103611
-2.4925408363342285,0.5789473652839661,4,128,0,0.0,oracle_evidence,qasper,3257350253,0.3333333333333333,qasper-1910.12574-893ec40b678a72760b6802f6abf73b8f487ae639,1910.12574,955068795,14680064,128,3209035776,90313,33892
-2.607001781463623,0.5263158082962036,6,192,0,0.0,base_topk,qasper,3465894997,0.5,qasper-1910.12574-893ec40b678a72760b6802f6abf73b8f487ae639,1910.12574,1055177813,22020096,192,3209035776,90313,19299
-2.607001781463623,0.5263158082962036,6,192,0,0.0,budget_tuned_topk,qasper,3465894997,0.5,qasper-1910.12574-893ec40b678a72760b6802f6abf73b8f487ae639,1910.12574,1055177813,22020096,192,3209035776,90313,55267
-2.607001781463623,0.5263158082962036,6,192,0,0.0,power_sharpen,qasper,3465894997,0.5,qasper-1910.12574-893ec40b678a72760b6802f6abf73b8f487ae639,1910.12574,1055177813,22020096,192,3209035776,90313,59058
-2.607001781463623,0.5263158082962036,6,192,0,0.0,entropy_adaptive_sharpen,qasper,3465894997,0.5,qasper-1910.12574-893ec40b678a72760b6802f6abf73b8f487ae639,1910.12574,1055177813,22020096,192,3209035776,90313,120380
-2.5521538257598877,0.5263158082962036,6,192,0,0.0,persistence,qasper,3468716936,0.5,qasper-1910.12574-893ec40b678a72760b6802f6abf73b8f487ae639,1910.12574,1055390733,22020096,192,3209035776,90313,18744
-2.7149534225463867,0.5789473652839661,6,192,0,0.0,agreement,qasper,3470964240,0.5,qasper-1910.12574-893ec40b678a72760b6802f6abf73b8f487ae639,1910.12574,1057550304,22020096,192,3209035776,90313,71801
-2.607001781463623,0.5263158082962036,6,192,0,0.0,community,qasper,3465894997,0.5,qasper-1910.12574-893ec40b678a72760b6802f6abf73b8f487ae639,1910.12574,1055177813,22020096,192,3209035776,90313,97318
-2.607001781463623,0.5263158082962036,6,192,0,0.0,bridge_preserving,qasper,3465894997,0.5,qasper-1910.12574-893ec40b678a72760b6802f6abf73b8f487ae639,1910.12574,1055177813,22020096,192,3209035776,90313,44447
-2.5521538257598877,0.5263158082962036,6,192,0,0.0,combined_structural,qasper,3468716936,0.5,qasper-1910.12574-893ec40b678a72760b6802f6abf73b8f487ae639,1910.12574,1055390733,22020096,192,3209035776,90313,70474
-2.607001781463623,0.5263158082962036,6,192,0,0.0,oracle_evidence,qasper,3465894997,0.5,qasper-1910.12574-893ec40b678a72760b6802f6abf73b8f487ae639,1910.12574,1055177813,22020096,192,3209035776,90313,29209
-2.117966413497925,0.4736842215061188,2,64,0,0.0,base_topk,qasper,2656971239,0.2857142857142857,qasper-1910.14076-a712718e6596ba946f29a99838d82f95b9ebb1ce,1910.14076,477160306,7340032,64,3209035776,90313,59492
-2.117966413497925,0.4736842215061188,2,64,0,0.0,budget_tuned_topk,qasper,2656971239,0.2857142857142857,qasper-1910.14076-a712718e6596ba946f29a99838d82f95b9ebb1ce,1910.14076,477160306,7340032,64,3209035776,90313,56683
-2.117966413497925,0.4736842215061188,2,64,0,0.0,power_sharpen,qasper,2656971239,0.2857142857142857,qasper-1910.14076-a712718e6596ba946f29a99838d82f95b9ebb1ce,1910.14076,477160306,7340032,64,3209035776,90313,57146
-2.117966413497925,0.4736842215061188,2,64,0,0.0,entropy_adaptive_sharpen,qasper,2656971239,0.2857142857142857,qasper-1910.14076-a712718e6596ba946f29a99838d82f95b9ebb1ce,1910.14076,477160306,7340032,64,3209035776,90313,108085
-0.5649505257606506,0.8421052694320679,2,64,0,0.0,persistence,qasper,2648282645,0.2857142857142857,qasper-1910.14076-a712718e6596ba946f29a99838d82f95b9ebb1ce,1910.14076,469878700,7340032,64,3209035776,90313,20836
-2.0854249000549316,0.4736842215061188,2,64,0,0.0,agreement,qasper,2655167342,0.2857142857142857,qasper-1910.14076-a712718e6596ba946f29a99838d82f95b9ebb1ce,1910.14076,475553731,7340032,64,3209035776,90313,55993
-2.117966413497925,0.4736842215061188,2,64,0,0.0,community,qasper,2656971239,0.2857142857142857,qasper-1910.14076-a712718e6596ba946f29a99838d82f95b9ebb1ce,1910.14076,477160306,7340032,64,3209035776,90313,55153
-2.117966413497925,0.4736842215061188,2,64,0,0.0,bridge_preserving,qasper,2656971239,0.2857142857142857,qasper-1910.14076-a712718e6596ba946f29a99838d82f95b9ebb1ce,1910.14076,477160306,7340032,64,3209035776,90313,42591
-0.5649505257606506,0.8421052694320679,2,64,0,0.0,combined_structural,qasper,2648282645,0.2857142857142857,qasper-1910.14076-a712718e6596ba946f29a99838d82f95b9ebb1ce,1910.14076,469878700,7340032,64,3209035776,90313,68078
-2.117966413497925,0.4736842215061188,2,64,0,0.0,oracle_evidence,qasper,2656971239,0.2857142857142857,qasper-1910.14076-a712718e6596ba946f29a99838d82f95b9ebb1ce,1910.14076,477160306,7340032,64,3209035776,90313,26673
-0.5078389048576355,0.8947368264198303,4,128,0,0.0,base_topk,qasper,3261603940,0.5714285714285714,qasper-1910.14076-a712718e6596ba946f29a99838d82f95b9ebb1ce,1910.14076,957836440,14680064,128,3209035776,90313,16354
-0.5078389048576355,0.8947368264198303,4,128,0,0.0,budget_tuned_topk,qasper,3261603940,0.5714285714285714,qasper-1910.14076-a712718e6596ba946f29a99838d82f95b9ebb1ce,1910.14076,957836440,14680064,128,3209035776,90313,52350
-0.5078389048576355,0.8947368264198303,4,128,0,0.0,power_sharpen,qasper,3261603940,0.5714285714285714,qasper-1910.14076-a712718e6596ba946f29a99838d82f95b9ebb1ce,1910.14076,957836440,14680064,128,3209035776,90313,48744
-0.5078389048576355,0.8947368264198303,4,128,0,0.0,entropy_adaptive_sharpen,qasper,3261603940,0.5714285714285714,qasper-1910.14076-a712718e6596ba946f29a99838d82f95b9ebb1ce,1910.14076,957836440,14680064,128,3209035776,90313,97393
-0.5520579814910889,0.8421052694320679,4,128,0,0.0,persistence,qasper,3270085545,0.42857142857142855,qasper-1910.14076-a712718e6596ba946f29a99838d82f95b9ebb1ce,1910.14076,965318776,14680064,128,3209035776,90313,17542
-2.170140266418457,0.42105263471603394,4,128,0,0.0,agreement,qasper,3265790969,0.5714285714285714,qasper-1910.14076-a712718e6596ba946f29a99838d82f95b9ebb1ce,1910.14076,961906069,14680064,128,3209035776,90313,71139
-2.2070376873016357,0.42105263471603394,4,128,0,0.0,community,qasper,3265008741,0.5714285714285714,qasper-1910.14076-a712718e6596ba946f29a99838d82f95b9ebb1ce,1910.14076,961514372,14680064,128,3209035776,90313,81462
-0.5078389048576355,0.8947368264198303,4,128,0,0.0,bridge_preserving,qasper,3261603940,0.5714285714285714,qasper-1910.14076-a712718e6596ba946f29a99838d82f95b9ebb1ce,1910.14076,957836440,14680064,128,3209035776,90313,76547
-0.5520579814910889,0.8421052694320679,4,128,0,0.0,combined_structural,qasper,3270085545,0.42857142857142855,qasper-1910.14076-a712718e6596ba946f29a99838d82f95b9ebb1ce,1910.14076,965318776,14680064,128,3209035776,90313,73210
-0.5078389048576355,0.8947368264198303,4,128,0,0.0,oracle_evidence,qasper,3261603940,0.5714285714285714,qasper-1910.14076-a712718e6596ba946f29a99838d82f95b9ebb1ce,1910.14076,957836440,14680064,128,3209035776,90313,30354
-0.6005861163139343,0.8421052694320679,6,192,0,0.0,base_topk,qasper,3477231553,0.8571428571428571,qasper-1910.14076-a712718e6596ba946f29a99838d82f95b9ebb1ce,1910.14076,1057807709,22020096,192,3209035776,90313,18264
-0.6005861163139343,0.8421052694320679,6,192,0,0.0,budget_tuned_topk,qasper,3477231553,0.8571428571428571,qasper-1910.14076-a712718e6596ba946f29a99838d82f95b9ebb1ce,1910.14076,1057807709,22020096,192,3209035776,90313,55629
-0.6005861163139343,0.8421052694320679,6,192,0,0.0,power_sharpen,qasper,3477231553,0.8571428571428571,qasper-1910.14076-a712718e6596ba946f29a99838d82f95b9ebb1ce,1910.14076,1057807709,22020096,192,3209035776,90313,56309
-0.6005861163139343,0.8421052694320679,6,192,0,0.0,entropy_adaptive_sharpen,qasper,3477231553,0.8571428571428571,qasper-1910.14076-a712718e6596ba946f29a99838d82f95b9ebb1ce,1910.14076,1057807709,22020096,192,3209035776,90313,110615
-0.4580409526824951,0.8947368264198303,6,192,0,0.0,persistence,qasper,3475549143,0.5714285714285714,qasper-1910.14076-a712718e6596ba946f29a99838d82f95b9ebb1ce,1910.14076,1056638065,22020096,192,3209035776,90313,21963
-0.5657674074172974,0.8421052694320679,6,192,0,0.0,agreement,qasper,3470378481,0.8571428571428571,qasper-1910.14076-a712718e6596ba946f29a99838d82f95b9ebb1ce,1910.14076,1056664040,22020096,192,3209035776,90313,67349
-0.5187874436378479,0.8421052694320679,6,192,0,0.0,community,qasper,3471606096,0.7142857142857143,qasper-1910.14076-a712718e6596ba946f29a99838d82f95b9ebb1ce,1910.14076,1056589788,22020096,192,3209035776,90313,71413
-0.5657674074172974,0.8421052694320679,6,192,0,0.0,bridge_preserving,qasper,3470378481,0.8571428571428571,qasper-1910.14076-a712718e6596ba946f29a99838d82f95b9ebb1ce,1910.14076,1056664040,22020096,192,3209035776,90313,68945
-0.4599992334842682,0.8947368264198303,6,192,0,0.0,combined_structural,qasper,3471995440,0.42857142857142855,qasper-1910.14076-a712718e6596ba946f29a99838d82f95b9ebb1ce,1910.14076,1055775966,22020096,192,3209035776,90313,60958
-0.6005861163139343,0.8421052694320679,6,192,0,0.0,oracle_evidence,qasper,3477231553,0.8571428571428571,qasper-1910.14076-a712718e6596ba946f29a99838d82f95b9ebb1ce,1910.14076,1057807709,22020096,192,3209035776,90313,57099
-1.4888471364974976,0.7777777910232544,2,64,0,0.0,base_topk,qasper,5813746532,0.25,qasper-1911.01371-051df74dc643498e95d16e58851701628fdfd43e,1911.01371,469168942,7340032,64,3186077696,90313,51531
-1.4888471364974976,0.7777777910232544,2,64,0,0.0,budget_tuned_topk,qasper,5813746532,0.25,qasper-1911.01371-051df74dc643498e95d16e58851701628fdfd43e,1911.01371,469168942,7340032,64,3186077696,90313,51699
-1.4888471364974976,0.7777777910232544,2,64,0,0.0,power_sharpen,qasper,5813746532,0.25,qasper-1911.01371-051df74dc643498e95d16e58851701628fdfd43e,1911.01371,469168942,7340032,64,3186077696,90313,44245
-1.4888471364974976,0.7777777910232544,2,64,0,0.0,entropy_adaptive_sharpen,qasper,5813746532,0.25,qasper-1911.01371-051df74dc643498e95d16e58851701628fdfd43e,1911.01371,469168942,7340032,64,3186077696,90313,85994
-5.481483459472656,0.2222222238779068,2,64,0,0.0,persistence,qasper,2632943146,0.25,qasper-1911.01371-051df74dc643498e95d16e58851701628fdfd43e,1911.01371,593221745,7340032,64,3186122752,90313,16680
-5.2256669998168945,0.3333333432674408,2,64,0,0.0,agreement,qasper,2672553889,0.25,qasper-1911.01371-051df74dc643498e95d16e58851701628fdfd43e,1911.01371,630789967,7340032,64,3186122752,90313,51264
-5.4079718589782715,0.2222222238779068,2,64,0,0.0,community,qasper,2508250461,0.0,qasper-1911.01371-051df74dc643498e95d16e58851701628fdfd43e,1911.01371,472460719,7340032,64,3186122752,90313,56733
-5.492092132568359,0.2222222238779068,2,64,0,0.0,bridge_preserving,qasper,2505822576,0.0,qasper-1911.01371-051df74dc643498e95d16e58851701628fdfd43e,1911.01371,467364453,7340032,64,3186122752,90313,62217
-5.4079718589782715,0.2222222238779068,2,64,0,0.0,combined_structural,qasper,2508250461,0.0,qasper-1911.01371-051df74dc643498e95d16e58851701628fdfd43e,1911.01371,472460719,7340032,64,3186122752,90313,95685
-1.5832931995391846,0.7777777910232544,2,64,0,0.0,oracle_evidence,qasper,2510945055,0.5,qasper-1911.01371-051df74dc643498e95d16e58851701628fdfd43e,1911.01371,474360489,7340032,64,3186122752,90313,30155
-1.6209226846694946,0.7777777910232544,4,128,0,0.0,base_topk,qasper,3810417579,0.25,qasper-1911.01371-051df74dc643498e95d16e58851701628fdfd43e,1911.01371,953905069,14680064,128,3186139136,90313,62696
-1.6209226846694946,0.7777777910232544,4,128,0,0.0,budget_tuned_topk,qasper,3810417579,0.25,qasper-1911.01371-051df74dc643498e95d16e58851701628fdfd43e,1911.01371,953905069,14680064,128,3186139136,90313,64329
-1.6209226846694946,0.7777777910232544,4,128,0,0.0,power_sharpen,qasper,3810417579,0.25,qasper-1911.01371-051df74dc643498e95d16e58851701628fdfd43e,1911.01371,953905069,14680064,128,3186139136,90313,94973
-1.6209226846694946,0.7777777910232544,4,128,0,0.0,entropy_adaptive_sharpen,qasper,3810417579,0.25,qasper-1911.01371-051df74dc643498e95d16e58851701628fdfd43e,1911.01371,953905069,14680064,128,3186139136,90313,109848
-1.5515068769454956,0.8888888955116272,4,128,0,0.0,persistence,qasper,3125821673,0.5,qasper-1911.01371-051df74dc643498e95d16e58851701628fdfd43e,1911.01371,961749308,14680064,128,3186139136,90313,22279
-1.5854458808898926,0.7777777910232544,4,128,0,0.0,agreement,qasper,3135203892,0.5,qasper-1911.01371-051df74dc643498e95d16e58851701628fdfd43e,1911.01371,966011626,14680064,128,3186139136,90313,69464
-1.7036164999008179,0.8888888955116272,4,128,0,0.0,community,qasper,3129919258,0.25,qasper-1911.01371-051df74dc643498e95d16e58851701628fdfd43e,1911.01371,965403878,14680064,128,3186139136,90313,69890
-1.6350237131118774,0.7777777910232544,4,128,0,0.0,bridge_preserving,qasper,3121669300,0.25,qasper-1911.01371-051df74dc643498e95d16e58851701628fdfd43e,1911.01371,961170733,14680064,128,3186139136,90313,81264
-5.39184045791626,0.2222222238779068,4,128,0,0.0,combined_structural,qasper,3114242203,0.25,qasper-1911.01371-051df74dc643498e95d16e58851701628fdfd43e,1911.01371,948417882,14680064,128,3186139136,90313,125278
-1.6167247295379639,0.8888888955116272,4,128,0,1.0,oracle_evidence,qasper,3120069515,1.0,qasper-1911.01371-051df74dc643498e95d16e58851701628fdfd43e,1911.01371,953573550,14680064,128,3186139136,90313,63820
-1.8003427982330322,0.7777777910232544,6,192,0,0.0,base_topk,qasper,4061655522,0.5,qasper-1911.01371-051df74dc643498e95d16e58851701628fdfd43e,1911.01371,1056020006,22020096,192,3186155520,90313,47572
-1.8003427982330322,0.7777777910232544,6,192,0,0.0,budget_tuned_topk,qasper,4061655522,0.5,qasper-1911.01371-051df74dc643498e95d16e58851701628fdfd43e,1911.01371,1056020006,22020096,192,3186155520,90313,74680
-1.8003427982330322,0.7777777910232544,6,192,0,0.0,power_sharpen,qasper,4061655522,0.5,qasper-1911.01371-051df74dc643498e95d16e58851701628fdfd43e,1911.01371,1056020006,22020096,192,3186155520,90313,56342
-1.8003427982330322,0.7777777910232544,6,192,0,0.0,entropy_adaptive_sharpen,qasper,4061655522,0.5,qasper-1911.01371-051df74dc643498e95d16e58851701628fdfd43e,1911.01371,1056020006,22020096,192,3186155520,90313,105964
-1.7474614381790161,0.7777777910232544,6,192,0,0.0,persistence,qasper,3340657369,0.5,qasper-1911.01371-051df74dc643498e95d16e58851701628fdfd43e,1911.01371,1057496341,22020096,192,3186155520,90313,21941
-1.8517731428146362,0.7777777910232544,6,192,0,0.0,agreement,qasper,3351401106,0.5,qasper-1911.01371-051df74dc643498e95d16e58851701628fdfd43e,1911.01371,1056685920,22020096,192,3186155520,90313,60916
-1.853294849395752,0.7777777910232544,6,192,0,0.0,community,qasper,3350054112,0.25,qasper-1911.01371-051df74dc643498e95d16e58851701628fdfd43e,1911.01371,1056409897,22020096,192,3186155520,90313,69712
-1.602188229560852,0.7777777910232544,6,192,0,0.0,bridge_preserving,qasper,3342195251,0.25,qasper-1911.01371-051df74dc643498e95d16e58851701628fdfd43e,1911.01371,1057515262,22020096,192,3186155520,90313,95025
-1.834341287612915,0.8888888955116272,6,192,0,0.0,combined_structural,qasper,3343795245,0.5,qasper-1911.01371-051df74dc643498e95d16e58851701628fdfd43e,1911.01371,1056123904,22020096,192,3186155520,90313,107978
-1.6791114807128906,0.8888888955116272,6,192,0,1.0,oracle_evidence,qasper,3348822414,1.0,qasper-1911.01371-051df74dc643498e95d16e58851701628fdfd43e,1911.01371,1055650579,22020096,192,3186155520,90313,60300
-4.084743976593018,0.29411765933036804,2,64,0,0.0,base_topk,qasper,2235018692,0.0,qasper-1911.06964-1ff0fccf0dca95a6630380c84b0422bed854269a,1911.06964,475515570,7340032,64,3196669952,90313,110888
-4.084743976593018,0.29411765933036804,2,64,0,0.0,budget_tuned_topk,qasper,2235018692,0.0,qasper-1911.06964-1ff0fccf0dca95a6630380c84b0422bed854269a,1911.06964,475515570,7340032,64,3196669952,90313,56621
-4.084743976593018,0.29411765933036804,2,64,0,0.0,power_sharpen,qasper,2235018692,0.0,qasper-1911.06964-1ff0fccf0dca95a6630380c84b0422bed854269a,1911.06964,475515570,7340032,64,3196669952,90313,56359
-4.084743976593018,0.29411765933036804,2,64,0,0.0,entropy_adaptive_sharpen,qasper,2235018692,0.0,qasper-1911.06964-1ff0fccf0dca95a6630380c84b0422bed854269a,1911.06964,475515570,7340032,64,3196669952,90313,103434
-4.099541664123535,0.3529411852359772,2,64,0,0.0,persistence,qasper,1603992473,0.0,qasper-1911.06964-1ff0fccf0dca95a6630380c84b0422bed854269a,1911.06964,571794067,7340032,64,3196678144,90313,19875
-4.109114646911621,0.23529411852359772,2,64,0,0.0,agreement,qasper,1633594288,0.3333333333333333,qasper-1911.06964-1ff0fccf0dca95a6630380c84b0422bed854269a,1911.06964,595936770,7340032,64,3190386688,90313,45615
-4.084743976593018,0.29411765933036804,2,64,0,0.0,community,qasper,2235018692,0.0,qasper-1911.06964-1ff0fccf0dca95a6630380c84b0422bed854269a,1911.06964,475515570,7340032,64,3196669952,90313,49383
-0.8357045650482178,0.9411764740943909,2,64,0,0.0,bridge_preserving,qasper,1628920382,0.3333333333333333,qasper-1911.06964-1ff0fccf0dca95a6630380c84b0422bed854269a,1911.06964,595203597,7340032,64,3190386688,90313,31006
-1.0807207822799683,0.8235294222831726,2,64,0,0.0,combined_structural,qasper,1497894595,0.3333333333333333,qasper-1911.06964-1ff0fccf0dca95a6630380c84b0422bed854269a,1911.06964,463322134,7340032,64,3190386688,90313,77758
-0.953545093536377,0.9411764740943909,2,64,0,0.0,oracle_evidence,qasper,1498001256,0.6666666666666666,qasper-1911.06964-1ff0fccf0dca95a6630380c84b0422bed854269a,1911.06964,466118487,7340032,64,3190386688,90313,78479
-0.8580818176269531,0.9411764740943909,4,128,0,0.0,base_topk,qasper,2780396918,0.6666666666666666,qasper-1911.06964-1ff0fccf0dca95a6630380c84b0422bed854269a,1911.06964,955382564,14680064,128,3190403072,90313,43244
-0.8580818176269531,0.9411764740943909,4,128,0,0.0,budget_tuned_topk,qasper,2780396918,0.6666666666666666,qasper-1911.06964-1ff0fccf0dca95a6630380c84b0422bed854269a,1911.06964,955382564,14680064,128,3190403072,90313,86933
-0.8580818176269531,0.9411764740943909,4,128,0,0.0,power_sharpen,qasper,2780396918,0.6666666666666666,qasper-1911.06964-1ff0fccf0dca95a6630380c84b0422bed854269a,1911.06964,955382564,14680064,128,3190403072,90313,56570
-0.8580818176269531,0.9411764740943909,4,128,0,0.0,entropy_adaptive_sharpen,qasper,2780396918,0.6666666666666666,qasper-1911.06964-1ff0fccf0dca95a6630380c84b0422bed854269a,1911.06964,955382564,14680064,128,3190403072,90313,105394
-0.966302216053009,0.9411764740943909,4,128,0,0.0,persistence,qasper,2085260969,0.3333333333333333,qasper-1911.06964-1ff0fccf0dca95a6630380c84b0422bed854269a,1911.06964,955929581,14680064,128,3190403072,90313,20625
-4.072795391082764,0.4117647111415863,4,128,0,0.0,agreement,qasper,2084867421,0.3333333333333333,qasper-1911.06964-1ff0fccf0dca95a6630380c84b0422bed854269a,1911.06964,953594454,14680064,128,3190403072,90313,67944
-4.072795391082764,0.4117647111415863,4,128,0,0.0,community,qasper,2084867421,0.3333333333333333,qasper-1911.06964-1ff0fccf0dca95a6630380c84b0422bed854269a,1911.06964,953594454,14680064,128,3190403072,90313,57555
-0.8580818176269531,0.9411764740943909,4,128,0,0.0,bridge_preserving,qasper,2780396918,0.6666666666666666,qasper-1911.06964-1ff0fccf0dca95a6630380c84b0422bed854269a,1911.06964,955382564,14680064,128,3190403072,90313,42199
-0.966302216053009,0.9411764740943909,4,128,0,0.0,combined_structural,qasper,2085260969,0.3333333333333333,qasper-1911.06964-1ff0fccf0dca95a6630380c84b0422bed854269a,1911.06964,955929581,14680064,128,3190403072,90313,69328
-1.0524951219558716,0.8823529481887817,4,128,0,1.0,oracle_evidence,qasper,2090835713,1.0,qasper-1911.06964-1ff0fccf0dca95a6630380c84b0422bed854269a,1911.06964,959127837,14680064,128,3190403072,90313,28489
-1.099147081375122,0.8823529481887817,6,192,0,1.0,base_topk,qasper,2977885183,1.0,qasper-1911.06964-1ff0fccf0dca95a6630380c84b0422bed854269a,1911.06964,1057507551,22020096,192,3190419456,90313,66456
-1.099147081375122,0.8823529481887817,6,192,0,1.0,budget_tuned_topk,qasper,2977885183,1.0,qasper-1911.06964-1ff0fccf0dca95a6630380c84b0422bed854269a,1911.06964,1057507551,22020096,192,3190419456,90313,67984
-1.099147081375122,0.8823529481887817,6,192,0,1.0,power_sharpen,qasper,2977885183,1.0,qasper-1911.06964-1ff0fccf0dca95a6630380c84b0422bed854269a,1911.06964,1057507551,22020096,192,3190419456,90313,83808
-1.099147081375122,0.8823529481887817,6,192,0,1.0,entropy_adaptive_sharpen,qasper,2977885183,1.0,qasper-1911.06964-1ff0fccf0dca95a6630380c84b0422bed854269a,1911.06964,1057507551,22020096,192,3190419456,90313,104505
-0.8776219487190247,0.9411764740943909,6,192,0,0.0,persistence,qasper,2279961530,0.3333333333333333,qasper-1911.06964-1ff0fccf0dca95a6630380c84b0422bed854269a,1911.06964,1056439243,22020096,192,3190419456,90313,22069
-4.173650741577148,0.3529411852359772,6,192,0,0.0,agreement,qasper,2280039076,0.3333333333333333,qasper-1911.06964-1ff0fccf0dca95a6630380c84b0422bed854269a,1911.06964,1055399875,22020096,192,3190419456,90313,56872
-4.169579029083252,0.29411765933036804,6,192,0,0.0,community,qasper,2280467989,0.3333333333333333,qasper-1911.06964-1ff0fccf0dca95a6630380c84b0422bed854269a,1911.06964,1055414618,22020096,192,3190419456,90313,69573
-1.099147081375122,0.8823529481887817,6,192,0,1.0,bridge_preserving,qasper,2977885183,1.0,qasper-1911.06964-1ff0fccf0dca95a6630380c84b0422bed854269a,1911.06964,1057507551,22020096,192,3190419456,90313,77367
-0.8776219487190247,0.9411764740943909,6,192,0,0.0,combined_structural,qasper,2279961530,0.3333333333333333,qasper-1911.06964-1ff0fccf0dca95a6630380c84b0422bed854269a,1911.06964,1056439243,22020096,192,3190419456,90313,71622
-1.099147081375122,0.8823529481887817,6,192,0,1.0,oracle_evidence,qasper,2977885183,1.0,qasper-1911.06964-1ff0fccf0dca95a6630380c84b0422bed854269a,1911.06964,1057507551,22020096,192,3190419456,90313,29740
-4.146903038024902,0.30434784293174744,2,64,0,0.0,base_topk,qasper,2489454738,0.16666666666666666,qasper-1912.01852-d6e353e0231d09fd5dcba493544d53706f3fe1ab,1912.01852,474007223,7340032,64,3205115904,90313,39779
-4.146903038024902,0.30434784293174744,2,64,0,0.0,budget_tuned_topk,qasper,2489454738,0.16666666666666666,qasper-1912.01852-d6e353e0231d09fd5dcba493544d53706f3fe1ab,1912.01852,474007223,7340032,64,3205115904,90313,66422
-4.146903038024902,0.30434784293174744,2,64,0,0.0,power_sharpen,qasper,2489454738,0.16666666666666666,qasper-1912.01852-d6e353e0231d09fd5dcba493544d53706f3fe1ab,1912.01852,474007223,7340032,64,3205115904,90313,71409
-4.146903038024902,0.30434784293174744,2,64,0,0.0,entropy_adaptive_sharpen,qasper,2489454738,0.16666666666666666,qasper-1912.01852-d6e353e0231d09fd5dcba493544d53706f3fe1ab,1912.01852,474007223,7340032,64,3205115904,90313,131425
-2.5922231674194336,0.3913043439388275,2,64,0,0.0,persistence,qasper,1782924799,0.16666666666666666,qasper-1912.01852-d6e353e0231d09fd5dcba493544d53706f3fe1ab,1912.01852,473776032,7340032,64,3205115904,90313,27287
-2.5922231674194336,0.3913043439388275,2,64,0,0.0,agreement,qasper,1782924799,0.16666666666666666,qasper-1912.01852-d6e353e0231d09fd5dcba493544d53706f3fe1ab,1912.01852,473776032,7340032,64,3205115904,90313,70208
-4.146903038024902,0.30434784293174744,2,64,0,0.0,community,qasper,2489454738,0.16666666666666666,qasper-1912.01852-d6e353e0231d09fd5dcba493544d53706f3fe1ab,1912.01852,474007223,7340032,64,3205115904,90313,30236
-4.117767333984375,0.3913043439388275,2,64,0,0.0,bridge_preserving,qasper,1779486879,0.16666666666666666,qasper-1912.01852-d6e353e0231d09fd5dcba493544d53706f3fe1ab,1912.01852,470787114,7340032,64,3194630144,90313,48817
-2.5922231674194336,0.3913043439388275,2,64,0,0.0,combined_structural,qasper,1782924799,0.16666666666666666,qasper-1912.01852-d6e353e0231d09fd5dcba493544d53706f3fe1ab,1912.01852,473776032,7340032,64,3205115904,90313,103134
-4.146903038024902,0.30434784293174744,2,64,0,0.0,oracle_evidence,qasper,2489454738,0.16666666666666666,qasper-1912.01852-d6e353e0231d09fd5dcba493544d53706f3fe1ab,1912.01852,474007223,7340032,64,3205115904,90313,34006
-2.542057991027832,0.47826087474823,4,128,0,0.0,base_topk,qasper,3090909356,0.3333333333333333,qasper-1912.01852-d6e353e0231d09fd5dcba493544d53706f3fe1ab,1912.01852,968448742,14680064,128,3194646528,90313,18634
-2.542057991027832,0.47826087474823,4,128,0,0.0,budget_tuned_topk,qasper,3090909356,0.3333333333333333,qasper-1912.01852-d6e353e0231d09fd5dcba493544d53706f3fe1ab,1912.01852,968448742,14680064,128,3194646528,90313,68364
-2.542057991027832,0.47826087474823,4,128,0,0.0,power_sharpen,qasper,3090909356,0.3333333333333333,qasper-1912.01852-d6e353e0231d09fd5dcba493544d53706f3fe1ab,1912.01852,968448742,14680064,128,3194646528,90313,73358
-2.542057991027832,0.47826087474823,4,128,0,0.0,entropy_adaptive_sharpen,qasper,3090909356,0.3333333333333333,qasper-1912.01852-d6e353e0231d09fd5dcba493544d53706f3fe1ab,1912.01852,968448742,14680064,128,3194646528,90313,138356
-2.6385092735290527,0.47826087474823,4,128,0,0.0,persistence,qasper,2382268603,0.3333333333333333,qasper-1912.01852-d6e353e0231d09fd5dcba493544d53706f3fe1ab,1912.01852,957242507,14680064,128,3194646528,90313,28719
-2.872589111328125,0.43478262424468994,4,128,0,0.0,agreement,qasper,2389034339,0.3333333333333333,qasper-1912.01852-d6e353e0231d09fd5dcba493544d53706f3fe1ab,1912.01852,958240180,14680064,128,3194646528,90313,51922
-2.6365725994110107,0.43478262424468994,4,128,0,0.0,community,qasper,2384481999,0.3333333333333333,qasper-1912.01852-d6e353e0231d09fd5dcba493544d53706f3fe1ab,1912.01852,956600753,14680064,128,3194646528,90313,56925
-2.4775941371917725,0.43478262424468994,4,128,0,0.0,bridge_preserving,qasper,2385206052,0.3333333333333333,qasper-1912.01852-d6e353e0231d09fd5dcba493544d53706f3fe1ab,1912.01852,961802296,14680064,128,3194646528,90313,70682
-2.6385092735290527,0.47826087474823,4,128,0,0.0,combined_structural,qasper,2382268603,0.3333333333333333,qasper-1912.01852-d6e353e0231d09fd5dcba493544d53706f3fe1ab,1912.01852,957242507,14680064,128,3194646528,90313,123548
-2.542057991027832,0.47826087474823,4,128,0,0.0,oracle_evidence,qasper,3090909356,0.3333333333333333,qasper-1912.01852-d6e353e0231d09fd5dcba493544d53706f3fe1ab,1912.01852,968448742,14680064,128,3194646528,90313,38328
-2.507565975189209,0.47826087474823,6,192,0,0.0,base_topk,qasper,3292224459,0.5,qasper-1912.01852-d6e353e0231d09fd5dcba493544d53706f3fe1ab,1912.01852,1056498861,22020096,192,3194662912,90313,20129
-2.507565975189209,0.47826087474823,6,192,0,0.0,budget_tuned_topk,qasper,3292224459,0.5,qasper-1912.01852-d6e353e0231d09fd5dcba493544d53706f3fe1ab,1912.01852,1056498861,22020096,192,3194662912,90313,54374
-2.507565975189209,0.47826087474823,6,192,0,0.0,power_sharpen,qasper,3292224459,0.5,qasper-1912.01852-d6e353e0231d09fd5dcba493544d53706f3fe1ab,1912.01852,1056498861,22020096,192,3194662912,90313,58721
-2.507565975189209,0.47826087474823,6,192,0,0.0,entropy_adaptive_sharpen,qasper,3292224459,0.5,qasper-1912.01852-d6e353e0231d09fd5dcba493544d53706f3fe1ab,1912.01852,1056498861,22020096,192,3194662912,90313,119732
-2.554746150970459,0.52173912525177,6,192,0,0.0,persistence,qasper,2596097954,0.5,qasper-1912.01852-d6e353e0231d09fd5dcba493544d53706f3fe1ab,1912.01852,1056725676,22020096,192,3194662912,90313,23117
-2.7346606254577637,0.47826087474823,6,192,0,0.0,agreement,qasper,2593135696,0.5,qasper-1912.01852-d6e353e0231d09fd5dcba493544d53706f3fe1ab,1912.01852,1056133641,22020096,192,3194662912,90313,66081
-2.507565975189209,0.47826087474823,6,192,0,0.0,community,qasper,3292224459,0.5,qasper-1912.01852-d6e353e0231d09fd5dcba493544d53706f3fe1ab,1912.01852,1056498861,22020096,192,3194662912,90313,65290
-2.56193470954895,0.43478262424468994,6,192,0,0.0,bridge_preserving,qasper,2596543463,0.5,qasper-1912.01852-d6e353e0231d09fd5dcba493544d53706f3fe1ab,1912.01852,1056215834,22020096,192,3194662912,90313,44414
-2.554746150970459,0.52173912525177,6,192,0,0.0,combined_structural,qasper,2596097954,0.5,qasper-1912.01852-d6e353e0231d09fd5dcba493544d53706f3fe1ab,1912.01852,1056725676,22020096,192,3194662912,90313,130755
-2.507565975189209,0.47826087474823,6,192,0,0.0,oracle_evidence,qasper,3292224459,0.5,qasper-1912.01852-d6e353e0231d09fd5dcba493544d53706f3fe1ab,1912.01852,1056498861,22020096,192,3194662912,90313,43533
-2.6966543197631836,0.4749999940395355,2,64,0,0.0,base_topk,qasper,6128184662,0.125,qasper-2002.04095-f8da63df16c4c42093e5778c01a8e7e9b270142e,2002.04095,484421994,7340032,64,3205296128,90313,74976
-2.6966543197631836,0.4749999940395355,2,64,0,0.0,budget_tuned_topk,qasper,6128184662,0.125,qasper-2002.04095-f8da63df16c4c42093e5778c01a8e7e9b270142e,2002.04095,484421994,7340032,64,3205296128,90313,53419
-2.6966543197631836,0.4749999940395355,2,64,0,0.0,power_sharpen,qasper,6128184662,0.125,qasper-2002.04095-f8da63df16c4c42093e5778c01a8e7e9b270142e,2002.04095,484421994,7340032,64,3205296128,90313,54653
-2.6966543197631836,0.4749999940395355,2,64,0,0.0,entropy_adaptive_sharpen,qasper,6128184662,0.125,qasper-2002.04095-f8da63df16c4c42093e5778c01a8e7e9b270142e,2002.04095,484421994,7340032,64,3205296128,90313,112582
-2.6966543197631836,0.4749999940395355,2,64,0,0.0,persistence,qasper,6128184662,0.125,qasper-2002.04095-f8da63df16c4c42093e5778c01a8e7e9b270142e,2002.04095,484421994,7340032,64,3205296128,90313,21604
-2.7348029613494873,0.4749999940395355,2,64,0,0.0,agreement,qasper,2820555677,0.125,qasper-2002.04095-f8da63df16c4c42093e5778c01a8e7e9b270142e,2002.04095,569578122,7340032,64,3205304320,90313,18698
-2.6966543197631836,0.4749999940395355,2,64,0,0.0,community,qasper,6128184662,0.125,qasper-2002.04095-f8da63df16c4c42093e5778c01a8e7e9b270142e,2002.04095,484421994,7340032,64,3205296128,90313,48484
-2.7982213497161865,0.4749999940395355,2,64,0,0.0,bridge_preserving,qasper,2941444411,0.0,qasper-2002.04095-f8da63df16c4c42093e5778c01a8e7e9b270142e,2002.04095,691384017,7340032,64,3205304320,90313,34506
-2.6966543197631836,0.4749999940395355,2,64,0,0.0,combined_structural,qasper,6128184662,0.125,qasper-2002.04095-f8da63df16c4c42093e5778c01a8e7e9b270142e,2002.04095,484421994,7340032,64,3205296128,90313,83661
-2.549168109893799,0.550000011920929,2,64,0,0.0,oracle_evidence,qasper,2714932020,0.25,qasper-2002.04095-f8da63df16c4c42093e5778c01a8e7e9b270142e,2002.04095,467303589,7340032,64,3205304320,90313,24695
-2.5479321479797363,0.5,4,128,0,0.0,base_topk,qasper,4032512356,0.375,qasper-2002.04095-f8da63df16c4c42093e5778c01a8e7e9b270142e,2002.04095,961097674,14680064,128,3205320704,90313,64143
-2.5479321479797363,0.5,4,128,0,0.0,budget_tuned_topk,qasper,4032512356,0.375,qasper-2002.04095-f8da63df16c4c42093e5778c01a8e7e9b270142e,2002.04095,961097674,14680064,128,3205320704,90313,65509
-2.5479321479797363,0.5,4,128,0,0.0,power_sharpen,qasper,4032512356,0.375,qasper-2002.04095-f8da63df16c4c42093e5778c01a8e7e9b270142e,2002.04095,961097674,14680064,128,3205320704,90313,90446
-2.5479321479797363,0.5,4,128,0,0.0,entropy_adaptive_sharpen,qasper,4032512356,0.375,qasper-2002.04095-f8da63df16c4c42093e5778c01a8e7e9b270142e,2002.04095,961097674,14680064,128,3205320704,90313,105770
-2.5836658477783203,0.4749999940395355,4,128,0,0.0,persistence,qasper,3320209827,0.375,qasper-2002.04095-f8da63df16c4c42093e5778c01a8e7e9b270142e,2002.04095,951305757,14680064,128,3205320704,90313,22163
-2.5479321479797363,0.5,4,128,0,0.0,agreement,qasper,4032512356,0.375,qasper-2002.04095-f8da63df16c4c42093e5778c01a8e7e9b270142e,2002.04095,961097674,14680064,128,3205320704,90313,48192
-2.5479321479797363,0.5,4,128,0,0.0,community,qasper,4032512356,0.375,qasper-2002.04095-f8da63df16c4c42093e5778c01a8e7e9b270142e,2002.04095,961097674,14680064,128,3205320704,90313,19560
-2.5560011863708496,0.5,4,128,0,0.0,bridge_preserving,qasper,3325284797,0.25,qasper-2002.04095-f8da63df16c4c42093e5778c01a8e7e9b270142e,2002.04095,959266665,14680064,128,3205320704,90313,31289
-2.5836658477783203,0.4749999940395355,4,128,0,0.0,combined_structural,qasper,3320209827,0.375,qasper-2002.04095-f8da63df16c4c42093e5778c01a8e7e9b270142e,2002.04095,951305757,14680064,128,3205320704,90313,105788
-2.5147311687469482,0.550000011920929,4,128,0,0.0,oracle_evidence,qasper,3331707610,0.5,qasper-2002.04095-f8da63df16c4c42093e5778c01a8e7e9b270142e,2002.04095,951908578,14680064,128,3205320704,90313,32651
-2.547405242919922,0.5,6,192,0,0.0,base_topk,qasper,4244845215,0.375,qasper-2002.04095-f8da63df16c4c42093e5778c01a8e7e9b270142e,2002.04095,1057563869,22020096,192,3205337088,90313,65072
-2.547405242919922,0.5,6,192,0,0.0,budget_tuned_topk,qasper,4244845215,0.375,qasper-2002.04095-f8da63df16c4c42093e5778c01a8e7e9b270142e,2002.04095,1057563869,22020096,192,3205337088,90313,68146
-2.547405242919922,0.5,6,192,0,0.0,power_sharpen,qasper,4244845215,0.375,qasper-2002.04095-f8da63df16c4c42093e5778c01a8e7e9b270142e,2002.04095,1057563869,22020096,192,3205337088,90313,71258
-2.547405242919922,0.5,6,192,0,0.0,entropy_adaptive_sharpen,qasper,4244845215,0.375,qasper-2002.04095-f8da63df16c4c42093e5778c01a8e7e9b270142e,2002.04095,1057563869,22020096,192,3205337088,90313,134866
-2.5551538467407227,0.4749999940395355,6,192,0,0.0,persistence,qasper,3549218932,0.375,qasper-2002.04095-f8da63df16c4c42093e5778c01a8e7e9b270142e,2002.04095,1058186282,22020096,192,3205337088,90313,28493
-2.5758988857269287,0.550000011920929,6,192,0,0.0,agreement,qasper,3543271590,0.625,qasper-2002.04095-f8da63df16c4c42093e5778c01a8e7e9b270142e,2002.04095,1057533320,22020096,192,3205337088,90313,58242
-2.5218636989593506,0.5,6,192,0,0.0,community,qasper,3545493767,0.5,qasper-2002.04095-f8da63df16c4c42093e5778c01a8e7e9b270142e,2002.04095,1055643532,22020096,192,3205337088,90313,70721
-2.545619010925293,0.5,6,192,0,0.0,bridge_preserving,qasper,3548856557,0.375,qasper-2002.04095-f8da63df16c4c42093e5778c01a8e7e9b270142e,2002.04095,1056484052,22020096,192,3205337088,90313,80351
-2.5551538467407227,0.4749999940395355,6,192,0,0.0,combined_structural,qasper,3549218932,0.375,qasper-2002.04095-f8da63df16c4c42093e5778c01a8e7e9b270142e,2002.04095,1058186282,22020096,192,3205337088,90313,124242
-1.9727710485458374,0.6000000238418579,6,192,0,0.0,oracle_evidence,qasper,3547731197,0.75,qasper-2002.04095-f8da63df16c4c42093e5778c01a8e7e9b270142e,2002.04095,1055900266,22020096,192,3205337088,90313,42538
